symbol,K,meta_Z,meta_p,consistency,n_up,n_dn,lfc_GSE267799_SMIR_DRG,lfc_GSE212311_CCI_DRG,lfc_GSE278227_CCI_DRG,lfc_GSE241361_S1R_DRG,lfc_GSE265957_Xtail_DRG_Day4,lfc_GSE265957_Xtail_DRG_Day63,meta_FDR,incision_lfc,concordant_incision
ATF3,6,10.53326478722921,6.069223687690905e-26,1.0,6,0,0.8014242533721352,2.920452272182585,4.925770655181511,5.88876790319457,0.125973348030828,0.17803025738584,1.0045779047865986e-21,0.8014242533721352,True
SMAGP,3,9.658244811858399,4.535681251860115e-22,1.0,3,0,,1.3964502593917612,2.992104809907798,0.931957338878117,,,3.753729804039431e-18,,False
CDHR5,4,9.387908146128746,6.120367132396514e-21,1.0,4,0,0.4295934460296509,0.7355602436243904,2.6200538765555264,0.06614079181153774,,,3.376810559180903e-17,0.4295934460296509,True
NPY,6,9.274639430845195,1.7822080875809073e-20,1.0,6,0,0.3021868119271387,5.180143696372307,7.313084139062974,6.941345313228696,2.24414581304928,0.490574252779882,7.313980298692532e-17,0.3021868119271387,True
FLRT3,6,9.251705143719247,2.209394725317947e-20,1.0,6,0,0.45656869019742174,1.3973470688836174,2.8447620650159635,3.644446065030338,0.333408808369606,0.137353762819883,7.313980298692532e-17,0.45656869019742174,True
ADCYAP1,6,8.953599534156496,3.4407534836871653e-19,1.0,6,0,0.42538853933995213,1.0437114419758107,2.1039958842865616,1.5474812829758777,0.386563512616042,0.200587294664454,9.491891943664992e-16,0.42538853933995213,True
TGM1,4,8.862104292407663,7.851809335175917e-19,1.0,4,0,0.2321264576292077,1.8971112318209717,4.546891661370772,0.5083675443397058,,,1.8566164016547395e-15,0.2321264576292077,True
CCKBR,6,8.708672506181037,3.0745415826204766e-18,1.0,6,0,0.6672885687721315,1.4021121255739812,3.115192097136335,4.520464736310226,0.240669810741481,1.49576896764776,6.361226534441766e-15,0.6672885687721315,True
BASP1,5,8.626499033067628,6.3258536268941275e-18,0.8,4,1,,0.39662990225441597,0.7812137336180642,0.9421249517328203,0.249039255155673,-0.0023015063299922,1.1633947692483512e-14,,False
IL13RA1,5,8.590499002035672,8.659242237788759e-18,0.8,4,1,,0.7592836921577453,1.3649145890030496,1.5618166061369756,-0.135969294193238,0.0931386813623045,1.4332777751987952e-14,,False
TMSB4X,5,8.467141059021296,2.514894585312217e-17,1.0,5,0,,0.23450543171154692,0.35597377612337766,0.6419217793331153,0.328480779971697,0.332229458958994,3.7842304705534375e-14,,False
ABCA1,6,8.429643908012608,3.467186527904664e-17,1.0,6,0,0.35314303139732317,0.6906404543927542,1.2950322500396512,1.743851358718615,0.244706074554383,0.0738478761067489,4.782405950823167e-14,0.35314303139732317,True
NPY2R,5,8.37685170193698,5.436227411743306e-17,1.0,5,0,,0.8271299617652672,1.1686565329373484,0.6867586091419327,0.420164172535581,0.394229057749409,6.921572009167323e-14,,False
SOX11,5,8.269494782161763,1.3452786255215828e-16,0.8,4,1,,1.374267923514592,2.6830632034179667,3.026108989535064,0.123233257585247,-0.188139530176247,1.3916907381020774e-13,,False
ARG1,4,8.235905775493963,1.782041533878639e-16,1.0,4,0,0.2568901631996874,0.9604326193731302,2.884797812629242,0.4887738226778376,,,1.7350794981623076e-13,0.2568901631996874,True
SPRR1A,6,8.184072579515615,2.744086648578886e-16,1.0,6,0,0.4976966948212072,1.8430928418640131,3.322057386159534,9.0377508539142,0.0359231856255819,0.028922924383846,2.52334012262654e-13,0.4976966948212072,True
JUN,6,8.172771499280698,3.013844715656113e-16,0.8333333333333334,5,1,0.2619751576152911,1.0245329867055641,1.811709615739054,-0.3453428682370232,0.337926454802583,0.072247079985446,2.5965161883619686e-13,0.2619751576152911,True
SEMA3C,6,8.16792437537924,3.137404770857864e-16,1.0,6,0,0.2643900108735133,0.6082343121563598,0.8630118357351488,0.7560621060335988,0.238808139890763,0.481910947621104,2.5965161883619686e-13,0.2643900108735133,True
MAP2K6,6,-8.159176445880794,3.3731658289792323e-16,1.0,0,6,-0.26959305696737346,-0.17096485466053668,-0.6378965068588567,-0.17416441551992756,-0.214248031792033,-0.561431160401241,2.6586971810125836e-13,-0.26959305696737346,True
RND1,6,8.102102297927827,5.401749112914164e-16,1.0,6,0,0.3436454387222443,0.4449553612608692,0.8032446222150575,1.5158145775781409,0.895669278789044,0.719752179104436,4.0640796053161475e-13,0.3436454387222443,True
SEMA6A,6,8.036670405498436,9.231253919151154e-16,1.0,6,0,0.2634151716714799,1.1801484892901062,2.6784614236184785,3.127585723784508,0.117134687002438,0.248934380086526,6.643291950860431e-13,0.2634151716714799,True
TNIK,6,7.999737477103922,1.2468475759984608e-15,0.8333333333333334,5,1,0.47846972958525136,0.5652199155103403,1.9701079675861601,1.8169506595706517,0.0,0.191785147966413,8.586536666536732e-13,0.47846972958525136,True
MAP7D1,6,7.994889319094008,1.2969031939549197e-15,0.8333333333333334,5,1,0.2830932700372921,0.27476813545491563,0.6117917683229441,0.9856232192164773,0.0188590718482559,-0.117713434326915,8.586536666536732e-13,0.2830932700372921,True
STMN2,6,7.868078735282327,3.601289160109287e-15,1.0,6,0,0.4528615494342372,0.3403900492626448,0.6102914795831023,1.132865480126945,0.232921141933546,0.109265405358324,2.1288763635046044e-12,0.4528615494342372,True
FOSL1,3,7.85637071789451,3.954235978934085e-15,1.0,3,0,,0.1983754220053895,1.2852777228867003,0.42207324289438575,,,2.256914273217827e-12,,False
GFAP,6,7.783492512349881,7.0549330108699376e-15,1.0,6,0,0.8065469776406613,0.7996260630492893,2.0660840526389856,1.3674538377335965,0.391869345002805,0.712988301842957,3.766879070836103e-12,0.8065469776406613,True
TSLP,4,7.750069089345706,9.18425649792725e-15,1.0,4,0,0.22196811925069682,1.5074282796968292,3.197706720847881,0.4755890887015455,,,4.489793010948616e-12,0.22196811925069682,True
LNP1,4,7.748849214448371,9.272904938427045e-15,1.0,4,0,0.15938929768587434,0.4515048650450454,1.615237129037877,0.09362552956884641,,,4.489793010948616e-12,0.15938929768587434,True
TPH2,4,7.745857639396011,9.493883239681099e-15,1.0,4,0,0.38024001485006265,0.8931015839466165,2.27980309640434,0.3029302881732592,,,4.489793010948616e-12,0.38024001485006265,True
PROKR2,5,7.740885728038011,9.87266022360476e-15,1.0,5,0,,0.621652360460119,0.8686832117469723,1.2487360956505462,0.11427025305737,0.411595507005815,4.539229778364056e-12,,False
LCE1F,3,7.708512930505901,1.2729222503756369e-14,1.0,3,0,,1.633511686293846,3.5427258790179605,0.17052693918350842,,,5.694434888707444e-12,,False
TNFAIP1,6,7.693225641396783,1.434711641814237e-14,1.0,6,0,0.13555498626237483,0.14722163148614165,0.31011078116704116,0.5204482046774226,0.111272405497089,0.0426406095819498,6.2493018671866445e-12,0.13555498626237483,True
PTPN5,6,7.661346179834125,1.8399415808283642e-14,1.0,6,0,0.8332650902217096,1.1176585851523484,2.0641724354027198,1.366260555096571,0.179582280850955,0.004200854505175,7.808900780992587e-12,0.8332650902217096,True
GDPD5,6,7.646893217141569,2.058931641619657e-14,1.0,6,0,0.33851805276797453,0.41780678568861696,0.657638734824677,0.3073897842900726,0.0359367631923535,0.106950314758093,8.51985913302214e-12,0.33851805276797453,True
TPRG1L,4,7.641952690460146,2.139517981678121e-14,1.0,4,0,0.2653684675425687,0.32677143555991073,0.5027926728780283,0.13855376150833187,,,8.637390642130795e-12,0.2653684675425687,True
RASSF10,5,7.6306307710849595,2.3360786163780548e-14,1.0,5,0,,0.4637811644423009,1.5368073485711422,0.1339847655956703,0.42020270857813,0.270771254968004,9.206374585307039e-12,,False
SPATA18,4,7.624497787728377,2.4498626780029097e-14,1.0,4,0,0.24990146526609225,0.5347183152795969,1.4735818331378785,0.28525032395126504,,,9.263226201107126e-12,0.24990146526609225,True
CD200,6,7.620937553310149,2.518397650131831e-14,1.0,6,0,0.1470218229512268,0.23530305996143763,0.4633024790361402,0.43594187667427864,0.323701912477438,0.0197679754297428,9.263226201107126e-12,0.1470218229512268,True
VIP,4,7.61605760891077,2.6154099406835162e-14,1.0,4,0,1.5875816153886109,2.067887816601628,5.142724210333087,0.04539199918618052,,,9.410927247433383e-12,1.5875816153886109,True
CRLF1,6,7.598602062163529,2.993467215714365e-14,1.0,6,0,0.5113300646550152,0.4063678111315112,1.0348280803993068,1.438369611662365,0.945450268827838,0.51811611761616,1.040729144158739e-11,0.5113300646550152,True
TPBGL,5,-7.590941120451458,3.1759025368926107e-14,1.0,0,5,,-0.5587532830094832,-1.0138742847807087,-1.3668361393392066,-0.286979853307867,-0.500381629924519,1.0607906866447803e-11,,False
CBLN2,6,7.589782931739676,3.2044184589317914e-14,1.0,6,0,0.5985527583664085,0.7662733081014865,1.3033128232497937,1.1477944465045482,0.0903940823862444,0.0935557012763271,1.0607906866447803e-11,0.5985527583664085,True
SMAD1,6,7.584908319506559,3.3272224717793174e-14,0.8333333333333334,5,1,0.2579426272302676,0.46231307539347544,1.2022506047637647,1.279965602710453,0.144594882496702,-0.024404666622089,1.079846791233162e-11,0.2579426272302676,True
PDE6B,5,7.578782444272524,3.488128450376582e-14,1.0,5,0,0.058651215290744574,1.5995436050024836,2.669219201242436,1.8618086356182015,1.82239868172435,,1.1102981175121765e-11,0.058651215290744574,True
GAP43,6,7.553228825691028,4.245980376658734e-14,1.0,6,0,0.35632048247473946,1.003698184381455,1.6713809814405929,2.1316172782627127,0.143944600951205,0.0144464279308991,1.3014716147121365e-11,0.35632048247473946,True
TLE3,6,7.542575522892195,4.607791009828302e-14,0.8333333333333334,5,1,0.15878982454760937,0.33171074686747914,0.7357660692358969,0.7148577618709799,0.046329640602937,-0.149285617923433,1.3866937599032372e-11,0.15878982454760937,True
RNF19B,6,7.537411306443366,4.793924676162185e-14,1.0,6,0,0.37168784204056227,0.2387034466154221,0.8119504785923617,1.2191656467915077,0.105834162895018,0.0275842327986124,1.4098823665245024e-11,0.37168784204056227,True
CHL1,6,7.534427757130038,4.9048095713943447e-14,0.8333333333333334,5,1,0.4542070728050822,0.5178145501915594,1.1412883211833762,1.898412216405121,-0.216003171209947,0.147017427805602,1.4098823665245024e-11,0.4542070728050822,True
HAMP,4,7.533484698122759,4.94038045302206e-14,1.0,4,0,0.16738559042458864,2.7185669152535534,3.087631266473746,0.480187771228462,,,1.4098823665245024e-11,0.16738559042458864,True
PVR,6,7.526638332070243,5.206331838750954e-14,1.0,6,0,0.21043255678819062,0.7618329656821636,1.9961877368307999,0.9804324183720099,0.155698044040117,0.0051878042286808,1.4605966880509457e-11,0.21043255678819062,True
CLDN23,4,7.517976988166339,5.563029065924798e-14,1.0,4,0,0.2995521067753091,0.41168559351308465,0.8120061249046637,0.6021919096607975,,,1.5346542849864543e-11,0.2995521067753091,True
PTPRH,4,7.460491537881527,8.620029190991916e-14,1.0,4,0,0.840438405303135,0.6310612573481775,4.992133988367855,0.24924779714912593,,,2.3012697285370677e-11,0.840438405303135,True
HS2ST1,6,7.442428536701762,9.885093750604825e-14,1.0,6,0,0.1509353879884605,0.4130603741537344,0.7862077023136029,0.4280326233672147,0.0553987524895931,0.0261428406086299,2.597112250158906e-11,0.1509353879884605,True
PID1,5,7.428617537004114,1.0973854390466311e-13,0.8,4,1,,0.24716418518300687,0.6278550830545813,0.33586343110137573,0.481816134333768,0.0,2.8381130917343496e-11,,False
GADD45A,6,7.4131075362756,1.2337376569179785e-13,1.0,6,0,0.19075216347575008,1.9184688931790528,2.4354733383268528,0.7648591242305982,0.0738799822457671,0.356336812132553,3.141665491893289e-11,0.19075216347575008,True
GABRB1,6,7.402731869641894,1.3341095953476878e-13,1.0,6,0,0.17873744320255228,0.3597283426742761,1.2991576560635256,0.4712574672464189,0.49168585876552,0.459403260193293,3.284925120607748e-11,0.17873744320255228,True
GPR88,4,7.401205765832433,1.3495342448122697e-13,1.0,4,0,0.3857190632068046,0.4739266783730769,1.7370109727088798,0.0608106644803349,,,3.284925120607748e-11,0.3857190632068046,True
CALB2,5,-7.378683038398587,1.598629031541227e-13,1.0,0,5,,-0.31355566934011847,-0.6122885675046534,-0.9789981098885239,-1.27589827978832,-1.88396445476434,3.780072532867198e-11,,False
COL7A1,5,7.353374643292987,1.9326425589950224e-13,0.8,4,1,0.25444865593789756,0.20534654743781414,2.0897938769272653,1.011486497468026,-1.02057436493403,,4.505506991054311e-11,0.25444865593789756,True
SCUBE2,5,7.314947447725538,2.574821392485572e-13,1.0,5,0,0.4445924206426082,0.385429988429543,1.2189072165233648,0.2466255317156829,0.158306827320422,,5.919228290058497e-11,0.4445924206426082,True
CCDC172,6,7.27419838334003,3.4848355179842563e-13,0.8333333333333334,5,1,0.5102657062769629,0.9393178296819797,1.7211597740950193,0.4195508467983724,-0.293304825371109,0.0134623904920446,7.690799665823389e-11,0.5102657062769629,True
KLF6,6,7.269486163448314,3.6085748191324214e-13,0.8333333333333334,5,1,0.1509989169547712,0.2675553762552205,0.6360368042231785,1.2480599915430917,0.356731470583543,-0.0002800611377327,7.859096106089452e-11,0.1509989169547712,True
DLGAP4,6,7.261246602417413,3.83538967484182e-13,0.8333333333333334,5,1,0.26540556321851483,0.27233362633234703,0.5898582126342671,0.5378334204103261,0.0315901946991639,-0.2824012925161,8.24459349324439e-11,0.26540556321851483,True
CRISP3,4,7.244193865398917,4.3501880542680834e-13,1.0,4,0,1.0874590053139734,2.488479956042174,3.961168029718933,0.0315500132608681,,,9.231322137723759e-11,1.0874590053139734,True
PARP3,6,7.240866649371789,4.458265953042732e-13,0.8333333333333334,5,1,-0.04829375797674551,0.7035578016709239,1.351516562680949,0.8982052502284894,0.116265332515252,0.181763801072763,9.34091367781814e-11,-0.04829375797674551,False
DRD2,4,7.226497524028205,4.956096592009498e-13,1.0,4,0,1.0752010717239004,0.5215810113464183,1.1985451573802894,0.9544536974751583,,,1.0170107241096196e-10,1.0752010717239004,True
FLNC,6,7.225928017452296,4.976913282556742e-13,1.0,6,0,0.36255468354170883,0.5463316357090051,1.8819891392153152,1.7069347521267284,0.212212294675423,0.139512339776852,1.0170107241096196e-10,0.36255468354170883,True
PHC2,6,7.208655002825707,5.650722458574401e-13,0.8333333333333334,5,1,0.19063669534555494,0.10277749194031749,0.36893341000818136,0.28614310384497976,0.14413507749741,-0.0011206448036946,1.1292214043454115e-10,0.19063669534555494,True
SRXN1,5,7.207862070997485,5.683715695401269e-13,0.8,4,1,0.34626922437329233,,0.9738578932397193,1.7149034797087737,-0.103647935678566,0.122448518065801,1.1292214043454115e-10,0.34626922437329233,True
BOK,4,7.206740580525747,5.730703115334375e-13,1.0,4,0,0.20256788824406335,0.19027581791424053,0.8866459858108309,0.22411893841730013,,,1.1292214043454115e-10,0.20256788824406335,True
WDR1,6,7.159465874387054,8.09920029627106e-13,0.8333333333333334,5,1,0.10234226918110423,0.26592667110176205,0.49635466421641894,0.5047285838647433,0.0701617528769218,-0.0772322320706809,1.5408961299296388e-10,0.10234226918110423,True
IL6,4,7.1463322851504465,8.912716424320732e-13,1.0,4,0,0.17261746515799647,0.7910673967306602,1.9013847622075173,0.9051822846932769,,,1.6711175825208262e-10,0.17261746515799647,True
CYP1B1,6,7.138869840681677,9.410138530719105e-13,1.0,6,0,0.1023009530189185,0.5224980595065949,1.1456297865592084,1.5297363521485874,0.159850120907785,0.590710606493991,1.7306290328940294e-10,0.1023009530189185,True
STMN4,6,7.125083893095882,1.0401731255173399e-12,0.8333333333333334,5,1,0.47704239570777585,1.2949142854574167,2.521533184535066,3.1840887361790284,0.0517227321975126,-0.143992477987039,1.8919720410508802e-10,0.47704239570777585,True
SRRM4,6,7.119628411690678,1.082184219031933e-12,1.0,6,0,0.8312382816653401,0.36533066349767673,0.7950765953304404,1.6731740764017249,0.0954915779822763,0.204677598291406,1.9469905645017995e-10,0.8312382816653401,True
GABRA5,5,7.11209053058526,1.142982431414591e-12,1.0,5,0,0.28515226064974275,,2.0700957420606354,0.42691152499584284,0.23665842008734,0.58820609289,2.0342629252445494e-10,0.28515226064974275,True
PRR18,3,7.108351928576292,1.1743679753755544e-12,1.0,3,0,,0.3165795163134162,0.9598046623228651,0.26038018508726,,,2.0678870987676783e-10,,False
RAB31,6,7.095455322898882,1.2892630062974716e-12,0.8333333333333334,5,1,0.04459186898135403,0.3441868644130408,0.7616833127228322,0.809993186859268,-0.224292897306796,0.0830567626808243,2.246303292656395e-10,0.04459186898135403,True
GAS7,6,7.092218516909329,1.3197889583604455e-12,1.0,6,0,0.23419185075090443,0.3794572437412147,0.7813627608784781,0.5263229134410894,0.0643162093777798,0.0722637815826288,2.2755361290398014e-10,0.23419185075090443,True
MCAM,6,7.063232937562041,1.6267268561055498e-12,0.8333333333333334,5,1,0.28382094706517336,0.09554943856500042,0.47403582401405053,0.4697782712750458,0.352891264026104,-0.0606171711948069,2.6860033303142675e-10,0.28382094706517336,True
CHODL,6,-7.062189353282962,1.638994298947203e-12,1.0,0,6,-0.566311769223987,-0.43127394977924904,-1.0361752481080018,-0.9702943961815724,-0.140514659995523,-0.325031570710321,2.6860033303142675e-10,-0.566311769223987,True
GGT5,5,7.021913339655409,2.1885027091480826e-12,0.8,4,1,0.3137403416079678,,1.3772132722614314,0.90636812385433,-0.181828013776745,0.190991558332196,3.449913984935149e-10,0.3137403416079678,True
MMP16,6,7.018471218943303,2.2430894792547303e-12,0.8333333333333334,5,1,-0.04136910216980949,1.0061885805622013,1.5389738894650673,2.6784971084689144,0.0634137050257146,0.623821995417257,3.502605383077764e-10,-0.04136910216980949,False
MAFA,6,-7.00332770363652,2.499532527682568e-12,1.0,0,6,-0.05572049099476084,-0.47842502478872384,-0.9327090103459454,-0.5128959713439425,-1.23258067716988,-0.454981976371339,3.866566579271203e-10,-0.05572049099476084,True
GPRIN1,6,6.997622986641561,2.6034150539494084e-12,0.8333333333333334,5,1,0.48083831472221794,0.3794511457707641,0.967803508621488,0.7594320628327131,0.130908931200421,-0.18072255942351,3.9686294241498056e-10,0.48083831472221794,True
MMP19,6,6.997083026746501,2.6134642776240262e-12,0.8333333333333334,5,1,0.414169423818906,0.8286287546839957,1.614342141448803,-0.2302564503637643,0.228751784735079,0.0807512531278918,3.9686294241498056e-10,0.414169423818906,True
GET1,4,6.988769752141368,2.773070797920835e-12,1.0,4,0,0.1203613856893222,0.27005752819028395,0.5487268627605699,0.3830590061337231,,,4.1727152588350605e-10,0.1203613856893222,True
PADI3,4,6.968614467313087,3.2007749798494622e-12,1.0,4,0,0.147344182962584,0.4427903344608467,1.957080154150786,0.4300485121838078,,,4.703920815404325e-10,0.147344182962584,True
TFE3,6,6.946197241433462,3.7526401290468605e-12,0.8333333333333334,5,1,0.3204109436877136,0.07681185715875838,0.29039196276534884,0.5577725219629359,0.0463287524562628,-0.176873298117924,5.417197199639376e-10,0.3204109436877136,True
ACVR1,6,6.94577956668964,3.7637607416537465e-12,1.0,6,0,0.015032279614710653,0.32867782196626294,0.6411162353758577,1.551345051864569,0.164522121349661,0.111393947661484,5.417197199639376e-10,0.015032279614710653,True
NFIL3,6,6.920477368102811,4.501242295413159e-12,1.0,6,0,0.04003979561497095,0.4575566635498678,1.7429729141585053,1.7232031623587303,0.238342124424204,0.124105135643125,6.341721886975963e-10,0.04003979561497095,True
SERPINE1,6,6.919855555636426,4.521043877858649e-12,1.0,6,0,0.3423986005775981,0.47156071433625235,1.6531309326531192,2.527837547151697,0.114217613780187,0.39964976990348,6.341721886975963e-10,0.3423986005775981,True
EHBP1,6,6.9172943489408665,4.603509491384951e-12,1.0,6,0,0.13395983879743412,0.22262616977259997,0.45903298246128443,0.48949486485408844,0.318509964608724,0.111768761260209,6.351364957155424e-10,0.13395983879743412,True
GCH1,6,6.917258847931839,4.6046628495568565e-12,0.8333333333333334,5,1,0.2328377896529774,1.008606096563792,2.2617953145470007,0.6134474044625051,-0.226915086668558,0.178299105080546,6.351364957155424e-10,0.2328377896529774,True
CLN8,6,6.912183397632171,4.7725028515478154e-12,0.8333333333333334,5,1,0.21001745693652696,0.3636456355179747,0.5708059504452869,0.575804736230209,-0.111678174670085,0.248724897311343,6.528468363538796e-10,0.21001745693652696,True
PHACTR2,6,6.909601478885766,4.860170980868742e-12,0.8333333333333334,5,1,0.3426710900637202,0.25804916879300155,0.8004518372162881,0.9886735724471043,0.0476648876815237,-0.0195757031683554,6.593897547158969e-10,0.3426710900637202,True
TMPRSS11F,4,6.887506714207672,5.67786942193972e-12,1.0,4,0,0.17732227911679022,0.23848155500967544,0.8736614126432287,2.760361060422043,,,7.640658103410264e-10,0.17732227911679022,True
MEGF11,6,6.885046528659756,5.776865020450059e-12,0.8333333333333334,5,1,0.493488239004912,0.34772016709424974,1.315648995370823,-0.2126164799174295,0.2208377765987,0.0346688581771799,7.659883521951205e-10,0.493488239004912,True
ANTXR2,6,6.884853304200588,5.784711456282628e-12,1.0,6,0,0.10924313076189929,0.292928385269434,0.6685678198430107,0.545853829510663,0.139161778105552,0.510379090752587,7.659883521951205e-10,0.10924313076189929,True
MAN1A1,3,6.869725214678351,6.432568894207192e-12,1.0,3,0,0.2907565443704092,0.3331798033720914,0.9756296549169976,,,,8.318115651321674e-10,0.2907565443704092,True
HAO1,4,6.845930700255598,7.598025582646058e-12,1.0,4,0,0.040235842149159554,0.12442576985520343,0.6437684495431298,1.344305108679893,,,9.674039957227504e-10,0.040235842149159554,True
DYRK3,6,6.842598526107726,7.776938092226505e-12,0.8333333333333334,5,1,0.4105192636586894,0.390812670998958,1.0349949676637693,-0.03568351954327076,0.367438527880049,0.345056664742723,9.75180903807069e-10,0.4105192636586894,True
PHLDB3,4,6.83607579290644,8.13918933513519e-12,1.0,4,0,0.0439987753233817,0.33975318767293816,1.8552401656799087,0.19595879162481505,,,1.0088804810917202e-09,0.0439987753233817,True
IL4R,3,6.835576461002872,8.16759210163669e-12,1.0,3,0,0.018743421210670075,0.5940824869357386,1.5738066440280085,,,,1.0088804810917202e-09,0.018743421210670075,True
VTCN1,4,6.829334631696356,8.53093711096212e-12,1.0,4,0,0.20680714154256782,1.082566895879707,2.3521251866241912,0.2630585612591837,,,1.0457876680490146e-09,0.20680714154256782,True
SERPINA1,3,6.827480149412424,8.641908023821436e-12,1.0,3,0,0.11162378432213682,1.243172016982926,1.4239594757683314,,,,1.0457876680490146e-09,0.11162378432213682,True
CASP3,6,6.827247527337183,8.655927411957164e-12,0.8333333333333334,5,1,-0.021708668842110868,0.40888582851272837,1.1095251324561501,1.3195117931478944,0.185619301160482,0.0988882279558201,1.0457876680490146e-09,-0.021708668842110868,False
MMD,6,6.817012355517579,9.295327310512004e-12,0.8333333333333334,5,1,0.5488009027434622,1.1410507646718937,1.3980558088046653,-0.9325812543788468,0.179055452127972,0.0524823517428885,1.114900417707208e-09,0.5488009027434622,True
CDC25C,4,6.784881950041209,1.1618147135290917e-11,1.0,4,0,0.18610403676657405,0.3778581973246453,0.6922794688275209,0.4132368458645217,,,1.383459164052811e-09,0.18610403676657405,True
CHRNA1,4,6.781800510244743,1.1868728932787528e-11,1.0,4,0,0.22320438391826425,0.5910998341324237,1.2871122797672467,0.04137461007875087,,,1.383459164052811e-09,0.22320438391826425,True
SSH1,6,6.776469636571032,1.2314792721024989e-11,0.8333333333333334,5,1,0.3335208643801604,0.07136613654941426,0.557701131192311,0.47596052605942507,0.239402193628821,-0.0699926848853325,1.4254157281007385e-09,0.3335208643801604,True
PAQR4,5,-6.7720518369337865,1.2696862689762062e-11,1.0,0,5,,-0.1735624725620042,-0.3487670511037564,-1.7057527420649237,-0.204699186021357,-0.230789108395987,1.4594338280620948e-09,,False
ITPKC,6,6.761580377884408,1.3649455598816991e-11,0.8333333333333334,5,1,0.20421218125286034,0.46809077977802827,1.4763207823422353,0.04244907811158827,-0.193240215559477,0.0460353705749132,1.5581088901490955e-09,0.20421218125286034,True
AGTPBP1,5,6.75117059683932,1.4665703235440806e-11,1.0,5,0,0.22953672601983932,0.2207017213061242,0.35615851198090986,,0.23798900554448,0.161299238363826,1.6626487668014811e-09,0.22953672601983932,True
PVALB,6,-6.745787278515959,1.521994696435881e-11,1.0,0,6,-0.6763500497050767,-0.6638957372584278,-0.5823512764485859,-0.5862309234037992,-0.0720673517898212,-0.559592419961314,1.7021659605004527e-09,-0.6763500497050767,True
C1QC,5,6.732420412854757,1.6686366488320315e-11,0.8,4,1,,0.9020494386477691,1.5177320726925667,1.822032672358377,-0.0824673402120046,0.116265814810584,1.841284920764519e-09,,False
COL27A1,6,6.726059154468354,1.7431971965862294e-11,1.0,6,0,0.44946644014465065,0.13368091844005003,0.4392463544046974,0.46538466946451695,1.35185968852417,0.328014374786633,1.9108211919135938e-09,0.44946644014465065,True
UHRF1BP1L,4,6.716030727581087,1.8674143115352778e-11,1.0,4,0,,0.12444130352924176,0.35412768688576435,,0.0904263269860037,0.157314648570811,2.0094896605025234e-09,,False
ANKRD9,5,-6.715857724583719,1.8696315111007046e-11,0.8,1,4,,-0.3825606641470134,-0.2540839548853935,0.03154721923931181,-0.395613721687981,-0.618312182692279,2.0094896605025234e-09,,False
HPSE,6,-6.706766146063652,1.989847609980585e-11,1.0,0,6,-0.02856178313570812,-0.5909425211820021,-1.0681911189411228,-0.4766832981542781,-1.07001141879038,-0.630317081340571,2.124900492928945e-09,-0.02856178313570812,True
TLL1,6,-6.696015908614374,2.1417841731438828e-11,1.0,0,6,-0.028982885229623,-0.4516445993843028,-0.9482689386972307,-0.5042751868596969,-0.462769740981121,-0.630825972226695,2.2692798869019145e-09,-0.028982885229623,True
IL24,4,6.695288151806209,2.1524706515442276e-11,1.0,4,0,0.08992270585912968,1.2570273829304381,2.9590952029572253,1.0982661143396077,,,2.2692798869019145e-09,0.08992270585912968,True
TES,6,6.6922177614842395,2.198134286606133e-11,0.8333333333333334,5,1,0.10387794131333994,0.16476804300632963,0.4836554305337364,1.639323655111205,0.301325793531655,-0.0271884353680667,2.2916701311949395e-09,0.10387794131333994,True
ATG12,5,6.692000647215743,2.2013989297969755e-11,0.8,4,1,,0.3712845054568872,0.6586264246781006,0.2643887612703928,-0.197042104376662,0.0419580524806364,2.2916701311949395e-09,,False
TNFRSF21,6,6.687790463462385,2.2656521606942845e-11,0.8333333333333334,5,1,0.34292016104973655,0.3822926359612797,0.6916122037456791,0.4270472465258379,0.0294354753422136,-0.153097174889553,2.323758491571249e-09,0.34292016104973655,True
NIBAN2,4,6.68396613636482,2.3256056755921937e-11,1.0,4,0,0.2790151114577588,0.1739702620096617,0.6346043348273636,0.9282198324862723,,,2.354925167320317e-09,0.2790151114577588,True
OS9,6,6.683482366868152,2.3332994649621313e-11,0.8333333333333334,5,1,0.23009696367932175,0.14018792013399262,0.541332726737731,0.4209702260650481,0.067232071387773,-0.158998473152455,2.354925167320317e-09,0.23009696367932175,True
LRRFIP1,6,6.679293940275979,2.4009616791947828e-11,1.0,6,0,0.10221962365529613,0.19077162760026534,0.6896897971086462,0.4968296962771621,0.242998822922335,0.0083346804691211,2.4046594864354755e-09,0.10221962365529613,True
ARNT2,6,6.673618164350508,2.495724555334971e-11,0.8333333333333334,5,1,0.4478100065902355,0.19556576642985135,0.5251925959526202,-1.2317087426894755,0.0556933813062513,0.0698302617324593,2.4736067568805056e-09,0.4478100065902355,True
GLIPR2,6,6.66709821760551,2.609104975711565e-11,1.0,6,0,0.15307688746182935,0.5853862903941192,0.7521817310983399,0.7924896450076764,0.270110174550114,0.0081563136901681,2.5553790270992794e-09,0.15307688746182935,True
TSPYL4,5,-6.661445357966531,2.711476110735427e-11,0.8,1,4,,-0.3162929971230266,-0.73677926405247,-2.4809824586777136,-0.115787119430732,0.0900600995643464,2.6323508071907735e-09,,False
PLIN2,6,6.661011040354183,2.7195021026439237e-11,0.8333333333333334,5,1,0.08826077628057849,0.3576921429812421,0.6814981550896384,1.9189932011443656,0.150486492643365,-0.0881599343831538,2.6323508071907735e-09,0.08826077628057849,True
RUNDC3A,6,6.659061695877949,2.755812439862848e-11,0.8333333333333334,5,1,0.6553509788068101,0.19455395906982353,0.40057744617745517,0.6482088231310943,0.0400572850854086,-0.113694457462767,2.65198880840755e-09,0.6553509788068101,True
CCL2,6,6.650658337360229,2.917849092698772e-11,0.8333333333333334,5,1,-0.3156802312819247,1.235905874164049,1.6244072685043434,0.8902693509772828,0.457020721618557,0.136064374970783,2.7756458725488545e-09,-0.3156802312819247,False
CTSS,6,6.647117666210442,2.988880895888823e-11,1.0,6,0,0.004114019090269316,0.9408969058838075,1.409911688309395,1.8459612028662793,0.571197455959191,0.36831287886059,2.8269689479286743e-09,0.004114019090269316,True
TNS3,6,6.645105846781461,3.029992511998324e-11,0.8333333333333334,5,1,0.08690846379694239,0.3043286967094323,0.33539631741433595,0.8169475082414959,-0.0632998582920011,0.0287650606112582,2.8495702306020602e-09,0.08690846379694239,True
CDK15,6,6.642070702593958,3.0930651835165314e-11,1.0,6,0,0.5905737266435334,0.4402524905662617,1.1530664272739166,0.021081960234409003,0.276358013342516,0.266840189380337,2.8924528202014483e-09,0.5905737266435334,True
UCN2,3,6.635320849880811,3.23797423505881e-11,1.0,3,0,,0.24602969768465302,1.3096725387232706,0.7039268051156131,,,3.010952221274911e-09,,False
C2CD4C,5,6.627204801471571,3.421028505253503e-11,0.8,4,1,,0.22386512741684933,1.0063955878997253,0.5159787780741429,1.14172262544932,-0.279549632490303,3.145825767719777e-09,,False
ABCA12,5,6.614589476189453,3.7258424609567447e-11,0.8,4,1,0.049707102514994383,0.23341496283316007,1.5114347671304051,0.6577002100149012,-0.0412093817933024,,3.3699532466533353e-09,0.049707102514994383,True
TET3,6,6.611975499949553,3.792247751441459e-11,1.0,6,0,0.25013794474063644,0.3567010523746068,0.5627778219981998,0.9272749072942341,0.84447061912553,0.0891876867240677,3.411374172927121e-09,0.25013794474063644,True
DSC2,4,6.610300472514794,3.8354074204128725e-11,1.0,4,0,0.049717088827077816,0.11153747689512775,0.9125435547679165,1.1537103550975099,,,3.431549385009398e-09,0.049717088827077816,True
MFAP3L,6,6.599502147416297,4.125407771558808e-11,1.0,6,0,0.15736993692563228,0.4054167713480332,0.5748349636317451,0.9414069484952483,0.0650687890656776,0.274341105648759,3.6131993598257655e-09,0.15736993692563228,True
PRAG1,6,6.59948973152064,4.125753256446772e-11,0.8333333333333334,5,1,0.6305138047300103,0.27627422764414944,0.5564490630369461,0.7331096946395426,-0.259435410597861,0.523050443793445,3.6131993598257655e-09,0.6305138047300103,True
PAPPA2,6,6.5986196060281035,4.150036023362614e-11,0.8333333333333334,5,1,0.37864014616913755,0.7069097172664627,1.313019509182051,1.5881088281069653,-0.399481693675027,0.0449710133398078,3.6153366451946305e-09,0.37864014616913755,True
NLN,6,6.594459218247039,4.268087114918793e-11,1.0,6,0,0.026648224473664328,0.21122157461566404,0.6220675641895577,0.6658493784835895,0.132201427839756,0.125420187615937,3.698710886185124e-09,0.026648224473664328,True
PANX1,6,6.590303402470242,4.3892866574663636e-11,1.0,6,0,0.3075823930743127,0.6086083164831879,0.9168577274006253,0.31805595512616414,0.0412141722736916,0.035891635344393,3.783930872624128e-09,0.3075823930743127,True
TMPRSS6,4,6.582501269786291,4.625988526365539e-11,1.0,4,0,0.14975131613247528,0.04545850482655439,1.4636457573264925,0.45984475258254115,,,3.967324460538984e-09,0.14975131613247528,True
PLAU,6,6.580489683475657,4.689013690070557e-11,1.0,6,0,0.053889359328792796,0.51121747765084,1.0740530202055,1.0578608196253327,0.364553380374623,0.0405334018993093,4.000647144229271e-09,0.053889359328792796,True
ANO6,6,6.568274017609815,5.090180784270703e-11,0.8333333333333334,5,1,0.49113721358111917,0.23615280102684677,0.5220750822578522,-1.4219898209956385,0.380157948387987,0.090998647800705,4.3206498636537785e-09,0.49113721358111917,True
MAGED1,6,6.545423039327154,5.932720431870075e-11,0.8333333333333334,5,1,0.13852191293614524,0.29954021623915494,0.7277416049750798,0.4663930413967421,0.0350947118683658,-0.208208357473573,4.984689776056523e-09,0.13852191293614524,True
TP53I11,3,6.53521206870008,6.35194720187438e-11,1.0,3,0,0.234893602603357,0.5524492435190398,0.9307950213523357,,,,5.309971216435593e-09,0.234893602603357,True
INSYN2A,4,6.532437078586241,6.470798539929886e-11,1.0,4,0,0.4431888034669833,0.0681570055465035,0.8964237244299271,1.5215835427027495,,,5.382143589593943e-09,0.4431888034669833,True
RALGPS2,6,6.5298135316280845,6.585162379838021e-11,1.0,6,0,0.2574493158832727,0.2652914075025725,0.543794858563091,0.13461345238555023,0.124569017125066,0.448471810762971,5.422766552789996e-09,0.2574493158832727,True
FAM78B,5,6.528597995901466,6.638817032472227e-11,1.0,5,0,,0.22995158529978799,0.5699292350052527,0.31603096330051184,0.0065858432825045,0.028685250567162,5.439886114924767e-09,,False
MPEG1,4,6.526447898062858,6.734772875839735e-11,1.0,4,0,,,1.3657561971097438,1.3614419062059655,0.364061810202481,0.558173550278216,5.4913281103891285e-09,,False
PDLIM1,6,6.512478003351277,7.39210419748288e-11,1.0,6,0,0.0036322734796732092,0.6823467352173438,1.2451817771216938,0.9676323999673961,0.0279735842826416,0.0046868371773216,5.939519838676536e-09,0.0036322734796732092,True
UCN,6,6.494366707294901,8.33834175693973e-11,1.0,6,0,0.08959460138468478,0.42078749812406796,1.8707258787227654,1.4005919560512892,2.29321106130528,0.452769119283669,6.635395805810885e-09,0.08959460138468478,True
ERC2,5,6.485000536251829,8.873146957915278e-11,0.8,4,1,0.697183391716079,,0.5115818340419729,0.5345354628318644,0.210297605732857,-0.103059018665915,6.899544131389486e-09,0.697183391716079,True
MICU2,6,6.48474315729648,8.888306915818068e-11,1.0,6,0,0.04711987192382505,0.25522037735649095,0.3979506749374364,0.17925743394463112,0.359587744109846,0.267966316008034,6.899544131389486e-09,0.04711987192382505,True
SGPP2,5,-6.4846346908363675,8.894703314923737e-11,1.0,0,5,,-0.3134396661111465,-0.5960777776279231,-2.165419835310619,-0.115178450764517,-0.100451653983711,6.899544131389486e-09,,False
ETS2,6,6.481804292840249,9.06321552549314e-11,1.0,6,0,0.011290042438869108,0.27812865664141606,0.6550754660273848,0.8045252255870965,0.0509761874400823,0.104556479976887,6.97741131990523e-09,0.011290042438869108,True
EEF1B2,6,6.479211540209089,9.220315884219976e-11,0.8333333333333334,5,1,-0.28738245981670474,0.16139085396585884,0.39233808260976755,0.7524990960447759,0.292499335159549,0.424003782441336,7.01856170322718e-09,-0.28738245981670474,False
PIK3CA,6,6.478680646292981,9.252810709445998e-11,1.0,6,0,0.0903365603379962,0.3203517481136715,0.5135460100015408,0.22476398464618796,0.428298205084564,0.218732377635238,7.01856170322718e-09,0.0903365603379962,True
ABHD12,6,-6.478319071080511,9.275005985626377e-11,0.8333333333333334,1,5,0.045721985391608655,-0.311505549427995,-0.4322529284918888,-0.0005617527876431438,-0.301680559964924,-0.229577358030655,7.01856170322718e-09,0.045721985391608655,False
FOSL2,5,6.478135739214119,9.286279682254425e-11,1.0,5,0,,0.19801330068537704,0.6668082745242909,1.445598717886602,0.225128444031538,0.0109063408024808,7.01856170322718e-09,,False
IFITM10,5,-6.476521070524101,9.386151473637144e-11,1.0,0,5,,-0.11227608194188754,-0.8214402817782327,-0.9862486582786154,-0.697358956760754,-0.17154861527386,7.029845212291494e-09,,False
CX3CR1,6,6.474945847187407,9.484595098778481e-11,1.0,6,0,0.14818616663543516,0.47126588188944085,1.249197797177158,1.536611919073036,0.4048870139865,0.314313874826067,7.061971032939168e-09,0.14818616663543516,True
CARHSP1,6,6.474472460835463,9.5143761499845e-11,0.8333333333333334,5,1,0.0366903789435602,0.3735319751743873,0.7740312438915069,0.9629345075948468,-0.298285110381424,0.0004600498872973,7.061971032939168e-09,0.0366903789435602,True
CHST1,6,6.472462112657619,9.641870255493716e-11,1.0,6,0,0.3304426070484605,0.30424384923697567,0.5524769471378077,0.8708973748817463,0.0807929341025613,0.132162546653289,7.124653413791607e-09,0.3304426070484605,True
SLC39A6,6,6.471246521476248,9.71977045892839e-11,0.8333333333333334,5,1,0.23073987201298962,0.35496284059855654,0.7063304827116283,0.6492574573808074,0.169457162908955,-0.0419363092022007,7.150295139385898e-09,0.23073987201298962,True
SYT4,6,6.467128860567704,9.98824715041525e-11,0.8333333333333334,5,1,0.3940382126434372,0.5376550656809158,1.1054989662526324,-1.7850480146410561,0.192289499362603,0.180025378546705,7.2857636838357136e-09,0.3940382126434372,True
PPP1R12A,6,6.465973260499929,1.0064887629167264e-10,1.0,6,0,0.0885240071809541,0.24326064538660508,0.6737767362014058,0.6482173945247611,0.229870759609438,0.0610426368508827,7.306755264823533e-09,0.0885240071809541,True
CAMK2D,6,6.46461806769868,1.0155497894748468e-10,1.0,6,0,0.14806676897187288,0.3308546443467284,0.9836518345390646,0.5228211031641852,0.0575826019903817,0.0328684995174466,7.340340661741338e-09,0.14806676897187288,True
CXCL16,6,6.457226248592919,1.0663941203270166e-10,0.8333333333333334,5,1,0.16510877029284643,0.6073078033948813,1.1512362270344414,-0.007403391528460812,0.67427761357257,0.157498816431378,7.641106268247955e-09,0.16510877029284643,True
TSPO,6,6.455155932504299,1.0810753008849947e-10,0.8333333333333334,5,1,0.13678857060830163,0.5495756716315019,1.3674615934799617,0.681407842873381,0.107137332733786,-0.0882607175402623,7.712913094934668e-09,0.13678857060830163,True
FADS3,6,6.454295579215354,1.0872342512440294e-10,0.8333333333333334,5,1,0.3176502490435622,0.19703112212870622,0.7529530250033902,1.3464320513972332,-0.48015714482274,0.0883867921076642,7.723562801112093e-09,0.3176502490435622,True
APP,6,6.451249495007084,1.1093169729647854e-10,1.0,6,0,0.2043519165207588,0.12572755417036063,0.24703603864903734,0.3626829725118892,0.277955122202132,0.13983375382781,7.846758348937234e-09,0.2043519165207588,True
TIMP1,6,6.450066840134191,1.1180083235901535e-10,0.8333333333333334,5,1,-0.19301409628909294,0.2687604288726977,1.04238897547721,1.318179576470211,0.179465366243468,0.274560820977491,7.874584583857115e-09,-0.19301409628909294,False
NBEAL2,6,6.44655461180631,1.1442139860861373e-10,0.8333333333333334,5,1,0.3504630926186185,0.2255314873715324,0.6412901890437794,0.6490813749985187,0.696859548315238,-0.48788863520199,8.025012668515994e-09,0.3504630926186185,True
KCNH4,4,6.443283845165453,1.1691574075777343e-10,1.0,4,0,0.022029568207188627,0.06059597135600936,0.7392898873933418,1.571965584005633,,,8.165355869293947e-09,0.022029568207188627,True
DGCR6,6,6.439701184066622,1.1970894407682262e-10,0.8333333333333334,5,1,0.03027500977086728,0.5248822924254979,1.1105476251349007,0.03602830949325497,0.25112831516968,-0.0583791965785592,8.32530437966205e-09,0.03027500977086728,True
SPP1,6,6.4152391869443965,1.4060193287342256e-10,0.8333333333333334,5,1,-0.005016917321482239,0.23954638855500576,0.6896610525700773,0.5344125341656678,0.339584663714896,0.311120530262973,9.713752151672193e-09,-0.005016917321482239,False
MAOA,5,6.414973825458459,1.4084705874826766e-10,0.8,4,1,,0.7386971717269288,1.1161713467277963,-1.6958875676632017,0.0016013894406397,0.261028698607015,9.713752151672193e-09,,False
PLCH2,6,6.413384618479885,1.423238420814452e-10,1.0,6,0,0.14600635537263768,0.24122255976882376,1.7415823316753436,0.2033712068462865,0.267532620753739,0.0839477152654973,9.774872340797016e-09,0.14600635537263768,True
PLP2,5,6.407172681728892,1.4824288923312155e-10,0.8,4,1,,0.34612664328882126,0.6011249810284829,-0.6489893067213384,0.0635756682810751,0.551488499902964,1.0071999423534548e-08,,False
HHATL,6,-6.40693345406075,1.4847558357554553e-10,1.0,0,6,-0.1297711748401973,-0.45075478119587764,-0.7007696400092867,-0.4014663521961377,-0.478125171209622,-0.429478012221058,1.0071999423534548e-08,-0.1297711748401973,True
GMPR,6,-6.404209590457453,1.511503576298841e-10,0.8333333333333334,1,5,-0.1947108073487529,-0.2813104674411355,-0.5445735939809868,-0.31923288193438015,0.0410730213472321,-0.147484129957429,1.0132055328874184e-08,-0.1947108073487529,True
MEX3D,6,6.404200787887883,1.5115907742818787e-10,0.8333333333333334,5,1,0.36937038719914517,0.2986003962093484,0.6117741834755286,0.705454719513317,0.0119973762027017,-0.118932947096784,1.0132055328874184e-08,0.36937038719914517,True
TNFRSF1A,6,6.404162210992688,1.5119729737988904e-10,0.8333333333333334,5,1,0.08276046050343755,0.2973701360956591,0.7359731759859747,0.6803487230937693,-0.465421830923887,0.0842565361309333,1.0132055328874184e-08,0.08276046050343755,True
NABP1,6,6.396841431650063,1.5862390174913275e-10,0.8333333333333334,5,1,-0.09152174273951497,0.6653383739693151,1.3055670471181147,1.0356576313901664,0.0129819714254529,0.149976118350477,1.0586866216740504e-08,-0.09152174273951497,False
PPP1R13L,6,6.390095555885341,1.657821244452626e-10,0.8333333333333334,5,1,0.4447952407333924,0.27561904573196383,0.7315160122294015,0.15756865254806507,-0.428340702236321,0.0087127834985414,1.0976102895271946e-08,0.4447952407333924,True
HAPLN4,5,-6.383721231172754,1.7283560080866427e-10,1.0,0,5,,-1.1256117125145537,-1.163515502581725,-0.43039412786276987,-0.246695410550965,-0.271786867145812,1.1299843471611798e-08,,False
SLC49A4,4,6.383315449716292,1.7329441085670535e-10,1.0,4,0,0.08496693655866672,0.1066382350798376,0.33326523348139236,0.3085054767203159,,,1.1299843471611798e-08,0.08496693655866672,True
CPNE8,6,6.3828525728820695,1.73819230723766e-10,0.8333333333333334,5,1,0.18275321024016744,0.32993151820772226,0.818793705403543,-1.5163555794379695,0.101924019767133,0.390454744419894,1.1299843471611798e-08,0.18275321024016744,True
CEP170B,6,6.376586411615863,1.8107860011369076e-10,0.8333333333333334,5,1,0.6949508039068988,0.13666302761256333,0.3155717647746634,0.5767375461657567,0.0666852543138536,-0.263858220327183,1.1662307350512877e-08,0.6949508039068988,True
DNAH6,6,-6.350342836397818,2.1483559759686695e-10,1.0,0,6,-0.027507115877458688,-0.06598338311573718,-0.5650261036654859,-1.2880396204298104,-1.18350041263513,-1.24864957781722,1.3723177670935297e-08,-0.027507115877458688,True
CREBL2,5,-6.349821679083034,2.1556465650333356e-10,1.0,0,5,,-0.1275404183012414,-0.32293363999979796,-0.1912102872825745,-0.129242269089735,-0.0525512011612328,1.3723177670935297e-08,,False
STING1,4,6.344539206246474,2.2309216947396312e-10,1.0,4,0,0.2050590429602721,0.33742908392215754,0.6224128865651757,1.1240159051136365,,,1.4093975531042129e-08,0.2050590429602721,True
IL1RL2,4,6.339854993528827,2.2998151557681837e-10,1.0,4,0,0.2749792514576439,0.18317849481624082,0.6921757522484442,0.4645330503062901,,,1.4364732248405652e-08,0.2749792514576439,True
MIDEAS,3,6.335243922141174,2.3696608152619033e-10,1.0,3,0,0.14584262342691634,,0.47997976361166916,0.41390955179423905,,,1.4745348050456776e-08,0.14584262342691634,True
NEURL1,3,6.331020916629548,2.4354432331988115e-10,1.0,3,0,0.18818968851932372,0.16271802835985438,0.47235258730453467,,,,1.509792374378529e-08,0.18818968851932372,True
DOCK7,6,6.3213169282618225,2.5934350168163604e-10,1.0,6,0,0.20411005976219698,0.0914187423388042,0.25157913855287095,0.1686953969201026,0.273634078302186,0.0047644120762826,1.5987274795386375e-08,0.20411005976219698,True
ZBTB38,5,6.3178712312284695,2.651908325542908e-10,1.0,5,0,0.2672421664767919,,0.4654018372418962,0.6339636015821934,0.273308196061441,0.100209866795627,1.6206636212940963e-08,0.2672421664767919,True
TCEAL9,6,6.313844329779078,2.7218773972096446e-10,0.8333333333333334,5,1,-0.026279378851094215,0.2870759378971339,0.7356223603160732,0.15589200226088096,0.401054945932935,0.45551619032346,1.6450215966480155e-08,-0.026279378851094215,False
STX11,6,6.313771983706295,2.723150782271364e-10,1.0,6,0,0.016682527122669377,0.7391190981726088,1.0745517311160495,0.7387326164801382,0.118006436863747,0.286604422995072,1.6450215966480155e-08,0.016682527122669377,True
MLPH,4,6.312369084558173,2.747958973612455e-10,1.0,4,0,0.014982176012622028,0.2918754012461732,1.840379723714315,0.2503245630291202,,,1.653971524772122e-08,0.014982176012622028,True
ACLY,6,6.31075777315218,2.776725018817412e-10,0.8333333333333334,5,1,0.36196533248406126,0.14461383649032467,0.35261749786589824,0.5249447228888791,-0.0678131061294652,0.119901090773024,1.6629111708235378e-08,0.36196533248406126,True
PBXIP1,6,6.310413747337436,2.782904750592798e-10,0.8333333333333334,5,1,-0.06449456254036523,0.22677806040483706,0.7108308976021229,0.24140872816263226,0.240934715899398,0.177144675926425,1.6629111708235378e-08,-0.06449456254036523,False
SH3RF1,6,6.307040628287511,2.844211899442879e-10,0.8333333333333334,5,1,0.1542141546194058,0.325497032434638,0.7056647010169712,0.33477672002453973,0.0330389703071523,-0.0019208688333645,1.6934314877546236e-08,0.1542141546194058,True
SYNE3,6,6.304699997218732,2.8875264580914865e-10,0.8333333333333334,5,1,0.13744037964999078,0.5249881331996351,0.8545860023142158,0.31327404311963836,0.205584239795582,-0.205310096224379,1.713058707323666e-08,0.13744037964999078,True
GIPC3,3,6.298751543729162,3.000524905135814e-10,1.0,3,0,,0.28690628109782634,0.6850777236464496,0.050419990264076175,,,1.7674266273953023e-08,,False
MT3,6,-6.287531682126403,3.225532000652047e-10,1.0,0,6,-0.2104898185775781,-0.38445316441645083,-0.7573472711198344,-0.045321044753414697,-0.248039893530632,-0.375997050127546,1.8798945660138268e-08,-0.2104898185775781,True
CLNK,4,6.283567364057045,3.3089073123212024e-10,1.0,4,0,0.18325331794114869,0.18558101588899867,1.6651039200837041,0.20364822718116554,,,1.915001182990928e-08,0.18325331794114869,True
RIN1,4,6.278439462629146,3.4198813482339067e-10,1.0,4,0,,0.07096484750272239,1.2853946830690905,1.1453957330073867,0.17790203775201,,1.9654818081933204e-08,,False
PDLIM4,6,6.277198666148804,3.4472749489330737e-10,1.0,6,0,0.01394111934549791,0.24723914754771226,0.5901489687280232,0.41362367421986335,0.219104227527794,0.0601249605936653,1.9740182482045526e-08,0.01394111934549791,True
MTUS2,6,6.276689099289419,3.458586829261239e-10,0.8333333333333334,5,1,0.47531486292832126,0.27827166972769923,0.6736206320995817,1.3728141133464167,-0.0057678462327799,0.0204866410666584,1.9740182482045526e-08,0.47531486292832126,True
ANKRD66,3,-6.266008220216185,3.7042078790351917e-10,1.0,0,3,,-0.11115358155335997,-0.8349895330505179,-0.3153163703671827,,,2.099727699102414e-08,,False
SH3GLB1,6,6.262961921551409,3.777328839623427e-10,0.8333333333333334,5,1,-0.1956416845732596,0.15137210622352892,0.41757117196984783,0.478203402345601,0.220044039764447,0.351149688941447,2.1338684967046745e-08,-0.1956416845732596,False
ACSL4,6,6.261490633505972,3.8131472596578636e-10,0.8333333333333334,5,1,0.18175287860566236,0.37919519533779944,0.7202069506151361,0.48505637194347795,0.113143356694988,-0.0435463415457698,2.1467759674101007e-08,0.18175287860566236,True
RALGDS,6,6.258533091511174,3.8861544367028946e-10,0.8333333333333334,5,1,0.30592195500588293,0.15222198811135268,0.537424121054813,0.4858777867307298,-0.0496165730953577,0.0976020591961313,2.173926140255763e-08,0.30592195500588293,True
IRAK3,6,6.2512032166480935,4.073024878300799e-10,1.0,6,0,0.0751681323409894,0.18134125929773348,1.0180591245586919,0.953783281718704,0.455719879911306,0.111318234896554,2.2699228210651456e-08,0.0751681323409894,True
IGSF11,6,6.237592617629458,4.4435602700673456e-10,1.0,6,0,0.1654487315506401,0.13066539055998128,0.40405030784556306,0.3125266679908316,0.335319332281271,0.119646358805312,2.4516603196718233e-08,0.1654487315506401,True
FPGS,5,6.232645015626631,4.586246481825315e-10,0.8,4,1,0.0966062047962839,,0.792775729164493,0.44124293879663945,0.0784210179253584,-0.411404983367118,2.5219784640256684e-08,0.0966062047962839,True
ANKRD13A,6,6.221330322355594,4.929570797530622e-10,1.0,6,0,0.029166910646686972,0.15767740703489164,0.39001394940291423,0.9702993117727008,0.107488845209316,0.371708374364979,2.7017965510174455e-08,0.029166910646686972,True
CMTM3,6,6.209477344453005,5.316111272534993e-10,0.8333333333333334,5,1,0.10621866571821359,0.01765772927968179,1.3559955695364687,0.6840077048192086,-0.0052837922348389,0.311679756302959,2.8849925830491545e-08,0.10621866571821359,True
CABP2,4,6.203297036927533,5.529233606756447e-10,1.0,4,0,0.17768402155401886,0.1555990341212095,1.1344021772812456,0.030352534424628763,,,2.9714245019166462e-08,0.17768402155401886,True
FRMD8,6,6.199602029910636,5.660611149238199e-10,0.8333333333333334,5,1,0.16350610387044195,0.22485956114901118,0.4580773720046727,0.436173581350479,-0.0918466243671363,0.029292529680671,3.0321823864786624e-08,0.16350610387044195,True
ANKRD33B,6,6.197674708262398,5.730341651636989e-10,0.8333333333333334,5,1,0.05610151067825342,0.46796618101267917,1.5356475416333906,0.7053375626909562,-0.125344599117678,0.0674444726673853,3.053181947053478e-08,0.05610151067825342,True
ARPC5,4,6.19749994018722,5.73670605083151e-10,1.0,4,0,,,0.27217454503665994,0.37322195563577765,0.0018219621059876,0.270468223235429,3.053181947053478e-08,,False
CEP120,6,6.1931515260558,5.897298497816869e-10,1.0,6,0,0.17321812906099154,0.10033945689193846,0.2917506199151596,0.2096625758172399,0.0812650010191225,0.0356083342154037,3.118596956417407e-08,0.17321812906099154,True
GNAI3,5,6.186369263038694,6.156569808541384e-10,0.8,4,1,,0.1363336891086604,0.3295782983892446,0.41405100377953463,0.0080882817863894,-0.0254962541941508,3.2146228224282964e-08,,False
DUSP26,6,6.181838620774463,6.335927907070939e-10,0.8333333333333334,5,1,0.017394299378508116,0.7539832143055385,1.431748581139198,0.17158254512802262,-0.077665367613569,0.176578967879904,3.287532248208093e-08,0.017394299378508116,True
SEL1L3,6,6.177983945857226,6.492531471327945e-10,0.8333333333333334,5,1,0.24180923261463416,0.42324025068967375,0.7242916757851923,0.4873345185647793,-0.220228910647672,0.0674691923207673,3.347800028455456e-08,0.24180923261463416,True
STEAP1,6,6.175757759386008,6.584688181867801e-10,0.8333333333333334,5,1,0.07318924955473083,0.7200555973106508,1.0529872852693474,0.8273294666501525,0.459494850339311,-0.126636529818072,3.384775117586206e-08,0.07318924955473083,True
TRIM68,6,6.168799600754757,6.881037010522851e-10,1.0,6,0,0.08469257082906312,0.2534062935611041,0.6306550976117209,0.0975233869211749,0.146843131114441,0.536948198786868,3.526158656290224e-08,0.08469257082906312,True
SHISA7,6,6.165675000774305,7.01831018978718e-10,0.8333333333333334,5,1,0.14696128300304823,0.26922104287628024,1.1008333656393354,0.10142727805163476,-0.740800314165011,0.185206133949216,3.5703606736035315e-08,0.14696128300304823,True
LMBR1L,6,6.1618430120828,7.190311754622561e-10,0.8333333333333334,5,1,0.09541423824336537,0.09913815698055162,0.45505305950185715,0.33279408064954197,0.673099803600023,-0.166762071119522,3.639573093654821e-08,0.09541423824336537,True
LCP1,6,6.154273188243531,7.542257750566548e-10,0.8333333333333334,5,1,0.18114090191996546,0.8764430698204713,1.3732050897922994,-2.110125838329112,0.025011194506211,0.245952827929223,3.806080801444436e-08,0.18114090191996546,True
CREB5,6,6.148032110175356,7.845015457579529e-10,1.0,6,0,0.37915198621652824,0.16872120605695295,0.3667753745689586,0.4640713199794311,0.291277096615912,0.690817021337034,3.9468296612114396e-08,0.37915198621652824,True
AXL,6,6.142415639430664,8.127584564600747e-10,1.0,6,0,0.16128105529339454,0.29055360568179633,0.5260165855414058,0.5589553981488375,0.0410745060234177,0.0656130813135209,4.03987326466281e-08,0.16128105529339454,True
TXN1,5,6.133891807119841,8.5754850529212e-10,0.8,4,1,,0.1403109089893757,0.3552330399416963,0.1461185833376728,0.219553960072245,-0.0384999731150408,4.249743371136279e-08,,False
PTGER4,6,6.1291678024058704,8.83399175698329e-10,1.0,6,0,0.02583991556723797,0.3197266103853633,0.9704998773513411,0.09646210199415162,0.0751275613347908,0.457086524142459,4.3388792748245525e-08,0.02583991556723797,True
PCOLCE2,6,6.125397636641881,9.045741141651168e-10,0.8333333333333334,5,1,0.2981383784447029,0.6284692572101616,1.6374813226486031,0.25453899874813235,-0.153750421635352,0.0391401690132436,4.424345067230027e-08,0.2981383784447029,True
FGF2,5,6.125121193883513,9.061460716475226e-10,0.8,4,1,0.16904681781617903,,1.5868014947484161,-0.689397546701155,0.176856412769953,0.32006245655155,4.424345067230027e-08,0.16904681781617903,True
EFHD2,5,6.1184218380963715,9.45066171355522e-10,1.0,5,0,,0.1822693043129533,0.3201189487737377,0.9366001700146134,0.607722256216414,0.0457663864406392,4.587312395389032e-08,,False
CYTH4,6,6.100298413866899,1.0587062485001617e-09,0.8333333333333334,5,1,-0.01160121584766527,0.5468641698917498,1.1852579165375285,1.423199373683274,0.0240917860618426,0.538430724543464,5.0646548627672476e-08,-0.01160121584766527,False
SUPT6H,3,6.095598094392878,1.09029028498446e-09,1.0,3,0,0.21267900963758368,0.08814794987307017,0.22224442662568844,,,,5.193311621284781e-08,0.21267900963758368,True
GRHL1,4,6.093570066769931,1.1041997121984694e-09,1.0,4,0,0.34214623223211105,0.31853035854851375,1.28501785511573,0.008490340837617794,,,5.236880698082827e-08,0.34214623223211105,True
SLCO5A1,6,-6.085528703219403,1.1610752031000142e-09,0.8333333333333334,1,5,0.492213977398424,-0.5161623774501471,-0.8776310979094157,-0.6123519210236292,-0.322797134684825,-0.373896576540866,5.4752469406585284e-08,0.492213977398424,False
GALNS,6,6.083614908409755,1.1750263404276406e-09,0.8333333333333334,5,1,0.7004007387813762,0.12512545769139738,0.28646218581514615,0.6212367821500706,-0.131014137638992,0.407666418397936,5.525294314419974e-08,0.7004007387813762,True
NPL,6,6.080657535533873,1.196906897149615e-09,1.0,6,0,0.210036063374194,0.3366495997942991,0.31500280901015376,0.6008949848266782,0.0554474231386002,0.0067252837191755,5.6122387993259e-08,0.210036063374194,True
ALKAL2,6,6.073086331687032,1.2547495319974638e-09,0.8333333333333334,5,1,0.14158122398084805,0.7014576289195059,2.3986726867677977,0.1718575916215892,-0.123237057174429,0.179745051369917,5.817713044526334e-08,0.14158122398084805,True
MEIS3,6,6.07308152969167,1.254787069173454e-09,0.8333333333333334,5,1,0.1653658068637185,0.5279108290784307,1.216266687589986,0.25737738781990416,0.0209693712817423,-0.0750148673165656,5.817713044526334e-08,0.1653658068637185,True
MYD88,6,6.0713663010411,1.2682652701533597e-09,0.8333333333333334,5,1,0.014623256083493352,0.12597342208366102,0.8772862238177948,0.5473643425889589,0.0231996732592838,-0.20458247562375,5.863778422228606e-08,0.014623256083493352,True
TGFBI,6,6.051223662164225,1.4374970170275244e-09,1.0,6,0,0.21717090649871817,0.26125130339068825,1.0063123477255242,0.5567886786267255,0.272966512539705,0.515842667135086,6.609291840510996e-08,0.21717090649871817,True
PAIP2B,5,-6.0449187410192815,1.4948532343191661e-09,1.0,0,5,,-0.252244735369509,-0.17931784327749867,-1.8570442542911563,-0.313847426442549,-0.184874501070328,6.853964192368653e-08,,False
IPO5,6,6.03879258186623,1.5527168086925578e-09,0.8333333333333334,5,1,0.00031621919702740087,0.3920242173917954,0.8199945433277627,0.4744474123446931,0.156756562679418,-0.0550995187555348,7.099604590463872e-08,0.00031621919702740087,True
IL17RA,6,6.029944637730615,1.6401585597150057e-09,1.0,6,0,0.1440109116085706,0.20422281459386538,0.5040722893529948,1.6350602759783524,0.459813652984501,0.11354311891716,7.437782049425418e-08,0.1440109116085706,True
CSRNP1,6,6.028991000717859,1.6498647374504932e-09,0.8333333333333334,5,1,-0.15729410412956746,0.49643442598742127,1.4446675892794905,1.3609877945579707,0.153780643551776,0.0153992436321455,7.451906137575897e-08,-0.15729410412956746,False
ZBTB42,6,6.0283867891039975,1.656043384588542e-09,0.8333333333333334,5,1,0.1557399914250066,0.18149847860318435,0.8996659368381268,0.7982846793598388,0.386595796780458,-0.64003539590928,7.451906137575897e-08,0.1557399914250066,True
CLEC2L,6,-6.028314948895063,1.6567795182624034e-09,0.8333333333333334,1,5,0.5701370585295011,-0.4263012778482782,-0.598014044589755,-0.35911852528766985,-0.718903590423505,-0.556878615367058,7.451906137575897e-08,0.5701370585295011,False
RNF115,5,6.0202602032362025,1.7413690844373965e-09,1.0,5,0,,0.028953439410098092,0.3022715434655794,0.0848350067346395,0.170600459272621,0.0754741633394946,7.811149345693168e-08,,False
RGS12,6,6.018371456667273,1.7618053614984535e-09,1.0,6,0,0.24065840462057686,0.28239090905092423,0.5832881138473267,0.544501535327357,0.172831808409201,0.153173687261835,7.881460092843893e-08,0.24065840462057686,True
MYPOP,5,-6.016884388067856,1.778059728673211e-09,1.0,0,5,,-0.2626244277408505,-0.4190635220888712,-1.2609530397963726,-0.210997430900405,-0.624859411610021,7.932734401347436e-08,,False
ADAMTS1,6,6.013688083251569,1.8134929774564566e-09,1.0,6,0,0.17916671597593758,0.20885826735365232,0.7243977769116334,0.7179810701165819,0.308901162791326,0.503960795822901,8.069068753456793e-08,0.17916671597593758,True
SLC9A3R2,4,-6.009883823937032,1.8565631976059046e-09,1.0,0,4,,-0.19575979968669044,-0.27180898069515447,,-0.324787435444666,-0.182460398637157,8.238561406641537e-08,,False
BDKRB2,6,6.008318520234877,1.874572879287549e-09,0.8333333333333334,5,1,0.2732968432214671,0.6173790390153182,0.8909596287178472,0.8701959836701509,0.403343700496578,-0.547132835406716,8.288966152318195e-08,0.2732968432214671,True
PPP2CA,5,6.008027702656254,1.8779375949246757e-09,0.8,4,1,,0.16265405514601916,0.5493674523092995,-1.949601664258216,0.164355399951661,0.089104657720974,8.288966152318195e-08,,False
ANXA2,6,5.997305584858619,2.006183244291216e-09,0.8333333333333334,5,1,0.09860708048645428,0.19150016744149667,0.40165591824196945,0.5278934535836655,0.0571130084460845,-0.0516385388276068,8.715576131104515e-08,0.09860708048645428,True
CDYL,6,5.993797876956053,2.0499613983067524e-09,0.8333333333333334,5,1,0.22623583291415983,0.1322568217706861,0.4313230698035895,0.32156292856146385,0.0911684217891535,-0.273792650876187,8.813236640200875e-08,0.22623583291415983,True
IL1R2,4,5.988041890061615,2.123823704805214e-09,1.0,4,0,0.3108696232209843,0.11807748157708287,1.0973400588487656,0.40678397211500383,,,9.0712032813947e-08,0.3108696232209843,True
GRPEL2,5,5.987844217630289,2.126405795783678e-09,1.0,5,0,,0.2496411209945888,0.3415520901784346,0.11985810307379374,0.0784058857898247,0.261413740264071,9.0712032813947e-08,,False
CIDEC,6,5.982770077284727,2.193743353051115e-09,0.8333333333333334,5,1,0.14218366612106909,0.4496809894865126,1.7167321417496313,0.46437708222468266,0.35946267858352,-0.326332638148198,9.310471789667194e-08,0.14218366612106909,True
VAMP1,5,-5.980099554778264,2.230012873732426e-09,0.8,1,4,0.41835087230276713,-0.5285606698974661,-0.7347084120179499,,-0.279158751612981,-0.393152697550597,9.416115583168141e-08,0.41835087230276713,False
GYG1,4,-5.979155798680797,2.242969595131386e-09,1.0,0,4,-0.09819989394573359,-0.14086931024080496,-0.7235954096376451,-0.25087842513708214,,,9.446725887688221e-08,-0.09819989394573359,True
FAIM2,6,-5.9701746231076624,2.3699978683723845e-09,0.8333333333333334,1,5,0.39131003821426535,-0.590939717282958,-0.6547406155833064,-1.9503072869979716,-0.401387421384011,-0.321526740735891,9.914132729229014e-08,0.39131003821426535,False
SCRT1,6,-5.97004258271681,2.3719167235226496e-09,0.8333333333333334,1,5,0.9191923057120714,-0.5413403526458,-0.757464393045109,-0.3783101489460936,-0.613211330337416,-0.50483172604156,9.914132729229014e-08,0.9191923057120714,False
NDUFA9,6,-5.967299707442172,2.4121210438128297e-09,1.0,0,6,-0.2795259618266899,-0.1554253134549084,-0.19529578949839888,-0.02440776291535851,-0.34188561089406,-0.250162770562827,1.0056782749921904e-07,-0.2795259618266899,True
MSN,6,5.966120476763757,2.429609203907965e-09,0.8333333333333334,5,1,0.11801367875416702,0.19260622262529292,0.40594564238957886,0.37518237266376886,0.113865327202227,-0.137339198263966,1.0104244106302674e-07,0.11801367875416702,True
SRGAP1,6,5.965193185423362,2.4434477449781935e-09,0.8333333333333334,5,1,0.5422728482537078,0.13186395694658382,0.35520894029722694,0.5138554295408913,-0.0452245667369191,0.05307425385608,1.0110986768719765e-07,0.5422728482537078,True
G6PD,3,5.964184211350466,2.458592501409081e-09,1.0,3,0,0.09802559570704705,0.1804346020701182,0.27846368147747835,,,,1.0148285058185314e-07,0.09802559570704705,True
TMEM74,5,-5.9595279334217794,2.529676210028655e-09,0.8,1,4,,-0.2518638115019791,-0.5092244211834647,-0.40265669052694886,-0.350802770696145,0.313303436793857,1.0364158571384727e-07,,False
TMEM205,6,-5.956664361693841,2.574381914991016e-09,1.0,0,6,-0.22525414167293167,-0.1512919364528642,-0.2473716894069753,-0.018435344957687505,-0.267195426091762,-0.584765848804346,1.0521276409118839e-07,-0.22525414167293167,True
VWA3A,4,5.947941605900631,2.7153542192598023e-09,1.0,4,0,0.21292513760487541,0.2546089387765155,0.7229400632851707,0.01682872646282718,,,1.104288526712242e-07,0.21292513760487541,True
ALPK1,6,5.946003921243986,2.74767567000942e-09,0.8333333333333334,5,1,0.14800635637326742,0.30371853439157537,0.42149429408513317,0.6045847125175872,0.275365110617089,-0.178508702141347,1.114694306127351e-07,0.14800635637326742,True
VASH2,6,5.941856640886587,2.8181182759566477e-09,0.8333333333333334,5,1,0.16186721891286293,0.23567005850881045,1.0084253277230741,1.8177293522532816,-0.205935706797693,0.150969151638753,1.1321721772726803e-07,0.16186721891286293,True
ENTPD3,6,-5.940802081014916,2.8363088269418927e-09,0.8333333333333334,1,5,0.6721058921202117,-0.41136599234957005,-0.7529503309181536,-0.5787582407440777,-0.0772898226486658,-0.197501709004445,1.1367211550494482e-07,0.6721058921202117,False
CPSF2,6,5.9368488758921005,2.9055225699172635e-09,0.8333333333333334,5,1,0.14671242193742806,0.16175076065178295,0.5239815206252594,-1.4584892573800365,0.298271221057888,0.204340455125524,1.1532903975364638e-07,0.14671242193742806,True
ATP5PO,4,-5.932344519250725,2.9863914842548413e-09,1.0,0,4,-0.39746759214380045,-0.15574070257822026,-0.2376364724511184,-2.1377380316654353,,,1.1825538719470366e-07,-0.39746759214380045,True
TYROBP,5,5.931573907673801,3.0004444639536194e-09,0.8,4,1,,0.6621294903970043,1.0344081279629704,1.3238989970789814,-0.291861650733763,0.152427810425785,1.1852829777412961e-07,,False
ING2,6,5.929515579656793,3.038296851204785e-09,1.0,6,0,0.09923784261849367,0.07579854980093259,0.5602410807964309,0.2668735860464455,0.175317523245663,0.48430503342949,1.197378320979562e-07,0.09923784261849367,True
GPRC5A,4,5.926524640847324,3.0941297521061663e-09,1.0,4,0,0.05905847850156731,0.30192183151091023,0.7974793377198263,1.0168974505220363,,,1.216485407526396e-07,0.05905847850156731,True
KIF3B,6,5.920589429232437,3.2078979728481924e-09,0.8333333333333334,5,1,0.3539080594643913,0.11065736824606631,0.3233955233703538,0.21246252152424905,-0.20360046428948,0.175109135876049,1.2582257641370447e-07,0.3539080594643913,True
NRIP1,6,5.9165935912057135,3.286774818253789e-09,0.8333333333333334,5,1,0.05103120998267929,0.486764843532542,0.7610468461543816,1.3589083256540304,-0.175674938183347,0.0075728498793596,1.286115763398031e-07,0.05103120998267929,True
NLRC4,4,5.9123652284416455,3.3722974738700395e-09,1.0,4,0,0.640670625232399,0.347513724239146,0.6323112079045854,0.7119886363547301,,,1.3133710067646327e-07,0.640670625232399,True
KCNS3,6,-5.910591402425258,3.408816369043059e-09,0.8333333333333334,1,5,0.29550691824095576,-0.601980389941744,-1.1998529270074556,-0.7530804822038784,-0.198555024648402,-0.0237074304237264,1.3213753756534124e-07,0.29550691824095576,False
HSD17B10,6,-5.909185733832304,3.4380289330250052e-09,0.8333333333333334,1,5,-0.31152987999558324,-0.21412711288960384,-0.26540029310749347,-0.05081153514332826,-0.518056839202084,0.0021013738183977,1.3295853948464926e-07,-0.31152987999558324,True
HDC,6,5.906922430085187,3.4855776965107913e-09,0.8333333333333334,5,1,0.02591702095630788,0.3948856558278984,1.290495077538485,1.5824242894723493,-0.117657452087342,0.216296349239463,1.3448317490127415e-07,0.02591702095630788,True
SLC2A2,4,5.903097695028819,3.5673887536569176e-09,1.0,4,0,0.29110268893106717,0.031754202350270294,0.4487538046256916,0.8447709608948727,,,1.373195782570449e-07,0.29110268893106717,True
PDCL3,6,5.901693547843413,3.5978900858524176e-09,0.8333333333333334,5,1,-0.07812734974460511,0.5553049106271661,1.1067249574643867,0.8851027607989943,0.0634162224712824,0.157594879113857,1.3817233573324643e-07,-0.07812734974460511,False
EVL,6,5.8954775052093185,3.735994048579432e-09,0.8333333333333334,5,1,0.3391140607221512,0.1516498422271222,0.268752084669174,-1.34152461481479,0.144507298516914,0.233511671538228,1.428133336999694e-07,0.3391140607221512,True
XPR1,6,5.89151596116428,3.82668689926962e-09,0.8333333333333334,5,1,0.39600428874889104,0.1564564282501566,0.35452529244397724,0.18009356772154206,-0.0048076551893117,0.0072942170235963,1.4507541295313553e-07,0.39600428874889104,True
LRRFIP2,5,5.89011902028533,3.8591757387400236e-09,1.0,5,0,0.04225783090635815,,0.569207790481066,0.26529433208545594,0.166970519339296,0.0429808066270416,1.4583807494891522e-07,0.04225783090635815,True
PDCD6IP,6,5.887846161871705,3.912610527414834e-09,0.8333333333333334,5,1,0.14445357592809316,0.07710579465125811,0.2798485252816505,0.33896901830030135,0.0862475552283455,-0.0658559801960596,1.4752056822271147e-07,0.14445357592809316,True
LTBP1,5,5.885020234858893,3.9800529502367575e-09,0.8,4,1,,0.414877337292197,0.9331167300740919,-0.5426691913700346,0.282788382478771,0.693965801410489,1.4938284905287713e-07,,False
DEFB36,3,5.883415987632005,4.018841353951103e-09,1.0,3,0,,0.31205664999303073,0.6183895735476798,0.204068848510096,,,1.5049742554434086e-07,,False
REEP1,6,5.882393392637396,4.043757989156291e-09,0.8333333333333334,5,1,0.3869267417507949,0.1734788504513034,0.29543134462375953,0.32688856009667333,0.0552640758987224,-0.0138412792966209,1.51088673220124e-07,0.3869267417507949,True
PCDH15,6,5.881400125747173,4.068103932626552e-09,0.8333333333333334,5,1,0.060719587403223196,0.2962990208709492,1.1013331600170007,0.7991788669883166,-0.640529951321895,0.855108293549856,1.516559826415196e-07,0.060719587403223196,True
ZFAND2A,6,5.880039968563755,4.10167428157607e-09,0.8333333333333334,5,1,0.16340906482034256,0.29182167900485556,0.5644553051988774,0.3868813704874743,0.205631098938344,-0.190541575484718,1.5256384878347667e-07,0.16340906482034256,True
RSPO2,6,5.876335357068907,4.194481736065109e-09,0.8333333333333334,5,1,0.39758808607300633,0.09782014613620005,0.4973022994113254,0.3242448106323286,0.253489547720802,-0.0642132958751049,1.5530930844737886e-07,0.39758808607300633,True
DCLK1,6,5.87597430826584,4.203635221388698e-09,1.0,6,0,0.10543570656181434,0.1856851532879209,0.45237061574048454,0.23356388589501886,0.102971692825854,0.0494758062173697,1.5530930844737886e-07,0.10543570656181434,True
DBN1,6,5.875163091291681,4.224272558347018e-09,0.8333333333333334,5,1,0.4160871397310002,0.2327293618960331,0.38393207209553726,0.6226464642540233,0.0593159051231981,-0.287321533513785,1.5572418571438715e-07,0.4160871397310002,True
TESC,6,-5.871390203850016,4.32155764145645e-09,0.8333333333333334,1,5,0.485209291269042,-0.6354152974246454,-0.7770985527607888,-0.5391603778770744,-0.557210875895402,-0.0716118576508076,1.582531461977592e-07,0.485209291269042,False
ITGB4,6,5.858098395704197,4.681972361786817e-09,1.0,6,0,0.32806171836826437,0.2393196380820113,0.4344261114065304,0.15796548137891886,0.0451161062920653,0.237298514352478,1.7069604963060658e-07,0.32806171836826437,True
MEPE,3,5.853968705437646,4.799789774671152e-09,1.0,3,0,0.17916702117741634,0.14233640618560695,0.8887885545854253,,,,1.7460685791287235e-07,0.17916702117741634,True
CLEC7A,4,5.852651823961696,4.837962558003947e-09,1.0,4,0,0.10544472063630961,1.3752809332832885,1.8379975079058601,0.648433877123352,,,1.7522528722118454e-07,0.10544472063630961,True
CD74,6,5.85167966986039,4.8663320085794035e-09,0.8333333333333334,5,1,-0.15036550828415507,1.4410972943135745,1.7455123799302257,0.6365544986215275,0.269153775831749,0.403910635681632,1.7586207465429978e-07,-0.15036550828415507,False
CLRN1,6,-5.851322557520477,4.8767938778590866e-09,0.8333333333333334,1,5,0.08365691872348435,-0.2249579506424273,-0.7315671973995683,-0.556769382737822,-0.174953588532418,-0.231140882339006,1.7586207465429978e-07,0.08365691872348435,False
HTR3B,6,-5.849050462958233,4.943870974188939e-09,0.8333333333333334,1,5,0.49413088303484987,-0.43633992299536484,-1.1193259372329978,-0.8134290673751559,-0.562610142033807,-0.180913047017377,1.77507488860684e-07,0.49413088303484987,False
C1QA,6,5.8467937728498764,5.011381543375028e-09,0.8333333333333334,5,1,-0.15912574297108284,1.0049120282160695,1.6229355394839673,1.8323363977452916,0.156124638431193,0.158473746821632,1.795419638656785e-07,-0.15912574297108284,False
PGF,6,-5.845306404978522,5.056366797496433e-09,1.0,0,6,-0.37980066121089795,-0.35363587193220325,-0.3444745033124832,-0.39513627881673363,-0.473628686906157,-0.196043230645721,1.804198568783014e-07,-0.37980066121089795,True
DIPK1A,4,-5.843213253523603,5.120340037083489e-09,1.0,0,4,-0.14894028602217801,-0.30009131342582984,-0.4240139782809962,-1.0324707681337597,,,1.8226208235227079e-07,-0.14894028602217801,True
IRF2BPL,6,5.8360800566084015,5.344322474150858e-09,0.8333333333333334,5,1,0.4308276729541767,0.16156157777135416,0.3111826733486982,0.13053757780650965,0.293409707777556,-0.0662910664447498,1.8942018328082444e-07,0.4308276729541767,True
SLC41A2,6,5.829481433840985,5.5599882201485375e-09,0.8333333333333334,5,1,0.41677487733333685,0.21014572931175746,0.3189002979860591,0.6952008016725593,-0.0395978675245514,0.223915472639363,1.9622372072473048e-07,0.41677487733333685,True
CCDC160,6,-5.825620651136291,5.690073380367064e-09,1.0,0,6,-0.13055653562319014,-0.5652070259566113,-0.6992855331842751,-0.2126995262189877,-0.148797676507453,-0.209001192561107,2.0038743530177796e-07,-0.13055653562319014,True
ZBTB3,6,5.81845150336448,5.939528664179168e-09,1.0,6,0,0.20019349160563715,0.24535644390707323,0.42832412753470983,0.6407293818504503,0.0771571551882761,0.0289188065841831,2.0784583181711115e-07,0.20019349160563715,True
CHCHD10,5,-5.816367426127816,6.0140198027217756e-09,1.0,0,5,,-0.14927360752591845,-0.5336293256280582,-0.25331252810476457,-0.299539877698069,-0.538932575973942,2.1000855648660512e-07,,False
SNTG2,4,5.8083697769056695,6.3084067724521716e-09,1.0,4,0,0.12308788873252174,0.10818528499233965,0.6034212722502006,0.2990854143124052,,,2.1982473452132282e-07,0.12308788873252174,True
CD4,5,5.807520750473126,6.340469570380493e-09,0.8,4,1,,0.5967753928658612,1.0141633979716413,0.9614899955842775,-0.490871153488797,0.741008652699001,2.204778410271805e-07,,False
EDRF1,6,5.807052644304516,6.358214951038968e-09,1.0,6,0,0.19874788475449812,0.051604290797544694,0.5272089713842574,0.23336042191788842,0.008519623386006,0.0907918367723215,2.2063139176016143e-07,0.19874788475449812,True
PIK3CD,6,5.7960725149159416,6.788591952631772e-09,0.8333333333333334,5,1,0.2810069877099526,0.01989381273652402,0.4037547488635669,0.5802087192730863,-0.0979167822847979,0.111377724503765,2.3439917999636985e-07,0.2810069877099526,True
MAFB,5,5.795853386301034,6.797462928845911e-09,1.0,5,0,,0.2662188819379523,0.6338127282489545,0.9847310888941316,0.631223206846099,0.37272976817628,2.3439917999636985e-07,,False
STK32A,6,5.795071044727231,6.829226508227944e-09,1.0,6,0,0.009168524621012697,0.3243849700203214,0.81147143559099,0.4823899821885904,0.0510493854248653,0.488199664361473,2.347801493762377e-07,0.009168524621012697,True
CSPG5,6,5.793563955312873,6.890822707721824e-09,1.0,6,0,0.04600969011765432,0.11607728483702529,0.5436239402289718,0.6371647988729845,0.118113031219153,0.0406065567013845,2.3614264484101785e-07,0.04600969011765432,True
BDNF,6,5.7881937599516124,7.114731522934508e-09,0.8333333333333334,5,1,0.02054135198624607,0.5946471722493345,1.6084972393701236,-1.0571954948212747,0.127150046258748,0.245992342136363,2.425559158065811e-07,0.02054135198624607,True
NTS,6,5.788023867466765,7.121929379047753e-09,0.8333333333333334,5,1,-0.14994071699063394,0.11903663028520217,0.8308593558781209,5.616171748918931,1.3998082224955,0.689993356072906,2.425559158065811e-07,-0.14994071699063394,False
PACS1,6,5.783803535487885,7.3030229200239655e-09,0.8333333333333334,5,1,0.15425397176719713,0.21950909227087934,0.3374785179859501,0.5613582064204703,0.0196474930437089,-0.256781734465184,2.4719761834813227e-07,0.15425397176719713,True
LHFPL4,5,-5.776116780489301,7.644432637110824e-09,0.8,1,4,,-0.5274372746909313,-0.4125093213285167,-2.4462230974226973,0.0164067877340164,-0.161402934682545,2.571761158728829e-07,,False
JAK2,6,5.765759083264302,8.12911148838918e-09,0.8333333333333334,5,1,-0.002154377530986018,0.3432769370509239,0.7517187577822488,0.44705905315402017,0.27515037166062,0.209417763360601,2.7084028203449375e-07,-0.002154377530986018,False
ISCA1,4,-5.765690709337973,8.132408178536937e-09,1.0,0,4,-0.19532869973423406,-0.14516032149839386,-0.24745460961968124,-1.7758953454086814,,,2.7084028203449375e-07,-0.19532869973423406,True
SERPINI1,6,5.760555099065504,8.383775615815361e-09,0.8333333333333334,5,1,0.3879927117724584,0.27567006720114406,0.585788986028656,-0.23046679582376495,0.164697767943614,0.054868654433295,2.7865111243569446e-07,0.3879927117724584,True
SNAP91,6,5.759616991692158,8.43050107464825e-09,0.8333333333333334,5,1,0.7530973593518162,0.18584874786900452,0.3552967305268222,0.5949446842418809,0.0401068909108587,-0.0014015324694749,2.7964259276067705e-07,0.7530973593518162,True
CCNG1,6,5.7581674526368465,8.503198291418008e-09,0.8333333333333334,5,1,-0.2546677960530648,0.25960753001961034,0.5187032258745692,0.41604099117489923,0.0980530900234677,0.607939404330947,2.8092802019870433e-07,-0.2546677960530648,False
CD276,6,5.746825707489638,9.093437685588025e-09,0.8333333333333334,5,1,0.1300076073951164,0.7663159411600433,0.658625059439399,0.3509085997630783,-0.277632834166298,0.474094343680903,2.985605232697799e-07,0.1300076073951164,True
SYT12,6,-5.746535448053797,9.109054147609887e-09,0.8333333333333334,1,5,0.41431600723771655,-0.3292108553578834,-0.7880814169642463,-0.6726792050518382,-0.511232318217845,-0.503620817829425,2.985605232697799e-07,0.41431600723771655,False
OXR1,6,-5.745348489292617,9.173186322285667e-09,0.8333333333333334,1,5,0.19750321381888192,-0.3488319076603359,-0.669936613424059,-0.43577612517630726,-0.195395778497329,-0.0114657934380329,3.0006833993373987e-07,0.19750321381888192,False
CDH19,6,5.737512495518813,9.607719333510503e-09,1.0,6,0,0.14787173539242282,0.42573803512850894,0.3572102092288132,0.32760405334608933,0.343947979874612,0.39200025385504,3.136626635271516e-07,0.14787173539242282,True
ARHGAP20,6,5.73623931966339,9.680185407157601e-09,0.8333333333333334,5,1,0.09023889311242606,0.19769209024582435,0.6427728982547487,-1.7385598083581453,0.428399345874892,0.388877863421186,3.1540635602219015e-07,0.09023889311242606,True
ZFP36L1,5,5.7333532813114925,9.846424321415051e-09,1.0,5,0,,0.27912277779451067,0.429351636511492,0.47447853993595324,0.0847253261125818,0.251614227262901,3.201925645737955e-07,,False
LIMD2,5,5.729211722849117,1.0089839817379569e-08,0.8,4,1,,0.009536128817519085,0.6926633016904722,0.3189365719058417,0.148162192154787,-0.386160726467745,3.261856028462239e-07,,False
UTP6,6,5.728297882594237,1.0144332165914727e-08,0.8333333333333334,5,1,0.07240907611506309,0.11500678794602948,0.4157663730001744,0.04180856022527557,-0.0750375773769469,0.193677293281734,3.273079649322038e-07,0.07240907611506309,True
MYO9B,6,5.723709655512584,1.0422280841824913e-08,1.0,6,0,0.17256764931654978,0.0714820990292444,0.29761154038670323,0.5684175777770184,0.195427523448697,0.273594250853443,3.349700825123999e-07,0.17256764931654978,True
IFNGR2,6,5.717787375781325,1.07920062256448e-08,1.0,6,0,0.12307373535220556,0.30842023587580325,0.6142009638289787,0.3386064248672991,0.0120417065146321,0.042493040549842,3.4618078885052854e-07,0.12307373535220556,True
MCHR1,6,5.7130869190332465,1.1094497498605287e-08,0.8333333333333334,5,1,0.12315441053363729,0.476342425107957,1.1406528950512755,1.914784338690588,-0.405588627200314,0.145942349979351,3.5314638960945136e-07,0.12315441053363729,True
AFG3L1,6,5.712236274073177,1.1150113098694152e-08,0.8333333333333334,5,1,0.08092692234238363,0.10976966866777094,0.29412298030081097,0.3951371941582478,0.0408447080375991,-0.177187502909197,3.542354549128322e-07,0.08092692234238363,True
HTR1F,6,5.711521875591557,1.1197030071301032e-08,1.0,6,0,0.26633625974745656,0.49390061568621246,0.6799438388050592,0.41840257874414366,0.328892226981378,0.0430947753750694,3.5499156401407217e-07,0.26633625974745656,True
MYOF,6,5.7112216074842355,1.1216806910304479e-08,1.0,6,0,0.24455759207908656,0.23436207039536328,0.5539725898014032,0.37105746507911475,0.522432617574673,0.0864026346891307,3.5499156401407217e-07,0.24455759207908656,True
CNRIP1,5,5.710650486085014,1.125451694249521e-08,0.8,4,1,0.21139659964999247,,0.539050548356121,-1.316951045385781,0.158360749476802,0.301994926194075,3.550330308838528e-07,0.21139659964999247,True
CLCF1,4,5.710552241252785,1.1261016264742792e-08,1.0,4,0,0.09881104697272214,0.18621860204690255,0.920881875421224,1.5318755058946474,,,3.550330308838528e-07,0.09881104697272214,True
DENND2C,4,5.709015360993599,1.1363163639660544e-08,1.0,4,0,0.11174288312216696,0.3470852695384187,0.7351677386101674,0.40309713660231994,,,3.5757240411342457e-07,0.11174288312216696,True
MS4A6A,3,5.699823749100989,1.19931357810915e-08,1.0,3,0,0.11555407279793917,0.7822465217990298,1.6868691293514333,,,,3.738425300350782e-07,0.11555407279793917,True
CHST11,6,5.697796305572147,1.213659311488431e-08,0.8333333333333334,5,1,0.303594304605614,0.1237031738313501,0.4114011472880934,0.12283636137838094,-0.030486851248622,0.19089924959737,3.771165104830074e-07,0.303594304605614,True
SDHD,6,-5.697180016613893,1.2180529815332892e-08,0.8333333333333334,1,5,-0.33860686594294,-0.09908563700772532,-0.26822979236070754,0.029885835086398416,-0.124326887522273,-0.222306396728838,3.771165104830074e-07,-0.33860686594294,True
CNKSR3,6,5.697057224713789,1.2189302386926592e-08,1.0,6,0,0.02084690780067433,0.0494526637721282,0.6437497131929368,0.5555712283135121,0.454373849413356,0.816235439930842,3.771165104830074e-07,0.02084690780067433,True
TIPRL,6,5.68771235760283,1.2875244787745283e-08,1.0,6,0,0.11591796054070702,0.0393420899409338,0.3995206325274223,0.2143056865922608,0.201209485118505,0.027717429000631,3.968548449287894e-07,0.11591796054070702,True
FEM1C,6,5.687025430090488,1.2927121299874362e-08,0.8333333333333334,5,1,0.17831641610853577,0.20148702401158758,0.5529957259560563,0.41713188752546504,0.0075004234927369,-0.0603400485285372,3.977132188764321e-07,0.17831641610853577,True
DUSP9,3,5.684209112738823,1.3141939714145551e-08,1.0,3,0,,0.015094365279235172,0.49327913294092984,0.7221262118402254,,,4.0273765224055553e-07,,False
WT1,4,5.683932744999315,1.3163205947177864e-08,1.0,4,0,0.004212375771774031,0.09756081978284012,0.3726146908169549,2.8964674115593994,,,4.0273765224055553e-07,0.004212375771774031,True
PKIB,5,5.678766257212452,1.3566972272011018e-08,0.8,4,1,,0.31212394442564406,0.7128943666983831,-0.49891547834096794,0.216513292488854,0.194355272491519,4.143183118935911e-07,,False
TNIP2,6,5.675494966223365,1.3828821041895327e-08,0.8333333333333334,5,1,-0.041043239098727646,0.1277424419373221,0.7385044118861881,0.7550193896715691,0.457423322165254,0.65052099877747,4.192209631601675e-07,-0.041043239098727646,False
L1CAM,6,5.6665639178620335,1.456894994384062e-08,1.0,6,0,0.6114752090358362,0.15253349640175795,0.24325355420057804,0.2850006408559107,0.264523897147033,0.258632230058519,4.4085056575950635e-07,0.6114752090358362,True
BTG2,6,5.66037178731682,1.510454012932852e-08,0.8333333333333334,5,1,-0.27000949686587905,0.5063459901988272,0.773789164184433,0.9709211204908739,0.180877476596585,0.146083174920154,4.5622326317636065e-07,-0.27000949686587905,False
CADM3,6,-5.659867423058491,1.5148997968404723e-08,0.8333333333333334,1,5,0.3308657814246647,-0.09839767995894722,-0.26573452642115747,-1.9143745640752918,-0.475355806701188,-0.287831458046365,4.5673263091627503e-07,0.3308657814246647,False
MACF1,6,5.659489021607312,1.5182436078572348e-08,0.8333333333333334,5,1,0.2253312583083149,0.19689460339896092,0.35259650873458614,0.2079822331990453,0.14939299177233,-0.0282282324556467,4.569085126773264e-07,0.2253312583083149,True
AKAP7,6,5.659067184217099,1.5219796990447253e-08,1.0,6,0,0.11757457249174985,0.2850281043849612,0.5921075401945406,0.022531931051494425,0.250941207321955,0.132568270096882,4.5720159670759153e-07,0.11757457249174985,True
RETREG1,5,5.645682476032592,1.6452725796333754e-08,1.0,5,0,0.12671564337628105,,0.34262976320985583,0.2597547165808658,0.216634671624808,0.013481187032337,4.889147529280364e-07,0.12671564337628105,True
CPM,3,-5.6444755384086,1.656855354024192e-08,1.0,0,3,,-0.06573141136826477,-0.7829816672494165,-0.12102398478255427,,,4.91474369530617e-07,,False
PMEPA1,6,5.643872032079799,1.6626767625598212e-08,0.8333333333333334,5,1,0.16364812025212405,-0.03308041435643805,0.5177968454045159,0.5731130093956116,0.316689399274907,0.164847957536535,4.923188868316666e-07,0.16364812025212405,True
FBRSL1,6,5.6396544541951075,1.7039175188368465e-08,0.8333333333333334,5,1,0.24848059234636377,0.19922234257852978,0.29680649315465857,0.3697129287361358,0.167016528845913,-0.280319516277249,5.030576396299301e-07,0.24848059234636377,True
CLDN12,6,5.63896317566161,1.710771129384482e-08,0.8333333333333334,5,1,0.03345978678678918,0.356562537211365,0.5540180206562582,0.05549922840004662,0.219089213962642,-0.473863259660768,5.038555824478994e-07,0.03345978678678918,True
SESTD1,6,5.631075451404605,1.7908935274021476e-08,0.8333333333333334,5,1,0.26390885887756177,0.2604673399245905,0.4396490195575433,-0.07339917213052694,0.107816601650452,0.0187941153189604,5.255827954886587e-07,0.26390885887756177,True
PRTFDC1,3,5.629862673453222,1.8035316000563797e-08,1.0,3,0,0.0228887759482701,0.27839212027421434,0.3924918027656146,,,,5.274214672108339e-07,0.0228887759482701,True
PSD2,4,5.627415682513064,1.8292953027782226e-08,1.0,4,0,0.4735695611720615,0.025239793665361887,0.6337544142987498,0.06552080702729857,,,5.327040433100921e-07,0.4735695611720615,True
ASCC2,6,5.627400907027146,1.8294519500786725e-08,0.8333333333333334,5,1,0.13215240390254746,0.09411763687642916,0.4160238045099378,0.33760936292756405,-0.0124401403565684,0.228534145392681,5.327040433100921e-07,0.13215240390254746,True
CCNF,6,5.62713848778703,1.8322362471811748e-08,0.8333333333333334,5,1,-0.18889690697650985,0.43839471052693646,1.1381839950822894,0.3734588900607696,0.4473428671844,0.119378826845886,5.327040433100921e-07,-0.18889690697650985,False
FAM136A,4,5.6266258429164075,1.8376873412884403e-08,1.0,4,0,,0.014365348388048371,0.36936295125001006,,0.292617972169929,0.424968238043631,5.327040433100921e-07,,False
AHR,6,5.616723723747803,1.9461221904305006e-08,0.8333333333333334,5,1,0.11302523045885149,0.33690158976935525,0.5271630368786928,0.620948187854113,-0.0538765724858241,0.285524982359349,5.631506030770218e-07,0.11302523045885149,True
VWC2,6,5.610253562069915,2.020303804909423e-08,1.0,6,0,0.3703520861611391,0.16236333452903662,0.6353171094833638,0.19237984645778994,0.250872823115435,0.830492214282327,5.815664100671439e-07,0.3703520861611391,True
BACH1,6,5.60878545330504,2.037514183216469e-08,0.8333333333333334,5,1,0.05339877972108331,0.12844195634023992,0.5732814103125863,1.543894158137305,-0.16002107360733,0.182586635334799,5.855023395937326e-07,0.05339877972108331,True
GPRC5C,6,-5.599988697107048,2.1436578190808475e-08,1.0,0,6,-0.055924033968984155,-0.38296187082805844,-0.5480437048773421,-0.14568036704186138,-0.326855883329453,-0.267584674261601,6.107026544135316e-07,-0.055924033968984155,True
TMEM231,5,-5.598176871474625,2.166176934067418e-08,0.8,1,4,,-0.16522259674208728,-0.42451835705774066,-1.1627741614719245,-0.114758740991485,0.0275046613657497,6.150010396686776e-07,,False
PIP5K1B,6,5.5910330409199975,2.2572261902739626e-08,1.0,6,0,0.28519052871639694,0.1928658157299541,0.8010780098988017,1.0243279691069844,0.132625744877972,0.441240731065021,6.3975355995573e-07,0.28519052871639694,True
INA,6,5.589902311900754,2.2719739200429198e-08,0.8333333333333334,5,1,0.9201368039381501,0.29256535122441196,0.36486403190717365,-0.8646115218380728,0.460333070648504,0.186957310084571,6.42832689308554e-07,0.9201368039381501,True
SLC2A1,6,5.58540626683088,2.331545150930638e-08,0.8333333333333334,5,1,0.2375275657937168,0.24059041340052456,0.284826808282455,0.9496018267142743,-0.28950401496691,0.126261311626937,6.574401250119919e-07,0.2375275657937168,True
AKNA,6,5.582285521432118,2.373782548895988e-08,1.0,6,0,0.27550697514529787,0.15204235909922725,0.49388756347822316,0.44979436625775726,0.0465850503314877,1.00015146811152,6.650113998371215e-07,0.27550697514529787,True
GPR65,5,5.582239224693005,2.3744147037094843e-08,1.0,5,0,,0.4486025628765825,0.6923317833724331,1.0329798860323318,1.11889573547393,0.107208007819463,6.650113998371215e-07,,False
ABCA17,4,5.582235413170135,2.374466755097504e-08,1.0,4,0,0.078125211663855,0.18224361638650105,0.7657872666355587,0.04188358946747117,,,6.650113998371215e-07,0.078125211663855,True
EIF2AK3,6,5.581590672835778,2.3832874943165766e-08,0.8333333333333334,5,1,0.1648693522026523,0.17292330545015,0.4708214458194391,-1.1161712038858846,0.186486934396932,0.0331540946146105,6.663543007758104e-07,0.1648693522026523,True
MRTFA,4,5.580904326082669,2.3927124011668792e-08,1.0,4,0,0.2997666682533846,0.08205701409103616,0.24183305235185415,0.5734914192852703,,,6.678613096815208e-07,0.2997666682533846,True
CYC1,6,-5.570364439663727,2.5420703901934418e-08,0.8333333333333334,1,5,-0.17763194752876021,-0.09828715188622805,-0.16070335566286875,0.05807669662051751,-0.700713377949139,-0.426694442003289,7.071655310669218e-07,-0.17763194752876021,True
STK39,6,5.569586036582711,2.5534527785824323e-08,1.0,6,0,0.3080090956291066,0.17452969838980703,0.3825565019912638,0.2961898706417694,0.0379952250774682,0.182580787279017,7.091401072331614e-07,0.3080090956291066,True
BOLA3,6,-5.566659420463242,2.5966921556678684e-08,1.0,0,6,-0.2507924933449379,-0.3270278127415338,-0.4514597451487128,-0.27845864268727727,-0.140185788469112,-0.201444182964204,7.175367038499926e-07,-0.2507924933449379,True
RRAGB,5,-5.563156555942347,2.6493800290405754e-08,1.0,0,5,,-0.030253289671404726,-0.39833159081360137,-0.24219793077366703,-0.349101941350406,-0.0854652293856231,7.308756373446601e-07,,False
LGI3,6,-5.562244084799846,2.663274266519192e-08,0.8333333333333334,1,5,0.7826209898661789,-0.38133597048385326,-0.9177343220521346,-0.585054513322687,-0.286969893680691,-0.339193029832277,7.334861174613256e-07,0.7826209898661789,False
PFKM,6,-5.555769113701531,2.7639201835979275e-08,0.8333333333333334,1,5,-0.13241380556811855,-0.24019482504886547,-0.4346140788476003,-2.0970036727896124,-0.205587712547261,0.0120302848311014,7.562213949744762e-07,-0.13241380556811855,True
MAZ,6,5.55575770866442,2.7641006764110567e-08,0.8333333333333334,5,1,0.11026959705580719,0.03532511842034003,0.17495111756699444,0.6142195053116639,0.111827368092725,-0.130627287711646,7.562213949744762e-07,0.11026959705580719,True
HTR3A,6,-5.551434538014707,2.8333481567828267e-08,0.8333333333333334,1,5,0.8102947181039175,-0.18410979099562574,-0.9446324305421028,-1.0270411197529823,-0.366613213533164,-0.38928883474074,7.72612499029149e-07,0.8102947181039175,False
GPAT4,6,5.550791954919585,2.8437835333526234e-08,0.8333333333333334,5,1,0.06401047911315683,0.12995480685407124,0.24952284244582756,0.4274505545121521,-0.0559815674252215,0.0469606992343536,7.741826487508655e-07,0.06401047911315683,True
SH3BP2,6,5.540511409171058,3.0158958856679976e-08,1.0,6,0,0.06201749787162636,0.3567860048122298,0.7891599523694328,0.915851402424813,0.284277530077184,0.0307585742063532,8.183460442553558e-07,0.06201749787162636,True
IKBKB,6,5.536851770455752,3.0795697067698406e-08,0.8333333333333334,5,1,-0.02636745154672493,0.15609425716319603,0.49983247485131166,0.27739115468493747,0.0088435144964007,0.121854404980501,8.315340585065972e-07,-0.02636745154672493,False
APOH,4,5.536564136374683,3.0846291470180915e-08,1.0,4,0,0.29744403209273096,0.321737058209407,0.960097650921401,0.10078299178806138,,,8.315436749420757e-07,0.29744403209273096,True
PYGO2,5,5.535923277337799,3.0959307768738246e-08,0.8,4,1,0.18627712987305056,,0.29099743235078446,0.3727779923218293,0.18917319288221,-0.550901631141414,8.332332718506592e-07,0.18627712987305056,True
CEMIP2,4,5.53298169956689,3.148323305345696e-08,1.0,4,0,0.1977618660130238,0.20851711049969168,0.5583159072709467,0.23301364708631578,,,8.445874773108908e-07,0.1977618660130238,True
VPS72,6,5.532185471233666,3.162652231831286e-08,0.8333333333333334,5,1,0.10813571449059545,0.03260020636818339,0.3102509068424144,0.3735561819949842,0.200618150816454,-0.240689843914518,8.470585718652337e-07,0.10813571449059545,True
KRT80,4,5.5257805585138415,3.28023925153831e-08,1.0,4,0,0.32762603583614447,0.1285792080792234,0.4130745423855602,0.6997029853565215,,,8.7713279630795e-07,0.32762603583614447,True
STAR,6,5.52501482716006,3.2945778686804315e-08,1.0,6,0,0.19267126693148817,0.32316146948677626,0.31101296780882226,1.9109696641577298,0.623248479212179,1.26141014146803,8.79546014232234e-07,0.19267126693148817,True
RBM43,5,5.52428566297459,3.308288253037032e-08,1.0,5,0,,0.16446558810572287,0.5739840800549083,0.2464206689080113,0.577357514363204,0.190802025818384,8.817840123070685e-07,,False
ELP1,4,5.521779724044514,3.355830348129174e-08,1.0,4,0,0.19031468635498872,0.11915781330836284,0.200108711886962,0.2586365365251231,,,8.930177479458856e-07,0.19031468635498872,True
GAS2,5,-5.521384713666671,3.3633846051019765e-08,0.8,1,4,,-0.25325924386734733,-0.42050503791105864,-1.3719075140889103,0.12380114607064,-0.139158449883653,8.935913641034977e-07,,False
VSTM2L,5,-5.519470183057123,3.400232804951775e-08,1.0,0,5,,-0.10926370669277574,-0.46487205361026973,-0.4361658588503583,-0.490066234664326,-0.518864484410358,9.019335478775928e-07,,False
SMIM18,6,-5.51766344441444,3.435365315343542e-08,0.8333333333333334,1,5,-0.10666159776809891,-0.4771572794142154,-0.8662576552184538,-0.12374063608130514,-0.0030004596829176,0.419147746338843,9.08341321079334e-07,-0.10666159776809891,True
PRSS56,3,5.511630095627074,3.555254962372578e-08,1.0,3,0,,0.011082810439735968,0.6268414100347366,0.6755229463822754,,,9.355577128329238e-07,,False
VIM,6,5.510869233998188,3.570659311805174e-08,0.8333333333333334,5,1,-0.09082726370486505,0.23056998310456756,0.5232116723169984,0.573298951595623,0.235230379990307,0.36245659071692,9.381198877618926e-07,-0.09082726370486505,False
CFP,6,5.4985054045260116,3.830238030777106e-08,0.8333333333333334,5,1,-0.05481762120626721,0.06417784983065489,0.8427778260551144,0.9432617545099369,0.15894796601833,0.193355807097962,9.983952737861835e-07,-0.05481762120626721,False
NMBR,3,5.496445331741776,3.875231536467111e-08,1.0,3,0,0.1399201645429964,0.10368255841697713,0.4687628576146031,,,,1.0077170629050007e-06,0.1399201645429964,True
TSHZ1,6,5.4951916698406436,3.9028628477502594e-08,0.8333333333333334,5,1,0.24547242503780398,0.14528136240623413,0.3488358580904114,0.35052439916884737,0.0621619355584784,-0.0211461912695929,1.0113084572480826e-06,0.24547242503780398,True
PLPPR1,4,5.495058421954772,3.9058109029420925e-08,1.0,4,0,0.21032706335734597,0.21022074110507072,0.5350277908348986,0.7473300862130805,,,1.0113084572480826e-06,0.21032706335734597,True
RBM47,6,5.49467387126824,3.9143310441329723e-08,1.0,6,0,0.22531499925285636,0.2177921851675603,0.4220158092377197,0.7371931727544685,0.575975233338722,0.683060760087729,1.0113084572480826e-06,0.22531499925285636,True
KTN1,6,5.494578926770989,3.916437415998193e-08,0.8333333333333334,5,1,-0.0008445133014909345,0.21638477319622496,0.6088184081611052,0.710486443830769,0.0864509895072654,0.108058845641442,1.0113084572480826e-06,-0.0008445133014909345,False
CR2,5,5.480958242186674,4.2302832813138955e-08,0.8,4,1,-0.12101653435066517,0.06475573307695562,0.7527499627769227,1.0518113510756655,1.84371109851293,,1.0822202298656505e-06,-0.12101653435066517,False
GJD2,5,-5.480318852805552,4.245600058744799e-08,1.0,0,5,,-0.11444045166004801,-0.6788814082615122,-0.21031616098855999,-0.832387101461279,-0.0811044958264562,1.0827915588959e-06,,False
NKAIN3,6,5.478895936648502,4.2798797003021416e-08,0.8333333333333334,5,1,0.15796520410949932,0.09616742547929169,0.555345993292458,0.24657220469677466,0.496910643946631,-0.192955089033699,1.0879881630199037e-06,0.15796520410949932,True
P2RX2,6,5.4786556343114245,4.2856952772412834e-08,1.0,6,0,0.16092213366465913,0.23290976962947996,0.8314719959283057,0.2908116998076826,0.0198889052781546,0.362692367349494,1.0879881630199037e-06,0.16092213366465913,True
SDR39U1,6,-5.476158738654694,4.346578058991217e-08,1.0,0,6,-0.16799123954956396,-0.0009659616371195945,-0.45264506639620805,-1.5739850290899526,-0.178028770226561,-0.120151347209434,1.0983902295026355e-06,-0.16799123954956396,True
STBD1,6,-5.47210814945536,4.4471328802271094e-08,0.8333333333333334,1,5,-0.18158584620806995,-0.4056760204769798,-0.7640098819922558,-0.06965721562469351,-0.0432077555284729,0.152178189164605,1.120379656522361e-06,-0.18158584620806995,True
FAM234B,6,-5.471652511345087,4.458584097818163e-08,0.8333333333333334,1,5,0.39702899719946405,-0.17622084742635158,-0.38426001491067385,-0.14713935860244476,-0.335608116604987,-0.338273933700236,1.1215575074025263e-06,0.39702899719946405,False
UTP20,6,5.469915403409111,4.5025043745995104e-08,1.0,6,0,0.20032813406889005,0.08593572578322473,0.26270138541450727,0.12211336904583181,0.0223958014285053,0.0764486382131446,1.1308869864699712e-06,0.20032813406889005,True
ACO2,6,-5.459207959295475,4.782633115347437e-08,0.8333333333333334,1,5,-0.14518683395895415,-0.10563042978549397,-0.21940790491401607,-2.4435927046123,0.0022026719402468,-0.111953104703021,1.1922009536932344e-06,-0.14518683395895415,True
VWC2L,6,-5.458690409047412,4.796592862071693e-08,0.8333333333333334,1,5,0.41797437063313003,-0.5415058253190508,-1.1443539284493713,-0.925447595183682,-0.0057014134433348,-0.134907504622573,1.193602883058982e-06,0.41797437063313003,False
CD28,3,5.457775481041975,4.821367663247279e-08,1.0,3,0,,0.29435075391773935,0.5663276928563551,0.23269595615670424,,,1.1964509379620536e-06,,False
STARD13,6,5.456280670483061,4.8621118773034144e-08,1.0,6,0,0.13939248123500825,0.1824689439774816,0.40532885117966533,0.2794166611653468,0.174068817731289,0.0380767001177145,1.2017611395716558e-06,0.13939248123500825,True
SLC29A4,6,5.456191684664256,4.864547870426592e-08,0.8333333333333334,5,1,0.5129633081485352,0.3366687376652042,0.9878020635122748,0.6548175512884913,-0.629754989275501,0.172288564037884,1.2017611395716558e-06,0.5129633081485352,True
IFNAR2,6,5.45540853473955,4.886037738707374e-08,1.0,6,0,0.02287305045470811,0.21195135704924617,0.37034050463581725,0.5161446240073904,0.122872773574056,0.113536068104839,1.205271187050439e-06,0.02287305045470811,True
RRAS2,6,5.452367993666602,4.9703466314615275e-08,0.8333333333333334,5,1,-0.1539706356077053,0.31867376693770266,0.45046037974893594,1.4359812984976146,0.346360054325403,0.0425567613633793,1.2188026287992771e-06,-0.1539706356077053,False
LUZP1,6,-5.447764976383921,5.100669425634435e-08,0.8333333333333334,1,5,0.22155362333638617,-0.3718932502473633,-0.570978461934267,-0.2798273740801305,-0.2610059389269,-0.089471669771326,1.2415629460750172e-06,0.22155362333638617,False
TPPP2,3,5.4418213325693925,5.273855690481163e-08,1.0,3,0,,0.28116998206228827,0.6268223592092801,0.003820547332961232,,,1.279953949983053e-06,,False
CHFR,6,5.441346535121476,5.2879335710859865e-08,0.8333333333333334,5,1,0.10671423138981506,0.1245239831910423,0.21281123239185895,0.26591617879354956,0.217771993880208,-0.153070120152786,1.2814916027615702e-06,0.10671423138981506,True
KLF10,6,5.440754019358987,5.3055529249114766e-08,0.8333333333333334,5,1,0.08447937474196454,0.156886976697177,0.4692754829128907,0.682141071940161,-0.0959487286601473,0.198014213197503,1.2838817545779937e-06,0.08447937474196454,True
SDHA,6,-5.432738519263229,5.5495699556984596e-08,0.8333333333333334,1,5,-0.0637587668884887,-0.10546518591675902,-0.3242195368904408,-0.021577998568726997,-0.0760168805760135,0.0246085513605201,1.3370666944209739e-06,-0.0637587668884887,True
FOXN3,6,5.4278449998390235,5.703853989974859e-08,1.0,6,0,0.20326287801060072,0.22164717670113143,0.5209822465902034,0.3841244281532976,0.104933847752783,0.143969374659887,1.3690233736945794e-06,0.20326287801060072,True
TMEM268,6,5.421747350803084,5.901925861793651e-08,0.8333333333333334,5,1,0.29896990104828536,0.15599324525661373,0.2793032816236014,0.371968980579219,0.0286456931314181,-0.0786048638748484,1.4096490168024317e-06,0.29896990104828536,True
OSMR,6,5.417838145968986,6.032398655369183e-08,1.0,6,0,0.3151333697923868,0.1774758194295467,0.6500918492883736,0.030163645642089953,0.337003939568446,0.272906104868274,1.4379870923774214e-06,0.3151333697923868,True
SLC6A5,4,5.417673721612231,6.037947252309738e-08,1.0,4,0,0.030957139241682863,0.06629942284867713,0.5973977287048072,0.46495999836863877,,,1.4379870923774214e-06,0.030957139241682863,True
SEPTIN6,3,5.417356238118139,6.048674915850021e-08,1.0,3,0,0.2506208901562932,,0.49721474034600543,0.10442046542777561,,,1.438472229987781e-06,0.2506208901562932,True
ILDR2,6,5.411556871616716,6.247914465476608e-08,1.0,6,0,0.07162877424930436,0.297001209852662,2.2162577702619406,0.042837905870614534,0.253883205398837,0.31769830343371,1.4815971380024184e-06,0.07162877424930436,True
MYADML2,6,-5.410325654365866,6.291024328721347e-08,0.8333333333333334,1,5,0.06752790433899936,-0.22671893043566427,-0.5037257533732178,-1.1375812805242431,-1.00058028523298,-0.231601415363647,1.4875576384142248e-06,0.06752790433899936,False
UNC93B1,6,5.409641401400182,6.315107214629125e-08,0.8333333333333334,5,1,0.12650743030652833,0.2145347502581294,0.5153332468309655,1.1157986534326785,-0.0775204855557388,0.146670858573007,1.4911220344727713e-06,0.12650743030652833,True
TMEM196,6,-5.408076933342641,6.370506095547771e-08,0.8333333333333334,1,5,0.38587764129323965,-0.2619687718870971,-0.5525762380474122,-0.6772728417086675,-0.324573600638825,-1.25343359364154,1.5020600697080726e-06,0.38587764129323965,False
TLR8,4,5.402850302397574,6.55901965555357e-08,1.0,4,0,0.10235066689284822,0.2135435250058899,1.0322739130432015,1.4623668607608358,,,1.5421149621977651e-06,0.10235066689284822,True
CYFIP2,6,5.401558546469662,6.606436972877699e-08,0.8333333333333334,5,1,0.6334876331663963,0.15000399316614654,0.40062049752179796,0.47982068005750733,0.15706857769508,-0.0602720741613789,1.5488632404401085e-06,0.6334876331663963,True
GFM1,6,-5.400903850322234,6.630595964076213e-08,0.8333333333333334,1,5,-0.13398355595967537,-0.21055237942974703,-0.34391413495937684,-0.15257573094569832,-0.0395064593663361,0.203444696789826,1.5501359378162357e-06,-0.13398355595967537,True
FHOD3,6,5.397935431670626,6.741211756607794e-08,1.0,6,0,0.17566969376546293,0.24875961477351227,0.2524240445760011,0.9786121509158452,0.0373789938602156,0.164493896690631,1.5737734414015825e-06,0.17566969376546293,True
HRH3,5,-5.395100293674683,6.848528738290224e-08,0.8,1,4,0.49570785538880635,-0.0988829503030817,-0.9192273329109395,-0.6029404292719043,,-0.754525070169844,1.5943297844751027e-06,0.49570785538880635,False
SUCLG1,6,-5.392590876607972,6.944895577053711e-08,0.8333333333333334,1,5,-0.28376807314243546,-0.16622557718606412,-0.16548939593379597,-1.6701160226751384,-0.593415102954935,0.111246625106578,1.6144931403285538e-06,-0.28376807314243546,True
CD86,6,5.387581514188769,7.141209057380388e-08,1.0,6,0,0.123974027721097,0.16653908682492446,0.5461454359458388,1.0547065417718224,1.05211972214252,0.70200778558223,1.6578021362939716e-06,0.123974027721097,True
THBD,6,5.382446786582431,7.348010319256186e-08,0.8333333333333334,5,1,0.18442173727544908,0.5934900034931201,1.455257244538231,0.4328480433815809,-0.0943502517373629,0.131180901111649,1.7034211037020782e-06,0.18442173727544908,True
ADRA2C,5,-5.380779043339898,7.416418006800794e-08,1.0,0,5,,-0.21319397471420398,-0.7233588749863897,-0.17124597373907902,-0.312778089284138,-0.221028785016916,1.7168748370428913e-06,,False
SLC25A24,6,5.376278829577301,7.604100392515155e-08,0.8333333333333334,5,1,0.057493439597278595,0.10064810308402183,0.1945674702950022,0.7933441480037304,0.17544155269533,-0.0627891647589394,1.7529675445252208e-06,0.057493439597278595,True
TFDP2,6,-5.374410539621397,7.683361832818305e-08,1.0,0,6,-0.268006152123772,-0.11893409895719076,-0.3131042521565943,-0.15538117444561372,-0.178549298108563,-0.0508768088566973,1.766319514677897e-06,-0.268006152123772,True
TRIO,6,5.368352237522912,7.945925226503753e-08,0.8333333333333334,5,1,0.3289298338474538,0.08677524462862918,0.2273332617133823,0.10547071196603586,0.0996507906626758,-0.0419002204389425,1.811583393238156e-06,0.3289298338474538,True
SCNN1A,4,5.367499312264979,7.983581264536946e-08,1.0,4,0,0.20688114452789863,0.16037812440426108,0.42172246657133505,0.3493195608626004,,,1.8176648843275865e-06,0.20688114452789863,True
NLRP3,4,5.364920506725248,8.098487795044732e-08,1.0,4,0,0.40093221504563514,0.14607040459427434,0.8173496312547155,0.6910275845800711,,,1.835530818508489e-06,0.40093221504563514,True
NTM,5,-5.364055415532056,8.137392078651637e-08,0.8,1,4,,-0.3902215415303256,-0.7721155572353795,-0.19740816026647057,0.284778327082009,-0.0160392186551599,1.8400288754896435e-06,,False
TRIM35,6,5.359637668388941,8.338902813951733e-08,0.8333333333333334,5,1,0.02208715633375391,0.1505827654688865,0.4292806042710877,0.5218900805622173,0.0430783209680624,-0.310049403192356,1.8778982228099195e-06,0.02208715633375391,True
XKR4,6,5.359265015090589,8.356120264269495e-08,1.0,6,0,0.43401029625573906,0.3094815313989814,0.5223983479646268,0.005476827123173322,0.634132448755452,0.259259447724274,1.8792187855188678e-06,0.43401029625573906,True
ABHD8,6,-5.358488182321859,8.392122488096932e-08,0.8333333333333334,1,5,0.2891070761308132,-0.20066086180712173,-0.5575246041532633,-1.5271474124629734,-0.486015233770794,-0.0984927452475155,1.8847545647622853e-06,0.2891070761308132,False
RNASEL,6,5.356803416673888,8.470719594474262e-08,0.8333333333333334,5,1,0.24228720406627868,0.07550368196145829,0.4266209180112499,-1.1899894317338977,0.433518443821416,0.664184565625674,1.8998286006468562e-06,0.24228720406627868,True
RAB32,5,5.353759211773798,8.614547984409475e-08,1.0,5,0,,0.15803374823323435,0.6541675579424413,0.545453283086093,0.447208147987117,0.0889295176622777,1.929472235966788e-06,,False
ACVR1C,5,5.349521384783491,8.818714062052619e-08,1.0,5,0,0.06790121893706715,0.13006971384675153,0.24504771502990735,2.639887160151531,0.565327019419957,,1.967215029044406e-06,0.06790121893706715,True
ZFAND5,6,5.348294783660873,8.878677157968716e-08,1.0,6,0,0.0787673270105147,0.015712711795740297,0.2621051900629352,0.25838985458132235,0.232100195546681,0.131576443821953,1.9752669935308897e-06,0.0787673270105147,True
NMS,4,5.345817975627907,9.000962982412018e-08,1.0,4,0,0.05427503429028241,0.0674678528079105,0.9687159864426423,1.5176548949239874,,,1.994965716925517e-06,0.05427503429028241,True
TG,3,5.3448227540829825,9.050557273067043e-08,1.0,3,0,,0.03536752140088863,0.4624282356464929,0.25095681804681547,,,2.002738288553552e-06,,False
ABHD17B,6,5.343961455052315,9.093691345606872e-08,1.0,6,0,0.13979029928086018,0.18519706868324048,0.5496019329366595,0.2917904486450773,0.0025235234054863,0.367820010438632,2.0095965173896523e-06,0.13979029928086018,True
IMPA2,6,-5.341312987750602,9.22757782840225e-08,0.8333333333333334,1,5,0.2586768032461433,-0.17374747195643558,-0.49605271798662187,-0.9106386436736367,-0.839944339066315,-0.473655793076403,2.036464909542854e-06,0.2586768032461433,False
RPA1,6,-5.338803919526247,9.356176428210692e-08,0.8333333333333334,1,5,-0.0007095605739282362,-0.22644323194693117,-0.48033185767896125,-0.20374436917990835,0.148764284242806,-0.086463500471132,2.0620963014612964e-06,-0.0007095605739282362,True
PPP1R3C,5,-5.33739331048879,9.429235243944351e-08,1.0,0,5,,-0.27194820884722737,-0.47637971567279225,-0.15510264206309898,-0.0984099119063266,-0.226249616830517,2.0726786422014197e-06,,False
KCNS1,6,-5.33692765671554,9.453473585202366e-08,0.8333333333333334,1,5,0.6851386143195661,-0.44578278424253037,-1.1691993921001824,-0.32218689050372884,-0.304060281110088,-0.221789973872241,2.0752505939293045e-06,0.6851386143195661,False
SMARCC2,6,5.3347887720948854,9.565584385828696e-08,0.8333333333333334,5,1,0.27076534685043185,0.09841376349555997,0.18874026203454264,0.23125432524571998,0.0893143148254638,-0.211540381859647,2.0943062533629178e-06,0.27076534685043185,True
KCTD12,4,5.3320822080093295,9.709296295813085e-08,1.0,4,0,,,0.26812757546049504,0.6910107267930536,0.233065392555248,0.447458920224539,2.1229626458163565e-06,,False
ABL2,6,5.3268214989618805,9.994629683661529e-08,0.8333333333333334,5,1,0.22290586808202262,0.03858385037356582,0.2518952581081102,0.2857529573982047,0.106379401628377,-0.270505882574002,2.1824684765694673e-06,0.22290586808202262,True
EIF3F,6,5.326528699128048,1.001074692547883e-07,0.8333333333333334,5,1,0.09123984355527881,0.10006463553401268,0.2963860553644322,0.26328195058139503,-0.0129372818453013,0.0786760068521706,2.183107814367926e-06,0.09123984355527881,True
SLC26A2,6,5.325626068373679,1.006059094164525e-07,0.8333333333333334,5,1,0.12225726906204581,0.308994529934735,0.7421203680487114,-1.02012735369191,0.202075705564234,0.517665401498213,2.191090806133055e-06,0.12225726906204581,True
MARCKS,6,5.318505313854149,1.0462316514332282e-07,0.8333333333333334,5,1,-0.07638545463178392,0.34111325805974513,0.5401797896118552,0.6748584262221575,0.326191099645339,0.0583116383439637,2.270665963506625e-06,-0.07638545463178392,False
GRIN1,6,-5.318183378601508,1.0480840962536621e-07,0.8333333333333334,1,5,0.9006304557855911,-0.13075439459029958,-0.43213461913840057,-2.0988288324155686,-0.510964876483283,-0.537824035607287,2.270665963506625e-06,0.9006304557855911,False
WNT3,3,5.315325474513409,1.0646685093094982e-07,1.0,3,0,,0.08917212883878697,0.3165864241004064,0.1938631681010407,,,2.3035808060249433e-06,,False
COL28A1,6,5.314341336525532,1.0704380309558277e-07,1.0,6,0,0.23038712031101927,0.06614190139612575,0.4056189889635755,0.39455300696627926,0.0716790004118273,0.33353977282514,2.313040507621522e-06,0.23038712031101927,True
MEDAG,6,5.313128061900302,1.07759252536566e-07,0.8333333333333334,5,1,0.21516948344529574,0.37378381095569413,1.1489422983250162,-0.8617916872339175,0.303357091889855,0.560554232842466,2.3254643389638075e-06,0.21516948344529574,True
HOXB8,6,-5.305164320137229,1.1257154400996114e-07,0.8333333333333334,1,5,0.3143529936654801,-0.6384910981018128,-0.8383427137585788,-0.11859737284680127,-0.444376694136094,-0.524349624247678,2.4131839935877145e-06,0.3143529936654801,False
PDGFC,6,5.303928801962298,1.1333653155918043e-07,0.8333333333333334,5,1,0.0031751406446898223,0.24301013540213767,0.6545902005674571,0.8302456497316522,0.544426031602761,-0.367081490084359,2.4174565339788075e-06,0.0031751406446898223,True
CALB1,6,5.298858062960624,1.1652917311357619e-07,0.8333333333333334,5,1,0.012445017771023803,0.5061892964210071,1.2188488852563162,-0.37810581391776843,0.56074673131344,0.204655971769951,2.469642603554306e-06,0.012445017771023803,True
NHLRC3,6,5.297776311984662,1.1722144189805065e-07,1.0,6,0,0.05617772759673523,0.11659796087420538,0.39235604019611214,0.4300722417882854,0.159256008831725,0.23127822293735,2.4811372203280493e-06,0.05617772759673523,True
LIFR,6,5.297199927331512,1.1759192381241315e-07,0.8333333333333334,5,1,0.6566826147698261,0.4062813599760169,0.542627962264076,-2.454315755982984,0.0928733934043809,0.101090088025469,2.4826294935498247e-06,0.6566826147698261,True
PTPN2,6,5.296819086973747,1.1783733737260007e-07,0.8333333333333334,5,1,-0.04384071118582478,0.23694256472842734,0.6824235951110404,0.1430245066493918,0.226454652066975,0.564440157309207,2.4846415390971673e-06,-0.04384071118582478,False
PPFIA2,5,5.295646361599617,1.185961583772422e-07,0.8,4,1,0.5199340697954193,,0.4361127664743849,-1.3487524717975452,0.263600046990472,0.334223629753302,2.497460068015411e-06,0.5199340697954193,True
MRAP2,6,5.295316631998141,1.1881036265217124e-07,0.8333333333333334,5,1,0.5816839483471785,0.6135315008577966,0.8041085596261137,0.13770254454382203,0.225919228293081,-0.286022599310872,2.498791769528257e-06,0.5816839483471785,True
SLC37A4,6,-5.29489254446002,1.1908641568620337e-07,0.8333333333333334,1,5,-0.2547332736996726,-0.17312332028237476,-0.2947810576873984,0.0032396228137514527,-0.11610668005943,-0.382451739683933,2.501419228982282e-06,-0.2547332736996726,True
ABCC3,6,5.294187571518612,1.1954668048497433e-07,0.8333333333333334,5,1,0.236406143584722,0.02762956122254545,0.4021868757143623,0.7879983384106479,0.261973602108488,-0.443841490222891,2.5079045061942905e-06,0.236406143584722,True
ASCC3,5,5.291457334414732,1.213455012019548e-07,0.8,4,1,,0.12255695794025279,0.23603354907514795,0.46073989781458025,0.289053417757799,-0.0337523377697395,2.5392044701577193e-06,,False
GYS1,6,-5.286986823577721,1.2434759281952126e-07,1.0,0,6,-0.07125183110982913,-0.15105131944615913,-0.14977771064767875,-1.3399619822516762,-0.201988147748826,-0.23377476632537,2.5931807229410703e-06,-0.07125183110982913,True
GPR19,6,5.281849370325054,1.2788632663585242e-07,0.8333333333333334,5,1,-0.021008278786943002,0.06997212252982488,0.4815193442250125,0.8525962377445837,0.126218000227651,0.526502276467109,2.6525995970885077e-06,-0.021008278786943002,False
B4GALNT4,6,5.2815558555943785,1.2809141806667056e-07,0.8333333333333334,5,1,0.5306739462930814,0.2367389094134995,0.34128943154941815,0.8224957715029655,0.275052409756929,-0.0739078519213887,2.6535283502372105e-06,0.5306739462930814,True
DLG5,6,5.2802963941212,1.2897507607616066e-07,0.8333333333333334,5,1,0.46421484783067957,0.17431810612940257,0.47848527489610415,0.22672108596893192,0.0360751886287913,-0.580451382231469,2.6675709481119894e-06,0.46421484783067957,True
RGS6,6,-5.279970960125884,1.2920436277064454e-07,0.8333333333333334,1,5,0.42003678282467494,-0.690584618376707,-0.958763575956084,-0.704830700942968,-0.0700073249517681,-0.317152287846224,2.6675709481119894e-06,0.42003678282467494,False
OPRD1,6,-5.279196944562799,1.297512860316799e-07,0.8333333333333334,1,5,0.12430991813038683,-0.37109862333916277,-0.5724776091620821,-1.017619280296017,-0.632833279138469,-0.341915467310352,2.6745246405932326e-06,0.12430991813038683,False
EPHX1,6,-5.27588559137709,1.3211649760773554e-07,1.0,0,6,-0.28270933982353696,-0.15725156784626826,-0.48720679994656724,-0.32205864495459835,-0.307293016185852,-0.118753608812004,2.7198908810985555e-06,-0.28270933982353696,True
VWA5A,6,5.270847398683362,1.3579533909210516e-07,0.8333333333333334,5,1,0.325657230515751,1.1559952168350707,0.6197865027783553,-0.12732438804331103,0.0164038413252821,0.0905418625530556,2.7852347616512076e-06,0.325657230515751,True
C3,6,5.266631087291409,1.3895003809863346e-07,1.0,6,0,0.07846481123263693,0.6773045242209941,1.6170388487343663,1.6365604224902723,0.359739496722396,0.831597282585916,2.8428937337559714e-06,0.07846481123263693,True
MCM5,6,5.266143337500125,1.3931952115600024e-07,0.8333333333333334,5,1,0.20439843078179143,0.584217307271984,1.4773794474201782,0.27823344892978197,-0.189706798860732,0.109739120175127,2.8469342150297727e-06,0.20439843078179143,True
IER5,5,5.260591410072731,1.4359279651621963e-07,0.8,4,1,,0.10783765498827025,0.7658283023335635,1.012664448288083,-0.164642480403836,0.346445677219812,2.927029517163137e-06,,False
PRR13,6,5.255833940146848,1.4735520786151286e-07,0.8333333333333334,5,1,0.22579939051222908,0.3383083616031115,0.633487326043678,0.8591228267655886,0.0135066191594556,-0.274936751143271,2.9926667491089095e-06,0.22579939051222908,True
TMEM70,6,-5.25391626194004,1.4889859942141495e-07,1.0,0,6,-0.09740490215521547,-0.26373933739848177,-0.2109603934925568,-1.2776069259332643,-0.107646045754271,-0.0016008342695543,3.0203059039500737e-06,-0.09740490215521547,True
PRKCG,4,5.252599633099896,1.4996729215329436e-07,1.0,4,0,0.46752752801319364,0.11378681838571991,0.39545903363864277,1.246474824177549,,,3.03826024445695e-06,0.46752752801319364,True
PYGB,6,-5.249785009570846,1.522768268973572e-07,0.8333333333333334,1,5,0.5706040803913588,-0.2170656610663837,-0.4990024112262166,-0.1265051014299825,-0.15657648020113,-0.0968498179281136,3.0812787760453016e-06,0.5706040803913588,False
TGM7,4,5.248888796458336,1.530194059749714e-07,1.0,4,0,0.1268025528541844,0.0725490841035057,0.4874673759336546,0.04930530334561897,,,3.085973769570321e-06,0.1268025528541844,True
ADAM8,5,5.248830082423828,1.5306817694642542e-07,1.0,5,0,0.23014924806512083,,0.6015502269672188,2.529168164765365,0.212293616183306,0.449452207781192,3.085973769570321e-06,0.23014924806512083,True
DPP3,4,5.248266666638349,1.5353694468077392e-07,1.0,4,0,0.27435570482839644,0.186909926536436,0.259075406852066,0.3729160139372105,,,3.0916587692897444e-06,0.27435570482839644,True
CHD7,6,5.245542100841625,1.558234707829099e-07,0.8333333333333334,5,1,-0.007020363876970581,0.17886288721031018,0.4437966642290161,0.35183780501380735,0.999314541189634,0.587903284772602,3.126291016240878e-06,-0.007020363876970581,False
PGRMC2,6,5.2441997106555505,1.5696211415886785e-07,1.0,6,0,0.07564664761081374,0.046290612750414795,0.18340674873180163,0.2563441918241782,0.0618586642714067,0.129323794863728,3.1447366731343247e-06,0.07564664761081374,True
KYAT1,6,-5.24401098505197,1.5712283885222853e-07,0.8333333333333334,1,5,-0.0382828845381642,-0.26279021976057426,-0.35705236770638926,-0.13116086623248124,0.110224410364307,-0.253405805165755,3.1447366731343247e-06,-0.0382828845381642,True
ZFP804B,5,-5.243275924345254,1.577503582302216e-07,0.8,1,4,0.2761685804966145,-0.5830387957803966,-0.9945084525164332,-0.5173152952436335,-0.0269006980358686,,3.149679046352989e-06,0.2761685804966145,False
RABGAP1L,5,5.239879478367352,1.606815031812372e-07,0.8,4,1,0.09840800528848437,,0.5664489616504511,-0.2972931631462288,0.199996237464558,0.340240062424616,3.2043376393443835e-06,0.09840800528848437,True
UBL4A,5,-5.238382947786311,1.619896653435238e-07,0.8,1,4,-0.15385815589910745,-0.09652408029093928,-0.19444304761562936,,-0.318412440310375,0.081901139332899,3.2265378348568066e-06,-0.15385815589910745,True
UAP1,6,5.233914887269587,1.659568943264471e-07,0.8333333333333334,5,1,-0.06453703323396631,0.1539697024187916,0.4456005482971994,1.0014849794179161,0.416167340936144,0.0792225555588939,3.299511238711395e-06,-0.06453703323396631,False
SEC63,6,5.233809037036987,1.66052009536406e-07,1.0,6,0,0.05748659735320949,0.020993428665461167,0.3398922766338961,0.3065960611401728,0.164545078922321,0.0313986989383108,3.299511238711395e-06,0.05748659735320949,True
GFOD1,5,-5.231209584367259,1.6840444392082627e-07,0.8,1,4,,-0.23528396351929892,-0.5107258831780968,-0.2836445835526078,0.0552032535975258,-0.0281448716926009,3.3382399470389417e-06,,False
SLC25A33,6,-5.229577134222957,1.698982045130074e-07,0.8333333333333334,1,5,0.05657244182340726,-0.2704420965742651,-0.45957427550286756,-1.5245585327865738,-0.0044863402033557,-0.415819548695259,3.355793652863125e-06,0.05657244182340726,False
ERBB3,6,5.22868691786842,1.7071817941335557e-07,1.0,6,0,0.1274164345859612,0.10513049309808586,0.2224975417843007,0.29975886834984866,0.109817304671165,0.235614993627239,3.3679705669247456e-06,0.1274164345859612,True
KRTAP2-4,3,5.2262611997489055,1.7297196380318427e-07,1.0,3,0,,0.009648903890054333,0.2917799872315498,0.05408732922667846,,,3.4083713629408405e-06,,False
CHRDL2,4,5.225495065368938,1.7368975327098285e-07,1.0,4,0,0.3462725345555189,0.10433977295417907,0.5121610072435256,0.6853444346498084,,,3.4184456553404377e-06,0.3462725345555189,True
ADCY7,6,5.216402790575619,1.824312456388747e-07,0.8333333333333334,5,1,0.1374788187898126,0.1280645553290487,0.3433405883776697,0.48161118798443336,-0.214994263702452,0.22476662782517,3.581971503931974e-06,0.1374788187898126,True
GBA,4,-5.211150294619403,1.8767333299573122e-07,1.0,0,4,,-0.03921314810038812,-0.12960769804566485,,-0.328832346620206,-0.370100754827722,3.6718309784223917e-06,,False
GZMB,4,5.20949188486358,1.8935848949504427e-07,1.0,4,0,0.06001432603381276,0.17066022515565502,1.971716939637104,0.0976837857513071,,,3.696063346841949e-06,0.06001432603381276,True
NPS,4,5.209219484076212,1.89636678408365e-07,1.0,4,0,0.029818573650259906,0.51990806272199,0.6995711536018518,0.03966737948357117,,,3.697133452314791e-06,0.029818573650259906,True
HOXB6,4,-5.206110532579983,1.9283980641668874e-07,1.0,0,4,,,-0.3760251751225434,-0.3635281973448312,-0.233551619788315,-0.263724366480656,3.741951319823015e-06,,False
DNAJC15,6,-5.203698959554744,1.9536038396732842e-07,0.8333333333333334,1,5,-0.3786185273487739,-0.0831990507546081,-0.28891360826008405,-0.08476716390955286,-0.0863960677281814,0.394947101808047,3.7819942402657547e-06,-0.3786185273487739,True
KANSL3,6,5.202157542699232,1.9698812408599292e-07,0.8333333333333334,5,1,0.12854215965050564,-0.010232744538187344,0.2707851079673027,0.2859417737510457,0.0659978496577316,0.216513401283669,3.8047181193566914e-06,0.12854215965050564,True
ITGAX,6,5.198971790973652,2.0039393162519907e-07,1.0,6,0,0.021403478294698797,0.2899329288521072,1.2797985443884228,0.4401787798222523,0.953604553741779,0.401784110549089,3.855930420063412e-06,0.021403478294698797,True
FBXO10,5,5.198801723618435,2.005773375830472e-07,0.8,4,1,0.2636369248048096,,0.4122277590096983,0.03370454908213949,0.187811723954314,-0.109444011750722,3.855930420063412e-06,0.2636369248048096,True
PHOSPHO1,6,-5.1972981106485125,2.0220595434868947e-07,0.8333333333333334,1,5,-0.08112159530662222,-0.21946324046914079,-0.5880460771646643,-0.9269666512407948,-0.544042049793558,0.039573259475516,3.882729647772052e-06,-0.08112159530662222,True
ANKRD44,6,5.1961774216263015,2.0342811773495849e-07,1.0,6,0,0.2276839791266645,0.1528876141283475,0.3286520774251942,0.1356145520990406,0.475306931822163,0.190187750882114,3.892649947686744e-06,0.2276839791266645,True
GPR37,6,-5.195908806368933,2.0372211408369794e-07,0.8333333333333334,1,5,0.1014136904363312,-0.13379156810137172,-0.4949417776653853,-1.3007151363615352,-0.459479535075842,-0.152549828708472,3.89377417126255e-06,0.1014136904363312,False
GATA3,4,5.19566375570266,2.0399067740550205e-07,1.0,4,0,0.1852663850190655,0.06317544510963698,0.3736728551737274,0.4294220286036355,,,3.894410256535029e-06,0.1852663850190655,True
FCER1G,6,5.195050073271526,2.0466474504413694e-07,0.8333333333333334,5,1,-0.13095771645050158,0.35591221035767684,1.0970120444449645,1.3131939930848562,0.596484299712112,0.417465822320669,3.902777488445339e-06,-0.13095771645050158,False
SELENOM,6,-5.19217448581677,2.0785206646676945e-07,0.8333333333333334,1,5,-0.09363071741907714,-0.2777869007499678,-0.4741845287928115,0.008404826692279599,-0.493627208552621,-0.322762420970004,3.958995862092023e-06,-0.09363071741907714,True
GNAI2,6,5.1914992060948135,2.0860747732845001e-07,0.8333333333333334,5,1,0.1557433224557041,0.13579479736211653,0.183424502721369,-1.6094509328544344,0.0845860033827994,0.0785630567363429,3.966341008055927e-06,0.1557433224557041,True
CLEC2D,6,5.191401538656963,2.0871695372261433e-07,0.8333333333333334,5,1,-0.12383112298736615,0.35778419192856503,1.1528207591110264,0.6665559308801479,0.324307061812695,0.455289738881733,3.966341008055927e-06,-0.12383112298736615,False
PDGFD,6,-5.186424208306115,2.1437020730505681e-07,0.8333333333333334,1,5,0.14168843202226888,-0.1512901651498617,-0.6713675580472609,-0.2509871456908752,-0.153202364114807,-0.289463264169342,4.0462961246432915e-06,0.14168843202226888,False
UBE2I,3,5.186406038699285,2.143911129357278e-07,1.0,3,0,,0.03799356727854164,0.11097244827426067,0.3922209499232263,,,4.0462961246432915e-06,,False
UGDH,6,5.18588948593257,2.149862743375712e-07,1.0,6,0,0.015625031072622697,0.06146702227574519,0.5260575593169907,0.6052581872854308,0.244528880402585,0.312742151735037,4.048296715398724e-06,0.015625031072622697,True
SERPINB1A,6,5.1719890406401525,2.3161517207971622e-07,0.8333333333333334,5,1,0.22331782839734338,0.41134449413888863,0.8970310126770951,1.9789300342314622,-0.119162371702049,0.133968580245553,4.322090561740093e-06,0.22331782839734338,True
IRF5,6,5.171345196233907,2.3241476787953387e-07,0.8333333333333334,5,1,-0.007547596495674824,0.2968722036519671,0.7016302870500333,0.6361511732477982,0.457533724291942,0.473231236870809,4.332127520205005e-06,-0.007547596495674824,False
HS3ST2,6,-5.168259369006979,2.3628425262846948e-07,0.8333333333333334,1,5,0.8112029443429689,-0.5959970568204374,-1.0819691541892027,-1.4433358483178806,-0.161356212919092,-0.0688740272048882,4.394356123040929e-06,0.8112029443429689,False
NSG2,5,-5.1659659415824875,2.392003483262784e-07,0.8,1,4,,-0.16917148901883294,-0.3690992415743537,-0.10311990377746127,0.0119485900278564,-0.186702169979587,4.434454793003509e-06,,False
ATF5,5,5.165931748267385,2.392440871285726e-07,1.0,5,0,0.02534638246775689,0.05148442375607143,0.31100385222496385,0.5929836114625235,1.15806429198796,,4.434454793003509e-06,0.02534638246775689,True
BCKDHB,6,-5.161231663132981,2.453303572395178e-07,1.0,0,6,-0.32401486064768115,-0.1351379574460676,-0.3140048658686876,-1.3128961560501846,-0.230577453579587,-0.283991193426569,4.542179052604584e-06,-0.32401486064768115,True
PRKX,6,5.157657520526247,2.500584595114788e-07,1.0,6,0,0.2835868263665615,0.053048109216666806,0.22228474608490245,0.416868006311109,0.138646025648433,0.0543075353060716,4.614233692122628e-06,0.2835868263665615,True
TAB3,6,-5.156090067604594,2.5215964167304637e-07,0.8333333333333334,1,5,0.41771285298698535,-0.16854581691640114,-0.37792617781300475,-0.3324701933904013,-0.201468620915143,-0.0532425371776308,4.647824486606083e-06,0.41771285298698535,False
PLD5,6,5.155133124538448,2.534508046377541e-07,0.8333333333333334,5,1,0.5097143698727855,0.22918013660695857,0.5543164634189091,-0.12068483320552303,0.294224328829845,0.154510443297794,4.666426827991219e-06,0.5097143698727855,True
OSBPL10,6,-5.15434340819254,2.545211433144052e-07,0.8333333333333334,1,5,0.6182281098091256,-0.2856910231174048,-0.6283244578053981,-0.26352783789856016,-0.246362986432648,-0.107506201929818,4.680394442828059e-06,0.6182281098091256,False
PRRG4,6,5.154156596651058,2.5477497541010635e-07,0.8333333333333334,5,1,0.25154810467405975,0.37661134425481135,0.736398231852017,0.10211750845969725,-0.0648523876076803,0.34679864591336,4.680394442828059e-06,0.25154810467405975,True
DUSP7,6,5.151651802816954,2.582020995582173e-07,0.8333333333333334,5,1,0.13513590220795546,0.2243014111589443,0.5114630261397464,0.5292548687830623,-0.225774628214322,0.151345743318397,4.738094403423074e-06,0.13513590220795546,True
NCAN,6,5.149678278693735,2.6093364899344677e-07,1.0,6,0,0.7080143817597224,0.27284122974247715,0.5401126388109914,0.5685876995621024,0.0176861178377947,0.0232088566654403,4.7829166756805436e-06,0.7080143817597224,True
TRIB3,5,5.144980490054783,2.67548614936775e-07,0.8,4,1,0.29427564861611333,0.015014457005333548,0.7102763761994951,1.1209395194866003,-0.242244430248508,,4.8931861820218374e-06,0.29427564861611333,True
GATAD2A,6,5.1434219034167405,2.697788304325066e-07,0.8333333333333334,5,1,0.04740927614532531,0.13038931848758173,0.23576824471424818,0.37926562465789715,-0.0432198656141733,0.0304247810174232,4.91781850365512e-06,0.04740927614532531,True
IL1A,4,5.140544988531232,2.739427198719449e-07,1.0,4,0,0.0307529746199132,0.013969368295548894,1.140585564979137,0.37289125356762176,,,4.977908644751319e-06,0.0307529746199132,True
NFKBIZ,6,5.140521169891128,2.7397745138765414e-07,1.0,6,0,0.04972636172564049,0.097201970720872,0.8086009198124764,0.9572763400547615,0.341590499387306,0.304254213541483,4.977908644751319e-06,0.04972636172564049,True
KCNJ11,6,-5.130325874930272,2.892410077388558e-07,0.8333333333333334,1,5,0.10491549846896175,-0.16458628637235861,-0.5631323401465447,-0.35890760288754153,-0.380425440096511,-0.759620274608825,5.203823000101675e-06,0.10491549846896175,False
BCAN,6,-5.129752959070765,2.901226674843255e-07,0.8333333333333334,1,5,0.4627082674159926,-0.669399486588043,-0.6518249686147177,-0.21202983328942082,-0.283436398546986,-0.394780220049046,5.214017798263361e-06,0.4627082674159926,False
SYT2,6,-5.129075709919203,2.911682330297194e-07,0.8333333333333334,1,5,0.9820921634244835,-0.3770158381959341,-0.4675658571525805,-0.29200702052783356,-0.194297847544256,-0.267579466299533,5.227132964325288e-06,0.9820921634244835,False
FES,6,5.128346942263851,2.9229739926711277e-07,0.8333333333333334,5,1,0.08763195587208772,0.3772764739930923,0.9460903460005019,0.6945306519595151,-0.637861927348687,0.225013256139729,5.241718908634074e-06,0.08763195587208772,True
CLEC4A1,6,5.125921858654803,2.960853979340298e-07,0.8333333333333334,5,1,-0.10388165436063446,0.32812604570769244,1.01065049200031,1.2784477325773325,0.0737982018721901,0.0670472159394624,5.303902063424308e-06,-0.10388165436063446,False
RNF157,6,-5.125175543178136,2.972606564910062e-07,0.8333333333333334,1,5,0.7014737502527995,-0.13365368373995334,-0.6690861600815587,-0.31179711853704895,-0.399489477922359,-0.1594259635169,5.319198255393659e-06,0.7014737502527995,False
RNF145,6,5.124412467684174,2.98466964798364e-07,0.8333333333333334,5,1,0.18021842518673203,0.09777631657828367,0.236397866936902,0.2607936171056435,0.161857192915993,-0.142943265172765,5.332903244341367e-06,0.18021842518673203,True
GLB1L2,6,-5.12428373682336,2.9867093447948567e-07,0.8333333333333334,1,5,0.21346202220305788,-0.401417170676563,-1.287218068012732,-1.5551130785524339,-0.739555569175649,-0.242923494574659,5.332903244341367e-06,0.21346202220305788,False
MAPK14,6,5.121960373737165,3.023754438602836e-07,0.8333333333333334,5,1,0.024859984031573745,0.1437569137000212,0.29168223823813744,0.709542944983319,-0.263493477737464,0.0059488780523808,5.387425561652759e-06,0.024859984031573745,True
EIF4E3,5,5.121716720692224,3.027664993558356e-07,0.8,4,1,,0.1737434458707654,0.3170125265634933,-1.267929675572966,0.445325903371571,0.272868986524512,5.38859257778257e-06,,False
OTUD1,6,5.12038735435828,3.049087060543667e-07,0.8333333333333334,5,1,0.14606132789112003,0.2744334758160827,0.4758326877246599,0.13924708903097027,0.539635311341481,-0.224074146032173,5.4208903357807495e-06,0.14606132789112003,True
TRAM2,5,5.1136732545856525,3.159536934776527e-07,0.8,4,1,,0.11863481114970953,0.4645587348567992,0.3160282898550224,0.142214325261166,-0.357785469468245,5.587249502609089e-06,,False
RGS2,6,5.109060295795877,3.237650278124266e-07,0.8333333333333334,5,1,-0.32916232759813724,0.5343417105909847,1.081998023968585,0.3254805592567376,0.261540480644014,0.0493574942152173,5.713175629372372e-06,-0.32916232759813724,False
MMUT,4,-5.105061202804995,3.3068747089302783e-07,1.0,0,4,-0.017431140501328102,-0.08952957433388731,-0.3086998217354786,-0.12238588146372109,,,5.822913849171699e-06,-0.017431140501328102,True
IVD,6,-5.10265277941539,3.349251659585849e-07,1.0,0,6,-0.1753071518970346,-0.06916649763180338,-0.181924197143573,-1.3891474007648492,-0.151093712035015,-0.107482149547523,5.8850120455907605e-06,-0.1753071518970346,True
ELF4,6,5.100001299597961,3.396511493255584e-07,1.0,6,0,0.2969594157470554,0.2701480623641004,0.5421634830882796,0.7379838821617208,0.0435293092393296,0.0772380314776937,5.955408711479495e-06,0.2969594157470554,True
UBE2H,4,5.098927230254835,3.4158382822616794e-07,1.0,4,0,0.19553013477657988,0.09677556701425738,0.17289100754033626,0.2206793776047009,,,5.976633747145382e-06,0.19553013477657988,True
LRRC1,6,5.0975351781797285,3.4410448499188493e-07,1.0,6,0,0.2751134656258656,0.03947029267285629,0.3521243362949811,0.06524613540091817,1.34766669350299,0.189786560544039,6.014379551832819e-06,0.2751134656258656,True
RPRD1A,5,-5.091107658904941,3.5597782389208317e-07,1.0,0,5,,-0.020982915557088422,-0.1691518893237074,-0.09270334294105265,-0.56370663142298,-0.256839829919846,6.20225783269659e-06,,False
SBK1,5,-5.08820146795888,3.614752469777358e-07,0.8,1,4,,-0.14067297906109255,-0.34611026136806355,0.10745548850916542,-0.300336061726494,-0.0978656564565132,6.284809126024667e-06,,False
ATP5F1B,4,-5.087849355990141,3.6214684988594734e-07,1.0,0,4,-0.11430460324609903,-0.11950714381986138,-0.1631216802335551,-2.550805545310981,,,6.289878970946695e-06,-0.11430460324609903,True
YBX3,5,5.085296040124012,3.6705309010875795e-07,1.0,5,0,,0.032620264946817024,0.36494820181666743,0.31832687592079445,0.363299742328321,0.212640820436388,6.3550865559415914e-06,,False
EXOC5,6,5.082984307335242,3.7155040916350734e-07,0.8333333333333334,5,1,0.10800271654887883,0.13172294283210562,0.40286739602144195,-1.6296639924609488,0.0555261345067366,0.0968821803866535,6.4262302742678936e-06,0.10800271654887883,True
SYTL2,6,5.082281766670134,3.7292765871046976e-07,1.0,6,0,0.36848235207888624,0.09335567810148282,0.2928695893955977,0.4425038225753326,0.228654406017263,0.34572988894461,6.4433179613525e-06,0.36848235207888624,True
GLIS1,4,5.080899077342464,3.7565266562368564e-07,1.0,4,0,0.23281891376740738,0.14475595360623983,0.3825205872212878,0.3200667674351234,,,6.483631826280756e-06,0.23281891376740738,True
CEBPD,5,5.079965672074336,3.775030765699575e-07,0.8,4,1,,0.4522261963674987,1.0748809701514377,-0.20059943397180646,0.296185298089259,0.0994389772129827,6.502009285521266e-06,,False
AIFM3,6,-5.079748435465978,3.77934993177429e-07,0.8333333333333334,1,5,0.12031721074229829,-0.36726506451221486,-0.9604527107721079,-0.42524946873225566,-0.238852136983719,-0.199951493112239,6.502681920034101e-06,0.12031721074229829,False
TRIOBP,6,5.077540676913088,3.8235166639868225e-07,0.8333333333333334,5,1,0.08617322295360808,0.3046727091755328,0.4950620493265081,0.3998120448545137,0.183608167980981,-0.246130410723008,6.571842972202481e-06,0.08617322295360808,True
EHD3,6,5.073159507002844,3.9126426207358273e-07,0.8333333333333334,5,1,0.4499796984173674,0.3156358700683217,0.35234268660203316,0.11493021531655678,0.0565967348704048,-0.0656895850585923,6.707776184989168e-06,0.4499796984173674,True
NET1,6,5.071709106950959,3.942587279878035e-07,0.8333333333333334,5,1,-0.11379994698783502,0.23434019634267012,0.5796759900208102,0.6900406305992357,0.338462535321391,0.204921318000256,6.741498414931946e-06,-0.11379994698783502,False
AIF1,6,5.06769603126622,4.0265973568325375e-07,0.8333333333333334,5,1,-0.3528603224754545,0.33740691112274757,1.0475288400842016,0.8961920046143939,0.214603256635837,1.03140561796569,6.878043286923855e-06,-0.3528603224754545,False
PPRC1,6,5.065380410669209,4.075855897436654e-07,0.8333333333333334,5,1,0.24975545950111755,0.08566235809094858,0.29169451274339764,0.35497365939572045,0.0181467001659983,-0.218150653809004,6.940696174318054e-06,0.24975545950111755,True
MARCHF4,4,5.064135566622906,4.102576353220812e-07,1.0,4,0,0.40139146123964853,0.08888855820493768,0.4181645177066713,0.43730424481650054,,,6.971852546048345e-06,0.40139146123964853,True
DNAJA4,6,-5.063030755685518,4.126432515476123e-07,1.0,0,6,-0.026701151060642303,-0.20323588516782554,-0.18137506414020965,-1.6876229944137977,-0.270043061514305,-0.0939302942028006,6.998431115523202e-06,-0.026701151060642303,True
TENM4,6,5.063019660554972,4.12667276990735e-07,0.8333333333333334,5,1,0.6566154888353184,0.22236778539889324,0.3183912822197845,0.48197390621239133,0.208767638405584,-0.110189384453431,6.998431115523202e-06,0.6566154888353184,True
TBXAS1,6,5.061304691106495,4.163971513231362e-07,0.8333333333333334,5,1,-0.19998240717474625,0.42244895698789653,0.9780394274568929,1.0137220772565718,1.27117169363757,0.282209417035566,7.047245039571116e-06,-0.19998240717474625,False
BCORL1,6,5.055743859311448,4.2871642085926365e-07,1.0,6,0,0.2503228521088494,0.11461973345779297,0.25260742911612954,0.21176270327143998,0.301713294269851,0.0335012132274266,7.218834382566157e-06,0.2503228521088494,True
OXSR1,6,5.054968257826269,4.3046235710212944e-07,0.8333333333333334,5,1,0.0733639394442287,0.061367015980159145,0.24888382407921572,0.2873299243867349,0.184146768683392,-0.231163101514971,7.2408668036122426e-06,0.0733639394442287,True
CAD,6,5.0544389524653965,4.3165779845725485e-07,0.8333333333333334,5,1,0.26634717495802196,0.019820821753391726,0.31688185020499127,0.2574978732565443,-0.45806387689681,0.0711758096838322,7.253603939151759e-06,0.26634717495802196,True
PPEF2,4,5.053484515260123,4.338215036239849e-07,1.0,4,0,0.4282065893526914,0.20495268881800144,0.6471772801799582,0.15213466908458417,,,7.2751910111288734e-06,0.4282065893526914,True
LAMB3,5,5.052777818746778,4.3543031954458254e-07,1.0,5,0,0.07820835238935181,0.05018587898078127,0.30550555241554783,1.9963046915423188,2.34759229350876,,7.287404094137442e-06,0.07820835238935181,True
AKAP6,6,5.045762436683864,4.5171639050325394e-07,0.8333333333333334,5,1,0.5725415203242914,0.22291214757395394,0.35218442290551266,0.2484850447851663,0.039868706941641,-0.0212154296439784,7.53710654799381e-06,0.5725415203242914,True
C2,4,5.044398039685387,4.5495134987476846e-07,1.0,4,0,,,1.287470884868961,0.09283765765276009,0.366120379107997,0.572745295472451,7.583438814830985e-06,,False
HES5,6,-5.043579261051339,4.5690337550037326e-07,0.8333333333333334,1,5,0.004765103393491232,-0.7347828331433268,-0.9451490949577999,-0.6993869810794299,-0.0246749825619803,-0.544198963405112,7.608314558633982e-06,0.004765103393491232,False
CELF4,5,5.039628467064174,4.664364463241747e-07,1.0,5,0,0.6038370976529541,,0.19296141074756257,0.6522002602070449,0.357178617131342,0.413177325075611,7.735927915388517e-06,0.6038370976529541,True
MTFP1,6,-5.037761723039963,4.7100727430425576e-07,1.0,0,6,-0.339798114183532,-0.14208245568794597,-0.3671162006710533,-0.2606709619990064,-0.894657090775628,-0.326453508004295,7.77279402221739e-06,-0.339798114183532,True
RORA,5,5.036729671353132,4.73552824796433e-07,1.0,5,0,,0.23062016230337568,0.3168000020421431,0.20585655664803504,0.347220372469215,0.013719698350489,7.807018282898963e-06,,False
MCOLN3,4,5.0363176748540575,4.7457271359029556e-07,1.0,4,0,0.0253251135139968,0.1669281108479865,0.6744958036110971,0.5299461710595341,,,7.816047318752809e-06,0.0253251135139968,True
TXNDC17,5,5.035839317567319,4.757595351359652e-07,1.0,5,0,,0.031345590085375186,0.24614897935123636,0.619583167385958,0.169662552553809,0.481942405278639,7.827804995596915e-06,,False
TRIM47,6,5.035338822325728,4.770043460365244e-07,0.8333333333333334,5,1,0.23651129233130685,0.08959516543984458,0.551312367068709,1.053119065777821,0.271874390209885,-0.229458662361283,7.832714221821978e-06,0.23651129233130685,True
KLHL33,6,-5.032050661030708,4.85260982733373e-07,0.8333333333333334,1,5,-0.24499557611750467,-0.3427677199286099,-0.9274577235778598,-1.3356524663902856,-0.516214070839993,0.888720098655615,7.935597611454171e-06,-0.24499557611750467,True
CTTNBP2NL,6,5.031890357468189,4.856670118658215e-07,0.8333333333333334,5,1,0.039306197233212714,0.23814688687755314,0.33090401018638804,-1.3033758764355774,0.45927305444632,0.236768668766036,7.935597611454171e-06,0.039306197233212714,True
MAPK4,6,5.028895071759912,4.93314234147568e-07,1.0,6,0,0.3909121842841623,0.13789490456285525,0.38440157759044347,0.07011332902004508,0.380584935526207,0.0951553988191365,8.040241166923475e-06,0.3909121842841623,True
FFAR3,3,5.025398868433242,5.023872603104927e-07,1.0,3,0,,0.03930420261801161,0.3155126443306033,0.10733152174341526,,,8.152464639862036e-06,,False
HGS,6,5.024413002181116,5.049746403022236e-07,0.8333333333333334,5,1,0.2554039215771011,0.020020404881935683,0.15408679762057087,0.46327774620043094,0.183400965317276,-0.295969193222165,8.178415113779261e-06,0.2554039215771011,True
PANK1,5,-5.016892726145097,5.25138694009183e-07,0.8,1,4,0.0882908218461802,,-0.5926604876477697,-0.17214746056670371,-0.084728280881019,-0.127375888960481,8.472947395144715e-06,0.0882908218461802,False
BTBD8,5,5.016836450951661,5.252924716829865e-07,0.8,4,1,0.29144367424936846,,0.4519267241644833,-0.6806732465972676,0.234364785616187,0.37622425407427,8.472947395144715e-06,0.29144367424936846,True
LTC4S,4,5.0166575212801465,5.257817037288215e-07,1.0,4,0,0.04012060586510857,0.7427237413190347,0.5572993651828243,0.9980346443076751,,,8.472947395144715e-06,0.04012060586510857,True
SPTB,6,-5.015510431907105,5.289285446074028e-07,0.8333333333333334,1,5,0.3087512609687746,-0.30540968678446845,-0.6815264979147955,-0.13988140610659272,-0.29681921340185,-0.199160507457167,8.508090641731517e-06,0.3087512609687746,False
SEMA7A,6,-5.014304681556276,5.322558867763654e-07,0.8333333333333334,1,5,0.2912145267849393,-0.6728808646450073,-1.0044508354667174,-0.14059437600359548,-0.147749704100559,-0.56537978214461,8.55330042516738e-06,0.2912145267849393,False
MAP3K13,6,-5.012924859178672,5.360883562485557e-07,0.8333333333333334,1,5,0.3523655725642598,-0.33416626925681303,-0.6208323269566351,-1.4761713879920189,-0.337710857990916,-0.225016937248876,8.598192318436138e-06,0.3523655725642598,False
SPATA13,6,5.011904597280958,5.389392396297295e-07,0.8333333333333334,5,1,0.1179210769625545,0.04897229463150188,0.38784817825613516,0.5899788484876911,0.175609317857161,-0.0881583933897185,8.635549171685657e-06,0.1179210769625545,True
ANXA3,6,5.0113214840812095,5.405751721137795e-07,1.0,6,0,0.10247658344080168,0.39099906890401637,0.8715034402701112,0.1556139050039027,0.222220671513341,0.35264391959155,8.653385153604717e-06,0.10247658344080168,True
CLEC4A3,6,5.009260175116327,5.463966698685767e-07,0.8333333333333334,5,1,0.05321161435985866,0.5353484217827444,1.2296675603561256,1.3761536919783586,0.0457747305833287,-0.324367662433209,8.729688879985213e-06,0.05321161435985866,True
TAOK2,6,5.0087315630151545,5.478992734034245e-07,0.8333333333333334,5,1,0.17694368255320558,0.059079664722041514,0.17264987565153866,0.2495557722422328,0.054372957558033,-0.410183087129356,8.745254361980214e-06,0.17694368255320558,True
IGSF6,4,5.007969970759374,5.500711403057963e-07,1.0,4,0,0.16471863905521267,0.13698985232637684,0.8769009810173354,0.9922425005174675,,,8.77146195986661e-06,0.16471863905521267,True
CD80,4,5.0017245453228085,5.681973604456985e-07,1.0,4,0,0.1339411785550717,0.14958241126057714,0.6379633526118977,0.2409991556866724,,,9.034392612965612e-06,0.1339411785550717,True
CYBB,6,4.999476529018966,5.748616914795737e-07,0.8333333333333334,5,1,-0.23358416414678995,0.5508630561688022,1.0363340551804436,0.9178928309189516,0.746856458928241,0.220582649148509,9.122829067468747e-06,-0.23358416414678995,False
PAQR9,4,-4.9990528782900965,5.761260307631464e-07,1.0,0,4,,,-0.5205782193840047,-0.1079949681838821,-0.0409251219591087,-0.136623774385985,9.134136073938314e-06,,False
MYH8,5,-4.9973853134570625,5.811287884475858e-07,1.0,0,5,,-0.08694224347038071,-0.7930604525975617,-0.5695631774928214,-0.352247768121551,-0.709505650214719,9.204635125726738e-06,,False
P2RY13,6,4.9945804488800745,5.896380898139197e-07,0.8333333333333334,5,1,0.03821765168706803,0.08107693651910264,0.6189667959041145,1.2484108038176154,0.896702608357373,-0.393383623700809,9.321575608978031e-06,0.03821765168706803,True
UBXN2A,5,-4.9922183513886305,5.96897190703297e-07,0.8,1,4,,-0.2159421063943685,-0.3321899545669318,-1.7350328387934333,-0.190738345995971,0.166458764422296,9.404471645389073e-06,,False
PLD4,6,4.992066252930359,5.973675537840936e-07,0.8333333333333334,5,1,0.025034916720488187,0.5438607135949249,1.247163839536773,1.32861797784846,-0.505493031083787,0.397170085997613,9.404471645389073e-06,0.025034916720488187,True
BID,6,4.991951526164601,5.977225816184936e-07,0.8333333333333334,5,1,0.3060778901576393,0.4590145722297594,0.37699236605527275,-1.3749415874611195,0.236465123397496,0.216331711138989,9.404471645389073e-06,0.3060778901576393,True
CCL6,6,4.990154822620335,6.03309177568758e-07,0.8333333333333334,5,1,-0.17405450898024188,0.6448552917801407,0.8368557867919759,0.6062096244143622,0.31284513594219,0.0831163140253004,9.46537773186548e-06,-0.17405450898024188,False
MGST3,6,-4.987635001715984,6.112290661082184e-07,0.8333333333333334,1,5,-0.18593093668430072,0.008459034186818037,-0.42722030786368137,-0.11433924087786984,-0.107566463911199,-0.226205430703634,9.580552558923514e-06,-0.18593093668430072,True
TFB1M,6,-4.983707032348029,6.237750347380778e-07,0.8333333333333334,1,5,-0.03704999178813306,-0.06916920503079282,-0.2154483053046805,-1.1410658222663046,-0.158973640691126,0.305080934085098,9.749503659097888e-06,-0.03704999178813306,True
SLC25A25,6,-4.982817646052235,6.26650011555695e-07,1.0,0,6,-0.031043449258698175,-0.2303751540676675,-0.2488694176549755,-0.17341480896016837,-0.0979095839903037,-0.263124499308955,9.785199048367797e-06,-0.031043449258698175,True
GALNT9,6,4.9812292192314285,6.318164681404363e-07,0.8333333333333334,5,1,0.674617991509737,0.04973957957944419,0.2957000073810736,1.3943882716646572,-0.313479617162327,0.200031341569407,9.847293955424202e-06,0.674617991509737,True
DNAJB4,6,-4.979768281940571,6.366044817486008e-07,0.8333333333333334,1,5,-0.10461918828955596,-0.46985643604504146,-0.29927512810788937,-0.04126071904229711,0.0571545942864196,-0.0477482921065602,9.893969372678722e-06,-0.10461918828955596,True
FAM161A,6,4.978593086033245,6.404813795413873e-07,0.8333333333333334,5,1,0.17026371929344397,0.17856370627523077,0.4279918031051284,0.3424703239358533,-0.141144728106984,0.134116728579478,9.932218499431497e-06,0.17026371929344397,True
STRN4,6,4.97847695620954,6.408657175805243e-07,0.8333333333333334,5,1,0.19920477947669024,0.0017213347072044805,0.26714085231589024,0.29730688577248543,0.0650124549495712,-0.335868820485632,9.932218499431497e-06,0.19920477947669024,True
CFI,4,4.976815366849178,6.463892405518456e-07,1.0,4,0,0.2584707234488137,0.3515463584665377,0.4932380284860689,0.5048454497503365,,,9.989761633626656e-06,0.2584707234488137,True
COL18A1,6,4.975422931516406,6.510533386580077e-07,0.8333333333333334,5,1,0.16942896170161958,0.11774736592793955,0.48490236933110165,0.5128456149065217,-0.243253435496322,0.169979262038662,1.0026408831180939e-05,0.16942896170161958,True
NECAB3,6,-4.975318258411267,6.514052591049212e-07,0.8333333333333334,1,5,0.47738275553556253,-0.16394013580489641,-0.5133213920379722,-0.5428983315306288,-0.0262790694165083,-0.204100957749908,1.0026408831180939e-05,0.47738275553556253,False
POLB,6,4.9752041043762505,6.517892642792828e-07,1.0,6,0,0.003940558716073461,0.21000329383580052,0.26422459465855974,0.1732483497011792,0.345481443267287,0.132370308175338,1.0026408831180939e-05,0.003940558716073461,True
LRRC63,4,4.9730081804402895,6.592187816741794e-07,1.0,4,0,0.2548518366621364,0.04033404952847219,0.8567494819140058,0.014156920929197292,,,1.0131280663204288e-05,0.2548518366621364,True
WSB1,6,4.970579821032778,6.675297250771435e-07,0.8333333333333334,5,1,0.15876750355558222,0.21591485156871215,0.2516713880981918,0.5531703753785155,0.241329772672836,-0.126155081549381,1.0239992594510547e-05,0.15876750355558222,True
NIBAN1,4,4.969691820921842,6.70594001712634e-07,1.0,4,0,0.09902174408981157,0.2779808170333604,0.34376480110851926,0.3482766840474767,,,1.0277473996618074e-05,0.09902174408981157,True
TMEM260,6,4.966873975584767,6.804077284238804e-07,1.0,6,0,0.12254971105631451,0.06650328641994685,0.186035761300543,0.21522003680729984,0.116116812063253,0.176744916152376,1.0398992355375871e-05,0.12254971105631451,True
OTULINL,4,4.965647232538795,6.847232199225248e-07,1.0,4,0,0.03723347553502254,0.20784148712984618,0.47973884908289577,0.6716019642800397,,,1.0455294037045784e-05,0.03723347553502254,True
CALML4,5,-4.964734008214291,6.879529137767951e-07,1.0,0,5,,-0.4008701025401322,-0.6934061668738516,-0.512940556647214,-0.0292686580168338,-0.21858475021428,1.049492776851015e-05,,False
LILRA5,6,4.961466350956126,6.996299163604068e-07,1.0,6,0,0.18233951689715555,0.28835777124960715,0.5442101609109096,0.7185751031426855,0.527521841484242,0.975887077454151,1.0653426288498117e-05,0.18233951689715555,True
NTNG2,6,-4.960521446709435,7.030419830283883e-07,0.8333333333333334,1,5,0.42262919328520354,-0.30071102546519013,-0.6284530908773833,-0.8196469391102426,-0.622560911116499,-0.296210159566094,1.0695543109453937e-05,0.42262919328520354,False
GPR153,6,4.957498817438933,7.140647682383712e-07,0.8333333333333334,5,1,0.5099583211233969,0.10703373008957207,0.3393884869805399,1.1526280968803073,-0.477160063437074,0.0998211631392429,1.0820583804095588e-05,0.5099583211233969,True
PMP2,6,-4.957372274677873,7.145298512491831e-07,0.8333333333333334,1,5,0.18505905547415402,-0.6780360174556277,-0.9319378892113832,-0.18816588296808945,-0.39224831737225,-0.729939888480032,1.0820583804095588e-05,0.18505905547415402,False
ARHGAP1,6,4.9556806624903125,7.207751359411091e-07,0.8333333333333334,5,1,0.12424194142820522,0.11144843401078974,0.23389342517366707,0.1358675803996574,0.0582370262695142,-0.3603548652893,1.0885282892424487e-05,0.12424194142820522,True
SOX2,4,4.9548318898647175,7.239285118250357e-07,1.0,4,0,,,0.31270535254881526,0.12262732563704581,0.56198706511885,0.318359939528741,1.0917456269607898e-05,,False
PPP1R7,5,4.9545239667811405,7.250757957629291e-07,0.8,4,1,0.12121457452524886,,0.5113814266320285,-1.6870886304032116,0.117250850083672,0.162293495901043,1.0917456269607898e-05,0.12121457452524886,True
CIB2,5,4.954398477574214,7.255438555200995e-07,0.8,4,1,,0.225278941978722,0.33955929345034175,-1.3288597736640724,0.0133347646401054,0.0024012063761942,1.0917456269607898e-05,,False
LRP8,6,4.953646777357023,7.283537079924109e-07,0.8333333333333334,5,1,0.5954123572133847,0.14768520488388814,0.41694246538124613,-1.4214592302511537,0.0949259668981597,0.0036040034803903,1.0949782538320059e-05,0.5954123572133847,True
CD47,6,4.950094451642888,7.417747369333732e-07,0.8333333333333334,5,1,0.17808300790330822,0.13928660199336296,0.17238247425394704,-0.09014029676320501,0.386740347807167,0.053398898995018,1.1141429624066419e-05,0.17808300790330822,True
DISP3,6,-4.949334365231741,7.446772015828333e-07,0.8333333333333334,1,5,0.210060217913838,-0.3250350360586576,-0.8648463577177767,-0.629384795368543,-0.693738368633214,-0.430324666860892,1.1174883989663698e-05,0.210060217913838,False
UQCRC2,6,-4.949152564601201,7.453730448542441e-07,0.8333333333333334,1,5,-0.19234367857445456,-0.11829814758954527,-0.25419124832638484,-2.1120758049197397,-0.172842391976854,0.100674413439725,1.1175194418865442e-05,-0.19234367857445456,True
LIPN,4,4.941194898908514,7.764524434051673e-07,1.0,4,0,,0.019132543936863502,0.17135601475154713,3.9832578822065874,0.760936600682858,,1.1599134335056252e-05,,False
ABCA6,6,-4.940079704448697,7.809064352513453e-07,0.8333333333333334,1,5,0.7843276802421526,-0.06664575352647262,-1.1649531295368218,-0.7116747882239167,-0.350314471004774,-0.0071456906676385,1.1655151773020981e-05,0.7843276802421526,False
TRNP1,6,-4.938765725435595,7.861859408582168e-07,0.8333333333333334,1,5,0.7694456092713695,-0.2326007836053483,-0.45838175668346537,-0.3768479450504243,-0.462782378855074,-0.212739687140199,1.1723378101878562e-05,0.7694456092713695,False
MORC2,3,4.937943027019546,7.895089884199291e-07,1.0,3,0,0.09322369664178254,0.04867250486569219,0.23365090120288823,,,,1.1762333732067206e-05,0.09322369664178254,True
SERPINA1F,3,4.935294169113649,8.003004261231684e-07,1.0,3,0,0.013033572959333132,0.10341367602856663,0.5141710096376908,,,,1.1910491158505998e-05,0.013033572959333132,True
LIN7B,6,-4.935111590910172,8.010494599145008e-07,0.8333333333333334,1,5,0.0718428552777084,-0.4281582111880753,-0.8919837175036136,-1.4734165643426804,-0.131337708980313,-0.22311870679994,1.1910491158505998e-05,0.0718428552777084,False
SLC31A2,6,4.934629745554255,8.030294921406146e-07,0.8333333333333334,5,1,-0.24827830929047812,0.09937107812877088,0.6373107551324901,0.40028819045763253,0.264404914753752,0.36443874008011,1.1920846774808478e-05,-0.24827830929047812,False
GOLM1,6,4.9340680357562166,8.053436598193219e-07,0.8333333333333334,5,1,0.16066608130210547,0.2831547770585061,0.46906859251710475,-1.0626760955590657,0.184296481543394,0.355063049445602,1.1944487685779047e-05,0.16066608130210547,True
ENTPD6,6,-4.932665660038947,8.111493275138224e-07,0.8333333333333334,1,5,0.22013429392763229,-0.22615991537548474,-0.27396361162310345,-1.2608891189537035,-0.263935180915809,-0.347548811439279,1.1999119969948936e-05,0.22013429392763229,False
WNT4,4,4.931394320899747,8.164473394720469e-07,1.0,4,0,0.5007145452953736,0.08188089941731391,0.5945675473774132,0.1975532841469554,,,1.2055161786745156e-05,0.5007145452953736,True
TCOF1,6,4.931042671808564,8.179186299552301e-07,0.8333333333333334,5,1,0.15763657823763566,0.17820862828957829,0.2517910895399993,0.6135892100626195,0.0435319423721898,-0.0872907546266108,1.2066122248680008e-05,0.15763657823763566,True
NCKAP1L,6,4.9258231855805565,8.400593632732416e-07,1.0,6,0,0.129883993774361,0.39038794062676385,0.6340984739660893,1.3201268043763,0.056363513258177,0.333436337293533,1.2315910169086532e-05,0.129883993774361,True
CD68,6,4.923375026182792,8.506420920447699e-07,0.8333333333333334,5,1,-0.17914109245641896,0.6507756423644278,1.1564372311897588,1.0855453190007598,0.141767323134951,0.222555542614866,1.2438010519015045e-05,-0.17914109245641896,False
ARHGEF26,6,4.919018293271355,8.697934137233803e-07,0.8333333333333334,5,1,0.0628794155221506,0.12031158381937512,0.5077795317174782,-1.0047463688526097,0.155186799127864,0.192967455988284,1.2684423421981841e-05,0.0628794155221506,True
TRIB1,6,4.917473304768224,8.766840753731193e-07,0.8333333333333334,5,1,-0.05413467478175926,0.06823141186758086,0.4975526818210101,0.4733939584258864,0.481002188892023,0.466376796320703,1.2762422880893466e-05,-0.05413467478175926,False
GLE1,5,4.917130502969541,8.782200843310337e-07,0.8,4,1,,0.06804819187015321,0.3096149399801478,0.09750681711831444,0.0100296232474535,-0.171819958224199,1.276750066773422e-05,,False
ASPRV1,3,4.916086322055343,8.82914782772975e-07,1.0,3,0,0.09000604388271484,,0.48781473184270097,0.0972176506016793,,,1.2819303056542354e-05,0.09000604388271484,True
ZFP846,6,4.912517749999751,8.991424034399962e-07,0.8333333333333334,5,1,0.16457400200646255,0.17257211418438878,0.3871015372106177,-1.502804686850828,0.202518059683822,0.397113927082404,1.3032053469123307e-05,0.16457400200646255,True
SLFN2,6,4.910764719910717,9.072188995274526e-07,1.0,6,0,0.08492417606805525,0.4262322651780195,0.9948754180809933,0.9093038620263378,0.344471757361763,0.221294757611147,1.3126125196659437e-05,0.08492417606805525,True
MAP3K14,6,4.906190035101116,9.286255589530105e-07,0.8333333333333334,5,1,0.17128836015102022,0.0054095086006724635,0.41606999715436377,0.23362868849794438,0.69197108721829,-0.0245035615691611,1.3365748045034981e-05,0.17128836015102022,True
ISCU,6,-4.905267244082249,9.330021967172179e-07,0.8333333333333334,1,5,-0.16661153554800912,-0.2330277415530606,-0.3187315458891371,-1.8507640110995034,-0.195527716121871,0.452770651810048,1.3405427395888359e-05,-0.16661153554800912,True
LRRC42,6,4.902602085819195,9.457543720240789e-07,0.8333333333333334,5,1,0.06290990669955487,0.10963217317786489,0.3840872953458092,0.12935741931591593,-0.125980607799463,0.105351003144329,1.3576865885292763e-05,0.06290990669955487,True
PSMD8,6,4.902105834325108,9.48147281143468e-07,0.8333333333333334,5,1,-0.039937496832306074,0.09852679850648727,0.36708915133352615,0.4439855572707758,0.0075641309923264,0.0036435202293947,1.3599422701461596e-05,-0.039937496832306074,False
ABI1,6,4.901428851195829,9.51421073901314e-07,0.8333333333333334,5,1,0.11498930285590259,0.24853776560069818,0.3093516192280248,-1.481975011802617,0.0139537257873911,0.0493565971061123,1.3634564169016927e-05,0.11498930285590259,True
GRIP1,6,4.901096524996485,9.530321350784569e-07,1.0,6,0,0.5839253056397564,0.26033193776808217,0.33813216115922273,0.01451393237596399,0.348962672157949,0.0893743570251497,1.36440085310885e-05,0.5839253056397564,True
CCNB2,3,4.9009304158172435,9.538383884030822e-07,1.0,3,0,,,0.556889068564173,0.48095370102240786,0.322188441788306,,1.36440085310885e-05,,False
ARFIP2,6,4.899252472528692,9.620196194544912e-07,0.8333333333333334,5,1,0.0421008047079825,0.15728801827326944,0.20937208821779407,0.20690759653377988,-0.305648185642667,0.0174594977660023,1.3738868629172337e-05,0.0421008047079825,True
HPCA,5,-4.89445214209439,9.857996164387093e-07,0.8,1,4,,0.028113312993322648,-0.5384367959608332,-1.7599624727785859,-0.314324777442859,-0.421720078937681,1.4054225022647303e-05,,False
ASIC1,6,-4.894004596857855,9.8804529127542e-07,0.8333333333333334,1,5,0.5055137935871334,-0.2324068544945339,-0.3304128913925579,-0.28055077222078406,-0.349859621219734,-0.488848473506365,1.4062016905581043e-05,0.5055137935871334,False
SRGAP2,6,4.89278363986813,9.941968321600783e-07,0.8333333333333334,5,1,0.16472466784174156,0.1144299121414547,0.18985304892212884,0.27907689790737766,0.0817518479496617,-0.0651459820682043,1.4113161205757819e-05,0.16472466784174156,True
PJA2,6,-4.8915886612862245,1.0002531752414868e-06,0.8333333333333334,1,5,0.2750537784592968,-0.14830770164942564,-0.329327266408459,-0.19866250645072725,-0.007062571175485,-0.0627851007899258,1.4162695086909401e-05,0.2750537784592968,False
SLA,6,4.890465138416147,1.0059797496181995e-06,0.8333333333333334,5,1,0.029864017371222573,0.19686813536969405,1.0280054482785659,1.0442040137717439,-0.375670888204545,0.672620972390613,1.4215637541778066e-05,0.029864017371222573,True
ZFP282,6,4.8897556831168805,1.0096120711474412e-06,1.0,6,0,0.11126030966685363,0.0557597759466788,0.22491473854292465,0.4312625273767532,0.0799736155593189,0.372112067352949,1.4246461211962871e-05,0.11126030966685363,True
HAS3,3,-4.888345546377858,1.0168693128352565e-06,1.0,0,3,,-0.03181821476649915,-0.5131451085134495,-0.7849175141575917,,,1.4324443290254607e-05,,False
ATP6AP2,6,4.885601544265217,1.0311354492737485e-06,0.8333333333333334,5,1,0.16226604058245364,0.04215576032156676,0.16349880997307586,0.550625811232254,0.0564237935916121,-0.0012812031218492,1.4476127189464872e-05,0.16226604058245364,True
EIPR1,4,4.883556400629774,1.0418932952269437e-06,1.0,4,0,0.10324821255029004,0.05985423924979516,0.2336208201399117,0.26202352746764923,,,1.460238596324841e-05,0.10324821255029004,True
PTPRJ,6,4.882107009296485,1.0495826907385922e-06,0.8333333333333334,5,1,0.23821010149806288,0.049542968999867654,0.415124574091986,-0.6026390983272591,0.344261263359026,0.284973804316209,1.4685285458246134e-05,0.23821010149806288,True
ZCCHC14,6,4.881867110691104,1.0508606717663824e-06,0.8333333333333334,5,1,0.2498164761030477,0.11359835479787783,0.29904288816128766,0.1746737750205538,-0.0728507240789646,0.27784668040241,1.4690748174896253e-05,0.2498164761030477,True
CLEC12A,6,4.8805795784182475,1.057745206353603e-06,0.8333333333333334,5,1,-0.008752707520064629,0.6387174951342334,1.058860050032601,0.8217245703897054,0.0447986875124871,0.358504310720904,1.4774513633388047e-05,-0.008752707520064629,False
ANKLE2,6,4.880151742201781,1.0600424731381505e-06,1.0,6,0,0.13474616560361063,0.060751407695869286,0.18418280962334244,0.2476138709322555,0.11172061723239,0.146551089363089,1.4794117213644743e-05,0.13474616560361063,True
PSD4,6,4.87982054642574,1.0618241256573424e-06,0.8333333333333334,5,1,0.27698951532281657,0.27112559400967157,0.9839035819455637,0.19932542053963154,0.0321566024516797,-0.265180240893626,1.4806497833092106e-05,0.27698951532281657,True
CEBPA,6,4.878843652316151,1.0670960857538509e-06,0.8333333333333334,5,1,-0.013175759525536623,0.45329698299185706,0.6994560771711216,0.9818577651107323,0.134939517086254,0.0459102121181107,1.4824911357052654e-05,-0.013175759525536623,False
SLC22A17,6,-4.878072291212475,1.0712766449723083e-06,0.8333333333333334,1,5,0.20798292069410085,-0.1458622225763868,-0.2299374585165399,-1.8720879291621308,-0.945783811024856,-0.375537528914232,1.486317772638864e-05,0.20798292069410085,False
HEPHL1,4,4.876010816687329,1.0825267514818757e-06,1.0,4,0,0.10910702772094696,0.08135730181216833,0.20751865639298597,0.6282466596602383,,,1.500668575421106e-05,0.10910702772094696,True
KCNC3,6,-4.87538902483812,1.0859423229638922e-06,0.8333333333333334,1,5,1.01701402922306,-0.2984634288936441,-0.9333041649308038,-1.8691824122597742,-0.380976593509885,-0.4370982856315,1.504111783450728e-05,1.01701402922306,False
MIGA2,6,-4.873169012018703,1.0982219171382175e-06,0.8333333333333334,1,5,0.2687458058146426,-0.16181036750822564,-0.32450571894149505,-1.592348043237633,-0.101016974191796,-0.418387209033301,1.5160933969342229e-05,0.2687458058146426,False
SLC25A12,6,-4.873166940811327,1.0982334357927339e-06,0.8333333333333334,1,5,-0.03600957545104144,-0.18694954813216347,-0.26734433122525214,-2.0937049780923243,-0.0688809091319609,0.0802853869699365,1.5160933969342229e-05,-0.03600957545104144,True
COX5B,6,-4.871783595850991,1.105952690732056e-06,1.0,0,6,-0.35176942158613134,-0.038729823330755586,-0.1663503452756805,-2.0163683418618197,-0.423723824586244,-0.0855917101644805,1.5254774114164158e-05,-0.35176942158613134,True
ADD3,6,4.8705561418752445,1.112845748414635e-06,1.0,6,0,0.10750568175413822,0.09369502359803761,0.19032514029922254,0.31472095281851686,0.199433239815773,0.0829596814700131,1.533707146357955e-05,0.10750568175413822,True
PTPN12,6,4.867195755792184,1.1319289654419035e-06,1.0,6,0,0.00037299697815651456,0.08484280388701126,0.21143710118506753,0.2851249637370348,0.235278902190649,0.242781922893044,1.5548288992526464e-05,0.00037299697815651456,True
CSMD2,6,4.866459784265192,1.1361502927163264e-06,1.0,6,0,0.9044009693722015,0.23669448181028985,0.3571194556180144,0.2748703900356153,0.0724135644423696,0.0514487469962508,1.5580413956123144e-05,0.9044009693722015,True
FAM189B,3,-4.864759396327481,1.1459612516359844e-06,1.0,0,3,,,-0.20597121638622085,,-0.288694101821227,-0.197111831202408,1.5701945891621533e-05,,False
DENND5A,6,4.864240717967089,1.148970131101773e-06,1.0,6,0,0.13665422516510706,0.08576918490761276,0.10508197275755737,0.2677357657651216,0.212022092991134,0.0679851950224506,1.573015186931063e-05,0.13665422516510706,True
STK32B,4,4.860537686531172,1.1706735446908738e-06,1.0,4,0,0.3021690172675128,0.09715593392333788,0.33650147992028434,1.1299796711607015,,,1.601404009233334e-05,0.3021690172675128,True
JPH3,6,-4.859902553518126,1.1744354627345671e-06,0.8333333333333334,1,5,0.742514356262304,-0.2842156964385296,-0.5967191475275122,-0.4283102093126674,-0.27421983953654,-0.295931945525985,1.6052234334585097e-05,0.742514356262304,False
AMPD2,6,-4.856346138608935,1.1957161088132148e-06,0.8333333333333334,1,5,0.1149412222263031,-0.17491237308211716,-0.3266565783702493,-1.5208291980408002,-0.0653111013587904,-0.209083870084894,1.627589887588514e-05,0.1149412222263031,False
RNF183,3,4.855243623742755,1.202388259149106e-06,1.0,3,0,,0.10530971664215076,0.11150804716506113,0.9306838032168531,,,1.635327071933936e-05,,False
ANKRD40,6,-4.8508248056382195,1.229491119539156e-06,0.8333333333333334,1,5,0.028611717345315313,-0.12658459660531118,-0.24153710504368497,-1.7066804671743974,-0.141431428098932,-0.0560989842130686,1.6708158465198777e-05,0.028611717345315313,False
TADA2B,5,-4.8503495087928,1.2324411213968684e-06,0.8,1,4,,-0.08412598806859695,-0.17771388074824923,-1.1600070143437176,0.0469406139004298,-0.10184453737176,1.6734508155341237e-05,,False
NGF,6,4.847943058862505,1.247481934809479e-06,0.8333333333333334,5,1,0.08087360270176641,0.0723778542918036,0.7044909601218844,0.6356815755182028,0.306678247684324,-1.00392621810005,1.692485326636598e-05,0.08087360270176641,True
ACO1,6,4.843481430653388,1.2758364998232846e-06,0.8333333333333334,5,1,0.0877103235858554,0.055172130716026224,0.1712332657972233,0.35859564737473715,0.114447414950792,-0.203599668139745,1.7281215830666943e-05,0.0877103235858554,True
FBXO21,6,-4.835306869121449,1.32940390865521e-06,0.8333333333333334,1,5,0.3561623895157293,-0.15534346788712483,-0.20559628332367552,-0.08304353875506276,-0.161076482989053,-0.302790943802286,1.799206336554459e-05,0.3561623895157293,False
EMP1,6,4.833794626953347,1.3395478264972915e-06,1.0,6,0,0.23474675646761156,0.2554121847898827,0.5880630634573931,0.4802740379489352,0.606598324552323,0.272057624202822,1.8084988274211393e-05,0.23474675646761156,True
PAN2,6,4.831970923360647,1.3518800263847148e-06,0.8333333333333334,5,1,-0.009558765521985535,0.17317792544971278,0.1921330698214092,0.13409234435360418,0.0639742239200163,0.272490290463218,1.82366081472859e-05,-0.009558765521985535,False
ATP13A3,5,4.827798202579989,1.3805087703340344e-06,0.8,4,1,,0.19188162528704034,0.28367905645948444,0.39442218850225075,-0.0327554663702823,0.0778170316474096,1.853218261684423e-05,,False
FRMD5,6,4.824630250688878,1.4026323044577436e-06,1.0,6,0,0.19016454759532753,0.2079285446567254,0.3533252845477417,0.5188288017152662,0.0044846106944058,0.516256404427892,1.876828609812819e-05,0.19016454759532753,True
UBE4A,6,4.821574934049354,1.4242919697726843e-06,1.0,6,0,0.24365799077011374,0.09722817171910947,0.1820277966099919,0.0862316770805105,0.016622942653423,0.199951788004603,1.8991593999757975e-05,0.24365799077011374,True
LEO1,6,4.818767362284671,1.444478620442852e-06,0.8333333333333334,5,1,-0.03381134565528576,0.1982727538324096,0.2795742724530159,0.29493004835487113,0.0152201406026164,0.190632344871791,1.923492367302501e-05,-0.03381134565528576,False
CNN2,6,4.814278418569929,1.4773272126179917e-06,0.8333333333333334,5,1,-0.11683363277726988,0.31476316154623696,0.8947299715256367,0.2085167460053281,0.167012431386957,0.0396962946734498,1.960923819025902e-05,-0.11683363277726988,False
ERBIN,6,4.810614733449464,1.5046680122758907e-06,1.0,6,0,0.04490679000930875,0.21850868327364514,0.401307823124494,0.40014975049636803,0.147278945416036,0.117585698714051,1.9924211951352432e-05,0.04490679000930875,True
FXYD1,6,4.809420926577362,1.5136815894053496e-06,0.8333333333333334,5,1,-0.3325329202566296,0.3237305270390287,0.5773810969002406,0.28933035791271866,0.0539578798816756,0.315664313526027,2.0027544098990685e-05,-0.3325329202566296,False
AOAH,6,4.8044101176560625,1.5520840400875873e-06,1.0,6,0,0.05636308423956349,0.2789745585229353,0.8033544127058511,0.7845095548231173,1.13201468718985,0.433051761729653,2.045389731809693e-05,0.05636308423956349,True
PAFAH2,6,4.802910694670434,1.5637564155939532e-06,0.8333333333333334,5,1,0.23952579502303406,0.17025305140905767,0.2393810692535796,0.41891774478674026,-0.0802789368874968,0.0079358152611464,2.055861492526697e-05,0.23952579502303406,True
NRADD,6,4.802322746089233,1.5683563408738027e-06,0.8333333333333334,5,1,-0.09723848286231873,0.3882345084379313,0.45553348995800347,0.562227312010982,0.14026822612303,0.0990238734514146,2.0602725519161256e-05,-0.09723848286231873,False
STK24,6,-4.8017192331785425,1.5730915642544427e-06,0.8333333333333334,1,5,0.2147788611774759,-0.09308028365581222,-0.23597030091243987,-0.15340899484155202,-0.412028920067532,-0.178552736351725,2.06485420868672e-05,0.2147788611774759,False
CHAC1,6,-4.800625720166002,1.5817064119391667e-06,0.8333333333333334,1,5,-0.18646945073191024,-0.3000921114558084,-0.3507516527617618,2.275748171995064,-0.956341626389001,-0.693128629023358,2.0745169992406567e-05,-0.18646945073191024,True
NAT8L,6,-4.797365061326077,1.607664412205949e-06,0.8333333333333334,1,5,0.8465888304280771,-0.4827128046108671,-0.8138588121397099,-0.17541078140211575,-0.0184120141672777,-0.497783081879323,2.1035621621211754e-05,0.8465888304280771,False
OSCAR,4,4.796717785036051,1.6128658461111782e-06,1.0,4,0,0.13265755476923236,0.08987145581792307,0.4916017165541482,0.24955215649855889,,,2.1070367391343506e-05,0.13265755476923236,True
MMP10,4,4.794348555972098,1.632043001903518e-06,1.0,4,0,0.028716954994899582,0.11176592477472475,0.18855728257873858,0.025323110465608163,,,2.1287293749020515e-05,0.028716954994899582,True
BEST3,4,-4.7910873997696015,1.6587984448982956e-06,1.0,0,4,-0.2559105857438506,-0.05876395255800315,-0.7237812731038678,-0.12461759686307694,,,2.1619237685005186e-05,-0.2559105857438506,True
IZUMO1R,4,4.789845320422468,1.6690992649697753e-06,1.0,4,0,0.1215621557470406,0.012734575725050275,0.6294164241895445,0.05028913619501282,,,2.1699339634785296e-05,0.1215621557470406,True
DAPP1,4,4.789714420639006,1.67018841799882e-06,1.0,4,0,0.03732203972539283,0.2803908380268016,0.6927022699224152,0.5998686739359675,,,2.1699339634785296e-05,0.03732203972539283,True
WBP1L,6,4.789099043044009,1.675317834478185e-06,0.8333333333333334,5,1,0.11575561311622451,0.14287190081319245,0.26276905813524376,0.39096925023862994,-0.274559432180467,0.0072144734010275,2.1731865827807927e-05,0.11575561311622451,True
PTPRC,6,4.787693711758007,1.6870886610053757e-06,1.0,6,0,0.07734506367862792,0.5137354856033147,0.9282663468071082,0.957547347095963,0.660868542717797,0.656546716471084,2.1867417006234125e-05,0.07734506367862792,True
MCM6,5,4.786411932652796,1.6978939137716196e-06,1.0,5,0,,0.15981240580019185,0.490500038506692,0.4812261929626245,0.0485887965025125,0.0915034158986514,2.1973057123336864e-05,,False
ARL5B,5,-4.78571992849561,1.7037550458984122e-06,0.8,1,4,,-0.1414067200315623,-0.27745758066072135,0.1925112553313868,-0.105168355571907,-0.392748755467757,2.2031682437273846e-05,,False
NRIP2,5,-4.784741431520425,1.7120759104764335e-06,0.8,1,4,,-0.3896111344579021,-0.636522760543436,-1.2064618336787918,-0.213335892630486,0.0042045261318302,2.2121188048750275e-05,,False
CYHR1,4,-4.7831506128404175,1.7256872130388915e-06,1.0,0,4,,-0.13295257479552003,-0.20701975187372934,,-0.090929220451629,-0.191773024055886,2.2211177877309278e-05,,False
LPIN3,4,4.782489965436468,1.731370328814464e-06,1.0,4,0,0.2205161355400027,0.14674580575253016,0.3852751253663378,0.10410209699226503,,,2.226700985434111e-05,0.2205161355400027,True
SLC34A2,6,-4.781544017863249,1.7395390194861448e-06,0.8333333333333334,1,5,0.28968321433135524,-0.14770015374934453,-0.5594197232988765,-0.6849892287068189,-0.360325052346044,-0.269191682466988,2.2354697088924432e-05,0.28968321433135524,False
HOXB9,6,-4.777998574218371,1.770486361795078e-06,0.8333333333333334,1,5,0.04048939322391476,-0.28878882010564744,-0.4508354474370797,-0.3402766297465214,-0.367581800405713,-0.511288717092265,2.2725314933036396e-05,0.04048939322391476,False
PROCR,6,4.777760642822257,1.7725820449354857e-06,0.8333333333333334,5,1,0.0428610279991295,0.17444843212155592,0.5811892332528537,1.1619186525861074,-0.0296564798447365,0.322087549937277,2.272639659780957e-05,0.0428610279991295,True
JUNB,5,4.777204967475797,1.7774856832602204e-06,0.8,4,1,,0.43085034272409883,0.7240983440492217,0.6251164058483862,0.0811522896149075,-0.589495827688718,2.27540162639777e-05,,False
NLRP6,4,-4.776668001787186,1.7822365985746365e-06,1.0,0,4,-0.11534104686666037,-0.05523565978438863,-0.5684597863495737,-0.03474155146938858,,,2.2797202611752227e-05,-0.11534104686666037,True
CCKAR,6,4.773011474026902,1.8149144684233862e-06,0.8333333333333334,5,1,0.3688707010559722,0.40636825105853114,0.5123475377135223,1.4270508107843014,-0.257730501973514,0.006009993165601,2.310447698361191e-05,0.3688707010559722,True
XRN2,6,4.772790259145578,1.8169097938784869e-06,0.8333333333333334,5,1,-0.007671303098780058,0.13474054703908456,0.21277426226484675,0.5968167460503304,0.200364217520696,0.212322362301264,2.310447698361191e-05,-0.007671303098780058,False
ITGB6,6,-4.772733108108804,1.8174256302962004e-06,0.8333333333333334,1,5,-0.059312779681293115,-0.20657175828093344,-1.2139441884488846,0.18731250123604748,-0.524077018908371,-0.234538426275137,2.310447698361191e-05,-0.059312779681293115,True
TUBA1C,5,4.771250396178116,1.830857649574147e-06,0.8,4,1,,0.27756543575222903,0.38181882754825835,-0.5737794598276613,0.232169045312503,0.0953124030894763,2.3257372076555087e-05,,False
KANK2,6,4.770636551545285,1.836446397669404e-06,0.8333333333333334,5,1,0.15460484359646642,0.14869824647313123,0.5064259142248444,-1.0659727033237454,0.403030959297033,0.221985064043636,2.331047605385274e-05,0.15460484359646642,True
BAIAP2,6,4.769700454048203,1.8450006677481636e-06,1.0,6,0,0.14941783189796842,0.016991032759604785,0.30554881498724296,0.3827893892410197,0.299446481295114,0.22424707265982,2.3348858214910203e-05,0.14941783189796842,True
FCGR2B,6,4.768836721204647,1.8529276045712558e-06,0.8333333333333334,5,1,-0.06928287878929806,0.2672663378865101,1.0697312570422859,0.1563656668381923,0.531247933357561,0.64694496320291,2.3429837823425077e-05,-0.06928287878929806,False
MPZ,6,-4.764790867652619,1.8904962456230196e-06,0.8333333333333334,1,5,0.15493773632233498,-0.21176388100152366,-0.5465188536648515,-0.07267362839997737,-0.432170131415348,-0.2686742559841,2.3850223976792852e-05,0.15493773632233498,False
ELMOD1,6,4.76146572903372,1.9219193982601573e-06,1.0,6,0,0.3145941420004297,0.08606903724813675,0.29903796497108015,0.6020262579877915,0.22058799366688,0.342010022755576,2.4209748767124904e-05,0.3145941420004297,True
IER5L,5,4.7611526719982145,1.9249035536620618e-06,0.8,4,1,,0.0711385163988627,0.7080561161811549,0.36340663770584736,0.286313766188074,-0.089737669637878,2.422890009141783e-05,,False
APAF1,6,4.759397402109566,1.941717949246512e-06,1.0,6,0,0.02228687998632317,0.1607545929938221,0.26926396184389345,0.6815871490425316,0.224718572351599,0.137334746565045,2.4421972261343672e-05,0.02228687998632317,True
FAM32A,5,4.75878094051908,1.947656679906893e-06,1.0,5,0,,0.16220031978450944,0.08650274652035694,0.28749010495268745,0.143757988700664,0.426259164789913,2.447806633699232e-05,,False
IL6R,3,4.757984987696642,1.9553503674794863e-06,1.0,3,0,0.15967048929498207,0.3706838596384986,0.6352828086919104,,,,2.4556114781881987e-05,0.15967048929498207,True
CNPY1,4,-4.75677066198612,1.967144328261017e-06,1.0,0,4,-0.10600909940631226,-0.05629066232166541,-0.5102572691242975,-0.06963523276372421,,,2.4654515058025874e-05,-0.10600909940631226,True
NDFIP1,6,-4.756718309748524,1.9676543252568984e-06,0.8333333333333334,1,5,0.17546568357167835,-0.09196566402224438,-0.19199389580077053,-2.3951601153251865,-0.391936905184163,-0.211041860237319,2.4654515058025874e-05,0.17546568357167835,False
NDUFS3,6,-4.756263202805748,1.972093171049743e-06,0.8333333333333334,1,5,-0.30011319114225277,-0.14247654103048735,-0.23380189839232912,0.009402283346793716,-0.345815914121522,-0.0410690106596259,2.4691441881403438e-05,-0.30011319114225277,True
EGFR,6,4.75268327033143,2.0073467410938668e-06,1.0,6,0,0.5657351611656098,0.13710477818672828,0.7130787166806858,0.8054286114321192,0.109959306022955,0.463992782049085,2.50948665095058e-05,0.5657351611656098,True
PRELID3B,6,4.751517083709759,2.0189609762003067e-06,0.8333333333333334,5,1,-0.09598068344045974,0.25575775094154674,0.45299855621778473,0.0957147508956604,0.0661532675866066,0.218392167496507,2.5201992517396288e-05,-0.09598068344045974,False
MEX3B,6,4.750850620151481,2.025627348241289e-06,0.8333333333333334,5,1,0.25956539145363955,0.08926192747667394,0.4529790586930482,0.26161809558644356,0.0562033520801037,-0.183403654148731,2.5266152123654722e-05,0.25956539145363955,True
MAN2A2,6,4.74567596827403,2.0781115998633437e-06,0.8333333333333334,5,1,0.2231128599505734,0.1657249646881227,0.2693840453188283,-1.5400459130237492,0.0199386306390414,0.255015115629679,2.585704914703033e-05,0.2231128599505734,True
TOM1,4,4.745565204908319,2.079249179234979e-06,1.0,4,0,0.0032808854849708524,0.10281453566461352,0.21333091874273435,0.2704115179993769,,,2.585704914703033e-05,0.0032808854849708524,True
MRC1,6,4.744764331737063,2.0874922485036176e-06,1.0,6,0,0.24997803171845856,0.28729364432871396,0.4267069586325243,1.619092776445072,0.281289176937776,0.206964482680842,2.5888710340163328e-05,0.24997803171845856,True
ANKRD34B,6,4.744211339113781,2.093202290920376e-06,0.8333333333333334,5,1,0.6930178440029202,0.33369157879201894,0.5508061693566293,-0.471053220041159,0.496886710204613,0.367579548550558,2.5913750425814558e-05,0.6930178440029202,True
PXK,6,4.742990283126218,2.1058637449375962e-06,1.0,6,0,0.1878861368200857,0.09050222637956162,0.1830558005630749,0.13475478622738013,0.150865578082744,0.134172029612136,2.605101398072279e-05,0.1878861368200857,True
IL21R,4,4.742572450741383,2.1102132275324466e-06,1.0,4,0,0.15204682456142982,0.1934956101844048,0.7746076600944531,1.1657917352570277,,,2.608350178551638e-05,0.15204682456142982,True
KIF17,6,-4.741237292137343,2.124169652670994e-06,1.0,0,6,-0.3749670947633321,-0.15293706852292585,-0.292473647022793,-0.0635104595180711,-0.083569595808954,-0.390976169464012,2.6218684631625872e-05,-0.3749670947633321,True
MSH5,4,4.740423368791365,2.1327210491458662e-06,1.0,4,0,0.11281758273195308,0.19256277614700654,0.5080068840819867,0.22157541138951498,,,2.6304619080076287e-05,0.11281758273195308,True
GSDMA,4,4.737192940118361,2.1669883652655412e-06,1.0,4,0,0.10720955545858629,0.08083779172999933,0.34855729465259166,0.668565224106372,,,2.6687493617466696e-05,0.10720955545858629,True
HDAC2,6,4.7364151462821065,2.175317584246266e-06,0.8333333333333334,5,1,-0.0686885862013229,0.14868707950804794,0.41027039297738277,0.1995300782666929,0.13253885378042,0.23589292684401,2.676187765656298e-05,-0.0686885862013229,False
PLS1,6,-4.736327143359149,2.176261921564389e-06,0.8333333333333334,1,5,0.31432068378938194,-0.23466544199371286,-0.38095364682195854,-0.29914207194919307,-0.063712599072254,-0.260106702687122,2.676187765656298e-05,0.31432068378938194,False
NEO1,6,4.7321394233750365,2.2216572358661007e-06,0.8333333333333334,5,1,0.12171894038625286,0.1064892458333575,0.336462523850833,0.1033281627934004,0.100496836644296,-0.327134974984882,2.7259355498929354e-05,0.12171894038625286,True
SMIM13,5,-4.729175893880228,2.2543301703010873e-06,0.8,1,4,,-0.25423855075985413,-0.1873634088337468,-0.06355530167672008,0.0261388227935173,-0.0990973705945981,2.7572349234603214e-05,,False
IFT27,6,-4.729070962093196,2.2554954605880106e-06,0.8333333333333334,1,5,-0.2735764191545611,-0.16110776649599412,-0.3499620658227651,0.04471975580004539,-0.525586359683808,-0.114095233712329,2.7572349234603214e-05,-0.2735764191545611,True
CDK16,6,4.72624924946258,2.287048984226946e-06,0.8333333333333334,5,1,0.24920637858425287,0.06030883110279017,0.13952808419451213,0.29586182888918255,0.222111662004369,-0.158920566760678,2.7916839813366085e-05,0.24920637858425287,True
OLR1,4,4.724745042323601,2.3040423924924975e-06,1.0,4,0,0.28285505045541015,0.07031363127656398,0.45079791962733673,0.07306285354112896,,,2.80621851953906e-05,0.28285505045541015,True
FYN,6,4.7239468476335995,2.313108968890681e-06,0.8333333333333334,5,1,0.2266175612842316,-0.06363033340903357,0.14769448732108437,0.3834318229022866,0.1279466636185,0.11701899060247,2.815189680373423e-05,0.2266175612842316,True
ABHD2,6,-4.723180584257421,2.3218450639669153e-06,0.8333333333333334,1,5,0.5846192755318755,-0.1918279186556413,-0.6243598733080056,-2.0772190094295473,-0.220502880152482,-0.179134715472871,2.822242717401185e-05,0.5846192755318755,False
TBC1D31,6,-4.722346938505836,2.331385358172765e-06,0.8333333333333334,1,5,-0.14206873145629206,-0.10118378070403411,-0.21124742485394998,0.11589438189219292,-0.590942382094865,-0.344464134050913,2.8291122029674194e-05,-0.14206873145629206,True
GPR137,6,-4.719341298368846,2.3660955442822323e-06,0.8333333333333334,1,5,0.2405425131237342,-0.10923061025851943,-0.33090128735929536,-1.6315440100066834,-0.444889939825677,-0.517805528390549,2.8649314885851873e-05,0.2405425131237342,False
MAP7D2,6,-4.717384179152125,2.3889631825774283e-06,0.8333333333333334,1,5,0.27322643511425504,-0.1209209408693841,-0.3393104987385094,-0.3099573634208621,-0.133795210870329,-0.118044161255821,2.8903384040349822e-05,0.27322643511425504,False
TUSC2,6,-4.7172472441976065,2.3905710942024472e-06,0.8333333333333334,1,5,0.14021383014046407,-0.1325020506010368,-0.22521836789471816,-1.7368776795910117,-0.31292571045065,-0.249198322301277,2.8903384040349822e-05,0.14021383014046407,False
ATP2A2,6,-4.716540673771161,2.3988842802859344e-06,0.8333333333333334,1,5,0.2289166713550177,-0.18632067902034777,-0.30394819597581346,-0.09038743159402252,-0.092219970244833,-0.0110660571241976,2.897203277189263e-05,0.2289166713550177,False
GNPAT,6,-4.710881511603465,2.4664761186828682e-06,0.8333333333333334,1,5,-0.13621118475784932,-0.1283167846495843,-0.20951750711541006,-1.5960294259862255,-0.189844674284839,0.0136335620983039,2.9690991066500973e-05,-0.13621118475784932,True
NAV2,6,4.710618147428482,2.469665796071405e-06,0.8333333333333334,5,1,0.29420681296171924,0.1716406076320911,0.34925143295152683,0.5379247217263634,-0.0686868891324006,0.0318021473377037,2.9707782163207777e-05,0.29420681296171924,True
ZFP281,6,4.708120442736678,2.5001137049683905e-06,1.0,6,0,0.14404915829041487,0.12986339309417394,0.14718484389155861,0.1576972547584603,0.593137315045618,0.237680568754104,3.0052201920578646e-05,0.14404915829041487,True
PCTP,6,-4.704835126218262,2.5407119625654653e-06,0.8333333333333334,1,5,0.0373551931067615,-0.4153586829868301,-0.6054557364769764,-0.2955812842532044,-0.0214059684203676,-0.244676979162985,3.049591327366467e-05,0.0373551931067615,False
CYP4F39,5,-4.704675721224765,2.5426978189377156e-06,0.8,1,4,,-0.21828078986474653,-0.40821873865412917,-0.22592957679390535,-1.09693410594016,0.124455654841757,3.0497633550041357e-05,,False
NDUFV1,6,-4.702681460757432,2.5676684368652025e-06,0.8333333333333334,1,5,-0.060182874606313774,-0.047101586887726477,-0.1199117007814623,0.053803273726181544,-0.495043932570077,-0.250896990193747,3.0752567269893514e-05,-0.060182874606313774,True
INPP1,6,4.702410275034113,2.5710821448403184e-06,1.0,6,0,0.09487810748955905,0.09951687667587894,0.224075785520105,0.564535957134094,0.0251676260412408,0.0853726093471718,3.077118702920965e-05,0.09487810748955905,True
LAPTM4A,5,4.700304279967256,2.5977412580448335e-06,0.8,4,1,,0.15153171905149687,0.24539429125764123,0.3384723780239156,0.0447871169938027,-0.170507004600598,3.1010451118922284e-05,,False
KLHL18,6,4.699434073464999,2.608834210525413e-06,0.8333333333333334,5,1,0.23729998314642975,0.006793162475103198,0.2859949582181214,0.07002075234051297,0.0030039001005515,-0.0256351447738457,3.108813812283415e-05,0.23729998314642975,True
KDM2A,6,4.699133008749512,2.6126826061838483e-06,1.0,6,0,0.1311468253346817,0.01873505634530659,0.14779460562336322,0.23337001055049011,0.2163364533705,0.0602363083972255,3.1111598919104355e-05,0.1311468253346817,True
DUSP6,6,4.696866453477169,2.6418305437151573e-06,1.0,6,0,0.0029141346975283255,0.2285146330735488,0.4053768682016017,0.49442733237579084,0.357827649053728,0.135123882084445,3.1413490775555516e-05,0.0029141346975283255,True
WARS1,4,4.695781794787572,2.6558894411356476e-06,1.0,4,0,0.3175468929569423,0.09658459217054993,0.23851780005796552,0.7003366749146736,,,3.155799140680348e-05,0.3175468929569423,True
CP,6,4.691918594959497,2.706548256953454e-06,0.8333333333333334,5,1,0.19511901090643757,0.20973813737431035,0.7880315839723746,-1.7503992816821494,0.415207482577571,0.591163054833477,3.209082145350542e-05,0.19511901090643757,True
MGAT3,6,-4.687427962757085,2.766600362274853e-06,0.8333333333333334,1,5,0.3128931397269792,-0.18001006208924464,-0.29576294774065826,-0.05118765596053709,-0.641813283427512,-0.0144659209357743,3.275591501886507e-05,0.3128931397269792,False
CSTF3,6,4.684013253505537,2.813118064289659e-06,1.0,6,0,0.13349304270663875,0.11755332272469676,0.29799710786284983,0.12390842039028005,0.0775635846880804,0.231112245275715,3.323535346190038e-05,0.13349304270663875,True
MATN2,6,4.6809191373165655,2.8559157924707874e-06,0.8333333333333334,5,1,0.23957899812876793,0.10049582124597123,0.3053941720793958,-1.6756341091860154,0.214828953432826,0.368658405500851,3.3644923983613144e-05,0.23957899812876793,True
ATXN2L,6,4.680515197323213,2.8615489707241658e-06,0.8333333333333334,5,1,0.2931013065970616,0.048535865463398054,0.2699232426574518,0.146746939214359,0.0541585706771528,-0.247340971619068,3.368731050030326e-05,0.2931013065970616,True
MRPL3,6,-4.675522133276947,2.932066501409096e-06,0.8333333333333334,1,5,-0.22235226637979366,-0.13943178785986543,-0.13737663077091966,-1.3871817536007889,-0.18795287810703,0.198260008962585,3.435960709256473e-05,-0.22235226637979366,True
PLPP4,6,-4.6754897295968,2.9325295413657876e-06,0.8333333333333334,1,5,0.1579674557716162,-0.2239943804899296,-0.6593722633387489,-0.3863892715117019,-0.436775248275302,-0.134023821312913,3.435960709256473e-05,0.1579674557716162,False
NEFH,6,-4.671179231905244,2.9947548075433286e-06,0.8333333333333334,1,5,0.7932820296247574,-0.5298561169759441,-0.6285970707473485,-0.3328782667170618,-0.0301094021328319,-0.10253329250359,3.495710971400365e-05,0.7932820296247574,False
RNF39,3,-4.662511290929562,3.123739428840903e-06,1.0,0,3,,-0.0651615014598439,-0.34910117124602935,-0.20893292561866172,,,3.623275054392055e-05,,False
EMILIN2,6,4.65740956442739,3.2021301124703343e-06,0.8333333333333334,5,1,0.2558971469783149,0.4574929036654568,0.5867800882805336,0.5387458743021307,0.737864013008514,-0.614265144684301,3.698650217837332e-05,0.2558971469783149,True
ARHGAP36,6,4.656982186579941,3.2087819682674688e-06,0.8333333333333334,5,1,0.655810953668615,0.5994377157371518,0.6100791419484652,0.10368005581786832,-0.24954617835506,0.252738004570397,3.702556803540347e-05,0.655810953668615,True
ST3GAL5,6,-4.656547322464769,3.215563945612342e-06,1.0,0,6,-0.040147670935976265,-0.27106143813313244,-0.42846916177214567,-0.04907974842812646,-0.0870296736423852,-0.146249524530543,3.702556803540347e-05,-0.040147670935976265,True
GPR101,4,4.656474763553567,3.2166968846610793e-06,1.0,4,0,0.08261392367567852,0.20428660765774162,0.613485146306335,0.11076621461303711,,,3.702556803540347e-05,0.08261392367567852,True
ARHGAP45,6,4.653990744153145,3.2557142377339455e-06,0.8333333333333334,5,1,-0.0664051161932484,0.13453810571466684,0.8041479768834918,0.8165540324741034,0.428741267481775,0.328419872093806,3.7422626432619626e-05,-0.0664051161932484,False
ICMT,5,-4.64884657268303,3.3379638364361235e-06,0.8,1,4,,-0.13542591267137105,-0.22303626658679843,-0.09258998824630904,0.0441810968566059,-0.308206663981502,3.8288272640811305e-05,,False
TENM3,6,4.648558636921975,3.3426260178209856e-06,1.0,6,0,0.47962681028322063,0.048010712676153755,0.19872299075655686,0.01569463287733175,0.367896910411277,0.330152496324232,3.830445399091767e-05,0.47962681028322063,True
EEF1E1,5,4.648330949789453,3.346317089830048e-06,0.8,4,1,,0.10903762013397733,0.2514930360361065,0.358551643294442,0.2916752476128,-0.0108331161107107,3.830445399091767e-05,,False
RAP1GAP2,6,-4.646302345745164,3.379376115435035e-06,0.8333333333333334,1,5,0.6641663397244031,-0.1696278674564553,-0.5866942546257716,-0.07103953287187803,-0.102328993789346,-0.371387244662263,3.8656139227837386e-05,0.6641663397244031,False
KCNK13,6,4.645377024987469,3.3945593512470445e-06,0.8333333333333334,5,1,0.10824041033085241,0.17161800270535127,0.551737214537473,0.33762847195440626,0.19113077688081,-0.0353340030736589,3.880300164491787e-05,0.10824041033085241,True
C5AR1,5,4.6445095912179335,3.408852131984014e-06,1.0,5,0,,0.27499605570706054,0.5598452424727651,1.0275866275682297,0.344742390925956,0.0104197012882459,3.8938507653247285e-05,,False
SYTL3,6,4.644372355204442,3.4111186622286468e-06,0.8333333333333334,5,1,0.2321898274753602,0.10596233989637316,0.5566366143763775,-1.4282487875735344,0.232262681842523,0.382024306536437,3.8938507653247285e-05,0.2321898274753602,True
CMIP,6,4.640284896799561,3.4792917129367065e-06,0.8333333333333334,5,1,0.631147242520961,0.1208973883880482,0.25328954999819686,0.29977918805968695,-0.0685625569089714,0.0824082917543609,3.958023122510541e-05,0.631147242520961,True
ANK1,6,-4.639604544174639,3.4907651213677776e-06,0.8333333333333334,1,5,0.5397963570551889,-0.2323820800360492,-0.4478023867653764,-2.3448679531721632,-0.106376016575897,-0.0715151299169468,3.968347822038424e-05,0.5397963570551889,False
CDKN3,6,4.635455827318664,3.5615177645360585e-06,0.8333333333333334,5,1,0.05983262253656885,0.47272736330725196,0.5749484166335901,1.227853004690218,-0.0291417947205841,0.191950910510102,4.03492416417528e-05,0.05983262253656885,True
SPRING1,3,4.630124608634803,3.654457445817819e-06,1.0,3,0,0.17770272176063306,,0.3350159942554778,0.3875742410332599,,,4.13173358218419e-05,0.17770272176063306,True
BRPF3,6,4.628769165714879,3.678455189385107e-06,0.8333333333333334,5,1,0.13684632273472008,0.3675801947099371,0.2108515783301903,0.6411787650447738,-0.0628406699328545,0.100538062552672,4.147300202830615e-05,0.13684632273472008,True
PDE7A,6,4.628639770105987,3.6807539861999596e-06,0.8333333333333334,5,1,0.18063642522103152,0.16707987503474797,0.44505068517475577,-0.9275547452293083,0.120789287825744,0.158361994239126,4.147300202830615e-05,0.18063642522103152,True
JOSD1,4,4.626836382878478,3.7129360350882532e-06,1.0,4,0,0.2082468536415405,0.05704190662616693,0.16872592529513497,0.1924511419033017,,,4.175985508433508e-05,0.2082468536415405,True
MCF2,6,-4.626789223653989,3.71378121581327e-06,0.8333333333333334,1,5,0.3859446243525615,-0.4418994433726826,-0.7130937938341875,-0.45688746476634856,-0.0062408226195582,-0.407188193063512,4.175985508433508e-05,0.3859446243525615,False
BATF3,3,4.625853475498257,3.7305897447406553e-06,1.0,3,0,,0.1184493866953149,0.18178805806195272,0.645834435669818,,,4.192038116425481e-05,,False
IRF8,6,4.624933194472639,3.747191558971027e-06,0.8333333333333334,5,1,-0.1481004202016103,0.2943528348369162,0.994462180059299,1.091335293282922,0.499640132648231,0.112795749162087,4.2078368171023365e-05,-0.1481004202016103,False
RAVER2,6,4.619938890682639,3.8385308375536535e-06,0.8333333333333334,5,1,0.049472925020481284,0.4935271083122663,0.6041704424117982,0.10287122623451683,0.305972124654895,-0.0385629228791693,4.299317662041908e-05,0.049472925020481284,True
PPP1R15A,5,4.619910962950589,3.839047549841675e-06,0.8,4,1,,0.3041951246138206,0.21375811548291868,0.3492504360523503,0.754913281088748,-0.1389465613057,4.299317662041908e-05,,False
TENM2,6,4.618427603039576,3.866588344903305e-06,1.0,6,0,0.3197055019268227,0.08163765401466283,0.26835394783365807,0.15903956759137827,0.499352613310127,0.386653309383892,4.3272326088464846e-05,0.3197055019268227,True
ANKS1B,6,4.6182084816570805,3.870672680339296e-06,1.0,6,0,0.6950693184235677,0.24092726829001554,0.23240679739477255,0.7369401444681163,0.106239109415284,0.285527088680267,4.328876635471354e-05,0.6950693184235677,True
FHL2,6,4.61782045190528,3.877915548355095e-06,0.8333333333333334,5,1,0.022642698227944624,-0.05842574933927969,0.5274427289304362,0.4476449942379346,0.621004574630595,0.316799305004448,4.33404849131489e-05,0.022642698227944624,True
ORMDL2,5,4.616849500836635,3.896096049548958e-06,0.8,4,1,,0.13345503807592518,0.4379393066306694,-0.822243492102499,0.0066703054077876,0.0816248566538471,4.3484950648775695e-05,,False
FAM81A,6,-4.615878911103957,3.914351420603411e-06,0.8333333333333334,1,5,0.23373811428586677,-0.18884323718841522,-0.8462700598398625,-0.39532822612046825,-0.185348406756107,-0.0450861254430972,4.3659261936541545e-05,0.23373811428586677,False
SERINC5,6,4.611236016817442,4.002817494139977e-06,0.8333333333333334,5,1,0.053132345363420264,0.2997485961407862,0.2742622465312934,0.4294871008670835,0.084074326058399,-0.10341754523507,4.458589176514461e-05,0.053132345363420264,True
EPHB2,6,4.610021775547049,4.026267962175808e-06,0.8333333333333334,5,1,0.17273465095991325,0.18732374992622813,0.49609484449185537,0.6636871135686873,-0.402545637116487,0.135029920115604,4.4816938338893056e-05,0.17273465095991325,True
PNRC2,5,4.608548709528979,4.054893858313573e-06,1.0,5,0,,0.107211973985887,0.16835427109489043,0.3364699788978527,0.030978235006232,0.692974493890615,4.510072305901062e-05,,False
SYT3,6,-4.6066414018986555,4.092248187107123e-06,0.8333333333333334,1,5,0.5342708523717139,-0.29182670944381073,-0.7885435886967125,-0.4136312696334401,-0.193621291445772,-0.179332923439662,4.545965905570276e-05,0.5342708523717139,False
CDC42SE1,6,4.605721834221586,4.110375390008504e-06,1.0,6,0,0.11467780282453521,0.13214505093635553,0.23308475118176553,0.6526795099530771,0.206698381277279,0.0012413359839409,4.5630404732005867e-05,0.11467780282453521,True
GALNT6,6,4.604553738456883,4.133512740356391e-06,0.8333333333333334,5,1,0.5676507751857107,0.19556490405546767,0.3127656866110349,0.7049453916900221,0.259041592826923,-0.773759524691694,4.579511571511311e-05,0.5676507751857107,True
IFNGR1,6,4.604076958791066,4.142992497237822e-06,1.0,6,0,0.024219020254165002,0.21353104712619153,0.23087440769278977,0.3064697191863255,0.0556962233026144,0.0150428298444303,4.58694393406558e-05,0.024219020254165002,True
VPS4B,6,4.602608554318035,4.172319690138595e-06,0.8333333333333334,5,1,0.12854595557225856,0.11731234407705626,0.37043865670544296,0.07391328804137753,-0.0587540245473577,0.045068761423245,4.613242185115165e-05,0.12854595557225856,True
CSF1R,6,4.59513636193617,4.3246636084526845e-06,0.8333333333333334,5,1,0.05768678631263935,0.6956039373893312,1.3166576484678458,-0.2515489642315387,0.0302678562679913,0.293761839185738,4.756267910106899e-05,0.05768678631263935,True
SORD,6,-4.594494759465384,4.3379902900451705e-06,0.8333333333333334,1,5,0.008159541777142287,-0.1459556953583494,-0.27641141887111953,-0.1858609884272493,-0.0005601396898251,-0.200903244124387,4.76459291843581e-05,0.008159541777142287,False
GABARAPL1,5,-4.593615849152342,4.356309960365618e-06,1.0,0,5,,-0.13267642628999798,-0.1294575583612083,-2.1366415171749313,-0.145686344051948,-0.217774532898647,4.781541277451705e-05,,False
INF2,6,4.592476759523714,4.380163019790668e-06,0.8333333333333334,5,1,0.17122912236599142,0.13295033491983688,0.2559694277579698,1.0097826662476628,0.104115461962123,-0.246099562975374,4.804536666903587e-05,0.17122912236599142,True
ATG14,6,4.589053712878876,4.452598574481063e-06,0.8333333333333334,5,1,0.13200547958638165,0.13963014627694958,0.2624865402007499,-0.9395522387101858,0.119289799386125,0.115602696053671,4.871078096814974e-05,0.13200547958638165,True
FAM13B,6,-4.5865137462605245,4.507087406209331e-06,0.8333333333333334,1,5,0.1793152741719677,-0.06303644257856877,-0.2710540256500211,-1.779971817911461,-0.361205601394574,-0.124592343006355,4.92197361398573e-05,0.1793152741719677,False
ADCY8,6,4.584495040047511,4.550848893878983e-06,1.0,6,0,0.48962412602837135,0.14173053059144625,0.21862911762748194,0.0407016853985227,0.142243633594068,0.550026052118928,4.96216409034815e-05,0.48962412602837135,True
OSBPL11,6,4.583411517642925,4.574505054507901e-06,0.8333333333333334,5,1,0.017075019074861864,0.09939050445211439,0.2794157250286009,0.41274633263001537,0.114637847046192,-0.248520778611276,4.984674632140538e-05,0.017075019074861864,True
IQSEC1,6,-4.5824903958070085,4.59470817781667e-06,0.8333333333333334,1,5,0.46746086913597296,-0.21681793648131675,-0.32703078517040574,-0.018756651069521624,-0.436799774672799,-0.253256404513758,5.003395378896153e-05,0.46746086913597296,False
CKAP4,6,4.582328698937059,4.5982635108084824e-06,0.8333333333333334,5,1,0.16159200521595807,0.03572940988154594,0.15348314901913263,0.4934539312916977,0.189474128196014,-0.107188499158637,5.0039748606773176e-05,0.16159200521595807,True
SLC20A2,6,4.578547388386376,4.682160978372071e-06,1.0,6,0,0.2044637934221214,0.17376247712180048,0.34760757651640617,0.43098407484278667,0.0384050600790904,0.0823487251087047,5.0847945707169716e-05,0.2044637934221214,True
MACO1,4,4.576556752459981,4.726915172769689e-06,1.0,4,0,0.01647428659741923,0.03468610354700896,0.29517140450357005,0.5884419689916189,,,5.1237655494226516e-05,0.01647428659741923,True
LGMN,6,4.573379859511073,4.799189121705355e-06,0.8333333333333334,5,1,0.1007570736041572,0.13833768405883795,0.1780664010866584,0.0707105571387796,0.102958978355224,-0.12896428237505,5.1815637475451845e-05,0.1007570736041572,True
APLF,6,4.567801546833454,4.928663323765139e-06,0.8333333333333334,5,1,0.12103080903629504,0.05556876342509076,0.4297700494391723,-0.6443458724323512,0.107570675790094,0.186735804436717,5.300128355550506e-05,0.12103080903629504,True
AOX4,4,-4.565496951360154,4.9831243907039085e-06,1.0,0,4,,,-0.3869398348005899,-0.11167912793754242,-0.236592464137364,-0.127523239584886,5.348941304470239e-05,,False
CEP83,6,-4.564050299711278,5.0176048748602904e-06,0.8333333333333334,1,5,-0.04550244830726413,-0.158486174373885,-0.23768789096861376,-1.482095270781211,0.0267443316727851,-0.188730472521187,5.375494879526701e-05,-0.04550244830726413,True
SLN,4,4.562957073475874,5.043813024499097e-06,1.0,4,0,0.04916653867770426,0.14629740423326468,0.4474133236220027,0.33724691868025575,,,5.3907808263598335e-05,0.04916653867770426,True
LBH,5,4.560966314879956,5.091874983800226e-06,0.8,4,1,,0.11492288578530196,0.24346894831374932,0.5937020211455488,0.215945584990754,-0.207607712308146,5.4304584234446744e-05,,False
UBAP2,6,4.56015946779347,5.1114789457649905e-06,0.8333333333333334,5,1,0.2936200596972345,0.026758087848400613,0.1286594876707099,0.2789058673247897,-0.191769363519565,0.011909225041236,5.444350032837975e-05,0.2936200596972345,True
INSYN1,3,-4.559217419041939,5.134459360825744e-06,1.0,0,3,,-0.15530463688845497,-0.2937641142361267,-0.24075617118155002,,,5.465310054044226e-05,,False
SDK2,6,4.557374617648636,5.179699178387876e-06,0.8333333333333334,5,1,0.43960407014278946,0.32022750591163573,0.3187515727637127,0.422059440806696,-0.323347283393277,0.042019391852409,5.5055463207747136e-05,0.43960407014278946,True
AKAP13,6,4.557271638071838,5.182238501550873e-06,0.8333333333333334,5,1,0.20170513851750993,0.11870430102519158,0.23889907531403143,0.4147375221841898,0.0064567673398872,-0.0002000489680574,5.5055463207747136e-05,0.20170513851750993,True
SLC22A15,6,4.555642884147694,5.222560019162222e-06,1.0,6,0,0.3484199566351287,0.01972084333758195,0.22963158357302138,0.04255456806490576,0.123245303994565,0.160422770237742,5.5412700921264806e-05,0.3484199566351287,True
THAP4,6,4.551858722226373,5.31740390509699e-06,0.8333333333333334,5,1,-0.15987623647426252,0.20843114313357303,0.4019387956755365,0.2494403847014799,0.0151715800297345,0.349829175953095,5.627472470406993e-05,-0.15987623647426252,False
SLC22A14,3,4.551370917973061,5.329749256550267e-06,1.0,3,0,0.21029801196542933,,0.3077775901919202,0.10321581200718852,,,5.6369335268000017e-05,0.21029801196542933,True
SH2B3,6,4.550881840600327,5.342154375005543e-06,1.0,6,0,0.15926324765503397,0.10816726010863409,0.3420134541031379,0.4888065030282376,0.476959023173032,0.0811578746884871,5.642842323873117e-05,0.15926324765503397,True
PYCR3,3,4.547421218297548,5.430723882853464e-06,1.0,3,0,,0.03584228957881175,0.18139319561150913,0.36407065480684775,,,5.728350339569036e-05,,False
C1QTNF4,5,-4.546846708138866,5.445563023631291e-06,1.0,0,5,,-0.06754289815475834,-0.5759448767003241,-0.006018348544672314,-0.613477094346639,-0.573741977135721,5.737425790397526e-05,,False
DUSP1,5,4.54558125544347,5.478385700802335e-06,0.8,4,1,,0.4531479514200085,0.3663838420948933,0.7732475378300161,0.118176793901639,-0.092576947441936,5.764668793368102e-05,,False
ST6GALNAC4,5,4.542606381078836,5.556294113753197e-06,0.8,4,1,,0.1188681206847142,0.2602249398857186,1.0228254795428349,0.0353981208743281,-0.0909041055671631,5.8391590968441904e-05,,False
LIMK1,6,-4.542474968787583,5.559759990711965e-06,0.8333333333333334,1,5,0.5590042813652856,-0.30175149998297,-0.4419667745113225,-0.04532535905898882,-0.338090839998453,-0.164359163613669,5.8391590968441904e-05,0.5590042813652856,False
RSPO3,5,4.541703498614683,5.580148574369529e-06,1.0,5,0,0.015452248195477525,0.17523753092171768,0.9093413472072827,0.03117969749616445,,1.08426323405567,5.8517221676297255e-05,0.015452248195477525,True
AOC1,4,4.54162119252809,5.582327998240296e-06,1.0,4,0,0.02684347850912856,0.021754133636379337,0.39581570615049216,0.1364507336009612,,,5.8517221676297255e-05,0.02684347850912856,True
VEZT,6,4.540605573042487,5.609288244706805e-06,0.8333333333333334,5,1,0.1557649146563964,0.038712192844356785,0.2102242706847841,0.04780615148632972,0.163981015234057,-0.0162459707163167,5.872545162959331e-05,0.1557649146563964,True
STAU1,6,4.537941337390641,5.680605653460693e-06,1.0,6,0,0.09676516905504329,0.022525387377933193,0.08692477134040466,0.23231768391195828,0.237746714033062,0.0463066964161079,5.943450365112604e-05,0.09676516905504329,True
THEM4,6,4.536255609773962,5.726177381967839e-06,1.0,6,0,0.0050293519841524414,0.23867335775522047,0.22834018619679686,0.7751006778280081,0.153689992757612,0.0982399523594784,5.9873460534637824e-05,0.0050293519841524414,True
UBE2L3,4,-4.535955052025187,5.734339291269464e-06,1.0,0,4,-0.028785794405328247,-0.06327816402768871,-0.13983575554501826,-1.8345308576170023,,,5.992094946281071e-05,-0.028785794405328247,True
LONP2,6,4.533628544385072,5.79789542856845e-06,1.0,6,0,0.1343726542147392,0.07086496912697893,0.14769127082542965,0.027084847787008037,0.0198415496487543,0.209729888973357,6.049802134976378e-05,0.1343726542147392,True
TRIM11,6,4.533532660075322,5.800529234054804e-06,0.8333333333333334,5,1,0.15282764167409724,0.16022287606720842,0.23607475623373197,0.2456837704063224,-0.274837880673387,0.212648741909133,6.049802134976378e-05,0.15282764167409724,True
ARHGAP30,6,4.532776441445212,5.821341652085278e-06,1.0,6,0,0.0897351326466076,0.17845753620424532,0.8032851198921838,0.9741975279817754,0.397917686175447,0.488967331325256,6.0676855809392645e-05,0.0897351326466076,True
POLR3E,6,4.532068583920625,5.840887839584586e-06,0.8333333333333334,5,1,0.10409332690902051,0.09317638829549679,0.14274596293771147,0.17446695743203033,0.244649632788848,-0.150064555895092,6.084227534348903e-05,0.10409332690902051,True
FAM162A,6,-4.529182248821341,5.921240902996594e-06,0.8333333333333334,1,5,-0.29488680678672097,-0.1390053873108439,-0.2874663161097315,-0.013677249967174454,-0.0709802322490902,0.225308627251436,6.14858089249684e-05,-0.29488680678672097,True
SDR9C7,3,4.528896403931724,5.929255902327112e-06,1.0,3,0,,0.16233877904488692,0.28935175339784075,0.025323110465608163,,,6.152561065803571e-05,,False
MROH4,3,4.527552069540289,5.967090059340079e-06,1.0,3,0,0.0172151290283822,,1.6729196048132273,0.0005203486426604426,,,6.18455069894784e-05,0.0172151290283822,True
TP53BP2,3,4.525117801147822,6.036187403822666e-06,1.0,3,0,0.18721699247589463,0.1077393735722465,0.25444944562042693,,,,6.248341082431068e-05,0.18721699247589463,True
HAPLN2,4,-4.521130213980447,6.151033510739462e-06,1.0,0,4,-0.3054762919268261,-0.21374853662421733,-0.6700373009723815,-0.03755641444679375,,,6.355300041807713e-05,-0.3054762919268261,True
AREL1,6,-4.519975440823074,6.184680557091806e-06,0.8333333333333334,1,5,0.27437443542693796,-0.05872859069817604,-0.15478620279475042,-1.908753122086325,-0.26472773190187,-0.205302903730866,6.380848536556928e-05,0.27437443542693796,False
ZFP57,4,4.519884905735685,6.187325943193493e-06,1.0,4,0,0.1652572247903623,0.16693697157900278,0.21252063990896453,0.3656693088429499,,,6.380848536556928e-05,0.1652572247903623,True
ATP1A1,6,-4.516275758081341,6.293669657549942e-06,0.8333333333333334,1,5,0.4956662501399709,-0.22919323726939922,-0.6794277556346131,-0.23080632083345343,-0.176779358584978,-0.180233501686509,6.470361501351965e-05,0.4956662501399709,False
PARP6,5,4.514678372437894,6.3412929997479134e-06,0.8,4,1,0.0889187580195312,,0.17100387545930662,0.333420463268574,-0.0168697066686709,0.194600264356839,6.507196635575167e-05,0.0889187580195312,True
PAQR3,6,-4.514421727331103,6.348976514759137e-06,0.8333333333333334,1,5,0.1881806746901411,-0.15311143423344387,-0.40386867505925395,-0.9916457548088635,-0.0824014914276838,-0.0828007460881763,6.510565470764898e-05,0.1881806746901411,False
RCSD1,6,-4.514284604509371,6.353085387511482e-06,0.8333333333333334,1,5,-0.12413592632694748,-0.12083932204717218,-0.5991628485516158,0.3366746213770977,-0.0456356661667869,-0.461706182482873,6.510565470764898e-05,-0.12413592632694748,True
PLK2,6,4.509978438442393,6.483421512948916e-06,1.0,6,0,0.14177521008511018,0.08474730949846743,0.24118567351625675,0.028208566637122345,0.392162984967516,0.143056741074906,6.61719197386913e-05,0.14177521008511018,True
PNMA8A,3,-4.508329840496729,6.533994170450344e-06,1.0,0,3,,-0.2735697072139838,-0.3844658484840462,-0.1750216549487833,,,6.647163332524279e-05,,False
ROBO1,6,4.508202047129821,6.537930102313633e-06,0.8333333333333334,5,1,0.42940117443919856,0.24172444445604713,0.1680652689395412,-0.04885466785518933,0.300551900651914,0.252486859722976,6.647163332524279e-05,0.42940117443919856,True
HNRNPU,6,4.506589605458897,6.587787272756459e-06,0.8333333333333334,5,1,0.04986115113297451,0.18747672909748525,0.1903707338763727,-2.057831088983317,0.253493515767649,0.0514330479005554,6.688524331919359e-05,0.04986115113297451,True
ODF2,6,4.503175235473258,6.694563868093857e-06,0.8333333333333334,5,1,0.06627368826283142,0.03382903227283274,0.19754973746979942,0.19074965839537672,0.112548130994291,-0.157237514467243,6.781421122686018e-05,0.06627368826283142,True
TMEM47,6,-4.5015902833615655,6.7446903856065494e-06,0.8333333333333334,1,5,0.23974583904972047,-0.058449369786866434,-0.4721726298000126,-0.3876580123271589,-0.0663236745081728,-0.0643036142009878,6.828019282113737e-05,0.23974583904972047,False
CCDC186,6,-4.499185309389669,6.821437651895201e-06,0.8333333333333334,1,5,0.18785142986877812,-0.3770336522556468,-0.1752509556935209,-0.0637675147717518,-0.0603378615072212,-0.068575402932693,6.893066911731953e-05,0.18785142986877812,False
GPR158,6,4.497766180972416,6.86711587642417e-06,1.0,6,0,0.9125727500787155,0.16700963310207806,0.15680286503742025,0.3296407358657607,0.0885855395603194,0.0289794739596216,6.934990969284494e-05,0.9125727500787155,True
JMJD1C,6,4.496387853475542,6.911760803384977e-06,0.8333333333333334,5,1,0.1934354485255474,0.12322150477848348,0.2880616631667907,-1.4045875384740487,0.242647830863973,0.21650170349964,6.967324288527901e-05,0.1934354485255474,True
FN3K,6,-4.492878896620479,7.026674716838526e-06,1.0,0,6,-0.3161103648669481,-0.06825517799900038,-0.28560594470249745,-0.3441583566505866,-0.0991454985075744,-0.213386831533133,7.057373781135394e-05,-0.3161103648669481,True
KHK,6,-4.48737511469018,7.210605333972723e-06,0.8333333333333334,1,5,0.20604697250259818,-0.2011007794269939,-0.5480046251022639,-0.3989712146363873,-0.20346965916404,-0.264474626737186,7.207121949753413e-05,0.20604697250259818,False
MET,6,4.486623999810359,7.236061053966647e-06,0.8333333333333334,5,1,-0.033085368016310124,0.012280094319817136,0.525200161393844,0.5069362896081904,0.548234247697206,0.315773795506091,7.228200516913454e-05,-0.033085368016310124,False
SCX,5,-4.484295127886014,7.315535359949838e-06,1.0,0,5,,-0.09462151923922901,-0.5524287699316335,-0.26934466965558546,-0.187726563786067,-0.306786866885514,7.30318101796681e-05,,False
NEBL,6,-4.4836653190541105,7.337170984736898e-06,0.8333333333333334,1,5,0.4518445273001097,-0.06358211243273315,-0.4425420092633212,-2.056092938269419,-0.136249220773484,-0.0545789066428695,7.320364927026229e-05,0.4518445273001097,False
TMCC2,6,4.482744116085524,7.368927017713668e-06,0.8333333333333334,5,1,0.3129412463619916,0.20366611302120763,0.30633847379229273,0.23088658268285478,0.0597138521222824,-0.120351121317507,7.34569210123801e-05,0.3129412463619916,True
GAL3ST3,6,-4.481235274143239,7.4212244687952754e-06,0.8333333333333334,1,5,0.20603740128648607,-0.317918913619535,-0.5215453466704241,-0.4691587214877667,-0.707605598963699,-0.383171671414434,7.384392075798413e-05,0.20603740128648607,False
FASTKD1,6,4.480881096418487,7.433551834321278e-06,1.0,6,0,0.08185305789771302,0.0571428220878718,0.3691816863559758,0.1669359295370345,0.0012811446430878,0.0491408146761834,7.389798796497644e-05,0.08185305789771302,True
SORBS1,6,4.479376457794342,7.4861403007951906e-06,0.8333333333333334,5,1,0.28677054846181793,0.1757878721161621,0.1641924323194015,-1.7131653543945653,0.144096785128997,0.14022004396552,7.437610699805642e-05,0.28677054846181793,True
IRF2,6,4.477885696080877,7.538594480177799e-06,1.0,6,0,0.2222871667448798,0.06334973457176662,0.17684500939098946,0.06750440239924949,0.0273936780441519,0.365927661703111,7.476262183097839e-05,0.2222871667448798,True
CDHR2,4,4.472374710026458,7.735572407814518e-06,1.0,4,0,0.20517133956663214,0.08768946133089628,0.36108772454375027,0.08501843694978711,,,7.640959796765077e-05,0.20517133956663214,True
TMEM175,6,-4.471781037281962,7.757083144338288e-06,0.8333333333333334,1,5,0.14408990366164254,-0.043618258984671865,-0.287174432753309,-1.4835228087171553,-0.235839962157838,-0.134149951424005,7.656245689033233e-05,0.14408990366164254,False
BCL6,6,4.470277224471865,7.811827485552563e-06,0.8333333333333334,5,1,-0.34151433545392873,0.2061624170543559,0.5710877231879357,0.6808386818522338,0.135476129235543,0.297088587050287,7.702315226784452e-05,-0.34151433545392873,False
LRRC8C,5,-4.468935924572507,7.860967240501508e-06,0.8,1,4,,-0.16356046455666817,-0.12957087086646446,-0.0779672367897204,0.021767476479525,-0.0751097864509513,7.735715205991735e-05,,False
SLC17A6,6,4.467836765652328,7.901456112253746e-06,1.0,6,0,0.6543035278593052,0.15565884721194667,0.16947095657710154,0.3039125397077349,0.372602256831156,0.226636756139434,7.770938893049555e-05,0.6543035278593052,True
ELMO1,6,-4.467346697019453,7.919572585084039e-06,0.8333333333333334,1,5,0.3001093736160563,-0.11287019855538105,-0.470666175709491,-0.10793829712398928,-0.0286536768478036,-0.158600988507675,7.784130963676426e-05,0.3001093736160563,False
AGPAT2,6,4.466616466911142,7.946640845035968e-06,0.8333333333333334,5,1,-0.20711219534849912,0.3169101866533355,0.5889240766780279,0.3573070683920032,0.0864560058429653,0.422654553392121,7.802737900788483e-05,-0.20711219534849912,False
C3AR1,6,4.465912526682909,7.972818298601594e-06,0.8333333333333334,5,1,0.07330361441388089,0.21146002067045744,0.701389486335436,1.5474674574156588,-0.229942764252234,0.0458164189354298,7.817896236875212e-05,0.07330361441388089,True
MAN1C1,6,4.465636429734971,7.983108017238076e-06,0.8333333333333334,5,1,0.10598313335317933,0.05025808052259251,0.3092962653945266,0.582850187242431,-0.188398092445929,0.284107843809655,7.8226956150607e-05,0.10598313335317933,True
RIMS2,6,4.465527663685853,7.987165049210117e-06,0.8333333333333334,5,1,0.4550977631263704,0.11949892417051289,0.30662062184153793,-0.33572137024576065,0.155123278630859,0.19066148404202,7.8226956150607e-05,0.4550977631263704,True
KBTBD2,6,-4.464091278722146,8.040928212812618e-06,0.8333333333333334,1,5,0.09392995911951729,-0.02148141939126358,-0.3249130655403132,-1.8666479839301493,-0.0273195316342627,-0.102097385486849,7.864388140605541e-05,0.09392995911951729,False
TDRP,5,-4.463193247806918,8.074716625692187e-06,0.8,1,4,,-0.17102987154442229,-0.27583858533745254,0.21917353805443263,-0.100960613584362,-0.0622722985803161,7.885115609938471e-05,,False
IL1RL1,6,4.462044172851294,8.118148543376122e-06,1.0,6,0,0.04890392921588105,0.334328647547668,0.6999077422727444,0.1380774971987191,0.614404385866166,0.341474302420437,7.91820441717435e-05,0.04890392921588105,True
UBXN8,5,4.46155185537964,8.1368250636366e-06,0.8,4,1,,0.13083100850833995,0.3831029042974068,0.1349778705195721,-0.0761434571984747,0.0836261660656055,7.931727235177443e-05,,False
RIOK3,6,4.461157393622516,8.151818967383047e-06,0.8333333333333334,5,1,0.04478052242825026,0.08352520492409932,0.2713453948306954,-1.3177438389778127,0.0371975659057572,0.0733250697030243,7.94166612996611e-05,0.04478052242825026,True
PPM1G,6,4.458726601313424,8.244800398071837e-06,0.8333333333333334,5,1,0.0069635256710487425,0.09855883878425464,0.17957226050499653,0.23441342670316523,0.0343071439794427,-0.140987082201985,8.027525658169709e-05,0.0069635256710487425,True
AGL,6,-4.457429774319119,8.294819775098448e-06,0.8333333333333334,1,5,-0.33146604164804394,-0.11551804878382477,-0.17092794104767606,-2.240038474948256,-0.0721905459805139,0.0680269948864871,8.06673659914392e-05,-0.33146604164804394,True
PLXNA4,6,4.456449111567304,8.33283697565999e-06,0.8333333333333334,5,1,0.7185970705402527,-0.025819934363472186,0.1649115712155469,1.2065219757170222,0.0281725148020004,0.223457804263572,8.098949948392493e-05,0.7185970705402527,True
LRRC15,4,4.449844445751483,8.593250710902653e-06,1.0,4,0,,0.0033108593861784774,0.49714237429378594,1.773200668821434,0.0060019632376153,,8.313003259313893e-05,,False
ADRA2A,6,4.44865764087847,8.640861890569979e-06,0.8333333333333334,5,1,0.0768182753422253,0.21432695627309784,0.528674104915611,0.4456045881172339,0.21748284006581,-0.262734860895445,8.34930216069552e-05,0.0768182753422253,True
GRWD1,6,4.44772741378917,8.678356042112707e-06,0.8333333333333334,5,1,0.01807757910819152,0.10108292258633256,0.3226313365715452,0.38990726594409386,0.15465142358624,-0.35659250703678,8.38063881032961e-05,0.01807757910819152,True
SLC25A5,6,-4.440904513492801,8.95815407449611e-06,1.0,0,6,-0.08303540835959744,-0.12040607433220885,-0.13504527386111054,-2.20354849207696,-0.458905109860396,-0.035865917355332,8.613297566571269e-05,-0.08303540835959744,True
TBXA2R,6,-4.440838325582947,8.960910107319794e-06,0.8333333333333334,1,5,-0.1994632840567283,-0.10261293233491398,-0.31208041856712887,0.013447653867955545,-0.368597730194249,-0.91997221994103,8.613297566571269e-05,-0.1994632840567283,True
COQ3,6,-4.440206171936442,8.987273536548349e-06,1.0,0,6,-0.2438507091558213,-0.014579489695526249,-0.2461600786721938,-0.03179310442522709,-0.0021615091094664,-0.181828606129522,8.633624583688234e-05,-0.2438507091558213,True
PDCD11,6,4.440070543181812,8.992939466460131e-06,0.8333333333333334,5,1,0.018216139268623976,-0.058208321844633204,0.27658507404319277,0.2684287645935983,0.0480302334753269,0.201841796430377,8.634056499353137e-05,0.018216139268623976,True
ENAH,6,-4.4391836645176665,9.030073292538129e-06,0.8333333333333334,1,5,0.2573168120062972,-0.19214382069740488,-0.3011924759084179,-1.8568691092948777,-0.132222091281987,-0.18456511161774,8.644636965765825e-05,0.2573168120062972,False
CPEB3,6,-4.43888255739697,9.042714003082135e-06,0.8333333333333334,1,5,0.448434990471541,-0.2051044493282319,-0.4449457525017033,-0.3160395167776189,-0.260504976442043,-0.0554118038225737,8.651734230000896e-05,0.448434990471541,False
DNMT1,6,4.437234791294003,9.11218847785009e-06,0.8333333333333334,5,1,0.061319183047491954,0.11384806478225196,0.2881590306607853,0.3715553505674132,0.131352645882355,-0.175775327587297,8.713168323822917e-05,0.061319183047491954,True
CKS2,3,4.436912693727992,9.12582847997994e-06,1.0,3,0,,0.34704913138578963,0.479848677141236,0.3836196033396897,,,8.721172806040876e-05,,False
NOG,6,-4.433092463525134,9.28910044459487e-06,0.8333333333333334,1,5,-0.04907234511908909,0.00577148538283434,-0.5998923430444334,-0.4100115701221463,-0.338910885249664,-0.344487859075143,8.861855363627337e-05,-0.04907234511908909,True
BAG1,5,4.432339401798676,9.321612998724161e-06,0.8,4,1,,-0.035754164511074826,0.12307271775857487,0.30998399645847563,0.295800049577047,0.179452656606604,8.882633181052523e-05,,False
IMP3,5,4.4276558731307745,9.526272680070497e-06,0.8,4,1,,0.3266015856937896,0.25959183613731884,0.14131126371840885,0.355752911244279,-0.13892453740387,9.062003758650969e-05,,False
SS18,6,4.425739106251515,9.611262932191466e-06,0.8333333333333334,5,1,0.0573200552184554,0.09261549828863114,0.24276506945114118,0.3476907313633868,0.53746435789562,-0.173367255842544,9.127115550982969e-05,0.0573200552184554,True
NPR3,6,4.420917366495723,9.828275583980804e-06,1.0,6,0,0.06245064117822263,0.35906996563387517,0.33650206476034583,0.7691867237739043,0.0683489022717518,0.428603810841947,9.32249956825503e-05,0.06245064117822263,True
NAA60,5,-4.412808938718894,1.0203803886292323e-05,0.8,1,4,0.02564904589873329,,-0.1878671411134789,-1.459822371340616,-0.672150816045779,-0.0653557887921483,9.65656729136138e-05,0.02564904589873329,False
GNAS,6,4.412301642863493,1.0227748332404844e-05,0.8333333333333334,5,1,0.11048748349713833,0.09487767716976947,0.11573597369565469,-2.4806572841955408,0.0355842427783515,0.32417226433367,9.661602745812852e-05,0.11048748349713833,True
SIPA1,5,4.412278609574857,1.0228836779883426e-05,0.8,4,1,-0.030773602788201515,,0.447001847065688,0.4691173608632413,0.0112240364920688,0.0404594605986959,9.661602745812852e-05,-0.030773602788201515,False
USP46,6,-4.411222587974041,1.027885848585937e-05,0.8333333333333334,1,5,0.09690361754087462,-0.08360093559401394,-0.2599490141316423,-0.05664024601252304,-0.146882265767127,-0.314500467600713,9.69433992352959e-05,0.09690361754087462,False
AGT,6,-4.410994513622016,1.0289692561554782e-05,0.8333333333333334,1,5,0.009679122153476438,-0.23189461269730138,-0.876112084183861,-0.24470180506338268,-0.0277668477069644,-0.120939789780138,9.69903139401223e-05,0.009679122153476438,False
EPN3,6,-4.409311440801046,1.0369980381256425e-05,0.8333333333333334,1,5,0.7513584690048338,-0.306175525634258,-0.5141186087082499,-0.06166575672715613,-0.372492016473836,-0.0205233804633824,9.763131101813566e-05,0.7513584690048338,False
PAK1IP1,6,4.409198460714994,1.0375391256700134e-05,0.8333333333333334,5,1,-0.29620462093596256,0.34167826844061455,0.5018292312833492,0.3377557302631846,0.221361574511722,0.380540073523981,9.763131101813566e-05,-0.29620462093596256,False
TMEM132E,6,-4.40815263405825,1.04256064499979e-05,0.8333333333333334,1,5,0.756780276783017,-0.16816770857928276,-0.2622469915074941,-0.28931403807940104,-0.346006842105103,-0.179676605795787,9.804808975020753e-05,0.756780276783017,False
PALLD,5,4.407111970550718,1.0475804053091134e-05,1.0,5,0,0.1665530567419493,,0.47223232219898037,0.683595354506422,0.148363515315764,0.258834877179751,9.837612030999076e-05,0.1665530567419493,True
STOML2,6,-4.407060002637858,1.0478316826154769e-05,0.8333333333333334,1,5,-0.1543046429539734,-0.14790783792061113,-0.1620936875361858,-0.09837442312923095,-0.268458576557395,0.122717965623722,9.837612030999076e-05,-0.1543046429539734,True
HPD,4,4.406918517683717,1.0485160879513228e-05,1.0,4,0,0.17996173833245,0.48346017438935973,1.0115782717929693,0.10956003401759104,,,9.838457079234862e-05,0.17996173833245,True
TMEM95,3,4.406602466904542,1.0500464629247565e-05,1.0,3,0,,0.009126828404649512,0.22978396909388343,0.1862468341787991,,,9.847234591688708e-05,,False
RBMS2,6,4.406034072217502,1.0528041016628226e-05,0.8333333333333334,5,1,-0.07178466517468518,0.23630444418786345,0.24614523006036393,0.36421160884052295,0.291741026834262,0.229094118534451,9.852035776273294e-05,-0.07178466517468518,False
OLFML2B,6,4.40600624225679,1.0529392996754143e-05,0.8333333333333334,5,1,0.1089863578635919,0.2753409613627893,0.5022700270261247,0.23871541796496398,0.229372511452683,-0.00432843361397,9.852035776273294e-05,0.1089863578635919,True
CYP2S1,6,4.403459783718699,1.0653804084312473e-05,1.0,6,0,0.32756677290129055,0.5406880551454554,1.414827777661023,0.000298413666242503,0.36431543812931,0.144988675495459,9.962811593420343e-05,0.32756677290129055,True
RAMAC,4,-4.401675988616719,1.0741788774195568e-05,1.0,0,4,-0.14867602574583305,-0.04851111568262212,-0.234185305702459,-1.7497979528585512,,,0.00010033752132645882,-0.14867602574583305,True
KRT8,4,4.400232530095673,1.0813493997058503e-05,1.0,4,0,0.2547640554484203,0.023990505436010334,0.3852159669401809,0.06550348926509209,,,0.0001008365930362323,0.2547640554484203,True
STOX2,5,4.397991109201124,1.0925745356660869e-05,1.0,5,0,0.5195650827527074,,0.1938731038038135,0.3048440843441904,0.0605006515621804,0.0055896774471029,0.00010159715569856782,0.5195650827527074,True
RALB,6,4.396098715345707,1.1021382624833866e-05,1.0,6,0,0.015997267127020542,0.0901224106200309,0.1429337006898832,0.498539375302089,0.424204890490267,0.209287190204726,0.00010214217536744128,0.015997267127020542,True
RBFA,6,-4.394847375442672,1.1085060912648938e-05,0.8333333333333334,1,5,-0.16094039651397019,0.1564744575649306,-0.15440194160103538,-0.8598391175611311,-0.193463687038798,-0.252776826531726,0.00010261740952246376,-0.16094039651397019,True
FXYD7,6,-4.394441995993938,1.1105765113799412e-05,0.8333333333333334,1,5,0.07008839244556064,-0.3057940644165793,-0.4245527136099536,-0.009511111477633172,-0.285961008956668,-0.399304861760836,0.00010275160657552145,0.07008839244556064,False
SLC35B4,6,-4.393632834550867,1.1147202373892845e-05,0.8333333333333334,1,5,0.049539030775727966,-0.026806259209818162,-0.15292761341547578,-1.7093459819418122,-0.291023110288385,-0.0944687665166939,0.00010304034664690083,0.049539030775727966,False
FGD2,6,4.3922323765863265,1.1219269036683035e-05,0.8333333333333334,5,1,-0.12174626110194886,0.23036006703312029,0.7627099717128538,1.0300421024397268,0.0037248933893394,0.0621272172882819,0.00010362798052186249,-0.12174626110194886,False
OTULIN,6,4.391562833204284,1.1253880257920629e-05,0.8333333333333334,5,1,-0.01827552265405963,0.15520140610929545,0.22006669015186464,0.3366935515063769,0.354140996564669,0.0029639886963446,0.00010388969661411167,-0.01827552265405963,False
PECR,6,-4.390956762112457,1.1285298233296894e-05,0.8333333333333334,1,5,-0.299126888734202,-0.20098232193027532,-0.22268084441621427,-0.03330996918261553,0.0216844596499355,-0.285949041699697,0.00010412165906216845,-0.299126888734202,True
CMTM2A,4,4.390196926038117,1.1324805498038721e-05,1.0,4,0,0.04060481796471849,0.3235404198924124,1.0129448521056723,0.025323110465608163,,,0.00010442795576798713,0.04060481796471849,True
ARHGEF4,6,-4.385570625522354,1.1568211537337716e-05,0.8333333333333334,1,5,0.5976546384506012,-0.22610548518219353,-0.4756069450116023,-1.8453991534110417,-0.066735557943687,-0.113081629311723,0.00010637613187000771,0.5976546384506012,False
CERS1,4,-4.38391005040889,1.1656792005173003e-05,1.0,0,4,,,-0.212504530507859,-1.1587988616855704,-0.381491305559257,-0.422526134963857,0.00010701232460877623,,False
KLC2,6,-4.383308021546232,1.1689065796926707e-05,0.8333333333333334,1,5,0.47366375315924714,-0.08108904310321652,-0.15971595549880568,-1.975491945185384,-0.435688469376962,-0.349903439103941,0.00010724912254475103,0.47366375315924714,False
TBC1D9B,6,4.381596918197581,1.178126163566638e-05,0.8333333333333334,5,1,0.2883103858668079,0.06916226793640767,0.09803246173285274,0.3648082972437674,-0.0806549506570562,0.124238433705355,0.0001080351482512742,0.2883103858668079,True
PKD1,6,-4.378660159558167,1.1941116962897934e-05,0.8333333333333334,1,5,0.3684784020389813,-0.14771721804697657,-0.3525180458091395,-1.8803714602109585,-0.242596241044293,-0.2016305086046,0.00010931934069130896,0.3684784020389813,False
TNFRSF1B,6,4.373909171034816,1.2204117282583155e-05,1.0,6,0,0.0876784049224053,0.14277545464981456,0.6542124960346261,1.2414158345093007,0.142498088834961,0.183044261826593,0.00011148043557467791,0.0876784049224053,True
IL33,6,4.373172308533889,1.2245399686093676e-05,1.0,6,0,0.11485177191408535,0.6394648105248044,0.4708722395075373,0.3099460627111066,0.646945983846013,0.235029598599317,0.00011179583872268201,0.11485177191408535,True
BCL9,6,4.3710381792046995,1.2365716606699686e-05,0.8333333333333334,5,1,0.35348830691092736,0.051069336516595065,0.14712800719363095,0.16032884468192243,0.195894271695429,-0.0663759229752516,0.0001125837960803593,0.35348830691092736,True
LACTB,6,4.369498056775045,1.2453244821442647e-05,0.8333333333333334,5,1,-0.06980074725088814,0.08479309724375073,0.39588971321899313,0.21254734294751465,0.287408620377739,0.263506471472313,0.00011325610345303225,-0.06980074725088814,False
ENTPD5,6,4.363453203000724,1.2802533692990316e-05,0.8333333333333334,5,1,0.04693679893171865,0.15568634177434548,0.283267942315109,0.06328421656091443,-0.22655377062047,0.245193192245725,0.00011585978003629072,0.04693679893171865,True
MAGEH1,5,4.362453827063593,1.2861173514339916e-05,1.0,5,0,,0.20221548631713526,0.16765671459832365,0.24584508800973115,0.18718065945464,0.050664892746104,0.00011626332277954904,,False
NDUFAF3,6,-4.359695276136928,1.3024368352238178e-05,1.0,0,6,-0.33958192994848524,-0.2971471951634972,-0.09201094777677099,-0.04758763043805114,-0.523852507140676,-0.28042773643076,0.00011761011727563901,-0.33958192994848524,True
CDK5R2,5,-4.358833518541374,1.3075753309014967e-05,1.0,0,5,,-0.08777342304843483,-0.2223768843988383,-0.029521601286188748,-0.171438837384831,-0.371303739735044,0.00011800974305933246,,False
CTU1,6,4.357589426014644,1.3150277450312827e-05,0.8333333333333334,5,1,0.06106578875411239,0.12383659758421706,0.33970852557896025,0.3665727799775049,0.300859173219176,-0.374479238344518,0.00011848850972105494,0.06106578875411239,True
SLC9A5,6,-4.3550757268593685,1.3302092441374312e-05,1.0,0,6,-0.029797753143349315,-0.1605318883869482,-0.3991781602609348,-0.48327289043696986,-0.130464027831203,-0.257468699035198,0.00011972606530159196,-0.029797753143349315,True
TMEM198,6,4.354029384347168,1.3365777934965806e-05,0.8333333333333334,5,1,0.5496406440372956,0.13946756151723094,0.23802924724439523,0.7188331788791613,0.476724617330319,-0.203967990468412,0.00012023388933671413,0.5496406440372956,True
SLC36A1,5,-4.351485705522676,1.352181386639401e-05,1.0,0,5,,-0.15742775441973222,-0.39793690225813894,-2.1473024603676105,-0.143609227735174,-0.202049195819688,0.00012150546314688038,,False
FAM237B,3,4.350568068559511,1.3578529444381094e-05,1.0,3,0,0.09448171120637622,,0.5764760131443241,0.08228577341517673,,,0.00012194889818957995,0.09448171120637622,True
ACHE,6,-4.348178887093604,1.3727261955665294e-05,0.8333333333333334,1,5,0.5056789943278437,-0.148940051122592,-0.4515959974333956,-0.4588289497058904,-0.60936521350401,-0.536026817115129,0.0001231510243307165,0.5056789943278437,False
APOD,6,4.347323518777688,1.378088754493139e-05,0.8333333333333334,5,1,-0.17034943191768193,0.20063561042124434,0.9768268091315644,0.7379189040963912,0.119954269587217,0.467218250029281,0.0001234982407383348,-0.17034943191768193,False
SLC6A17,6,-4.3454488322667535,1.3899116954163475e-05,0.8333333333333334,1,5,0.7659916392359838,-0.05297685193131452,-0.17556318228087875,-0.06748188409012812,-0.527756143553582,-0.368269613631263,0.00012449035921283216,0.7659916392359838,False
PPARD,5,4.34397934066542,1.399246799863875e-05,0.8,4,1,0.3112095208196868,0.16946924448062073,0.24594174392452572,,0.0468874728256665,-0.36432831473615,0.00012512335511262484,0.3112095208196868,True
KCNH2,6,-4.343112061449009,1.4047843142790026e-05,0.8333333333333334,1,5,0.8498982606262979,-0.19713504815777672,-0.500510666812052,-0.08435971395116315,-0.395980171647427,-0.386365516094634,0.0001254829464109339,0.8498982606262979,False
ELAVL3,6,4.34046728291529,1.421800378771162e-05,0.8333333333333334,5,1,0.782017503385048,0.18156653216113883,0.2265686726298446,-1.3378716682112906,0.166412352834999,0.0899987820172081,0.00012679762860679026,0.782017503385048,True
TEX10,6,-4.335432876190116,1.4547356175311084e-05,0.8333333333333334,1,5,0.04054147966310939,-0.054381974387011756,-0.22101654395830206,-1.5196005439631595,-0.292533316156351,-0.131918893050213,0.0001293862651336642,0.04054147966310939,False
EPC2,6,4.334151544548749,1.4632335547827915e-05,1.0,6,0,0.006455628629065124,0.22067566173888897,0.2860323320394511,0.23451478269847037,0.0867190914053571,0.212630268994152,0.0001300721901115186,0.006455628629065124,True
CFH,6,4.332156999061094,1.4765558676125532e-05,0.8333333333333334,5,1,0.13344188946904811,0.6404971443797134,0.8774916606261751,-1.3759840969159773,0.330978012423592,0.511943683987643,0.00013118600494215233,0.13344188946904811,True
SLC11A1,6,4.3302452959159226,1.4894333427324904e-05,0.8333333333333334,5,1,0.14580198489980356,0.38872888627121843,0.7428974310761847,0.9135079737472678,-0.399678932404687,0.0918880903638026,0.0001320466025115596,0.14580198489980356,True
PREB,6,-4.329922394284144,1.4916189934357771e-05,0.8333333333333334,1,5,0.1330425583155268,-0.07545301621075495,-0.13727172715370006,-1.4761982163127234,-0.459997955493965,-0.258537144690114,0.00013209886345291055,0.1330425583155268,False
PMEL,6,4.328690975653306,1.4999823003292162e-05,0.8333333333333334,5,1,0.21740253848679814,0.09363310887167753,0.39571987686184595,0.24517172936827952,-0.0415063680760213,0.116899638493405,0.0001326266401444935,0.21740253848679814,True
CCSER2,6,-4.324826671107642,1.5265183960753122e-05,0.8333333333333334,1,5,0.48937800173558443,-0.1060078693293578,-0.2682999928810599,-0.15403759402561512,-0.0278461773452041,-0.0592873867297721,0.0001347569732898057,0.48937800173558443,False
GPX4,6,-4.320704250578272,1.5553201567313637e-05,0.8333333333333334,1,5,-0.27650021257674595,-0.2172592619576399,-0.17837686528731655,-2.403252866539411,-0.442744943453111,0.307905910209111,0.0001370072338170172,-0.27650021257674595,True
PTPRA,6,4.31979883398711,1.5617149742648016e-05,0.8333333333333334,5,1,0.07079297356343961,0.06111687013035194,0.208219363541704,-1.8405604709469108,0.160430849744507,0.0975010014732756,0.0001374603666666653,0.07079297356343961,True
HSPB6,6,-4.314117450620253,1.6024174444762605e-05,0.8333333333333334,1,5,-0.20411312956894356,-0.17224303290688714,-0.4091304837187746,-0.08922288864947348,-0.252224993806395,0.103680686474033,0.000140706703135125,-0.20411312956894356,True
CTNNA1,6,4.31343422065115,1.6073797958866433e-05,0.8333333333333334,5,1,0.06274605616559015,0.0676529032386961,0.09055760740101437,-1.8737791087287254,0.399887321558308,0.151482894125886,0.00014091816939362138,0.06274605616559015,True
ALDOA,6,-4.307525017486998,1.650914282127314e-05,0.8333333333333334,1,5,-0.34408896712314885,-0.0015706718247887608,-0.10082107496665493,0.08364127273098099,-0.447247636170645,-0.172252578626338,0.0001445051993536293,-0.34408896712314885,True
ATP2B2,6,-4.306802456339727,1.6563140260794533e-05,0.8333333333333334,1,5,0.9286373425560148,-0.18093278115993616,-0.5429750460269931,-0.28578622311192703,-0.0279199516045925,-0.0792400608467549,0.0001449012143745619,0.9286373425560148,False
SMAD5,6,4.305787006386487,1.6639310027407725e-05,1.0,6,0,0.11432496104058076,0.08832018905480199,0.18681051527120207,0.3473582953893688,0.140332997085673,0.27031890399827,0.00014539021166872347,0.11432496104058076,True
C1QL4,6,-4.305706178330581,1.6645387331575095e-05,0.8333333333333334,1,5,0.1685806626886242,-0.13006236002719962,-0.38075362769646565,-0.5765858391208636,-1.15207892078213,-0.232568278397806,0.00014539021166872347,0.1685806626886242,False
HCLS1,6,4.303960434586688,1.677716381928776e-05,0.8333333333333334,5,1,-0.22591358477757728,0.3501092493414637,0.7768825087030304,0.9565961789732369,0.653899955376589,0.0393980878296771,0.00014646393224517458,-0.22591358477757728,False
ORC2,6,4.300406662653413,1.7048496678946347e-05,0.8333333333333334,5,1,0.10092658592911086,0.025552831180907898,0.267903374611306,-1.3894476178083064,0.182331765457929,0.501554388028222,0.00014821713194304183,0.10092658592911086,True
SIPA1L2,6,4.300404521735679,1.7048661392785686e-05,0.8333333333333334,5,1,0.15779919511141483,0.06718715497259442,0.14268293656927522,0.5463642473824946,0.266987058564341,-0.168248548862171,0.00014821713194304183,0.15779919511141483,True
ITGAM,4,4.3003553357672635,1.705244598653857e-05,1.0,4,0,0.2873193432723018,0.13438249521929624,1.3952143563331951,0.2653646999757995,,,0.00014821713194304183,0.2873193432723018,True
INTS3,6,4.300275622121076,1.7058581219882473e-05,0.8333333333333334,5,1,0.1817662390618784,0.11168061938653295,0.27212275154006793,0.31700073980161925,0.0075789999178996,-0.0708523126749485,0.00014821713194304183,0.1817662390618784,True
NDUFB8,6,-4.300043468199446,1.7076461143819867e-05,1.0,0,6,-0.3438157062564189,-0.2104543994008834,-0.14705534454720226,-0.16423086607714055,-0.0765139752050756,-0.125574956887757,0.0001482946405312206,-0.3438157062564189,True
APBB1IP,6,4.297990998094405,1.723531611982989e-05,1.0,6,0,0.2643238710279494,0.12853886202774367,0.57450136485742,0.5276596182239914,0.334023229777514,0.0272725812433583,0.00014959567509985545,0.2643238710279494,True
ELOVL7,6,-4.295550475919684,1.7426037987814285e-05,0.8333333333333334,1,5,0.22622060685573508,-0.09462716926448422,-0.4447462613434281,-0.05192343221607931,-0.164354400116054,-0.114005475832543,0.00015109260386291358,0.22622060685573508,False
TMEM266,5,-4.294148348007089,1.753651924837829e-05,0.8,1,4,0.04956667245799595,-0.0838582065337527,-0.5182010862996419,-0.8108238070967664,,-0.724331982128012,0.00015181195951838777,0.04956667245799595,False
NFIC,5,-4.291785653193977,1.7724200163867318e-05,0.8,1,4,0.4876733707505947,,-0.4626894455060775,-0.008518077692744264,-0.263369813503125,-0.0775533618557616,0.0001529567054808821,0.4876733707505947,False
RNF167,6,-4.289963595941911,1.7870240858460096e-05,0.8333333333333334,1,5,-0.10308842033732724,0.00584949398619905,-0.08734552867555578,-1.404488559287925,-0.187160671156823,-0.324447458265547,0.00015397617214431625,-0.10308842033732724,True
LSM14B,6,4.287803762888674,1.804483985689574e-05,1.0,6,0,0.1931552550048412,0.04864273557412613,0.09754021394849755,0.648707814656877,0.009273789043916,0.0653081904231851,0.0001552381441327122,0.1931552550048412,True
TMEM230,5,-4.28600989971001,1.8191088460762396e-05,0.8,1,4,,-0.0989342253355261,-0.16173676331062925,0.02863001092921902,-0.180944573248468,-0.165878409944339,0.00015625933265064852,,False
IP6K1,5,-4.286000422931988,1.8191864065840965e-05,1.0,0,5,,-0.010994888948856918,-0.06849341664077357,-1.9584790334317717,-0.300245423307507,-0.391977156386133,0.00015625933265064852,,False
HAVCR2,4,4.285614880106321,1.8223444656083822e-05,1.0,4,0,0.15977983939224505,0.1355231283977673,0.12646970219821083,1.1322252482295314,,,0.00015641625841047028,0.15977983939224505,True
XDH,6,4.2829652997593675,1.844189413332553e-05,0.8333333333333334,5,1,0.1736446193014709,0.3748456709195165,0.877100336416671,-0.3713785190851979,0.0765337240085568,0.431968061359579,0.00015790084168735901,0.1736446193014709,True
LCP2,6,4.2809123844781745,1.8612863260419322e-05,0.8333333333333334,5,1,-0.1941410643897905,0.48059889705624004,0.6412596563360347,0.12726232510065882,0.946298720006281,0.181143203401023,0.00015905013561510616,-0.1941410643897905,False
ABCB9,6,-4.278624140534992,1.8805209961645923e-05,0.8333333333333334,1,5,0.40837348340787827,-0.10442856675116063,-0.23565938709153844,-1.377068991743068,-0.105559160713901,-0.547023114949111,0.00016036261477854886,0.40837348340787827,False
CLEC4F,4,4.275740421782473,1.9050308851035234e-05,1.0,4,0,0.07508689761602622,0.09669455857857145,0.31087458026585635,0.12352800833484553,,,0.00016211957610464604,0.07508689761602622,True
INPP5J,6,-4.273424746761111,1.92493270276826e-05,0.8333333333333334,1,5,0.7391705574639502,-0.15344484799657598,-0.4700104844591264,-1.7573900835271843,-0.508521275025301,-0.247944962325071,0.0001635599902270033,0.7391705574639502,False
VPS26A,6,4.271705173965776,1.939839338323845e-05,0.8333333333333334,5,1,-0.029739076235465234,0.06600678678498895,0.20577972960004853,0.2648766388129795,0.037485058832172,0.219637334923986,0.00016465754219454503,-0.029739076235465234,False
GNMT,5,-4.270202064840324,1.9529594859974286e-05,0.8,1,4,-0.06634273982801098,-0.19475497974153338,-0.5581508580747011,0.003602571070127736,,-0.82014307054795,0.00016560135969379838,-0.06634273982801098,True
SDHAF4,5,4.269705831344677,1.9573094702458644e-05,1.0,5,0,,0.022013170540533977,0.33505776857282,0.003113733269660912,0.0859338912995269,0.0072942450644393,0.0001658794844450214,,False
NDUFB6,4,-4.269485259473383,1.9592459647777724e-05,1.0,0,4,,,-0.15828861898283275,-1.8591528656287606,-0.0973831831806581,-0.1424341678762,0.0001658794844450214,,False
CKMT2,5,-4.268556015334359,1.9674242488191844e-05,0.8,1,4,-0.494765706617434,-0.7812784716157143,-1.1458134073802801,-0.22663861689433962,0.0169395418032474,,0.00016635989151687333,-0.494765706617434,True
DLG3,6,4.267431937734423,1.977360715721004e-05,0.8333333333333334,5,1,0.12751294127784618,0.05692566538223698,0.3547996740883077,0.037106508296267826,0.634268804012756,-0.0752222743322148,0.00016683039510708634,0.12751294127784618,True
MYCL,4,4.266530889646948,1.9853601662100947e-05,1.0,4,0,0.18915147972954638,0.2957558445056192,0.27034341892851255,0.19968315222495003,,,0.0001673201704231644,0.18915147972954638,True
C1RL,4,4.265664666378332,1.9930794912996356e-05,1.0,4,0,0.07704892790541162,0.1470653930793675,0.5647107032518106,0.27102300372211785,,,0.0001677998562563152,0.07704892790541162,True
CLEC10A,6,4.2647173088560635,2.0015545616078394e-05,1.0,6,0,0.02222531900164304,0.6778290289493851,0.9736437216776266,0.6509676864299769,0.184124014213817,0.13074008696966,0.000168427712779527,0.02222531900164304,True
FAM160B2,4,-4.262514158293104,2.021396869787099e-05,1.0,0,4,,-0.035330094408529966,-0.1330179827029223,,-0.100595176547028,-0.58809484073193,0.00016983838065338103,,False
PHF2,6,4.261889067291812,2.0270606698717815e-05,0.8333333333333334,5,1,0.034786049194511115,0.08760763350588974,0.23759002504320836,0.2106966360367215,0.229010186572141,-0.252483508633689,0.00017022784478801486,0.034786049194511115,True
ADAM22,5,-4.258070526274424,2.0619890265929302e-05,0.8,1,4,0.8458864051042365,,-0.48243825022773734,-0.26490393531781464,-0.181725839841322,-0.147217109384649,0.00017272288647857378,0.8458864051042365,False
MKKS,6,-4.2575112714492285,2.067152412850173e-05,0.8333333333333334,1,5,-0.1880481128451672,-0.28234823511135554,-0.17980682943843718,-1.38089341984502,-0.329839092628864,0.144148488739182,0.0001728582983598446,-0.1880481128451672,True
LYN,6,4.255986020411601,2.0812971166723687e-05,0.8333333333333334,5,1,-0.19418144475919208,0.12829311194020043,0.7676294052621389,0.7216185306812477,0.546022080894049,0.562207408091814,0.00017390020128804163,-0.19418144475919208,False
PLAT,6,4.251113427302273,2.1271040130633686e-05,0.8333333333333334,5,1,-0.0757029858923115,0.2219947409495031,0.44385430196946984,0.7074464075104245,0.330281091441065,0.347628239825368,0.00017716713955275566,-0.0757029858923115,False
CHGA,6,-4.250703689590365,2.1309993664152034e-05,0.8333333333333334,1,5,0.610315003289557,-0.49313328813935,-0.7486344034268235,-0.21453780830691827,-0.0271395599401503,-0.0864769791941664,0.0001773046553402539,0.610315003289557,False
GNG12,5,4.250314429547419,2.13470632932807e-05,0.8,4,1,,0.15355094725912632,0.2621698674875663,0.2303128825115559,-0.503400130068057,0.301807432135912,0.00017737379294896692,,False
ADAM11,6,-4.250094730861265,2.136801251451426e-05,0.8333333333333334,1,5,0.8380124823480273,-0.2504662828542594,-0.6316810684373246,-0.5572824738332063,-0.332206143612907,-0.146495434774809,0.00017737379294896692,0.8380124823480273,False
TICAM1,4,4.249157605655955,2.1457591446881418e-05,1.0,4,0,,,0.32600563184628895,0.4943992572716276,0.0222183281657506,0.0374116419415351,0.0001779389046236379,,False
LZTS3,6,4.24564595430173,2.1796456996144102e-05,0.8333333333333334,5,1,0.3834054109570024,0.12230005016005485,0.16188325337983134,0.3893188286462639,-0.22941831384691,0.231037444128754,0.0001803333709708894,0.3834054109570024,True
EDEM1,6,4.244758213931312,2.188292491305475e-05,0.8333333333333334,5,1,0.2787448802274257,0.09092151923169256,0.17722325703558894,0.21294317637122617,0.0563890905647009,-0.0468299086738158,0.0001808318388222078,0.2787448802274257,True
GPR17,3,4.2435068759741945,2.2005362711140677e-05,1.0,3,0,,0.2045289561246546,0.24557718075613966,0.1985280396017024,,,0.0001816622262318207,,False
C5AR2,4,4.241507573711413,2.2202339620628328e-05,1.0,4,0,0.019905825909692476,0.27173563566764625,0.7394924662721998,0.19696444546642078,,,0.00018301450468159364,0.019905825909692476,True
SPATA31D3,3,4.240190071623591,2.2333059754014827e-05,1.0,3,0,0.07925978241983005,0.025021960786490237,0.15250194917154508,,,,0.00018381740678689878,0.07925978241983005,True
CASKIN1,6,-4.239651543879174,2.2386702106824305e-05,0.8333333333333334,1,5,0.6843016259801145,-0.2560530480101235,-0.5480477972520186,-0.19232437075135245,-0.0502274280072348,-0.251300946232816,0.00018416734258059437,0.6843016259801145,False
ITGA11,6,-4.238884666875077,2.246330185095153e-05,1.0,0,6,-0.09155227896335161,-0.2855838838210495,-0.7177600121336467,-0.10164309152014805,-0.655270241758328,-0.0281643330914878,0.0001847056990744907,-0.09155227896335161,True
SHANK1,6,-4.238524593506326,2.249935388769107e-05,0.8333333333333334,1,5,0.6769548269960182,-0.2342172346285698,-0.9305651503131598,-1.47777984689146,-0.119638611736537,-0.214912777757601,0.0001849102808088692,0.6769548269960182,False
NECTIN2,6,4.238343057354642,2.2517550912706928e-05,0.8333333333333334,5,1,0.24323422013998997,0.10243018652733227,0.273555981151679,0.1497082296356096,-0.157103065277772,0.0074520933751389,0.00018496799141792808,0.24323422013998997,True
MICAL3,6,4.238132975052796,2.25386268627923e-05,1.0,6,0,0.27444384555921797,0.09297751196692161,0.24403488529715833,0.278094930963908,0.0108443466221806,0.152644970492498,0.00018504928166316375,0.27444384555921797,True
ELK4,5,4.23718505407803,2.2633958214742445e-05,0.8,4,1,,0.7410452500524654,0.17980054679885082,0.23561717019674422,-0.363489855312484,0.0575983021874262,0.00018573984946475803,,False
SUOX,6,-4.2369357780616586,2.2659091278677824e-05,1.0,0,6,-0.04295862205910428,-0.1061759137781566,-0.20673648951272483,-0.146553398694115,-0.0461260318026584,-0.119901087358887,0.0001858539538377975,-0.04295862205910428,True
MXRA8,6,4.236530197828699,2.2700040367240152e-05,0.8333333333333334,5,1,0.05513168195314222,0.25167619928186724,0.318351044345059,0.2539393650063779,0.129530819516507,-0.0377685393055351,0.00018609760681454135,0.05513168195314222,True
EOGT,6,4.2342768546647385,2.292883304082485e-05,1.0,6,0,0.24128097277267901,0.13741627235866627,0.12443398827003982,0.09904829374752833,0.35325583574959,0.206462188118187,0.00018788022004541234,0.24128097277267901,True
DGKA,6,4.229734543677084,2.3396723185275188e-05,0.8333333333333334,5,1,0.03811986081064056,0.15631192235384095,0.3485210709804374,-1.012317979854842,0.0052880705878837,0.271621701147226,0.00019152451145532884,0.03811986081064056,True
USP28,6,4.229458969841528,2.342539960623423e-05,0.8333333333333334,5,1,0.045062298791161304,0.1957672773904986,0.2163964561202265,0.20112270010768452,-0.0145427028905343,0.255273061153424,0.0001916644657846708,0.045062298791161304,True
PPP4R3B,6,4.229318391233615,2.3440041201282094e-05,1.0,6,0,0.008381150195475584,0.11474575393997455,0.26385742777830945,0.08876107911304842,0.0638470720943185,0.494427746823739,0.00019168950689902234,0.008381150195475584,True
IQGAP1,6,4.228620663851921,2.3512840119264237e-05,1.0,6,0,0.053271134967801004,0.07291482082640544,0.2717584045002308,0.3347268810733608,0.230215636464495,0.251825012764823,0.00019213058252260466,0.053271134967801004,True
CAPNS1,5,4.227009607358528,2.3681755991009654e-05,0.8,4,1,,0.09782874621075521,0.2344477084523895,0.4149401135710491,-0.33107136219901,0.0661895769712597,0.00019337958814168318,,False
PTAFR,6,4.225598464425588,2.3830659375477796e-05,1.0,6,0,0.0842086020180779,0.4216257497528082,0.3627868403450667,0.7874287574822025,0.07121637332268,0.273735357854717,0.00019449954338407715,0.0842086020180779,True
DOCK8,6,4.2241083598989535,2.3988861558860724e-05,0.8333333333333334,5,1,-0.17460675480621157,0.26074402129204266,0.7259002030899611,0.7142450561565621,0.536254721969461,0.175415469112305,0.00019567543214995793,-0.17460675480621157,False
TULP1,4,4.219838825802205,2.444770367881362e-05,1.0,4,0,0.008964327795155479,0.009260782221685238,0.28970421271633007,0.09345752115175715,,,0.00019878992883860295,0.008964327795155479,True
PRKCB,6,4.2197954269732545,2.4452410289716988e-05,0.8333333333333334,5,1,0.4235174335277385,0.7751371568892282,0.27056858002900697,-0.23598318154139264,0.135179102965918,0.0735894466258213,0.00019878992883860295,0.4235174335277385,True
EFL1,6,4.218193989388431,2.462669052356828e-05,1.0,6,0,0.16953808270699078,0.029404472277786198,0.1295068472349028,0.2526803657379797,0.0250630335516742,0.316123913894769,0.00019981420664024618,0.16953808270699078,True
DOK4,6,-4.213722424685219,2.511959715689583e-05,0.8333333333333334,1,5,0.5296149769276868,-0.2428580004500489,-0.5759968395214123,-2.4222870540492423,-0.0423763713941445,-0.246765908171954,0.00020301736920944324,0.5296149769276868,False
PLCB2,4,4.212886481016915,2.521277951716632e-05,1.0,4,0,0.07882827170570894,0.2936528512301234,0.5823874681551806,0.7410473638378399,,,0.00020367102321529378,0.07882827170570894,True
PLCE1,6,4.2107530196206575,2.54520884455869e-05,1.0,6,0,0.042353118787889166,0.25159945008464835,0.29419653572147997,0.2277559317702078,0.222587034343082,0.16983208546467,0.0002053035906195684,0.042353118787889166,True
FAM163B,3,-4.210336037709821,2.5499112735513708e-05,1.0,0,3,,-0.1141985238517204,-0.3433497661643963,-0.17212339221983375,,,0.0002055069523852842,,False
KLHL9,5,-4.210309294398213,2.550213147652089e-05,0.8,1,4,,-0.02734506095784006,-0.2238613774506355,-1.831940133732977,0.176620524835065,-0.106838118883427,0.0002055069523852842,,False
PRDX3,6,-4.208515299941127,2.5705412663376732e-05,0.8333333333333334,1,5,-0.27035903157644814,-0.1417214081987348,-0.18493423416013144,0.36845943054907604,-0.127625780288184,-0.11751218358052,0.00020694357509932476,-0.27035903157644814,True
WDR74,3,4.206068922483346,2.5985101659356314e-05,1.0,3,0,,0.12521886920533998,0.17522633566958357,0.3284806663116209,,,0.00020889043354330536,,False
SRP9,4,-4.205499600226671,2.6050604935260406e-05,1.0,0,4,-0.3107768960216273,-0.14840623512606,-0.2173765576351654,-1.5337486269549565,,,0.00020931534606234475,-0.3107768960216273,True
RBP1,5,4.201408370834629,2.6525960763726996e-05,0.8,4,1,,0.2556932930739757,0.44721019873568757,0.44073562825023194,-0.0973600592653829,0.24434136541229,0.00021261874216039187,,False
RALGAPB,6,-4.197730737520963,2.6960291272139352e-05,0.8333333333333334,1,5,0.17244964374069038,-0.012153834296857902,-0.19983101722525287,-0.11157028348788778,-0.20839469810917,-0.170445078777989,0.00021589102135290304,0.17244964374069038,False
VWA5B2,6,-4.195765502769166,2.719515047350427e-05,0.8333333333333334,1,5,0.5987229543240362,-0.11907367756740639,-0.6511300329979068,-1.7046878664956138,-0.193705615816451,-0.192465748695832,0.00021745610175721869,0.5987229543240362,False
VWA7,6,-4.195366358400434,2.7243088088378127e-05,0.8333333333333334,1,5,0.6502010270388361,-0.12140836552823409,-0.269358178850684,-1.7156894610891023,-0.334496286114755,-0.216882392819689,0.00021773423179084246,0.6502010270388361,False
VSIR,6,4.1943927362486715,2.73603582876159e-05,0.8333333333333334,5,1,-0.17135861340152392,0.2627280744374807,0.4728318327091001,0.9158192102590292,0.0951865111183285,0.464450729126845,0.00021856595095396642,-0.17135861340152392,False
NUDT22,6,-4.192542540584543,2.7584533411979807e-05,0.8333333333333334,1,5,-0.14116046916283054,-0.213702434906212,-0.21932214431050268,0.014709592363190804,-0.386858737852251,-0.138903086675406,0.0002198262864877659,-0.14116046916283054,True
TMX2,6,-4.192002196659471,2.7650331853748987e-05,0.8333333333333334,1,5,0.20491183177913008,-0.13653762666833824,-0.18148446076131464,-2.251744298924436,-0.0583286527740801,-0.183964603511374,0.0002199413255663734,0.20491183177913008,False
NDUFAB1,4,-4.1919812673792185,2.765288344129766e-05,1.0,0,4,-0.33147983960226135,-0.10839767543724577,-0.18080799765621336,-1.8090951399567068,,,0.0002199413255663734,-0.33147983960226135,True
CES4A,3,4.191798122611706,2.767522103915654e-05,1.0,3,0,,0.029072820681708866,0.12514050529738688,0.22288227511811295,,,0.0002199413255663734,,False
TMOD2,6,4.191159620290901,2.7753231423708935e-05,1.0,6,0,0.23663383129832738,0.9100984381283852,0.2486530923011081,0.06258642041256302,0.0394262615938261,0.22185639626892,0.00022019921632107018,0.23663383129832738,True
JPT2,4,4.191068635433715,2.7764364696838657e-05,1.0,4,0,0.21386984662982123,0.05801887215726964,0.27604221895131165,0.37934086535471767,,,0.00022019921632107018,0.21386984662982123,True
EDN3,5,4.190293131533127,2.7859430966152155e-05,1.0,5,0,0.10333956553860979,0.23306226214252246,0.7755151678207357,0.4450087251668493,0.605678298085575,,0.0002206360293549045,0.10333956553860979,True
TMEM151A,5,-4.189168521397174,2.7997842905763654e-05,0.8,1,4,,-0.3330041681304894,-0.09830218453001116,0.23740956245996436,-0.505875273392211,-0.297975300484634,0.00022157728583553502,,False
AFAP1,6,4.187307182585426,2.822836563381168e-05,0.8333333333333334,5,1,0.11698948836164735,0.1846568850530499,0.3205716357165116,-1.0505619574516096,0.237853730390567,0.221698238674515,0.00022281159178390604,0.11698948836164735,True
PTK2,6,4.186617742626844,2.8314208332454753e-05,0.8333333333333334,5,1,0.02347308375302415,0.08610251492905441,0.2813510445376215,-1.253522497983739,0.105500906417184,0.0292918384542653,0.00022316989348513858,0.02347308375302415,True
IKZF2,6,4.185293089783603,2.8479838841787308e-05,0.8333333333333334,5,1,0.319466392067289,0.2040933820488955,0.2876636695797381,0.009143966736831821,0.0650275055340739,-0.0076859465468288,0.000224206464832138,0.319466392067289,True
MSI1,6,4.185025181689281,2.8513449037678256e-05,0.8333333333333334,5,1,0.25729618943032895,0.29191692315017015,0.19164994521904344,0.34636688679674155,0.247000486137932,-0.166801045518996,0.000224206464832138,0.25729618943032895,True
HDAC11,6,-4.184017839794216,2.86401620572378e-05,0.8333333333333334,1,5,0.2274024569053399,-0.05022881698194359,-0.28918747525842736,-1.8668299827687922,-0.410013049166945,-0.158246484095171,0.00022509589856191837,0.2274024569053399,False
IDUA,6,4.183317894449488,2.8728522828315763e-05,1.0,6,0,0.11638958239733377,0.215541887833548,0.32795291053462705,0.1007202182019391,0.0054089178585718,0.199875968683946,0.00022557614319463116,0.11638958239733377,True
PRR5,5,-4.18246221562241,2.8836895389036024e-05,1.0,0,5,,-0.14240661406585353,-0.30791925994794056,-0.09312991669941217,-0.277493543077939,-0.222082000404331,0.00022621045612800583,,False
SPNS2,6,-4.182013406392643,2.889389277635464e-05,0.8333333333333334,1,5,0.032040377335324166,-0.13516802693254193,-0.3290194967153477,-0.17886327002257207,-0.0753085709976009,-0.34288349145997,0.00022644493997832482,0.032040377335324166,False
EFNA3,6,-4.181391200126801,2.897308822025152e-05,0.8333333333333334,1,5,0.0973906698143574,-0.22390450059659428,-0.5554774407844074,-0.26199466929276527,-0.819790957496449,-0.131508003364123,0.00022678273556325817,0.0973906698143574,False
GXYLT1,6,4.181351891110357,2.8978098460384908e-05,0.8333333333333334,5,1,0.10532305111479268,0.11507306864538736,0.20992651033473209,0.24456398228182685,0.193539052871694,-0.716820299007894,0.00022678273556325817,0.10532305111479268,True
PACC1,4,4.180323395816188,2.9109481245454425e-05,1.0,4,0,0.01942980686810003,0.12022332116590917,0.3186522968473682,0.4669689869076885,,,0.00022753425177301714,0.01942980686810003,True
NR2F1,6,4.180261625879605,2.9117389902388e-05,0.8333333333333334,5,1,0.1341415305334177,-0.14568750113487683,0.23343965490412977,0.15815610178551331,0.532999482402898,0.689286100079313,0.00022753425177301714,0.1341415305334177,True
CRISPLD1,6,-4.180170092357985,2.912911306833152e-05,0.8333333333333334,1,5,0.0898774926808894,-0.14961520642837112,-0.5734034275291717,-1.0310060416391331,-0.389565493530976,-0.331348640999424,0.00022753425177301714,0.0898774926808894,False
PTRH2,5,4.178432175869752,2.9352550017581443e-05,1.0,5,0,,0.1256221621594502,0.2124182796915166,0.14927975907406044,0.0960221711158233,0.13249699240141,0.00022895542313431104,,False
SLC16A10,6,4.17444067568942,2.987190449793817e-05,0.8333333333333334,5,1,0.14869661405108658,0.2590722391102312,0.5978987406471634,0.07485080893943552,-0.4990087900475,0.386838548691931,0.00023237146760376223,0.14869661405108658,True
MOGAT2,4,4.172018923469626,3.0191255581409158e-05,1.0,4,0,0.12321182343580972,0.28790975246529493,0.5396324530338945,0.015250591257008395,,,0.00023450289178014283,0.12321182343580972,True
DNAJC22,4,-4.1718231879846055,3.0217208017627245e-05,1.0,0,4,-0.329830295396107,-0.2680460807025725,-0.17389191878118693,-0.3612166957057654,,,0.00023459438419688844,-0.329830295396107,True
WDR46,6,4.171078699446083,3.0316113065187352e-05,0.8333333333333334,5,1,0.25101539436560216,0.13984169464510865,0.17208155435956485,0.3897053772727963,-0.493188262096418,0.147744629137225,0.00023525190035395268,0.25101539436560216,True
SKAP2,6,4.170657295403346,3.037223272629996e-05,0.8333333333333334,5,1,0.04890053613449563,0.08645531887525948,0.6261977691391594,0.4604813471245528,0.142001771561509,-0.0038043246757228,0.00023544656158351856,0.04890053613449563,True
PLEKHA1,6,4.170622793123683,3.0376831870012794e-05,0.8333333333333334,5,1,0.1657374197710224,0.17298805228966163,0.2579457806178338,0.1763644046876074,0.101553839141072,-0.256396650375466,0.00023544656158351856,0.1657374197710224,True
MAP4K4,6,4.169539970810009,3.0521508559591853e-05,0.8333333333333334,5,1,0.1282388023496015,0.02943014594009208,0.20218274932492886,0.40149681483210387,0.0067413407970229,-0.182947521986775,0.0002364024378466843,0.1282388023496015,True
CAPN2,6,4.167411388525823,3.080782101467205e-05,1.0,6,0,0.13386249895797775,0.043545291377951045,0.08957427465117007,0.30924455220431923,0.044454846165034,0.313722208004446,0.00023850844407617016,0.13386249895797775,True
A2M,6,4.1653271992713625,3.109063391584405e-05,1.0,6,0,0.18496130680914824,0.013658478896165338,0.768370213059411,0.41986343782373137,0.0875037068152749,0.247849298815222,0.00024028722277914872,0.18496130680914824,True
MYL3,4,-4.165136635189395,3.1116615137035566e-05,1.0,0,4,,-0.6625663566183966,-0.32713213243078976,-0.2025825203094045,,-1.17467160322827,0.0002403370106151249,,False
CHD4,5,4.162156949390209,3.1525554055622454e-05,1.0,5,0,0.18555017136274188,,0.10104843752691828,0.2184060136768622,0.0706303893487792,0.001441423964251,0.00024292875732246876,0.18555017136274188,True
TAF9B,5,4.161591706714692,3.160370329589992e-05,1.0,5,0,,0.011127015597496737,0.1843602207279904,0.000547521549214558,0.0189952302344305,0.256539564260633,0.00024331650400476106,,False
DR1,6,4.161580364727795,3.1605273296896825e-05,0.8333333333333334,5,1,0.07653576209744894,-0.028211278880321433,0.1584306845318233,0.31281732694381237,0.257105141924289,0.0368517064299243,0.00024331650400476106,0.07653576209744894,True
DENND1A,6,4.161189781241017,3.1659384589955595e-05,0.8333333333333334,5,1,0.329442804755562,0.1356584661139255,0.1894503164648178,-0.9594480028693173,0.0536289227817717,0.167255882384758,0.00024361977393442353,0.329442804755562,True
KRT73,3,4.158629288754898,3.2016300285527035e-05,1.0,3,0,,0.009002791139000132,0.0785165009622685,0.2526483039548168,,,0.0002459089569958438,,False
RDH12,6,-4.155767938014359,3.2419675993103456e-05,1.0,0,6,-0.481399872387289,-0.1760789895902422,-0.22056239167421443,-0.22000809531540577,-0.1524021773613,-0.0930522765167163,0.00024889168693777755,-0.481399872387289,True
TTC39B,5,-4.154834798107422,3.255226510079238e-05,0.8,1,4,0.515689469377115,,-0.4788050433214357,-0.17220386385944675,-0.0687200312786633,-0.127122006989747,0.0002496779851475049,0.515689469377115,False
CRYGS,4,-4.152465357627172,3.289125569645762e-05,1.0,0,4,-0.17465258702931685,-0.14247512816361946,-0.3406478386346787,-0.11344108577677603,,,0.00025169489796013247,-0.17465258702931685,True
ANKRD13D,6,-4.151214936886736,3.3071499796945416e-05,0.8333333333333334,1,5,0.40084918522038926,-0.25094730137710375,-0.45315061775380094,-0.2474744983443733,-0.123610963262935,-0.0611303192878383,0.0002528403993713813,0.40084918522038926,False
COG6,6,-4.148963438091326,3.339841428283379e-05,0.8333333333333334,1,5,-0.033129617596650895,-0.15140582468790464,-0.1507244751700485,-1.6381504402923133,0.0488092019564159,-0.174623493634411,0.0002551040854681425,-0.033129617596650895,True
SLC25A17,5,4.148845227184181,3.3415662878557286e-05,1.0,5,0,,0.05047204237209968,0.15229856904217787,0.21410292704084544,0.114593101752002,0.0867375737612621,0.00025511810515031373,,False
ACTR1B,6,4.148270588928587,3.349963110857586e-05,0.8333333333333334,5,1,0.2969209509393895,0.08168394131731205,0.14783401882466585,0.23265757922517238,-0.276914619345468,0.0731096203810144,0.0002556412605390261,0.2969209509393895,True
LPCAT4,6,-4.146903529167949,3.370019714158464e-05,0.8333333333333334,1,5,0.5061984228322718,-0.08727074267865342,-0.2623337232676546,-0.14152091717415605,-0.541252938749085,-0.254871756936371,0.00025681660363144977,0.5061984228322718,False
KIF12,4,4.145558259364132,3.389867939695398e-05,1.0,4,0,0.011642546550828936,0.0030480467565781335,0.2197782755206897,0.02923003342209814,,,0.00025785429291285946,0.011642546550828936,True
NECTIN3,6,4.144665933265422,3.4030945915249175e-05,0.8333333333333334,5,1,0.16844155531107408,0.19545323220040034,0.2896997529132692,0.0375997106228656,-0.0003001304531982,0.0375360547939068,0.0002587414868117613,0.16844155531107408,True
GPR84,4,4.144023078607216,3.412653772789512e-05,1.0,4,0,0.029088693510303187,0.14805346799281988,0.6009523358296835,0.21456110303503875,,,0.0002593491517319192,0.029088693510303187,True
ADGRE1,6,4.141377841514931,3.452257212374956e-05,1.0,6,0,0.12445657596558002,0.033294787503241885,0.8856680065970619,1.6454354504403907,0.0444697133245133,0.287679402123293,0.00026199798890064315,0.12445657596558002,True
SCRN3,6,-4.13905418081833,3.4874058993537504e-05,0.8333333333333334,1,5,0.0037821971093618956,-0.06439870842632622,-0.21866721712678316,-0.1337748725633814,-0.0447475320131243,-0.208178997286569,0.00026442300708247037,0.0037821971093618956,False
NGEF,6,4.138572887098698,3.49472851784981e-05,0.8333333333333334,5,1,0.1416234153719036,0.09430065005964972,0.6443129557742728,-0.12018994950327122,0.253584492906623,0.139231987446095,0.0002648568975615845,0.1416234153719036,True
SCN4B,6,-4.137808910336287,3.506381995443677e-05,0.8333333333333334,1,5,0.3524273444935435,-0.2245653265894474,-0.2931891986415831,-0.42143771158933774,-0.220714524602704,-0.331884918086992,0.00026540737547306963,0.3524273444935435,False
OXA1L,6,-4.137376371978398,3.512996160290176e-05,0.8333333333333334,1,5,-0.15880154316764372,-0.051635804223755244,-0.11770211948441212,-1.4229677594089885,-0.335258138415283,0.075665359873919,0.0002656786433583765,-0.15880154316764372,True
STK3,6,4.134470323694547,3.5577422021296e-05,1.0,6,0,0.13510940613946687,0.01439350147449936,0.14434260767412255,0.3783399811124708,0.253091090786164,0.66003881136585,0.0002688938307289915,0.13510940613946687,True
GBP3,6,4.134144499447074,3.5627927066112364e-05,0.8333333333333334,5,1,-0.1991704152586845,0.09652662316820071,0.6831037279542322,0.427677059974505,0.621226494571115,0.545049315298658,0.00026915264664458774,-0.1991704152586845,False
IRAK2,6,4.1328855106279745,3.582371967742737e-05,0.8333333333333334,5,1,0.1013842955451496,0.12141147369469163,0.4621051747341558,-0.8020382849109997,0.0994982089043153,0.0044840021908316,0.0002704725253387956,0.1013842955451496,True
ABRA,4,-4.132811111053486,3.583532189874207e-05,1.0,0,4,-0.5898282033566926,-0.14348294779379162,-0.5549754176003486,-0.14899425504065167,,,0.0002704725253387956,-0.5898282033566926,True
PLS3,6,4.132697557343671,3.5853036880007685e-05,0.8333333333333334,5,1,0.21719677189324216,0.09859165150380633,0.16159995239731373,-0.08774299528361063,0.163130864319589,0.06273894193829,0.0002704828926334946,0.21719677189324216,True
TMEM45B,6,-4.1297278033307,3.6319297677992406e-05,0.8333333333333334,1,5,0.43910427892354686,-0.4732496686193559,-0.47187533778588975,-0.727190519291609,-0.225158941585525,-0.131361777502104,0.0002732531887118774,0.43910427892354686,False
CCDC120,6,4.128256085971289,3.655248997092932e-05,0.8333333333333334,5,1,0.09587260405563303,0.0782402867712284,0.48844470733166645,-0.1786156842299551,0.0050058766954377,0.24778917341275,0.00027475786285141785,0.09587260405563303,True
LIMA1,6,4.125199727015579,3.70413167350536e-05,1.0,6,0,0.20682416304765194,0.04647776159884165,0.2274730278054795,0.40222540460513034,0.225153424710894,0.361837156004009,0.00027805345786784905,0.20682416304765194,True
MAPK12,5,-4.120910089154993,3.773786904842904e-05,0.8,1,4,-0.018991543803992705,,-0.2496838047981491,-1.7171454874485086,-0.0450580778443044,0.0404988129503381,0.0002825134366755303,-0.018991543803992705,True
KRT7,4,4.1205504469800305,3.779682936517504e-05,1.0,4,0,0.14360662224219878,0.6972603588051214,0.8958264803948954,0.024526305225944567,,,0.00028269910512985873,0.14360662224219878,True
FADD,6,4.120114991164288,3.78683357346573e-05,0.8333333333333334,5,1,0.1257638650341546,0.09211010407190301,0.4331778105003514,-0.3388990424636771,0.410803916329608,0.0255682287775318,0.0002829902048251575,0.1257638650341546,True
WDFY4,6,4.11951114727354,3.796770571027328e-05,0.8333333333333334,5,1,0.04451922332371039,0.25527782193039017,0.8723478076541522,0.7572264477241823,-0.060428230824197,0.0915283646567913,0.0002833369995114713,0.04451922332371039,True
ITGB8,6,4.114833737305434,3.8745859219601354e-05,1.0,6,0,0.34057806524259426,0.2145623977218687,0.34268217546015833,0.35924370235277614,0.0435101782290583,0.127908932334007,0.0002883639666379684,0.34057806524259426,True
RASGEF1C,6,4.11443517540556,3.8812860953317096e-05,1.0,6,0,0.09524724365518056,0.16321055411543428,0.3445785303084312,0.48425543426314466,0.0992597400383537,0.143363415207144,0.0002887327975277773,0.09524724365518056,True
AMER3,6,4.1141932259072815,3.8853588403382986e-05,0.8333333333333334,5,1,0.42901985915266305,0.09376402029923048,0.2531740358077208,0.4311523785816691,-0.158960911016522,0.0240817237049864,0.00028890592778652073,0.42901985915266305,True
PLXNB2,5,4.113545848967053,3.896276116982927e-05,0.8,4,1,0.12391014616296836,,0.3036235392726061,0.4906721976938879,0.129148542273341,-0.191278643573798,0.0002895876169209762,0.12391014616296836,True
FAT4,6,4.112473044594095,3.9144318730686914e-05,0.8333333333333334,5,1,0.6269010335476595,0.42619965680942284,0.38762561634472137,-1.134068709869374,0.106760066182723,0.0686033796247258,0.0002906759818888873,0.6269010335476595,True
EHD4,6,4.111150069247183,3.936932009736117e-05,0.8333333333333334,5,1,-0.06896584291059682,0.15191476495713596,0.21265623594965533,0.6711487075328666,0.173981907531749,0.206071311801996,0.00029208470921179836,-0.06896584291059682,False
WIPF1,6,4.110391152198157,3.949894426982899e-05,1.0,6,0,0.08073601410935449,0.14718281426298052,0.18605075653205372,0.3150335014303325,0.132483195401543,0.294527385637747,0.0002926528762552415,0.08073601410935449,True
S100G,4,-4.103963493889759,4.0613157744258965e-05,1.0,0,4,-0.17335505123534256,-0.2533077737021236,-0.4474842206334523,-0.18774670233136193,,,0.00029996831190672664,-0.17335505123534256,True
PAPLN,6,-4.103304747968873,4.072901925687622e-05,0.8333333333333334,1,5,0.1422789626893275,-0.2904692776644793,-0.4867973512071613,-0.3588496338906828,-0.218644519879336,-0.392007998214035,0.0003006031953055977,0.1422789626893275,False
HIF1AN,6,-4.103256031858221,4.073759998470449e-05,0.8333333333333334,1,5,0.037237717599106546,-0.09398157033624877,-0.16539263323782816,-0.025022490798823682,-0.0444645918937976,-0.516578891386481,0.0003006031953055977,0.037237717599106546,False
ZFP36,6,4.103165225388768,4.075359897690679e-05,0.8333333333333334,5,1,0.18375076302869964,0.5109335824475352,0.5490659661450454,0.6218004642196528,0.303158227681029,-0.198906787417396,0.0003006031953055977,0.18375076302869964,True
SLAMF8,4,4.102854165963536,4.080844905884677e-05,1.0,4,0,0.026032513275825564,0.18808015925945104,0.5800532404224065,0.4087799503887667,,,0.0003008736965799696,0.026032513275825564,True
CES2E,4,-4.102286880694271,4.090866066249056e-05,1.0,0,4,-0.32429205162921243,-0.006593315262703847,-0.4057250617222631,-0.06570062129120441,,,0.0003014782507949883,-0.32429205162921243,True
PDK3,6,-4.1007757627689685,4.1176742110271076e-05,0.8333333333333334,1,5,0.01640202394005641,-0.13641697777077466,-0.2588842310011863,-0.2855120973437506,-0.0707873490492914,-0.0514203175082564,0.00030331884085857,0.01640202394005641,False
CXCR6,3,4.098084657705264,4.16582929750876e-05,1.0,3,0,,0.09483023395733847,0.22408327994123417,0.6571148791972005,,,0.00030645691792162216,,False
CAMK1G,6,-4.094671608773835,4.2276718001435494e-05,0.8333333333333334,1,5,-0.24471773849700673,-0.13191704122974457,-0.6701085915091962,-0.7141804731033456,-0.251418210976547,0.0028022949580259,0.0003108681636427189,-0.24471773849700673,True
CCR5,6,4.092099222640525,4.274856529061882e-05,0.8333333333333334,5,1,-0.32721041631420067,0.7324153092675592,1.0310130412567386,0.5601236045562685,0.008293552320731,0.569775889528535,0.00031391936676589295,-0.32721041631420067,False
PPP1R14A,5,-4.0919731466999725,4.277181908450546e-05,1.0,0,5,-0.34953859937167175,-0.3711773369466713,-0.4837105440772904,-0.08832399794840706,,-0.981057163903531,0.00031395084234444985,-0.34953859937167175,True
ANGEL1,6,-4.089620790908154,4.3207901042972746e-05,0.8333333333333334,1,5,0.4014390114588693,-0.12554931338861142,-0.38705138615641044,-0.287404615856623,-0.279865373496206,-0.318429937232245,0.0003168707036168741,0.4014390114588693,False
MOB1A,6,4.089026827105308,4.3318675689872375e-05,1.0,6,0,0.06653741641892363,0.15945279803258883,0.30091580631005854,0.3925855312360049,0.0700105211121547,0.231000811694525,0.00031743691774338393,0.06653741641892363,True
F12,4,4.088793839150051,4.336220162036475e-05,1.0,4,0,0.10631726347793125,0.02131826876874826,0.4497206460389106,0.18113069052393482,,,0.00031743691774338393,0.10631726347793125,True
ZFP526,6,4.08869328407005,4.338099975444263e-05,1.0,6,0,0.3593237421199933,0.15544039314546265,0.1394534083609109,0.1313407858431792,0.174765529013508,0.29637569625107,0.00031743691774338393,0.3593237421199933,True
PARVG,5,4.088008739089526,4.350917668657847e-05,0.8,4,1,0.136647210029595,0.2237624175330558,0.8044861680602418,0.5525261115190019,-0.317222289831587,,0.00031821537578345725,0.136647210029595,True
SAMD4B,5,4.0878174447249584,4.35450595788745e-05,0.8,4,1,,0.03869725921452538,0.17294494097326396,0.3078741086836869,0.0715759960641362,-0.11541396517946,0.00031821537578345725,,False
ASPHD2,6,-4.086511652753472,4.3790750180715513e-05,0.8333333333333334,1,5,0.3891790214411204,-0.21931470517706741,-0.48373794346919263,-0.16492867219083163,-0.130501832887027,-0.0394391822963938,0.0003192848002270066,0.3891790214411204,False
SYP,6,-4.0862902604138185,4.383253629079313e-05,0.8333333333333334,1,5,0.8759533536090061,-0.11975190897100862,-0.17927983766973554,-2.2198059373120334,-0.0958581489426051,-0.294196482686336,0.00031932928727341895,0.8759533536090061,False
UGT8,3,-4.083485142361477,4.4365267077664576e-05,1.0,0,3,-0.052649665620031705,-0.13666488590217085,-0.5655412341406487,,,,0.00032264231136621443,-0.052649665620031705,True
LRRC43,4,4.082962670495178,4.446516775917635e-05,1.0,4,0,0.08605589728585322,0.05673709002453627,0.2259622571907549,0.005836016079125551,,,0.0003230849239463946,0.08605589728585322,True
ADGRL1,6,-4.082505441104331,4.455276859961342e-05,0.8333333333333334,1,5,0.5317538601848586,-0.036375790987614565,-0.28307442786594095,-1.738082661938388,-0.0517203363188394,-0.241631215178357,0.0003235793882671353,0.5317538601848586,False
CDH2,6,4.0788395908406505,4.526105191882265e-05,0.8333333333333334,5,1,0.430456630803584,-0.04991550663793509,0.1282534377069453,0.5787922566790282,0.189863374417038,0.195827168334995,0.00032829138096422103,0.430456630803584,True
B4GALT1,6,4.07789387310461,4.5445500559965096e-05,0.8333333333333334,5,1,0.14906006579295195,0.1107797164206219,0.3585341377360671,0.2559567079784566,0.159122478079336,-0.632423910240222,0.0003294848555709778,0.14906006579295195,True
CCM2,6,4.074519335712605,4.610948234670958e-05,0.8333333333333334,5,1,0.03848814306736781,0.013439935523141155,0.243131984767456,0.3891861261244127,-0.210223204894145,0.0728811734241481,0.0003337526855541435,0.03848814306736781,True
CFL2,6,-4.073100651378024,4.639136377025718e-05,0.8333333333333334,1,5,-0.22402756350144593,-0.13957816748930796,-0.13295787676121051,0.19052802101749844,-0.14020171283628,-0.110904877823131,0.0003353143463429244,-0.22402756350144593,True
PPP1R1A,6,-4.072671157307894,4.6477022589351636e-05,0.8333333333333334,1,5,-0.19174423724070433,-0.13327252938006007,-0.5210167908754659,-0.11435319416089396,0.117417583834406,-0.0731173047990192,0.0003356439438413937,-0.19174423724070433,True
PLET1,4,4.072668662984001,4.647752049809536e-05,1.0,4,0,0.009038994709846638,0.10857522054479887,0.4523297179880358,0.4127840293570525,,,0.0003356439438413937,0.009038994709846638,True
TMEM200C,6,4.071939305236754,4.662332967376434e-05,1.0,6,0,0.3235580244155223,0.026072346638128963,0.32035859650652476,0.018233659157081084,0.205295892523774,0.0969979827378746,0.0003364033795815812,0.3235580244155223,True
FAM110A,6,4.069913254616756,4.703064590765208e-05,0.8333333333333334,5,1,0.03341805707366263,0.10253597265619185,0.5206271306114032,0.2391499088296256,0.309608590563861,-0.548602671680385,0.000338751632316561,0.03341805707366263,True
SH2D7,4,4.0696106983279865,4.709176046253089e-05,1.0,4,0,0.17409985613716292,0.12042203979477531,0.2834775153423006,0.027112061432464744,,,0.00033880582736239297,0.17409985613716292,True
SNX17,6,-4.069572025240258,4.709957761967534e-05,0.8333333333333334,1,5,0.010780494622168568,-0.08650894966991185,-0.12712479024441947,-1.3467752239953787,-0.230970197758774,-0.311239329363936,0.00033880582736239297,0.010780494622168568,False
STEAP2,6,4.065393616898,4.79514635711288e-05,0.8333333333333334,5,1,0.37798508488710425,0.34293934800535286,0.41282703556409084,-0.10981707349394032,0.227917285780048,0.316254604184288,0.0003441858738201752,0.37798508488710425,True
SCMH1,5,4.063080964024997,4.842922217034265e-05,0.8,4,1,,0.06918411462898266,0.23018562288955025,0.08128533541175109,0.142980610365176,-0.0580046679425505,0.0003471634843497235,,False
PRSS51,3,4.061074543065331,4.884737060872274e-05,1.0,3,0,,0.197996876351718,0.02867535322935426,0.7176259993042126,,,0.0003497066082679839,,False
ZNRF4,4,4.0608039209756805,4.890403089772602e-05,1.0,4,0,0.05994326789404242,0.07729007407439215,0.5386723816825829,0.025323110465608163,,,0.00034996088172034633,0.05994326789404242,True
GNS,6,4.060383894361532,4.899209550115253e-05,1.0,6,0,0.02990426320174322,0.03667271767674407,0.13952346493834433,0.29577457234013327,0.164438367824829,0.122986325877702,0.00035043956989415587,0.02990426320174322,True
KNDC1,6,-4.0588905431958935,4.930641694497201e-05,0.8333333333333334,1,5,0.7813884381921681,-0.19227193495581796,-0.613995718989873,-0.6806526724617594,-0.0966986053842871,-0.134927356256588,0.00035192747446018835,0.7813884381921681,False
RAP2B,5,4.058025048376118,4.948946083466745e-05,1.0,5,0,,0.19282743151784665,0.2852617003629352,0.61214345991807,0.139362888792994,0.186963575245238,0.0003530817050583688,,False
MOSPD1,5,-4.056419860557148,4.983064916513737e-05,0.8,1,4,,-0.18547352858934207,-0.2818208182040376,0.3261910069688003,-0.0835744094090272,-0.352754211673161,0.00035520969206776653,,False
PTK7,6,-4.055578891167296,5.001028904422547e-05,0.8333333333333334,1,5,0.49642533090346586,-0.28103417601440084,-0.5220505800521105,-0.16620563995436122,-0.0048507185159726,-0.356569926429692,0.0003563367646405596,0.49642533090346586,False
TST,5,-4.055184492550241,5.009474801043131e-05,0.8,1,4,,-0.0410892187562415,-0.404054516157343,0.2914688528878302,-0.335934425504358,-0.362575626011806,0.00035678496947876893,,False
A1BG,4,4.0544220951653065,5.02583959395703e-05,1.0,4,0,0.07729347246354223,0.0028878382553138016,0.61380851363613,0.33924064685696675,,,0.00035764272123463785,0.07729347246354223,True
PLBD2,6,-4.054304709336538,5.028363767588768e-05,0.8333333333333334,1,5,0.20717311086297308,-0.13459481975256793,-0.1269711499377637,-1.5314328873719054,-0.306560517128638,-0.307821127315085,0.0003576685736189484,0.20717311086297308,False
BSND,3,4.053695813893373,5.041476275513212e-05,1.0,3,0,0.0008833615396903263,0.04236602775118876,0.3138466128272266,,,,0.00035844723072291535,0.0008833615396903263,True
SP2,6,4.05312276640148,5.05384639943034e-05,1.0,6,0,0.2693460449936409,0.14644756655413094,0.12058396566999363,0.25643306123352927,0.276449955451631,0.168556552323117,0.0003588642883027498,0.2693460449936409,True
GJC1,6,4.05261872947962,5.064750597618138e-05,0.8333333333333334,5,1,-0.14363167039935698,0.3108449445770225,0.4693123435326294,0.3623081978873226,0.124141839171714,0.0497192152695671,0.000359330269574691,-0.14363167039935698,False
MFSD14A,4,-4.051354318886986,5.092202729311504e-05,1.0,0,4,,-0.14265413018404782,-0.1188321677851496,,-0.0291819877417123,-0.359823821605565,0.00036081395366251715,,False
PACSIN1,6,-4.050428557184324,5.112391681294216e-05,0.8333333333333334,1,5,0.7879370471955705,-0.09347600880784324,-0.6438616272695343,-0.24239958766059377,-0.213791728327678,-0.140069498444915,0.00036208946131271655,0.7879370471955705,False
ATP5MC1,4,-4.049883685464908,5.1243096484929784e-05,1.0,0,4,-0.32282729203379557,-0.15784723587262484,-0.16168802735331855,-1.8729208979688625,,,0.00036277832892153884,-0.32282729203379557,True
IL18,6,4.049658581985209,5.1292410141258456e-05,0.8333333333333334,5,1,-0.050133011005738526,0.13851901248997323,0.6336658208417847,0.2752465362307075,0.511110581170129,0.803150284391118,0.0003629721986567379,-0.050133011005738526,False
SNX29,6,4.048596226518883,5.152574909702502e-05,1.0,6,0,0.3168551191884954,0.0444551083557827,0.18699195158610582,0.06300310227051664,0.380223529986918,0.069900608350475,0.000363848630728328,0.3168551191884954,True
MTR,6,4.048594307588484,5.1526171485451965e-05,0.8333333333333334,5,1,0.32267168365222965,-0.0005540115683215774,0.12459198448597952,0.20160780796823197,0.190417413051811,0.450377583205203,0.000363848630728328,0.32267168365222965,True
NDUFAF2,6,-4.047351465930288,5.180043198066764e-05,1.0,0,6,-0.3247929832525216,-0.02943926091707194,-0.19518269324685944,-1.311991963684453,-0.294251821981272,-0.150427061147126,0.0003654327682765587,-0.3247929832525216,True
SLC45A4,6,-4.0468524645890085,5.191093642175381e-05,0.8333333333333334,1,5,0.6078995713628883,-0.2792881170884254,-0.4196487708426728,-1.6850831600095466,-0.0490079473494691,-0.0249483917041968,0.00036578536383689614,0.6078995713628883,False
KCNC1,6,-4.046535949635467,5.198114478753662e-05,0.8333333333333334,1,5,0.8294963057510358,-0.39209208435165044,-0.7008053981492637,-0.03745180682729554,-0.415789704091889,-0.0583926975709148,0.0003661242163928962,0.8294963057510358,False
AHSA1,5,-4.0463456637185535,5.202339672101102e-05,1.0,0,5,-0.048702011788702926,,-0.18628125990473343,-1.8539361590169747,-0.204117774110814,-0.100171806966884,0.0003661659961603004,-0.048702011788702926,True
BNIP2,5,4.04413527335645,5.2516592515011634e-05,0.8,4,1,-0.046253907708968534,,0.18583851418596709,0.3386687165437614,0.491167063254074,0.0583279985246947,0.0003691289744985889,-0.046253907708968534,False
SPSB1,6,4.043448504059354,5.2670728654136515e-05,0.8333333333333334,5,1,0.31283104439055354,0.006365750757900468,0.20207505318150698,-1.0257619008879981,0.0547728417300184,0.166567697942603,0.00037003646039187926,0.31283104439055354,True
ARL5A,6,4.042951043685053,5.278264456379154e-05,0.8333333333333334,5,1,0.08816563269239897,0.05176467434250398,0.18771941107718249,0.20982285423324765,-0.136240575583697,0.255523153303936,0.000370440739337882,0.08816563269239897,True
FIG4,6,-4.042707152184897,5.283759622225554e-05,0.8333333333333334,1,5,0.04719758660439588,-0.08856574351426083,-0.18165533273129242,-0.0980176014088796,-0.202501730933502,-0.0122547260240742,0.000370440739337882,0.04719758660439588,False
CLTA,6,4.042648350318073,5.285085309123187e-05,0.8333333333333334,5,1,0.08145795560917346,0.04214820325706725,0.15135193020033633,0.09721762055047556,0.0636199157270774,-0.0154097682622103,0.000370440739337882,0.08145795560917346,True
RASSF1,6,4.042596452935325,5.2862555963996936e-05,0.8333333333333334,5,1,0.082785876446553,0.03812803497488271,0.2560129839069778,-0.7725268133731662,0.229110185787242,0.359516753099857,0.000370440739337882,0.082785876446553,True
RAB37,6,-4.04099571640755,5.3224730739594564e-05,0.8333333333333334,1,5,0.0764721845006715,-0.13184492112839452,-0.5228348545161046,-0.7293900078017463,-0.21746568366938,-0.127986927440304,0.00037239515132643584,0.0764721845006715,False
FHOD1,6,4.040825330234295,5.326341962981333e-05,0.8333333333333334,5,1,-0.14125907906161173,0.11496838464529713,0.4916396625128252,0.20297005354825792,0.234548108003323,0.104131959013934,0.00037246139489339683,-0.14125907906161173,False
MGAT2,6,4.0381971292380685,5.386358048219203e-05,0.8333333333333334,5,1,0.09193126250340544,0.13899283692832176,0.1709588234997188,0.3173372594128452,-0.0953998413068993,0.0129156466048514,0.00037618142790769724,0.09193126250340544,True
FAHD2A,6,-4.036782267542892,5.41893176210809e-05,1.0,0,6,-0.1834879094857378,-0.15163862749136214,-0.24316592607927578,-0.2116085990208978,-0.0340210547741697,-0.184984502874103,0.0003781372619157382,-0.1834879094857378,True
RAB6B,6,4.0327562155852545,5.512645917380493e-05,0.8333333333333334,5,1,0.7190993960242622,0.1273428797061058,0.15806835219133575,0.036107296215693196,-0.275824664986642,0.191592093519159,0.00038370611953104255,0.7190993960242622,True
PHC1,6,4.031918345210232,5.532341033908577e-05,0.8333333333333334,5,1,0.040940082609931316,0.15203220347732715,0.23870228040550234,0.2514659094259062,0.232748533243771,-0.128733981189107,0.0003849151273360856,0.040940082609931316,True
UBE2R2,6,4.029914584737963,5.5797124277344175e-05,1.0,6,0,0.031224912013542827,0.11260353885658425,0.1414013504100451,0.41409752101984854,0.0664303204265964,0.232568138058718,0.0003877220827198156,0.031224912013542827,True
ITGA1,6,4.028503318594634,5.6133068572142396e-05,1.0,6,0,0.48689666972064405,0.09478016765477637,0.22420361124440724,0.12030113140328602,0.360322643056712,0.63845648443247,0.00038956584947844904,0.48689666972064405,True
PLAA,6,4.026749165793273,5.655330630829711e-05,0.8333333333333334,5,1,0.07208606621249469,0.007489271183384716,0.20973483323984254,0.24767160082713247,0.0475661436148569,-0.0156461301041628,0.00039182516785890906,0.07208606621249469,True
CALN1,5,-4.019739544647449,5.826251601006873e-05,0.8,1,4,,-0.27588407509976176,-0.5743651517749875,-0.2959650070120601,0.497635839688619,-0.0216088553714968,0.0004028242126143098,,False
SYNE2,5,4.0192452266629255,5.838487797343263e-05,1.0,5,0,0.1050285787706926,,0.17787542053094096,0.5833259957746524,0.445000430996937,0.176235287033947,0.00040350167023643293,0.1050285787706926,True
SFT2D2,5,4.019068012989057,5.842880413949189e-05,1.0,5,0,,0.1539591089338952,0.23792315545823683,0.2528362596219589,0.0186214508154832,0.161074883528063,0.0004036367137382595,,False
SASH3,6,4.018175164292563,5.865059210760643e-05,0.8333333333333334,5,1,-0.32289243478525065,0.03900159265205261,0.9538129022155855,0.7795366937149546,0.0557496901459436,0.558401590108988,0.00040483094268769875,-0.32289243478525065,False
POLR1D,5,4.015961701797463,5.9203870295255596e-05,0.8,4,1,,0.389895307356813,0.23682439473975592,-1.35094885882918,0.206358417245921,0.445878314902952,0.0004083093588029461,,False
CHRNB3,6,-4.01513202031615,5.941252858427458e-05,0.8333333333333334,1,5,0.7995798843521271,-0.24663807771099178,-0.9497874460156623,-0.8787658346622287,-0.119586697521632,-0.223618088010053,0.0004093246734091337,0.7995798843521271,False
NOVA2,6,4.015081417401874,5.942527732009113e-05,0.8333333333333334,5,1,0.13295068486161332,0.13681055382884644,0.21333293321803248,0.26907871515167425,-0.0110138577023395,0.0606034676947083,0.0004093246734091337,0.13295068486161332,True
ZMYM5,6,4.012974396872495,5.9958418815836305e-05,0.8333333333333334,5,1,0.08956288767487397,0.0434475000417045,0.16875093236379435,-1.5838416713066268,0.127676694015544,0.382591957259304,0.00041213943033211066,0.08956288767487397,True
SIMC1,6,4.012849525366573,5.999015692016361e-05,1.0,6,0,0.17537342549284674,0.059860142006693096,0.1824137937664383,0.2551961305535828,0.528179858472783,0.117865781502782,0.0004121864164975293,0.17537342549284674,True
TERF2IP,6,4.010901139329707,6.0487435856268454e-05,0.8333333333333334,5,1,0.17907253356157948,0.08509776575485173,0.12974885276128667,-1.3410928802502289,0.410436499417622,0.126875193368546,0.0004151912082172926,0.17907253356157948,True
KLRA2,4,4.010841454431754,6.050273043862432e-05,1.0,4,0,0.014886942638368428,0.24502693647705187,0.7055733690881707,0.6840047087157727,,,0.0004151912082172926,0.014886942638368428,True
HOOK2,6,4.010466360871853,6.059893407135298e-05,0.8333333333333334,5,1,0.031658574790245364,0.022997557877553643,0.3595951603231091,-0.6549705823165546,0.233349520609141,0.133940064331487,0.000415679053770839,0.031658574790245364,True
AP1G2,5,4.009451105848407,6.086005279059381e-05,0.8,4,1,0.8735605336561392,,0.39741636500655986,-0.5280817877024542,0.128526768020687,0.241644187033642,0.0004171244694782231,0.8735605336561392,True
MYO7A,6,4.006157663187377,6.171446301910686e-05,0.8333333333333334,5,1,0.01745866853257161,0.09117399501524576,0.416540107293204,0.47504917771031163,0.219647488653847,-0.0895079493394109,0.00042175796527343386,0.01745866853257161,True
MSTN,5,4.006052696034128,6.174188026022e-05,0.8,4,1,-0.1188401532088883,0.4476302872330482,0.4068337867402392,1.2847414761270597,0.788865886790782,,0.0004217711935894187,-0.1188401532088883,False
AQR,6,4.0053188975162275,6.193386951481543e-05,1.0,6,0,0.18748151204584218,0.0693337406254706,0.17658435971905728,0.05104263666454134,0.0953089207366946,0.0629077346973688,0.00042290817170347565,0.18748151204584218,True
ATL2,6,-4.004425371659488,6.21684125974624e-05,0.8333333333333334,1,5,-0.0815614936017175,-0.2752101286483568,-0.19809449616226793,-0.0608479393067487,0.224522316157875,-0.1674215200778,0.00042415975486941374,-0.0815614936017175,True
HIP1,6,-3.9977015493922297,6.396052416858296e-05,0.8333333333333334,1,5,0.13285742362066166,-0.21009462356748188,-0.31564009342157906,-2.0657933061613196,-0.0959407699958046,-0.0114916016109532,0.00043352768060539936,0.13285742362066166,False
PRPF6,6,3.997428756575959,6.403425440576644e-05,0.8333333333333334,5,1,0.02077404472893818,0.026697406733662277,0.13853872408853274,0.20370727996568494,-0.0160524438068075,0.203569642863489,0.00043384976623996973,0.02077404472893818,True
WDR11,6,3.9971879916347075,6.409939500205072e-05,0.8333333333333334,5,1,0.1126975768100067,0.0984250321474649,0.07516195990014118,0.16483888205414665,0.110618909244669,-0.0588423199795094,0.00043398772107736025,0.1126975768100067,True
EFEMP1,6,3.9969866768964644,6.415391022146745e-05,0.8333333333333334,5,1,-0.11549982302870898,0.025300005976569118,0.23309709148837854,0.5522172140097652,0.236828012542722,0.63237822856631,0.00043398772107736025,-0.11549982302870898,False
GADD45GIP1,6,-3.995723965627979,6.449684952797784e-05,1.0,0,6,-0.2554315234285349,-0.19012290320243252,-0.10177026164093839,-1.1023597459619086,-0.266440768819292,-0.246546340203036,0.00043603967872619877,-0.2554315234285349,True
TMEM145,6,-3.995558631168296,6.454188091343565e-05,0.8333333333333334,1,5,0.7062687860601278,-0.12478450806797525,-0.6617949802938847,-0.05366102781565907,-0.689070509316557,-0.544685461066539,0.00043603967872619877,0.7062687860601278,False
CFAP410,4,-3.994111880222446,6.493719731665849e-05,1.0,0,4,-0.03394958145589566,-0.005834277618665951,-0.37404813588329144,-1.2787274594774187,,,0.0004381395939236112,-0.03394958145589566,True
CDKN2B,5,3.9926458935517,6.534010666228418e-05,1.0,5,0,,0.0014864774051548402,0.39679766573550035,0.6952980928653041,0.41220598055507,0.115827466115736,0.0004405333790118647,,False
XPC,6,3.9913946040632164,6.568587947773954e-05,0.8333333333333334,5,1,0.001188501719382451,0.15997312451065016,0.2020933504504825,0.19738081907364347,-0.136542389435591,0.407036804973862,0.0004426843147864597,0.001188501719382451,True
PCDHB3,5,3.9893046867583637,6.626725755055262e-05,0.8,4,1,,0.19698341199875613,0.34140648719082556,0.46463722785661776,0.458237377553681,-0.0063055011524095,0.0004458762792588402,,False
GNA11,6,3.9888628754817868,6.639078361180036e-05,0.8333333333333334,5,1,0.2478354170450392,0.054168061961796354,0.20883333257798764,0.2966322009233018,0.0030846789991343,-0.149220566620116,0.0004464648679916147,0.2478354170450392,True
MYH15,4,3.9887989233731376,6.640868203210219e-05,1.0,4,0,0.05605933146816089,0.036753904401183715,0.43023218319777434,0.02280168165867502,,,0.0004464648679916147,0.05605933146816089,True
ITGAL,6,3.988534043013717,6.648286332959156e-05,1.0,6,0,0.19120963561081483,0.3904207489639765,1.1172850311980083,0.17664758531934366,0.0021626952942366,0.644887857157217,0.0004467821168621192,0.19120963561081483,True
BLNK,5,3.988270548977969,6.65567341771486e-05,0.8,4,1,-0.2651406401385945,0.46021019091605686,0.9236439406232719,0.3322656449006052,,0.590975488684183,0.0004469850360462915,-0.2651406401385945,False
CISD1,5,-3.9865789043607873,6.703284193395172e-05,0.8,1,4,,-0.1951841129112859,-0.21205446577139142,-0.20135510312639227,0.114137940561956,-0.041840693601529,0.00044974770964360307,,False
TIAM1,6,3.9862098234336614,6.713714595701535e-05,0.8333333333333334,5,1,0.3715664102297134,0.16049264210181402,0.2545743058754102,0.021286774573243683,0.0418511854730026,-0.153119172392906,0.00045026500805531524,0.3715664102297134,True
FBXO40,6,-3.9860307847952803,6.718779842958165e-05,0.8333333333333334,1,5,-0.04251393684579674,-0.08620268128797634,-0.4765391553386691,-0.5862627078999867,0.11712213973946,-0.0423436774500892,0.00045042221126222583,-0.04251393684579674,True
ERICH3,6,-3.9851437002419154,6.743930066639544e-05,0.8333333333333334,1,5,0.6005343016705371,-0.35813361688473,-0.6692412075797494,-0.5911241703604437,-0.0861902835985817,-0.0003400610522266,0.00045174233291387186,0.6005343016705371,False
STYX,3,3.983157227111856,6.800573149056882e-05,1.0,3,0,,0.007664153023589471,0.22387436679480732,0.41798571776672766,,,0.00045535229273134916,,False
DSTN,6,3.9816184237033205,6.844760310834757e-05,0.8333333333333334,5,1,-0.08449402641938697,0.20068036293391778,0.20433948973374783,0.18478763414588784,0.0156859324796734,0.360726763214934,0.0004573858403913479,-0.08449402641938697,False
IL1RN,4,3.9807436719567586,6.870000011217842e-05,1.0,4,0,0.038569382196122604,0.12350114262747086,0.6205971810744607,1.1297516764633244,,,0.00045851709752289403,0.038569382196122604,True
UNC13B,6,3.979812287259798,6.896970556973843e-05,0.8333333333333334,5,1,0.17974934077853888,0.09802959655880161,0.3412752291262664,-0.07171911457515723,0.383474464804939,0.222547237929147,0.0004599462395609631,0.17974934077853888,True
ESRRB,6,-3.9792051233189936,6.9146063958573e-05,0.8333333333333334,1,5,0.4832383065002983,-0.3732802319251357,-0.7432505634886821,-0.3142061961003799,-0.342925131542548,-0.562268450484605,0.0004607510670862722,0.4832383065002983,False
FNDC10,5,-3.976053638394778,7.006832779513398e-05,0.8,1,4,-0.4124621351127433,,-0.19253665578786627,0.013007325479770238,-0.230116449508344,-0.346617429030461,0.0004663333179192029,-0.4124621351127433,True
TEX9,6,-3.975663631278382,7.0183266968848e-05,0.8333333333333334,1,5,-0.05745449922688639,-0.08175268665312219,-0.3668507605447582,-1.347607207127428,-0.309050714328164,0.740896829153969,0.00046691054456124285,-0.05745449922688639,True
NCOA6,6,3.9750782995342697,7.03561051437983e-05,1.0,6,0,0.16499001616141573,0.04571369442641737,0.10040080718331179,0.15073675793931862,0.28508293463253,0.131317920700875,0.0004676447495907054,0.16499001616141573,True
TUBG1,5,-3.975027321023613,7.037117724888238e-05,0.8,1,4,0.10983989374824521,,-0.2522693550005819,-1.2957450710740868,-0.387422919199252,-0.0719800030038447,0.0004676447495907054,0.10983989374824521,False
SSH3,6,3.9750029371099407,7.037838758037984e-05,0.8333333333333334,5,1,0.15755625975356846,0.13950552137909877,0.2153151766290584,0.11013638562844719,-0.325312049404209,0.10996062703265,0.0004676447495907054,0.15755625975356846,True
MCOLN1,5,-3.9723790985543164,7.115835460175365e-05,0.8,1,4,0.09574612041285668,,-0.12494587446483685,-1.4550700687737095,-0.280213032045051,-0.316089890377062,0.00047131375965115107,0.09574612041285668,False
PRDX5,6,-3.9716676070054864,7.137125895519953e-05,1.0,0,6,-0.126029680085888,-0.07101413538189139,-0.08250966105785906,-2.002518573365955,-0.365172118906436,-0.312784645588342,0.0004725348312905851,-0.126029680085888,True
HCN4,6,3.9671818725176875,7.272749352795818e-05,0.8333333333333334,5,1,0.3284365572572079,0.045780886025424294,0.3414354325411084,0.00033760401530003037,-0.0469145312728549,0.27467474163817,0.0004801697139508431,0.3284365572572079,True
RBMXL1,5,3.965843767364577,7.313675853185027e-05,0.8,4,1,,0.08153531762817545,0.133552384720379,-1.2114474068859504,0.197339299297502,1.08160789878609,0.00048267927720063226,,False
TMEM218,5,-3.965703016536692,7.317993414344005e-05,0.8,1,4,,-0.15688237725283916,-0.269351259129575,-0.04399875637149364,0.0017214793674806,-0.275739552285899,0.0004827717297497886,,False
TMEM104,4,-3.965375532986703,7.328048372423324e-05,1.0,0,4,,-0.03477997124241794,-0.15384515844750357,,-0.344790273372946,-0.111856910825626,0.00048318177693616445,,False
TRPT1,6,-3.9639607749553964,7.371637034312601e-05,0.8333333333333334,1,5,-0.08246876398204117,-0.05252137315881411,-0.2616446406994255,-0.16126106139416185,-0.338854180524532,0.237530838116333,0.000485536554683415,-0.08246876398204117,True
TMEM38A,6,-3.9606050466510605,7.476009604576972e-05,0.8333333333333334,1,5,-0.38529340862201433,-0.10474675526681043,-0.14254147243340398,0.18165724840834319,-0.285319773402201,-0.146522088190202,0.0004916285696263728,-0.38529340862201433,True
SKP1,4,-3.9593829772242337,7.51436535306095e-05,1.0,0,4,-0.05836723377784203,-0.09403690741191006,-0.19424459367881575,-0.10499667820981351,,,0.0004935626004915271,-0.05836723377784203,True
TUBGCP2,5,-3.9583826007787475,7.545901506952664e-05,0.8,1,4,0.127707627143673,,-0.15396877491810823,-1.292943978112616,-0.11120679453315,-0.0145497597336841,0.0004952409268163382,0.127707627143673,False
TET2,6,3.9576660828229904,7.56856610408272e-05,0.8333333333333334,5,1,0.20859166084041814,0.10206122637851944,0.3143831563968078,0.15296535784829768,0.214938928399144,-0.154315977927801,0.0004961382421971374,0.20859166084041814,True
PITPNM2,6,-3.9571230873086547,7.585784771693909e-05,0.8333333333333334,1,5,0.5544601867041106,-0.14039627113115305,-0.4203631707785611,-0.2383555221550422,-0.324936217747861,-0.0419019553106219,0.0004970701090303943,0.5544601867041106,False
RGS16,5,3.9568725628943793,7.593741511594193e-05,0.8,4,1,0.3725318750647677,0.3072699551249666,0.3411460710833283,0.3104691294105444,-0.105870404593851,,0.0004973945765726439,0.3725318750647677,True
PDPK1,5,-3.956506422048166,7.605384464898046e-05,0.8,1,4,0.3753094271194417,,-0.21002351162419863,-0.06954852127779354,-0.1160047431697,-0.0298624282451239,0.0004979601410719639,0.3753094271194417,False
DHX33,6,-3.9552130266879977,7.646648565067534e-05,0.8333333333333334,1,5,0.0889446983200961,-0.13711328016415747,-0.20458675104937596,-1.6661170716496896,-0.3203597822191,-0.264898862859802,0.000500068459300663,0.0889446983200961,False
SELENOI,5,-3.9547332629250844,7.662008561690332e-05,0.8,1,4,,-0.05543016152777014,-0.2345111618645097,-0.14504381181812231,0.0543552171242349,-0.189473108657136,0.000500677322199362,,False
CNTN2,6,-3.9539204878402963,7.688096762616777e-05,0.8333333333333334,1,5,0.946129974965249,-0.16746794689882272,-0.37004036678377616,-1.7437396917049224,-0.141183085430437,-0.0591979261974536,0.0005021838106346997,0.946129974965249,False
PPP1R3A,5,-3.9509645970366463,7.783683919769475e-05,1.0,0,5,-0.4594306960040826,-0.18150469331177593,-0.186248803915005,-0.33686946350304536,-0.466843362135307,,0.0005074262947618131,-0.4594306960040826,True
FETUB,4,3.950831464227024,7.788015482646555e-05,1.0,4,0,0.10727064258069172,0.06400170811556641,0.22280081505284394,0.15160097764187774,,,0.0005075087884597078,0.10727064258069172,True
TRAPPC9,6,-3.9499593160119293,7.816447810657043e-05,0.8333333333333334,1,5,0.2535361587633771,-0.042495019903321385,-0.17798035727209705,-1.7207745672024588,-0.333139307904153,-0.276174718853471,0.0005091611340495685,0.2535361587633771,False
SLC25A4,6,-3.948124743655259,7.876576139277757e-05,0.8333333333333334,1,5,-0.24369996595879506,-0.057222229132760205,-0.1635005099510387,-0.044911440375031475,-0.200523971617397,0.102892541358924,0.0005125959522115921,-0.24369996595879506,True
ABHD17C,6,3.947833686132516,7.886155682059448e-05,0.8333333333333334,5,1,0.07543686377675174,0.032540392101569005,0.2638342035263559,0.4324260053151807,0.0130352924043482,-0.0140798124737014,0.0005128944944968487,0.07543686377675174,True
LRRC24,5,-3.9470435353054363,7.912217394150476e-05,0.8,1,4,0.3473053734601308,,-0.3285115447293263,-1.1830945708959781,-0.579448058791254,-0.300964173497164,0.000513580479639132,0.3473053734601308,False
NDUFS8,5,-3.9457331048427524,7.955619173947218e-05,1.0,0,5,-0.3342154586167805,,-0.10450916433154767,-0.07017058910194329,-0.405655630623068,-0.0685660427108767,0.0005159929802788964,-0.3342154586167805,True
USP11,5,-3.944686447395513,7.990446293862496e-05,0.8,1,4,,-0.07859618747959551,-0.20094034600973654,-0.01920424986994984,0.0738817252703539,-0.212184354778777,0.0005180488329651862,,False
RITA1,6,-3.942890104014456,8.050555092513231e-05,0.8333333333333334,1,5,0.20113597467880862,-0.10239113154857327,-0.4259527849106286,-0.9119158449109239,-0.0816310249340688,-0.0666187929368833,0.0005216363220245907,0.20113597467880862,False
PHF21A,6,3.941547957200977,8.095744386164932e-05,0.8333333333333334,5,1,0.09495235573770344,-0.03184629750003709,0.19993794777123064,0.15264508653249376,0.384735931477843,0.196884295080705,0.0005242596286377228,0.09495235573770344,True
CNIH3,4,3.9398896788003905,8.151908798952913e-05,1.0,4,0,0.1695239743627897,0.13763531766291937,0.40844694261449055,0.33258334935010203,,,0.0005272778211811982,0.1695239743627897,True
CAMLG,3,3.9397472331211465,8.156750445416952e-05,1.0,3,0,0.04404634043144906,0.06623137622248798,0.20867666989376943,,,,0.0005273848959864897,0.04404634043144906,True
PIRT,5,-3.93909955198834,8.178799048561981e-05,0.8,1,4,,-0.07128295953664221,-0.4026973153152209,-0.23270429296650796,-0.0334341578666351,0.287560373832568,0.0005277921065748811,,False
MGAT5B,6,3.939011021994089,8.181817192262743e-05,0.8333333333333334,5,1,0.6523988310661015,0.15247396071487263,0.27475929327636583,0.25622382188465553,0.0760618238307842,-0.421678462234646,0.0005277921065748811,0.6523988310661015,True
CCDC116,4,3.9334604206708645,8.373163163992796e-05,1.0,4,0,0.12328322552018484,0.03498147220775843,0.2513050642065755,0.09869365231942928,,,0.0005390610528603996,0.12328322552018484,True
AKR1B1,4,-3.9299534117881687,8.496232190379726e-05,1.0,0,4,-0.15505563230825725,-0.1868288863273868,-0.3473834093158663,-1.6871625083927162,,,0.0005457106527557828,-0.15505563230825725,True
ZFP142,6,3.9295529687459667,8.510392888669601e-05,0.8333333333333334,5,1,0.21495622764442146,0.056760164796302526,0.20867938507524997,-1.1372841309694328,0.0268177567191996,0.100064181208567,0.0005459845856327877,0.21495622764442146,True
MAP3K3,6,3.928096560179749,8.562083537543095e-05,0.8333333333333334,5,1,0.10137469602917903,0.04855249811769191,0.17750611424163054,0.26272479603576127,0.278113477008896,-0.12535767816853,0.0005486628211901405,0.10137469602917903,True
FYB1,4,3.9278944424947353,8.569280468329495e-05,1.0,4,0,0.04992547250663204,0.18563380591708079,1.1140977852225986,0.4835278534526348,,,0.0005489114950146664,0.04992547250663204,True
MTG1,6,-3.9261672032254418,8.631016929486112e-05,1.0,0,6,-0.2076736213935897,-0.04806640782793625,-0.182030494401634,-1.2631027013832559,-0.0125313785399048,-0.188321759903021,0.0005520115618889263,-0.2076736213935897,True
DUSP11,6,3.9259352052519265,8.639341142289937e-05,0.8333333333333334,5,1,-0.05470461270697369,0.06707169371655586,0.23492577630316536,0.2766750358601797,0.156116650084554,0.0588137770223045,0.0005523305314298301,-0.05470461270697369,False
ATF1,6,3.9247884424107933,8.680599150407125e-05,0.8333333333333334,5,1,-0.15802615786977459,0.006637977280502749,0.2519615492753555,0.37275314531309833,0.645638128089312,0.232360585117926,0.0005538985240460244,-0.15802615786977459,False
NDN,5,3.923323989996499,8.733557629804573e-05,1.0,5,0,,0.09286163738498399,0.13183607538840025,0.18913560442627908,0.0864439551984495,0.0756358248913651,0.0005568484048094195,,False
SLC27A2,4,3.9226897848260345,8.756586762882808e-05,1.0,4,0,0.05925267508798243,0.026049071788346135,0.11976155281448707,0.15983784431456868,,,0.0005578869287884383,0.05925267508798243,True
KLHL12,6,-3.921613273958675,8.795808206565195e-05,0.8333333333333334,1,5,0.020627835295266905,-0.13324997175306974,-0.18269865909448857,-0.0283821718188495,-0.175185459518457,-0.0948902273074026,0.0005601701324935249,0.020627835295266905,False
ZC3H7A,6,3.920981488182606,8.818903823855144e-05,0.8333333333333334,5,1,-0.01817203373153209,0.10568569279671358,0.2188095540516395,0.2762551097573267,0.228697189056036,0.11713624393704,0.0005609934515466962,-0.01817203373153209,False
NUMA1,6,3.9196198175931865,8.868876128175567e-05,0.8333333333333334,5,1,0.27662228962424873,0.06246480952664779,0.1231013217719541,0.15406866856231538,0.334441295121097,-0.256811269531132,0.0005635226014340191,0.27662228962424873,True
RTN4RL2,6,-3.917576645881354,8.944361125047502e-05,0.8333333333333334,1,5,0.7264612610645829,-0.07106640493585914,-0.5112272979245223,-0.04891958413509001,-1.10238984983108,-0.478304382931869,0.0005681007879577369,0.7264612610645829,False
FUT4,4,3.9155712840579993,9.019039100490566e-05,1.0,4,0,0.030141636652641246,0.015491921403464004,0.5203644024958223,0.21639464656671525,,,0.0005721236209648167,0.030141636652641246,True
GHITM,6,-3.9122055845317534,9.14570024372267e-05,1.0,0,6,-0.08261171330979167,-0.15943703490702,-0.11791976801446502,-0.02602709375055845,-0.0743719194271739,-0.0096195747492997,0.0005788896001303925,-0.08261171330979167,True
UBAP1,6,3.910048197180692,9.227770694697527e-05,0.8333333333333334,5,1,0.13279490441763286,0.09538004534449485,0.08068515577963531,0.25507536556129207,0.104679582464183,-0.006012774543836,0.0005831922891891311,0.13279490441763286,True
CDH23,4,3.9097338658855283,9.239786254532458e-05,1.0,4,0,0.01716854510127641,0.01809257994054074,0.3130386927332458,0.8014189953365978,,,0.0005837287865840505,0.01716854510127641,True
PANX2,6,-3.90665035873879,9.358441786614032e-05,0.8333333333333334,1,5,0.809090077113888,-0.3878708270812252,-0.4893993778846788,-0.2603434048758011,-0.0742187420240494,-0.0112400139566406,0.0005902600976471803,0.809090077113888,False
ATP13A2,6,-3.9065081430125934,9.363948914470185e-05,0.8333333333333334,1,5,0.5713951140125566,-0.13162876633862464,-0.18434855559796492,-1.6480703860639485,-0.477347599430643,-0.26156647266346,0.0005902600976471803,0.5713951140125566,False
DSG3,4,3.9045193149383244,9.441285201422453e-05,1.0,4,0,0.07903025523720053,0.009575464119967562,0.5139658117268224,0.13974270366442076,,,0.0005944347270553796,0.07903025523720053,True
PICALM,6,3.9043280573128856,9.448754029015851e-05,0.8333333333333334,5,1,0.10294807681014184,0.08516171367269276,0.0991248946703962,0.3359923150852513,0.0423922879493719,-0.0067293951956408,0.0005944347270553796,0.10294807681014184,True
TMC1,4,3.9034414412736216,9.483450335669253e-05,1.0,4,0,0.02730973207171826,0.04659480269241906,0.26618484963444605,0.36319215346118416,,,0.0005963908432978628,0.02730973207171826,True
ARHGAP17,6,3.9026440241129405,9.514758718362266e-05,1.0,6,0,0.18502869522524268,0.1488764542042258,0.10676156571314888,0.15795111857366795,0.25069817019275,0.157485150270724,0.0005976785059063842,0.18502869522524268,True
TRAP1,5,-3.901261541294007,9.569269500132071e-05,1.0,0,5,-0.07683547272516655,,-0.1518446279067227,-0.04139791020993577,-0.304989722861436,-0.0252550277283028,0.0006008746159566996,-0.07683547272516655,True
SIAE,6,-3.896806664666687,9.74693663234932e-05,0.8333333333333334,1,5,-0.004426852058629471,-0.10522397535843186,-0.23062403311814972,-1.585344804634111,-0.0904984256259831,0.0830553177328142,0.0006117986163771177,-0.004426852058629471,True
DIRAS1,5,-3.895397785629863,9.803769987362377e-05,0.8,1,4,0.8588239545861409,,-0.3148778910210517,-0.007812866694298037,-0.460896281027436,-0.27181466448607,0.0006149679663527656,0.8588239545861409,False
ARMC9,6,3.89537083465522,9.804860217526272e-05,0.8333333333333334,5,1,0.17051707281778938,0.11723883114782918,0.21071956187878893,-1.269177175062553,0.0639392553355624,0.260692523787696,0.0006149679663527656,0.17051707281778938,True
ABLIM2,6,-3.8940494950454645,9.858452098746274e-05,0.8333333333333334,1,5,0.24124285380130406,-0.08669288857825297,-0.5925631764009651,-0.29629272315624977,-0.181509970466946,-0.0685732143436018,0.0006179391262207621,0.24124285380130406,False
MYO1F,6,3.89316972372891,9.894287755663575e-05,0.8333333333333334,5,1,0.19234003704068225,0.24474149230587683,0.7810547838337838,0.9002949010210646,0.38135270980195,-0.238448732080875,0.0006198722593934272,0.19234003704068225,True
THEMIS2,6,3.8911368800690704,9.977562350299365e-05,1.0,6,0,0.05790721752174366,0.003679278628369892,0.6225924120263866,0.9606107033745075,0.431504310731815,0.563171692340761,0.0006248528642533299,0.05790721752174366,True
PLSCR4,6,3.891043260813039,9.981413316043673e-05,0.8333333333333334,5,1,-0.043171313050648585,0.04419345546345821,0.3383131771268859,0.34166671914348434,0.189198092491385,0.19309573110755,0.0006248576142479383,-0.043171313050648585,False
INO80,6,3.88916651902981,0.00010058908464853523,0.8333333333333334,5,1,0.10021448925579257,0.10323119615420495,0.1532502993590592,0.31768914114777225,0.13444427552351,-0.146837891942001,0.000629233004195977,0.10021448925579257,True
ANKS4B,4,3.8857558494363116,0.00010201199194550361,1.0,4,0,0.07265405087906185,0.08914013777510615,0.4428188690505285,0.08308959957357387,,,0.0006371707512007455,0.07265405087906185,True
SEMA4D,6,-3.884892980059098,0.00010237497450235921,0.8333333333333334,1,5,0.032317998287192395,-0.07830911983573241,-0.258911662024758,-1.2376883174718096,-0.0408979453963836,-0.174089262854066,0.0006391967476284608,0.032317998287192395,False
DUSP16,6,3.8841204483868217,0.00010270098874774557,0.8333333333333334,5,1,0.1914779683938881,0.09171374399524712,0.26515863810577844,0.06472145870646706,-0.114337048663729,0.340357560214075,0.0006409904848237876,0.1914779683938881,True
PPARG,6,3.8815250721248225,0.00010380344768705503,0.8333333333333334,5,1,-0.0128274233107728,0.12268641320953999,0.42561335973235837,0.4794298867926958,0.239367338465943,0.01154128405968,0.0006464088284861305,-0.0128274233107728,False
CNTNAP1,6,-3.8798028783493907,0.00010454115225309003,0.8333333333333334,1,5,0.7736398170572363,-0.09753331821853006,-0.23901160536606447,-2.1062316075708996,-0.112728032198391,-0.138739605019687,0.0006500244748659452,0.7736398170572363,False
OLFML2A,6,3.8789527312333942,0.00010490713554631445,0.8333333333333334,5,1,0.03217191631427063,0.09514793551067724,0.2834468987957832,0.20875937912681053,-0.0098813827988166,0.120210155922726,0.0006518345698839125,0.03217191631427063,True
RNF144B,6,3.8781767035331383,0.00010524226616454725,1.0,6,0,0.09001423930706798,0.1211468911701532,0.29707557732833934,0.37183069135897506,0.395847364263867,0.255432060106124,0.0006532261738035992,0.09001423930706798,True
ARMCX4,6,3.877722779377018,0.00010543876314711835,1.0,6,0,0.16662647567722288,0.08790997079411467,0.16526754284706424,0.23568860371520373,0.0208057616800754,0.140627598594198,0.0006541313371855708,0.16662647567722288,True
CHD1,6,3.8773783921407694,0.00010558807415535703,1.0,6,0,0.0836256972070073,0.08981296153151686,0.1759555593673845,0.2666271745353983,0.113087728143398,0.095147862520264,0.000654762812434506,0.0836256972070073,True
TM6SF2,4,3.8772603908273813,0.00010563928016277282,1.0,4,0,0.2538584186246561,0.07850629735663195,0.1534923443604974,0.4310526091301351,,,0.000654762812434506,0.2538584186246561,True
PCDHB11,5,3.8769830577130464,0.00010575971958439525,0.8,4,1,,0.36078030757756707,0.2364576475684479,0.20758420796130972,-0.652705150766145,0.44141641588594,0.000654762812434506,,False
TGFBR2,6,3.8768452054352944,0.00010581963387232506,0.8333333333333334,5,1,0.2933815210685946,0.06966503197279383,0.18032998785745846,0.7137877803559922,-0.0416743530053394,0.104076657190046,0.000654762812434506,0.2933815210685946,True
CTNNBL1,6,-3.8767704706743134,0.00010585212898659932,0.8333333333333334,1,5,-0.02916905924698554,-0.09152368598443417,-0.14491111209720753,0.0035866743800454515,-0.215571591119549,-0.121975346337009,0.000654762812434506,-0.02916905924698554,True
PDE8A,6,3.876450777399555,0.00010599123982871114,0.8333333333333334,5,1,0.10875611199293544,0.1119252912030031,0.3408726385366876,0.33581112777396127,0.0015613744063989,-0.59793011017537,0.0006551034360137516,0.10875611199293544,True
FRMD6,6,3.874731248294093,0.00010674243729921525,0.8333333333333334,5,1,0.1359382233846791,0.09035096462040682,0.293022557506049,0.20857504485639655,0.329796850730125,-0.0550510594605766,0.000659254038125601,0.1359382233846791,True
FGF23,3,3.872209845891439,0.00010785303223728261,1.0,3,0,,0.025549132170029402,0.09560440595561452,0.1887545954700626,,,0.0006644899118428996,,False
ASB2,6,3.8717703906533987,0.0001080477100920065,0.8333333333333334,5,1,0.4783614323962031,-0.11879214903452218,0.6611611802212525,0.5979913667462884,0.026480112714411,0.178952373860106,0.00066532950053679,0.4783614323962031,True
YRDC,6,3.868476240204465,0.00010951760559569889,0.8333333333333334,5,1,0.05732854633725015,0.16851776541941632,0.19592152493935533,0.21620727615379565,0.212167502658362,-0.299960591109816,0.0006724263140001234,0.05732854633725015,True
ZC3H18,6,3.868459297890375,0.00010952521402515302,0.8333333333333334,5,1,0.1171157419042066,-0.023759655538897473,0.12062696285596797,0.30562854737789635,0.064615886804249,0.188460560201963,0.0006724263140001234,0.1171157419042066,True
DERA,6,3.8675556884085505,0.00010993172897110473,0.8333333333333334,5,1,-0.03457417416481867,0.30648326825306693,0.24416485922400977,0.36111106601578236,0.172474612027747,0.265820274438715,0.0006736727056385508,-0.03457417416481867,False
KPNA7,3,3.8641191902758,0.00011149077513757359,1.0,3,0,0.018245899782649334,0.013277375201207201,0.23916566121902322,,,,0.0006817123421045873,0.018245899782649334,True
SMARCD3,6,-3.8635363284972692,0.00011175726380476173,1.0,0,6,-0.18832565169225468,-0.12241198186020918,-0.23595309950802212,-1.2021369574518816,-0.363125718622181,-0.217184080127917,0.0006828372943877506,-0.18832565169225468,True
GSTP1,6,-3.8633445471507395,0.00011184507893766265,1.0,0,6,-0.1372338658814174,-0.04766290187601996,-0.15368873848999431,-1.7189001546990639,-0.409932678284328,-0.122415399512771,0.000683121677703392,-0.1372338658814174,True
E2F6,6,-3.8606518652661026,0.00011308492935090215,0.8333333333333334,1,5,-0.10629501900845639,-0.049817281941221925,-0.11987751952694126,-0.012030157455109602,-0.314436169853113,0.173957126894185,0.0006894223759175441,-0.10629501900845639,True
ZCCHC24,6,3.860158117587528,0.00011331367835105398,0.8333333333333334,5,1,-0.07051046395431637,0.06572716268566592,0.19970497473731275,0.2701197362989305,0.138474685090336,0.213459239920412,0.0006905625935444202,-0.07051046395431637,False
EXO5,6,3.858921700719004,0.00011388841590559736,0.8333333333333334,5,1,-0.005554511591795652,0.09084154233903874,0.3996899585311273,0.2704235854035071,0.298248441153985,0.0629090894216224,0.0006938097387079306,-0.005554511591795652,False
NSMCE3,4,3.8579541706453235,0.00011434008025971191,1.0,4,0,,,0.13272914276353598,0.3158176826141199,0.272000410666099,0.25359212245996,0.0006957749663675127,,False
GLTPD2,3,3.8567364816163843,0.00011491092565068538,1.0,3,0,,0.039899047516603225,0.1768174067451655,0.21219627650711922,,,0.0006982399564501265,,False
SYDE1,6,3.8547209824981055,0.0001158616901440999,1.0,6,0,0.26717695827547505,0.14021896209913765,0.11466598216959145,0.19533435577004354,0.211567351863446,0.263265769020354,0.0007035006218874327,0.26717695827547505,True
BRD8,6,3.853657120224035,0.00011636652894781257,0.8333333333333334,5,1,0.09087858380049063,0.06881196029166636,0.2076014061720688,-1.480895900088921,0.188859390884371,0.0267834853759221,0.0007060479425015373,0.09087858380049063,True
EML5,6,3.852202467846,0.00011706016914884869,0.8333333333333334,5,1,0.6044802530437412,0.21383467713909488,0.4077169506849341,-1.7291797166961942,0.172971580018761,0.675644384477938,0.000709736234341298,0.6044802530437412,True
SH3GLB2,6,-3.8500310350815488,0.00011810285896580236,0.8333333333333334,1,5,0.15761911665953487,-0.053032191963382935,-0.2732750514207769,-0.1591388578015902,-0.284053093397335,-0.0603642951560117,0.000715272053275507,0.15761911665953487,False
PERM1,5,-3.8470162588067414,0.00011956503776202422,0.8,1,4,-0.05263193938238375,-0.009650539006647085,-0.4696833370688107,-0.02612936309391678,,0.180432513551869,0.0007228051515840119,-0.05263193938238375,True
MRPL51,5,-3.845932555652707,0.00012009479625020717,1.0,0,5,-0.05465362842144561,,-0.19096868008318157,-1.4725959277463927,-0.0582030497819881,-0.27586324843858,0.0007256832854617011,-0.05465362842144561,True
SUMO2,3,3.8458460071365503,0.00012013720000375509,1.0,3,0,,0.19463405840556458,0.1882870549976996,0.2838806914766625,,,0.0007256832854617011,,False
CTLA2A,5,3.8438055084028564,0.00012114102532056887,0.8,4,1,,0.11395532488765547,0.5287498992278388,-0.717329061035227,0.143762231633829,0.60258729658255,0.0007304649366506579,,False
DNAH10,3,3.843251273424356,0.00012141504436315834,1.0,3,0,0.1923733347199068,,0.28581287864439053,0.5280673193305923,,,0.0007313179819137544,0.1923733347199068,True
GPKOW,6,3.8423575105875813,0.00012185816056561636,1.0,6,0,0.04392663037629507,0.09161540954716951,0.18997709639865068,0.23351724988874434,0.200152926261451,0.115112457508808,0.000733453190429848,0.04392663037629507,True
SPECC1,6,3.8420616778287253,0.00012200516621017438,0.8333333333333334,5,1,0.07468731580697341,0.1920089636442195,0.314201017798303,0.3078509141704311,-0.309302116201802,0.144363473100735,0.0007340710691060728,0.07468731580697341,True
PACS2,6,-3.8413858308278495,0.00012234163661871926,0.8333333333333334,1,5,0.3034086810896879,-0.08127329097102898,-0.22581314003688568,-1.6862968861407053,-0.261819622422131,-0.299438947929386,0.0007355607589222816,0.3034086810896879,False
PRXL2C,4,-3.840728989931474,0.00012266948294493762,1.0,0,4,-0.28162464145819577,-0.0760811713585472,-0.14090475817873482,-1.1722688183429337,,,0.0007369964724880608,-0.28162464145819577,True
STEAP4,6,3.839279617703199,0.00012339583469263326,0.8333333333333334,5,1,-0.016641418315286316,0.3030051816113146,0.3208985445963668,0.8862839936400038,0.0662114835989571,0.308630803949825,0.0007402855584749784,-0.016641418315286316,False
CDH3,6,-3.837602084908023,0.00012424159066636402,0.8333333333333334,1,5,0.5841809924822039,-0.278154233506545,-1.104382062452911,-0.15303381316207587,-0.376597229361777,-0.0182515512475814,0.000745089423445528,0.5841809924822039,False
SNX27,6,-3.836600092642849,0.0001247493652824014,0.8333333333333334,1,5,0.12361816991110608,-0.12393479170378496,-0.17194897278648025,-0.03583724518169085,-0.0067362093280904,-0.212681247071112,0.000747863634246399,0.12361816991110608,False
MS4A4A,6,3.8320028889379434,0.00012710424643303073,1.0,6,0,0.02715058848970786,0.1551815667089952,0.4360853494216623,0.9100976398639004,0.565157268672566,0.529792912959717,0.000760328690625054,0.02715058848970786,True
CNTRL,6,3.8314254702659674,0.00012740296890174314,0.8333333333333334,5,1,-0.04910006022214386,0.22780950735912486,0.2555640385544007,0.1563062604606893,0.485381091926133,0.780829185826364,0.0007618402966985739,-0.04910006022214386,False
CHUK,6,3.8302033168883725,0.00012803742301425736,0.8333333333333334,5,1,0.04530327120762312,-0.0004832729252663981,0.16641092705435767,0.28196321305851235,0.367462198989154,0.0066129324100034,0.0007651603865234781,0.04530327120762312,True
PEX14,6,-3.830177908671222,0.00012805064467556998,0.8333333333333334,1,5,0.22922862865896132,-0.10428817200027929,-0.3057097358790264,-1.279020865586265,-0.0065168096209612,-0.323982526580323,0.0007651603865234781,0.22922862865896132,False
SIGLEC15,4,3.829828279242973,0.0001282327118962445,1.0,4,0,0.03630244025355367,0.3436012902398178,0.2223993007809688,0.15388811487915804,,,0.00076597179621315,0.03630244025355367,True
AMT,5,3.828457458410479,0.0001289489140239147,0.8,4,1,0.06943994926868413,,0.2696661553551136,0.29848661885471905,-0.704832527997311,0.215459264321494,0.000769491745376044,0.06943994926868413,True
UQCC1,6,-3.826612283414337,0.00012991890199410546,1.0,0,6,-0.03594346210953869,-0.05453524371517471,-0.1523239541372856,-1.6237729367699316,-0.0432197139435426,-0.143703866724187,0.0007740884326157069,-0.03594346210953869,True
PCSK7,6,3.826113554309652,0.0001301822563658352,0.8333333333333334,5,1,0.09886508075035305,0.10951373218672877,0.1212588841407225,-1.2184992497017486,0.111677553137465,0.0040035713958426,0.0007753784481350501,0.09886508075035305,True
RPS5,6,3.825834154434236,0.0001303300135094497,0.8333333333333334,5,1,-0.44981927242762065,0.10322012721000018,0.291142222549297,0.35192832650820627,0.0826522985218998,0.0592067767323505,0.0007759792746792846,-0.44981927242762065,False
EIF3I,5,3.825447167514058,0.00013053492777450988,0.8,4,1,,0.05878432897987551,0.1726637306229568,0.08955362918308118,-0.208527754157293,0.115296758000008,0.00077664059113001,,False
LNPEP,6,-3.8246457179406415,0.00013096027090176988,0.8333333333333334,1,5,0.4821403949340124,-0.1752209617100431,-0.27136557956435414,-0.29409707031233623,-0.210389923920344,-0.0154342318891625,0.0007783319224294776,0.4821403949340124,False
ALPP,3,3.823856139497051,0.00013138059071630484,1.0,3,0,0.05453666754981664,0.06999434555952247,0.12150820136570356,,,,0.0007805497263231435,0.05453666754981664,True
MSL3L2,6,3.8200237042856,0.00013343884933998814,0.8333333333333334,5,1,0.19202533741090866,0.0705125454614115,0.2334219806938016,0.12300779590687938,0.181415239900919,-0.291317524959865,0.0007916415176614638,0.19202533741090866,True
TSPAN8,6,-3.8194857682850243,0.00013373017465464983,0.8333333333333334,1,5,-0.047169976344179076,-0.22618886432285468,-0.40316414576933557,-0.0354118433414623,0.0907553009717756,-0.333301597021565,0.000792801522522838,-0.047169976344179076,True
CAV3,4,-3.818638726048428,0.0001341901149406993,1.0,0,4,-0.37289027724690604,-0.003858682646276479,-0.34475213220053313,-0.1385190845098557,,,0.0007949587625262903,-0.37289027724690604,True
HSPA2,6,3.818263539455725,0.00013439431556481958,1.0,6,0,0.19354581083386346,0.028391588942871415,0.4406260998399514,0.6348575988208554,0.300703279516688,0.149454331552925,0.0007955208873854636,0.19354581083386346,True
AGO3,6,-3.818199520280196,0.00013442918813540004,0.8333333333333334,1,5,0.08671955985380064,-0.07043552989750523,-0.5451053769879763,-1.7498995289570294,-0.0057699797420016,-0.144783513597329,0.0007955208873854636,0.08671955985380064,False
MEX3C,5,3.81576292855537,0.00013576280497292818,0.8,4,1,,-0.034512932934491314,0.18349754804801854,0.2801028905652583,0.114222505573143,0.048515814252603,0.0008031257855296309,,False
TJP1,5,3.815231245030247,0.00013605546262739887,1.0,5,0,0.10272204300231191,,0.2482814137813225,0.0976394627882966,0.126270014232156,0.310873036037738,0.0008045694953228676,0.10272204300231191,True
PAG1,5,3.8147755866621824,0.000136306746143533,0.8,4,1,,0.017666068140327784,0.23398793033788934,0.3529139251708866,0.205962512033905,-0.0777970670971562,0.0008057675936313421,,False
CEBPG,6,3.810663968158824,0.00013859405089150368,0.8333333333333334,5,1,0.013724527422467325,0.05408685581391204,0.20852728536912757,0.4555746538215031,0.0432863566424535,-0.107822810536794,0.0008178526606602492,0.013724527422467325,True
GALNT4,4,3.8076398680149444,0.00014029938914595386,1.0,4,0,,,0.30212856975025115,0.26206224737424755,0.544325460057195,0.159235179301115,0.0008270069405782864,,False
CCDC181,6,-3.805653598869535,0.00014143021085564556,1.0,0,6,-0.351651988232601,-0.03770140072476291,-0.13795508320163563,-0.009927252707385037,-0.0749136777681296,-0.384140250050142,0.0008321908461011892,-0.351651988232601,True
COMMD8,5,3.802506010517373,0.0001432397902946124,0.8,4,1,,-0.021452016740792335,0.14229324775327434,0.3971943376493394,0.255436476053056,0.511648260681313,0.0008424095339536137,,False
RBM45,6,3.8004229867797554,0.00014444930686241406,0.8333333333333334,5,1,-0.030533652363377684,0.0902312807897796,0.17764667861246508,0.29328608162176995,0.022539254420237,0.260556467845832,0.0008484474546439594,-0.030533652363377684,False
NDUFB7,6,-3.8001966676061034,0.00014458129774375437,0.8333333333333334,1,5,-0.37986968900630647,-0.16772462322260662,-0.2107655839881435,0.03881292575588002,-0.131505100248961,-0.0202324403181398,0.0008489214757909266,-0.37986968900630647,True
RIN3,6,3.798682302307135,0.00014546741270549202,1.0,6,0,0.21029064706763867,0.10542957797124863,0.34384785190961153,0.3986149672827959,0.189194336482423,0.266055704194782,0.0008532163767191013,0.21029064706763867,True
APTX,6,3.7974670918568605,0.00014618217612131669,1.0,6,0,0.22428124286399553,0.11330636612323852,0.15659555245651724,0.11468050853349432,0.021542626931383,0.0533054803952888,0.0008568014798725331,0.22428124286399553,True
PLEKHF1,6,3.796971394081516,0.0001464746845526254,0.8333333333333334,5,1,0.031566720689991,0.22206850846803405,0.2885884593020327,0.14375514687609536,-0.208799205821859,0.2382600264274,0.0008582120278637365,0.031566720689991,True
ATP8B4,4,3.79650368849269,0.00014675118020143337,1.0,4,0,0.17141209110249223,0.18943367248647702,0.6590433974743968,0.08357068477767315,,,0.0008595277900545383,0.17141209110249223,True
POLM,6,3.794144896970003,0.000148153142940977,1.0,6,0,0.14967197170645674,0.06853367136711652,0.1981777353250722,0.22515590535080987,0.186131396486467,0.165688846034993,0.0008663547219014689,0.14967197170645674,True
REN,3,-3.7941024595149697,0.0001481784810115429,1.0,0,3,-0.012382628941281781,-0.20063228981116327,-0.3686403673700979,,,,0.0008663547219014689,-0.012382628941281781,True
MAST1,5,-3.7934764610997296,0.0001485527193076855,0.8,1,4,0.9311049318846463,,-0.18714403686731096,-1.8615286152887878,-0.390518430519128,-0.177549728751691,0.0008682360910949189,0.9311049318846463,False
RT1-BB,3,3.7925973900010943,0.00014907975357949483,1.0,3,0,0.08062195588323462,0.2965664695226171,1.5299750550679718,,,,0.0008707015106731821,0.08062195588323462,True
B3GNT8,5,-3.7914617482453754,0.0001497632173934036,0.8,1,4,,0.05888559790102654,-0.22707656077547167,-1.1394249019681926,-0.339335192321376,-0.277694729330697,0.0008740764366345614,,False
TMA16,5,3.7884002889421335,0.00015162042167213657,0.8,4,1,,0.04447041116068906,0.263135839187167,-0.785781386328245,0.353079553730953,0.0295400858750599,0.0008842921844669501,,False
PTPRG,5,3.7849965593111414,0.00015371070510059184,1.0,5,0,0.3421631118038251,0.004085511440422351,0.13767995240204023,,0.245323652981933,0.0208895058777196,0.0008945919798962715,0.3421631118038251,True
TYMP,5,-3.7813979753264744,0.00015595013373236836,0.8,1,4,,-0.12208969994555652,-0.22340123677877566,-0.2609555622235469,-0.396350169315693,0.0044060367697258,0.0009053969181122978,,False
TBX3,6,-3.7807444339094456,0.00015636011863823972,0.8333333333333334,1,5,0.5185268808826722,-0.06585705010095921,-0.629619182050916,-0.9105340569844254,-0.113220710725142,-0.262969284127104,0.0009074588652525049,0.5185268808826722,False
FNDC3B,6,3.780485372162773,0.0001565229159398258,1.0,6,0,0.317894960396619,0.017473970736766375,0.0866393263200882,0.4852530628985976,0.184823253523549,0.0276945462132643,0.0009078757878688398,0.317894960396619,True
MAN1A,3,3.7762086889767073,0.00015923359357791707,1.0,3,0,,,,1.4956871093373163,0.255892057287654,0.147781918472809,0.0009218728369715576,,False
SH3D19,6,3.7753257232145483,0.0001597987156615616,1.0,6,0,0.10467386799138101,0.07214064570301337,0.2996750346136867,0.34038505791652796,0.100671324845779,0.0678399351651884,0.0009244978474764653,0.10467386799138101,True
ICAM1,6,3.77521348600063,0.00015987068558145814,0.8333333333333334,5,1,0.1919891165630232,0.17899105918256986,0.6930258926410713,-0.3025788592585168,0.0064488751364364,0.161224764531183,0.0009245910509239326,0.1919891165630232,True
KCNJ12,6,-3.774571239912004,0.00016028310033402123,0.8333333333333334,1,5,-0.06401320606015837,-0.09286279923400453,-0.21852950283851502,-0.3346018806773241,0.100251512565402,-0.0081809311618016,0.0009260055416156088,-0.06401320606015837,True
FAM219B,6,3.7739354850813367,0.00016069233261945987,0.8333333333333334,5,1,0.30992975309185145,0.12719582496585602,0.15185053449859254,0.17165495306995915,0.0207968315824534,-0.296404092076117,0.0009280458791058269,0.30992975309185145,True
HCN2,6,-3.773690120654695,0.0001608505352977663,0.8333333333333334,1,5,0.7468514933646029,-0.26401317884322406,-0.44006367990513784,-0.18126584691248393,-0.615534920568487,-0.709037781903216,0.0009284365314026714,0.7468514933646029,False
LINGO1,5,-3.773656601365248,0.00016087215877615162,0.8,1,4,0.6963510725898185,,-0.6332738560680342,-0.1945393817801344,-0.205090894571198,-0.116609228037425,0.0009284365314026714,0.6963510725898185,False
RABEP2,6,-3.773491535952416,0.00016097868329177303,1.0,0,6,-0.32388287616965616,-0.2607403316219532,-0.19473495762936288,-1.2067916488334678,-0.0152618254551919,-0.0522170474060992,0.0009287274889666877,-0.32388287616965616,True
PIDD1,6,3.772608365482056,0.00016154976347817937,0.8333333333333334,5,1,0.15870664949803184,-0.1753251993883022,0.3225518263602214,0.17723017572398003,0.561352282100223,0.0281454702656987,0.0009310486368700644,0.15870664949803184,True
AAK1,6,-3.771365953884061,0.0001623563658457168,0.8333333333333334,1,5,0.646612523690127,-0.08072803141902929,-0.16827496958722055,-0.1569822779041008,-0.156085120536411,-0.0352460830244383,0.0009353715863133674,0.646612523690127,False
MYLIP,6,3.769510767228341,0.00016356785271189262,1.0,6,0,0.02241026568228488,0.17567814557031847,0.2603199358659243,0.5411971449407895,0.292700148003042,0.0815833138692219,0.000941667443244706,0.02241026568228488,True
DDX21,6,3.766206552634231,0.00016574668545049295,0.8333333333333334,5,1,0.07178926091759497,0.024312800865780915,0.13813043375511214,0.31231211720430174,-0.0477736215584128,0.029915641717535,0.0009519219769523107,0.07178926091759497,True
NUAK2,6,3.762649786589968,0.00016812255349754146,0.8333333333333334,5,1,0.1490755802877164,-0.054259804947138335,0.4439877704677755,0.45894625051319493,0.0901942932813258,0.170947117405842,0.0009648975400455293,0.1490755802877164,True
POLR2M,6,-3.7616166647980562,0.00016881864538283525,0.8333333333333334,1,5,-0.15448375443451923,-0.10853317070510471,-0.15248908720000465,0.23415905058467423,-0.0402948171469131,-0.0116252783913762,0.0009685567481375006,-0.15448375443451923,True
RDH10,6,3.759889656752496,0.00016998831794634887,0.8333333333333334,5,1,0.011333856325437264,0.20289923096946216,0.39914770311737957,0.7145240477574992,-0.158222211074347,0.0112050410654514,0.0009729068598367795,0.011333856325437264,True
DSG1,3,3.756469661493941,0.00017232715147209513,1.0,3,0,0.1339997864492734,0.006148505115777368,0.3612123360989984,,,,0.0009852708156014227,0.1339997864492734,True
EIF2B2,6,-3.755450269815996,0.00017303011723994913,0.8333333333333334,1,5,-0.03263201986482489,-0.1272178841349092,-0.1234865092673072,0.3159164218002255,-0.650259154052302,-0.295492694254137,0.0009886070074406758,-0.03263201986482489,True
ARF4,6,3.7544249726496353,0.0001737398751913542,0.8333333333333334,5,1,-0.0867246963895818,0.09224508756129701,0.24237748443304685,0.3619349705727064,0.129825632446709,0.0721286441114348,0.0009923196736257055,-0.0867246963895818,False
GPR179,5,-3.753567195002503,0.00017433577106455478,0.8,1,4,,-0.008004177816151703,-0.2272441900517802,-0.2569934167776373,-0.686229248424802,0.408080884590278,0.0009950364422967278,,False
LDB1,6,3.7529843911548437,0.00017474173941354863,0.8333333333333334,5,1,0.09258192230012252,0.11674116411278712,0.16060983151651698,0.25202524758897304,0.0251673953500586,-0.156097328110792,0.0009970097451820258,0.09258192230012252,True
N4BP2L1,5,3.7524104761100094,0.0001751423847032611,0.8,4,1,,0.2308913895793534,0.2402787838643805,-0.11564686493709697,0.259904700213544,0.333402369728327,0.0009989513272254918,,False
SCIMP,4,3.750828964910652,0.00017625089924732252,1.0,4,0,0.06079126339999075,0.17823336931832542,0.3753699372046823,0.6334087401666321,,,0.0010042357605306996,0.06079126339999075,True
PLA2G12A,6,3.7500638540478555,0.00017678954646925283,0.8333333333333334,5,1,-0.15035192916532747,0.14145039635972534,0.38025300798825334,0.3843379321341658,0.501970083295993,0.46170477753629,0.0010066118242721268,-0.15035192916532747,False
ITK,5,3.7489985259240077,0.00017754212895011766,1.0,5,0,0.0009639169202224629,0.11977302191453468,0.5170835187529788,0.028213271003270535,,0.713765572824835,0.001009854748584999,0.0009639169202224629,True
MTSS1,6,3.746622695549977,0.00017923135728017405,0.8333333333333334,5,1,0.12533401936060784,0.2106268033875116,0.09389278922285893,0.662162967429829,0.125992067898162,-0.031498074163296,0.001018063632704681,0.12533401936060784,True
PPP1R16B,6,-3.7462296665405495,0.00017951225563286898,0.8333333333333334,1,5,0.22037035546213168,-0.15378975660417016,-0.4252732442722582,-1.4479010898294211,-0.28927372764781,-0.0887080920488081,0.001018959826898233,0.22037035546213168,False
BCKDK,5,3.7447638155143643,0.00018056355632644543,0.8,4,1,,0.03802568847045373,0.1324133296969956,0.17817115020048213,0.0970484687376634,-0.0380390952218161,0.0010231728806283208,,False
NABP2,6,3.7436924211816405,0.00018133561352737563,0.8333333333333334,5,1,0.012794328804695887,0.09457653127455146,0.16261805165408738,0.32391116571772827,0.015191577109134,-0.0194938717501152,0.0010271961242659554,0.012794328804695887,True
UGCG,6,3.7428394045484654,0.00018195252375833698,0.8333333333333334,5,1,0.2917565585992987,-0.008387811474005247,0.12829609530318908,0.06712433055548317,0.153769081755592,0.266273636956617,0.0010299856953652508,0.2917565585992987,True
VEGFD,6,3.7399505208429407,0.00018405648206658626,1.0,6,0,0.18705678148482674,0.2225400037507509,0.285088660866166,0.12686106899290417,1.33539301179859,0.0055263252384296,0.0010408277728616794,0.18705678148482674,True
ILF3,6,3.7393300961100224,0.00018451130746829493,0.8333333333333334,5,1,0.25272078567286904,0.006968634699397125,0.13334831090961696,0.1833946798756667,0.0550302556879163,-0.144439749473454,0.0010426873203192959,0.25272078567286904,True
ASPM,5,3.739234468003051,0.00018458150511035994,1.0,5,0,0.09877382910646437,0.11950594472496034,0.3256796149215657,0.5967038288761068,0.310745945209501,,0.001042728011121733,0.09877382910646437,True
KLHDC2,6,-3.738985771830047,0.00018476418286153426,0.8333333333333334,1,5,-0.01256206661464443,-0.08189958760671878,-0.09966856144778458,-1.8135658853306742,-0.414457040431907,0.067922627788592,0.0010434038740102746,-0.01256206661464443,True
SHARPIN,6,-3.7374023574797652,0.00018593125871030645,0.8333333333333334,1,5,-0.11934700191573011,-0.04576098329723344,-0.07966296437818876,0.010206283972462593,-0.410566837363391,-0.218436090263329,0.00104820646940497,-0.11934700191573011,True
CSGALNACT1,5,3.736429505564177,0.00018665174470355276,0.8,4,1,0.00510966876245611,,0.2960006768708805,0.43728482835792093,0.181765879102354,-0.127171253633035,0.0010515519667573879,0.00510966876245611,True
CDR2,6,3.7296834873941713,0.00019172045031712597,1.0,6,0,0.17356041571801928,0.17218493905284937,0.07662412188157042,0.2892396396525889,0.496789522687319,0.549959366108775,0.0010771747772060655,0.17356041571801928,True
PCGF5,6,3.7291377492486943,0.00019213610365073253,0.8333333333333334,5,1,-0.3037568950445073,0.16434899560579264,0.3929594895574091,0.34060105244612293,0.384951136806215,0.521842490958623,0.001078184365093181,-0.3037568950445073,False
XPO5,6,3.7291141476111997,0.00019215409857714115,0.8333333333333334,5,1,0.1546439243971589,0.033883202251729916,0.1321719071785239,0.22693526070275372,-0.710888896515334,0.143160020345015,0.001078184365093181,0.1546439243971589,True
MBOAT4,4,3.7263912137877293,0.0001942408485040592,1.0,4,0,0.14197902141283447,0.07925400248173797,0.28663420931373884,0.5362492089552773,,,0.0010880116833973563,0.14197902141283447,True
PIANP,6,-3.7260192550238824,0.00019452755076943478,0.8333333333333334,1,5,0.559802103258594,-0.13665638224212762,-0.5947382256432041,-0.37719459796477395,-0.181492130478667,-0.264041090554858,0.0010892489919944806,0.559802103258594,False
BEAN1,5,3.7241856214145743,0.0001959467193871331,0.8,4,1,,-0.02411987870567822,0.1267641264503272,0.31131561217054404,0.0566134032568861,0.0696616365206297,0.0010957128713837254,,False
GRIK2,6,3.723775667642665,0.00019626533726124085,1.0,6,0,0.13320602109692903,0.2857042028952552,0.3673093903006066,0.4394406969276954,0.441124965893105,0.288102430864888,0.0010971238981249776,0.13320602109692903,True
DHX16,6,3.7228977237350778,0.00019694931746117668,0.8333333333333334,5,1,0.06774099367538966,0.027818830009356255,0.22023762561978177,0.2706998745833209,-0.221719214541676,0.284694216334162,0.0011005756592226187,0.06774099367538966,True
RBM22,6,3.7209666132605843,0.00019846167785162236,0.8333333333333334,5,1,0.09105242428677496,0.07093487029462331,0.18587196041483267,0.24844193113458424,0.0290268198579993,-0.22810344524437,0.0011079047864418392,0.09105242428677496,True
FNBP4,6,3.720038199845793,0.00019919264786141743,1.0,6,0,0.010491582811581246,0.1341297158482191,0.3068704914737772,0.13564970390797892,0.171020791097721,0.0512913652402132,0.001111610487998038,0.010491582811581246,True
CDK19,6,3.71973849642708,0.00019942915365255153,1.0,6,0,0.10181261834588717,0.05041672493214433,0.12272703905328086,0.27315478247367864,0.0582085598915079,0.077144561044153,0.0011118057767790612,0.10181261834588717,True
GALNT7,6,3.717484382221689,0.00020121642166878102,0.8333333333333334,5,1,0.0022716656243764177,0.09938014756196556,0.19822327272108708,0.7245099921207476,-0.0093720895987701,0.478115334031688,0.001120637352443359,0.0022716656243764177,True
MRGPRX1,6,-3.716018695315655,0.00020238661395592035,0.8333333333333334,1,5,0.6242499529199002,-0.0176561549057449,-0.6359873149403659,-0.6655862179104863,-1.10947762250072,-0.469996045485205,0.0011260178938481994,0.6242499529199002,False
SYN2,6,-3.7155296125297577,0.00020277851408867837,0.8333333333333334,1,5,0.9160130962122848,-0.10111929066935321,-0.2998084754199368,-0.0642392831189662,-0.160287278567262,-0.124596024554954,0.0011278192087351493,0.9160130962122848,False
ATP5MG,4,-3.7134854763884024,0.00020442420167255065,1.0,0,4,-0.4259603880004592,-0.09250024806342605,-0.08393782117173565,-1.961778628758431,,,0.0011354461027127713,-0.4259603880004592,True
PRDM1,5,3.711573512818988,0.00020597482812170724,0.8,4,1,-0.0915156922588678,0.04597274357978931,0.4060159548619813,1.2199209032112317,0.0907440481521871,,0.001142525253039711,-0.0915156922588678,False
GABPB1,6,3.7088758962005888,0.00020818142789666883,0.8333333333333334,5,1,-0.06974435053458894,0.1607570470534745,0.19656839280356841,0.36908317104453836,0.153872376198743,0.485013242899301,0.0011539916257688086,-0.06974435053458894,False
MUTYH,5,3.7081931879759846,0.00020874338050560554,0.8,4,1,0.026096894984851904,0.09971187963653305,0.2246691204175284,0.3778847081310488,,-0.431236107428338,0.001156332139936005,0.026096894984851904,True
SIAH1,3,3.7057476258576822,0.0002107680921739037,1.0,3,0,0.06783331979375884,0.04442435598695482,0.19468780570444721,,,,0.0011667670440342656,0.06783331979375884,True
SMYD2,6,-3.7053699326870464,0.0002110824284062922,0.8333333333333334,1,5,-0.1887904921503214,-0.08951893099563701,-0.10280878775529345,-1.4497977996634503,0.0912046771373816,-0.0418109309663661,0.0011681164677301735,-0.1887904921503214,True
AATF,6,3.703867122632472,0.00021233751256770266,1.0,6,0,0.07040813484115649,0.004773535943146001,0.18431375371559744,0.3121392397213283,0.443594980431248,0.11733633612595,0.0011737849187642634,0.07040813484115649,True
CPNE2,6,3.703803984697852,0.0002123903958252156,0.8333333333333334,5,1,0.33054788348077313,0.05896594369427843,0.1357096733782548,0.6682650341887761,-0.155308249512431,0.0267839042034197,0.0011737849187642634,0.33054788348077313,True
UHRF2,6,3.7006437566497117,0.0002150532075706325,0.8333333333333334,5,1,0.12155777921764699,0.017735876242688242,0.09343781705040399,0.3230720330462118,0.175717644147283,-0.0512263307064476,0.0011877079385082111,0.12155777921764699,True
PKD2L1,4,3.7004916244609,0.00021518218186661155,1.0,4,0,0.1436437716067544,0.04629357985939293,0.07922956735537048,1.6363084690216674,,,0.0011880238406458152,0.1436437716067544,True
MATK,5,3.6999766365240943,0.00021561931649994017,0.8,4,1,0.29793894021864764,0.28555257751656704,0.22470274545948232,0.5016245861778907,-0.66679425734463,,0.0011897776040482577,0.29793894021864764,True
F9,5,-3.6987396546988127,0.00021667270676972367,0.8,1,4,-0.009918797497033019,,-0.06555165947458513,-0.44500095689673325,-0.40631901262101,0.0864049381828798,0.0011946591080787695,-0.009918797497033019,True
ARHGEF9,6,-3.69743385104858,0.00021778994601888072,0.8333333333333334,1,5,0.1665539210888891,-0.11547616600276278,-0.2736272648878142,-0.05650947089248515,-0.0389704911840481,-0.0220974463846555,0.001199620361565562,0.1665539210888891,False
ZSCAN21,6,3.6949592773157107,0.0002199220319021964,1.0,6,0,0.09897010901846759,0.01008735688520046,0.13617625745057182,0.12015094101935908,0.309517057871245,0.214499573383567,0.001210558520799852,0.09897010901846759,True
PCGF1,6,3.693720401608704,0.00022099678997844548,1.0,6,0,0.31272762144259714,0.040257836341379694,0.3407757290827371,0.10491536159780335,0.064076011429175,0.478681112314414,0.00121526668048628,0.31272762144259714,True
WFDC8,4,3.6934318305296974,0.00022124784023328629,1.0,4,0,0.01632631417464839,0.34487027021728506,0.05169147274925195,0.016310684627259642,,,0.0012158347448676477,0.01632631417464839,True
INTS9,6,3.692110770188428,0.0002224005547495571,0.8333333333333334,5,1,0.06056785677984422,0.12226239550913487,0.1282389916195763,0.1375015018193686,0.262395455507429,-0.0483512481414317,0.0012212679101566532,0.06056785677984422,True
PYROXD2,4,3.692045246463463,0.00022245787512822075,1.0,4,0,0.17527132188876493,0.05347973591465305,0.23395816050924978,0.30902871711300905,,,0.0012212679101566532,0.17527132188876493,True
ATG4D,6,-3.6914624414362502,0.00022296832558433186,0.8333333333333334,1,5,0.053381645596637384,-0.11189700228393251,-0.19467913358954192,-1.315977848370554,-0.258007035284404,-0.481355089966503,0.0012232587752972692,0.053381645596637384,False
GSAP,6,3.6913116488406383,0.00022310057638612714,0.8333333333333334,5,1,-0.10967330859988778,0.2417074860200945,0.40864377604119406,0.3041851134844693,0.140262543399899,0.148316201854585,0.0012235787741362413,-0.10967330859988778,False
HMGN5,6,3.6901682960929123,0.00022410573845847094,0.8333333333333334,5,1,-0.22956193352709287,0.09746129588922389,0.31295231735605755,0.09334931473230768,0.428830860357102,0.224929877875463,0.001227870964238534,-0.22956193352709287,False
DACH2,4,3.68706864122218,0.0002268521815203565,1.0,4,0,0.07208795893672011,0.034321361546404305,0.1890009031595899,0.6473249583451351,,,0.0012403516049191365,0.07208795893672011,True
TMEM140,6,3.6870057766264437,0.00022690820805311416,0.8333333333333334,5,1,0.12409997056628796,0.16579428100288163,0.5675615628211332,-0.7808692443242946,0.0018421587588841,0.0365210904408615,0.0012403516049191365,0.12409997056628796,True
CD84,6,3.6866208972484174,0.00022725150564805078,0.8333333333333334,5,1,-0.005404651587539,0.21068026372631876,0.41911842054610915,0.10163822220069685,0.94741504572792,0.78622808567722,0.0012418180658588763,-0.005404651587539,False
NTRK1,6,-3.686462424524898,0.00022739299885633402,0.8333333333333334,1,5,0.7949962357895508,-0.1838415841284453,-0.23747944295836554,-0.17878884606877765,-0.409434563338057,-0.315933318697614,0.0012421811607491885,0.7949962357895508,False
ADORA1,5,-3.6838008047564816,0.00022978183195637456,0.8,1,4,,-0.10821119300466098,-0.43306323259821067,-1.6943806616369592,0.234211101887464,-0.0710819782219856,0.0012519252411263698,,False
CTSH,6,3.683434640726568,0.00023011230517895503,0.8333333333333334,5,1,-0.22234221364297024,0.2739165684524867,0.29109762724503785,0.7668060022629035,0.195959876295008,0.539247120209359,0.0012533132199151246,-0.22234221364297024,False
RBFOX1,5,3.6819365372785873,0.00023146903663704015,1.0,5,0,0.2135575088292434,0.023467686019889467,0.12408950331963098,,0.29054768166467,0.45526024465966,0.001259045512460167,0.2135575088292434,True
UCHL3,6,3.6815092712137725,0.0002318573564156303,0.8333333333333334,5,1,-0.22067427338691603,0.19308254266319036,0.21209345512620725,0.28955642925565783,0.257852415836658,0.516362178843234,0.001260329380424142,-0.22067427338691603,False
KCNK18,6,-3.680153567346425,0.00023309353606700993,0.8333333333333334,1,5,0.6246627428613829,-0.81332666674407,-0.6777733746468293,-0.7057392639932694,-0.475453856389732,-0.423847537059274,0.0012662173314673935,0.6246627428613829,False
AHCYL1,6,3.677862149611293,0.00023519700526692758,0.8333333333333334,5,1,0.12079468025386131,0.05675337673443259,0.0821950965157674,0.21645425222368875,-0.0859393162495579,0.16531692475717,0.001275968807334705,0.12079468025386131,True
FOS,6,3.677483101020492,0.0002355466754711463,1.0,6,0,0.07171315219844487,0.39036965493258546,0.6366043493358866,0.7689965406217065,0.378181047960861,0.194177573382956,0.0012770286840479573,0.07171315219844487,True
MAT2B,6,-3.6736070043180247,0.00023915046047488957,0.8333333333333334,1,5,-0.07707742064101186,-0.053443811143835784,-0.2442049694169306,-0.1193716424336948,0.0912233820462114,-0.0182608489861926,0.0012944468351145755,-0.07707742064101186,True
EHMT1,6,3.673130095621142,0.00023959742125664624,0.8333333333333334,5,1,0.049655463190461546,-0.01706369531197982,0.1653537848073947,0.2012932361207529,0.174921155352699,0.0281592850645245,0.001296018469490199,0.049655463190461546,True
VPS26C,4,3.6720968789482655,0.00024056844582155578,1.0,4,0,0.05890901318844666,0.04886666273114049,0.1305759248302829,0.23496955740075887,,,0.001300845774334659,0.05890901318844666,True
BAMBI,6,-3.6714947104019804,0.0002411360698735944,1.0,0,6,-0.42947120486977663,-0.43894525603888557,-0.1490270557694222,-0.3809265588568178,-0.121632125029543,-0.130762093906544,0.001303063737691066,-0.42947120486977663,True
IKZF1,6,3.6708961193995746,0.0002417015667600254,0.8333333333333334,5,1,-0.11828877067076293,0.3108201036559719,0.7505770319555913,0.6960109637715992,0.691618271752252,0.361910407498575,0.0013049073602152106,-0.11828877067076293,False
TLR2,6,3.6706904016467687,0.00024189619815058835,0.8333333333333334,5,1,-0.06891167052563141,0.04621969421881944,0.6585248650024602,1.2350375139749108,0.0044814454137513,0.898465537725723,0.0013054665379160543,-0.06891167052563141,False
IL20RB,3,3.6697464688329986,0.00024279114801552972,1.0,3,0,,0.21754889911943315,0.2764740261719709,0.49953292952087147,,,0.001309869322670485,,False
ABI2,6,-3.669566237648784,0.0002429623793458767,0.8333333333333334,1,5,0.20245431031951888,-0.09323979328755261,-0.24420201800682761,-0.027862350625815324,-0.0521993360671149,-0.0271739073440358,0.0013101308264826116,0.20245431031951888,False
NDRG4,6,-3.6693552179936613,0.00024316300569417104,0.8333333333333334,1,5,0.7283608614874915,-0.1190856189731111,-0.22288057261679484,-0.0021878730088147336,-0.115520059612012,-0.0435946378091565,0.0013105939662161898,0.7283608614874915,False
RNF187,5,-3.668365539415015,0.0002441060152518975,0.8,1,4,,-0.05443580709745621,-0.09877375688750512,0.2854237556900019,-0.240146161028252,-0.442640084177385,0.0013149812371308764,,False
PNRC1,6,3.66828887660766,0.0002441792059514072,0.8333333333333334,5,1,0.2101374737258066,-0.008493604156526224,0.03821479739799205,0.27506064970059185,0.596871596402973,0.307721212138214,0.0013149812371308764,0.2101374737258066,True
USP31,6,-3.6682510353712705,0.00024421534092196193,0.8333333333333334,1,5,0.6967922258582382,-0.060065132594568915,-0.3656146651500283,-0.34143687262075595,-0.108586911910036,-0.124205344398574,0.0013149812371308764,0.6967922258582382,False
E4F1,6,3.6641239721567547,0.0002481865611795696,0.8333333333333334,5,1,0.09383115356411587,0.0011462759761453611,0.1976828615315167,0.2676557386238452,-0.193887141730018,0.159221426052181,0.0013324631724438002,0.09383115356411587,True
RCOR2,5,-3.6620817990152448,0.00025017394520801984,0.8,1,4,0.19798345747381818,,-0.6096856873080889,-0.24785333023498834,-0.0081480946884,-0.467881001853614,0.0013409582710761478,0.19798345747381818,False
PCDHA4,3,-3.6608614011764664,0.0002513687161181878,1.0,0,3,,-0.01171366538802232,-0.1253638977781124,-1.3478146304703293,,,0.001346054671364686,,False
TIA1,6,3.657851585954481,0.00025433824204271134,0.8333333333333334,5,1,0.12292267383072719,0.19413439346506367,0.17458054663842493,-1.692008239387869,0.111520306996903,0.613214971594083,0.0013594834253931696,0.12292267383072719,True
MUSTN1,6,3.656361346113077,0.00025582068043416336,1.0,6,0,0.22743468376366094,0.03670500930879195,0.4258950199229594,0.35675070992704283,0.601944517425287,0.550740920402294,0.0013663581486112527,0.22743468376366094,True
RP2,6,3.6556728610631946,0.00025650829416574126,0.8333333333333334,5,1,-0.04713558917689076,0.20102803212171927,0.24746664369836102,0.4393248223884507,0.0326666658972945,0.125460605499701,0.0013687057656451805,-0.04713558917689076,False
TMEM247,3,3.6549736673747844,0.00025720837646086203,1.0,3,0,,0.013252583504144865,0.0473296251731324,0.27053903929690026,,,0.0013719842612733338,,False
TMEM74B,5,3.6548937657005105,0.00025728849365589827,0.8,4,1,,0.028656668771533944,0.21691173840367028,1.6745515575960905,0.497829023469386,-1.43722301245911,0.0013719842612733338,,False
CCDC112,6,3.6515455334377496,0.0002606668703060073,0.8333333333333334,5,1,0.10071745201637805,-0.030155195673142732,0.18400441847428128,0.4189116322186166,0.535951848010682,0.124132356383611,0.0013857964118195803,0.10071745201637805,True
ADGRL3,6,3.6509529996108556,0.0002612690533547532,0.8333333333333334,5,1,0.3745176282736402,0.08619754276860392,0.23502608770113564,-1.7082248057463074,0.313561896885552,0.0637085484433295,0.001388290648837199,0.3745176282736402,True
CELF1,6,3.6508082959846835,0.00026141631146191127,0.8333333333333334,5,1,0.19196711373386854,0.1248053034836718,0.11135297081737772,0.1486858654442873,0.156895360637882,-0.177551409733777,0.0013886273386770074,0.19196711373386854,True
ITM2A,6,-3.650694706335349,0.00026153196084547525,0.8333333333333334,1,5,-0.16020873612298292,-0.04400322199619566,-0.3166256920269124,0.12985031182449447,-0.267434217336264,-0.249139415014215,0.0013887959627572367,-0.16020873612298292,True
ITPRIPL2,5,3.649209874884206,0.00026304813545947886,0.8,4,1,,0.03784487629723232,0.30887926742262595,0.6846948211261257,-0.435145385502858,0.297327095933583,0.0013950569490949357,,False
TICAM2,4,3.6479209869129328,0.00026437090772526284,1.0,4,0,0.005742265031775995,0.13721654490006419,0.4825083674655285,0.39978468627406927,,,0.001400617731849514,0.005742265031775995,True
KRT20,4,3.6474777885558662,0.00026482719657156824,1.0,4,0,0.23567362070587095,0.02074003306821541,0.19693913807087582,0.08883875902924804,,,0.001401349027382544,0.23567362070587095,True
TCF25,6,3.643906594732758,0.0002685309051039472,0.8333333333333334,5,1,0.21299669535357246,0.05147506615490549,0.07811057699118962,0.3332088512871323,-0.0835753302677481,0.0765760523154344,0.0014177746543159598,0.21299669535357246,True
THRA,6,-3.637156870462144,0.0002756640569718048,0.8333333333333334,1,5,0.11678021765061963,-0.06843916485382984,-0.348932651049803,-1.7076362323765961,-0.201341911218462,-0.114861807865432,0.0014494254990461604,0.11678021765061963,False
FBXO38,6,3.634668431235063,0.0002783383695693319,1.0,6,0,0.10065650004251303,0.0326245129057714,0.060445230085309554,0.14732163896712613,0.337233039909534,0.0362304500707658,0.0014611660935970763,0.10065650004251303,True
ZC3H12D,4,3.6337032976830295,0.00027938212182685606,1.0,4,0,0.0696725740315951,0.039706954640408965,0.5565464603866892,0.3397835243914614,,,0.0014660765660487658,0.0696725740315951,True
FST,6,3.6336398038157056,0.0002794509162568787,1.0,6,0,0.013016801906063524,0.06608565983572179,0.35123023012572685,3.311311329450053,0.443313695512457,0.275916502319371,0.0014660765660487658,0.013016801906063524,True
DAB2,6,3.629079872626358,0.0002844332324435683,1.0,6,0,0.3596739925099266,0.09198742593415865,0.2554973408512158,1.0621955826041853,0.227594976341674,0.294498708518963,0.0014901794192518417,0.3596739925099266,True
GAB1,6,3.6273795830767783,0.00028631223009851575,0.8333333333333334,5,1,0.22057642433855573,0.05055955285453706,0.2171374801238075,-1.5835455926719169,0.190377628464569,0.0717162842473462,0.001497889823664992,0.22057642433855573,True
PLEKHA6,6,-3.6273641394858394,0.0002863293500529262,0.8333333333333334,1,5,0.3768496025906476,-0.07746048482901946,-0.4510986274258961,-2.5775382390571355,-0.132448034347904,-0.0924726387260355,0.001497889823664992,0.3768496025906476,False
TMEM119,6,3.626617906945602,0.00028715772802222585,0.8333333333333334,5,1,-0.0975934021949445,0.34897844969360153,0.5321040942335826,0.8261138616594144,0.146723900989494,0.118491405605318,0.0015017487248732645,-0.0975934021949445,False
CDC16,6,3.62527626024968,0.0002886527134327473,0.8333333333333334,5,1,-0.031315280188502825,0.11164579896606242,0.12251140163204521,0.2035839313000274,0.0362741635149531,0.0644336428367125,0.0015086137394186403,-0.031315280188502825,False
S100PBP,6,3.6244353045673274,0.0002895934973898856,0.8333333333333334,5,1,0.24641118531735628,0.061664835208097735,0.1437334206194194,0.08480807503795695,0.214331185327251,-0.202203598557392,0.0015127948952844265,0.24641118531735628,True
WLS,6,3.6243919418300883,0.00028964208542719115,0.8333333333333334,5,1,0.07890922068474993,0.18102884406802833,0.12608193493136266,0.23723427507789285,0.125127787961367,-0.0200532601450016,0.0015127948952844265,0.07890922068474993,True
CYP21A1,4,3.624003622637459,0.00029007753843350717,1.0,4,0,0.3895449037354796,0.0428526673938579,0.08831542827833172,0.040672486143011444,,,0.001514148034106405,0.3895449037354796,True
DCX,6,3.6223170076738374,0.00029197599945502957,0.8333333333333334,5,1,0.3501562800199869,0.09390525800134109,0.2691393430391571,0.3023275400040806,0.264333665281584,-0.421537759132535,0.0015226171212916351,0.3501562800199869,True
NDUFB5,6,-3.6215166105094365,0.0002928809964505233,1.0,0,6,-0.412442935910839,-0.05045718483074957,-0.1027797261094534,-2.0090393824703323,-0.0262794638713117,-0.157494797350024,0.0015268555128343502,-0.412442935910839,True
L3MBTL1,6,-3.6179970112698348,0.00029689182410980197,0.8333333333333334,1,5,0.3684234115537173,-0.06332372857661894,-0.4547294656288008,-0.6033337143697342,-0.644886959291481,-0.123357529283485,0.001545817386808884,0.3684234115537173,False
ECSIT,6,-3.611393248266387,0.0003045564449828731,0.8333333333333334,1,5,-0.28658004235680234,-0.056732889876880854,-0.12308177507344009,0.22416649263968402,-0.145814064418246,-0.0502294693560827,0.0015797612903028877,-0.28658004235680234,True
SOX5,6,3.610021640084028,0.0003061714606430695,1.0,6,0,0.32921903753058057,0.051640683947487886,0.1518286969330127,0.38695842101615385,0.477282278116192,0.233173453496159,0.0015866468430069153,0.32921903753058057,True
AKAP12,6,3.6097572552385975,0.0003064836840060681,0.8333333333333334,5,1,0.18717531608441362,0.044629486234258664,0.12168078027466578,0.8196363053105991,0.216403463893909,-0.0984660752610163,0.00158776774261923,0.18717531608441362,True
NDUFB9,5,-3.6083733502225943,0.0003081228669799699,1.0,0,5,,-0.09825653115141275,-0.11226433216617959,-1.8930826252706217,-0.16682186597166,-0.0716452085425643,0.001594762255863809,,False
PRDM2,6,3.6060637928778005,0.00031087674350660114,0.8333333333333334,5,1,0.24944046383145224,0.04502106071595602,0.1391112853507721,0.20740908252689483,0.0624956082783346,-0.033799572498141,0.001606503858420625,0.24944046383145224,True
NRDE2,6,3.605825528929005,0.00031116215289317444,0.8333333333333334,5,1,0.15825355649680928,0.057772319426838026,0.1844323571939448,0.13161538683948226,0.260560764616667,-0.27787148840054,0.0016071165011520316,0.15825355649680928,True
ACTR10,6,-3.603918030617913,0.0003134559488523943,1.0,0,6,-0.12017444098863983,-0.04076038462951459,-0.1414421352444437,-1.989581019452646,-0.0779903194112797,-0.0271470441471269,0.0016178119318381136,-0.12017444098863983,True
NDUFAF6,6,-3.5999228565965926,0.000318311601820441,0.8333333333333334,1,5,-0.22437708886685392,-0.4377842246991408,-0.13821708380269682,-0.030810085798985476,-0.15397098004463,0.0823748446162238,0.001639805052390893,-0.22437708886685392,True
CD69,4,3.5982148375421543,0.0003204089029623081,1.0,4,0,0.1289822827210264,0.12293199727299955,0.23945058067292743,0.07285455679768249,,,0.0016490697020622275,0.1289822827210264,True
PHACTR4,6,3.5947497367428225,0.0003247035492567619,1.0,6,0,0.13966184475729104,0.047170573182819364,0.13530817401597783,0.5625059137446149,0.194505175427343,0.259498576172686,0.0016690972507136406,0.13966184475729104,True
PROKR1,6,3.5905405680770546,0.00032999286179440383,0.8333333333333334,5,1,0.9964246393026475,0.15127273223791393,0.38558864081140154,-0.5606749042508863,0.523180357455883,0.438121323756683,0.0016915583302635404,0.9964246393026475,True
TIGD5,5,3.58954593507895,0.00033125445792082833,0.8,4,1,,0.08497401458001719,0.2227858376292413,0.6532709120246389,0.135859559831861,-0.129096745092309,0.001695924462575178,,False
SLC15A3,6,3.5877843826200935,0.0003334998993962042,0.8333333333333334,5,1,0.0875668195249808,0.2541159024164896,0.6606724169916014,0.9933266464183139,-0.0070017093307424,0.538962149328251,0.0017058375571093853,0.0875668195249808,True
CRTC2,6,3.5870896237967678,0.00033438941478513624,0.8333333333333334,5,1,0.20786531185935786,0.045447832069899,0.14184901638929226,0.14630626145850467,0.0617988943824423,-0.246050082303121,0.0017095928404428891,0.20786531185935786,True
R3HCC1L,6,3.58681514278401,0.0003347414504009843,0.8333333333333334,5,1,-0.09737764810612859,0.1915306311366869,0.2924763375063524,0.1462315447296385,0.325996584927998,0.380448672365694,0.0017100742243941643,-0.09737764810612859,False
FZD1,5,3.5864449378591106,0.00033521680600996276,1.0,5,0,,0.06676670951106756,0.2767884022994904,0.17662528891006346,0.0068170786699135,0.0913578374535775,0.0017119742588944471,,False
NR4A2,6,3.5858551716232214,0.00033597539054184373,0.8333333333333334,5,1,-0.10162807825659659,0.14258277194865032,0.23030321270185183,0.299367717114043,0.522907433912726,0.436963663214984,0.0017142616104342163,-0.10162807825659659,False
WDR48,6,3.5847071105840684,0.0003374566883685557,0.8333333333333334,5,1,0.17307178453965655,0.07075129112195944,0.12795324156900367,-1.7566798443928588,0.0114484539661805,0.0595322720158387,0.0017207588126544467,0.17307178453965655,True
STK10,6,3.584074967764445,0.0003382749236388818,1.0,6,0,0.0637040738750203,0.056197783693053616,0.17130928259947975,0.5787080808434766,0.201200145985907,0.266164623163438,0.0017228081649448528,0.0637040738750203,True
CTH,3,3.583222620265258,0.0003393811272389133,1.0,3,0,0.10902627188644498,,0.3123791368643716,1.0681587456623411,,,0.0017279103100764357,0.10902627188644498,True
URI1,6,3.58306571230702,0.0003395851358614851,0.8333333333333334,5,1,0.0421913052543621,0.17369776467013365,0.18655918699773988,0.24045805713239066,0.287210653341513,-0.108887407287662,0.0017284173335729708,0.0421913052543621,True
KIF18B,4,3.5825038285477833,0.00034031662744956156,1.0,4,0,0.15194222654793155,0.2058054285374958,0.5664273862651572,0.08095763516220844,,,0.0017312728135227015,0.15194222654793155,True
TRF,3,3.5816545025349837,0.0003414251261056375,1.0,3,0,,,,1.0409413290531697,0.601747183438746,0.681912929724358,0.0017351147335893495,,False
IL18R1,4,3.5808502855014517,0.0003424778634707096,1.0,4,0,0.011345084302159192,0.09311640668796235,0.39529015862128647,0.12824889347490964,,,0.0017399305083386082,0.011345084302159192,True
MALSU1,5,-3.580501865716328,0.0003429348945696643,1.0,0,5,,-0.02303888008704158,-0.14596778413925415,-1.0003876962283198,-0.242622330608856,-0.171418622590983,0.0017414184692749984,,False
IGFLR1,3,-3.58000974821412,0.0003435813897463595,1.0,0,3,-0.18800086090256252,,-0.2462833700651066,-0.2931669812644031,,,0.0017439310527696235,-0.18800086090256252,True
TSC22D3,6,-3.578895359281927,0.0003450495799041814,0.8333333333333334,1,5,-0.08239590436215316,-0.191348199034862,-0.523106977800122,-0.05131940759984932,0.155158199685535,-0.164141160491475,0.001749237564034919,-0.08239590436215316,True
DOCK6,6,3.5772175565660924,0.0003472711325307142,1.0,6,0,0.08066504401711949,0.1498980566720438,0.3165590956518338,0.10753197815268045,0.0713132242406997,0.0735580080853118,0.0017594220341745886,0.08066504401711949,True
RPP21,6,3.5745882931741146,0.0003507794276038948,0.8333333333333334,5,1,-0.24928211928178534,0.1517734851203525,0.3627069847130442,0.3497241785020133,0.128824127295674,0.193110636128861,0.001774480771913101,-0.24928211928178534,False
NLRP1A,4,3.5709213986118975,0.0003557276433614861,1.0,4,0,0.1777430270620095,0.11121857947708891,0.43745304611755276,0.2345751876073322,,,0.0017951231563778408,0.1777430270620095,True
SLC7A9,4,3.570323168252401,0.0003565410801759237,1.0,4,0,0.15716355615559308,0.12578656328825893,0.20530860333724849,0.013703510945381395,,,0.0017986796583577842,0.15716355615559308,True
FGR,4,3.5695359659728974,0.0003576141200614943,1.0,4,0,0.18415336950903427,0.29089978486676676,1.0296728622698867,0.16521551994449268,,,0.0018029938821985544,0.18415336950903427,True
IFT172,5,-3.5682038077256437,0.0003594368749449621,0.8,1,4,0.1658320875156516,,-0.23736358471618946,-0.16423449293798065,-0.122573006863587,-0.151758709332598,0.001810529261743461,0.1658320875156516,False
PRX,6,-3.566741723947748,0.0003614474015225659,0.8333333333333334,1,5,0.2834445803299257,-0.13514577456788324,-0.3532915875233211,-2.219702836508482,-0.345371895378234,-0.372061714278722,0.0018189958619645823,0.2834445803299257,False
OBSL1,6,3.5630162335628857,0.00036661799834206057,0.8333333333333334,5,1,0.03664990941046664,0.02409704295020898,0.20369666395040031,0.3197246711848454,-0.408212076079885,0.0371612281243343,0.001840540220975974,0.03664990941046664,True
PITPNA,6,3.562284245781819,0.00036764201660828127,0.8333333333333334,5,1,0.24650138978769487,0.024856028735988467,0.10290010518290238,0.2217224397634272,0.05943709105416,-0.156623901409265,0.0018445621882086302,0.24650138978769487,True
COL6A6,6,3.5587467856168007,0.0003726285634186357,1.0,6,0,0.3533031237611084,0.384164585114779,0.5631671175993,0.11358531141903283,0.131415009914643,0.629492601782299,0.0018661869838745107,0.3533031237611084,True
CACNA1H,6,-3.5578013100162664,0.0003739720122521786,0.8333333333333334,1,5,0.7488030089129287,-0.20545998790655373,-0.6684096454330808,-1.6560171177211327,-0.243380196378418,-0.081491421033598,0.0018717825058355184,0.7488030089129287,False
DDX42,6,3.5542526714102403,0.0003790548519242664,1.0,6,0,0.07731979418676982,0.0418839233936219,0.12565917144673033,0.180914925337464,0.0857023906403065,0.0878038763766931,0.0018949308091363508,0.07731979418676982,True
TFCP2L1,4,3.5540862597552354,0.0003792947869625178,1.0,4,0,0.32395680744250477,0.1219901616745045,0.11477039861405114,0.1715861869347195,,,0.0018955577638295879,0.32395680744250477,True
RACGAP1,6,-3.5527827064952326,0.0003811791884352803,1.0,0,6,-0.06509977451249682,-0.6410654503359889,-0.5447553545726391,-1.0082218379936725,-0.134423163145682,-0.196633451529478,0.0019038255663792274,-0.06509977451249682,True
KRT23,4,3.552553305223477,0.0003815117123296923,1.0,4,0,0.08813717978170166,0.006761972486838505,0.19647411117393354,0.15065602586840124,,,0.0019049115723924787,0.08813717978170166,True
SAMD1,5,3.5499861173090315,0.00038525146671513076,0.8,4,1,,0.07630333059105698,0.2956379079576408,0.3733358378581473,0.1388654718043,-0.117547233668125,0.0019214944769269527,,False
KDM1A,6,3.5471616460943025,0.0003894055868659445,0.8333333333333334,5,1,0.013010764888252702,0.10576905280296955,0.17310300271407453,0.4241068520568225,0.0193216598839141,-0.217950523813484,0.0019396452825173377,0.013010764888252702,True
TAF5L,5,3.5461530658134106,0.0003908990816949425,1.0,5,0,,1.0197679552665018,0.1508490376694791,0.15807868341163633,0.516149492631789,0.125675047743075,0.0019459132632224626,,False
IRAG2,3,3.5449313199940824,0.000392715398578739,1.0,3,0,0.16539201390833758,,0.5698194907421876,0.46420310002820475,,,0.001953192691488969,0.16539201390833758,True
SOX9,5,3.5436863303684056,0.000394574381173527,1.0,5,0,,0.10011179172325324,0.2904809603661471,0.5127421664649594,0.466653639558996,0.522772599162766,0.0019618489507912946,,False
TRAPPC4,6,-3.5433223259407716,0.0003951194535352785,0.8333333333333334,1,5,-0.09199034084391045,-0.04993020201081855,-0.15473713871707329,-1.4796538319209853,0.0765161943605467,-0.216091408841304,0.0019639691276023812,-0.09199034084391045,True
RAC3,5,-3.542572722497854,0.0003962441516554983,0.8,1,4,,-0.1207987005240625,-0.21144927993981533,0.5688221037898176,-0.443029771658336,-0.181013113349138,0.0019668224004154677,,False
LPCAT1,6,3.542567478020168,0.00039625203094805145,1.0,6,0,0.10450543438634519,0.06431616328571366,0.11193022002240571,0.30010912446527627,0.0925302355258264,0.009200224348534,0.0019668224004154677,0.10450543438634519,True
KCNIP2,6,-3.541949847910158,0.0003971809816233318,0.8333333333333334,1,5,0.5640517460306054,-0.48903010992004425,-0.41180680040216266,-0.5550288623792321,-0.171150957131567,-0.192343634415419,0.0019706653500687612,0.5640517460306054,False
MDC1,5,3.5414400396451384,0.0003979492946355038,0.8,4,1,0.18983417703458372,,0.3326150625837174,-1.1657589427012214,0.0548235582094383,0.0140345458039621,0.0019738857431246207,0.18983417703458372,True
SGCB,6,3.5403576317072,0.0003995851573819281,0.8333333333333334,5,1,-0.009627475950733988,0.08922740313810262,0.12125406940174699,0.12344779236530723,0.179338695024165,0.311223031491266,0.001980219618259184,-0.009627475950733988,False
SUSD3,4,3.5389628611728656,0.00040170236369114717,1.0,4,0,0.0031354317015819255,0.24725947972394424,0.2854697601146241,0.7545044088058583,,,0.0019901159903669167,0.0031354317015819255,True
DIS3L2,6,3.537699189988451,0.00040362961075428636,0.8333333333333334,5,1,0.011325394636259034,0.09445382155482829,0.19128138359726243,0.17899205687647068,0.0126503860621106,-0.224660683426122,0.0019984676390083604,0.011325394636259034,True
PDE8B,6,3.5374241131699,0.00040405027842537573,0.8333333333333334,5,1,0.3521696019790985,0.164104121439975,0.296133816644792,-1.2494366979663711,0.154680275048336,0.0163714632016485,0.001999354322420574,0.3521696019790985,True
STX18,6,-3.5369851868110245,0.00040472236509331576,1.0,0,6,-0.05340663115588207,-0.25192557536008087,-0.08625838450467871,-1.3759414321883705,-0.217892773611046,-0.122309534433245,0.0020014832945995107,-0.05340663115588207,True
GSKIP,5,-3.5360699263863413,0.00040612717797220126,1.0,0,5,,-0.19645574828761436,-0.10126617119642134,-1.6415205763655987,-0.186961390519701,-0.0012006340526298,0.002007231128634182,,False
ETV6,5,3.5354388980204954,0.000407098380769728,0.8,4,1,,0.16265673616982834,0.39261131646109515,-0.8054594508831201,0.0477673048817011,0.116912714501436,0.0020108303188602025,,False
SLC43A2,6,-3.531644967181704,0.0004129834244469972,0.8333333333333334,1,5,0.39208120429552107,-0.18077827289645665,-0.3867657721886699,-1.57666267229565,-0.0539288247823082,-0.18195614257483,0.0020374669572121307,0.39208120429552107,False
SKI,6,3.530648525920094,0.0004145422000484345,0.8333333333333334,5,1,0.3612130433773464,0.07688242689434155,0.13088694460918227,0.23347496608209184,0.121245678459257,-0.0506794562986044,0.0020444084541831925,0.3612130433773464,True
PCSK1,6,3.5291885002459824,0.0004168361073534463,1.0,6,0,0.4035787340864294,0.08004377047453115,0.26388801685255103,0.002454754172602769,0.148655814161782,0.113036923813441,0.0020515822922730427,0.4035787340864294,True
HNRNPUL1,5,3.528314152837266,0.0004182155007562489,0.8,4,1,0.06369355324222159,,0.1653192019458949,0.3009383198607569,0.226485377515679,-0.187379934171357,0.0020565368296249055,0.06369355324222159,True
OC90,3,3.528027815762768,0.0004186681594550402,1.0,3,0,,0.042459492044631036,0.07346239296894529,0.0429633322233825,,,0.002058151284615333,,False
MSL2,5,3.5256696103351195,0.00042241358998723247,1.0,5,0,,0.06265866117443997,0.08658889755961141,0.1787157269540618,0.374664902013413,0.255823454277119,0.002074099596994563,,False
ADAMTS7,6,3.5249854569669417,0.00042350604107432307,0.8333333333333334,5,1,0.09033418958616535,0.10275772809772454,0.2236497217427189,0.140697690963143,0.350181835053669,-0.677964459678494,0.0020788469726756215,0.09033418958616535,True
CCL17,4,3.524812884782918,0.00042378201943661404,1.0,4,0,0.02988385593081863,0.5537319289676236,0.30162528184728626,0.21493307776077192,,,0.0020795849349880924,0.02988385593081863,True
TRPV1,6,-3.5241127222153077,0.0004249034469077186,0.8333333333333334,1,5,0.5601018615516624,-0.16022016077796675,-0.374889082878167,-0.059971782540878316,-0.288388073141456,-0.065343795377951,0.0020839617687370272,0.5601018615516624,False
CACNA1I,6,-3.524078853224665,0.0004249577639608615,0.8333333333333334,1,5,0.9582666583351882,-0.19984656467242035,-0.7103499423617716,-0.5744565570576308,-0.227752941524012,-0.275294934077669,0.0020839617687370272,0.9582666583351882,False
NT5DC2,6,-3.521076985675282,0.00042979781478735905,1.0,0,6,-0.20140869622853952,-0.16724360298427587,-0.28550882607949823,-0.4413747565318822,-0.556373345431491,-0.328969789885041,0.002103493030857589,-0.20140869622853952,True
HEG1,6,3.520875202301982,0.0004301249986653942,0.8333333333333334,5,1,0.2547657628207274,0.00543298638279488,0.2698653963818831,0.3421155561745133,-0.114172148228943,0.0124301975220917,0.0021041298958952817,0.2547657628207274,True
PTBP3,6,3.520737392220334,0.0004303485859697496,1.0,6,0,0.2455262199605448,0.0622745132370941,0.13611850973254924,0.2959261347002382,0.0713563912203757,0.0558646269524727,0.0021043219482928493,0.2455262199605448,True
STUM,3,-3.5197112376011015,0.00043201686612549686,1.0,0,3,,-0.1739923519047073,-0.24423822960022168,-0.1485160283279865,,,0.0021106089634324744,,False
PIKFYVE,6,-3.516088846059909,0.00043795440221813743,0.8333333333333334,1,5,0.2270131329492866,-0.06761766262790836,-0.24154120957245429,-1.5836114654157125,-0.0682842741917924,-0.249946718489147,0.002133319972193823,0.2270131329492866,False
TRPC1,6,-3.512672363980528,0.00044362415388040743,0.8333333333333334,1,5,0.3671255511443672,-0.09869015742664544,-0.2040402524024616,-1.4568381036471556,-0.0245081398200271,-0.165801283272149,0.0021558562292247467,0.3671255511443672,False
KCNK6,4,3.512468831607686,0.00044396407477113317,1.0,4,0,,0.19721269202851063,0.24841097341721285,0.7020257772616163,0.205670061806829,,0.0021562480532898464,,False
FOXO6,6,-3.5115636816558196,0.00044547871897659166,0.8333333333333334,1,5,-0.11410418677396272,-0.11134630266997347,-0.31012961646962633,0.07020133851884414,-0.216251983241015,-0.616923430929612,0.0021629697144325446,-0.11410418677396272,True
CHRNB4,6,-3.5082731126571653,0.00045102576730542826,0.8333333333333334,1,5,0.8245800128421541,-0.18365302732206246,-0.5127372204945937,-0.3481507654190218,-0.301179482757997,-0.0472060679307869,0.0021872363597285815,0.8245800128421541,False
CEACAM18,3,3.507863839979484,0.00045172018484073047,1.0,3,0,0.28543515047895873,0.22488167981317436,,0.762359991115529,,,0.0021894209368912947,0.28543515047895873,True
DCP1A,6,3.5073392043575122,0.0004526117992879201,0.8333333333333334,5,1,0.17863762519503368,0.14488375137796505,0.10986126694680376,0.2145452271491104,0.0868679571183355,-0.0765858177824752,0.0021931002639969713,0.17863762519503368,True
ZFP444,6,3.5060660869084774,0.00045478228623892025,0.8333333333333334,5,1,0.11078088348097381,0.17308787507045054,0.11695283922854482,0.20745671185954428,0.197236159469247,-0.157855164768262,0.0022010398835750314,0.11078088348097381,True
EIF2AK4,6,3.505396543803917,0.0004559276569809656,1.0,6,0,0.25647395071341705,0.18627631819862422,0.08337992567712948,0.13544294057432893,0.115817264616436,0.354005350233148,0.002205293564684086,0.25647395071341705,True
MAP3K10,6,-3.5044049097609395,0.0004576289672289952,0.8333333333333334,1,5,0.30490853781001714,-0.18631644506799017,-0.3405988214708078,-1.1596967302753223,-0.125243219735743,-0.0740960027254092,0.0022127390118635015,0.30490853781001714,False
TMEM63B,6,-3.504065407157764,0.0004582127994053433,0.8333333333333334,1,5,0.42530814613909396,-0.05118773000800658,-0.08557250712515252,-1.7472189228764021,-0.475601072037874,-0.225546718903664,0.0022144053301481,0.42530814613909396,False
GTF3C5,6,3.503494828480972,0.0004591955718381141,0.8333333333333334,5,1,0.059008326599535366,0.13305372274338412,0.1490764489386951,0.13347021493701927,0.105032081234776,-0.242127177869272,0.0022185070359207427,0.059008326599535366,True
DDX5,5,3.500720082579465,0.0004640029333962931,0.8,4,1,0.007016531839578732,,0.14514637432650268,-2.4486355396841635,0.222693120032574,0.0163789568575454,0.0022371618274324044,0.007016531839578732,True
ZFP598,6,3.4974439882749087,0.00046973934214618616,1.0,6,0,0.03855300696139263,0.018873635059061034,0.19142089918819316,0.24804588821731421,0.101583001255999,0.106646369345142,0.002262842139465563,0.03855300696139263,True
ZFP646,6,3.4963607967006873,0.0004716505074228404,0.8333333333333334,5,1,0.17662099109127194,0.032104587919756344,0.2794263693546588,-1.0566682704737742,0.0189170056624266,0.226747919284191,0.0022713876051390323,0.17662099109127194,True
NSFL1C,6,3.493977358342787,0.00047588137585157463,0.8333333333333334,5,1,0.05834853578409671,0.013172720030896201,0.13358654017844263,0.4083975179907764,-0.195179144573931,0.0463200205929484,0.00228710468440629,0.05834853578409671,True
ANKFN1,5,-3.493524173362768,0.00047668982453189933,0.8,1,4,,-0.011486555099471829,-0.41867268773621014,-0.07128970746583319,-0.343360446081584,0.0901132467001702,0.0022903251017857757,,False
RHBDD1,6,3.4922137914575098,0.0004790346629366662,0.8333333333333334,5,1,-0.07256987242510426,0.13575271884042528,0.27411077000642603,0.4265198714633236,0.238365640360408,0.247340414105696,0.002300923314256442,-0.07256987242510426,False
MS4A7,6,3.492019054799182,0.00047938404762130725,0.8333333333333334,5,1,-0.05832069455364214,0.03418898341362692,0.49775962837820886,2.0120369690179163,0.375187791298466,0.499386906600968,0.002301933494699123,-0.05832069455364214,False
CELF2,6,3.491687614816699,0.00047997924368292053,0.8333333333333334,5,1,0.13916302523248936,0.10760968479819066,0.13003162413970148,0.1836149886955365,0.457495500342832,-0.137646738488746,0.0023041230978653425,0.13916302523248936,True
SMURF1,6,3.4906816149665145,0.0004817900302408198,0.8333333333333334,5,1,0.24272416959832377,0.14169074499089174,0.20726626609597787,0.20786094823155565,-0.215425309224608,0.0012009505411678,0.0023101322481416165,0.24272416959832377,True
GRM5,6,3.489259508449881,0.0004843606752465645,1.0,6,0,0.13817157014693493,0.1769074235891281,0.20487567329666923,0.03708964268578363,0.570521691101018,0.383030380683941,0.002319773696956347,0.13817157014693493,True
SLC35A4,6,-3.4885123497554633,0.00048571638347958535,1.0,0,6,-0.11624897716709448,-0.011882037447338512,-0.0865286736572406,-1.2505460539811777,-0.433574353187889,-0.347392166358556,0.0023238740696953017,-0.11624897716709448,True
TCF7,4,3.488478210920466,0.0004857784123456829,1.0,4,0,0.13891263472461124,0.14876656529534193,0.31976950970944795,0.11989751970230245,,,0.0023238740696953017,0.13891263472461124,True
BPIFB4,4,3.4870886318306478,0.0004883095000059147,1.0,4,0,0.03965424702701013,0.003311636129527701,0.1250617459217172,0.3026094091408223,,,0.00233395866130462,0.03965424702701013,True
KHDRBS3,6,3.486393761259677,0.0004895797991069719,0.8333333333333334,5,1,0.06097062623606053,-0.013896159080343917,0.16587129413214097,0.4393672579757437,0.162087281442387,0.319746676615757,0.002339264512440359,0.06097062623606053,True
PRDM16,5,3.476263697886233,0.0005084520791890581,0.8,4,1,0.4639792200093136,,0.25206847204737937,0.1405223279068344,0.021147683075168,-0.415213359224606,0.002416278729468071,0.4639792200093136,True
AARS,3,-3.473148013626322,0.0005143915901938748,1.0,0,3,,-0.15563814282491784,,,-0.257162163039997,-0.0501462276342255,0.0024424009182125693,,False
SLC2A8,6,-3.4727760950090945,0.0005151048932217584,0.8333333333333334,1,5,0.1454590233462305,-0.12821843047830583,-0.14416392982025528,-0.08360113647022516,-0.443973874649709,-0.397892146528727,0.002444385376320684,0.1454590233462305,False
CTPS1,4,3.471287029172763,0.0005179700192309566,1.0,4,0,0.005588080226097247,0.07812924063534776,0.2267481912133409,0.09323580685212374,,,0.0024567481491262083,0.005588080226097247,True
PRKAR1A,6,3.4700728325298895,0.0005203172533690162,0.8333333333333334,5,1,0.18001781751940982,0.010450846085499066,0.09414251038330335,0.11118255421396483,0.0790107056431072,-0.160291960183993,0.002465585793805885,0.18001781751940982,True
HSD17B11,6,3.467745325319223,0.0005248444329930833,0.8333333333333334,5,1,-0.15113272685052426,0.13624732489772917,0.16406875386406394,0.1561217433815365,0.252532998179889,0.277829028198564,0.002483483434791743,-0.15113272685052426,False
RECK,6,3.465639672877978,0.0005289716894397088,1.0,6,0,0.17235663660239275,0.15176198372335792,0.17696150415162393,0.09479537332147192,0.16143090242674,0.270637527055019,0.0025015826867445887,0.17235663660239275,True
KRT15,3,3.4651318758438605,0.0005299715307639667,1.0,3,0,,0.017516616337583536,0.14106929713410704,0.05216374831182152,,,0.0025055951948600905,,False
ADAMTS12,6,3.46416902451502,0.0005318722012626945,1.0,6,0,0.3653397065129673,0.28728545133360806,0.3146608748712967,0.4755467362153589,1.05137378905532,0.904904419686136,0.0025131454968027743,0.3653397065129673,True
SETD3,6,3.4637868783186367,0.0005326283178783149,0.8333333333333334,5,1,0.0598129947476318,0.02893472694230237,0.0994840669403887,-1.8406227702014277,0.138257543428119,0.282245901255343,0.00251599997646172,0.0598129947476318,True
RBP7,4,-3.4564974499247847,0.0005472443856328008,1.0,0,4,-0.5104018202402244,-0.1562958178993618,-0.20761030863101432,-0.6118090266932372,,,0.002576952794023931,-0.5104018202402244,True
PRR5L,4,3.454565216978572,0.0005511808916459268,1.0,4,0,0.17086158577684518,0.06461025992626412,0.4495954243304807,0.23323151678434662,,,0.0025903310955489437,0.17086158577684518,True
TTC1,6,-3.451919312206787,0.0005566141505460627,0.8333333333333334,1,5,-0.025569701666587896,-0.16008627518520413,-0.20924494296338558,0.02549900169936059,-0.0096391679073097,-0.0329622551113822,0.002612897736766429,-0.025569701666587896,True
CHRNA7,6,-3.4500137914588382,0.0005605579154861671,0.8333333333333334,1,5,0.7439161917163624,-0.22171846621087798,-0.6073369200114365,-0.6118855039768842,-0.399588691912881,-0.0297112690957184,0.0026287281507218407,0.7439161917163624,False
XYLT2,6,-3.449983075416091,0.0005606216996162457,0.8333333333333334,1,5,0.3579323772132508,-0.1236311328206341,-0.2611059378882512,-0.12543299821592946,-0.104622245530671,-0.164044013529263,0.0026287281507218407,0.3579323772132508,False
CRYBB1,6,-3.4464370289108777,0.0005680309307444214,1.0,0,6,-0.011565695777260632,-0.15771932215737539,-0.3928384169041208,-0.08292369822446699,-0.113859918378154,-0.406141841912067,0.002659702394818009,-0.011565695777260632,True
WDR55,5,3.445032880497749,0.0005709899300475663,1.0,5,0,,0.0768230482423995,0.1909272954688035,0.011221464380914092,0.0253080936450303,0.17336462257652,0.0026682736652025177,,False
RFFL,5,3.4433933535339962,0.0005744631111171089,0.8,4,1,,0.1749643632667801,0.18993717574833724,-1.4113257717100716,0.0711978738045627,0.335284714156191,0.0026814758644135325,,False
ATN1,4,3.442963681372135,0.0005753765782190262,1.0,4,0,0.43182545256533533,0.005129844481271295,0.09110372434563185,0.2894733644692531,,,0.0026849825550271556,0.43182545256533533,True
MYL6,5,3.4427493847740447,0.0005758326701632577,0.8,1,4,,-0.11214576694806455,0.17522992026421136,-2.265331099908634,-0.0898833756701269,-0.2092901367281,0.0026863535390479823,,False
ADI1,5,-3.442196636146548,0.0005770106511069936,1.0,0,5,,-0.023498046977051157,-0.2597143601109688,-1.2617604364384052,-0.19875876959127,-0.156644478475321,0.0026910905317337162,,False
ANXA8,4,3.4401842849967856,0.0005813182197605963,1.0,4,0,0.34579741283013554,0.484719512171214,0.2901841693803844,0.49899049357057357,,,0.002708479355263932,0.34579741283013554,True
RAP1GDS1,6,3.440149185708478,0.000581393617040403,0.8333333333333334,5,1,0.27170624823288847,0.07810071666033824,0.12239877324623194,0.3656292994815722,-0.010389254998201,0.0634334008451156,0.002708479355263932,0.27170624823288847,True
NSMCE1,6,3.440012847243265,0.0005816865740119907,0.8333333333333334,5,1,-0.04703360426080305,0.1560292337454685,0.15306556576285946,0.246766775302933,0.0349164581086499,0.222344264508257,0.0027090816468898337,-0.04703360426080305,False
COL9A2,6,3.4386096105936605,0.0005847097726150803,0.8333333333333334,5,1,0.41793045897294867,0.07430006269210221,0.32670784655706697,0.03555432914375434,-0.0140776442181285,0.134318249676203,0.002720100100147501,0.41793045897294867,True
DGCR8,5,3.4354175369825004,0.0005916414934862778,0.8,4,1,0.02964257899093159,,0.24590989814426578,-1.1407427974500974,0.138930298691601,0.0311760582043963,0.002749553614316074,0.02964257899093159,True
ACBD6,6,3.435231071687522,0.0005920487660047241,0.8333333333333334,5,1,0.01398674683065071,0.03965333149373018,0.2372888340036905,-1.1441629232836297,0.212700159344161,0.143850791422421,0.002750376417319729,0.01398674683065071,True
HAPLN3,6,-3.433668673550702,0.0005954715832526107,0.8333333333333334,1,5,0.0025992070532885325,-0.2097840622461155,-0.23612707001695388,-0.20833265962382175,-0.103256978995201,-0.801138564192095,0.002763175118025571,0.0025992070532885325,False
SENP1,6,3.432223255684252,0.000598654520164897,0.8333333333333334,5,1,0.1687105179437478,0.15833291729829213,0.16214846736945532,-1.0809683402747017,0.761866642064317,0.12212516794799,0.002776388236976569,0.1687105179437478,True
SF3A3,6,3.430407794236245,0.0006026747616298012,0.8333333333333334,5,1,-0.035232506084295956,0.050379120314628434,0.12873590946438274,0.2065554910421339,0.230235201829188,0.333098016454975,0.0027934675593661354,-0.035232506084295956,False
GPNMB,6,3.429357631819505,0.0006050117464105174,0.8333333333333334,5,1,-0.3142780754465315,0.1888867228012434,0.6198584403603951,0.7471368162685406,0.45135653046343,0.506546723887139,0.0028027300382275073,-0.3142780754465315,False
KPNB1,6,3.428913188125387,0.000606003329314781,0.8333333333333334,5,1,0.1162626625433365,0.0050168048993910475,0.0961359302630882,0.36646948740793484,0.0914478559327192,-0.153568375149121,0.002805753036872239,0.1162626625433365,True
LDLRAD3,6,3.427012925233566,0.0006102600217099437,1.0,6,0,0.06985489638771991,0.15755363062134564,0.15697999042004263,0.22306234931795998,0.219186021576463,0.232172191754307,0.002820063538334046,0.06985489638771991,True
CEP76,6,3.4268316727010735,0.0006106674875028938,0.8333333333333334,5,1,0.07125405149414288,0.06734231609069252,0.2281017558842886,0.08107950448832213,-0.0985209815676606,0.0951028078146461,0.002821034957618727,0.07125405149414288,True
HMX1,6,3.424701114686386,0.000615476117352271,0.8333333333333334,5,1,0.1266202324517749,0.34793678959672814,0.33881837500146106,0.04044625506635369,0.188073941469424,-0.588917633597021,0.002838495596103313,0.1266202324517749,True
RGS3,6,-3.4244477716559527,0.0006160502458980067,0.8333333333333334,1,5,0.4001561138041074,-0.1566870303218586,-0.4791896339748769,-2.1190284778692767,-0.0037831752753376,-0.0720040154323309,0.0028403519972434003,0.4001561138041074,False
SLC35D2,4,3.4242849289019994,0.0006164195448644772,1.0,4,0,0.08975243932685029,0.1706120205573649,0.15234754103737247,0.4100112798152935,,,0.0028412632432739705,0.08975243932685029,True
KBTBD6,3,-3.4234769154077735,0.000618255027408425,1.0,0,3,,-0.06295323401714592,-0.19587426486864778,-0.1562875328480775,,,0.0028489301819777982,,False
IKBKE,4,3.4232977087607668,0.0006186628014449508,1.0,4,0,0.3157806005677415,0.18359207066640115,0.3787197077489659,0.030528597431215942,,,0.002850015777766999,0.3157806005677415,True
KLHL38,4,-3.4220475843790505,0.0006215143541450942,1.0,0,4,-0.33136911554055026,-0.05481753593675892,-0.26405363843866514,-0.29134836216375426,,,0.0028599681928856264,-0.33136911554055026,True
ANAPC4,6,3.419615290548004,0.0006270975284033976,0.8333333333333334,5,1,0.025492826137833546,0.012759580311959784,0.16549198713576896,0.1261640705050988,-0.0521900206878467,0.303798921026988,0.0028808543686186616,0.025492826137833546,True
UQCRC1,6,-3.418302493252374,0.0006301303243311128,0.8333333333333334,1,5,-0.1134143548145099,-0.07840010191680946,-0.06868818340968907,0.23059725290003819,-0.343663257121895,-0.250738336308706,0.0028931808955141684,-0.1134143548145099,True
ALAD,6,-3.417944662810298,0.0006309593398166222,0.8333333333333334,1,5,-0.18590447455877968,-0.2871071425302998,-0.14240668263520373,0.18229604943436772,-0.019864877915255,-0.481380758056101,0.0028961838581932145,-0.18590447455877968,True
CCDC40,6,3.4177896948772046,0.0006313186816520137,0.8333333333333334,5,1,0.3592037579313436,0.09147449710602673,0.15807876968670587,0.2746533622780416,0.239731000982912,-0.0846602674502073,0.0028970298915176407,0.3592037579313436,True
TSPAN18,6,3.4171314801513253,0.000632847081925826,0.8333333333333334,5,1,0.08060545855105161,0.2555157095436762,0.2226529945651441,-1.307523678359261,0.0691945424676599,0.213766021386654,0.0029008266131366027,0.08060545855105161,True
ROCK2,6,3.4170146700158246,0.0006331186789870404,0.8333333333333334,5,1,0.08612991909567302,0.04477012989214302,0.17939951716903035,-1.5283772022941369,0.279705912828608,0.183015081164334,0.0029012680992783757,0.08612991909567302,True
NUS1,6,3.4146205028203966,0.0006387093371880754,0.8333333333333334,5,1,0.20142223403954684,0.023354606228989105,0.1188245120783904,0.20946558925463776,-0.0337403025394298,0.0571843538371257,0.002920419046722935,0.20142223403954684,True
KY,4,-3.413288564666356,0.0006418394125290419,1.0,0,4,-0.2629670248210707,-0.04915976866451288,-0.5688800125591903,-0.14514426486068355,,,0.0029306830223946763,-0.2629670248210707,True
LRCH3,6,3.411700095948848,0.0006455909912728978,0.8333333333333334,5,1,0.13208124056798365,0.09700824875448877,0.16117533362421188,-1.2894969082738994,0.179053145773828,0.202890076981895,0.00294618750690626,0.13208124056798365,True
RAD51D,6,-3.4114595424913507,0.0006461608952365871,0.8333333333333334,1,5,0.000606867549047152,-0.10208673008888436,-0.18026710234159937,-0.0712039501357351,-0.104974639399581,-0.306316689260817,0.002947975506603084,0.000606867549047152,False
ENSA,6,-3.4105660310683414,0.0006482818450306565,0.8333333333333334,1,5,-0.029748440695653855,-0.0652277180942411,-0.1139162882935798,0.055744369339848276,-0.0157686611411858,-0.157782909847741,0.002956022341307831,-0.029748440695653855,True
PROM1,6,-3.4094057375467095,0.0006510457255179406,1.0,0,6,-0.0975888063875221,-0.0751971832222118,-0.29690620694319847,-1.159970368326885,-0.094956351263396,-0.0388043781622005,0.002966994031171438,-0.0975888063875221,True
ZFP583,6,3.4094053965223816,0.0006510465394643948,1.0,6,0,0.114746484350015,0.23582353387462618,0.22177224341480395,0.20977398201681874,0.181789181092377,0.343400258014189,0.002966994031171438,0.114746484350015,True
TMEM54,6,-3.409243483535385,0.0006514330953466156,0.8333333333333334,1,5,0.1429426165136034,-0.1972287664268837,-0.5907828714566037,-0.24648466210657505,-0.283807423331032,-0.115549353399288,0.002967938506517253,0.1429426165136034,False
PIK3R1,6,3.407373987398105,0.0006559118731770711,1.0,6,0,0.15698766642876727,0.22366309625455782,0.1294886674417004,0.22582993366764015,0.0571217130910981,0.0014407696196066,0.002985878252152608,0.15698766642876727,True
CSNK1G2,6,3.4051005283356566,0.0006613970129104437,0.8333333333333334,5,1,0.1580125821012981,0.04565779399518277,0.08172202458917788,0.2553775984895825,-0.022999583040753,0.0808546639408052,0.0030091927866117826,0.1580125821012981,True
MRPS5,6,-3.4039103860984525,0.0006642854301216539,0.8333333333333334,1,5,-0.053511154571427966,-0.3193104971747722,-0.15476940525270244,-1.549700178348706,0.282110092993091,-0.203280983495967,0.0030206737470806636,-0.053511154571427966,True
CCDC127,5,-3.4030512792990097,0.0006663777246574515,0.8,1,4,,-0.12229569237113935,-0.15151296383214863,-1.8312104534510043,0.154927553344631,-0.0027026174427415,0.0030283552164315146,,False
STK17B,6,3.402704572162906,0.0006672238396928631,0.8333333333333334,5,1,-0.10538622721712887,0.11886826336305467,0.3200970474863336,0.6753018952772525,0.24519080835707,0.375742662763604,0.0030298735238947242,-0.10538622721712887,False
NDUFS7,5,-3.4020930883097353,0.0006687185590401199,0.8,1,4,,-0.08750879023346414,-0.13584014944623313,0.10074778389242045,-0.206687797994609,-0.287945425770601,0.003032501257323853,,False
RNF149,6,3.401845361696792,0.0006693249909291439,0.8333333333333334,5,1,0.1583129815306359,-0.10396249992687334,0.14548377154282743,0.5200600325135882,0.113455145867157,0.0203737656494987,0.0030344199533988464,0.1583129815306359,True
SUPV3L1,6,-3.4007472819666598,0.0006720192387866502,0.8333333333333334,1,5,-0.16736037316763586,-0.05772006610273639,-0.08850559628682042,-1.1552442628185906,-0.556257632246455,0.534368860298374,0.003043300257290461,-0.16736037316763586,True
GPATCH2,6,3.4005334409133248,0.0006725450906319675,0.8333333333333334,5,1,0.2879415992306833,0.04694821980181141,0.10237509165109948,0.12068696115086386,0.384408734985572,-0.0573084513533573,0.0030446779191008215,0.2879415992306833,True
IDH3A,6,-3.400473993068244,0.0006726913454659077,0.8333333333333334,1,5,-0.14046108086638576,-0.011557358417323194,-0.08315355099138344,-0.07843672285377057,-0.185388857238336,0.132270142754777,0.0030446779191008215,-0.14046108086638576,True
SNX4,6,3.3987490325281704,0.0006769480283495476,0.8333333333333334,5,1,0.08678065168969429,0.06855240285472863,0.1560921323090092,0.2284212900713145,0.0153771777168115,-0.0298305428887475,0.0030605964941933113,0.08678065168969429,True
ENTPD1,6,3.396752570469205,0.0006819059521604827,1.0,6,0,0.20241317143493465,0.16828678328475344,0.410702460754897,0.19782014040133955,0.070525605852551,0.2007966842386569,0.0030813287797325445,0.20241317143493465,True
APBA2,6,3.3948389932514873,0.0006866897053110523,0.8333333333333334,5,1,0.8724362330156046,0.06654441566114233,0.09446482777859355,1.4187106581728184,0.0357414387675398,-0.0360682385102153,0.0030995604042292164,0.8724362330156046,True
CYP24A1,4,3.390578741947718,0.0006974521560715171,1.0,4,0,0.0352554416536436,0.0047831932977797,0.023032675456464386,0.919707890897994,,,0.0031429970289397636,0.0352554416536436,True
PSMB11,3,3.3899856665628634,0.0006989627812707597,1.0,3,0,,0.1581579198181282,0.24997091684167355,0.013429204734982103,,,0.0031489471844293997,,False
NUDT14,6,-3.3896297260774033,0.0006998708584860981,0.8333333333333334,1,5,-0.016929948305906883,0.054459582345283586,-0.2117026457411022,-0.03295907608065063,-0.235601671394509,-0.17566856099958,0.0031504657192444646,-0.016929948305906883,True
CDV3,6,3.386980468820532,0.0007066641840461422,0.8333333333333334,5,1,0.016038615636911224,0.015115656199917282,0.1356035743109789,0.35082461434091883,0.144525040571586,-0.0834989644380997,0.003179316546434288,0.016038615636911224,True
SGIP1,6,3.386041075647416,0.0007090876907278005,0.8333333333333334,5,1,0.7020628827709636,0.13569687304609301,0.08334113312692537,-1.6276324361832089,0.244064950262347,0.446178604970017,0.0031893531132952593,0.7020628827709636,True
SLFN1,3,3.3858461332338807,0.0007095915822929595,1.0,3,0,0.07077234171695618,,0.7880905690981337,0.17447528038144822,,,0.003190752477618328,0.07077234171695618,True
LIPG,6,-3.3857092845180845,0.0007099455106951431,0.8333333333333334,1,5,0.11309497735275764,-0.2261611507188966,-0.4649911330245521,-0.02637041613161384,-0.242547814381994,-0.429758853576095,0.0031914769399853365,0.11309497735275764,False
KHDRBS2,6,3.3851789455099324,0.0007113186633198689,0.8333333333333334,5,1,0.20379981929051372,-0.0027878557230762713,0.3581188108050295,0.5119764231957911,0.205036640349231,0.115671485423083,0.0031967815680886426,0.20379981929051372,True
STAT6,6,3.3841990841542047,0.0007138622121675473,0.8333333333333334,5,1,0.1749321381162119,-0.11341782293475156,0.16490272823443863,0.1011036411501216,0.0744241088823532,0.15071964329191,0.0032047321225379018,0.1749321381162119,True
DUT,6,-3.382329730042295,0.0007187381838287875,0.8333333333333334,1,5,-0.2791706265419087,-0.1633827633160787,-0.11991988905701234,-0.19918526350736698,0.0101031456733764,-0.0894646268047223,0.0032213794797546955,-0.2791706265419087,True
B3GALNT1,6,3.3812140878742425,0.0007216629192434408,1.0,6,0,0.07346392803684498,0.14973410941016407,0.18566482316400368,0.3014295982894648,0.0303187474570898,0.0059491446556614,0.0032327373854715647,0.07346392803684498,True
STMN3,6,3.3800474797850675,0.0007247330886418704,0.8333333333333334,5,1,0.14476485444968823,0.037357159702540166,0.13638079320754493,0.2560407749685538,0.0321481080165668,-0.196458801150701,0.0032451667484538964,0.14476485444968823,True
RAB8B,5,3.3800108375085482,0.0007248297165921977,1.0,5,0,,0.049244913720039474,0.11249276961419419,0.370849154642241,0.159662943418346,0.252848091988537,0.0032451667484538964,,False
KLHL13,6,-3.379931923650684,0.0007250378579623512,0.8333333333333334,1,5,-0.21281838391070806,-0.017179506771989317,-0.21337384793111447,-0.17870032041656536,-0.0511687319873726,0.328619578018282,0.0032451993356586227,-0.21281838391070806,True
CRAMP1,3,3.379762746543986,0.0007254842627202097,1.0,3,0,,0.15770299413940947,0.12613223072435265,0.12899009876930467,,,0.0032454636531202463,,False
MEIS2,6,3.3774993513592606,0.0007314812561412462,1.0,6,0,0.685172874054766,0.02662524211837969,0.18481285532132752,0.018550369644857234,0.512332075272626,0.0046444007574626,0.00326611215312919,0.685172874054766,True
LIN54,5,3.3770623756527303,0.0007326443380695689,1.0,5,0,0.033945774989144084,0.033858909136847526,0.13721721385791685,,0.203818286112663,0.554882030593954,0.0032704231617388096,0.033945774989144084,True
HSPB2,5,-3.3716078315930402,0.0007473077754087006,0.8,1,4,,0.13867176723834596,-0.28540233863742825,-0.6912943745108824,-0.759309818834861,-0.391038580230282,0.003325117822194842,,False
MAP4K1,4,3.366575620305908,0.0007610771215320076,1.0,4,0,0.32926532051088064,0.1844498394394155,0.5561485071538925,0.1080096653672642,,,0.003380023749825004,0.32926532051088064,True
RIC8B,6,3.364014980220475,0.0007681737356026549,1.0,6,0,0.15212385232092007,0.04024285035516151,0.11101737062205963,0.0884629570429798,0.0680076409977561,0.194770982122619,0.0034073263387891174,0.15212385232092007,True
SOX7,5,3.3628861444959233,0.0007713216854552071,1.0,5,0,0.06955639299528227,0.01665611446071369,0.38872657420844603,0.9766596875977602,0.0163532523740963,,0.0034190992334372223,0.06955639299528227,True
OSTM1,6,3.36066730860342,0.0007775442202409526,0.8333333333333334,5,1,0.18550230448531924,0.130202366413116,0.08781570563536167,-1.7054251556697118,0.21012365270582,0.063829799484393,0.0034439154223784444,0.18550230448531924,True
RARA,6,3.3591065723698335,0.000781949053908357,1.0,6,0,0.08944518570463744,0.042247158992312794,0.2879955942982182,0.4925456030012101,0.152874674895868,0.0883227659599681,0.0034597221973512765,0.08944518570463744,True
NUFIP1,6,3.358686736912712,0.0007831378941206321,0.8333333333333334,5,1,-0.05514414685495872,0.11782305075051314,0.1420561392837385,0.3562524381920107,0.0801318084728946,0.140767618323683,0.0034631307570090037,-0.05514414685495872,False
PIGP,6,-3.3584061538845353,0.0007839333509111398,0.8333333333333334,1,5,-0.4057462074535625,-0.05485276919811177,-0.09928673107807562,-1.4781374196674175,-0.262753897342407,0.0429950133253403,0.003464797015829422,-0.4057462074535625,True
POLR3B,6,-3.356431023178208,0.0007895541305684448,0.8333333333333334,1,5,0.1410215267129855,-0.10773884285013446,-0.14376724833683774,-1.6244510429462045,-0.0749483743003778,-0.0400361157886682,0.003484165392641366,0.1410215267129855,False
LAPTM5,6,3.356348753218065,0.0007897890619375546,0.8333333333333334,5,1,-0.09849315753779342,0.4206246412267709,0.3953938900226275,1.1686124303968297,0.667671638163894,0.293416047840507,0.003484165392641366,-0.09849315753779342,False
TATDN2,6,-3.3559867904494554,0.0007908234593059965,0.8333333333333334,1,5,-0.025256862818295645,-0.152074911964311,-0.19211053755186125,0.25836473678466376,-0.185977297558015,-0.379432812096931,0.0034866247338078095,-0.025256862818295645,True
DCXR,5,-3.353241073245282,0.0007987110612197762,0.8,1,4,,-0.14892035364887257,-0.48285220653252425,0.4447362407065665,-0.404566075570259,-0.173903443437954,0.0035141588211881278,,False
INTS10,6,3.3520693559438004,0.0008020992194196563,0.8333333333333334,5,1,0.09204686025549691,0.05159917684606041,0.16793230531279146,0.055881907060868485,-0.213869031099934,0.10084742097742,0.003527190828861358,0.09204686025549691,True
SCNN1B,4,3.351884090004239,0.0008026361572251149,1.0,4,0,0.12954081900390935,0.19901654640135819,0.20071047768624206,0.03792146137972739,,,0.003528614521750359,0.12954081900390935,True
SYT10,6,-3.350510657840328,0.0008066270527460088,0.8333333333333334,1,5,-0.056175672108433994,0.013551771002539181,-0.13560023974767196,-0.5990673464318265,-0.607790485311142,-0.110833469189107,0.003543336246563678,-0.056175672108433994,True
ALOX5,6,3.3478055620463816,0.000814541377235349,1.0,6,0,0.06410810087791408,0.08950410872392356,0.46023611283009935,0.46930847646086393,0.391922346209602,0.251856677980943,0.0035743077613996544,0.06410810087791408,True
UQCRFS1,6,-3.3473479508482114,0.0008158873184787842,0.8333333333333334,1,5,-0.25883215768813717,-0.09639615671997515,-0.16603160372932102,0.043032892258344724,-0.0449864932349366,-0.156240570234183,0.0035777452128175954,-0.25883215768813717,True
TMEM69,6,-3.345199003124797,0.0008222355170841959,1.0,0,6,-0.26313086805007835,-0.05507298645418368,-0.08238691178205837,-0.6882350929482679,-0.0178810317362821,-0.307173515448155,0.00360329422260461,-0.26313086805007835,True
DCTN2,6,3.3448097676347994,0.0008233902465361109,0.8333333333333334,5,1,0.1522173341197881,0.041395967510144516,0.08166650312121426,0.3616049131859036,0.0394192703022165,-0.103468468135235,0.0036073995131460316,0.1522173341197881,True
NXT2,6,-3.344417082256762,0.000824556735041029,0.8333333333333334,1,5,-0.0757956528588064,-0.008654706475994312,-0.2061987285589053,-0.1803716027688793,-0.211481305709308,0.103982811761308,0.0036096437657760147,-0.0757956528588064,True
COX17,3,-3.342667601827558,0.00082977229456634,1.0,0,3,,-0.06418266259513405,-0.12526642854960013,-1.689124256081766,,,0.0036276785577554304,,False
MSRB1,6,-3.342494665252433,0.0008302895126089027,0.8333333333333334,1,5,-0.3900762482918738,-0.14928587119553427,-0.11586941142752138,0.24398271880714173,-0.142366298143214,-0.258287091477014,0.003628981255004636,-0.3900762482918738,True
PPP1R10,6,3.342193951779143,0.0008311895975354811,0.8333333333333334,5,1,0.13607063896240845,0.0221786423664887,0.12097202549596542,0.4220171396655923,0.120152568291862,-0.281235632498894,0.0036319562350600014,0.13607063896240845,True
AIF1L,6,-3.341796894456898,0.0008323794420861183,0.8333333333333334,1,5,0.046426539240187914,-0.19815009558673458,-0.45968469062469897,-0.06320427267565787,-0.250736747089412,-0.0852075420796359,0.0036352360225354696,0.046426539240187914,False
PLCG1,6,3.3408476271276815,0.0008352304775769147,0.8333333333333334,5,1,0.07320309423502369,0.05178242669278976,0.21373937402911736,-1.3922835713607018,0.0611645358184183,0.0049657644963385,0.003645763413727081,0.07320309423502369,True
AMD1,4,-3.33970940503706,0.0008386609626349985,1.0,0,4,-0.034478860704068026,-0.055717237053783286,-0.1329402646769191,-1.9440763190235106,,,0.003658807657758169,-0.034478860704068026,True
PPP6R3,6,3.3380063785345393,0.0008438181229719841,0.8333333333333334,5,1,0.12543213031431577,0.045360019022679055,0.09477043252779183,0.19765220720877785,0.0297268612936945,-0.134960960225195,0.0036793671157619285,0.12543213031431577,True
NUDT16,6,3.3364456368530395,0.0008485702265908369,1.0,6,0,0.22766881899763636,0.046815768869721275,0.16038549535446034,0.24658217119178527,0.180832142819815,0.136405372932074,0.0036961932606661926,0.22766881899763636,True
PRR14,5,3.3358479984426688,0.0008503964623930964,0.8,4,1,0.009206815150200054,,0.22099115093525956,-1.0906562972773703,0.137404035512318,0.255614191290677,0.0037012259388720828,0.009206815150200054,True
PDCD4,6,-3.3355888557566202,0.000851189470990834,0.8333333333333334,1,5,-0.037066226467361574,-0.11564617276230038,-0.1550756902367949,-0.08328006281317446,-0.0671525116014213,0.180048517821909,0.003702730124530955,-0.037066226467361574,True
APOO,4,-3.335056914498616,0.0008528194260749043,1.0,0,4,-0.19707766834048446,-0.04232236130255762,-0.11010117803854058,-0.14030938412008087,,,0.003707836320261208,-0.19707766834048446,True
TEAD1,6,3.3340773185705483,0.0008558286442212252,0.8333333333333334,5,1,0.14674604620654197,-0.10646277571187479,0.2002668399778491,0.3639512022706777,0.260628998946157,0.260010907802545,0.0037190012389471568,0.14674604620654197,True
FOXK1,6,3.329322050439083,0.0008705767570761036,0.8333333333333334,5,1,0.29597269122609493,0.1511031287262714,0.15793607298769974,0.25162688069972017,0.111666297184787,-0.0128527309336457,0.003772195414430279,0.29597269122609493,True
PYURF,5,-3.3276436913415988,0.000875838080448425,0.8,1,4,,-0.143400346545687,-0.2327907520878174,-1.235583711428215,-0.0106056028592199,0.281273854880837,0.003792014624007934,,False
KDSR,6,3.325074480948819,0.0008839491758013186,1.0,6,0,0.08199763557345463,0.08786859495515298,0.13328994220003487,0.17456313172302185,0.0361465865503527,0.0264556994753551,0.003817147601842793,0.08199763557345463,True
ISG20,6,3.324451758590931,0.0008859255909534635,0.8333333333333334,5,1,0.005199997996452765,0.056328403864286614,0.5723459336110326,0.2574650833862968,-0.917113985434095,0.511042843893176,0.0038236871920369567,0.005199997996452765,True
CPXM1,6,3.3224243974956846,0.0008923885050309763,1.0,6,0,0.12120403525202317,0.10701957510130766,0.34754794757664387,0.6706472325234127,0.0217322498529611,0.336541497306492,0.0038485707491591244,0.12120403525202317,True
ZYG11B,6,-3.3222825212145546,0.0008928424169183354,0.8333333333333334,1,5,0.25142458534827394,-0.07843929658798654,-0.1447161052644388,-0.14095762675351597,-0.123122692865581,-0.0342322793525485,0.00384952531514256,0.25142458534827394,False
EIF1A,6,3.3221749809009693,0.0008931866186040877,0.8333333333333334,5,1,-0.0643680726928686,0.002499113194891933,0.18725329978319571,0.383186890187849,0.105453543728748,0.172101943051321,0.003850006487274703,-0.0643680726928686,False
PLEC,6,-3.3206559217624694,0.000898061792360104,0.8333333333333334,1,5,0.3475252615620654,-0.9504333343794313,-0.1455935443641696,-1.9009040346994688,-0.40431368000336,-0.473127788398817,0.003867998643545262,0.3475252615620654,False
IDO2,4,3.3201504946842793,0.0008996893390661706,1.0,4,0,0.09180065741050629,0.03334085140504864,0.3976047816451995,0.043570613294428906,,,0.0038740005047407013,0.09180065741050629,True
OSBPL7,6,-3.319382515613019,0.0009021675739120709,0.8333333333333334,1,5,0.20593586472653413,-0.07897701265248536,-0.35672925963362623,-1.0736878987629925,-0.0084121202088578,-0.514783325589975,0.003882651503742225,0.20593586472653413,False
TP53,3,3.31907436147845,0.0009031637513049811,1.0,3,0,0.043001653180424704,0.10697570364484399,0.31679320325137095,,,,0.003884739700818686,0.043001653180424704,True
PUM1,6,3.3189255461233382,0.0009036451952942402,0.8333333333333334,5,1,0.09000566638157181,0.022102927818956175,0.10648183647353626,0.18656950300340291,0.185175206985873,-0.0612344273024314,0.003884970200652017,0.09000566638157181,True
PAIP2,6,-3.3187844123801757,0.0009041020076570248,0.8333333333333334,1,5,-0.061491624759741015,-0.06998831403820738,-0.09983453882955828,-1.8040373228171287,-0.0388951382138356,0.161968993603202,0.0038859248067356724,-0.061491624759741015,True
TAF6L,6,3.3180200781295457,0.0009065796745656268,0.8333333333333334,5,1,0.022500741223662413,0.2388756431441852,0.18955765921455203,0.31181296575103845,0.180844909298339,-0.212438354767498,0.0038945514594887765,0.022500741223662413,True
TLR4,6,3.316965443081985,0.0009100087136181347,1.0,6,0,0.1304095615988019,0.11395837339094728,0.20461611156243364,0.19947066570690275,0.681673826295409,0.54217296847336,0.0039082678328508985,0.1304095615988019,True
TEAD3,5,3.3159463112054715,0.00091333373375396,0.8,4,1,,0.18347933852412535,0.27932901424268586,0.2723926643162655,-0.173929468234081,0.285266928488364,0.003919497008321376,,False
BTK,6,3.3158378489765354,0.0009136882647506076,0.8333333333333334,5,1,-0.33882742836873725,0.19867128342789547,0.6356017640982543,0.8481055648553995,0.648601975318982,0.287705911420535,0.003920002114606546,-0.33882742836873725,False
WNT16,6,3.3149455064543965,0.0009166099133413599,0.8333333333333334,5,1,0.260503222044544,0.12881972766139116,0.2394120274504119,0.32601938446377754,0.509234755783431,-0.56538351871524,0.003930499296794349,0.260503222044544,True
IRS1,6,-3.3147344781375088,0.0009173021128250749,0.8333333333333334,1,5,0.1149066736116966,-0.11960066609094788,-0.36246944109786794,-1.0227877646402228,-0.277444251391541,-0.267315122794009,0.003932448736462222,0.1149066736116966,False
CENPQ,5,-3.3142450437748496,0.0009189093841657004,0.8,1,4,-0.24143211900385397,,-0.22782106518779655,-0.03283517312951467,0.162238028192106,-0.0585693865974228,0.00393831903850613,-0.24143211900385397,True
GNGT2,3,3.3140099739779907,0.0009196822657559212,1.0,3,0,,0.23118517759351087,0.4840309999199339,0.09439691459976185,,,0.003939591320598346,,False
PTPRR,6,3.3133432185076925,0.0009218777571856162,0.8333333333333334,5,1,0.6130992142471561,0.14980558532440913,0.1593359642214125,-0.08183543101715163,0.119717407602577,0.0301614058833541,0.00394695308767106,0.6130992142471561,True
PCDHGC3,5,-3.3103087919441387,0.0009319309921703227,0.8,1,4,,-0.03522411155514682,-0.06878449896666083,-1.1722158261533506,0.0132784459066546,-0.199765301567314,0.003987932208480657,,False
CCDC134,6,3.310013125810665,0.0009329159630392564,0.8333333333333334,5,1,0.06237356012992468,0.18414919699104648,0.2995515699944056,0.2819440076354889,-0.225225726152264,0.171110778346845,0.003991115280492574,0.06237356012992468,True
VCPKMT,4,-3.3097574289415346,0.0009337685594688696,1.0,0,4,,,-0.11827147998287968,-0.07805465114458654,-0.057133275310715,-0.321782791642423,0.00399373054168701,,False
HELZ2,6,3.3092178553993685,0.0009355700846555781,1.0,6,0,0.2602815120172317,0.06294085532298932,0.43862638066679116,0.4386018502038356,0.0854932944015645,0.142014041316303,0.004000401973965158,0.2602815120172317,True
EPSTI1,6,3.306180858442759,0.0009457702039193049,0.8333333333333334,5,1,-0.32120934684465396,0.025655054152238344,0.8287049049073332,0.9468517571474426,0.343314133411727,0.8811445791521,0.004038799900741056,-0.32120934684465396,False
DPCD,4,-3.305717619941938,0.0009473350705370764,1.0,0,4,-0.1697220109999691,-0.015989281996048987,-0.14413641491050644,-1.4278601305054952,,,0.004043396103024674,-0.1697220109999691,True
DIDO1,6,3.3039350593141137,0.0009533791401252735,1.0,6,0,0.14640495132417541,0.30479243494469754,0.12234326101718818,0.15059353999494896,0.018467612047721,0.106957303045156,0.00406500039344501,0.14640495132417541,True
SIRT3,6,-3.30043845942698,0.0009653388239309807,0.8333333333333334,1,5,0.10395254355966177,-0.2128945516671501,-0.15317126955458793,-1.402475598664056,-0.559263935793169,-0.0484723512772125,0.004110699308902906,0.10395254355966177,False
LAX1,4,3.2996325283895085,0.0009681150430194483,1.0,4,0,0.1392238645133842,0.0815712320871996,0.10793444395112814,0.5961858772209683,,,0.004118283267041355,0.1392238645133842,True
PLEKHA7,6,3.297964585841159,0.0009738841654173909,0.8333333333333334,5,1,0.2613717905226087,0.31563362335945744,0.18075186272397126,0.2678862890570999,0.20748046695987,-0.17901232835208,0.004138977849419374,0.2613717905226087,True
CEP63,6,-3.2972890860007387,0.0009762296461444341,1.0,0,6,-0.07564060056921118,-0.26382869507177875,-0.09264337491524355,-1.319447161766262,-0.16191197670456,-0.021688718797896,0.0041451076754819285,-0.07564060056921118,True
OPN4,4,3.2971980783088886,0.0009765460439620999,1.0,4,0,0.050433871946442554,0.10836858608671585,0.22380132788495022,0.7143672446850219,,,0.0041451076754819285,0.050433871946442554,True
POSTN,6,3.296560025676077,0.000978766969125957,0.8333333333333334,5,1,-0.18003184998687027,0.2814786733377892,0.4642987976632442,0.5300745907307478,0.45769179909211,0.476754354626587,0.004152922551390116,-0.18003184998687027,False
CCL22,4,3.2960128633334134,0.0009806752488229873,1.0,4,0,0.1716604799978765,0.01765265508577396,0.27940602278498017,0.46518781431127176,,,0.004159953028836003,0.1716604799978765,True
EPHA5,6,3.295779463275741,0.0009814903010195337,0.8333333333333334,5,1,0.4283227824613176,0.09103769031186948,0.21541657782171342,-1.11206612447514,0.288295595187886,0.254256004857859,0.004162343700352376,0.4283227824613176,True
PKD1L2,6,3.294491249852514,0.000986000144347709,0.8333333333333334,5,1,0.040317431488469224,0.0224375561851051,0.2307074873306043,0.4918451061331821,0.614213834815089,-0.009768937741045,0.004180398152982398,0.040317431488469224,True
IDI1,6,-3.2928638149460396,0.0009917249824371523,0.8333333333333334,1,5,-0.01649807834370076,-0.02785301983358046,-0.21968576534733764,-2.1310285581120834,-0.0165755611257303,0.0860486154784894,0.004201441492014268,-0.01649807834370076,True
PODXL,6,3.29256935015359,0.0009927641052230227,1.0,6,0,0.021598797972868233,0.13490571587073452,0.13782148118276893,1.3098200361611054,0.0036061663578052,0.220118941663932,0.0042047675203816465,0.021598797972868233,True
TCHH,3,3.2912613719382935,0.0009973919619607832,1.0,3,0,,0.028120736357328632,0.12626294611930894,1.1691820123906151,,,0.004223258996433632,,False
RMND5A,5,-3.287795023180233,0.001009753288491966,0.8,1,4,,-0.02192273000090683,-0.13430057342639046,0.026406051053098345,-0.0418783859905085,-0.191865174880229,0.004270167713622642,,False
CLDN19,6,-3.2870290361523264,0.001012503932847854,0.8333333333333334,1,5,-0.0767524160653359,-0.1678889709841469,-0.3628993762054291,-1.697562095025897,0.012534186863008,-0.306336101942231,0.004277428559596141,-0.0767524160653359,True
PLPP6,6,3.2867447167670667,0.0010135266819636763,0.8333333333333334,5,1,0.058925314224045344,0.0038742945599472556,0.1696487420580146,0.1513355313061311,-0.0006002973427463,0.256394573330342,0.004280550009648376,0.058925314224045344,True
SLC30A4,6,3.2861535923329668,0.0010156561268115827,0.8333333333333334,5,1,0.02023073138618159,-0.002795681008139095,0.13432322388118756,0.39803348376999104,0.379537346694716,0.42731721998527,0.004287462435854455,0.02023073138618159,True
LFNG,6,3.285935075839265,0.001016444350375977,0.8333333333333334,5,1,0.06747169766717764,0.004551474712177095,0.3883279070956469,0.3633014770867997,0.0542578702027297,-0.532024172885782,0.004289695789756035,0.06747169766717764,True
CDKN2A,6,3.2856283482326964,0.0010175517205978151,1.0,6,0,0.06728798089470045,0.1294773549673538,0.19284637009753758,0.5884780492792006,0.707027351918841,1.05603157062187,0.004292180448352456,0.06728798089470045,True
IL1RAPL2,4,-3.2854688023635252,0.0010181281660280935,1.0,0,4,-0.021020733430407,-0.09891987535858765,-0.13802564849124643,-0.07502193418922201,,,0.0042926262557467995,-0.021020733430407,True
REG1A,3,3.285455541313929,0.0010181760923188698,1.0,3,0,0.018141643682992845,0.017380747535639,0.13936109413737768,,,,0.0042926262557467995,0.018141643682992845,True
FRMD4A,5,3.2828454148333135,0.0010276500165128303,0.8,4,1,0.45197916690085993,,0.06895737074217934,-0.0638802483639509,0.315610422584744,0.251212740336378,0.004327399617424027,0.45197916690085993,True
ZFP276,6,3.2816740943305653,0.0010319279997144852,0.8333333333333334,5,1,0.10378505504900559,0.041807711787007484,0.2430844631015021,-1.209452508840668,0.240806078689583,0.0200684107103024,0.00433955087684811,0.10378505504900559,True
KCP,5,3.279848359721417,0.0010386289583733752,1.0,5,0,0.022662968521260596,0.0984936963757932,0.4885466882947551,0.046517926792431386,0.594510696461637,,0.004363296070811195,0.022662968521260596,True
GCKR,4,3.2795455642993843,0.0010397441876421388,1.0,4,0,0.007255982785351334,0.07120398288519864,0.18566716342989434,0.2308530635928525,,,0.004365454397156395,0.007255982785351334,True
ARV1,5,3.279494072783861,0.0010399339468334743,0.8,4,1,,0.06489056206605914,0.1699708000633775,0.18625029383188485,0.0912616486101694,-0.135846620924097,0.004365454397156395,,False
TP53I13,3,3.2792261817349315,0.0010409217099391177,1.0,3,0,0.048149816014078084,0.0045975535432323245,0.2778112361866216,,,,0.004368492936843884,0.048149816014078084,True
SDHAF2,6,-3.2784923837012925,0.001043631804697339,0.8333333333333334,1,5,-0.07371957220316627,-0.014181552853350432,-0.07900511235325958,-1.597185821683051,-0.0047683546083284,0.206054829200113,0.00437764663744307,-0.07371957220316627,True
DDX59,6,3.2766212455572306,0.001050571951239782,0.8333333333333334,5,1,0.07541712663472389,-0.012183193211847687,0.17195868267341785,0.19702851950892208,0.219580976601566,0.495253456465568,0.004399999847938107,0.07541712663472389,True
GLCCI1,5,-3.2765541464173666,0.0010508216166565574,0.8,1,4,,0.07382252792610045,-0.11455424296620897,-1.3605556158929781,-0.130036319734882,-0.106325073431059,0.004399999847938107,,False
MGAT4B,6,3.2739846458790907,0.0010604237311175736,0.8333333333333334,5,1,0.2105639797072154,0.011818225102042224,0.15935999857031824,0.17454438114557025,0.0821927859150726,-0.311393003578356,0.004432985815923624,0.2105639797072154,True
BRPF1,6,3.27394455763849,0.00106057418022339,0.8333333333333334,5,1,0.09437512360206401,0.014268944349566937,0.1591223096684269,-1.0252082932567594,0.189583547956255,0.171518350465046,0.004432985815923624,0.09437512360206401,True
HIBCH,6,-3.2711038014107405,0.0010712858119941249,0.8333333333333334,1,5,-0.10192157734937357,-0.08100644082573627,-0.18694127102167624,0.2634377148445948,-0.171464732146259,-0.015759006988432,0.00447211166711898,-0.10192157734937357,True
TSPAN12,5,3.269943208533122,0.0010756907819909115,0.8,4,1,0.06724991085873366,,0.26604659988355017,0.14774773160879473,-0.0474858320840497,0.0750054684346306,0.0044881271922499475,0.06724991085873366,True
ENO3,6,-3.269878792450668,0.001075935759959388,1.0,0,6,-0.3116924287870697,-0.7555485554920829,-0.24321686840341927,-0.23754793282021636,-0.718541784593499,-0.33606583784817,0.0044881271922499475,-0.3116924287870697,True
ADAMTSL2,6,-3.2696934320815148,0.001076640983761259,0.8333333333333334,1,5,-0.0359623068044157,-0.2031371109018455,-0.4745445822763248,-0.0896243112168178,-0.618815883755977,0.656989508611222,0.004489937405698252,-0.0359623068044157,True
HNRNPLL,6,3.267595570196773,0.0010846523870727848,1.0,6,0,0.09727288197957407,0.1564663193145659,0.07647458554777042,0.11477163246749456,0.143264070240002,0.0829742786626693,0.004517815835745839,0.09727288197957407,True
RBM7,5,3.267585577356284,0.0010846906797519313,0.8,4,1,,-0.17333472329135402,0.14067403841470316,0.22694405052908806,0.094917186927268,0.379779116857793,0.004517815835745839,,False
FLRT2,6,3.2647430412669465,0.00109563421809431,1.0,6,0,0.1215678201539161,0.1518631326180997,0.1717857688793778,0.49677263447107034,0.206219909624263,0.265379868658342,0.004558807837580951,0.1215678201539161,True
SYK,6,3.2637892634931767,0.001099329005286612,0.8333333333333334,5,1,0.07881143798953083,0.11507647938960108,0.7590511142427854,0.7159662656315469,0.171666195560159,-0.250742903422346,0.00457073441233459,0.07881143798953083,True
VEGFA,6,-3.261621787256534,0.0011077683579569949,1.0,0,6,-0.1125284179015349,-0.15065960099014397,-0.17333446626220894,-0.14410891200338583,-0.123709936801208,-0.175289867716641,0.004602354884765104,-0.1125284179015349,True
PSME1,6,3.2614345677592285,0.0011085001252992333,0.8333333333333334,5,1,-0.30257180469904377,0.1298084602894063,0.33657108909031574,0.26938002078930445,0.305487962073653,0.0192037709942476,0.0046042394162993504,-0.30257180469904377,False
WASL,6,-3.260757726237267,0.001111149363025375,0.8333333333333334,1,5,0.17730012612168178,-0.06138950536763543,-0.28201532659192896,-0.010643733850772108,-0.0836861572569698,-0.0980057878007909,0.0046140853629693945,0.17730012612168178,False
NDRG3,5,3.258530800667978,0.001119907187433474,0.8,4,1,0.0808244096683568,,0.486440914981058,-2.020165500786204,0.0252117521941815,0.325980305109,0.004643206163410867,0.0808244096683568,True
XRN1,6,3.2565994083754997,0.0011275544010860858,1.0,6,0,0.0484382797089169,0.0984338386115029,0.16872656116212337,0.11420559960876187,0.311776003438696,0.123127546624326,0.004665820111694223,0.0484382797089169,True
ADNP2,6,3.256497260995511,0.0011279601875517947,1.0,6,0,0.1487016427734158,0.08791402425630856,0.05424099040463837,0.2860919207786692,0.250284716857123,0.0344151307711273,0.004666332672921097,0.1487016427734158,True
TRIAP1,6,-3.2555403461323733,0.0011317681498430301,0.8333333333333334,1,5,-0.2611579237616395,-0.7364966162950972,-0.165947125600594,0.4590946884022937,-0.403463176931107,-0.113009145592301,0.004679746793954992,-0.2611579237616395,True
UBE2N,3,-3.25063063430446,0.0011514935311323095,1.0,0,3,,-0.17410044658214474,-0.05750164019513715,-2.0693223750860428,,,0.004756556258373344,,False
ARHGDIB,6,3.2504986192151937,0.0011520282787888419,0.8333333333333334,5,1,-0.23363205242799,0.16585149987765835,0.5445268713208389,0.7442706488672144,0.0186729191766064,0.729335313555833,0.004757577861904419,-0.23363205242799,False
TIMM23,3,-3.247397038107361,0.0011646579483884664,1.0,0,3,-0.2870714324578527,,-0.14107261332134247,-1.4886136070888014,,,0.004802010849014524,-0.2870714324578527,True
ZFP362,6,3.2468831438023695,0.0011667628463238968,0.8333333333333334,5,1,0.36822577867548034,0.14004586625608972,0.09180836967622152,0.3128800401351368,0.174225211538447,-0.215277998047344,0.004807632221148404,0.36822577867548034,True
CNDP2,6,3.2459104187982963,0.001170756731190547,0.8333333333333334,5,1,0.11136738901109311,0.053809211241593324,0.09479512268375512,0.7452030518949666,-0.339470126930425,0.00432428796609,0.004820488909120879,0.11136738901109311,True
DBNDD1,6,-3.2453741902319226,0.0011729638153888855,0.8333333333333334,1,5,0.49773787572428496,-0.12456916985471755,-0.19255518515338244,-0.36297811350575016,-0.290038750389045,-0.0528993496659935,0.004828375297765937,0.49773787572428496,False
HERC6,6,3.2439377629230055,0.001178895021225897,0.8333333333333334,5,1,0.31415584012501263,0.2331518790576368,0.7089568977076239,-0.7055890536318858,0.572384151064764,0.121937587272725,0.004850377924765361,0.31415584012501263,True
BEND7,6,3.24325463304715,0.001181725471145392,0.8333333333333334,5,1,0.2944769705727337,-0.005886741532523221,0.1142570381271466,0.3381169673776432,0.420604497467847,0.74886622514653,0.004859607453018268,0.2944769705727337,True
INTS12,6,3.2428194515652087,0.001183531855471521,0.8333333333333334,5,1,-0.2273321706646505,0.1869987522233978,0.26385502609149514,0.2171498900224087,0.178720413309758,0.0144311112047992,0.004863410941351692,-0.2273321706646505,False
LOXL3,6,3.2421361175876995,0.001186373438970576,0.8333333333333334,5,1,0.027442108310107294,0.0523193428182438,0.16458784082413835,0.35579362784368884,-0.0891492769821376,0.442253462589303,0.004872668278372449,0.027442108310107294,True
GPIHBP1,5,-3.2404857658877035,0.0011932622955067894,1.0,0,5,,-0.3053422101239197,-0.2576102984708125,-0.3465977822704909,-0.0587296204851508,-0.0295810135392749,0.004893676292177497,,False
RBM15B,5,3.2396349681220307,0.0011968280932512759,0.8,4,1,0.2857177426212192,,0.14674401504593249,0.32434591404441626,0.233253184505042,-0.0249293798017396,0.004905868895367785,0.2857177426212192,True
CAMK2N2,5,-3.236487253735395,0.0012101063061084527,0.8,1,4,,-0.13041436196497447,-0.13809658997824847,0.060761581851347835,-0.212151426202781,-0.553436774730693,0.004952937581282668,,False
MOS,4,3.234152323929453,0.0012200436606040195,1.0,4,0,0.06514750169380784,0.04416009459777766,0.12981040378204325,0.12662534185545565,,,0.004989909234079004,0.06514750169380784,True
CPG1,3,3.2312623953315636,0.0012324474320303267,1.0,3,0,0.15523859510922422,0.04607777237717011,0.36564386836011814,,,,0.005035662773380886,0.15523859510922422,True
MAGED2,6,-3.2295803036194908,0.001239720600879764,0.8333333333333334,1,5,-0.01631102902955739,-0.1573954035676417,-0.24313124729024427,0.16596396225264165,-0.0678490696661245,-0.0253068862778236,0.0050628806774640645,-0.01631102902955739,True
LGSN,3,3.2287050973657543,0.0012435205483206965,1.0,3,0,0.010007927571038609,,0.10423767948888142,0.016712891848480526,,,0.005073392190240121,0.010007927571038609,True
TMEM229B,6,-3.2231405067787704,0.0012679334198007679,0.8333333333333334,1,5,0.618433415495387,-0.3833039265745306,-0.16103996246086894,-0.2575098322235343,-0.419997389610853,-0.701205826868758,0.005165354163067268,0.618433415495387,False
RGS5,5,3.2226231012598063,0.0012702257116557923,1.0,5,0,,0.23968406235175133,0.18397462753411187,0.14616115860250112,0.412774938146725,0.169078347953474,0.005172146612380486,,False
CD37,6,3.2219875077397053,0.0012730468551785342,0.8333333333333334,5,1,-0.11062604172075696,0.2577199600520268,0.8008989625252825,0.4046820436058205,0.316041341287289,0.0030836200530393,0.005179811098061726,-0.11062604172075696,False
SIRPA,6,3.2210573666923787,0.0012771858038732764,1.0,6,0,0.07860537637521947,0.06954050978812099,0.10936637994201703,0.5054200259126311,0.0333202336951168,0.112665983012307,0.005192822261289726,0.07860537637521947,True
ABTB1,6,-3.2190277047795965,0.0012862605717565451,0.8333333333333334,1,5,0.017399178859765385,-0.132204802399984,-0.1091113690506722,-0.13274554523711046,-0.401871560232576,-0.524277801564713,0.005225867693597038,0.017399178859765385,False
RNF135,4,3.2186247704912407,0.0012880691861598807,1.0,4,0,,,0.2525431527044657,0.2324454936732434,0.0234880374496553,0.151493829117237,0.005231931575292845,,False
KMO,4,3.2182583886340503,0.001289715768308299,1.0,4,0,0.003422474382367216,0.022519202591703702,0.40475233717386383,1.1375513941664195,,,0.005237334493876096,0.003422474382367216,True
DKC1,5,3.21602042957121,0.0012998157863142984,1.0,5,0,,0.07021634634960616,0.2770086032992314,0.004376213467786272,0.394394395344514,0.161036086047396,0.005273174238988791,,False
FADS1,6,3.2132290411310813,0.0013125157607804926,1.0,6,0,0.04077159894787208,0.1546149800979686,0.14130925969476493,0.26316649698904193,0.0225871674996438,0.208534311049975,0.005315576430741061,0.04077159894787208,True
GTSF1,3,3.2125014643441028,0.0013158447769955972,1.0,3,0,,0.06748088916219487,0.025137417226806996,0.08234767222451972,,,0.005325149816340129,,False
ELL2,6,3.2104934495091695,0.0013250728857258057,1.0,6,0,0.03951727686830164,0.037032923813177465,0.0778317058919713,1.0137997201975981,0.109057256230165,0.115433251114823,0.005358564965681294,0.03951727686830164,True
MBD1,5,3.206967954766876,0.0013414193751460873,0.8,4,1,0.15304167969185034,,0.06943311692194776,0.1883209280508531,-0.16771742992851,0.0015206764093911,0.0054167293235955205,0.15304167969185034,True
IL20,4,3.2065568256741313,0.0013433377021585438,1.0,4,0,0.019189748814668083,0.029522416885946527,0.19874506336563044,0.006226902795259934,,,0.0054231525966166386,0.019189748814668083,True
LY86,6,3.2015730532338726,0.0013667941301039885,0.8333333333333334,5,1,-0.18249776333422618,0.16449965952269197,0.5410010322617684,0.4530584039234027,0.264045477038183,0.426124719511711,0.005508443253343369,-0.18249776333422618,False
EMC9,6,-3.2010504912886213,0.0013692753584870316,1.0,0,6,-0.25744739088090096,-0.05694728965567508,-0.14099785127118247,-0.028365391422354946,-0.16063509511624,-0.433381880950929,0.005516793138097791,-0.25744739088090096,True
CD200R1,4,3.200002051691323,0.0013742660930376586,1.0,4,0,0.2473611455172502,0.09008091050293932,0.22782106113878697,0.46629520260424706,,,0.00553451395911419,0.2473611455172502,True
FARS2,6,-3.1998213741391757,0.0013751278389107242,0.8333333333333334,1,5,-0.12149012831616801,-0.0731069929184196,-0.1295118599830687,-1.279037615425617,-0.0648439471969637,0.038527390307213,0.005536637312004453,-0.12149012831616801,True
ART3,6,3.19960168410521,0.0013761763271425563,0.8333333333333334,5,1,-0.41478747817891115,0.17286264926480133,0.11231735563797063,0.3099087385196553,0.18345643033492,0.304888081643141,0.00553951132462636,-0.41478747817891115,False
DIAPH1,6,3.1977070665486296,0.0013852491858907267,0.8333333333333334,5,1,0.07785038494882546,0.08275357561597163,0.14968765527933936,0.17649861505623932,0.232536654281583,-0.162468749904986,0.005566556087609446,0.07785038494882546,True
GPLD1,6,-3.1967692262311527,0.0013897606547966616,0.8333333333333334,1,5,0.08795983728633683,-0.10408313802272762,-0.3288107485631171,-1.0422085111978734,-0.0471424767006225,-0.207550838405442,0.005583329698590859,0.08795983728633683,False
BEND5,6,3.196476447896951,0.0013911718340196108,0.8333333333333334,5,1,0.05121010377422097,-0.010693123457908849,0.1776666057623375,0.9860283265898104,0.722101259287038,0.211911644417911,0.00558764285287372,0.05121010377422097,True
OGG1,6,-3.1959829731565654,0.0013935533523365456,0.8333333333333334,1,5,-0.04283895582619879,-0.2616177168712335,-0.2165542996000931,-0.5457047775164647,-0.150696751049154,0.45529670742561,0.005594493108870848,-0.04283895582619879,True
CD101,4,3.195355455116358,0.0013965871960119546,1.0,4,0,0.16056101794779054,0.040314734635995886,0.3833345632354424,0.1442983007401712,,,0.005603954246882393,0.16056101794779054,True
SNAP47,6,-3.1947806081526173,0.0013993717362261813,1.0,0,6,-0.026060212663472804,-0.1129423912264178,-0.13159363159049686,-0.03446836003133402,-0.33886048996255,-0.0245559858595654,0.005613731336345981,-0.026060212663472804,True
SLAMF9,6,3.194561942574086,0.00140043228863303,0.8333333333333334,5,1,-0.06767024527306931,0.17912786383874035,0.5884916188833837,0.8581797124473316,0.609833006067108,0.482032498777619,0.005613939268940158,-0.06767024527306931,False
N4BP2,6,3.19333834938388,0.0014063805412627077,0.8333333333333334,5,1,0.13511800132395546,0.3581014495266521,0.21652964245097195,0.3892835955126124,-0.254374132466586,0.335805211838003,0.005636419060285796,0.13511800132395546,True
PXDN,6,3.1910453520325888,0.001417590262646865,1.0,6,0,0.1613200597375659,0.07037261138297346,0.2093729204706305,0.16255135459219883,0.0145014088319853,0.0043444517196511,0.005675847611836214,0.1613200597375659,True
TOGARAM1,6,3.1906913678275863,0.0014193280984427306,0.8333333333333334,5,1,0.260142604455619,0.11030909666502797,0.10610661677937472,-1.8095931867643227,0.240945826906471,0.124646414506911,0.005680057709241798,0.260142604455619,True
SLC25A11,6,-3.1896118379359892,0.001424640034677386,0.8333333333333334,1,5,-0.12148313328657956,0.05793562801047436,-0.0899773589926749,-1.7334501197172054,-0.186734525399548,-0.177450467231405,0.005697183342348416,-0.12148313328657956,True
MC3R,4,3.189320538630248,0.0014260765390987941,1.0,4,0,0.01320769213628792,0.03627975233092573,0.08830675954142557,0.20315025372861364,,,0.005700173599411553,0.01320769213628792,True
PRRC1,5,3.1885876796035038,0.0014296964450936863,0.8,4,1,0.010240717967646695,,0.24271048822579733,0.16348696012267805,0.0982232105785505,-0.0281327206377096,0.0057132630514704725,0.010240717967646695,True
DNALI1,4,3.187480613601638,0.0014351807853692602,1.0,4,0,0.06640326087198001,0.14882929512563106,0.33529012161544824,0.01629131298821307,,,0.0057320363449582966,0.06640326087198001,True
KLRB1B,3,3.1874297513081165,0.0014354332195415744,1.0,3,0,,0.08530362359380406,0.09326706673003671,0.926262979988016,,,0.0057320363449582966,,False
FRMPD2,3,3.186897377965047,0.0014380778939944363,1.0,3,0,0.16138405901895306,,0.22817937474945627,0.0647072738856805,,,0.005740889095102932,0.16138405901895306,True
PTEN,6,-3.1846713461267844,0.0014491848921072865,0.8333333333333334,1,5,0.3233888461551535,-0.06866512714525896,-0.19012650281077015,-2.3723595149898955,-0.273828603570588,-0.229653112018214,0.005777193722100146,0.3233888461551535,False
DNMBP,6,3.183378018282662,0.0014556743344116712,0.8333333333333334,5,1,0.021129298981473976,0.04911807276938096,0.22761573552764203,0.12984415720753528,-0.0600638019004194,0.0929412647215315,0.0058016666465644075,0.021129298981473976,True
NDUFB3,5,-3.1831244613641045,0.0014569497253788463,0.8,1,4,,-0.149300816367683,-0.15648098426016777,-0.17261476851007007,0.366299213254516,-0.0504297942882235,0.005805351914894238,,False
RAPGEF6,6,3.182688880556711,0.001459143100725388,1.0,6,0,0.46539041060756947,0.10905755285653562,0.060880789559869086,0.06730552076750129,0.145933297673463,0.191147699856556,0.0058084984615696545,0.46539041060756947,True
FAAP20,6,3.1811129451959417,0.0014671042003708695,0.8333333333333334,5,1,0.1445395049053242,0.04703118559378883,0.17427444098239286,0.3707266365976096,0.0554030019165106,-0.461077249489379,0.0058359790253637665,0.1445395049053242,True
TGS1,6,3.1809966725588206,0.0014676931536371717,0.8333333333333334,5,1,0.06074133807550819,0.06321282650454885,0.1915516798699528,-1.3241325100591732,0.347383084284228,0.0379721295747699,0.005836919048294682,0.06074133807550819,True
CARS2,6,-3.1789172359874773,0.001478262938333954,0.8333333333333334,1,5,-0.05004484932014197,0.061384701665223584,-0.141710564331889,-1.0259543535179603,-0.407924035047242,-0.393874519278338,0.0058746719573894365,-0.05004484932014197,True
GID8,5,-3.178205587708061,0.001481896329126052,0.8,1,4,,-0.03336590469536738,-0.05394345097245434,-1.3440879630608444,0.0151918873638668,-0.13407192107878,0.0058849203550130555,,False
DNAJC6,6,-3.177798605046145,0.0014839779162283166,0.8333333333333334,1,5,0.5557932623142694,-0.10080277337395938,-0.20907893627888985,-0.23149869110005739,-0.0919478458385987,-0.0604982559797111,0.005890360304415131,0.5557932623142694,False
BHLHE22,4,3.1749022235690263,0.0014988699782018727,1.0,4,0,0.19989347765985677,0.1086423795563464,0.2566613979280564,0.18378174703792172,,,0.005938079434944327,0.19989347765985677,True
EVC2,6,3.1742058550327243,0.001502470904735973,1.0,6,0,0.26233031990094124,0.12232119955125009,0.21250807850415665,0.16598685184217388,0.0151642388422637,0.0271027662961392,0.00595092089379991,0.26233031990094124,True
COX14,5,-3.1739586331467957,0.0015037512065998947,0.8,1,4,,-0.07694753214183958,-0.10118342391748048,-1.453062125330387,0.176582416602409,-0.274738239514475,0.005954566978861593,,False
F2RL2,6,-3.1737394112085653,0.0015048873442581158,0.8333333333333334,1,5,-0.05642059328627802,0.07025137270421844,-0.36916415428786387,-0.4187386378145188,-0.0913521710547363,-0.0711223103593364,0.005957640593676233,-0.05642059328627802,True
NIPAL4,4,3.1736201720689454,0.0015055056439480202,1.0,4,0,0.2851655953436853,0.07749818894429213,0.06735820038340881,0.20381436565874766,,,0.005958663179968348,0.2851655953436853,True
ZAR1,4,3.1721689511062072,0.0015130495494417458,1.0,4,0,0.038561010113518035,0.0525191207169425,0.04407112622908632,0.14002463514004548,,,0.005984228468903173,0.038561010113518035,True
BUD13,6,3.17169748898392,0.0015155078427189772,0.8333333333333334,5,1,0.08831396151980497,-0.07660547224031267,0.1756454281848221,0.22165736580735818,0.247193935345762,0.0183446484101166,0.005989131482073695,0.08831396151980497,True
MXD3,3,3.1716536576748213,0.0015157365743358332,1.0,3,0,,0.09658456548116501,0.21308435683775362,0.08032303386990058,,,0.005989131482073695,,False
ADGRA1,6,-3.1713125872843726,0.001517517520850453,0.8333333333333334,1,5,0.48137931227389164,-0.30932981584114305,-0.4942377602237773,-0.35745816451510404,-0.423697184726548,-0.0180369723695009,0.005994737471388233,0.48137931227389164,False
LY6H,5,-3.1711377952903175,0.0015184309684323051,1.0,0,5,,-0.06976859335777919,-0.1823800448128654,-0.6383726402862471,-0.174459516469457,-0.533282462947249,0.0059954841100886246,,False
TMEM8B,6,3.16914571764324,0.0015288772301340903,0.8333333333333334,5,1,0.4758214446596001,0.10616412651830087,0.05930226401350236,0.09917583108994688,-0.371630293105723,0.108160669902081,0.006028102885464379,0.4758214446596001,True
ABCF2,6,-3.16833760011677,0.0015331337612839386,0.8333333333333334,1,5,-0.0959644206810859,-0.0653129841219453,-0.08275244077102517,0.07022365703520173,-0.302763095669855,-0.16678816623574,0.006038824598803148,-0.0959644206810859,True
TACR1,4,-3.166822321497774,0.0015411444978727137,1.0,0,4,-0.05489333854209277,-0.42135679781061697,-0.3187924139522724,-0.004459460550478855,,,0.0060666561391647285,-0.05489333854209277,True
RSRP1,6,3.1668078962297392,0.0015412209440060225,0.8333333333333334,5,1,0.11720590734459968,0.10593897283196263,0.1269645224076239,0.20376652742169732,-0.0813264399975879,0.283575884320399,0.0060666561391647285,0.11720590734459968,True
FBXO22,6,-3.1659364817879303,0.0015458454529910478,0.8333333333333334,1,5,-0.1517799879294497,-0.1431280054651478,-0.03026486878824919,-1.622871472548474,-0.238691785122301,0.0903582314628761,0.006083412728936715,-0.1517799879294497,True
LAMTOR4,6,-3.1639867415572085,0.0015562388479220016,1.0,0,6,-0.3418728180897723,-0.10298653155670312,-0.0961652936940034,-0.0806035368854996,-0.0504567009933194,-0.202232883803326,0.006118495346984554,-0.3418728180897723,True
AKT2,6,3.1635742173687516,0.0015584461038728925,0.8333333333333334,5,1,0.035569426328538434,0.007593739301032354,0.19243186120708344,0.2350422502366003,0.106619007279109,-0.355291426544738,0.00612571833562197,0.035569426328538434,True
ANKRD13C,6,3.163487917228838,0.0015589082267121526,0.8333333333333334,5,1,0.13826469853435341,0.09318010609908178,0.06257753175360481,-1.2842250259943855,0.158967880208765,0.304723155244929,0.006126080002027434,0.13826469853435341,True
DOCK5,6,-3.162637678799751,0.0015634678618261372,0.8333333333333334,1,5,0.4184974439683913,-0.11345760542573924,-0.3514672980506628,-0.08001162369871562,-0.0257095559819787,-0.0501394094626417,0.006137248395892139,0.4184974439683913,False
CIBAR1,3,-3.1615357495868177,0.0015693955285228398,1.0,0,3,-0.15723931410056302,,-0.15009835447112074,-1.5093166106488267,,,0.006157059679570999,-0.15723931410056302,True
ITPR2,5,3.161136517239231,0.0015715482421641974,1.0,5,0,0.23195453135505595,,0.2121733917182862,0.5017842916602948,0.170589081506945,0.353724580290714,0.006164044195332179,0.23195453135505595,True
RT1-DOA,3,3.1610056196671814,0.0015722546508234246,1.0,3,0,0.10971900211718999,0.025193201235931828,0.5678228287588091,,,,0.006165353939926397,0.10971900211718999,True
PTPRU,6,-3.1589521406894825,0.00158337489959978,0.8333333333333334,1,5,0.35417252948519673,-0.11941561980127746,-0.4525702873112212,-0.21685609625186997,-0.0014803285904618,-0.35577019836188,0.006201614135867383,0.35417252948519673,False
HINFP,6,3.1584532300128694,0.0015860875725795744,0.8333333333333334,5,1,0.03260459200242094,-0.08635572106075973,0.1888755724764235,0.12361258249573392,0.1399732966731,0.192602856461648,0.006210378071970306,0.03260459200242094,True
COMMD1,5,-3.1545331364750444,0.0016075512175625706,0.8,1,4,,-0.40645557388277975,-0.13714838418125996,-1.3949010603530967,0.245926229914947,-0.163783722718056,0.006283177353926312,,False
RXFP3,3,3.1545214209796013,0.001607615762075757,1.0,3,0,,0.0832977304845059,0.041321338060548746,0.28327090374200303,,,0.006283177353926312,,False
ZFYVE26,6,3.154227904413663,0.001609233619997181,0.8333333333333334,5,1,0.1773225903754021,0.03538341282336166,0.11239868899857175,0.17615430026043377,-0.134285816374028,0.418654487500766,0.006286531715410276,0.1773225903754021,True
DCAF10,6,3.1540384790021125,0.0016102785249276616,0.8333333333333334,5,1,0.2048293119319844,0.008487248222031063,0.12308257311553383,-1.1952720101562724,0.171033786088478,0.0687103817284229,0.006288180077131633,0.2048293119319844,True
PANX3,4,-3.1539448403812123,0.0016107952831705002,1.0,0,4,-0.05296979596164453,-0.10006208667422645,-0.2515123797996705,-0.03337874174033979,,,0.006288180077131633,-0.05296979596164453,True
TMEM270,3,3.1532981497667376,0.0016143683080118332,1.0,3,0,0.04064512505673035,0.0291987839965675,0.39326757371078225,,,,0.00629767245680223,0.04064512505673035,True
FAM53A,6,3.1528978870195634,0.001616583449657087,0.8333333333333334,5,1,0.08930289957033333,0.19415976858147044,0.17872113769886688,0.24332158595610576,-0.0797777196144933,0.307630189171682,0.006303342581560448,0.08930289957033333,True
TOP1,6,3.1504619017553925,0.0016301251570214502,0.8333333333333334,5,1,-0.07103394425315823,0.09175498413511685,0.13696941329172585,0.19641040961350242,0.314951145285415,0.0481261881311008,0.006347172806167735,-0.07103394425315823,False
ARID4B,6,3.149540167087941,0.0016352762715655205,1.0,6,0,0.1445118579323621,0.06718670968732621,0.08102652065881877,0.1681667362832604,0.113703541537569,0.285535162649621,0.006364235327287208,0.1445118579323621,True
ZSWIM3,6,3.148824429017863,0.001639286501342338,0.8333333333333334,5,1,0.0225199025714371,0.03119156988171934,0.25229414231186986,0.0417235801423943,0.0233079329936952,-0.191253432843111,0.0063768437532828156,0.0225199025714371,True
SLC39A13,6,-3.146204808320924,0.0016540413517638836,0.8333333333333334,1,5,0.0385719905991353,-0.17536767971452027,-0.19391948429868577,-1.3157716741114296,-0.0506970191778193,-0.0109501022424858,0.0064266883695764795,0.0385719905991353,False
ALOX5AP,6,3.1437756298484,0.001667832645389078,0.8333333333333334,5,1,0.18314048618831746,0.25717432161427833,0.22954259523799836,0.9672102213238416,0.531466877334013,-0.240291651802957,0.00646661184035606,0.18314048618831746,True
ZFP641,6,3.142602418905552,0.0016745311894573462,0.8333333333333334,5,1,-0.0217345266747464,0.04460783775705934,0.2837463175321684,0.026159649793997986,0.403392464272414,0.359196613404031,0.006488237551999115,-0.0217345266747464,False
ABRACL,5,3.1412611329468767,0.0016822196899765605,0.8,4,1,,0.14168467901699122,0.15544608262797244,-0.4661580760704891,0.0826111868415262,0.263672801118027,0.006513239838243749,,False
CCL8,3,3.1406601096503026,0.0016856753921318938,1.0,3,0,,,,3.297364068543263,0.220951096423986,0.211552035890286,0.00652204279816903,,False
BMP2K,6,3.1402538230642523,0.0016880151150635825,0.8333333333333334,5,1,0.05161513531899198,0.44956037576787766,0.29485741721032355,-0.6570612220944723,0.329559240366673,0.0620032008788152,0.006528043501058976,0.05161513531899198,True
GSTCD,6,3.1398191817260415,0.0016905214344073863,1.0,6,0,0.0862064553100601,0.13693874017251884,0.11812333810818032,0.19317014387448506,0.798587798704658,0.208003224772185,0.006533156848543324,0.0862064553100601,True
SEC23A,6,-3.1389395001258285,0.0016956045157125131,0.8333333333333334,1,5,0.1656932013331378,-0.09904828884885575,-0.18587003954654868,-2.046487774415951,-0.0052353840646814,-0.0041498943730866,0.006548308042917506,0.1656932013331378,False
B3GALT5,6,-3.1380111145977816,0.0017009842685059508,0.8333333333333334,1,5,0.48698991363219335,-0.40312023404941866,-0.3871577462003408,-0.4269769636103664,-0.299848934866761,-0.0941183872998468,0.00656745780553079,0.48698991363219335,False
SLC9A3R1,4,-3.137900767420727,0.0017016247445621135,1.0,0,4,,-0.0972535376525796,-0.08377219115606316,,-0.0484607568004063,-0.219689318447721,0.006568398500930994,,False
LRRC30,4,-3.1374934083986963,0.0017039910553562326,1.0,0,4,-0.22988887702883282,-0.05021044244266803,-0.1743181251162244,-0.03321731423072249,,,0.006572934035948814,-0.22988887702883282,True
ATP13A5,6,3.136891354974252,0.0017074938704136372,1.0,6,0,0.18112477981228126,0.022829829790888018,0.3290967165734492,0.5675424043029036,0.191906622282044,0.640935683874913,0.006584911123738706,0.18112477981228126,True
EXOC8,5,-3.1363889536809655,0.0017104219658817792,0.8,1,4,,-0.05200102846933774,-0.11640401366165865,0.18683444920417802,-0.120159423245453,-0.122580561775574,0.006593130968624875,,False
TFPT,6,3.135895360548521,0.0017133032223754416,0.8333333333333334,5,1,-0.07985912226412051,0.13927065786581094,0.21959135051103562,0.21637783914314612,0.212923677095524,0.252069780468894,0.006602699636032202,-0.07985912226412051,False
RFXAP,4,3.1357535903065874,0.0017141316041231042,1.0,4,0,,,0.1644703412099986,0.09026172514116793,0.164261744206793,0.324104841261951,0.006604354355550656,,False
PDK4,6,3.135681240408712,0.0017145544958220148,0.8333333333333334,5,1,0.1920639607594321,-0.03394590365684058,0.1994078087328921,0.377229466062901,0.959249006433423,0.476280605403592,0.006604446361379099,0.1920639607594321,True
JAZF1,6,3.1344146597765548,0.0017219733345965737,0.8333333333333334,5,1,0.07084761019195351,0.011685526532212442,0.1541681087035407,0.3576079273671038,-0.142171513592021,0.0033617878869298,0.006627936542448964,0.07084761019195351,True
PAK6,4,3.1341866463975987,0.00172331202614613,1.0,4,0,0.47453747213529085,0.036305532766079174,0.13964873282855184,0.5798270054648231,,,0.006630465052712865,0.47453747213529085,True
CACHD1,6,3.1338706540190424,0.001725168834339688,1.0,6,0,0.32733161465401883,0.1787953374443445,0.08726481561286548,0.03198286609608125,0.0072363721721657,0.219630172202429,0.006635913384074201,0.32733161465401883,True
GK,6,3.133809240957202,0.0017255299181401257,1.0,6,0,0.29658831975601796,0.17718689822125722,0.09127844484809611,0.15484131694998826,0.159636016912192,0.0595401120937868,0.006635913384074201,0.29658831975601796,True
MYSM1,6,3.1330322927672722,0.0017301040626395011,1.0,6,0,0.16235341757953314,0.06160858196995589,0.07517601920099093,0.07837626824326005,0.444173628415945,0.218166097962292,0.006650413944451701,0.16235341757953314,True
TBX4,4,-3.1319820108254035,0.0017363051362965299,1.0,0,4,-0.42190916309184223,-0.7316000108537692,-0.07849198652427036,-0.28690696965464824,,,0.006669603763281542,-0.42190916309184223,True
AQP1,6,-3.130380086693241,0.0017458025828344082,0.8333333333333334,1,5,0.1400403745699359,-0.2738430763690838,-0.2869560421013908,-0.03729260691714664,-0.356942106045432,-0.190837422284556,0.006702974797280242,0.1400403745699359,False
CCDC136,6,3.1298557354081344,0.0017489217047682048,0.8333333333333334,5,1,0.27702368000540556,0.04795423383266506,0.11750381407892263,0.26392407468826296,-0.0419714758475132,0.188702465454709,0.006713393334258656,0.27702368000540556,True
CCR1,4,3.126840435238654,0.0017669579934706072,1.0,4,0,,0.12368040658863577,0.20505388409472158,1.7127952389191945,0.169506393762552,,0.006774771532991775,,False
RAP2A,5,3.1245385490410245,0.0017808418579174136,1.0,5,0,,0.12543686663665454,0.22079300627164256,0.3065330617232407,0.204843959879314,0.0578791650234665,0.006823262600057646,,False
OFD1,6,3.1219322954472744,0.001796682524031689,0.8333333333333334,5,1,0.015594784361570468,0.0819304602660873,0.1100065286344587,0.3814469242947647,0.413397044312705,-0.0674567429434063,0.006871231316490877,0.015594784361570468,True
RTCB,6,3.121700375048506,0.0017980983799754727,0.8333333333333334,5,1,0.03983391124566449,-0.03326033549512264,0.13935517838702527,0.27375233986125824,0.0895921318688941,0.145979351585633,0.00687346983495474,0.03983391124566449,True
LRRC73,6,-3.1201001060433513,0.0018078958818903272,0.8333333333333334,1,5,0.2356201366137296,-0.09802253808070516,-0.4966369673220661,-0.10133357839590884,-0.140943531310313,-0.155665366201202,0.006904543755664212,0.2356201366137296,False
CBFA2T2,6,-3.119408403845409,0.0018121459330865054,0.8333333333333334,1,5,0.15767632927091135,-0.2260980953365359,-0.14931228034415867,-1.2974000061091608,-0.366717836076585,-0.0426164435991039,0.006918699938741182,0.15767632927091135,False
PTX3,6,3.119360834341803,0.0018124385533096767,0.8333333333333334,5,1,-0.2181546636663237,0.014707426716382588,0.31207876455111583,1.1305531220215197,0.0012004852512017,0.605627937944147,0.006918699938741182,-0.2181546636663237,False
AFAP1L1,5,-3.1190780236185907,0.001814179138903347,0.8,1,4,-0.3665968865074567,,-0.2197701264968126,-0.7535771950689134,0.261226621010467,-0.0474184726837796,0.006922151476977455,-0.3665968865074567,True
CAPRIN1,6,3.1178638016861706,0.0018216696537467283,1.0,6,0,0.14117381808793716,0.02732612229059761,0.06740390201946411,0.22800691756274105,0.065020011139116,0.0014015820698977,0.006941131700924459,0.14117381808793716,True
NPTXR,6,3.115712019775052,0.0018350138087573425,0.8333333333333334,5,1,0.7024519593553542,0.1653783877249424,0.17386455561883096,0.22108468793558433,0.117325395923817,-0.374552850792014,0.006987151728215213,0.7024519593553542,True
MCM4,6,3.1142503148728014,0.001844129656057033,0.8333333333333334,5,1,-0.200441898429232,0.05582951495400623,0.1864423767224599,0.12269463987441753,0.0673291119754615,0.213019463140989,0.00701863280456565,-0.200441898429232,False
PARD3,6,3.1136884738114468,0.001847644605240863,0.8333333333333334,5,1,0.17634667973353668,0.042598655055796186,0.08487815801576204,0.12975873704918683,0.135251049976714,-0.0034234228317293,0.007025548703410697,0.17634667973353668,True
ACOX2,4,-3.113590524802317,0.0018482580164297302,1.0,0,4,-0.27122983583360316,-0.2238286313267372,-0.02622096141862964,-0.18023762781050554,,,0.0070262670390319,-0.27122983583360316,True
PTER,6,3.111518757688946,0.001861276487542199,0.8333333333333334,5,1,-0.14491908552109978,0.0787637003413224,0.3667349882289399,0.5328037344716123,0.956429375932361,0.517233302515308,0.007069263061449857,-0.14491908552109978,False
HECTD4,6,-3.1102760905148874,0.0018691254637939773,0.8333333333333334,1,5,0.5627908265259913,-0.02941706407525535,-0.2262384433677349,-0.003800487095034555,-0.175382905855173,-0.107756547515944,0.007092564116624922,0.5627908265259913,False
GAR1,5,3.110051218679153,0.0018705490515976814,0.8,4,1,,0.12497633604765301,0.19585501079448298,0.33053666676062043,0.18534288463082,-0.0105174651574114,0.007096339193684351,,False
SEPTIN8,4,3.109273944989465,0.0018754773841516777,1.0,4,0,0.12153871704096542,0.20889560025628784,0.057124445939834345,0.34139582262247714,,,0.007110146968043649,0.12153871704096542,True
COL22A1,4,3.106523219948432,0.0018930144095863281,1.0,4,0,0.20935411341919963,0.04585000681387219,0.32928812235863036,0.11881974175412569,,,0.007166782824216126,0.20935411341919963,True
YTHDF2,6,3.10309705210568,0.0019150682675594143,1.0,6,0,0.07001144631704292,0.08802453516480568,0.1409098384513161,0.2897242677910512,0.160965222263454,0.19418758506008,0.007243649443474274,0.07001144631704292,True
ASRGL1,6,-3.1027049429833435,0.0019176072200145055,0.8333333333333334,1,5,-0.06844336057148404,0.07816746993833013,-0.23279278486642507,-0.06566994238169777,-0.159930643621183,-0.0763063907622716,0.007251595774658464,-0.06844336057148404,True
TTC23,5,-3.100335174368695,0.0019330176557557563,0.8,1,4,-0.09170579684629487,-0.03872385705536585,-0.3040796242127164,0.3868264772716805,-0.0839820089156564,,0.007299864987011015,-0.09170579684629487,True
P3H3,5,3.1000841929404475,0.001934656412012346,0.8,4,1,,-0.06363949716107387,0.17926705410953048,0.13488309967519996,0.347186696324491,0.0693765410926495,0.007302721307098826,,False
SERINC3,6,-3.0992244324859652,0.0019402797998055114,0.8333333333333334,1,5,0.013803845820078209,-0.026921828557748384,-0.1031640502236435,-2.1746602176057905,-0.0246959255619372,-0.0067301580052572,0.007319968039991218,0.013803845820078209,False
TNKS,6,3.098262318024206,0.0019465904401543724,0.8333333333333334,5,1,0.40841399025922787,0.06454883098562902,0.15453187238235433,-2.112362757053636,0.0385403949261438,0.0146229966979088,0.007339399764336031,0.40841399025922787,True
PAXX,6,-3.0969607471504226,0.0019551576133473355,0.8333333333333334,1,5,-0.08394598835330935,-0.23953578439251455,-0.13448029236269754,0.08063723405969014,-0.0969893622724189,-0.125293580496512,0.0073664907501080935,-0.08394598835330935,True
CKM,6,-3.0969003730118625,0.0019555558455760613,0.8333333333333334,1,5,0.21270863628418724,-1.843430503156228,-0.42209755850198527,-2.0109917385623373,-1.07796914527931,-1.577534649481,0.0073664907501080935,0.21270863628418724,False
USP42,6,3.096187788530919,0.0019602617344759645,1.0,6,0,0.20433028454886504,0.07419415424981235,0.07425520419374099,0.1538367396046807,0.0338269015935611,0.175888336223157,0.007380858104878564,0.20433028454886504,True
TIGIT,4,3.095629538960075,0.001963955659754087,1.0,4,0,0.00788559195659951,0.06494459593152256,0.035271898539312084,0.16042738374784768,,,0.007388044109147648,0.00788559195659951,True
KANSL2,5,3.0914690594981344,0.001991687377326439,0.8,4,1,0.08122794131744815,0.18891943074364592,0.09183692966595647,0.32310093008579877,-0.570269851322093,,0.0074855607333122656,0.08122794131744815,True
PGK2,3,3.091148990415693,0.001993835619244524,1.0,3,0,,0.025962975212164834,0.06415843319190669,0.025323110465608163,,,0.007491933523208935,,False
IER2,5,3.0905952935936356,0.0019975569477953836,0.8,4,1,,0.04368359693528734,0.31159781847235024,0.38704759844644565,0.386379935936099,-0.363989916320738,0.007504213027668904,,False
FAN1,6,3.0903647894266006,0.0019991080164738226,0.8333333333333334,5,1,0.09042842906347115,0.05707696605093071,0.20224113442910907,0.004701841602674506,0.0100920325420226,-0.297375481868846,0.007508335804101365,0.09042842906347115,True
BARHL2,3,3.0893078485294394,0.0020062343642855067,1.0,3,0,,0.01275648097611247,0.1283653703227459,0.004082401650924265,,,0.007528533785348716,,False
MANSC4,4,3.0892973700962467,0.0020063051309311976,1.0,4,0,0.08834084417014357,0.0316935406972319,0.04131454764243296,0.5062542661469549,,,0.007528533785348716,0.08834084417014357,True
TBL2,6,-3.085971475034337,0.002028882849708101,0.8333333333333334,1,5,0.14095017598644066,-0.06120100096391923,-0.09088594659150395,-1.3322265892791325,-0.269412025227876,-0.0210064721550718,0.0075994724888817575,0.14095017598644066,False
LACTB2,6,-3.08490251996495,0.0020361887713260187,0.8333333333333334,1,5,-0.07635205977865311,-0.24706055445005148,-0.1435911650806787,-1.3411869578710078,-0.0673998414653461,0.338407585273818,0.007621663623470887,-0.07635205977865311,True
RANBP6,6,-3.083765522167052,0.0020439862270101943,0.8333333333333334,1,5,0.21007929311113926,-0.10181032819621016,-0.19342764465951845,-0.09276501438364448,-0.131504499452761,-0.0038077918549052,0.007649120513107108,0.21007929311113926,False
ANO2,4,-3.083501113841851,0.002045803443713813,1.0,0,4,-0.23024818725900212,-0.04472090276593091,-0.06976948670461375,-0.3261661255540599,,,0.007653445611556233,-0.23024818725900212,True
NID2,6,3.0833939735147142,0.0020465402160931455,0.8333333333333334,5,1,0.1987913640187573,0.0810651507873037,0.2030127643006958,-1.269173718033965,0.396673904908562,0.497983785746867,0.00765348704400672,0.1987913640187573,True
OLR59,3,3.0830294283365385,0.002049048909311609,1.0,3,0,0.08429593965702498,0.14462996206670595,0.2074825445524614,,,,0.007661137914372205,0.08429593965702498,True
INTS7,6,3.0815096809660587,0.0020595377936084816,0.8333333333333334,5,1,0.09276311062637177,0.08641530649651052,0.15533397528162407,0.10671001373041822,0.0268029566079002,-0.250196237407634,0.0076934031956234685,0.09276311062637177,True
STX5,3,3.080926387350434,0.002063576591795219,1.0,3,0,0.011825094366002986,0.0058144249690621486,0.10843314595978093,,,,0.007705012349964914,0.011825094366002986,True
BRF1,6,3.0791435791309545,0.002075966063721474,0.8333333333333334,5,1,0.16203059353543203,0.11739788738870827,0.062413175868845094,0.19411985727634828,0.18883502507139,-0.0552202568720372,0.007740795288740221,0.16203059353543203,True
SOCS1,3,3.078884982168213,0.0020777688166873816,1.0,3,0,,0.22154509435075925,0.30566569746225025,0.18907675202609253,,,0.007744028249000121,,False
EIF3A,6,3.0775583101799118,0.0020870400261186767,1.0,6,0,0.05854067710727762,0.08407104463914017,0.06261783858720626,0.22405557247702745,0.196950420657355,0.0594391046858707,0.007776831722718672,0.05854067710727762,True
SYF2,5,3.0761406009594694,0.002096989360904284,1.0,5,0,,0.08637328141502598,0.08983518446482375,0.1976255856676179,0.0735095181443772,0.0686903341056189,0.00781038881676141,,False
NMRK1,6,-3.074912044501437,0.002105646404223863,0.8333333333333334,1,5,-0.31162464431861014,-0.14772446712599918,-0.161285133462866,-0.96042134856879,0.649097708352236,-0.0606237527065998,0.007832058265778286,-0.31162464431861014,True
HS3ST6,6,-3.0747444644931905,0.002106829796540138,0.8333333333333334,1,5,0.04750012029226619,-0.06851326345473968,-0.10426457409940301,-0.7115740765046932,-0.794732767225296,-0.865683188841305,0.007834699346738342,0.04750012029226619,False
MTCH2,6,-3.073589685153278,0.0021150010479782148,0.8333333333333334,1,5,-0.1798669643249351,0.22868237928165858,-0.09048408759655846,-1.9067176449784098,-0.0617364799059081,-0.153561042960509,0.007863319260138233,-0.1798669643249351,True
TMEM132D,6,3.073398655672658,0.002116355576199254,1.0,6,0,0.283372451994082,0.0344476553263221,0.14435776411296064,0.501123486661438,0.723898213873128,0.0074120552038223,0.007866588254491366,0.283372451994082,True
FGD6,6,3.0722648210813666,0.002124411617353912,0.8333333333333334,5,1,0.39923218931676896,0.10764607080751354,0.10944283805810429,0.10556331969919075,-0.441436258364746,0.0935154607167226,0.007892987899089102,0.39923218931676896,True
ZFR,6,3.0720613956729514,0.0021258599528653837,1.0,6,0,0.17931721264438494,0.0680602755461841,0.05930356780936208,0.244546039706667,0.0316173770341488,0.0553617072849983,0.007896596485598706,0.17931721264438494,True
ASNS,6,3.071891895603248,0.0021270674403476466,0.8333333333333334,5,1,0.323606601985019,0.06870585046400368,0.09266953102267106,0.5988990966416603,-0.447907279532862,0.237962248290668,0.007899309013379907,0.323606601985019,True
LAMB2,6,3.0715301774025163,0.0021296463580226747,0.8333333333333334,5,1,0.29798374272277783,0.03847520118511216,0.22109881225684358,0.32035794777861426,-0.128730761114078,0.144606216005819,0.007907112274112003,0.29798374272277783,True
NELL1,6,-3.0694051538148477,0.0021448549810539575,0.8333333333333334,1,5,0.33202357707019026,-0.08511222957103737,-0.23735417493185906,-0.31703705345969047,-0.173710589497988,-0.549543349049788,0.007960008889328499,0.33202357707019026,False
PCSK9,6,-3.0692119459527283,0.0021462426811760926,0.8333333333333334,1,5,0.25608767049578507,-0.13717218784478957,-0.5742159418554067,-0.22773493071774886,-0.0236282775236363,-0.0903495213734229,0.00796337342721961,0.25608767049578507,False
LAMC2,6,3.0685350483652933,0.0021511109408885254,0.8333333333333334,5,1,0.04522242546545385,0.13762641708987255,0.1854854056339712,0.4350694281227734,0.348251718315181,-0.152199639831212,0.007978742484148005,0.04522242546545385,True
NT5E,6,3.0674035391254004,0.0021592713877796234,1.0,6,0,0.10912730547761651,0.12662952111859815,0.18533378714411475,0.2738122013328601,0.245477820522857,0.360488888711112,0.008002680338500077,0.10912730547761651,True
CIB1,6,3.067226104193507,0.00216055362003897,0.8333333333333334,5,1,-0.384153029412138,0.20632785079170057,0.3286541360901518,0.46795235862621,0.0922799446119229,0.183980570807485,0.008002680338500077,-0.384153029412138,False
AOX3,6,3.0588948041610258,0.002221551432735952,1.0,6,0,0.26895491993191945,0.3287818469277348,0.2648573148296929,0.19615850029700277,0.28513844395431,1.46304113411535,0.008189558867404339,0.26895491993191945,True
SLC4A1AP,6,-3.0545277724288797,0.0022541514281298842,0.8333333333333334,1,5,-0.00420243454553848,-0.0684242157662509,-0.15796273892302626,-0.0013201234775914727,-0.0075188158895904,0.138558219928694,0.008296801075918578,-0.00420243454553848,True
FCGR1,3,3.0540953378493794,0.0022574032981705176,1.0,3,0,,,,1.715649391874507,0.116838394739613,0.547287208996188,0.008303295657357665,,False
HSD17B12,6,-3.0534967722261337,0.0022619115513819042,0.8333333333333334,1,5,-0.025404979236284042,0.0009718937685923024,-0.154092792689827,-0.07169822461628161,-0.16887094628249,-0.020582121977424,0.008316117280869232,-0.025404979236284042,True
HMG20A,6,-3.0531142309388923,0.002264797079798098,0.8333333333333334,1,5,-0.04524022405617156,0.1491540707510861,-0.13316097651014402,-0.03912979761621482,-0.0576601446977807,-0.26096521962788,0.008323590544923836,-0.04524022405617156,True
NPHP4,6,3.048912973186239,0.002296710032948864,0.8333333333333334,5,1,0.18669171483420133,0.09033569559502408,0.17584015732010005,0.06921681777409816,-0.348705786817151,0.213893590710625,0.008430435198039671,0.18669171483420133,True
JAG2,6,-3.0487182467905702,0.002298199123883485,0.8333333333333334,1,5,0.4376659128741185,-0.018434800131085893,-0.295356139511318,-0.1727077959927712,-0.0490795081230442,-0.294351603616181,0.008432673885728097,0.4376659128741185,False
SNX33,6,3.048271227236052,0.0023016208699802314,0.8333333333333334,5,1,0.14702724811201673,0.1447048667481412,0.18717852241965272,0.15999908829330778,0.170789036121442,-0.0955541229358401,0.008441486514494303,0.14702724811201673,True
SLX4,6,3.047656284152242,0.0023063356250458936,0.8333333333333334,5,1,0.0758725658812871,0.11695623684326861,0.2612080814814055,0.1238672635761251,-0.70049411253435,0.677140497405496,0.008453159270540219,0.0758725658812871,True
ULBP1,3,3.04698761742448,0.0023114723157337527,1.0,3,0,,0.08689605520025796,0.10020678231433466,0.8061207147950258,,,0.008470110642024591,,False
NTSR2,6,-3.046827536639961,0.0023127036081415225,1.0,0,6,-0.05407962840381497,-0.3703900458384972,-0.1760198599363303,-0.7121493328862911,-0.97884646883533,-0.0632257694905234,0.008472746817609225,-0.05407962840381497,True
BMP2,3,3.0465130937346294,0.0023151239558120056,1.0,3,0,,0.12424311292855741,0.22846766867650725,0.002423433571207667,,,0.008479737047267163,,False
RCE1,6,3.045998584642945,0.0023190892682295435,0.8333333333333334,5,1,0.006444150090215484,0.07968406075598278,0.17392905714886986,0.12940264366415022,0.0474126241188451,-0.356509388678197,0.008490503332832428,0.006444150090215484,True
FOXO1,6,3.044662893975201,0.002329412464184762,1.0,6,0,0.2933809724001759,0.07085496910719602,0.05923059994567215,0.25218942728738636,0.442631479904252,0.106176977752944,0.008522642596637087,0.2933809724001759,True
PAQR6,6,-3.0442956380148,0.002332258254266886,1.0,0,6,-0.13890699000370343,-0.48660539742000486,-0.10444252381700103,-1.304999183696855,-0.249170838080056,-0.299304192269467,0.008529283832219509,-0.13890699000370343,True
GPD1,6,-3.040014885586087,0.00236566456097909,1.0,0,6,-0.2559015457452336,-0.09764118376803133,-0.2006043581348136,-1.2055692729289245,-0.0398536250496686,-0.186730339127333,0.008641906822627653,-0.2559015457452336,True
SEPHS1,6,3.0383209695731814,0.0023790041613241174,0.8333333333333334,5,1,0.01773807679703232,-0.023388003884567077,0.13169585424513475,0.16261338544253334,0.217053973383141,0.482835154794813,0.008682781670325355,0.01773807679703232,True
EIF4B,5,3.038216744169308,0.0023798271817387574,0.8,4,1,,0.1035553219809131,0.09459262364426646,0.2523949570845847,0.192697960773691,-0.110370753211508,0.008682781670325355,,False
SSH2,6,3.037436557145422,0.0023859962458427164,0.8333333333333334,5,1,0.03390645547504878,0.2945864960407678,0.15270102357765936,-1.3521431795943748,0.142057830086556,0.347768435950039,0.008702734654294544,0.03390645547504878,True
COL15A1,6,3.0365095955602146,0.0023933449084121232,1.0,6,0,0.10917166954443047,0.28423318835051736,0.2012235043948154,0.5046458559264053,0.150198113236212,0.169343203837106,0.008723771179043705,0.10917166954443047,True
WHRN,6,-3.036440807942259,0.002393891060157843,0.8333333333333334,1,5,0.5072815897097334,-0.10408664416821223,-0.21151434751497078,-0.23579964248467444,-0.217198457232517,-0.277011090445337,0.008723840781094809,0.5072815897097334,False
ANKMY1,4,-3.032111310769322,0.0024284963357008964,1.0,0,4,-0.22650498524227203,-0.14346926160895712,-0.10846267584740366,-0.149649175493399,,,0.008832448109980495,-0.22650498524227203,True
KLRA5,3,3.0310374678063106,0.002437150031151502,1.0,3,0,,0.019775508547511967,0.17843762295210933,0.03289576245254032,,,0.00885808241449707,,False
BPHL,5,-3.029416461534516,0.0024502665734611358,1.0,0,5,-0.21268359414083138,,-0.16920619337933251,-0.1768707479736964,-0.439049067798998,-0.0139074978960523,0.008901846427552396,-0.21268359414083138,True
IL6RA,3,3.0293293123570453,0.002450973576679959,1.0,3,0,,,,0.856654871877566,0.445258767159101,0.168103307014834,0.00890246097020116,,False
KAT6A,6,3.0277582588156324,0.002463750906284172,0.8333333333333334,5,1,0.11073045217610744,0.0550765290032853,0.1445197825398008,0.20048954866727886,0.206346460544223,-0.0565408285553675,0.00894690763510654,0.11073045217610744,True
NADSYN1,6,3.026031249083604,0.002477866928071982,0.8333333333333334,5,1,-0.05926942765099019,0.03182346412002479,0.22371858280266022,0.11319115870423868,0.0022809398223309,0.217506166495676,0.008988308874303626,-0.05926942765099019,False
EXOC6,6,-3.0258677484611063,0.002479207156769966,0.8333333333333334,1,5,-0.02871528316830574,-0.03036267129246273,-0.17474962640569913,-0.04629842586561317,-0.179617563271617,0.280774424004794,0.00899120001289581,-0.02871528316830574,True
TMEM144,6,3.0256938121947483,0.0024806336554111983,0.8333333333333334,5,1,-0.0934118621741884,0.0902107223463044,0.3115761538359114,0.31089838349188303,0.324037993138726,0.261684169461804,0.008994402686608139,-0.0934118621741884,False
PRXL2B,3,3.0244604684783174,0.002490770203754449,1.0,3,0,,0.006388184659251728,0.13496809824576061,0.21881035844491858,,,0.009027201316519299,,False
FGF11,5,3.023513408310113,0.0024985795642419686,0.8,4,1,,0.024682669572063998,0.18807129230913966,1.2746841879621336,-0.0893435666578375,0.372653961350663,0.00904955994471183,,False
SFN,3,3.021760288195578,0.00251309474910031,1.0,3,0,0.4261795881629109,0.3988439280616638,,0.1942470705910897,,,0.009092184543630236,0.4261795881629109,True
ALS2,6,-3.0207199278114194,0.0025217449761934505,0.8333333333333334,1,5,0.13561929441382237,-0.08568575118037991,-0.11440114796104606,-1.4627300421338099,-0.0133126611291189,-0.045844734885724,0.009118499031325262,0.13561929441382237,False
RASGRF2,5,3.020680409479202,0.002522074093368803,0.8,4,1,0.2693735678334783,,0.09251561581324896,1.725264986392899,0.176656954750055,-0.111110464070863,0.009118499031325262,0.2693735678334783,True
PHF6,5,3.0206082488935757,0.0025226751636317495,1.0,5,0,0.04561712534542295,,0.13058931914123129,0.11736268302844355,0.140320087750304,0.298086323697254,0.009118499031325262,0.04561712534542295,True
SCN7A,6,3.0205545407139347,0.002523122617416004,0.8333333333333334,5,1,0.3485260383638593,0.007487186495954035,0.1447794780502054,-0.19227755705018446,0.182475817039467,0.240593393981564,0.009118499031325262,0.3485260383638593,True
LPAR5,6,-3.01977013893658,0.0025296659063640376,0.8333333333333334,1,5,0.5550743370446454,-0.23879335257344225,-0.7151980666726243,-0.23257187479394137,-0.871750583514942,-0.0380083010769585,0.009140150640064954,0.5550743370446454,False
CYP26A1,4,3.019201854713111,0.0025344160867868176,1.0,4,0,0.03809709636261848,0.04351137433480803,0.03782706049214325,1.4236962056718567,,,0.00914818811188357,0.03809709636261848,True
MXD1,5,3.0182997488400574,0.0025419733764057823,0.8,4,1,0.12411080824778331,,0.22169558649480692,0.03640947632905167,0.193096181975227,-0.0698521436225183,0.009164614098511983,0.12411080824778331,True
KRT17,3,3.0174744222032035,0.0025489055046945103,1.0,3,0,0.050347161096548576,,0.08088203325073925,0.3176174353637916,,,0.009183605553701247,0.050347161096548576,True
YIPF2,6,-3.01675577001419,0.002554955724289896,0.8333333333333334,1,5,-0.10637019274180037,-0.13929246296315867,-0.05727124948887585,-1.2527725893830164,0.390325518588312,-0.410577120065104,0.009201398422203298,-0.10637019274180037,True
ZSCAN12,5,3.016572535456543,0.0025565004470043244,1.0,5,0,,0.11195202291625872,0.11431818250235715,0.22667396532744322,0.492351202289301,0.371037881193116,0.009204958755452594,,False
PMPCB,6,-3.0157386608185908,0.0025635410559382114,0.8333333333333334,1,5,-0.1292062980484623,-0.13107378175587048,-0.07166876330074601,-0.03597851723570855,-0.218205477897386,0.138742529663,0.009228301774225593,-0.1292062980484623,True
CASKIN2,6,-3.014891234877982,0.002570714244193985,0.8333333333333334,1,5,0.13236075305132378,-0.07672509393433602,-0.19131072437104457,-1.3752012517267334,-0.331605850735937,-0.100489549105293,0.009250100471717138,0.13236075305132378,False
NFYA,6,3.0147225223756897,0.002572144530296089,1.0,6,0,0.19822412512851173,0.23601618040946226,0.13229051020750138,0.4927571611660495,0.177291846792849,0.009320143344393,0.0092532354413086,0.19822412512851173,True
HCK,6,3.013522277131213,0.0025823408148814386,1.0,6,0,0.06237503875346029,0.19440908729274908,0.18797446304662735,0.9146446146173273,1.05441551796384,0.406123724385242,0.009281846942001643,0.06237503875346029,True
TSPAN1,4,-3.0120760469572656,0.002594675873789692,1.0,0,4,-0.36507774155246886,-0.14746463856577663,-0.3253789376916172,-0.03453740724941057,,,0.009320111775817487,-0.36507774155246886,True
PLA2G2E,4,3.010942020555729,0.0026043857692429565,1.0,4,0,0.01604998211740544,0.009293885130887733,0.05289219013469843,0.0481996808205643,,,0.009349474932263045,0.01604998211740544,True
LPAR6,5,3.010923455593136,0.002604545004390098,0.8,4,1,,0.1865200352605494,0.29135235875619037,0.5603585493324954,0.0590966842340279,-0.287860267958117,0.009349474932263045,,False
FAM98A,6,3.0100840634056274,0.0026117539340254755,0.8333333333333334,5,1,0.10491061891072828,0.03247583335391324,0.07626320409660892,0.29065304396502434,-0.0461729768480643,0.157312459262445,0.009373319843015974,0.10491061891072828,True
QSER1,6,3.009157096282322,0.0026197361735781333,0.8333333333333334,5,1,0.08610052998914419,0.1460283936030029,0.13967317659179024,0.32471175279391407,-0.0291710938699596,0.241093672788526,0.009397891882328839,0.08610052998914419,True
RAP2C,6,-3.0060520008892513,0.0026466373235490472,0.8333333333333334,1,5,0.08417522668523425,-0.08417079726082566,-0.18406810889315928,-0.13197336380267277,-0.0924960805055033,-0.0021012169026581,0.009486171714894723,0.08417522668523425,False
HSPE1,5,-3.005917984661969,0.0026478040438566437,0.8,1,4,,0.015775679538228005,-0.1259943091870488,-1.696174878870493,-0.0506926131795939,-0.134038597649436,0.009488298881557732,,False
COQ6,6,-3.005027253286924,0.0026555705389150796,0.8333333333333334,1,5,-0.1571781221652344,-0.05816752479390086,-0.07200958146457115,0.06245482618578713,-0.646872380424771,-0.151379841235211,0.00950789607616751,-0.1571781221652344,True
THG1L,6,3.004710748377697,0.0026583352290927976,0.8333333333333334,5,1,-0.003125060479400421,0.06251814281166768,0.23247182803792166,0.3423924313063753,0.0555421285147872,0.0318161319489345,0.009515736313136675,-0.003125060479400421,False
HECTD2,6,-3.0028360239869176,0.0026747650738037565,1.0,0,6,-0.03384573270648783,-0.08628949053642976,-0.19802314672242538,-0.9010994256553011,-0.425525849017421,-0.8633287420842,0.009566273012445933,-0.03384573270648783,True
SELENOV,4,-3.000495121405262,0.0026954107151380435,1.0,0,4,-0.327748323286151,-0.11184993121163556,-0.18400164786113937,-0.12081247969618736,,,0.009623476737913049,-0.327748323286151,True
PPP2R1B,6,3.0000108823584,0.002699699606909119,0.8333333333333334,5,1,0.07622463006953195,0.09789032384957341,0.3511644147315409,-0.6026939324013636,0.387691170420547,0.252809871996294,0.009636710781444844,0.07622463006953195,True
P2RY4,3,2.9987199967155274,0.002711163432643158,1.0,3,0,,0.10787067556071905,0.27531981770479685,0.034707183615421223,,,0.009673459180234866,,False
FBXO44,6,-2.997911056512973,0.002718369950437218,0.8333333333333334,1,5,0.4499141530298445,-0.13398979815256995,-0.08019588183387949,-0.22562513280124818,-0.472329074227019,-0.415555741539839,0.009697081771473456,0.4499141530298445,False
C1QTNF5,5,-2.9978402148581704,0.0027190018825278594,1.0,0,5,,-0.11395645322792713,-0.09408111221631588,-0.8820171932341938,-0.108193706816701,-0.553574107953292,0.009697246102047216,,False
AARD,5,-2.9943744563577384,0.002750082047931887,1.0,0,5,,-0.05633899481608168,-0.265435901678713,-0.5351624017806049,-0.251901130823884,-0.271191369458712,0.009801756687633202,,False
TTC9,6,-2.994076624736904,0.0027527680226323513,0.8333333333333334,1,5,0.4696514320289289,-0.25883548903939246,-0.15194039954639038,-0.2510551748259573,-0.0289047271162048,-0.095951874750128,0.009809217720260641,0.4696514320289289,False
LRRC75A,5,2.9931736277305534,0.0027609262952522982,1.0,5,0,,0.1509010191561737,0.16114212040803544,0.23378108695170052,0.367149460545686,0.579874379734538,0.009831938906845103,,False
TXNDC11,6,2.9929504735278836,0.0027629458185022687,0.8333333333333334,5,1,0.13082041388790433,0.03532107504013826,0.14107636520722444,0.05557079282317545,-0.0716817184730605,0.178070685311915,0.009837014237007861,0.13082041388790433,True
SLC27A3,6,-2.9899770361415365,0.0027899842112357417,0.8333333333333334,1,5,0.2999733031580458,-0.21045023090809867,-0.2835746396488883,-0.03388172651914578,-0.322618014478765,-0.403993534347606,0.009911959361316591,0.2999733031580458,False
AKR1B8,4,2.98812241045799,0.0028069710495460783,1.0,4,0,,,0.31478506557489894,2.067824341764236,0.213535214339906,0.0412749372788288,0.009965891208083803,,False
NGB,5,-2.986121776975116,0.002825401052244872,0.8,1,4,0.2541702238783903,-0.22663189426571206,-0.5109611843820683,-0.5187503095978789,,-0.078585625922571,0.010024874215810746,0.2541702238783903,False
ZCCHC8,6,2.9857996991483984,0.0028283783649925708,0.8333333333333334,5,1,-0.03617862644337588,0.04009647297395191,0.2018467096865022,0.18620539668634617,0.123152213702353,0.0807855409288845,0.010028988581267573,-0.03617862644337588,False
ODC1,6,-2.984086137444005,0.0028442668852766656,1.0,0,6,-0.08982569454940048,-0.1849941542010467,-0.08112892559959484,-0.8982840385808171,-0.187860376258583,-0.142887268434204,0.010076692098694214,-0.08982569454940048,True
CHD6,6,-2.9839092449466134,0.0028459117032701223,0.8333333333333334,1,5,0.2044155923499993,-0.005309913000917987,-0.22862408303552328,-0.1948665019891349,-0.0411904606410687,-0.0320996983035986,0.010080361761722034,0.2044155923499993,False
IDH1,6,2.98364572204898,0.002848363656385584,1.0,6,0,0.25906703723458424,0.08812176863965693,0.16293541899615516,0.310925398101741,0.0101248147318463,0.0104230883240126,0.010083741785935043,0.25906703723458424,True
CLK1,6,2.982401315863176,0.0028599683337230102,0.8333333333333334,5,1,-0.08889470994551907,0.06300792856378834,0.22644649986494159,0.16022552025025139,0.0245152795607599,0.435756840381826,0.010117160901855795,-0.08889470994551907,False
ERN1,6,2.97885936107318,0.0028932354102690337,1.0,6,0,0.040084277166058335,0.06657315002190556,0.1028622372863377,0.3631092032746386,0.468997863302194,0.0022223996090993,0.010217374122204618,0.040084277166058335,True
ZNHIT2,5,-2.9781259595226426,0.002900167719151976,0.8,1,4,,-0.22803573560732682,-0.1661392826630319,0.10375208713679296,-0.246459276990913,-0.320229493438092,0.010237486902837174,,False
SYT13,6,2.97594986699701,0.0029208260559771986,1.0,6,0,0.4068065711449944,0.14537779215095326,0.1985448732620364,0.01645818085781081,0.791043964619904,0.471932339292354,0.01029723383994347,0.4068065711449944,True
PPM1J,6,-2.9752880162831894,0.0029271357978651004,0.8333333333333334,1,5,0.1725685566730144,-0.08282958018419295,-0.18426563546405195,-0.104647104609211,-0.409555552720863,-0.23476328544873,0.010311527748339716,0.1725685566730144,False
ERI1,6,2.9742901816327056,0.0029366721540675005,0.8333333333333334,5,1,-0.1905055527216133,0.058665125060419765,0.16661231150777622,0.26226601501915336,0.177302887619251,0.687891403244452,0.010334123224353186,-0.1905055527216133,False
ZFP449,6,2.974200230340374,0.0029375332147524007,0.8333333333333334,5,1,0.047810861662823,0.04631502176578861,0.16763340717991237,-0.05638184522061396,0.121224788531951,0.66976990348297,0.010334123224353186,0.047810861662823,True
MFHAS1,6,2.9738865307438336,0.0029405379140448593,0.8333333333333334,5,1,0.6031072155027681,0.020930481940992784,0.05646581459757183,0.19375420943636534,0.231267136176653,-0.0869847536502242,0.010342495442683917,0.6031072155027681,True
DCBLD2,6,2.973804188420657,0.0029413270755907803,0.8333333333333334,5,1,0.10437119543650475,0.08453387553708236,0.2395296223354162,-1.6015030503612904,0.034167741150783,0.155393952340004,0.010343073243080219,0.10437119543650475,True
NATD1,5,2.9712427430416457,0.0029659724662540114,0.8,4,1,,0.3962200827618726,0.192152869559016,0.24576358842233548,-0.389853638513415,0.319171307166814,0.01042309474765104,,False
KCNK10,6,2.970993074165881,0.002968384748760154,0.8333333333333334,5,1,0.5890427681706258,-0.042504288188739414,0.19862646115704763,0.1574955405877274,0.12543796401869,0.0687348118566322,0.010429357750260682,0.5890427681706258,True
DDR2,6,2.9708132948704162,0.002970122871688763,1.0,6,0,0.1546731958596541,0.11544973155304694,0.22656684092166568,0.6292589463253089,0.0733578697245592,0.290092320250718,0.010431036234286527,0.1546731958596541,True
ESYT2,6,2.9688785795973778,0.002988886735274764,1.0,6,0,0.28115661056150554,0.20982839677895093,0.1006795677426977,0.1678515164460359,0.128763113250104,0.0706505333106928,0.010488033335227452,0.28115661056150554,True
CBLB,6,2.9680634992927426,0.0029968241319692605,1.0,6,0,0.43509379167928053,0.0898029723878615,0.057261209573701066,0.09710078329337435,0.0728633097128193,0.26001422521554,0.010508746965095007,0.43509379167928053,True
PARVB,6,-2.9671130732178854,0.003006103831858159,0.8333333333333334,1,5,0.23874327071725698,-0.0850743848887312,-0.22721228687829775,-1.6000351540053588,-0.208945590032147,-0.309764455833815,0.010530588492045767,0.23874327071725698,False
FOXJ2,6,2.9666883108143645,0.003010259564788425,0.8333333333333334,5,1,0.11561803870442322,0.04340384984475776,0.2229533981505556,0.5603733039221872,0.127676259857972,-0.478979766082474,0.010540684644886401,0.11561803870442322,True
RPE65,4,-2.964695931775475,0.0030298223638983756,1.0,0,4,-0.1104487765297657,-0.08251834410853609,-0.5005661206953627,-0.0987841695135172,,,0.010602456610411396,-0.1104487765297657,True
ZBTB34,4,2.9638815619036345,0.0030378518427527654,1.0,4,0,0.14900181917687583,0.0998956204153223,0.08461704625763389,0.11792715364692352,,,0.010626061644387948,0.14900181917687583,True
ITGA5,6,2.960264767122589,0.0030737475481507526,1.0,6,0,0.15278285556470061,0.06737071081387747,0.2668154521215289,0.5995785266692031,0.133194329603841,0.716910476807233,0.010740272201180337,0.15278285556470061,True
ZFP418,6,2.9583709233454476,0.0030926973322716405,0.8333333333333334,5,1,0.283491265997994,0.0699216421138078,0.09712305141153843,0.25452767100128293,0.53460883762256,-0.246702253203468,0.01079054094514338,0.283491265997994,True
ZFP608,6,2.9580729239302026,0.0030956887927592173,1.0,6,0,0.2163107382298195,0.09720603708430042,0.06018577980410633,0.10468406512125039,0.406596501405008,0.0500366114442765,0.010798701980558602,0.2163107382298195,True
S100A13,5,-2.958003442014398,0.003096386664613735,0.8,1,4,,-0.14342691865393675,-0.25657172207823464,0.21283256150179497,-0.123072107478624,-0.104510775499308,0.01079886052943248,,False
SSUH2,3,2.957819135257353,0.0030982385247072313,1.0,3,0,0.207393228188167,0.17749381144714768,0.11379649239660128,,,,0.010803042776691403,0.207393228188167,True
AK4,3,2.95722054417179,0.0031042599600806698,1.0,3,0,,0.029313443869089628,0.36259698612995717,0.1466801897301484,,,0.010821758816186867,,False
MCPH1,6,2.956671040155911,0.0031097970031592503,0.8333333333333334,5,1,0.2720460833655496,0.12484439276038195,0.14143167202526774,0.04858771160684938,-0.0974561688769864,0.103617111139728,0.010838778689469765,0.2720460833655496,True
SUGP2,6,-2.955128616923171,0.0031253872809685937,0.8333333333333334,1,5,0.24416834028987555,-0.06748989675705985,-0.09592259427704253,-1.617407428854678,-0.0481463202479153,-0.207238459437203,0.010888530893410265,0.24416834028987555,False
ASCL4,3,-2.9521700024531454,0.003155491511029782,1.0,0,3,,-0.1474129923334231,-0.30663865646553434,-0.03911529422836424,,,0.010975323926324667,,False
SCYL2,6,2.952158941347275,0.003155604553249099,0.8333333333333334,5,1,0.1345643255514437,0.14772487111800503,0.06565673884726397,0.1604900188188143,-0.051441040563313,0.348936102948084,0.010975323926324667,0.1345643255514437,True
SHF,6,-2.9487452974305453,0.003190668173438407,0.8333333333333334,1,5,0.17340923169830624,-0.1173490766591141,-0.23732677642554378,-0.2843612661084798,-0.506080795979637,-0.319570937093855,0.011080977676616139,0.17340923169830624,False
RGL3,6,2.948405004506813,0.0031941829211964657,0.8333333333333334,5,1,0.1661514093180254,0.24788795908489913,0.20417172998983624,0.2876705734455891,0.177128740942496,-0.528705791781046,0.011090857082367086,0.1661514093180254,True
TMEM143,6,-2.9480072692932304,0.003198295439129099,1.0,0,6,-0.011175460096296774,-0.07121630341141971,-0.1472235194050624,-1.2183438640601665,-0.137007902162637,-0.112672633353307,0.011102807489191452,-0.011175460096296774,True
LATS1,6,2.94710301159572,0.0032076632799999815,1.0,6,0,0.1665784770277945,0.09903287060437238,0.022379630383076332,0.1659084666563846,0.149240777559502,0.0728589316211861,0.011130658828209579,0.1665784770277945,True
COX7A2L,6,-2.9463703579273104,0.0032152716836486394,0.8333333333333334,1,5,-0.13233244429163538,-0.044636363810397484,-0.08630150423573202,-1.8031977441367104,0.0718533532992147,-0.602156704168149,0.011154721632310266,-0.13233244429163538,True
MTG2,6,-2.9439377691205197,0.003240651535685197,0.8333333333333334,1,5,-0.17911881443165356,-0.0392181986076654,-0.06925096235097605,-1.0098259373989062,-0.148311989977548,0.208452485700179,0.011226300589924944,-0.17911881443165356,True
CNGA4,4,2.9436185225050964,0.0032439958366320266,1.0,4,0,0.041410639896431345,0.42392042359054627,0.06425187150530458,0.1654003960702125,,,0.011235534439827015,0.041410639896431345,True
RFLNA,5,2.941645058697481,0.003264738954412662,0.8,4,1,,0.13141703562177431,0.26508220620040457,0.2611120391989623,0.22942105878363,-0.12349342282557,0.011302647808709137,,False
ZFP786,6,2.9409943397246603,0.0032716051203278513,0.8333333333333334,5,1,0.008320836078593796,0.19635709639267485,0.14094993771094932,0.27714879004544346,1.55873787148728,-0.517953934268265,0.011321682615861719,0.008320836078593796,True
LRRC69,3,2.939432044476278,0.0032881436691672627,1.0,3,0,0.027295089409165432,,0.11024077497082842,0.022759025282914357,,,0.011369407564666081,0.027295089409165432,True
FAM43A,6,2.938613969932237,0.0032968342015738845,0.8333333333333334,5,1,0.4202652930195483,0.11228171546919197,0.22609418625287603,0.17541419495528432,-0.114541474746,0.012191165463983,0.011394696117028803,0.4202652930195483,True
TRIM39,6,2.937999185037364,0.0033033789203985777,0.8333333333333334,5,1,-0.023728931296075118,0.08571181743854406,0.12971584702341943,0.17908448009253064,0.0021019804168651,0.446008179652616,0.011407788001343054,-0.023728931296075118,False
EMSY,6,2.9323949362896795,0.0033635870878294468,0.8333333333333334,5,1,0.13308017986717857,0.13404539542791527,0.08739799484467348,-1.4863618869450477,0.354890667433297,0.336477513950625,0.011593938666754061,0.13308017986717857,True
SC5D,5,-2.9320276532513696,0.003367567597718192,0.8,1,4,,-0.1336808405178047,-0.11651959787009858,0.10584495452856046,-0.0929728971625403,-0.101457247289269,0.011602826577317133,,False
PLCD3,6,2.926372257711306,0.003429403113644521,1.0,6,0,0.2293316058806174,0.17468608363479987,0.2108745813964159,0.4060405543474972,0.172319824773001,0.394928023828674,0.011791333680316601,0.2293316058806174,True
DENND1B,6,2.9262002554361723,0.0034312998614404707,0.8333333333333334,5,1,0.23937542175246662,0.1856641011283604,0.08020918459821491,-0.2504102359298246,0.185073127430732,0.0951255452841724,0.011795405048091937,0.23937542175246662,True
AATK,6,2.9261181704154047,0.003432205387093819,0.8333333333333334,5,1,0.26312566173001883,0.11792257072644441,0.10079132586971262,0.1627860897846478,0.0738783722886769,-0.204760485238228,0.011796068016440384,0.26312566173001883,True
PKP4,6,2.9241618199750787,0.00345385145577753,1.0,6,0,0.08850381150484754,0.012628070593158736,0.08177373861939419,0.3358834669194577,0.258151589746656,0.148893292962019,0.011855692512656507,0.08850381150484754,True
SLC11A2,6,2.9238934936755436,0.0034568300265429815,0.8333333333333334,5,1,0.03840311087751935,0.2389377786925242,0.08346585273636276,0.3988878832435443,0.113252154641841,-0.460146068792664,0.011863456479232724,0.03840311087751935,True
PIGZ,4,-2.9230875617316388,0.003465790380415539,1.0,0,4,,,-0.05667071336886398,-1.645976315400524,-0.708078698651427,-0.390410468130975,0.01188989192498014,,False
PLAAT1,4,-2.9215893444187016,0.0034825037597708657,1.0,0,4,-0.31748279427400794,-0.015642851783321032,-0.19351482992121571,-0.2586214350402516,,,0.011944136392815451,-0.31748279427400794,True
NR1H5,3,2.9205864369611745,0.0034937326534430586,1.0,3,0,,0.011569845136218566,0.039273523623493865,0.08940077778292424,,,0.011972725233910872,,False
CACNA1S,4,-2.9201433821111604,0.003498703731273151,1.0,0,4,-0.09298265191900068,-0.2698990857297323,-0.18767115166258808,-0.4377825655181746,,,0.011987278857386296,-0.09298265191900068,True
CXCL13,4,2.917831819527179,0.003524744023329232,1.0,4,0,0.014728131894050978,0.020395961158746978,1.8828121349073113,0.06409226242275212,,,0.012064012215497404,0.014728131894050978,True
CASQ1,6,-2.9174195486246814,0.0035294068392849464,0.8333333333333334,1,5,-0.28882813615450154,-0.5025296842802868,-0.47742571329654226,0.057877573915745106,-0.287187786430009,-0.993953047512537,0.012077474054960602,-0.28882813615450154,True
POLR3D,6,2.916618686545005,0.0035384806954421094,0.8333333333333334,5,1,-0.04089397077996537,0.07335467314775723,0.09105693496873712,0.4316687068816325,0.219108594329505,0.277291397343515,0.012103519832807977,-0.04089397077996537,False
ST14,4,2.9147097903972137,0.0035601943484020815,1.0,4,0,0.09227220707856998,0.18809570529645114,0.44505172167272455,0.22411241643403157,,,0.012172755854619658,0.09227220707856998,True
ZFP217,6,2.9146454595718656,0.0035609282170171812,0.8333333333333334,5,1,0.19980870474598422,-0.036585217271390746,0.30394708670988413,0.4857219356039102,0.377842599186007,0.0337684006539889,0.012172755854619658,0.19980870474598422,True
LAMB1,6,2.9119538751108576,0.003591756691212293,0.8333333333333334,5,1,0.007851195185214266,0.15419167446492565,0.1376637382143553,0.2421184426205336,0.299386821199573,-0.0807946623329632,0.012270538029503791,0.007851195185214266,True
AP5M1,6,2.9105134607069965,0.0036083542345156407,0.8333333333333334,5,1,0.2062971883902307,0.06278194425172856,0.12541237580943676,-1.5664304140781233,0.108363670902245,0.20177218496957,0.012306802168096848,0.2062971883902307,True
SHISAL1,3,-2.9101755269659524,0.003612258251387982,1.0,0,3,,-0.1728508294460891,-0.29853844849080424,-0.4287804499092438,,,0.012312623265439433,,False
PHF3,6,2.907447534453469,0.003643914639825802,0.8333333333333334,5,1,0.06275546038928415,0.0434127195135674,0.08578802045694278,-1.5798015767368874,0.271072852224309,0.290052099082628,0.012407750487224166,0.06275546038928415,True
WIPI1,6,2.9072463592964026,0.003646259091347672,0.8333333333333334,5,1,0.01279910757114422,-0.17217949753062411,0.19379225702412928,0.20988523857407415,0.175474375792331,0.185241105934781,0.01240856450138878,0.01279910757114422,True
ATE1,6,2.9071355816443885,0.0036475506555439983,0.8333333333333334,5,1,0.18910874625746477,0.10860958483778216,0.06015457273188396,0.03610848988953563,0.0254248195950673,-0.0727750591035889,0.01240856450138878,0.18910874625746477,True
EIF4ENIF1,6,2.906988121690944,0.003649270546663559,0.8333333333333334,5,1,0.08825788717597227,0.0051562792364423515,0.08775158094520741,0.14463100368698534,-0.196314564499828,0.221593905438306,0.01240856450138878,0.08825788717597227,True
KLF2,5,2.905738580150861,0.0036638741333664578,1.0,5,0,,0.1681235566521475,0.23119537365257825,0.1974753869059307,0.22483467612725,0.340817346008806,0.012452658040139961,,False
IVL,3,-2.905015325575908,0.0036723511829247204,1.0,0,3,-0.01898441771607678,-0.03917146280082876,-0.06141476395515223,,,,0.012473785507853472,-0.01898441771607678,True
SEPTIN11,4,2.9037019080801603,0.0036877909659054115,1.0,4,0,0.10519138712056897,0.05699749147863109,0.07969085146400356,0.19487150330640723,,,0.012521090475418741,0.10519138712056897,True
LY9,6,2.902923602119154,0.003696968110141587,0.8333333333333334,5,1,0.05733347853923512,-0.012639874814740673,0.1384323500716868,0.23520666902663434,0.377914062901645,0.60466728023391,0.012547101939525025,0.05733347853923512,True
INPP5D,6,2.8968694406471887,0.0037690657425953843,1.0,6,0,0.09881520263602805,0.0576566074321585,0.06617924119013274,0.9223711543389186,0.580451176359088,0.32896575821215,0.012760396026066434,0.09881520263602805,True
NPAS3,4,2.8967144602068706,0.0037709280304666854,1.0,4,0,,,0.09103611728832028,0.2738004125854352,0.780115421319824,0.381725074876092,0.012764090135027521,,False
ZFP133,3,2.8959813134932144,0.0037797490645744077,1.0,3,0,0.011248397081118355,0.0356182985990916,0.09555218430623125,,,,0.012791332348565854,0.011248397081118355,True
FEZF2,3,2.8921474529632145,0.003826183270443883,1.0,3,0,0.037866575025769705,0.029195320098449964,0.1259191787222665,,,,0.012924690916813704,0.037866575025769705,True
ATP8B1,6,2.89189935381986,0.00382920593099646,0.8333333333333334,5,1,0.26708028799703665,-0.03503573508975055,0.21722546164326229,0.5305849399848261,1.1937181398802,0.507401555955132,0.012926216300486666,0.26708028799703665,True
SLC24A4,6,-2.8918540082088198,0.0038297586235854645,0.8333333333333334,1,5,-0.01847131161755322,-0.16531744751496918,-0.14228722283186235,-0.64773632199153,-0.72894524005955,0.0378873385813738,0.012926216300486666,-0.01847131161755322,True
RAB11A,5,-2.8895135577586073,0.003858383686209121,0.8,1,4,0.029422446538649893,,-0.1423450591289086,-2.1116870515217068,-0.0077266716179587,-0.0744549106069921,0.013009567483017594,0.029422446538649893,False
GIPC2,5,-2.887563926877322,0.003882377046067039,0.8,1,4,-0.16656699316231904,-0.1524396193763946,-0.19666154776881317,-0.41096966788906975,0.0916688386810485,,0.013082472489108637,-0.16656699316231904,True
SMR3B,3,-2.8854057624868292,0.003909094739226931,1.0,0,3,-0.0274676628823807,-0.16739201819224406,-0.09271489212598731,,,,0.01315375810605492,-0.0274676628823807,True
HSBP1,6,2.883353407551071,0.0039346573380245695,0.8333333333333334,5,1,-0.1753134756785233,0.09007965499391446,0.09120449097750516,0.1964231490221744,0.0801742858433723,0.230772205933967,0.013229016505988763,-0.1753134756785233,False
ZFP853,3,2.8822947740580362,0.003947902148551728,1.0,3,0,0.20123596184479564,,0.20093680669552372,0.1407661318569634,,,0.01326008043076871,0.20123596184479564,True
APOOL,5,2.8816543307857825,0.003955934526854709,1.0,5,0,,0.09146681197019291,0.03397187608991947,0.8759558820184346,0.64250678640528,0.448515123757321,0.013281669024036337,,False
ARHGAP40,4,-2.88085828500549,0.0039659391428035155,1.0,0,4,-0.1288674628846308,-0.002396265273321971,-0.06207287718992683,-0.07943344538568398,,,0.013307160894320654,-0.1288674628846308,True
RAB43,6,2.8790902646910097,0.003988241657053079,0.8333333333333334,5,1,0.08601300620352137,0.09215705676401997,0.3418969929850302,-0.7652917757182478,0.106110332480358,0.0609257383264419,0.01336844388569108,0.08601300620352137,True
NOP2,6,2.8784018172302175,0.003996956768028038,0.8333333333333334,5,1,0.07301421548393794,0.045253854878760436,0.17862474137107576,0.2629719566277453,-0.506713572919953,0.0303335220397343,0.013389522045011149,0.07301421548393794,True
GPR162,6,-2.876331429357631,0.004023270261090015,0.8333333333333334,1,5,0.35198917505721283,-0.05356194376193235,-0.2918382857275237,-0.12712300404219867,-0.349825948736592,-0.324835728183484,0.01346404556440799,0.35198917505721283,False
POLR2A,6,2.876222065520661,0.004024664578473297,0.8333333333333334,5,1,0.2800436407000868,0.06375812392447688,0.10007795170264888,0.315485937678468,0.158201996105906,-0.147126234739471,0.013465989105091978,0.2800436407000868,True
IL2RB,4,2.8756189108400356,0.004032362290248801,1.0,4,0,0.052111974600091315,0.40030751701395173,0.23214240951455523,0.4312696678062331,,,0.013484485808370483,0.052111974600091315,True
PRG4,6,2.87559741884864,0.004032636826452023,0.8333333333333334,5,1,0.46094632189995743,0.009944949620994126,0.8855503146489381,-0.15524321360429116,0.1653866296605,0.731330225901313,0.013484485808370483,0.46094632189995743,True
BAZ2B,6,2.87358682765403,0.004058395052073377,1.0,6,0,0.12540730168698744,0.13164772188904772,0.08161796853871905,0.1062425631104924,0.120424945079349,0.0627286212959453,0.01356239751704392,0.12540730168698744,True
CUX1,6,2.8721704110788333,0.004076630709842415,0.8333333333333334,5,1,0.06162527073276891,0.12064167726029007,0.09567830757349949,0.28769682548498565,-0.133128055306059,0.0523637018475493,0.013609598932898679,0.06162527073276891,True
LYL1,5,2.8712637908357075,0.00408834199603225,0.8,4,1,-0.10146176729506173,0.20284073587780704,0.5627440996385926,0.05436013275216656,0.441280864567757,,0.013643192886759236,-0.10146176729506173,False
RNF122,5,2.870453449151394,0.004098835435283994,0.8,1,4,-0.10274376887665682,,0.5475567484435437,-0.0583256304871016,-0.390434512710273,-0.310806562805505,0.013669942398714623,-0.10274376887665682,False
ECE1,6,2.869326172772959,0.004113473641644847,0.8333333333333334,5,1,0.16448001149648217,0.09133621808912151,0.09885273225676006,0.22898248071371352,0.0372365585551515,-0.0672460107244739,0.01371281783197869,0.16448001149648217,True
PCDH18,6,2.8662677783650365,0.004153427572843737,0.8333333333333334,5,1,0.1282577099754567,0.15891420922139288,0.25219994071848983,0.0974739449894848,0.0897043813545477,-0.0721383595516247,0.01382971900738474,0.1282577099754567,True
TLR3,6,2.86596831709678,0.004157358508312797,1.0,6,0,0.0779614732183993,0.3094064422282906,0.427092439603431,0.1992501809482783,0.22879598051541,0.0072133693718257,0.013837240705729623,0.0779614732183993,True
FAM193B,6,2.8641331473804374,0.004181522028231062,0.8333333333333334,5,1,0.10017010336451282,-0.06964563292658354,0.22307942705806294,0.002780188258723726,0.373798493971249,0.258844726237235,0.013909275042459913,0.10017010336451282,True
SHPK,6,2.8638838438084577,0.00418481439817467,1.0,6,0,0.0018686934714784442,0.07710471296708077,0.09586625232184876,0.4472312467777648,0.143591649848587,0.0493288845611084,0.013914633973199506,0.0018686934714784442,True
GLIS3,5,2.8637737979154636,0.0041862684417983765,0.8,4,1,0.12530622570639482,0.06733712733957892,0.20591236561959025,2.8804044928423975,-1.3602741626838,,0.013916673076651282,0.12530622570639482,True
RELL2,6,-2.863672122577155,0.004187612292072984,0.8333333333333334,1,5,0.5932523737684345,-0.10634778077837481,-0.15841165644617838,-1.7843306649709816,-0.172861249568768,-0.203000414524788,0.013918345112126914,0.5932523737684345,False
MT1,5,2.8618111848622294,0.004212277670694054,0.8,4,1,,-0.15782421443382266,0.3349503485158043,0.3771646845907757,0.0712843713910778,0.0529140546291265,0.013986282849614439,,False
MYLPF,5,-2.8612635184083377,0.00421956164890606,1.0,0,5,,-1.6865989861910218,-0.33979359767443373,-1.0837950799349798,-0.797846317297694,-1.2771227822904,0.014004849491215781,,False
IL2RA,4,2.8608385226633812,0.004225221974338084,1.0,4,0,0.013854457994290637,0.04830689551165544,0.2734209578103149,0.1454965138777442,,,0.014012583813503746,0.013854457994290637,True
PABIR1,3,2.8583069809992656,0.004259081357251924,1.0,3,0,0.23045614458323804,,0.13601000727779589,0.38634886621074926,,,0.014113376301348119,0.23045614458323804,True
TMCC3,6,2.856791807316866,0.004279464340861569,0.8333333333333334,5,1,0.12270429050993403,0.15516258349673961,0.08643323842938777,0.0759599863138245,0.151354549214003,-0.166282618425069,0.014166790640026664,0.12270429050993403,True
PCCA,6,-2.8538003735251003,0.0043199667522503754,0.8333333333333334,1,5,-0.16328627036144105,0.0007204497642465668,-0.09562343596295442,-1.2267732423179964,-0.122900515999294,-0.037767519851029,0.014292174260661544,-0.16328627036144105,True
P4HTM,6,-2.8521686874265555,0.004342205101655772,0.8333333333333334,1,5,0.15213696506892482,-0.04803190854990591,-0.1248863544336265,-0.09466844804337438,-0.418192396339881,-0.0865276658820482,0.014348608273628737,0.15213696506892482,False
S100A1,6,-2.851453969417137,0.004351978682813122,0.8333333333333334,1,5,-0.451834145601286,-0.021908674389549354,-0.09480125652259508,0.25890761033887255,-0.431352574318926,-0.2846098973414,0.014378034163258044,-0.451834145601286,True
MTX3,5,-2.851214291189058,0.004355260682215403,0.8,1,4,,-0.043377887515447355,-0.1752107401918721,-0.13330850032135189,-0.133280635384778,0.0661850558542185,0.014380266270103598,,False
RBBP6,6,2.84990807995181,0.0043731865654295455,0.8333333333333334,5,1,0.03340014715463546,0.0588916763861036,0.12819502904729507,0.23901951457208526,0.128932119730793,-0.0877871766391349,0.014433695719040846,0.03340014715463546,True
RDH8,3,2.8495745395100625,0.0043777746380926534,1.0,3,0,0.013033572959333132,0.14371955159847893,0.0733686891761739,,,,0.014445958096034607,0.013033572959333132,True
MYO1D,6,2.8492390831970233,0.004382393465319599,0.8333333333333334,5,1,0.20308294923080705,0.0338944219399564,0.14799689273790229,0.09857133303312793,0.0228915451644034,-0.0084306356131012,0.014458317049625274,0.20308294923080705,True
SLC5A7,6,2.8481652256762735,0.004397208901329679,0.8333333333333334,5,1,0.4905979805750622,-0.0708990527521105,0.16436345919450934,0.6165213152762581,0.207823098087037,0.0870652071339197,0.01449275223711845,0.4905979805750622,True
STX17,6,2.84651229523293,0.004420102228220809,0.8333333333333334,5,1,-0.07879623971589655,0.09736212648664688,0.12911392330915472,0.22657308997128567,0.0725537584488158,0.0052875552516735,0.014559508871942453,-0.07879623971589655,False
NEK8,6,2.845640714525918,0.004432217194900902,0.8333333333333334,5,1,0.2265775536702428,0.11360152529457901,0.16187606125931708,0.13087974344128694,0.0356257738938757,-0.514336212207143,0.014588310675137094,0.2265775536702428,True
PCBP1,5,2.84560736291393,0.004432681379329398,0.8,4,1,0.026058619091495316,,0.09727118535222701,0.34960458242526116,0.114113523923234,-0.12979368347658,0.014588310675137094,0.026058619091495316,True
NOXRED1,3,2.8432387274886817,0.004465760701299698,1.0,3,0,0.00881052041091651,,0.043808023293653596,0.5876679646023486,,,0.01467194742515137,0.00881052041091651,True
RANBP3L,5,-2.8425734547904833,0.004475091758174786,1.0,0,5,-0.08953808211011527,,-0.38072999036203425,-0.3041008188668157,-0.680854852487123,-0.528824729111003,0.014693854152213658,-0.08953808211011527,True
BRSK1,6,-2.839261178152699,0.004521812925233095,0.8333333333333334,1,5,0.6783096741351304,-0.08191941920893697,-0.13341142760342617,-1.6115796778600755,-0.299669566530783,-0.29552166311357,0.014817867261623083,0.6783096741351304,False
KDM5C,6,2.8383587276666162,0.004534618770627956,0.8333333333333334,5,1,0.17125139060771222,0.05606427319379126,0.13934473935104386,0.374666067500228,0.0240124542731146,-0.0962564914756696,0.01485448818180927,0.17125139060771222,True
FNBP1,6,-2.836796768104824,0.004556860763388018,0.8333333333333334,1,5,0.40564664744567125,-0.07657208539640248,-0.20228596065029425,-2.0911683803083516,-0.104144358094613,-0.200220674916518,0.014915000861300863,0.40564664744567125,False
PTPRN2,6,2.8361067056349483,0.0045667185502663785,1.0,6,0,0.7593543185213418,0.08323718594097862,0.09186002140080607,0.019326887113663815,0.195898760746381,0.210985602935882,0.01494431108027068,0.7593543185213418,True
ZDHHC23,6,-2.8352864992216924,0.004578460610252128,0.8333333333333334,1,5,0.33261251703564554,-0.24182177693145307,-0.2399694560934973,-0.4715772301713246,-1.26584262216451,-0.192257841897643,0.014973854973501921,0.33261251703564554,False
PDP2,6,2.8340363396263974,0.0045964104811483325,1.0,6,0,0.24397252699594807,0.03999113579461877,0.08079924626578627,0.12830078673540335,0.0955300976463951,0.0252707047536997,0.015023654479456397,0.24397252699594807,True
ZYG11A,4,2.8332261869489,0.004608076712881321,1.0,4,0,0.0603016178804045,0.14431481308379163,0.018485975492123136,0.20512690296859487,,,0.015058812586695286,0.0603016178804045,True
ZFP11,6,2.8323339741459166,0.004620955635382982,0.8333333333333334,5,1,0.17103357160403831,0.7208518963862068,0.13797814167494993,-1.0831456853572128,0.171493282622293,0.572588868748255,0.015091960867572833,0.17103357160403831,True
HIVEP3,6,2.8320493198420937,0.0046250714195679166,1.0,6,0,0.8126232631399564,0.20588331164206242,0.12254097332389602,0.08087183916621399,0.074093244495999,0.0005001241072903,0.015102422990074601,0.8126232631399564,True
SEC14L1,6,-2.8295218716469734,0.004661761352988869,0.8333333333333334,1,5,0.295577230110875,-0.38995579997840535,-0.14052757059850496,-1.454106170365205,-0.135897873905605,-0.254656237315543,0.015213224352261783,0.295577230110875,False
SNX18,6,2.8290902093340393,0.004668053900295328,0.8333333333333334,5,1,0.1310553435523536,-0.0761893866088239,0.08986438393112905,0.14236577668742356,0.239292927687814,0.0906336888221428,0.015230756585390946,0.1310553435523536,True
PARP14,6,2.8284006695779715,0.004678121605136264,1.0,6,0,0.07440536522112762,0.10581951386610444,0.3655850588844922,0.47703343730670245,0.145658618418356,0.201744828269608,0.015256116816848145,0.07440536522112762,True
LSM8,5,2.828368509037485,0.004678591648279434,0.8,4,1,,0.12659435222035942,0.16896568836132841,0.08099713269472364,0.134028934267186,-0.219808583758859,0.015256116816848145,,False
COX7C,3,-2.828292914763047,0.004679696666568971,1.0,0,3,-0.46819630515635247,,-0.0832915802362475,-1.9264165081691065,,,0.015256714442593973,-0.46819630515635247,True
GSPT2,6,2.8258561782908753,0.004715443083667289,1.0,6,0,0.14561884535426506,0.054760242356690636,0.13201025628907503,0.1622996142540769,0.21699061641213,0.0815874248306669,0.015358129461011602,0.14561884535426506,True
CLCA4L,3,2.824281019359802,0.004738681679963079,1.0,3,0,0.07639985115240222,0.0037014286207457323,0.12146517855118528,,,,0.015424711733873917,0.07639985115240222,True
SLC23A3,4,2.8229010890834694,0.004759125164605205,1.0,4,0,0.016761458019035738,0.07656546852960547,0.11489130110876578,0.16721483577467497,,,0.015482122587371337,0.016761458019035738,True
LRRC7,5,2.8228339164873018,0.004760122352116438,0.8,4,1,0.15735866405670879,0.2073010941207089,0.16221974043288445,0.08710279789442033,,-0.152410614662385,0.015482323673065687,0.15735866405670879,True
CRCP,5,2.8222241351416053,0.004769183303717225,0.8,4,1,,0.051207561039605665,0.06626911917538791,0.4490773548848912,-0.0407146090464761,0.221955099480608,0.015505700656674035,,False
TK2,6,2.819492646922557,0.004809963299180411,0.8333333333333334,5,1,0.12910687285732525,0.13814673883255502,0.13374056694018943,0.24889566948495023,-0.100904999750607,0.23934730229787,0.015619077010520371,0.12910687285732525,True
CPEB4,6,2.8194619706674504,0.00481042306932791,0.8333333333333334,5,1,0.21898875837812426,0.1294259707444696,0.14442580243378078,0.10559465799750356,0.0868207869343021,-0.134090538490048,0.015619077010520371,0.21898875837812426,True
CTNNB1,6,-2.8194461220540523,0.004810660621050801,0.8333333333333334,1,5,0.05761445805338106,-0.056519166322544834,-0.07058060020566614,-2.2418905751060816,-0.011500321770916,-0.18296555209671,0.015619077010520371,0.05761445805338106,False
FBXW4,6,2.8186032840470325,0.004823309056047155,0.8333333333333334,5,1,0.17206641266920641,0.03174039976074461,0.08232312146441245,-0.6759852742196024,0.337082690459829,0.251616630220605,0.01565093344357822,0.17206641266920641,True
STAM,6,2.818213838105286,0.004829163613147492,0.8333333333333334,5,1,0.17866408705352743,0.017643229309210362,0.0669915525701601,0.21288885733770435,0.171584939859785,-0.0755628048037238,0.015663789168100586,0.17866408705352743,True
DLX3,4,-2.8181027145358866,0.004830835317097657,1.0,0,4,-0.3727004407157297,-0.0660149127428159,-0.37309425303299104,-0.19883773208261468,,,0.015665816865148483,-0.3727004407157297,True
SELENOF,6,2.818046467606489,0.004831681675723961,0.8333333333333334,5,1,-0.17186942092197643,0.14268571115104223,0.2674437356518915,0.07093397470685936,0.22954436313576,0.2684844714188,0.015665816865148483,-0.17186942092197643,False
PTPN3,6,2.8157219487278,0.004866776731177226,0.8333333333333334,5,1,0.00724066412749913,0.02481239942957858,0.15585196852551952,0.03983699434190058,-0.11197590772561,0.16533874380787,0.015760393624092192,0.00724066412749913,True
SPRN,5,2.814597679614853,0.0048838332940439495,0.8,4,1,,0.04909852756363886,0.17139702921965583,-1.8174119533624076,0.118835767575228,0.366011766713628,0.015807041197304545,,False
SEC24D,6,2.813133724968964,0.004906124358124842,0.8333333333333334,5,1,-0.11827391787628505,0.09638812462375101,0.2792691904272617,0.643770749782437,0.0961938885859903,0.0265293843466687,0.01586677811170035,-0.11827391787628505,False
F2RL1,4,2.812939792375671,0.004909084186830057,1.0,4,0,0.10373187168987963,0.08216686056643219,0.20279929881459813,0.3802710241653131,,,0.015870597751328805,0.10373187168987963,True
CRYAB,6,-2.811523341287104,0.004930751305030958,0.8333333333333334,1,5,-0.18677171387890645,-0.16437832072514702,-0.34205013505326765,-1.9566779778143708,-0.0527843133170549,0.313814712497246,0.015921536402823334,-0.18677171387890645,True
EXOSC4,5,-2.8110505815397975,0.004938002228585404,1.0,0,5,-0.13257200196397,,-0.08381619638587612,-0.9050006847551928,-0.34201652573508,-0.247176278222339,0.01594183984543507,-0.13257200196397,True
MLH3,6,2.8103992489330154,0.004948007798438165,0.8333333333333334,5,1,0.034307773076806214,0.03883323984402276,0.20825997460968404,0.26223889415295787,-0.135076444820097,0.140349258784672,0.015971026731620225,0.034307773076806214,True
PROM2,4,2.810042449174298,0.004953496615704773,1.0,4,0,0.05458476581746319,0.12787360091487623,0.2993088026590408,0.03305222070136321,,,0.01598562604467643,0.05458476581746319,True
PLA2G4A,6,2.8088567721918127,0.004971776014509075,0.8333333333333334,5,1,-0.25111068841241946,0.20347498362673633,0.5533555987300425,0.20970564532029634,0.409160587457572,0.289230418085694,0.016034028456841196,-0.25111068841241946,False
PUS7L,6,2.808818310691968,0.00497236998966686,0.8333333333333334,5,1,0.04555777434110597,0.06694845733488486,0.18077210020839196,0.12096287524235239,0.262481824805066,-0.672648477397355,0.016034028456841196,0.04555777434110597,True
AARS2,6,-2.808143199194926,0.004982806440443654,1.0,0,6,-0.007274915781326108,-0.13490841152886923,-0.1399874626139619,-0.10648377099916573,-0.0796906665780006,-0.173494455698977,0.01605829676834567,-0.007274915781326108,True
TSC22D2,6,2.8079932558441203,0.004985127079562667,0.8333333333333334,5,1,0.24863229339365756,-0.09946479674580644,0.1204510646390915,0.34639535796858123,0.156733385816214,0.0360568259881244,0.016059521880288297,0.24863229339365756,True
PLAGL2,4,2.8077619090713593,0.004988709498200049,1.0,4,0,0.06741898603963792,0.18026848849191768,0.14944392302468934,0.17961527365151309,,,0.01606747111251131,0.06741898603963792,True
TMEM237,6,2.8077085498365197,0.004989536099462792,0.8333333333333334,5,1,0.06813133575491559,0.14801298188688428,0.11947161984755628,-1.368458358449864,0.404091800125185,0.0129993367595258,0.01606747111251131,0.06813133575491559,True
TIMM10,6,-2.807132559967974,0.004998466790071056,0.8333333333333334,1,5,-0.25706988700663214,-0.06871288992846036,-0.10867712444092703,-0.04369014330578658,0.0835409691132361,-0.473391286848608,0.01609309906812996,-0.25706988700663214,True
GALNT15,6,2.8069539417087954,0.005001239190840845,1.0,6,0,0.3915166716080615,0.21599780343671515,0.14313259918144494,0.50619940516254,0.124771455393441,0.191659483453241,0.01609889363803922,0.3915166716080615,True
DHRS7C,4,-2.8051469016556174,0.0050293652228640085,1.0,0,4,-0.5023535069953833,-0.34959065702000414,-0.08898247084197554,-0.1786226508609437,,,0.01616428216870778,-0.5023535069953833,True
TLR11,4,2.804182062185934,0.005044441149670846,1.0,4,0,0.1870307314382913,0.022839078540767464,0.15270909892107007,0.056161649906916966,,,0.016203297090889163,0.1870307314382913,True
SESN2,6,2.8034322643446528,0.0050561851808753775,0.8333333333333334,5,1,0.06826266174567319,0.04516554810728879,0.07997198695633179,0.9480365529771202,-0.353999633296916,0.0799369133913053,0.016234469253223038,0.06826266174567319,True
HSPA4,6,2.8033746778869335,0.0050570881748198395,0.8333333333333334,5,1,0.0957155094671549,-0.05547735041661639,0.11006409445446508,0.03931459702619122,0.0220296874825257,0.0178295074958743,0.016234469253223038,0.0957155094671549,True
WWP1,6,-2.8032275339096215,0.005059396152443125,0.8333333333333334,1,5,-0.028100926620809652,-0.04958581767512982,-0.11768205607453641,-1.7159055738191142,-0.146806357561406,0.183816631596135,0.01623673552998114,-0.028100926620809652,True
RELL1,6,2.801097430680198,0.005092914010604658,0.8333333333333334,5,1,-0.07302400275361798,0.06444869631513939,0.1413886644340412,0.21709922788423253,0.477532986400556,0.0210905275233682,0.016327312164154232,-0.07302400275361798,False
SLFN8,3,2.799731714577751,0.005114509456991655,1.0,3,0,,,,1.1936757401170528,0.277905818451387,0.0908895106722563,0.01638179344772467,,False
PNKP,6,2.7996473337509897,0.0051158464434079755,0.8333333333333334,5,1,0.09614329071733119,0.09977520258229866,0.10623127774990548,0.13968712931212401,-0.246161617560211,0.0019010683617253,0.01638179344772467,0.09614329071733119,True
GGTA1,5,2.798968780874662,0.005126609379473847,0.8,4,1,0.001626165023417947,,0.2472404083843358,0.26292198062169625,-0.215077428062929,0.180686117740748,0.016407227475545773,0.001626165023417947,True
SLC4A11,6,-2.798790582978782,0.005129439274525605,0.8333333333333334,1,5,0.25990437812611455,-0.03827014635505899,-0.4409337241502649,-0.050637689195904834,-0.164065563559888,-0.250883443209823,0.016409630389114777,0.25990437812611455,False
MOV10,6,2.7987869744659846,0.005129496594567415,0.8333333333333334,5,1,0.20318737549006993,0.06263278694322816,0.2876115451563912,0.419944896755017,0.105918901985671,-0.667790432119519,0.016409630389114777,0.20318737549006993,True
NEMP2,4,2.7973402778671073,0.005152523590032523,1.0,4,0,0.010914717959433773,0.09723566906380399,0.193077413193941,0.11696417252299351,,,0.016464202791934036,0.010914717959433773,True
FH,3,-2.7966964270148145,0.005162801737503964,1.0,0,3,-0.2441393734436339,-0.06371187920077581,-0.10391756426977583,,,,0.016490678185867545,-0.2441393734436339,True
MIA3,5,2.7960396300949126,0.005173305636938584,0.8,4,1,0.0047377253160183486,,0.07055197597998308,0.5641880664827674,0.1620823171106,-0.105168270015491,0.016515501307045388,0.0047377253160183486,True
ASXL1,6,2.7958140422106483,0.005176917829836723,0.8333333333333334,5,1,0.08695848606248635,0.30304130753544145,0.12874590347176884,0.18926321645937083,0.046015146539121,-0.23964847619037,0.01652301271104077,0.08695848606248635,True
CENPK,4,-2.79410236676095,0.00520440011885404,1.0,0,4,-0.16991067614564637,-0.05583823707092561,-0.14110417192243396,-0.2416073516119206,,,0.016601123678410497,-0.16991067614564637,True
TMEM248,6,-2.7930912535062147,0.005220696199107394,0.8333333333333334,1,5,-0.14743231344872587,0.10428347975949315,-0.07125560090308714,-1.3488157881174558,-0.219546824616784,-0.224339640196296,0.016643482952162093,-0.14743231344872587,True
CD53,5,2.792982149987558,0.0052224573698561524,0.8,4,1,-0.15364849259890434,,0.44006125807969987,1.2004291946975316,0.127503467395123,0.0030412467413452,0.016645891466562493,-0.15364849259890434,False
LRRIQ1,6,2.7922941755554738,0.005233575159565567,0.8333333333333334,5,1,0.31923041254079365,0.07299216605402592,0.16396030837554054,0.1514362600071939,-0.0387213789843015,0.593518856129736,0.01667790221979824,0.31923041254079365,True
FDX1,5,2.790151243610823,0.0052683424869466,0.8,4,1,,0.038165184823854226,0.24803964056473538,0.08213663163939122,-0.0428551552587786,0.0877158290728244,0.016763092049969265,,False
CRYGN,4,-2.789992552554286,0.005270925398644495,1.0,0,4,-0.09168560019874863,-0.017044852405802634,-0.03155100591147754,-0.10757252375181561,,,0.016767823329679535,-0.09168560019874863,True
EIF4H,6,-2.787308666691211,0.005314782889890447,0.8333333333333334,1,5,0.1578061950589671,-0.058697209017731566,-0.04635125007112162,-1.8384853339664486,-0.170595708995499,-0.197397403597707,0.016879700322185373,0.1578061950589671,False
FZD2,6,2.7864608839778624,0.005328704883214263,1.0,6,0,0.2349613282863463,0.11159023570692383,0.40766092367721507,0.26311737432274374,0.235331595661757,0.125077674131146,0.016912890359916104,0.2349613282863463,True
GNB5,6,-2.7850017043249475,0.005352744171425787,0.8333333333333334,1,5,0.31987451627210906,-0.053791622985063015,-0.1623860126931369,-1.455316669108063,-0.138845048920701,-0.0013209316870075,0.016985932040920172,0.31987451627210906,False
PPM1L,5,-2.7833544748752455,0.005379999134278665,0.8,1,4,,-0.019176305768877633,-0.10696780854229715,-0.16824642928228783,-0.109677005195883,0.165276174758974,0.01706587690122278,,False
CALR4,4,-2.778667909561818,0.0054582295433709075,1.0,0,4,-0.11169424724647614,-0.13754154541615993,-0.23133612814747284,-0.01730575692093872,,,0.017277608606210606,-0.11169424724647614,True
OCLN,5,2.778555848252254,0.005460112631012926,0.8,4,1,,0.19736223107547335,0.3450379403393664,-0.096314762529496,0.451209528639856,0.0846807777746674,0.017280264678494448,,False
PWWP2A,6,2.7775723387200584,0.005476664784182492,0.8333333333333334,5,1,-0.0037762284285989267,0.0879483025476151,0.16676942940515893,0.1619892495016897,0.0099209868491017,0.174368059589008,0.017328589228524243,-0.0037762284285989267,False
PBX2,5,-2.775466197968216,0.005512262902770693,0.8,1,4,,-0.0067668000518645854,-0.07222533115521479,-1.3315081286151513,0.0130633522582393,-0.377051885036473,0.017431978518658867,,False
RNF185,6,2.7752362731614997,0.005516161722016829,0.8333333333333334,5,1,0.0715120939159295,0.503731355427647,0.057144851881423264,0.37647865378405587,-0.114567719611177,0.191949994445711,0.01743764492414487,0.0715120939159295,True
LRRC27,6,-2.775031059841904,0.005519643612007534,0.8333333333333334,1,5,0.18610695811273725,-0.07963438057460981,-0.1725971613106645,-0.9340435741686899,-0.387421131220108,-0.291181510923545,0.017445320043144686,0.18610695811273725,False
DUS4L,6,2.7748769534554367,0.0055222596657302815,1.0,6,0,0.2267162509498939,0.05467634971126567,0.03721145881917853,0.26188231017070995,0.848683180490742,0.89998093036165,0.017450256202208404,0.2267162509498939,True
PRIMPOL,6,-2.7742866557048322,0.005532290700068391,0.8333333333333334,1,5,0.10812745339439722,-0.12063665950264535,-0.2218616379265641,-0.9084577867769528,-0.825437885263602,-0.0416697785271776,0.017475281615941224,0.10812745339439722,False
MYG1,6,-2.773935534612606,0.005538265159689091,0.8333333333333334,1,5,-0.10527252530543585,-0.030029157704300147,-0.08855207142159127,-1.3337406818589326,-0.210298416168714,0.0660208968218692,0.01749081566937108,-0.10527252530543585,True
RELB,6,2.7715001391888556,0.005579864845417875,0.8333333333333334,5,1,0.016340639056851014,0.027903487009369288,0.24989786764545263,0.4595784500972586,0.204838731978227,-0.114124813677473,0.017612113448008518,0.016340639056851014,True
PDRG1,5,2.770092560025588,0.00560403647454751,0.8,4,1,,-0.011050046060136154,0.10414217199069853,0.6084841172656166,0.0284789676170496,0.13037257981839,0.01767829459247387,,False
LDB3,6,-2.769401611362788,0.005615936313274249,0.8333333333333334,1,5,-0.23621358363498768,-0.06629484431548693,-0.21425310924647079,-0.20720209637250653,0.0010009542730053,-0.253449421809989,0.017702338194118334,-0.23621358363498768,True
HS3ST1,5,-2.769161002571682,0.005620085538092528,0.8,1,4,,-0.11069810740037411,-0.24596202165905012,-0.22993937204500403,0.19117781878211,-0.254023690625563,0.017708672344661627,,False
CWC15,6,2.7676806629220385,0.005645674450169991,0.8333333333333334,5,1,-0.24585619682191595,0.11844145380143489,0.12066105277273298,0.17950100147622017,0.262059283300591,0.307306825906462,0.01777238560274129,-0.24585619682191595,False
GJB3,4,-2.765521679780678,0.00568318272388244,1.0,0,4,-0.014134429901758977,-0.14216299751126746,-0.1590537405452999,-0.024843459407670902,,,0.01787723576215384,-0.014134429901758977,True
NAF1,6,2.7655148351792413,0.005683301992535856,1.0,6,0,0.18982867970270156,0.029014518419100632,0.08596091349401425,0.13031990906951085,0.220359478569456,0.313077376490134,0.01787723576215384,0.18982867970270156,True
TRABD2B,6,2.7645288743667638,0.005700506176323589,0.8333333333333334,5,1,0.40289259163375557,-0.1329912439286769,0.10619322177165014,0.4334442075209104,0.296180896026041,1.10075186217617,0.01792217205558332,0.40289259163375557,True
PKHD1,3,2.763458159433172,0.00571924243757084,1.0,3,0,0.08199500587515013,,0.11248440934017157,1.9220570062872495,,,0.017973210713247114,0.08199500587515013,True
MYNN,6,2.7629598245032287,0.005727981641924013,0.8333333333333334,5,1,-0.004014351686607576,0.06578869011149946,0.10964673426797322,0.20681342461497643,0.297444129357272,0.138891226083093,0.017990427350498342,-0.004014351686607576,False
NRSN2,5,-2.7627833268700788,0.0057310797339622235,0.8,1,4,,0.052510742899051444,-0.1855843847061962,-0.918871179343764,-0.200457096479927,-0.134309880992104,0.017996742886841725,,False
MRPL46,6,-2.7623981747384767,0.005737845620247214,0.8333333333333334,1,5,-0.2778807597730548,-0.2327332012981569,-0.05865134830448948,-1.332926360776788,-0.013655532752609,0.172301042943675,0.01801457145416007,-0.2778807597730548,True
ZFP37,5,2.7608476909382667,0.005765155567113464,1.0,5,0,,0.25910095785472365,0.07709823596987375,0.12216210081612022,0.593164680850233,0.520203315123785,0.01807376440719606,,False
ZBTB40,6,2.7598602445114215,0.0057826093105064315,0.8333333333333334,5,1,0.15794866004065566,0.225057953785204,0.10654757251087776,0.19275600189115316,0.0205622779610697,-0.125042325950204,0.01812074011880016,0.15794866004065566,True
EID2,5,-2.7578142762645,0.005818924812875029,0.8,1,4,,-0.0854183669920543,-0.08992019071299051,0.22747693038374273,-0.280485956704689,-0.0695778506193814,0.01822763881580384,,False
GAS2L3,5,-2.7570541588354094,0.005832469034493856,0.8,1,4,,-0.09260341983913056,-0.15370208199274504,-1.8120499361444171,-0.217992609623175,0.0453613503796246,0.01826660879071756,,False
SOSTDC1,6,2.756861938708291,0.005835898625544614,0.8333333333333334,5,1,-0.3203235276368046,0.1330334676042657,0.5230115992988038,0.33531266639461244,0.162816137457243,0.125732302817346,0.018272128120797402,-0.3203235276368046,False
HTR1A,6,-2.7568316510260855,0.005836439184065723,0.8333333333333334,1,5,0.36819922514373427,-0.1533384659608571,-0.28787511475464334,-0.43131035911405213,-0.237499523173815,-0.262411334165889,0.018272128120797402,0.36819922514373427,False
ABCB1A,5,2.754227638445731,0.005883083334792204,0.8,4,1,0.10597693908554451,,0.25936483958748013,-1.2847696044930244,0.324687852147227,0.381780052904964,0.018397278548551024,0.10597693908554451,True
NRXN2,6,-2.7538762917736026,0.005889402461211971,0.8333333333333334,1,5,0.7579206888185741,-0.02469026564729404,-0.19751402967300002,-1.5993374549387998,-0.0556820866218701,-0.291754235990463,0.01841356054740849,0.7579206888185741,False
ROR1,6,2.752949920615234,0.00590609299950049,0.8333333333333334,5,1,0.30448440657080633,-0.0925876688281162,0.10677799009008782,0.28373356138068795,0.524509385294805,0.781335596514048,0.018457661257069775,0.30448440657080633,True
CD163,6,2.7529077919158005,0.005906853049703879,0.8333333333333334,5,1,0.23129878606510124,-0.28306417672451545,0.2995369275677211,1.2787858875716864,0.144917773584048,0.531993856165109,0.018457661257069775,0.23129878606510124,True
ATP1A2,6,2.7522033293021306,0.0059195754340413825,0.8333333333333334,5,1,0.065237240990065,0.11810116001680093,0.22636417320121716,-1.9794467025014848,0.172525657713745,0.320129100959468,0.018486945770613765,0.065237240990065,True
ARHGAP42,6,2.7505601791502,0.005949346265691218,0.8333333333333334,5,1,0.11409991588099455,-0.0030713535673130288,0.06620147346120486,0.908669551136132,0.117475713348466,0.141962570619548,0.018569409652973986,0.11409991588099455,True
SNRNP48,6,2.7487786795999662,0.005981776114625372,0.8333333333333334,5,1,0.011983566527448808,-0.027140210330135695,0.17069484842008364,0.1494385782683887,0.125260879570105,0.245290008964236,0.018663592506932922,0.011983566527448808,True
SLC4A3,6,2.7484615361875493,0.005987565965309886,0.8333333333333334,5,1,0.3339425229801902,0.07402474877167853,0.0984377286075313,0.022046994276702314,0.303287105562684,-0.111766029651093,0.018674616894254613,0.3339425229801902,True
DACT2,6,2.748058568526805,0.005994929929101661,0.8333333333333334,5,1,0.1964256787019827,0.09790601159449386,0.15611140770135057,0.09260548745418795,0.24187756726332,-0.244259252433642,0.018687020750751543,0.1964256787019827,True
H2-AA,3,2.7479934220860387,0.005996121202578807,1.0,3,0,,,,0.7634401058989555,0.41957264841934,0.469344299614339,0.018687214864448205,,False
TMEM51,6,2.7472586302529733,0.006009572447266917,0.8333333333333334,5,1,0.2476071342381707,0.0950256460679495,0.12835438827905943,0.17628467787943558,0.273984379098402,-0.366293684406808,0.018718783824765352,0.2476071342381707,True
USP36,6,2.7459405821250438,0.006033769035786219,0.8333333333333334,5,1,0.12531961153082172,0.043788134732830386,0.1097612729078552,0.2942857360963398,0.19752960400665,-0.37430046950335,0.018772734037656672,0.12531961153082172,True
RDH13,6,2.745493060020195,0.00604200453682163,0.8333333333333334,5,1,0.015492399434328341,0.0277812517645728,0.14245488872578793,0.20092634848235225,-0.0748114710210999,0.0197924854891078,0.01879482411078211,0.015492399434328341,True
FBXO41,6,-2.7452092943312363,0.006047231764124227,0.8333333333333334,1,5,0.7529389153423995,-0.0654178226554385,-0.16878292980299303,-0.08928564295955344,-0.256227133097858,-0.279751236475285,0.018807549823334123,0.7529389153423995,False
RUFY4,4,2.7451359734187277,0.006048583065516505,1.0,4,0,0.11172877138482201,0.0343248771843641,0.06735522253651972,0.21008425233738703,,,0.0188082184671105,0.11172877138482201,True
CHAT,4,2.7444102955175214,0.006061971955602408,1.0,4,0,0.0011949565949714233,0.006388535485315434,0.1355449086160137,0.03166447657382835,,,0.018839233910839477,0.0011949565949714233,True
HOXC10,6,2.743787907966971,0.0060734763810514,0.8333333333333334,5,1,-0.1626639572092734,0.007556745542567356,0.15122255706314114,0.16459566472817366,0.548020900389576,0.437487693568797,0.01887144378809138,-0.1626639572092734,False
NFKB1,6,2.7404504882120198,0.0061355025318756895,0.8333333333333334,5,1,0.04953181474577839,-0.02031016483863235,0.12030467762374375,0.39052867601922525,0.134380329505961,0.16622893767753,0.019049866424236808,0.04953181474577839,True
LPP,6,2.7398959304975734,0.006145864114698228,1.0,6,0,0.015046499270926939,0.253949876280096,0.1492350588458331,0.37777073496731006,0.173648260630386,0.0735395316052885,0.019078458894689624,0.015046499270926939,True
CAMTA1,6,2.7387520683816073,0.006167286290794432,1.0,6,0,0.566836200215163,0.170552939983323,0.0882460907984175,0.018897358170078427,0.198128766371971,0.0622964121013929,0.019134193567990523,0.566836200215163,True
SH3KBP1,6,2.7356044301481384,0.006226582574031281,0.8333333333333334,5,1,0.13409937097036462,-0.13992759038511293,0.020834572828534625,0.7614133752416388,0.415978283438805,0.354847618453302,0.019289237275943432,0.13409937097036462,True
FSD2,5,-2.734416757798912,0.006249089390448788,0.8,1,4,-0.47657260336927354,-0.10182923528442277,-0.12937781396307071,-0.06771237130965782,,0.0885049063734717,0.01934447869659778,-0.47657260336927354,True
HOXC9,6,2.7341306041526563,0.006254523041425727,0.8333333333333334,5,1,-0.11880463512733375,0.028423220884022937,0.20622623138619467,0.2314087857128988,0.105159586512563,0.140356939784395,0.01935767864279705,-0.11880463512733375,False
ZBTB37,6,-2.7338702188093604,0.006259471084520677,1.0,0,6,-0.01860128283745699,-0.20503843533784538,-0.11121285278778892,-1.389386332737156,-0.41384327443121,-0.116190890765569,0.019369370983545756,-0.01860128283745699,True
MRPS34,4,-2.7324498061206115,0.00628652495547309,1.0,0,4,,,-0.08097186805987189,-1.1282558834302945,-0.165592575336996,-0.189849903010045,0.019445815934029262,,False
KAT2A,6,2.732241776952386,0.006290496004103538,0.8333333333333334,5,1,0.14854882003202885,0.0024101013853057296,0.07019169148182769,0.31367705880421504,0.101727037948306,-0.262594105960508,0.019454463725695398,0.14854882003202885,True
GID4,5,-2.7315789490302227,0.006303163724568656,0.8,1,4,,-0.0050743471675027685,-0.10695353889330139,0.11625135078968096,-0.294386518924343,-0.0415921895030067,0.01948635897815846,,False
KIF4A,3,2.7311927197315047,0.006310555778502863,1.0,3,0,0.04839918964461454,0.05628174822471277,0.30901624513643666,,,,0.019498286213511178,0.04839918964461454,True
RAD18,6,2.729584273720987,0.006341423852711471,0.8333333333333334,5,1,-0.03811508719304291,0.1166863034288379,0.1354888008286408,0.0965526597685673,0.456987328783129,0.498736397029128,0.019568092395615265,-0.03811508719304291,False
WNT6,6,2.729497930965342,0.006343084713874056,0.8333333333333334,5,1,0.0023333305308579355,-0.02463874274504585,0.21366784359814428,0.27203825370635926,0.132299222106711,0.346943631571997,0.019569569093018338,0.0023333305308579355,True
ANKRD27,6,2.7282936853799455,0.006366290031272726,0.8333333333333334,5,1,0.2955826256267118,0.13503120090499143,0.0940253613920703,-0.1421315795688507,0.208667532491147,0.0540158309783658,0.019630184910139,0.2955826256267118,True
C2CD2L,6,2.7275009087004323,0.006381608183598559,0.8333333333333334,5,1,0.3434127412139567,0.01319450019075985,0.03460796089727669,0.5658368547914678,0.183231253398675,-0.0579853215284134,0.019666426858112707,0.3434127412139567,True
NDUFA11,6,-2.7241611584078216,0.0064465041547821685,1.0,0,6,-0.42636228723250547,-0.004026958950414716,-0.049253343764257274,-0.08986591609747929,-0.12425406644895,-0.34319748914865,0.019840560946440024,-0.42636228723250547,True
ANK3,6,2.7230693726588617,0.006467847475531523,1.0,6,0,0.2361340276936108,0.18069934100569673,0.023671182160914128,0.43966032924937437,0.207034689891623,0.0434616271027153,0.019893811996933113,0.2361340276936108,True
ZFP1,6,2.721538917745009,0.0064978733545288,0.8333333333333334,5,1,0.003406509573118388,-4.548413091409742e-05,0.16113950426431112,0.15269869540750136,0.532841274331062,0.197851421839298,0.019962369940286835,0.003406509573118388,True
PEX1,6,2.721215897332046,0.006504226669359793,0.8333333333333334,5,1,0.08246941134392305,0.026473918401375585,0.06254770094205497,-1.298861543736649,0.194847162675317,0.412373231000852,0.01997735383767736,0.08246941134392305,True
ZFR2,6,-2.720167709916656,0.006524881406109541,0.8333333333333334,1,5,0.43496694653369605,-0.15837721410372074,-0.2788732218572427,-0.05595322291564209,-0.25477549159019,-0.0632467256362177,0.02003335875235116,0.43496694653369605,False
PTGES2,6,-2.7197425553663015,0.006533275962814341,0.8333333333333334,1,5,-0.09026969408268215,-0.09677051226381117,-0.05553069542006117,0.09124412554335759,-0.374799235486619,-0.313795046522624,0.02005541241403987,-0.09026969408268215,True
MAML1,6,2.7182588627642463,0.006562647205819399,0.8333333333333334,5,1,0.11824483409387287,0.20174521826367098,0.15755880674955458,0.2706042226319929,0.0006601440827234,-0.101883250350624,0.02013810466272204,0.11824483409387287,True
SLC25A26,6,-2.717616217033715,0.006575405864213589,0.8333333333333334,1,5,-0.1621851268254444,-0.03437304758459803,-0.08300819063680853,-1.0167360316103329,0.196604554447577,-0.398368570561455,0.020169777217283788,-0.1621851268254444,True
CCT5,6,2.716629907495144,0.006595030785981348,0.8333333333333334,5,1,-0.08990258168414478,0.029403296960213154,0.14035892121020144,0.21834941415872322,0.0280028868387809,0.116852615916201,0.02021873487119157,-0.08990258168414478,False
MEPCE,6,2.716253648865326,0.006602531194363823,0.8333333333333334,5,1,0.11689195651376671,0.11164621910831052,0.07032049284054942,0.2822386701383133,0.0205340747689955,-0.183059197042145,0.02023397179650079,0.11689195651376671,True
RAB42,3,2.7153539304479883,0.006620497455095104,1.0,3,0,,0.14594728215746378,0.17971846708835582,0.090459637890906,,,0.020281783060657813,,False
DPH1,5,2.7152468186116754,0.006622639271114252,0.8,1,4,,-0.012527688742332455,0.22448109685981033,-0.8150044492466826,-0.559227148530458,-0.373816915330187,0.020284590158305534,,False
PLPBP,4,-2.7148721629251753,0.0066301358150088145,1.0,0,4,-0.020068583130458784,-0.02720726854187694,-0.16078772637600114,-1.2853549846542895,,,0.020296284078051768,-0.020068583130458784,True
SERPINB6B,6,2.71382869836376,0.00665105489311706,0.8333333333333334,5,1,-0.2027749339595859,0.1907950703829917,0.41977502667703015,0.10243406322746029,0.0702621742414236,0.706963971947839,0.020345312764475345,-0.2027749339595859,False
RIN2,5,2.7122438962985402,0.0066829400670957466,1.0,5,0,0.04644442100448032,0.08169543908583332,0.10621263240796619,,0.0481320956245319,0.192856668214471,0.020427705261416212,0.04644442100448032,True
IGFBP5,6,2.7120644641800227,0.006686558769369934,1.0,6,0,0.20855646208177525,0.06444955197986424,0.5390005949183285,0.22022428817770923,0.232200097928575,0.164391039364403,0.02043499275306705,0.20855646208177525,True
DDX31,6,2.709474763799567,0.006738983159106577,0.8333333333333334,5,1,0.05280865230853049,0.12713576162441997,0.20642507841410662,0.141501195805243,-0.0175478876276942,0.0876094329518171,0.020568424964503586,0.05280865230853049,True
ABI3BP,6,2.709416811565554,0.0067401605248590775,1.0,6,0,0.10425676266305572,0.1820124604832798,0.22245140363640648,0.15548942516552788,0.150585407357894,0.353353812532985,0.020568424964503586,0.10425676266305572,True
THUMPD2,6,2.7088867715922063,0.006750937473109727,0.8333333333333334,5,1,0.1330850928338494,0.00871121034468958,0.14086075197228531,0.09030627120880963,-0.244922230792006,0.47722562213154,0.020597514664499945,0.1330850928338494,True
TSHZ2,6,2.7087812329512637,0.006753085167682473,0.8333333333333334,5,1,0.4164666037123306,0.759250910261932,0.06796918849300937,-0.36474547679303626,0.10540331435523,0.258538338753142,0.020600270124489548,0.4164666037123306,True
MYOM1,6,-2.7081343960380004,0.006766261616927929,0.8333333333333334,1,5,-0.15979766823506747,-0.2988684166937046,-0.255220062605495,-0.7301501106023371,-0.551520476989427,0.297764250846551,0.020636661559497158,-0.15979766823506747,True
PIGV,6,2.706959042521585,0.0067902634124166915,0.8333333333333334,5,1,0.13784280804696003,0.2646244013733552,0.15046108706948846,-0.7982428408745328,0.0480960013349057,0.197237599723155,0.020694612410664903,0.13784280804696003,True
PRR7,5,-2.7061351529460382,0.006807133578489896,0.8,1,4,,-0.05270419913220903,-0.26593631628589964,0.023743096513296313,-0.319118800077584,-0.749699474740028,0.020734573977027007,,False
TMEM182,4,-2.704634912866954,0.006837949626045625,1.0,0,4,-0.49589501472579234,-0.1785209666877057,-0.21695194901698145,-0.03146034993200286,,,0.020816947252217617,-0.49589501472579234,True
BCS1L,6,-2.7037937830566956,0.006855281846337481,0.8333333333333334,1,5,-0.04443813238797922,-0.15009429133702357,-0.0727717118969684,-0.1464230970086131,-0.0888928405598417,0.270207328944179,0.020858203147165074,-0.04443813238797922,True
AEBP2,6,2.703086030025128,0.006869896289862846,0.8333333333333334,5,1,-0.013824973175614375,0.02122363734950783,0.09391646559491562,0.3099316078621879,0.248234072157319,0.0717497385044736,0.020898828044442166,-0.013824973175614375,False
PPP1R14C,6,2.702364611855157,0.006884821707765989,0.8333333333333334,5,1,0.18986986217843782,-0.12374071406557574,0.15422415422498936,0.3171880453579101,0.131394389278433,0.0388386642603398,0.020940383849125808,0.18986986217843782,True
GOLGA2,6,2.7021324298207188,0.006889631514111642,0.8333333333333334,5,1,0.23988992653183505,0.15549629956377853,0.023765590087600152,0.2335944105457992,0.2697348232526,-0.170448830262651,0.020947974058262955,0.23988992653183505,True
STK40,5,2.698873771762759,0.006957456027488841,0.8,4,1,0.11877347335658772,,0.09360373652147835,0.6314377776788129,0.0950593075691897,-0.242258490707251,0.021126364367454648,0.11877347335658772,True
CXCL1,3,2.696832776687772,0.007000241402645087,1.0,3,0,,0.3596180058814975,0.07057568538377978,0.2624631623485302,,,0.021249088835385926,,False
VSX2,4,2.696823333327831,0.007000439911754438,1.0,4,0,0.2712468859533651,0.0019983050848971506,0.1788158111292606,0.007502870003611953,,,0.021249088835385926,0.2712468859533651,True
SCO1,5,-2.696582055818845,0.007005513527416211,0.8,1,4,,-0.10779574660977698,-0.10736563479948824,-0.9098513812508369,-0.166449813216352,0.069461022714874,0.021260590375099583,,False
MRPS27,6,-2.695749966886768,0.007023036146623281,1.0,0,6,-0.09225288372387208,-0.02546475954869054,-0.08379998726935778,-1.155532729023752,-0.0824538036922442,-0.019837904881598,0.021302051365018976,-0.09225288372387208,True
YIF1B,6,-2.694984876424907,0.007039182594970976,0.8333333333333334,1,5,0.03594459607970446,-0.12120494055880293,-0.07698538848161274,-1.179348657876654,-0.548264734040605,-0.41395618779108,0.02133538734882981,0.03594459607970446,False
IGFBP7,5,2.694540650274031,0.007048572820444785,0.8,4,1,,0.23199370477323278,0.2570770653296375,0.3675916339751417,-0.191472114849079,0.381881889118101,0.021359937261809243,,False
TNFSF18,4,2.694086858629525,0.007058176857697653,1.0,4,0,0.1080331941739403,0.03487131163314021,0.10019942161220499,0.07007416336388989,,,0.021369479302837304,0.1080331941739403,True
GRPEL1,6,-2.6936459873034226,0.00706751870111658,1.0,0,6,-0.2248706671352405,-0.0962281775390248,-0.00971428600290114,-1.3373842661178799,-0.670013336047276,-0.090867523866375,0.021389937747464186,-0.2248706671352405,True
WDFY3,6,-2.6919636869030943,0.0071032679000287285,0.8333333333333334,1,5,0.5463433633177459,-0.029535402163106905,-0.20969009715020182,-2.0279430799762057,-0.0559952471443736,-0.137698202380625,0.021486346908127837,0.5463433633177459,False
GCHFR,3,-2.691767894849996,0.007107439047127949,1.0,0,3,,-0.0480672409244578,-0.1869210485087458,-0.05318680689225175,,,0.021491109080756632,,False
EP300,5,2.6901140996873343,0.007142759269000805,1.0,5,0,,0.08521333811502352,0.041833532254655026,0.1503933134710982,0.529838596687255,0.249436111027812,0.02158607840432743,,False
RPL22L1,6,-2.689974883080894,0.0071457397062256525,0.8333333333333334,1,5,-0.47744412774158995,-0.21123469570139175,-0.04742449476656496,-1.7157167118537222,-0.350173368418071,0.0576805800084763,0.021591143413188574,-0.47744412774158995,True
KCNG2,6,-2.6895905680024095,0.007153973162306409,0.8333333333333334,1,5,0.4465166719767737,-0.10805006270685236,-0.4586410178067619,-0.3408506035777574,-0.115892941241241,-0.263542495612779,0.021612075886566103,0.4465166719767737,False
UBE2A,6,-2.688621225949828,0.0071747779091391566,0.8333333333333334,1,5,-0.12855214819020766,-0.3525110000893057,-0.09173302529436089,-0.006845323008517035,-0.0551041972186237,0.191238672726046,0.021663450142084383,-0.12855214819020766,True
SERPINB5,6,2.688591683213265,0.007175412829455409,0.8333333333333334,5,1,0.10954815650038423,-0.007873548595870233,0.01917080942441352,1.11997429294103,0.955942251748199,0.452309281338733,0.021663450142084383,0.10954815650038423,True
CLCA1,3,2.6885616342249032,0.007176058681663079,1.0,3,0,,0.0054806370818176655,0.02411817202138907,1.0095156293963607,,,0.021663450142084383,,False
EIF3J,3,-2.687971150649305,0.007188760719755624,1.0,0,3,-0.13734007563626616,-0.1659766591257723,-0.05659713927611687,,,,0.021693412476462184,-0.13734007563626616,True
CSNK1G1,6,2.68767838844119,0.00719506587995125,1.0,6,0,0.33188869194015136,0.0034039251040303142,0.16189023345971432,0.12170786848326554,0.0161592210016592,0.346333602728298,0.021700570416354426,0.33188869194015136,True
F2,4,2.6869233172888336,0.007211350609717913,1.0,4,0,0.176118014417004,0.0458213849116583,0.0021883358675485604,0.20811852651047966,,,0.021737802821353288,0.176118014417004,True
TTC9B,6,-2.686222274640888,0.007226499704875148,0.8333333333333334,1,5,0.43351537292656683,-0.004992943301411756,-0.1757869235470464,-1.0644125840670444,-0.655917522306538,-0.526860880601415,0.02177950165970383,0.43351537292656683,False
IL11RA1,6,-2.6852914207761533,0.007246659015515972,0.8333333333333334,1,5,-0.09129146538522459,-0.07405886133208206,-0.12411125365084796,-1.1460362171018597,-0.445417321044125,0.267130514830953,0.021836282545934893,-0.09129146538522459,True
RSU1,6,2.682889622253433,0.007298907573649863,0.8333333333333334,5,1,-0.07242833960738704,0.2138115546927004,0.13326347501051572,0.1466210952318283,0.346904389432694,0.256878155788329,0.021973721018379872,-0.07242833960738704,False
PKIG,6,-2.6814805903862817,0.007329716634062877,0.8333333333333334,1,5,-0.13760275480465456,-0.2655101663967756,-0.17924039393520452,0.08481937589908739,-0.194310879697984,-0.286656709491639,0.02205043070283692,-0.13760275480465456,True
PCGF6,6,2.6791620780171272,0.007380665874114165,0.8333333333333334,5,1,0.0518885650517209,0.09303445039185143,0.1952289779808707,0.1214882186481514,-0.520617383107064,0.409473500182302,0.022183544860784034,0.0518885650517209,True
RBPMS,6,2.678418863129906,0.007397065111213621,1.0,6,0,0.23343778513372793,0.0993070314416915,0.14070177984450982,0.14421475040436205,0.438072368415554,0.170050052512557,0.02222364128191605,0.23343778513372793,True
ICOSL,3,2.6783142097513997,0.007399376939622966,1.0,3,0,,,,0.5347081371113442,0.139722817444921,0.7417947301876,0.02222364128191605,,False
SLC35A1,6,2.678238324414637,0.007401053677626935,0.8333333333333334,5,1,-0.13947346896302992,0.14274313755916657,0.19897773433690702,0.14566169149359975,0.0835623723501668,0.0285284465246129,0.02222464449783763,-0.13947346896302992,False
DPF3,6,-2.677810513663618,0.007410512824791051,0.8333333333333334,1,5,-0.11883187084787061,-0.03679848717104672,-0.34210699262485855,-0.40428222601548125,0.456493265425603,-0.0252479696649681,0.022238598450867203,-0.11883187084787061,True
HOXD11,4,-2.6777851153407166,0.007411074737492961,1.0,0,4,,,-0.08904752832189859,-0.21925760735104327,-0.229805477683168,-0.180951593419124,0.022238598450867203,,False
MRPL44,6,-2.6775678457981273,0.007415883172682055,0.8333333333333334,1,5,-0.09259668490809503,-0.10935799747668318,-0.07333136400649387,0.0571730049486181,-0.262904951288786,-0.164581729465656,0.022248993705679423,-0.09259668490809503,True
SAMD4A,3,2.6760613971155047,0.007449299721989951,1.0,3,0,0.11075767312598606,0.000245658385653158,0.21146848673243257,,,,0.022341212424285866,0.11075767312598606,True
CRNKL1,6,2.676060466513997,0.007449320406575259,0.8333333333333334,5,1,0.052194412143578006,-0.02305747621834664,0.1112139057681083,0.11384160698599821,0.203168487376117,0.131412396832428,0.022341212424285866,0.052194412143578006,True
CCDC152,4,-2.674787453522958,0.007477664089584447,1.0,0,4,-0.35307311329659274,-0.22930553670634568,-0.18807838130204158,-0.39122139951923707,,,0.02241403404759177,-0.35307311329659274,True
TMEM254,4,-2.67377290337923,0.007500322299611334,1.0,0,4,-0.06799614107042729,-0.19617574192049325,-0.08543834855288512,-1.1614212938542867,,,0.022457549693047543,-0.06799614107042729,True
RAP1GAP,6,-2.6714397889763553,0.007552662096025627,0.8333333333333334,1,5,0.3267539342028627,-0.13614978137532985,-0.16636257407787447,-0.017764349965220916,-0.382979720456396,-0.304797880502409,0.022585666307753598,0.3267539342028627,False
CLP1,5,2.6707230922052703,0.007568805694394418,0.8,4,1,,0.10858691468616488,0.1287775742980659,-0.66583421092888,0.0311186566992472,0.470288274550223,0.022629854019800652,,False
CHN1,6,2.6693686734520576,0.007599398482075998,0.8333333333333334,5,1,0.12670789443064923,0.055750448905681704,0.17483223548871418,-2.111814463602606,0.0549816991059171,0.126270850689504,0.02270901673141757,0.12670789443064923,True
RASSF2,6,2.6686968588616593,0.007614614112310568,1.0,6,0,0.14764658544014653,0.0861590525193654,0.278609502943425,0.5008680280759474,0.104048569323858,0.0545349979600696,0.022750377759379877,0.14764658544014653,True
COX16,3,-2.6681896362078397,0.007626120060055785,1.0,0,3,-0.3583576703858373,,-0.05264024605500772,-1.4714348027051924,,,0.022776531799719116,-0.3583576703858373,True
PODXL2,6,-2.6672246878046915,0.007648052191816639,0.8333333333333334,1,5,0.4193254565781137,-0.1802571241875932,-0.1491574022584521,-1.1946117099654958,-0.486087918190179,-0.465054798121661,0.022828993166458977,0.4193254565781137,False
KDM8,6,-2.667174155926569,0.007649202277741752,0.8333333333333334,1,5,0.02060419182629758,-0.3431391305810738,-0.15135090876562973,-0.05124741478603889,-0.262906208799147,-0.168853388944864,0.022828993166458977,0.02060419182629758,False
DKK2,4,2.666550783911876,0.007663402739815753,1.0,4,0,0.16356648810642627,0.0005167698862548753,0.3653780009182017,0.10639519452707691,,,0.022859009217774437,0.16356648810642627,True
LAMTOR2,6,-2.6653238912132613,0.007691420485312953,0.8333333333333334,1,5,-0.30151630624623316,-0.20875319158462702,-0.0744973230592425,0.0857063696456386,-0.0732726937054617,-0.087223857549851,0.022934316676796976,-0.30151630624623316,True
HNRNPA2B1,6,2.6639716094764654,0.007722407985876776,0.8333333333333334,5,1,-0.24590275145363627,0.013643385364754401,0.21810217300642787,0.22186683479332814,0.165390316024665,0.170257078525172,0.02301427745448909,-0.24590275145363627,False
SGSM3,6,-2.6626009837162794,0.007753929958595216,1.0,0,6,-0.008855868351816731,-0.07704390315123133,-0.06824237032437708,-0.02831502985180112,-0.573058738203794,-0.203770909614397,0.023091588462516736,-0.008855868351816731,True
CMTM4,6,-2.6618310497749818,0.007771687609473524,0.8333333333333334,1,5,0.3247486165904956,-0.2522992269290336,-0.24701040369608762,-0.09295358485990235,-0.419010513632736,-0.28899999333854,0.023140308205073894,0.3247486165904956,False
ANKRD50,6,2.6614744570871496,0.007779924354045562,0.8333333333333334,5,1,0.18770966458689564,0.19341392015445003,0.06823558563382459,0.08912111595937144,0.0571525481918298,-0.0244078253142941,0.023156502051458756,0.18770966458689564,True
MESP2,4,2.6611011420192434,0.007788555739709575,1.0,4,0,0.27122413700381354,0.13065856850038018,0.07078336768769022,0.13850025500853355,,,0.023173858458326962,0.27122413700381354,True
CASP12,6,2.6600784466826335,0.007812245355345065,0.8333333333333334,5,1,0.04928184856641327,-0.05569354783191738,0.37242264165869776,0.19646590466782232,0.152137254886171,0.348956232122216,0.023227642378600952,0.04928184856641327,True
VPS37B,6,2.6590690181027434,0.007835690944311805,0.8333333333333334,1,5,-0.020161993638839526,-0.010626959769553634,0.44521661585730543,-0.694105508542906,-0.0070078461558544,-0.300057809867671,0.023280624037021896,-0.020161993638839526,False
DPY19L3,6,2.658938678413638,0.007838722882116997,0.8333333333333334,5,1,0.14460723885888704,0.12713798766958484,0.03255896627473742,0.5326896724891341,0.317507343934873,-0.0292814983080003,0.02328545246676248,0.14460723885888704,True
TUT4,4,2.658120194089599,0.007857786347184656,1.0,4,0,0.10010242534761415,0.08829535081128626,0.18850177014934966,0.03366500181921239,,,0.023337893346240878,0.10010242534761415,True
NIM1K,6,-2.6574903785484922,0.0078724837568087,0.8333333333333334,1,5,0.30804896992238184,-0.05951300778791302,-0.2957644977103677,-0.42096206243124534,-0.0014603988709946,-0.0207470955612941,0.02337315715564083,0.30804896992238184,False
ERLIN1,6,2.657265654112893,0.00787773389616448,0.8333333333333334,5,1,-0.05752408543032317,0.05804869048136885,0.16530742043545033,0.5492443000968414,0.358802023691148,0.0036024354131694,0.023384550116448077,-0.05752408543032317,False
SCUBE3,6,2.657036095685054,0.007883100207977334,0.8333333333333334,5,1,0.24069690556829348,0.05831467264697765,0.21022885548848746,-0.6698633155255536,0.396570176785497,0.482841066609843,0.023392089394485626,0.24069690556829348,True
SLC30A7,6,2.6562865329624255,0.007900645297643508,0.8333333333333334,5,1,0.061822772232344114,0.133123966162088,0.16515962904310033,0.18894817392758867,-0.16664595212296,0.0337903934910906,0.023427352376674197,0.061822772232344114,True
BTC,4,2.6560347602327194,0.007906546409523665,1.0,4,0,0.008121938346373536,0.18299307122642383,0.25606205539306104,0.05436364114272374,,,0.02343225714779511,0.008121938346373536,True
RIMBP3,4,2.6553096414129413,0.007923563988915269,1.0,4,0,0.045075765859947214,0.005607601062533621,0.22954379863285745,0.0944504608650849,,,0.02347428515205397,0.045075765859947214,True
IL25,4,-2.6548767694761684,0.00793373855063338,1.0,0,4,-0.048855437284747505,-0.16241182125324746,-0.10088012845725666,-0.19845188236606104,,,0.023491814041159874,-0.048855437284747505,True
UBAP2L,5,2.654266236631357,0.007948108884031652,0.8,4,1,0.2009465800573551,,0.03634890339468111,0.23576941326971834,-0.024001477702877,0.0129944249501945,0.023530155293953123,0.2009465800573551,True
BTD,6,2.653717196329162,0.00796105174755152,0.8333333333333334,5,1,0.07595108900412928,0.101033384643618,0.11435217329226788,0.1734390642620749,0.0274318903111688,-0.0099345880766423,0.023564257604698272,0.07595108900412928,True
RIMKLB,5,2.6523023699831847,0.007994491345835002,0.8,4,1,,0.19083751511460711,0.14523260504055546,0.07838423783996529,-0.443780970265973,0.0120260020695993,0.023654776681491053,,False
EPB41L4B,6,2.6511556612950256,0.008021686170874837,1.0,6,0,0.22789569997312942,0.20068300091508173,0.04027154423029433,0.39610807173927487,0.162911243362734,0.0013804268607473,0.023722520904112972,0.22789569997312942,True
TM7SF2,5,-2.6474571169862133,0.008109964486146173,0.8,1,4,0.11037894750934285,,-0.1537716424575617,-1.5336022474049065,-0.408007279439841,-0.3555226773483,0.023945082442863263,0.11037894750934285,False
H2-AB1,3,2.640107435035477,0.008287974905821557,1.0,3,0,,,,0.7452674574684544,0.311548198494427,0.419260031102924,0.024392347197930014,,False
LAMA4,6,2.639463349632446,0.008303740131726937,1.0,6,0,0.12213622757169773,0.07754084683308538,0.15749107210659652,0.15917648396250694,0.0214044603414985,0.378092531325835,0.024420233165091804,0.12213622757169773,True
INIP,5,2.639416212185904,0.008304894964095366,0.8,4,1,,0.07887513644756927,0.11504046523745082,0.16719303887472847,-0.2279137680549,0.600668396431644,0.024420233165091804,,False
MAFG,5,-2.6393586504340862,0.008306305379054144,0.8,1,4,,-0.26693174045375656,-0.09686564777361273,-1.70069861484461,0.199801808601661,-0.32977221645811,0.024420233165091804,,False
HTR5A,5,-2.6393062637547713,0.008307589177328802,0.8,1,4,,-0.07119941811778474,-0.21221349118873534,-0.16676456292500408,-0.333509526713613,0.415488055938317,0.024420233165091804,,False
NUP160,6,2.638626389126637,0.008324266427691141,0.8333333333333334,5,1,0.1296614776231304,-0.006397303210095018,0.08451112144106077,0.20470163550475196,0.0438553233808707,0.167150293825888,0.024455672330696447,0.1296614776231304,True
SHISAL2B,3,-2.637595645206715,0.00834960759183018,1.0,0,3,,-0.0696058124954686,-0.1621339001968738,-0.0626230502940544,,,0.024525768386863028,,False
NYNRIN,6,2.636058437190557,0.008387528547689257,0.8333333333333334,5,1,0.31200805578726687,0.11067780023725104,0.10067117245704704,0.23442251784101042,0.0199017104680921,-0.327771498887056,0.024602227985353994,0.31200805578726687,True
TKTL1,4,2.6328545415685674,0.008467060067692782,1.0,4,0,0.0519856133590067,0.002631513315267231,0.20507468494992798,0.14281859254754198,,,0.02480913050813435,0.0519856133590067,True
LONRF1,6,2.6325375078888515,0.008474966467283207,0.8333333333333334,5,1,0.3813564938554892,0.05374872317257662,0.03957886071214212,0.28154864677340896,0.376796288395573,-0.159682091353988,0.02482350822269893,0.3813564938554892,True
COA8,3,-2.6318126981627006,0.008493067066875169,1.0,0,3,,-0.17556097627081924,-0.08665922006792925,-1.1250734256265646,,,0.02485892945904824,,False
RINT1,6,2.631700732528189,0.00849586625364475,0.8333333333333334,5,1,0.09326814561403651,0.041959629834625645,0.09240790923245079,-1.2571789137741414,0.408564197071888,0.208987088834141,0.02486272599546109,0.09326814561403651,True
TMEM71,4,2.631602751852324,0.008498316487516408,1.0,4,0,0.14402222234588757,0.08374720790774604,0.3168738737456658,0.20643227933771113,,,0.024864241403154155,0.14402222234588757,True
PTAR1,5,-2.631559893276079,0.008499388464176305,0.8,1,4,,-0.06277839268876839,-0.3820032644236253,-0.06376119552407467,-0.0187930825208835,0.232805881349506,0.024864241403154155,,False
FOXL1,3,2.62945534668566,0.008552176253272165,1.0,3,0,,0.07290503441259533,0.11255503610584086,0.12444324492609327,,,0.02497452740722669,,False
DOCK4,6,2.6288827419461946,0.008566589381389308,0.8333333333333334,5,1,0.480568621375312,0.07474854982322787,0.05384741131766546,-0.11413984539179456,0.284865142078762,0.08566000535423,0.02501003598625978,0.480568621375312,True
SLC33A1,6,-2.628485369819523,0.008576604461236488,0.8333333333333334,1,5,0.07211654978220405,-0.038444853711621985,-0.1332470908434935,-1.3375343681650294,-0.046423651973418,-0.100273119263706,0.02502378936054757,0.07211654978220405,False
ANKRD52,5,-2.625250517067525,0.008658523572517009,0.8,1,4,0.4583296162981352,,-0.16354648522913084,-1.6524364352898413,-0.1965493643511,-0.380279727129328,0.025231669396531962,0.4583296162981352,False
SPIN2A,3,2.6247004916330146,0.008672521720642416,1.0,3,0,0.12202078961002638,0.01686892420207187,0.15334162786335842,,,,0.025268012589345763,0.12202078961002638,True
MPC1,4,-2.6227464691216795,0.008722415308062116,1.0,0,4,-0.3013537615321624,-0.035539031814914246,-0.05578072610164142,-1.5692238585740315,,,0.025395500119444882,-0.3013537615321624,True
REST,6,2.6204829312286226,0.008780532550448248,0.8333333333333334,5,1,0.32662945585635805,-0.03366974101706077,0.13182679571545197,0.6231398166172566,0.103678474437438,0.0050048100893651,0.025551226226269232,0.32662945585635805,True
MRPS18B,6,-2.616430359703966,0.00888544875249007,0.8333333333333334,1,5,-0.29652002827883006,0.01820345636243248,-0.003591992398397359,-1.0404464110314011,-1.03378100076072,-0.361037582683541,0.025815683298440514,-0.29652002827883006,True
ZBP1,6,2.6161529562186123,0.008892671177124696,1.0,6,0,0.04459273525638863,0.20147949903868168,0.6309977128766071,0.7532240938362573,0.509197350082986,0.308159454998929,0.025832132910454192,0.04459273525638863,True
AUTS2,4,2.6134315956233047,0.008963802542106974,1.0,4,0,0.41851511234492733,,,0.04487327368990357,0.305198851873855,0.0813677085768054,0.026015931908987308,0.41851511234492733,True
PHGDH,6,-2.6120369707023388,0.009000452038474658,1.0,0,6,-0.04370061434723649,-0.03469354273829062,-0.24831878730475765,-1.419557613003751,-0.0328140644670101,-0.102118049224037,0.026113143232398345,-0.04370061434723649,True
NIN,6,2.6118381965255266,0.009005686526688091,0.8333333333333334,5,1,0.1393600175431895,0.08277690029519702,0.1102007246793617,0.19162451200841257,-0.109038069522226,0.707936965252418,0.026119173539467546,0.1393600175431895,True
CCDC28A,6,-2.6108560885003347,0.009031589123830758,0.8333333333333334,1,5,-0.005241427262994591,-0.11397159708897053,-0.15709166761420512,0.25209001354083327,-0.0215557529295882,-0.0382256771023703,0.026171369603929746,-0.005241427262994591,True
MACC1,4,2.6107132068650847,0.00903536309186153,1.0,4,0,0.013033572959333132,0.004743651320475165,0.022306158369914206,0.13307665115618,,,0.026177722719497996,0.013033572959333132,True
DSE,6,2.610435833686533,0.00904269343859072,0.8333333333333334,5,1,-0.0035226420666587543,0.13620263923847942,0.13461961595439664,0.37223019434800886,0.251335105309163,0.203949837448964,0.026187419114383707,-0.0035226420666587543,False
ITGA2B,6,2.608148138623432,0.009103354842533879,0.8333333333333334,5,1,0.07246062191727987,0.09793297609137985,0.34662246699247623,0.14002022111356682,-0.0057023541059253,0.081601489270704,0.026328626481499345,0.07246062191727987,True
LSR,6,2.607085900759028,0.009131644854656803,0.8333333333333334,5,1,0.3308479655921559,0.13985552226229347,0.167362906243528,-0.37627435532752096,0.179144942346062,0.167137552387221,0.02640122019812741,0.3308479655921559,True
PTK2B,6,2.606984194267575,0.00913435766170735,0.8333333333333334,5,1,0.40632846389714583,0.09436691633849659,0.03517475906863421,0.4451369434081469,0.296226326675054,-0.0264397858226795,0.026404451277782053,0.40632846389714583,True
COX6A1,5,-2.6065661697915026,0.009145515143110208,0.8,1,4,,-0.0006637272696901064,-0.0963899493597582,0.21635874507829467,-0.175784204012439,-0.224835287031948,0.026432087768248676,,False
ZFP64,6,2.6063545499689478,0.009151168119659499,0.8333333333333334,5,1,0.17401210155922886,0.05626467590966122,0.1317114557328818,0.2564430632406318,0.125164981996768,-0.211627985143071,0.02643919265432083,0.17401210155922886,True
SMG6,5,2.603612265667438,0.009224705049110524,0.8,4,1,0.08653133767278476,,0.11701046698498008,0.2256256275147024,0.128812452563815,-0.287687831516783,0.02664235176633701,0.08653133767278476,True
SETBP1,6,2.6021729037606156,0.00926351355382177,0.8333333333333334,5,1,0.3402867605977651,0.059744759971502415,0.08796632748705235,0.09852737467171613,0.17339477099812,-0.0388216788619857,0.02673577617137889,0.3402867605977651,True
ZBTB32,4,2.6017694224282693,0.009274418450686842,1.0,4,0,0.0481026254295453,0.11676111130415004,0.0804822537299306,0.43174163557292755,,,0.026762582670113076,0.0481026254295453,True
CCDC122,6,-2.6016905220003204,0.00927655223244014,0.8333333333333334,1,5,-0.06187099480397684,-0.03619292340580105,-0.2879404235349836,-0.6911999145236503,-0.100463000922298,0.0946109702046805,0.026764074002326863,-0.06187099480397684,True
USF3,6,-2.600910298904762,0.009297676167902311,0.8333333333333334,1,5,0.11806322559031379,-0.5318198982410189,-0.11896952839988373,-0.07714498606692821,-0.176675049499968,-0.268016512966502,0.02682034435885658,0.11806322559031379,False
TAF15,6,2.6000113476730857,0.009322067781796256,0.8333333333333334,5,1,-0.20173061578913032,0.10816389957178663,0.26338824744013767,0.6620516460853487,0.219682677189398,0.198220977124543,0.026881339372499244,-0.20173061578913032,False
LMX1A,4,2.5978450101765738,0.009381082635149526,1.0,4,0,0.30974065572451215,0.28641312222460397,0.00413246747560625,1.2154546053128867,,,0.027023264841105975,0.30974065572451215,True
ARL9,3,2.5972532114100333,0.009397262130079532,1.0,3,0,0.010007927571038609,0.17325662629366184,0.08089823153405697,,,,0.027060452814383507,0.010007927571038609,True
PSME4,6,2.5964054205489377,0.00942048369920628,0.8333333333333334,5,1,0.025878487504215286,-0.048448949799294816,0.1289060181317847,0.35203884589128887,0.0671113000541936,0.0358845072738276,0.027116422515132722,0.025878487504215286,True
NME7,6,-2.5962800729079456,0.009423921396400461,0.8333333333333334,1,5,-0.09153637138074533,-0.05250348167580521,-0.14960407648824514,-0.9416067687558556,0.106215467659696,-0.226758340821522,0.02711834960939159,-0.09153637138074533,True
NFRKB,6,2.5950743383116537,0.009457046228006536,0.8333333333333334,5,1,0.2550247350432162,0.05403348565262611,0.14134566986843744,-1.2660262794354518,0.0253662704391897,0.108567306976265,0.027194275511448807,0.2550247350432162,True
SKA3,4,2.5939009418836023,0.009489382309188535,1.0,4,0,0.09440135356165946,0.07797129176922324,0.23397742314692582,0.10919664838629073,,,0.027264061097324876,0.09440135356165946,True
TESMIN,3,2.5935388769753938,0.009499379865502724,1.0,3,0,0.043469012809482815,,0.059212069348256555,0.20080147397658404,,,0.027288048513328892,0.043469012809482815,True
FILIP1L,6,2.5932581410777424,0.009507138180058784,1.0,6,0,0.2271042901121736,0.21256126555560328,0.2296424577516265,0.2104705338645272,0.239234179591988,0.730896329263782,0.027300979366020797,0.2271042901121736,True
MAPK8IP3,6,-2.5932554809132276,0.00950721172241027,0.8333333333333334,1,5,0.5440282275021193,-0.05261389783858306,-0.11368219092943299,-2.0305850806864836,-0.336210225997513,-0.234144471470263,0.027300979366020797,0.5440282275021193,False
GPR62,3,-2.5931095653400673,0.009511246451025336,1.0,0,3,,-0.10170836098481022,-0.0934033263506717,-0.15407679182297374,,,0.027303182666904503,,False
KITLG,3,2.592722352419205,0.009521960724509948,1.0,3,0,0.2456302333126672,0.13010598034914267,0.08885577817135282,,,,0.027326801342218144,0.2456302333126672,True
FOXP1,6,2.5926929004373234,0.00952277610813885,1.0,6,0,0.2690879822838679,0.00937623222806927,0.16659466749499074,0.04635833846739423,0.129141969185521,0.353010326966852,0.027326801342218144,0.2690879822838679,True
USB1,6,2.5900547772765874,0.009596066105482167,0.8333333333333334,5,1,0.08772200730191138,0.05018210195135775,0.11735921297261509,0.3243792753945063,-0.463003778524985,0.432053527203998,0.027518032948361196,0.08772200730191138,True
LYST,5,2.58794456792505,0.00965505165517238,1.0,5,0,0.496100979497462,,0.019786803296610422,0.37389661220713055,0.263851708394509,0.17019742741114,0.027677591790165088,0.496100979497462,True
YIPF1,6,-2.5840414275236476,0.009765006425742755,1.0,0,6,-0.05018816451578623,-0.05456433825551521,-0.06597927318829466,-0.01453278893727905,-0.260163694643899,-0.305830079402768,0.027949228144370408,-0.05018816451578623,True
NLK,5,-2.583299462938765,0.009786033982530976,0.8,1,4,,-0.06756320332983812,-0.22303927827482273,0.12949203867187276,-0.0482843407615023,-0.150672595126562,0.028004570276426815,,False
MYO1B,6,2.5808702393147187,0.009855161711691965,0.8333333333333334,5,1,0.07876178939602241,0.020278467648189302,0.16966337204191895,0.05683833386874504,0.271325157073225,-0.162971740250506,0.02817081561755581,0.07876178939602241,True
DFFB,4,2.580839432558589,0.009856041157640508,1.0,4,0,0.08552795038498928,0.053364919501753816,0.14566875248543276,0.22810977802165588,,,0.02817081561755581,0.08552795038498928,True
SLC22A20,4,2.580186911995463,0.0098746852118231,1.0,4,0,0.0816253829650964,0.20126582535386553,0.1484718092512579,0.02730496512003193,,,0.02820949078807317,0.0816253829650964,True
MERTK,6,2.5798388622721746,0.009884642659481881,0.8333333333333334,5,1,0.10287353391689713,0.18532820325584298,0.09632624334216633,0.5631667003446701,-0.0004800607668575,0.443053064038967,0.028228192770832314,0.10287353391689713,True
WSB2,6,-2.5781856633530147,0.009932061735429567,0.8333333333333334,1,5,0.17578168509238346,-0.07254556205419505,-0.09506479355133912,-1.4897883884734044,-0.19714053623832,-0.265821024055258,0.028334278842611204,0.17578168509238346,False
PRRT1B,3,2.575933924915749,0.009996974811488483,1.0,3,0,0.03933793856520865,,0.08052640043627562,0.02292456926625485,,,0.028494907366929112,0.03933793856520865,True
GSTT2,5,2.5757517028269725,0.010002244397297874,0.8,4,1,,0.13733954951740746,0.1681227052078298,-0.8270800206589346,0.572004813263406,0.168348633340141,0.02850501881268499,,False
IK,5,2.5742969206999415,0.010044403282774776,0.8,4,1,-0.06685749333469726,,0.09914385287791472,0.08730033234372137,0.284101488760137,0.171418098121394,0.028605465095748125,-0.06685749333469726,False
LYZL1,3,-2.5741172844695286,0.010049620016147303,1.0,0,3,,-0.015430772005248665,-0.04359499747336523,-0.022848312324319154,,,0.028615398332577008,,False
KIF15,5,2.570659585483703,0.01015050478158228,0.8,4,1,-0.03642186784816159,0.2499267169100996,0.3322747964960657,0.165954084966216,0.119503422534583,,0.028848069221282604,-0.03642186784816159,False
SIN3A,6,2.568123453295195,0.010225073358510575,0.8333333333333334,5,1,0.032204442416981394,-0.0024860372804993425,0.08609680224659844,0.12906113793431562,0.110843747694452,0.202104888730115,0.029030088204128137,0.032204442416981394,True
CYP4V3,6,2.5663652563246084,0.010277054536597953,0.8333333333333334,5,1,0.05856781701006586,-0.024429030275107566,0.25098133459849636,0.047204939555614445,0.278738149878218,0.175586186099628,0.02914405604041098,0.05856781701006586,True
SIRT6,6,2.566136962996221,0.010283821264254825,0.8333333333333334,5,1,0.2423321260870308,0.004927322053319472,0.08044338208498747,0.22435908503928736,-0.703900999054297,0.0318176321368409,0.02915687042924732,0.2423321260870308,True
EVA1B,6,2.5649810570877154,0.010318143797795458,0.8333333333333334,5,1,-0.13322039691792398,0.12591059298820673,0.2824689306318211,0.5050469813791061,0.189620139197338,0.0255739986668209,0.029239157017824074,-0.13322039691792398,False
DERPC,3,2.5648043269712613,0.010323400454393691,1.0,3,0,0.004822552194634788,,0.17324207266397096,0.7321958059466075,,,0.029245700535135217,0.004822552194634788,True
TRMT13,6,2.5645209721270783,0.010331833528697234,0.8333333333333334,5,1,0.09703200553840041,0.16032787490877887,0.13776099871483805,-0.7770930818140318,0.0602404436560082,0.265202471202687,0.029256506242029693,0.09703200553840041,True
POLR3GL,6,2.5643637313432834,0.010336515899908355,0.8333333333333334,5,1,-0.16744598540745548,0.03693088885501972,0.23435058622215799,0.23104152777940756,0.298966729109009,0.372997496302562,0.0292611614802947,-0.16744598540745548,False
SOGA3,3,2.5638875651189963,0.01035070686546924,1.0,3,0,,,0.06996490747626449,,0.318704881242575,0.0893325792286386,0.029296323535780926,,False
RTKN2,4,2.5636069187405206,0.010359078960391975,1.0,4,0,,0.06945750590351296,0.12777711397157,0.3107315142020749,,0.515475766557052,0.02931500683063908,,False
MON2,6,2.5629866949465008,0.010377602528029087,1.0,6,0,0.18300940084121642,0.048942408297523166,0.043413044127610156,0.18459155166383567,0.0028036043369301,0.0208024289536919,0.02936190215927959,0.18300940084121642,True
CACNA1E,6,2.562933311355985,0.010379198256038235,0.8333333333333334,5,1,0.33836652093514297,0.0283323532466333,0.2596719932990288,-1.5246351050922877,0.271593816658195,0.0863934061115055,0.02936190215927959,0.33836652093514297,True
ZEB2,6,2.561086232789475,0.010434545281592041,0.8333333333333334,5,1,0.06390289392878046,0.19814324046127396,0.1876615548118883,-1.7181078273386676,0.24908817609699,0.150385891915472,0.029495546739528287,0.06390289392878046,True
KRT85,3,-2.559666195756517,0.010477274551555197,1.0,0,3,-0.05134270003949831,,-0.1211625809886486,-0.01701440983613802,,,0.029598881784833865,-0.05134270003949831,True
PSMC4,6,2.5591879271617555,0.01049170077679177,0.8333333333333334,5,1,-0.14751848069880236,0.014953170562428397,0.087429947999067,0.3686371119445626,0.0550232483028623,0.134030012318332,0.029632451289402256,-0.14751848069880236,False
TMEM106A,6,2.5562865023137524,0.010579597100800165,0.8333333333333334,5,1,0.43077853216170503,0.24209945765943486,0.07332066876830812,0.8186008692967661,0.14377520629786,-0.128357388730493,0.02986186101440755,0.43077853216170503,True
PEX11B,6,-2.5556606950754,0.010598641072718393,1.0,0,6,-0.09208966742541147,-0.02347772183666308,-0.06542434233215033,-1.3168824290078698,-0.242330504669225,-0.0703148187964873,0.02989073215805671,-0.09208966742541147,True
BMP7,6,2.554639495095061,0.010629782735112324,1.0,6,0,0.10553997534283632,0.09356567048310949,0.4772826832322383,0.288844444710489,0.0588147580135159,0.113544965130855,0.029963243159328884,0.10553997534283632,True
GPRASP2,6,-2.553736010574001,0.010657402462409664,0.8333333333333334,1,5,0.38242324249756887,-0.06097183732788691,-0.14781647794197816,-2.128372626671279,-0.0311368169733717,-0.0402565179023391,0.030020647644282635,0.38242324249756887,False
AQP2,3,2.5533012467379232,0.010670716021221664,1.0,3,0,0.08708665403373927,,0.11999758180667883,0.0018972064281477796,,,0.03004211515490882,0.08708665403373927,True
LRRC14B,4,-2.553209028498493,0.010673541875408858,1.0,0,4,-0.3233519737165915,-0.6193141584302051,-0.0750276390333735,-0.285989332261165,,,0.03004211515490882,-0.3233519737165915,True
NSUN7,4,-2.5531908646226738,0.010674098551596107,1.0,0,4,-0.1061456488928395,-0.20925340854717833,-0.053138319218480806,-0.6888330965116958,,,0.03004211515490882,-0.1061456488928395,True
RASSF6,4,-2.5524236842465315,0.010697634247354903,1.0,0,4,-0.1980073216565046,-0.1715243560637044,-0.22857126996753652,-0.5687780540670213,,,0.030098120357337815,-0.1980073216565046,True
TXNDC15,5,-2.55199848073567,0.010710698580906947,0.8,1,4,-0.26903926079367135,,-0.025930269606998735,-1.3330404211100815,-0.335125383596056,0.197369825271732,0.03012975576328548,-0.26903926079367135,True
HSF4,5,-2.551343695519603,0.010730844532249395,0.8,1,4,0.22374537208258083,,-0.1549058863428705,-0.006935563642149312,-0.511282527189133,-0.188503951824714,0.030181297994527102,0.22374537208258083,False
ODAD1,3,2.5505611615360033,0.010754965150228647,1.0,3,0,0.06758225087810565,,0.1968915663952865,0.12987496971068646,,,0.030219749508618367,0.06758225087810565,True
GRK5,6,2.5504734295340676,0.010757672380702259,0.8333333333333334,5,1,0.11516955921326488,-0.01066137500907427,0.06846315426364136,0.01893930098574792,0.646853256186955,0.583249114622281,0.030220482203565806,0.11516955921326488,True
SSBP3,6,2.5479135606445595,0.010836931916579874,0.8333333333333334,5,1,0.30690582325122584,0.038919528494470335,0.024887082540511862,0.238206873674228,0.253358331421228,-0.004008306479649,0.030412495266739586,0.30690582325122584,True
CHI3L1,4,2.547659803736114,0.010844817032553992,1.0,4,0,0.05904470907236803,0.19355906465990835,0.606248899284151,0.2284655500678081,,,0.03042946457413692,0.05904470907236803,True
SPAG16,3,-2.545726232555361,0.01090506752600494,1.0,0,3,,-0.06905622258606273,-0.07758460281675159,-0.10985194283503157,,,0.030577787174391628,,False
KMT2E,6,2.5450780937608934,0.010925330140133827,0.8333333333333334,5,1,0.117850260980493,0.16781206100607982,0.11983697287254014,-1.6117872052717201,0.31306639664488,0.183694992674664,0.030624227684927195,0.117850260980493,True
TMEM14C,5,-2.544939684307204,0.010929661536069068,1.0,0,5,,-0.15961033704316385,-0.0428434629208061,-1.2979089334235399,-0.0870189486912896,-0.494056405809564,0.030630234666419273,,False
SEC22A,6,2.5448913571462577,0.010931174249307556,0.8333333333333334,5,1,-0.08062955754811352,0.02352166141658607,0.2481951407397185,0.047673061172169184,0.0112464627982574,0.100837167090679,0.030630234666419273,-0.08062955754811352,False
GPATCH8,6,2.5440816780562048,0.010956546116308872,0.8333333333333334,5,1,0.207297761355127,0.04299038597311977,0.06840287203436368,-0.06957314789457048,0.220988894439456,0.0430074278693646,0.030696132585840294,0.207297761355127,True
HINT3,6,-2.5425597092999936,0.011004379754019697,0.8333333333333334,1,5,-0.08176299295430489,0.004077877441559963,-0.17706480499618849,-0.1704550328476806,-0.145342773196476,-0.287774677268291,0.030811392231833247,-0.08176299295430489,True
H1F10,3,-2.5425358098220054,0.011005132363134253,1.0,0,3,,-0.25721399940738143,-0.14268586399547978,-0.6471146061432915,,,0.030811392231833247,,False
SPSB4,6,2.542402388564087,0.011009334720169428,0.8333333333333334,5,1,0.4703978100373831,0.02986338259124688,0.1241382372145523,0.26538451149455256,0.0808283834297452,-0.274026092459017,0.030817944915989243,0.4703978100373831,True
THBS2,6,2.540145196456147,0.011080645710062113,0.8333333333333334,5,1,0.20542828078796305,-0.0108421619449528,0.3538876641548532,0.33987211967486264,0.143805308092145,0.135614502287073,0.030991356504384605,0.20542828078796305,True
NR2C1,6,2.5337896963789315,0.011283642822668886,0.8333333333333334,5,1,0.07207606774535691,0.13439880067225518,0.07832350977056635,0.21221438191945685,-0.0494886856073813,0.0265260263674976,0.03146341913760367,0.07207606774535691,True
ARHGEF5,6,2.5315041944268164,0.01135744590543493,1.0,6,0,0.20545740451018135,0.036034930345564486,0.14278424610931273,0.26246535218493205,0.155407629183431,0.961531810450791,0.03164788630080117,0.20545740451018135,True
PHTF2,6,-2.5311501339652795,0.011368917429121606,0.8333333333333334,1,5,-0.14290200576273104,-0.07563838516579668,-0.10718026283137583,-0.0042916613846539775,0.0828030130934141,-0.0755709740348056,0.03166918904187493,-0.14290200576273104,True
CTSO,4,2.5303352198009756,0.01139535965867455,1.0,4,0,,,0.15914442062507828,0.27721516525621936,0.0454160196449558,0.0376339798137413,0.03173216572516507,,False
MTMR10,6,-2.5299172822422085,0.011408942010688537,0.8333333333333334,1,5,-0.05725574377013398,-0.04006330636501598,-0.10171363656573718,-0.8679309429165927,-0.052007076633287,0.0992482123103651,0.031753961352096294,-0.05725574377013398,True
SSPN,6,2.529691419254537,0.01141628820353158,0.8333333333333334,5,1,0.0015569861846200794,0.08410564949641142,0.25956837790415754,0.1920553692975755,0.176797073099451,-0.209847848742926,0.031769065626236506,0.0015569861846200794,True
RIMS3,6,-2.5286844422638777,0.01144909124123083,0.8333333333333334,1,5,0.7332294827457702,-0.006289091097420041,-0.1709846808258373,-0.1545653721622049,-0.321182792581523,-0.286921343199584,0.031833589488468456,0.7332294827457702,False
SYNJ2BP,6,-2.528426717417629,0.011457500257793808,0.8333333333333334,1,5,-0.003865790034796035,-0.059681307125980965,-0.10935103971684512,-1.6494394637096779,0.5905191680953,-0.337806832297957,0.031851619796271935,-0.003865790034796035,True
AP2A1,6,-2.5275804452439137,0.011485150895212385,0.8333333333333334,1,5,0.48778850520560635,-0.007186556930872001,-0.09219104442681392,-1.5186210446823871,-0.154825281265089,-0.287985137219805,0.031917766557682234,0.48778850520560635,False
TRIM67,6,-2.5273672195088017,0.011492127051323544,0.8333333333333334,1,5,0.5863995696124538,-0.08166795699845197,-0.1821730626664353,-1.7640098014240744,-0.134786152857853,-0.247891204886048,0.03192643285557356,0.5863995696124538,False
RCOR1,6,-2.526587998181952,0.011517653011691529,0.8333333333333334,1,5,-0.009264697161007085,-0.4130579756404189,-0.11253904503151624,0.233685057435137,-0.0210037052364447,-0.121829137926997,0.03196898543893014,-0.009264697161007085,True
GPR26,6,-2.5265402580180805,0.011519218532501659,0.8333333333333334,1,5,0.5712902545542002,-0.010085769225348429,-0.4005121722433769,-1.935047638573983,-0.0595033626740396,-0.235015999922137,0.03196898543893014,0.5712902545542002,False
BTBD10,6,2.5264870335013856,0.011520964121750741,0.8333333333333334,5,1,0.12230907595740703,0.013584297147979374,0.08661787657366471,0.24867441192808215,-0.0401806032101635,0.0102850325159927,0.03196898543893014,0.12230907595740703,True
FHL1,6,2.52567054971575,0.011547771544567825,0.8333333333333334,5,1,0.09302994952204546,0.11700251334464795,0.2156287514091133,0.029036401659744193,-0.0213059203460348,0.256569955948716,0.03203263190978492,0.09302994952204546,True
TAOK1,6,-2.5246139816353246,0.01158254375236007,0.8333333333333334,1,5,0.4036725583341063,-0.02770314668010565,-0.2285515273030052,-0.019539492805439096,-0.011668304399904,-0.039809751135097,0.03211832202865872,0.4036725583341063,False
CSTF2T,5,2.524098855477788,0.011599530489639772,1.0,5,0,,0.08600796387042164,0.0626442974978465,0.3737686485540772,0.122125797382753,0.0016810664945909,0.032160038302264236,,False
GLRX2,6,-2.5228923651306694,0.01163940211031754,1.0,0,6,-0.11826373050412275,-0.07534971468854046,-0.0507096093060726,-1.6606448591911218,-0.152391977639213,-0.396832114617622,0.032248976185131555,-0.11826373050412275,True
ACADVL,6,-2.5223534455345935,0.011657251368311377,1.0,0,6,-0.1423748558995701,-0.0552508181148017,-0.022484024359354038,-1.676746906639413,-0.245773938448937,-0.110199259355159,0.032287621259754,-0.1423748558995701,True
UBE2V2,4,-2.5214054708198876,0.011688707649307373,1.0,0,4,-0.14137792137338945,-0.0344948229177966,-0.09102920362380917,-2.0103655223876435,,,0.03236933060253232,-0.14137792137338945,True
FBLIM1,6,2.520855346046297,0.011706996736620753,1.0,6,0,0.23432698902432136,0.2287135266384196,0.2563344020356819,0.25792241042534325,0.0068896269295653,0.142836844180469,0.03240913363180242,0.23432698902432136,True
LYRM2,6,2.5207126644172124,0.011711744380310063,0.8333333333333334,5,1,-0.11643320391718515,0.22182937994967045,0.11030562484327877,0.16254622935898766,0.320469433207274,0.778042795123704,0.03241235413493501,-0.11643320391718515,False
INTS6,6,2.519580751908591,0.011749468632593229,1.0,6,0,0.02625804463700554,0.006906138683931307,0.11506917741913014,0.1270590733473851,0.178309288517752,0.23433311613273,0.032494102724592,0.02625804463700554,True
TSGA10,6,-2.5179030213354188,0.011805582122099614,0.8333333333333334,1,5,0.08822483968282135,-0.06693088186221097,-0.22664728485405305,-0.2075845961692302,-0.0464487662414461,-0.0657167135502608,0.03262203594073335,0.08822483968282135,False
SDK1,5,2.516008398633442,0.011869235437913114,0.8,4,1,0.2840528964389164,,0.07310868186317876,0.9151964121414613,0.226009840845008,-0.198956344030963,0.032776040201591236,0.2840528964389164,True
RAD23B,6,2.515745711694236,0.0118780848671352,0.8333333333333334,5,1,0.05678836774400864,0.005977960666143645,0.05793330387613693,0.4455881155761965,0.0135064821440583,-0.138774962350548,0.03278953647778883,0.05678836774400864,True
ASPDH,4,2.5148409731921495,0.011908608599267158,1.0,4,0,0.1509508991869477,0.11567645680015948,0.1203578919522923,0.041717402804860915,,,0.03286831574705186,0.1509508991869477,True
BTBD17,4,-2.5138743491377773,0.011941297031960937,1.0,0,4,-0.1221002599767883,-0.066806727318512,-0.15763093738399153,-0.06599694940521128,,,0.032953042426311675,-0.1221002599767883,True
TRIM8,6,2.5135391248761,0.01195265191230893,0.8333333333333334,5,1,0.1474185557324592,-0.01519226660245332,0.04182344824497264,0.3040597676263044,0.224363550545108,0.117587180212612,0.03297338240875623,0.1474185557324592,True
TIMM50,6,-2.512995597819793,0.011971082870937936,0.8333333333333334,1,5,-0.09045308856729939,-0.04767677247833069,-0.06021320381151085,0.2229227081300671,-0.208362293161676,-0.370081355505288,0.03301872415926757,-0.09045308856729939,True
SGCE,6,2.509514536981912,0.012089723937134126,0.8333333333333334,5,1,-0.0515206400771131,0.0018700432014577828,0.12107580906048909,0.26672517411751606,0.088027188437485,0.517930212278695,0.03331820023433967,-0.0515206400771131,False
FMC1,5,-2.509240219159781,0.012099117349393784,0.8,1,4,-0.38281489255362944,,-0.1027530898549136,0.10861283041588976,-0.080036252260741,-0.286701679761029,0.03333298774420205,-0.38281489255362944,True
TIGD3,4,2.508712860572441,0.012117193760209947,1.0,4,0,0.039468128375572675,0.17715101186572235,0.1421006407628298,0.1404526768067973,,,0.03336612728647397,0.039468128375572675,True
COPS3,6,-2.508439993454428,0.01212655629203621,0.8333333333333334,1,5,-0.2635092848676157,-0.05677089185636763,-0.02361840112674507,-1.7884032698773655,-0.0006002146265116,0.229963866892305,0.033380801554262984,-0.2635092848676157,True
ITGB3BP,6,-2.5065135233699936,0.012192839345025212,1.0,0,6,-0.24420146305885826,-0.06489561782919662,-0.08031379639957414,-1.0366699072247854,-0.188882599145174,-0.475858000051026,0.033540946790569605,-0.24420146305885826,True
CAPN13,4,2.5063118821422106,0.012199795635511922,1.0,4,0,0.10900382376862722,0.06032424157700149,0.12438432429133359,0.014302751340217051,,,0.0335545060417071,0.10900382376862722,True
DGKZ,5,-2.5058570487105576,0.012215499554316455,0.8,1,4,0.45409338292251356,,-0.390536838287856,-0.41630362282578837,-0.0078232081337246,-0.22986482241933,0.033580958083880744,0.45409338292251356,False
RPLP2,5,2.5045831335599864,0.012259579079130917,0.8,1,4,,-0.3223216352861873,0.18104166739177163,-1.4604427792456933,-0.146485141193159,-0.318281859667163,0.033678822812492605,,False
LENG8,6,2.504271073308944,0.01227039833385985,0.8333333333333334,5,1,0.18264506443436623,0.055596816833038076,0.3093285254466531,-2.259729584090664,0.0498785421989898,0.0512709206277286,0.033698296535929685,0.18264506443436623,True
HNRNPK,6,2.503877547984955,0.012284054074955336,0.8333333333333334,5,1,0.04392508584875188,0.010042971674725898,0.11322938769009916,-2.0964565862547513,0.215278424536932,0.0057686709360669,0.03373020289460198,0.04392508584875188,True
CD209A,5,2.5037868049059,0.012287204864503498,1.0,5,0,,0.06059081921679486,0.007947339972980355,0.5728170336887322,0.580913717077156,0.878652576378125,0.03373325840392468,,False
TEK,6,2.5034830859265558,0.012297755831999218,1.0,6,0,0.15546128673587933,0.04666527800403486,0.1621499189145572,0.03511470838946673,0.240300670417284,0.230385427734596,0.03375662595874811,0.15546128673587933,True
PON3,5,2.5031877961058204,0.012308021671383328,1.0,5,0,,0.011220486751061631,0.21209310655777847,0.40194275052736517,0.0414776911813242,0.572889795959163,0.03377920323408006,,False
CCT4,6,2.498405658397383,0.01247533436241313,0.8333333333333334,5,1,-0.12427822376999309,0.02792582085495887,0.15933576991995757,0.30860069232034615,0.103073954167241,0.0969604439043241,0.034176056664459144,-0.12427822376999309,False
USH1C,4,-2.4964810174760665,0.012543238199072519,1.0,0,4,-0.11989428864039348,-0.025447649950014504,-0.1302464825455143,-0.02679630891102483,,,0.03430530050744354,-0.11989428864039348,True
MED31,6,-2.4945612125687577,0.012611297233471555,1.0,0,6,-0.18178350178727065,-0.08045711334068129,-0.06703942036100052,-1.0444533448604205,-0.0879072763216384,-0.325603674074435,0.03446031580203797,-0.18178350178727065,True
NUDT5,6,-2.492330867749005,0.012690775581389348,0.8333333333333334,1,5,-0.0589442879224098,0.057095931023338764,-0.11119775145102384,-1.530131889007678,-0.286704795535958,-0.111929659126861,0.03464012490487409,-0.0589442879224098,True
ZNHIT6,6,2.491002566834535,0.012738319952887803,0.8333333333333334,5,1,-0.16215070700483647,0.062021676914276735,0.13152174792815785,0.22676845798064793,0.202463602986687,0.329769857609183,0.03474125421983835,-0.16215070700483647,False
POLR2J,6,-2.4902365388660037,0.012765810290340412,1.0,0,6,-0.37983552738869886,-0.10335738576532005,-0.03043790387314793,-1.2115564832499937,-0.29609209478617,-0.0271782462287873,0.03480475900604752,-0.37983552738869886,True
STK16,6,-2.489679054635092,0.01278584964388547,0.8333333333333334,1,5,-0.06183081647947297,0.0007042668335373037,-0.06402924342405747,-1.3914412039316186,-0.340196766379335,-0.295001551315246,0.03483763127099585,-0.06183081647947297,True
CFB,3,2.487863380499867,0.012851309061761625,1.0,3,0,0.2087064624439714,,0.5788917863357472,0.5156175010238782,,,0.03499175318149012,0.2087064624439714,True
SMIM29,3,-2.484793109861108,0.012962674563894905,1.0,0,3,,-0.03566004252931121,-0.12209238675772305,-1.776591505925242,,,0.03524859362273509,,False
ZBTB10,6,2.4841674344606335,0.012985473624358458,0.8333333333333334,5,1,0.2958911630762091,0.0038085943605277173,0.07390799085767075,0.06365725038605596,-0.0075742746040456,0.131772185560599,0.03529540151830477,0.2958911630762091,True
CYP7A1,4,2.483373024360819,0.013014472333987313,1.0,4,0,0.013187494043597205,0.006892930563049999,0.037131114431871,0.04642620318663896,,,0.03536039823902791,0.013187494043597205,True
NAA38,5,-2.4803184616026153,0.013126508669763637,0.8,1,4,,0.05409872338673116,-0.07141550952651166,-1.492683269614595,-0.238578011306064,-0.187445070911725,0.03562970998719707,,False
RANBP10,6,2.4799984255739407,0.013138296283487547,0.8333333333333334,5,1,0.09584507618143157,0.015564986889085919,0.0871010607556073,0.1674436425984993,-0.0408366692971249,0.0496308306992499,0.035655858351251984,0.09584507618143157,True
SMPD1,6,2.4771253440994547,0.013244537945028641,0.8333333333333334,5,1,0.07378902469850512,0.058564304790804655,0.048854526376764795,0.37737067151919224,0.0426543540876275,-0.102058952507492,0.03589122332451115,0.07378902469850512,True
NDUFA10L1,3,-2.476170007661748,0.013280032544473432,1.0,0,3,-0.055928917163269865,-0.14738133024077893,-0.0982097615947044,,,,0.03596385776769049,-0.055928917163269865,True
SEC23IP,6,2.4724346323584943,0.013419625288930457,0.8333333333333334,5,1,0.03967426668236129,0.06375001380382406,0.05763153402033794,0.3708874042445096,-0.0283218897846285,0.176300884636635,0.036306250046155106,0.03967426668236129,True
PAK4,6,2.471455756530096,0.013456420110923739,0.8333333333333334,5,1,0.08958235760834432,0.034383398277922916,0.14738910185255527,0.12906155498208882,-0.371473268312013,0.180093165984353,0.03638795387616561,0.08958235760834432,True
CLEC2D2,3,2.471391596254969,0.013458834932506988,1.0,3,0,0.101317305099205,0.03466515475673586,0.3154934256365063,,,,0.03638853900732696,0.101317305099205,True
GNL1,6,-2.467048584306195,0.013623187202150205,0.8333333333333334,1,5,0.1366616367685003,-0.14192765336023516,-0.11330601641988647,-1.2861834647847465,-0.178093210231291,-0.16646541970829,0.036784827825447015,0.1366616367685003,False
DMAC2,4,-2.465276648035992,0.01369075006413184,1.0,0,4,-0.12246889208182044,-0.5676743748849196,-0.05269569915673866,-0.04772618651944249,,,0.03693111066843387,-0.12246889208182044,True
PCDHB9,5,2.461903620389216,0.013820179897534934,0.8,4,1,,0.2078598065997035,0.23106644359538375,-0.7852093092099999,0.193905950018434,0.0579100352076343,0.0372256497419037,,False
CHST5,5,-2.461507728986149,0.013835441670531213,1.0,0,5,,-0.006007423919754951,-0.13392139711505635,-0.014159025761014243,-0.666129206829714,-0.523301725551203,0.03726069484715793,,False
UFL1,6,2.4604608622496746,0.013875870533025907,0.8333333333333334,5,1,-0.11839270585743566,0.05746097584233034,0.08467561590816963,0.35129702789735173,0.456503157370879,0.108938306841119,0.03735134315541467,-0.11839270585743566,False
TNNC2,6,-2.4582631520259683,0.013961083209884777,1.0,0,6,-0.6250263215021699,-1.3768348376376898,-0.3747331172237578,-1.393269100928995,-0.0532506793669372,-1.20939595617485,0.03755287891924402,-0.6250263215021699,True
AKAP8,5,2.457827089442414,0.01397804565098548,0.8,4,1,0.055719930543431495,,0.1302000026131651,-1.8239583355463207,0.212283701384564,0.146349238226769,0.03757749092335742,0.055719930543431495,True
HHAT,6,2.4575811006737576,0.01398762241576874,1.0,6,0,0.005954422238962476,0.3356910501901099,0.12981685241679441,0.16543391831429233,0.49035846169182,0.0169689609366843,0.03759712994897762,0.005954422238962476,True
PRKD2,6,2.4549570063535384,0.014090143897496493,0.8333333333333334,5,1,0.05889617100831179,0.1326742845539588,0.23474767256429452,-0.5645913181232771,0.177283376193527,0.0677248913450126,0.037817425294529264,0.05889617100831179,True
NACC1,6,-2.4548799934888876,0.014093162725595094,0.8333333333333334,1,5,0.38370507591903724,-0.009800498724739981,-0.06853019644193203,-1.4403918096042032,-0.581200259873536,-0.193311517848385,0.037819395174132624,0.38370507591903724,False
ATP6V0E2,6,-2.453976407502714,0.014128625062398382,0.8333333333333334,1,5,0.2820561615227133,-0.12090323956592552,-0.09286835299380769,-2.03865712219316,-0.0232655477161545,-0.321509571456254,0.03790226937322821,0.2820561615227133,False
SCARA3,6,2.4525509749587644,0.01418472800641283,1.0,6,0,0.14179362492433345,0.26125343349275365,0.27519719720763813,0.3418191520095677,0.0511420209599012,0.26603227086001,0.0380404436101985,0.14179362492433345,True
ZDHHC6,6,2.4517251183893047,0.014217322370855212,0.8333333333333334,5,1,-0.04019672204376512,0.036163315894887305,0.07422828195208453,0.17038302878632638,0.57540620099367,0.262086758896738,0.0381093311550438,-0.04019672204376512,False
CCDC88B,6,2.4514809866176575,0.014226970249132423,1.0,6,0,0.28613554500907146,0.010813683246360672,0.08577949169819732,0.5573528214403676,0.357648831882594,0.25121946048831,0.038119371241578846,0.28613554500907146,True
COX4I2,4,-2.451397269170237,0.014230280020644978,1.0,0,4,,-0.2208345000579912,-0.14257005259357824,-0.07918739741716085,-0.140396653632568,,0.038119371241578846,,False
APC,6,2.4506583233161336,0.014259523738646336,0.8333333333333334,5,1,0.45112150882055335,0.04504944368477881,0.07557434567290144,-2.1482595521318375,0.122244326042114,0.0197636971033337,0.038185348151120235,0.45112150882055335,True
COL8A2,5,2.4499494345464385,0.0142876277644592,0.8,4,1,,0.014262390127756763,0.3396102890509205,0.1168408815465054,-0.174202075247319,0.199957394654744,0.038254418433731584,,False
SYT17,5,2.445989596914701,0.01444551685620474,0.8,4,1,0.08309953819536414,-0.08979488311949582,0.19174561857231998,1.0808398943840527,,1.16639959642524,0.0386459018916924,0.08309953819536414,True
SLC5A1,4,2.4450587259752026,0.014482855740463187,1.0,4,0,0.02684347850912856,0.022058071187244996,0.025392518175997462,0.18526102098983532,,,0.03872876984852335,0.02684347850912856,True
UPK2,3,-2.4450280351414135,0.014484088252160382,1.0,0,3,-0.03408129758216089,,-0.05268520406716757,-0.011228712804092385,,,0.03872876984852335,-0.03408129758216089,True
DIP2A,6,-2.444053160295594,0.014523286363947554,0.8333333333333334,1,5,0.45239886984921185,-0.09552221708650643,-0.10512487853039865,-1.6034799120448486,-0.164825438049246,-0.108274363356869,0.03881631453190052,0.45239886984921185,False
DFFA,6,-2.4415077778715837,0.014626073268855615,0.8333333333333334,1,5,0.18748124721943338,-0.08100330231517638,-0.12118367118909301,-1.5717121992154919,-0.238496887336486,-0.0435214777605726,0.039053196442345235,0.18748124721943338,False
CD59A,3,2.4404694354191667,0.014668187137425594,1.0,3,0,,,,0.6790396041194446,0.162869800783644,0.106079953880216,0.039146700015909135,,False
MELTF,4,-2.439547788208978,0.014705657501335003,1.0,0,4,-0.21063833581370514,-0.024004301391732465,-0.056902179726736724,-0.04064605277789918,,,0.039227726504769855,-0.21063833581370514,True
DDHD1,6,2.4351240333208306,0.014886685850026152,0.8333333333333334,5,1,0.14394667618176804,0.007841078605675511,0.09022261699959078,-1.81290292591797,0.15051150516406,0.003122762471309,0.03960849126983328,0.14394667618176804,True
LRRC58,6,2.4321644944688794,0.015008889264032627,0.8333333333333334,5,1,0.5070806301311972,0.22567514150474466,0.0962838245625619,0.21617711924193284,0.0429264153875137,-0.0102360101575121,0.039875944638566294,0.5070806301311972,True
SHTN1,6,2.4319998902009514,0.015015711866378834,0.8333333333333334,5,1,0.053749429091836554,0.03692135599931223,0.048220673919052714,-0.024924230138778647,0.883108707933481,0.43383769095183,0.03988766856239809,0.053749429091836554,True
KCNMB3,3,2.431249380753861,0.015046854004245673,1.0,3,0,0.07281165454698367,0.06828429549284706,,0.07606768954790549,,,0.03995756898416082,0.07281165454698367,True
SCD4,6,2.430058688063813,0.015096378129465769,0.8333333333333334,5,1,0.5501698160078836,0.15340451517709774,0.11180023632610148,-0.2671472770685003,0.141631061457143,0.409482421554798,0.04007603628368895,0.5501698160078836,True
PRPF40A,6,2.4294051940805548,0.015123619680192326,0.8333333333333334,5,1,-0.0247698440871007,0.06053963142560459,0.10098589347812315,0.18129389672314122,0.192277210936561,0.099147009507139,0.04012923259803517,-0.0247698440871007,False
UMOD,3,2.4289959819955143,0.015140700129602154,1.0,3,0,0.03189565383667582,0.006586990762275133,0.06410519333278865,,,,0.040159233793036826,0.03189565383667582,True
SATB2,5,2.428768623414059,0.015150197381309984,0.8,4,1,-0.5883618475800377,0.12478816468857079,0.2523380952796507,1.5431760434921538,0.524842452216573,,0.04016755839427244,-0.5883618475800377,False
HPCAL4,4,2.4284930974541274,0.015161713717749674,1.0,4,0,0.1397958145662188,0.00983241928997225,0.15794428290491758,0.9294116377087371,,,0.04018521784726863,0.1397958145662188,True
MTNR1B,3,2.4275127769985416,0.015202751338509436,1.0,3,0,0.012984918179054986,,0.020719027841802625,0.042778726064960484,,,0.04026819333573503,0.012984918179054986,True
MAP2K2,6,2.425703412051051,0.015278750864015532,0.8333333333333334,5,1,0.003042259340896969,0.08094160816730422,0.1277100645461582,0.30641932717623366,-0.216567335528868,0.0326049481942454,0.04043714171749042,0.003042259340896969,True
POLR3C,6,2.425293747385056,0.015296004552376048,0.8333333333333334,5,1,-0.015263884539886696,0.08824635235011868,0.06810360549216288,0.19463766251688153,0.181966440581936,0.0864584735798788,0.04046986370698982,-0.015263884539886696,False
UOX,4,2.423115714790589,0.015388024243755585,1.0,4,0,0.010288914345671363,0.05232438926665034,0.07545853824607118,1.1692739004132549,,,0.040700315960792974,0.010288914345671363,True
FLNA,6,2.4226113744993865,0.015409401467456086,0.8333333333333334,5,1,0.14638937972113641,0.16123223059195624,0.2159012498510151,0.6876035777112168,-0.350300777722901,0.002701880356343,0.040750345596634145,0.14638937972113641,True
NEDD9,6,2.4224874952100244,0.015414656275035006,0.8333333333333334,5,1,0.04541878911960584,0.12118833307173826,0.1642298073289341,0.04719930283369855,-0.0583796618848851,0.147010050323852,0.04075122350226171,0.04541878911960584,True
FAM20C,6,2.421275813838349,0.015466137532470892,0.8333333333333334,5,1,0.118428859909395,0.06803985177508798,0.10796967490255405,0.2740353372985025,-0.410676989482695,0.0362472233379099,0.04084817431585419,0.118428859909395,True
USP35,6,-2.420313965734737,0.015507111684404332,0.8333333333333334,1,5,0.49124997748272925,-0.12262395016020822,-0.12437728529473624,-0.001104446274953652,-0.0493956053611977,-0.177525920852347,0.040943326304077286,0.49124997748272925,False
EXOC1,6,2.418863569382616,0.01556907833304486,0.8333333333333334,5,1,0.133731953489737,0.028803683524172286,0.08071190990910626,-1.7990827361860111,0.101867076241756,0.329442342455481,0.041061087407354764,0.133731953489737,True
GPR141,3,2.417994880147523,0.015606296399151972,1.0,3,0,,0.03173624066037438,0.09823721535251126,0.05070624770639465,,,0.04113957923216491,,False
KLHDC9,6,-2.4173455028585185,0.01563416938698542,0.8333333333333334,1,5,-0.14396980588096187,0.03383084494535343,-0.1665741391030927,-0.2895955303731994,-0.899013187692542,-0.110085345219924,0.041193373399137645,-0.14396980588096187,True
XPO6,6,-2.416362209776597,0.015676458293198033,0.8333333333333334,1,5,0.24186831181568902,-0.10419269017046728,-0.07501336999610331,-1.5181934155674552,-0.267421294959333,-0.102863206773802,0.04127194809432382,0.24186831181568902,False
CDKN1C,6,2.4156034764041374,0.015709158213546414,0.8333333333333334,5,1,0.21060369507600285,-0.005336589516289458,0.21644908802467144,0.31031765443662884,0.489710671969081,0.269836148066782,0.04135146099723604,0.21060369507600285,True
HGH1,6,2.415436683089712,0.015716354718124464,0.8333333333333334,5,1,0.029343263645077222,0.041983018830429764,0.1099517081990884,0.32238388267029006,0.050794865335094,-0.162240988624052,0.041363826251295296,0.029343263645077222,True
PLXNB1,6,2.4151046083707812,0.015730691129113135,0.8333333333333334,5,1,0.23975323914662994,0.06609583266692587,0.15826947086385346,0.29603397318479185,-0.1940800879387,0.0694187260453862,0.04139497608411456,0.23975323914662994,True
CMBL,6,2.4135011328101426,0.015800078770035343,0.8333333333333334,5,1,-0.002238213417251167,0.0888169162258845,0.07889544985653041,0.29787222303651273,0.309298586346411,0.385983407827815,0.04155114455062361,-0.002238213417251167,False
SCARF2,6,2.412046446010378,0.015863260570451246,0.8333333333333334,5,1,0.44462849369400637,0.13527367605613616,0.24662695029948756,0.2461982912819196,-0.0309730901027812,0.0901715046418823,0.04168747940126152,0.44462849369400637,True
TNNI2,6,-2.4117391406171143,0.015876636238813708,1.0,0,6,-0.6535246072371015,-1.0469496878378766,-0.2618184338455646,-0.8094003034216903,-0.258815595776465,-1.57926042632531,0.04171271159124516,-0.6535246072371015,True
IGDCC3,4,2.4106181598917242,0.01592551176999852,1.0,4,0,0.24546367048527507,0.2443856013239798,0.21507079487802283,0.13600542495705903,,,0.04182120749119713,0.24546367048527507,True
ZFP954,6,2.410220727955938,0.015942871817055705,0.8333333333333334,5,1,-0.05323869776408152,0.026704720075769295,0.12194254347622735,0.1836456151732948,0.0867512499041756,0.201071195238436,0.04186015455518814,-0.05323869776408152,False
CARNMT1,4,-2.4093307123729666,0.015981808556623393,1.0,0,4,-0.4344310553578463,-0.10890894601105017,-0.13127924021524606,-1.1552104741186202,,,0.04194315912261205,-0.4344310553578463,True
ECM1,6,2.4092706842315805,0.01598443769767374,0.8333333333333334,5,1,0.17846121135802573,0.024120928081366344,0.18594978951634822,0.36171550263870156,-0.0638771265036611,0.406048548437772,0.04194315912261205,0.17846121135802573,True
FSHR,4,2.4076026561444723,0.01605764703912665,1.0,4,0,0.061377117127756876,0.003726497336525465,0.033778876199013416,0.009176263589771944,,,0.042108016060513384,0.061377117127756876,True
RGS18,4,2.4068921010855773,0.016088922544492474,1.0,4,0,0.014534957509140245,0.12540330129940824,0.43253503612021427,0.34278332660643995,,,0.04217004686562778,0.014534957509140245,True
FAM53B,6,-2.4068287887066853,0.01609171187307849,0.8333333333333334,5,1,0.1456398160125021,0.01141940358869764,-0.20057292005916683,0.2038981642125801,0.0638113924768886,0.0180450672771704,0.042170680006839004,0.1456398160125021,False
GP5,5,-2.40671945914135,0.0160965295635776,0.8,1,4,0.3709807366082971,-0.017494090130490275,-0.19625508783780543,-0.2942525564341354,,-0.0573201119852635,0.04217662772460605,0.3709807366082971,False
PAPOLA,6,2.4066282867218645,0.01610054811508884,0.8333333333333334,5,1,0.040075596138210656,0.011039793857304137,0.0807498032512477,0.30465200888604116,-0.0637314474902571,0.219860475769565,0.04217917130138888,0.040075596138210656,True
FUNDC1,6,-2.406165285328731,0.016120969160507755,1.0,0,6,-0.04523972917181052,-0.03943309810922102,-0.14715948516940536,-0.011847018149581778,-0.0135919929115922,-0.155829441936366,0.042213934748413916,-0.04523972917181052,True
GPD1L,6,-2.405662379216477,0.016143176026295336,0.8333333333333334,1,5,-0.011083721885125186,-0.02099311041490548,-0.16207828538341218,-0.12179799057725482,0.0566648207441927,-0.115876409890716,0.04225203187654023,-0.011083721885125186,True
POLR2K,3,-2.4035627854927943,0.01623617866167892,1.0,0,3,,-0.12715587726237576,-0.10303459467330622,-1.4864820274702373,,,0.042435059088600895,,False
PIGQ,6,-2.4026102242686935,0.016278527916919056,0.8333333333333334,1,5,-0.13584899998033872,0.05268196107641643,-0.03182672963332234,-1.8029019493855056,-0.24645998157892,-0.469454077001162,0.04253902653628737,-0.13584899998033872,True
OLFML3,6,2.402375727908571,0.01628896810370964,0.8333333333333334,5,1,-0.2071213993229737,0.1671688404396412,0.2878634914647078,0.4165119164241968,0.0734944675478466,0.202872642554923,0.04255958958999241,-0.2071213993229737,False
GLI1,6,2.4015951274265124,0.016323764201338135,0.8333333333333334,5,1,0.16101079349843417,0.013587145285963276,0.38016212027193097,-0.9353320245244259,0.698965503709539,0.227535540813448,0.042643772894657324,0.16101079349843417,True
ELL,6,2.4008549936866195,0.016356816752684085,0.8333333333333334,5,1,0.23017124267235012,0.19695339126617561,0.032516242038822085,0.3523405513505091,0.19237323613036,-0.256313012112208,0.04270847953205214,0.23017124267235012,True
COMMD3,5,-2.4004327053471615,0.016375701443539968,0.8,1,4,-0.22583372094185528,,-0.09253330380692937,0.21080080331877493,-0.0761300521923123,-0.169463416087598,0.042738979863367006,-0.22583372094185528,True
FOXO4,6,2.4001640111931635,0.016387727387540726,0.8333333333333334,5,1,-0.046041519731644165,0.20271070014056036,0.06995165351677901,0.14896037615066682,0.0156338947841661,0.289795037746743,0.042763623477624794,-0.046041519731644165,False
DDX17,6,2.399273800915118,0.016427625981842133,0.8333333333333334,5,1,0.23299996034825643,0.030877876569751272,0.09486291890963816,0.17116412882582566,0.0008404632318439,-0.151855877644821,0.042847473251095336,0.23299996034825643,True
ITGAV,6,2.3980022039224753,0.01648476605620994,0.8333333333333334,5,1,0.2865380706972891,0.08496470450570293,0.036573571516321124,0.39882903604913267,0.0140753154455089,-0.0468494870488905,0.042989734955472966,0.2865380706972891,True
DUSP19,5,-2.3977247167858287,0.016497258308720886,0.8,1,4,,-0.8491087203179746,-0.10800445190782693,0.365392870398225,-0.316099261145999,-0.549811343317376,0.04301553552708697,,False
JPH4,5,-2.397313830993342,0.016515771335696792,0.8,1,4,0.17211872422749774,,-0.16704400213671544,-0.2564788182523863,-0.208610470448198,-0.0428516196666195,0.04305702427917047,0.17211872422749774,False
ANAPC1,6,2.3961939406191006,0.01656632221702397,0.8333333333333334,5,1,0.12836584681037255,0.11387250761291723,0.05249900721844991,0.08978979832610534,-0.137400117477469,0.136576675338893,0.0431684139383156,0.12836584681037255,True
SLC35G3,4,2.3935910126504494,0.016684341405925115,1.0,4,0,0.22986758664038742,0.10918572564375228,0.05513528309172068,0.02495746653329238,,,0.04343491962108721,0.22986758664038742,True
OTOP1,6,2.3925892219593132,0.016729959893288144,0.8333333333333334,5,1,0.2606856750608626,-0.005014492239994284,0.15160982669819623,0.3626505402684228,0.150987038510728,0.10197287446483,0.043526296157451336,0.2606856750608626,True
WWTR1,6,2.3915552577200305,0.01677715827126148,0.8333333333333334,5,1,0.3114944860423372,0.06760066847577928,0.13946928673076986,0.1857260620203709,-0.337321963994515,0.201026808556728,0.0436422322341537,0.3114944860423372,True
RCHY1,6,-2.3896796950003036,0.01686307232229079,0.8333333333333334,1,5,-0.12606279430912437,-0.1185139408644802,-0.06520874185169756,-1.115827743664735,-0.0765520821493046,0.156521066397801,0.043831277179421674,-0.12606279430912437,True
CEP89,6,2.3873507304189183,0.016970292699035546,0.8333333333333334,5,1,0.05538143241633975,0.030914692650156894,0.17994916957720086,-0.8607890930027202,0.307374410855652,0.348243829207773,0.04405462433413368,0.05538143241633975,True
CPLX1,5,-2.386407807076991,0.01701387266232775,0.8,1,4,,-0.013733280051292596,-0.06818127702181442,0.08614296066609661,-0.113499518899786,-0.354982485274961,0.044146985469015354,,False
PPP1R9B,6,2.3861528584262883,0.017025672713899122,0.8333333333333334,5,1,0.29980275967354597,0.005001600011497409,0.10324844517542875,0.20376724393684142,0.10303756529064,-0.246107424666145,0.044170679429538916,0.29980275967354597,True
API5,6,-2.385064880359916,0.01707610947557315,0.8333333333333334,1,5,-0.026803766904149207,-0.021050861970630663,-0.0756660048670712,-1.7699171748232017,-0.108518273577988,0.120305346949788,0.044273772562607575,-0.026803766904149207,True
CELF6,6,2.3838607829655376,0.017132082112642937,1.0,6,0,0.5716428133225886,0.05953779303877482,0.11786425653743482,0.014432811859466987,0.0622880920349949,0.0586084218052094,0.04440498326471436,0.5716428133225886,True
CCDC30,6,-2.383403217198765,0.01715339428878357,1.0,0,6,-0.28366809411348215,-0.1794281722797494,-0.09587583824927992,-0.9583385768381905,-0.0065030522668507,-0.196476960813598,0.04445326166712786,-0.28366809411348215,True
ACOT8,6,-2.3803620436143755,0.017295635855056314,0.8333333333333334,1,5,0.046031730325974074,-0.0009046499757459081,-0.10904404367208453,-0.8606022274721159,-0.220917904975451,-0.130965415035591,0.04475181564372239,0.046031730325974074,False
TRPC4AP,6,-2.3802243459093404,0.017302100651615592,1.0,0,6,-0.0010761786157367226,-0.13684058762698825,-0.05624730262281119,-1.8046228296094666,-0.0348159595111313,-0.238765421410216,0.04476154579330124,-0.0010761786157367226,True
PITPNM3,6,2.379969522418599,0.017314069999803502,0.8333333333333334,5,1,0.06698371361011413,-0.07517319312709247,0.1929000293067249,1.2082561049094882,0.143372622994238,0.499564311063405,0.044778513536991804,0.06698371361011413,True
TEKT1,4,2.378761029228751,0.017370933231351922,1.0,4,0,0.022674026576570805,0.06330072995399516,0.19874116477600912,0.1288519252791104,,,0.044904527072518664,0.022674026576570805,True
GCGR,4,2.3776421304740842,0.017423726713495048,1.0,4,0,0.08157842346516753,0.05706074726669769,0.29874566337369957,0.09113660570639576,,,0.045026935919089774,0.08157842346516753,True
FDFT1,6,-2.3764620563825134,0.017479559043630254,0.8333333333333334,1,5,-0.05703714200351939,-0.04476773161378933,-0.08109852518803784,-2.1041470609999973,0.0647709130962462,-0.0049757255326894,0.04515711897770688,-0.05703714200351939,True
OAS2,4,2.3736573990543697,0.017612884403964163,1.0,4,0,0.05255951524117142,0.10290107405434346,0.3977006971317463,1.3280802284452098,,,0.04545898372905268,0.05255951524117142,True
GLYAT,4,2.371112733566402,0.017734620910442808,1.0,4,0,0.03189565383667582,0.17696908432066072,,0.543245250692421,,0.712853082773509,0.045725130697100984,0.03189565383667582,True
SNCAIP,5,-2.369370559371446,0.017818390969199308,0.8,1,4,-0.006511223878504779,-0.254236856385439,-0.20640405602330647,0.031020115862881115,-0.0915703924558269,,0.045896359682880014,-0.006511223878504779,True
ANTXR1,6,2.3689820263428087,0.017837120261004945,0.8333333333333334,5,1,0.09792122542176607,0.011747288412592649,0.18719207122279258,-1.219455360871443,0.297549115224764,0.338492332454028,0.045930307181106696,0.09792122542176607,True
DCLK2,6,2.367156472028296,0.01792535248578458,0.8333333333333334,5,1,0.26047067237111055,0.04195320521755841,0.10411686770468886,0.04711891509695665,0.0377611502715127,-0.324010903768331,0.04609652569119422,0.26047067237111055,True
F3,6,2.3671279073998606,0.01792673609679901,1.0,6,0,0.03832907183311418,0.05269189009568054,0.11461311816357878,0.4228177372809636,0.452540211198937,0.297345534912822,0.04609652569119422,0.03832907183311418,True
MANEAL,6,2.3653124327368005,0.01801486605890888,1.0,6,0,0.5629467848502285,0.08899332228378798,0.03609463990028772,0.13363141890603725,0.0984151179200248,0.298093068150862,0.04629437401134292,0.5629467848502285,True
SLC13A4,6,2.365072811736269,0.01802652646605962,1.0,6,0,0.6232792653196455,0.01891051151209,0.3716316504596122,0.27641651523377053,0.288815418324718,0.698044823301635,0.046317147790471726,0.6232792653196455,True
OPRL1,6,-2.3639802485164263,0.018079776466469716,0.8333333333333334,1,5,0.5744190499106692,-0.08264287119190561,-0.07524626848484761,-0.9296316681811883,-0.215128037079812,-0.57097929547054,0.04642514118414625,0.5744190499106692,False
WASF3,6,-2.3637854962281226,0.01808928287327728,0.8333333333333334,1,5,0.6628038765289741,-0.16171096547261143,-0.18255348928747406,-0.15299277632089936,-0.156699033199124,-0.118314176507492,0.046438686003501074,0.6628038765289741,False
TXNRD2,6,-2.363699781781274,0.018093468223572887,0.8333333333333334,1,5,-0.020204460740366414,-0.11107328800101124,-0.05112788621118192,-0.9325719181749328,-0.198818868335254,0.0610317733373988,0.046438686003501074,-0.020204460740366414,True
BCL2A1,3,2.3626347827797605,0.01814554182878601,1.0,3,0,0.0359353491221992,0.022225217463154756,0.5793511822791513,,,,0.04655068325326504,0.0359353491221992,True
SLC36A2,6,-2.3622133466312287,0.018166184352997234,1.0,0,6,-0.18379944843492257,-0.061163093801265056,-0.17185516442881887,-1.4747775857241265,-0.345573510482469,-0.295784126309576,0.046596417698870324,-0.18379944843492257,True
NFE2L2,6,2.361162636995318,0.018217739127816348,0.8333333333333334,5,1,-0.22458309531668785,0.34993191658749545,0.19564549851155366,0.2901975018864782,0.16250785588643,0.176713253894994,0.0466997085401295,-0.22458309531668785,False
HJV,4,-2.36089771042765,0.018230758385278427,1.0,0,4,-0.18430290435980412,-0.2759814993777193,-0.29573207971829857,-0.007537676652766626,,,0.046724472375820676,-0.18430290435980412,True
NFX1,6,2.3597304078401624,0.018288220080933858,1.0,6,0,0.07442045803069419,0.0011833009622947976,0.05869839117751763,0.1752915381839415,0.0760142225962104,0.0358903271542814,0.04683685885496166,0.07442045803069419,True
CDS2,6,-2.3593182428871278,0.018308547177442243,0.8333333333333334,1,5,0.6220978919550069,-0.3206096284014279,-0.26661180686149066,-0.08501877217507037,-0.0680449445236742,-0.247907616763799,0.04688166350263366,0.6220978919550069,False
CDC42BPG,6,2.357214202378304,0.018412622462001746,0.8333333333333334,5,1,0.12424046665062116,0.07875724507533088,0.09394758431563055,0.17102306160536118,0.463547779246809,-0.0194051969531697,0.04706781377153665,0.12424046665062116,True
LYSMD1,3,-2.3571588493616673,0.018415367447104355,1.0,0,3,,-0.2040803269753666,-0.04229669150947135,-1.1747787815440933,,,0.04706781377153665,,False
PARP4,5,2.355562410212192,0.018494689986559468,0.8,4,1,0.5241502613603757,,0.04564530445822346,0.46433433476109,-0.256427389853462,0.196858459760821,0.047255959965657963,0.5241502613603757,True
GPR119,6,2.3545047265744197,0.018547407823160833,1.0,6,0,0.02172757171956843,0.02220077060109253,0.008362556784599906,1.4401310073021778,0.783843767816886,0.440192807701142,0.04736872308115385,0.02172757171956843,True
CERS3,4,2.353888548836385,0.01857818037973317,1.0,4,0,0.051849178394743234,0.09222522513704323,0.14191328300663458,0.34063312235891086,,,0.04742536114209492,0.051849178394743234,True
NUPR1,6,2.3532987144170057,0.018607679164676438,0.8333333333333334,5,1,0.07575324979559328,0.0009804662952719312,0.4561097662642286,0.4403400149609409,-0.38680704634096,0.0963909243736523,0.04747869670629326,0.07575324979559328,True
TREM3,3,2.351420812122037,0.018701869889853766,1.0,3,0,,0.010653063272755024,0.22698902199412604,0.22775976725285563,,,0.04766759322711111,,False
TMEM126B,6,-2.3508198943777012,0.01873209833333474,0.8333333333333334,1,5,-0.22083635628060883,-0.07013045703714837,-0.058661822366430805,-0.147575144950709,0.168200770607596,-0.0003200533019983,0.0477225937530178,-0.22083635628060883,True
CHMP2B,6,2.3489615417925847,0.01882585115591167,1.0,6,0,0.020143887457350296,0.02158964639934524,0.07173142342301286,0.21916485649417528,0.21090747686444,0.0942712917545547,0.04792455987890648,0.020143887457350296,True
SP3,6,2.3473410207910095,0.018907940228087703,0.8333333333333334,5,1,0.01576356618666086,-0.11574904529503005,0.1286102388631445,0.16826778773810602,0.105927304750055,0.208866236881916,0.04808176780693004,0.01576356618666086,True
TIMMDC1,6,-2.345749477888884,0.018988865893531912,0.8333333333333334,1,5,-0.2227759125021569,0.022037014752525064,-0.020168482352649342,-1.1621898423587753,-0.350399081199074,-0.288473095989677,0.04826531146648344,-0.2227759125021569,True
FGL2,6,2.345223264128892,0.01901568898286811,1.0,6,0,0.18449055982954032,0.1750832670208835,0.0665013615807144,0.8029021415650339,0.22988457923498,0.0196752123574266,0.04830381891412415,0.18449055982954032,True
LRRC20,6,-2.3450310570931086,0.019025494753545456,0.8333333333333334,1,5,-0.2172663710555458,-0.12772143145127535,-0.1191014184067658,0.7926630976442137,-0.0699779114495698,-0.221345231563427,0.048306832757538304,-0.2172663710555458,True
CYP4A8,3,2.3441908637643922,0.019068410573451763,1.0,3,0,0.08321108120204887,0.08683926242698287,0.008762843142395543,,,,0.04839790051866766,0.08321108120204887,True
SMPD5,5,2.343324007535453,0.01911277697524337,0.8,4,1,0.12736250403459382,0.06632557490222846,0.17867646552738092,-0.7487176045690016,0.856737287912956,,0.048479617709262623,0.12736250403459382,True
SCARA5,6,2.343171209421196,0.019120606654218452,1.0,6,0,0.31913162248623195,0.013466729162363134,0.22945509953185628,0.48297493955492765,0.0592321974296142,0.61610653751215,0.04848847576844244,0.31913162248623195,True
UVSSA,6,2.3429209407498752,0.01913343697563377,0.8333333333333334,5,1,0.13174524533371956,0.19239012286086488,0.10170034204783596,0.07275132876051682,0.402836754105484,-0.164050083203433,0.04850614930627817,0.13174524533371956,True
SVOP,6,-2.342420931042464,0.019159093108733,0.8333333333333334,1,5,0.8212659077389084,-0.06458242008385362,-0.12171049965272829,-0.004072772405742775,-0.265744956263738,-0.471998003796022,0.04854145249284381,0.8212659077389084,False
ARPC2,6,2.340894131764995,0.019237621319516868,1.0,6,0,0.023248916573583855,0.051175516697310464,0.03480630037236754,0.6281046213461838,0.196895964178468,0.0333590095100367,0.048725494733074706,0.023248916573583855,True
CFAP20,6,-2.340187854859856,0.01927404248399034,0.8333333333333334,1,5,-0.11702698868829842,-0.07074079442980619,-0.0880619588336975,-1.4312672971878113,-0.228053984037866,0.101244852441674,0.04881027405064383,-0.11702698868829842,True
CARMIL2,6,-2.3397600639721077,0.01929613202220012,0.8333333333333334,1,5,0.38121221043619524,-0.06152671049621139,-0.125203978207721,-1.1510765419754718,-0.249352721179627,-0.400990701622002,0.048858739059424255,0.38121221043619524,False
SAP30,6,2.3367925365159277,0.01944997410458021,0.8333333333333334,5,1,-0.01906318568034493,0.0036473832197416733,0.14403184450123652,0.6473871888987359,0.310604044436607,0.0063639921973051,0.049218157984866485,-0.01906318568034493,False
RASD2,6,-2.3332772610017294,0.019633598094588884,0.8333333333333334,1,5,-0.1956787124792616,-0.5641261164845793,-0.14575652532398609,0.056972025696066186,-0.837925247453242,-0.714581942324718,0.049599862441019174,-0.1956787124792616,True
SLBP,6,-2.3332738249649667,0.019633778317638816,1.0,0,6,-0.044423750884614144,-0.038268553367302616,-0.0997479278280693,-1.2883757516310825,-0.173254389093617,-0.0837380095819209,0.049599862441019174,-0.044423750884614144,True
DKKL1,3,2.331898700090476,0.019706020887685596,1.0,3,0,,0.022989536494733898,0.008740427641231254,0.6101352674109568,,,0.04974440410751441,,False
