miRNA,symbol,score
hsa-miR-606,ACVR1,96.9747548056
hsa-miR-518a-5p,ACVR1,96.4203672486228
hsa-miR-527,ACVR1,96.4203672486228
hsa-miR-454-3p,ACVR1,95.23518548302
hsa-miR-6868-5p,ACVR1,94.8438
hsa-miR-130a-3p,ACVR1,94.83525937447
hsa-miR-130b-3p,ACVR1,94.83525937447
hsa-miR-301a-3p,ACVR1,94.83525937447
hsa-miR-301b-3p,ACVR1,94.83525937447
hsa-miR-3666,ACVR1,94.83525937447
hsa-miR-4295,ACVR1,94.83525937447
hsa-miR-12136,ACVR1,94.111034719
hsa-miR-548aj-3p,ACVR1,93.89580088
hsa-miR-548x-3p,ACVR1,93.89580088
hsa-miR-4452,ACVR1,93.49364
hsa-miR-548ae-3p,ACVR1,92.4606301681
hsa-miR-548ah-3p,ACVR1,92.4606301681
hsa-miR-548am-3p,ACVR1,92.4606301681
hsa-miR-548aq-3p,ACVR1,92.4606301681
hsa-miR-548j-3p,ACVR1,92.4606301681
hsa-miR-193a-5p,ACVR1,91.60862
hsa-miR-365a-3p,ACVR1,91.201069972
hsa-miR-365b-3p,ACVR1,91.201069972
hsa-miR-5692a,ACVR1,88.7425
hsa-let-7a-3p,ACVR1,87.6465
hsa-let-7b-3p,ACVR1,87.6465
hsa-miR-98-3p,ACVR1,87.6465
hsa-miR-203b-3p,ACVR1,86.644
hsa-miR-376a-2-5p,ACVR1,86.4716
hsa-miR-7975,ACVR1,86.0365
hsa-miR-519a-3p,ACVR1,85.9177
hsa-miR-519b-3p,ACVR1,85.9177
hsa-miR-519c-3p,ACVR1,85.9177
hsa-let-7f-1-3p,ACVR1,85.7919
hsa-miR-8066,ACVR1,85.4249600843
hsa-miR-4799-5p,ACVR1,84.6299
hsa-miR-570-3p,ACVR1,82.8254
hsa-miR-450b-5p,ACVR1,82.638100725
hsa-miR-8485,ACVR1,81.9886
hsa-miR-148a-3p,ACVR1,80.9015
hsa-miR-148b-3p,ACVR1,80.9015
hsa-miR-152-3p,ACVR1,80.9015
hsa-miR-1277-5p,ACVR1,80.7628
hsa-miR-182-5p,ACVR1,77.5097
hsa-miR-548ac,ACVR1,77.423301568
hsa-miR-548bb-3p,ACVR1,77.423301568
hsa-miR-548d-3p,ACVR1,77.423301568
hsa-miR-548h-3p,ACVR1,77.423301568
hsa-miR-548z,ACVR1,77.423301568
hsa-miR-30a-5p,ACVR1,77.4084
hsa-miR-30b-5p,ACVR1,77.4084
hsa-miR-30c-5p,ACVR1,77.4084
hsa-miR-30d-5p,ACVR1,77.4084
hsa-miR-30e-5p,ACVR1,77.4084
hsa-miR-549a-3p,ACVR1,77.4039588183
hsa-miR-4720-5p,ACVR1,77.2479
hsa-miR-4799-3p,ACVR1,77.2479
hsa-miR-5588-5p,ACVR1,77.2479
hsa-miR-338-3p,ACVR1,76.6628
hsa-miR-3128,ACVR1,76.5436
hsa-miR-3163,ACVR1,76.4214
hsa-miR-323a-3p,ACVR1,75.7195
hsa-miR-1972,ACVR1,75.6138
hsa-miR-6868-3p,ACVR1,73.4061
hsa-miR-6888-5p,ACVR1,73.2574
hsa-miR-302b-5p,ACVR1,73.1885742262
hsa-miR-302d-5p,ACVR1,73.1885742262
hsa-miR-4282,ACVR1,72.3949458196
hsa-miR-545-5p,ACVR1,71.9158
hsa-miR-3686,ACVR1,71.858
hsa-miR-6719-3p,ACVR1,71.2865300904
hsa-miR-5700,ACVR1,70.2388
hsa-miR-6782-3p,ACVR1,69.9433
hsa-miR-9718,ACVR1,69.6786
hsa-miR-3150a-3p,ACVR1,69.0857380131
hsa-miR-6763-5p,ACVR1,69.0857380131
hsa-miR-4691-5p,ACVR1,69.0066
hsa-miR-6792-3p,ACVR1,69.0066
hsa-miR-4775,ACVR1,68.9615
hsa-miR-19a-5p,ACVR1,66.3083
hsa-miR-19b-1-5p,ACVR1,66.3083
hsa-miR-19b-2-5p,ACVR1,66.3083
hsa-miR-122-5p,ACVR1,66.1934
hsa-miR-101-5p,ACVR1,65.8876
hsa-miR-4671-3p,ACVR1,65.68
hsa-miR-1248,ACVR1,65.1747
hsa-miR-628-5p,ACVR1,65.1719
hsa-miR-137-3p,ACVR1,64.3483
hsa-miR-10226,ACVR1,64.3454
hsa-miR-4483,ACVR1,63.5829
hsa-miR-6080,ACVR1,62.8853
hsa-miR-3611,ACVR1,62.8655362235
hsa-miR-548c-3p,ACVR1,62.201572125
hsa-miR-3660,ACVR1,62.045076917
hsa-miR-6825-5p,ACVR1,61.99600819
hsa-let-7f-2-3p,ACVR1,61.3908
hsa-miR-548n,ACVR1,61.3883
hsa-miR-4650-5p,ACVR1,61.1477
hsa-miR-4638-3p,ACVR1,61.0153
hsa-miR-302c-5p,ACVR1,60.9708
hsa-miR-526b-5p,ACVR1,59.0865
hsa-miR-6793-3p,ACVR1,58.6199
hsa-miR-141-5p,ACVR1,57.9863
hsa-miR-586,ACVR1,57.9659
hsa-miR-3162-3p,ACVR1,57.7075
hsa-miR-4505,ACVR1,57.6667
hsa-miR-5787,ACVR1,57.6667
hsa-miR-5197-5p,ACVR1,57.2428
hsa-miR-3662,ACVR1,56.292750444
hsa-miR-8075,ACVR1,56.0028
hsa-miR-10393-5p,ACVR1,55.9988
hsa-miR-4526,ACVR1,55.8271268325
hsa-miR-6730-3p,ACVR1,55.8271268325
hsa-miR-4310,ACVR1,55.5926
hsa-miR-4304,ACVR1,53.9836
hsa-miR-202-5p,ACVR1,53.8954
hsa-miR-1293,ACVR1,53.8053
hsa-miR-381-5p,ACVR1,53.3431
hsa-miR-1185-1-3p,ACVR1,53.3402
hsa-miR-1185-2-3p,ACVR1,53.3402
hsa-miR-4789-5p,ACVR1,53.3402
hsa-miR-8078,ACVR1,52.8238
hsa-miR-4668-3p,ACVR1,52.2413
hsa-miR-1343-5p,ACVR1,52.077648042
hsa-miR-939-5p,ACVR1,52.077648042
hsa-miR-4524a-3p,ACVR1,51.262
hsa-miR-155-5p,ACVR1,51.0933
hsa-miR-300,ACVR1,50.7923
hsa-miR-381-3p,ACVR1,50.7923
hsa-miR-337-3p,ACVR1,50.0
hsa-miR-499b-5p,AGRN,91.37255
hsa-miR-3121-3p,AGRN,90.74538
hsa-miR-802,AGRN,90.0889742002
hsa-miR-520d-5p,AGRN,88.3278
hsa-miR-524-5p,AGRN,88.3278
hsa-miR-4494,AGRN,85.6841
hsa-miR-12122,AGRN,81.9463
hsa-miR-4660,AGRN,78.7335
hsa-miR-6825-5p,AGRN,75.0261
hsa-miR-6733-5p,AGRN,73.7463
hsa-miR-6739-5p,AGRN,73.7463
hsa-miR-296-5p,AGRN,71.7668
hsa-miR-4283,AGRN,71.2700681435245
hsa-miR-27a-3p,AGRN,68.973575065
hsa-miR-27b-3p,AGRN,68.973575065
hsa-miR-9985,AGRN,68.973575065
hsa-miR-642a-3p,AGRN,68.9077
hsa-miR-642b-3p,AGRN,68.9077
hsa-miR-4498,AGRN,67.8481002426421
hsa-miR-5787,AGRN,67.6222302472915
hsa-miR-3153,AGRN,66.6474
hsa-miR-548e-5p,AGRN,64.0371
hsa-miR-1291,AGRN,63.8753365453
hsa-miR-6775-3p,AGRN,63.8753365453
hsa-miR-4505,AGRN,63.7057019376423
hsa-miR-491-5p,AGRN,63.3359659474533
hsa-miR-494-3p,AGRN,63.1029
hsa-miR-940,AGRN,61.6578456477017
hsa-miR-5001-5p,AGRN,61.0583951823274
hsa-miR-6808-5p,AGRN,60.9298279957357
hsa-miR-6893-5p,AGRN,60.9298279957357
hsa-miR-4492,AGRN,60.8238645267578
hsa-miR-762,AGRN,60.4658404317749
hsa-miR-92a-2-5p,AGRN,59.723329184
hsa-miR-7111-3p,AGRN,59.273319754
hsa-miR-3065-3p,AGRN,59.2459
hsa-miR-185-3p,AGRN,59.005684810497
hsa-miR-4508,AGRN,58.75830541
hsa-miR-184,AGRN,58.6101
hsa-miR-7160-3p,AGRN,58.3116385888
hsa-miR-608,AGRN,56.4475649349026
hsa-miR-6842-5p,AGRN,55.4643613084
hsa-miR-7110-5p,AGRN,55.4643613084
hsa-miR-6516-5p,AGRN,55.4555418328
hsa-miR-514a-3p,AGRN,55.4545
hsa-miR-514b-3p,AGRN,55.4545
hsa-miR-6852-5p,AGRN,55.080525323
hsa-miR-330-5p,AGRN,54.5819
hsa-miR-3202,AGRN,54.3536996122961
hsa-miR-31-5p,AGRN,54.0752
hsa-miR-561-3p,AGRN,53.7661
hsa-miR-128-3p,AGRN,53.7499524645
hsa-miR-216a-3p,AGRN,53.7499524645
hsa-miR-874-5p,AGRN,53.2289711953
hsa-miR-3918,AGRN,52.629049618945
hsa-miR-3681-3p,AGRN,51.927582376
hsa-miR-4731-5p,AGRN,51.284201206
hsa-miR-326,AGRN,51.2481
hsa-miR-205-3p,AGRN,50.0
hsa-miR-5692a,ANKRD1,97.330669120545
hsa-miR-20a-3p,ANKRD1,91.2191930209
hsa-miR-3163,ANKRD1,89.1064
hsa-miR-8055,ANKRD1,87.9775
hsa-miR-8088,ANKRD1,87.2152
hsa-miR-4768-3p,ANKRD1,87.0214
hsa-miR-6765-3p,ANKRD1,86.2453
hsa-miR-4729,ANKRD1,86.1111
hsa-miR-4297,ANKRD1,85.6196368314
hsa-miR-425-5p,ANKRD1,85.3006
hsa-miR-548c-3p,ANKRD1,85.1163563130158
hsa-miR-4509,ANKRD1,82.8376
hsa-miR-338-5p,ANKRD1,79.3877007061
hsa-miR-760,ANKRD1,78.325
hsa-miR-4446-3p,ANKRD1,77.5168
hsa-miR-6515-3p,ANKRD1,75.9203783614
hsa-miR-3160-5p,ANKRD1,75.4863
hsa-miR-642a-3p,ANKRD1,74.3788
hsa-miR-642b-3p,ANKRD1,74.3788
hsa-miR-506-5p,ANKRD1,73.688
hsa-miR-5003-5p,ANKRD1,73.6146
hsa-miR-6849-3p,ANKRD1,72.1567
hsa-miR-6837-3p,ANKRD1,71.580106957
hsa-miR-4427,ANKRD1,71.4949
hsa-miR-4666a-3p,ANKRD1,71.0111321604984
hsa-miR-1225-5p,ANKRD1,70.0577
hsa-miR-493-5p,ANKRD1,69.9409
hsa-miR-6835-5p,ANKRD1,69.5128
hsa-miR-5581-5p,ANKRD1,67.52985
hsa-miR-6509-3p,ANKRD1,66.8534
hsa-miR-3121-3p,ANKRD1,65.9334
hsa-miR-4698,ANKRD1,65.8683
hsa-miR-3662,ANKRD1,65.4619
hsa-miR-7152-5p,ANKRD1,62.9993
hsa-miR-582-5p,ANKRD1,62.2535
hsa-miR-371b-5p,ANKRD1,61.7584
hsa-miR-373-5p,ANKRD1,61.7584
hsa-miR-616-5p,ANKRD1,61.7584
hsa-miR-493-3p,ANKRD1,61.7063
hsa-let-7a-3p,ANKRD1,61.5086974753
hsa-let-7b-3p,ANKRD1,61.5086974753
hsa-let-7f-1-3p,ANKRD1,61.5086974753
hsa-miR-98-3p,ANKRD1,61.5086974753
hsa-miR-4325,ANKRD1,60.547
hsa-miR-548aj-3p,ANKRD1,59.2255
hsa-miR-548x-3p,ANKRD1,59.2255
hsa-miR-3658,ANKRD1,58.6596
hsa-miR-3920,ANKRD1,55.1491
hsa-miR-548ae-3p,ANKRD1,55.1278
hsa-miR-548ah-3p,ANKRD1,55.1278
hsa-miR-548am-3p,ANKRD1,55.1278
hsa-miR-548aq-3p,ANKRD1,55.1278
hsa-miR-548j-3p,ANKRD1,55.1278
hsa-miR-544a,ANKRD1,54.6086603206
hsa-miR-3664-5p,ANKRD1,54.4416
hsa-miR-4680-3p,ANKRD1,52.4057
hsa-miR-6748-3p,ANKRD1,51.422
hsa-miR-181a-2-3p,ANKRD1,50.9917
hsa-miR-1323,ANKRD1,50.0
hsa-miR-4766-5p,ANKRD1,50.0
hsa-miR-5708,ANKRD1,50.0
hsa-miR-5682,ANKRD13B,97.05955
hsa-miR-4447,ANKRD13B,95.8880311086416
hsa-miR-550b-2-5p,ANKRD13B,93.881190223
hsa-miR-210-5p,ANKRD13B,92.819892546391
hsa-miR-585-5p,ANKRD13B,92.54284
hsa-miR-1199-5p,ANKRD13B,91.5207430192144
hsa-miR-6751-3p,ANKRD13B,91.5207430192144
hsa-miR-767-5p,ANKRD13B,89.6068795425
hsa-miR-29a-3p,ANKRD13B,89.5876
hsa-miR-29b-3p,ANKRD13B,89.5876
hsa-miR-29c-3p,ANKRD13B,89.5876
hsa-miR-7113-3p,ANKRD13B,89.3331
hsa-miR-4472,ANKRD13B,87.9552176823863
hsa-miR-6756-5p,ANKRD13B,86.1610701160207
hsa-miR-599,ANKRD13B,85.4756933618824
hsa-miR-4254,ANKRD13B,81.6498
hsa-miR-3613-3p,ANKRD13B,81.2998
hsa-miR-4677-5p,ANKRD13B,81.2239
hsa-miR-455-5p,ANKRD13B,81.0
hsa-miR-6766-5p,ANKRD13B,80.3009543107653
hsa-miR-6848-5p,ANKRD13B,79.8095699851597
hsa-miR-6080,ANKRD13B,77.4992
hsa-miR-608,ANKRD13B,76.8270267883061
hsa-miR-4651,ANKRD13B,76.5420123078987
hsa-miR-3151-5p,ANKRD13B,76.0447649901569
hsa-miR-1275,ANKRD13B,74.3562029770718
hsa-miR-6846-5p,ANKRD13B,74.3555971515666
hsa-miR-6737-3p,ANKRD13B,73.3183824077
hsa-miR-6871-3p,ANKRD13B,72.4215
hsa-miR-92a-2-5p,ANKRD13B,72.1407442691625
hsa-miR-2110,ANKRD13B,71.58
hsa-miR-7157-3p,ANKRD13B,70.6169492898
hsa-miR-3605-3p,ANKRD13B,69.96
hsa-miR-330-5p,ANKRD13B,69.5649
hsa-miR-7106-5p,ANKRD13B,68.4145
hsa-miR-670-5p,ANKRD13B,68.402
hsa-miR-622,ANKRD13B,67.8820286977
hsa-miR-125a-5p,ANKRD13B,67.2030389364
hsa-miR-125b-5p,ANKRD13B,67.2030389364
hsa-miR-4319,ANKRD13B,67.2030389364
hsa-miR-6739-3p,ANKRD13B,65.425
hsa-miR-15a-5p,ANKRD13B,64.8688
hsa-miR-15b-5p,ANKRD13B,64.8688
hsa-miR-16-5p,ANKRD13B,64.8688
hsa-miR-195-5p,ANKRD13B,64.8688
hsa-miR-8073,ANKRD13B,64.7539412896
hsa-miR-326,ANKRD13B,64.0639
hsa-miR-149-5p,ANKRD13B,63.9997027341088
hsa-miR-3657,ANKRD13B,63.5132312254
hsa-miR-5008-3p,ANKRD13B,63.2678392074
hsa-miR-4723-5p,ANKRD13B,61.1461306433179
hsa-miR-5698,ANKRD13B,61.1461306433179
hsa-miR-6870-5p,ANKRD13B,61.1461306433179
hsa-miR-7111-5p,ANKRD13B,61.1461306433179
hsa-miR-4747-5p,ANKRD13B,60.6854501166795
hsa-miR-5196-5p,ANKRD13B,60.6854501166795
hsa-miR-5087,ANKRD13B,59.9444156815
hsa-miR-6742-5p,ANKRD13B,59.7659939744191
hsa-miR-3179,ANKRD13B,59.6074817087552
hsa-miR-1271-3p,ANKRD13B,57.9946876847828
hsa-miR-550a-3-5p,ANKRD13B,57.9946876847828
hsa-miR-550a-5p,ANKRD13B,57.9946876847828
hsa-miR-627-3p,ANKRD13B,57.9694
hsa-miR-3191-5p,ANKRD13B,57.6179
hsa-miR-4665-5p,ANKRD13B,57.4337216956766
hsa-miR-3085-3p,ANKRD13B,57.3736447282873
hsa-miR-296-5p,ANKRD13B,56.5402123432
hsa-miR-7156-5p,ANKRD13B,56.5253
hsa-miR-519a-3p,ANKRD13B,56.4745
hsa-miR-519b-3p,ANKRD13B,56.4745
hsa-miR-519c-3p,ANKRD13B,56.4745
hsa-miR-331-3p,ANKRD13B,56.3235392224
hsa-miR-424-5p,ANKRD13B,55.8757
hsa-miR-497-5p,ANKRD13B,55.8757
hsa-miR-6838-5p,ANKRD13B,55.8757
hsa-miR-221-5p,ANKRD13B,55.2854353096
hsa-miR-1913,ANKRD13B,55.2645789064
hsa-miR-1237-5p,ANKRD13B,54.7488967642
hsa-miR-4488,ANKRD13B,54.7488967642
hsa-miR-4697-5p,ANKRD13B,54.7488967642
hsa-miR-4273,ANKRD13B,52.8581
hsa-miR-548q,ANKRD13B,52.2088
hsa-miR-6823-3p,ANKRD13B,51.708
hsa-miR-6752-5p,ANKRD13B,51.3752578654
hsa-miR-130a-5p,ANKRD13B,51.2700838984
hsa-miR-3064-5p,ANKRD13B,51.2521061031559
hsa-miR-6504-5p,ANKRD13B,51.2521061031559
hsa-miR-3170,ANKRD13B,50.7929
hsa-miR-2682-3p,ANKRD13B,50.0
hsa-miR-4519,ANKRD13B,50.0
hsa-miR-6781-3p,ANKRD13B,50.0
hsa-miR-4251,ATF3,95.615817904
hsa-miR-6823-5p,ATF3,94.86821
hsa-miR-600,ATF3,92.67647
hsa-miR-6809-3p,ATF3,89.1109
hsa-miR-218-1-3p,ATF3,88.7034
hsa-miR-486-3p,ATF3,82.6482
hsa-miR-4778-3p,ATF3,82.456
hsa-miR-1261,ATF3,81.4681
hsa-miR-1199-5p,ATF3,81.0532632928
hsa-miR-6751-3p,ATF3,81.0532632928
hsa-miR-4422,ATF3,80.8865
hsa-miR-4435,ATF3,79.7992105288
hsa-miR-3163,ATF3,76.7038510635
hsa-miR-651-3p,ATF3,76.4890254861
hsa-miR-6868-3p,ATF3,76.0866
hsa-miR-4640-5p,ATF3,75.6083
hsa-miR-4726-5p,ATF3,75.3933
hsa-miR-4254,ATF3,74.814
hsa-miR-1267,ATF3,74.7636
hsa-miR-367-5p,ATF3,74.7636
hsa-miR-135a-5p,ATF3,73.0892
hsa-miR-135b-5p,ATF3,73.0892
hsa-miR-27a-3p,ATF3,72.6679
hsa-miR-27b-3p,ATF3,72.6679
hsa-miR-513a-5p,ATF3,72.6679
hsa-miR-9985,ATF3,72.6679
hsa-miR-6833-3p,ATF3,70.5048984536
hsa-miR-1289,ATF3,70.4798
hsa-miR-4303,ATF3,70.0288787026
hsa-miR-3200-5p,ATF3,69.7593
hsa-miR-4795-3p,ATF3,69.7106
hsa-miR-494-3p,ATF3,69.4457
hsa-miR-637,ATF3,69.2881000307403
hsa-miR-5010-3p,ATF3,69.0079
hsa-miR-489-3p,ATF3,66.6293
hsa-miR-4768-5p,ATF3,66.3279772056
hsa-miR-6761-5p,ATF3,65.3950575491
hsa-miR-7108-5p,ATF3,64.3584
hsa-miR-1248,ATF3,64.2833
hsa-miR-3660,ATF3,63.9495
hsa-miR-4526,ATF3,63.9495
hsa-miR-3662,ATF3,63.637
hsa-miR-661,ATF3,63.3726192907039
hsa-miR-3127-5p,ATF3,63.3419
hsa-miR-1238-5p,ATF3,62.437
hsa-miR-4758-5p,ATF3,62.437
hsa-miR-2115-3p,ATF3,62.2244
hsa-miR-3605-5p,ATF3,62.0916
hsa-miR-3679-5p,ATF3,62.0916
hsa-miR-4329,ATF3,61.652307642
hsa-miR-5009-3p,ATF3,60.6124
hsa-miR-181a-2-3p,ATF3,60.6004759235
hsa-miR-12128,ATF3,59.9197
hsa-miR-1185-5p,ATF3,59.8969
hsa-miR-6815-3p,ATF3,58.7883
hsa-miR-3692-5p,ATF3,58.7274571082
hsa-miR-6871-5p,ATF3,58.7146
hsa-miR-6849-3p,ATF3,58.6572
hsa-miR-503-3p,ATF3,58.2085
hsa-miR-1236-5p,ATF3,57.879988547
hsa-miR-6878-5p,ATF3,57.4052327480422
hsa-miR-3190-5p,ATF3,57.2876
hsa-miR-3690,ATF3,57.2553
hsa-miR-6731-5p,ATF3,57.0018222151628
hsa-miR-8085,ATF3,57.0018222151628
hsa-miR-4504,ATF3,55.87265
hsa-miR-542-3p,ATF3,55.5909
hsa-miR-4638-3p,ATF3,55.0439
hsa-miR-3194-3p,ATF3,54.639437376
hsa-miR-5692a,ATF3,54.3187
hsa-miR-8057,ATF3,54.1816
hsa-miR-3617-5p,ATF3,54.0188
hsa-miR-641,ATF3,54.0188
hsa-miR-4318,ATF3,53.950778496
hsa-miR-4753-5p,ATF3,53.8298
hsa-miR-1225-5p,ATF3,53.479830126
hsa-miR-3921,ATF3,53.1957
hsa-miR-4653-5p,ATF3,53.1957
hsa-miR-1299,ATF3,53.1471975363004
hsa-miR-1258,ATF3,52.8151
hsa-miR-6506-5p,ATF3,51.5666
hsa-miR-6509-3p,ATF3,51.4131437183
hsa-miR-1290,ATF3,51.1261
hsa-miR-760,ATF3,50.4262476946
hsa-miR-6882-3p,ATF3,50.3993569522
hsa-miR-5687,AXL,92.7958813879315
hsa-miR-34a-5p,AXL,85.9454
hsa-miR-4773,AXL,84.9813510311732
hsa-miR-34c-5p,AXL,83.0213
hsa-miR-4324,AXL,82.6018
hsa-miR-300,AXL,80.9394209244
hsa-miR-381-3p,AXL,80.9394209244
hsa-miR-449a,AXL,80.8316
hsa-miR-924,AXL,80.6288807678098
hsa-miR-4776-5p,AXL,79.3285
hsa-miR-4680-5p,AXL,78.6419898143
hsa-miR-9900,AXL,78.3924
hsa-miR-449b-5p,AXL,77.6682
hsa-miR-8081,AXL,77.3272
hsa-miR-510-3p,AXL,76.6294796164
hsa-miR-1273h-5p,AXL,76.5534923531891
hsa-miR-4728-5p,AXL,76.4499911503616
hsa-miR-500a-3p,AXL,75.979618885
hsa-miR-219b-3p,AXL,74.5432
hsa-miR-2355-5p,AXL,73.1995
hsa-miR-6780a-5p,AXL,71.8078126792761
hsa-miR-8067,AXL,71.58412226315
hsa-miR-6785-5p,AXL,71.5821869584028
hsa-miR-432-5p,AXL,70.9429995059347
hsa-miR-139-5p,AXL,70.842027683
hsa-miR-3156-5p,AXL,70.2152
hsa-miR-1200,AXL,69.4502
hsa-miR-30b-3p,AXL,69.2089745402228
hsa-miR-3689a-3p,AXL,69.2089745402228
hsa-miR-3689b-3p,AXL,69.2089745402228
hsa-miR-3689c,AXL,69.2089745402228
hsa-miR-6779-5p,AXL,69.2089745402228
hsa-miR-574-5p,AXL,68.3172
hsa-miR-7106-5p,AXL,68.3018919730233
hsa-miR-149-3p,AXL,67.7617553203671
hsa-miR-6883-5p,AXL,67.7617553203671
hsa-miR-3142,AXL,67.22621734
hsa-miR-4535,AXL,66.59525
hsa-miR-6508-5p,AXL,65.8559839896001
hsa-miR-608,AXL,65.6794
hsa-miR-6733-5p,AXL,65.122977215
hsa-miR-6739-5p,AXL,65.122977215
hsa-miR-6825-5p,AXL,64.3169731464
hsa-miR-517-5p,AXL,64.023541496
hsa-miR-1296-3p,AXL,63.866
hsa-miR-6505-5p,AXL,63.8234956768
hsa-miR-4453,AXL,63.6348
hsa-miR-4538,AXL,63.6348
hsa-let-7a-3p,AXL,63.5792151072
hsa-let-7b-3p,AXL,63.5792151072
hsa-let-7f-1-3p,AXL,63.5792151072
hsa-miR-98-3p,AXL,63.5792151072
hsa-miR-383-3p,AXL,62.6527
hsa-miR-7843-3p,AXL,62.6375
hsa-miR-10522-5p,AXL,62.3351
hsa-miR-32-5p,AXL,61.8972984487238
hsa-miR-92a-3p,AXL,61.8972984487238
hsa-miR-92b-3p,AXL,61.8972984487238
hsa-miR-518d-5p,AXL,61.8403857570362
hsa-miR-518e-5p,AXL,61.8403857570362
hsa-miR-518f-5p,AXL,61.8403857570362
hsa-miR-519a-5p,AXL,61.8403857570362
hsa-miR-519b-5p,AXL,61.8403857570362
hsa-miR-519c-5p,AXL,61.8403857570362
hsa-miR-520c-5p,AXL,61.8403857570362
hsa-miR-522-5p,AXL,61.8403857570362
hsa-miR-523-5p,AXL,61.8403857570362
hsa-miR-526a-5p,AXL,61.8403857570362
hsa-miR-6799-5p,AXL,61.7832063044334
hsa-miR-4745-3p,AXL,61.5003
hsa-miR-659-5p,AXL,60.716113735
hsa-miR-627-5p,AXL,60.5228
hsa-miR-363-3p,AXL,59.61941410392
hsa-miR-367-3p,AXL,59.61941410392
hsa-miR-25-3p,AXL,59.2355510536825
hsa-miR-3123,AXL,58.5333991739935
hsa-miR-1538,AXL,58.5281
hsa-miR-4800-5p,AXL,58.2092
hsa-miR-1-3p,AXL,57.859
hsa-miR-206,AXL,57.859
hsa-miR-7161-3p,AXL,57.3819
hsa-miR-619-5p,AXL,57.2729
hsa-miR-6506-5p,AXL,57.2729
hsa-miR-5683,AXL,56.7172
hsa-miR-4433a-3p,AXL,56.6933
hsa-miR-3613-3p,AXL,56.4186351268
hsa-miR-3153,AXL,55.9205
hsa-miR-33a-5p,AXL,55.6187
hsa-miR-33b-5p,AXL,55.6187
hsa-miR-6829-5p,AXL,55.2099
hsa-miR-3919,AXL,54.9851503593237
hsa-miR-4539,AXL,54.4698
hsa-miR-4284,AXL,53.3237710444
hsa-miR-6853-5p,AXL,53.0323
hsa-miR-6501-3p,AXL,53.019562184
hsa-miR-3612,AXL,52.94972764
hsa-miR-650,AXL,52.94972764
hsa-miR-1245b-5p,AXL,52.436746624
hsa-miR-12113,AXL,52.3879
hsa-miR-1264,AXL,52.2975
hsa-miR-11399,AXL,52.0271
hsa-miR-3188,AXL,51.9921
hsa-miR-200a-5p,AXL,51.5598
hsa-miR-200b-5p,AXL,51.5598
hsa-miR-5684,AXL,51.3647584143
hsa-miR-520g-5p,AXL,51.1086899478196
hsa-miR-4651,AXL,51.0826
hsa-miR-548aa,AXL,50.0091090196
hsa-miR-548ap-3p,AXL,50.0091090196
hsa-miR-548t-3p,AXL,50.0091090196
hsa-miR-499a-3p,AXL,50.0
hsa-miR-499b-3p,AXL,50.0
hsa-miR-613,AXL,50.0
hsa-miR-9902,AXL,50.0
hsa-miR-4723-5p,CDHR5,71.6162231783029
hsa-miR-5698,CDHR5,71.6162231783029
hsa-miR-6870-5p,CDHR5,71.6162231783029
hsa-miR-7111-5p,CDHR5,71.6162231783029
hsa-miR-3978,CDHR5,67.6377
hsa-miR-1275,CDHR5,65.676358071878
hsa-miR-6859-3p,CDHR5,64.444158122
hsa-miR-6827-5p,CDHR5,59.6799434558057
hsa-miR-376a-2-5p,CDHR5,58.4363
hsa-miR-3665,CDHR5,56.3346199606872
hsa-miR-623,CDHR5,56.1935
hsa-miR-3199,CDHR5,55.8101
hsa-miR-8052,CDHR5,55.8101
hsa-miR-4437,CDHR5,54.2247488288
hsa-miR-661,CDHR5,54.0492963508
hsa-miR-5004-3p,CHL1,99.5370099258781
hsa-miR-6516-3p,CHL1,98.4399747596234
hsa-miR-570-3p,CHL1,97.8306922579171
hsa-miR-1305,CHL1,97.8085608396198
hsa-miR-3148,CHL1,96.8054084044206
hsa-miR-12135,CHL1,96.7734109248729
hsa-miR-302c-5p,CHL1,96.319146263
hsa-let-7c-3p,CHL1,95.7991588181717
hsa-miR-3920,CHL1,95.76621206273
hsa-miR-4742-5p,CHL1,94.67725360072
hsa-miR-6731-3p,CHL1,94.217231909
hsa-miR-30a-5p,CHL1,94.0613327086
hsa-miR-30b-5p,CHL1,94.0613327086
hsa-miR-30c-5p,CHL1,94.0613327086
hsa-miR-30d-5p,CHL1,94.0613327086
hsa-miR-30e-5p,CHL1,94.0613327086
hsa-miR-510-3p,CHL1,93.9089090065334
hsa-miR-1236-3p,CHL1,93.84925
hsa-miR-3163,CHL1,93.4799950967339
hsa-miR-7154-5p,CHL1,93.29155658848
hsa-miR-19a-5p,CHL1,93.2489374754
hsa-miR-19b-1-5p,CHL1,93.2489374754
hsa-miR-19b-2-5p,CHL1,93.2489374754
hsa-miR-5692a,CHL1,93.1769889739789
hsa-miR-4803,CHL1,93.1175593242879
hsa-miR-153-5p,CHL1,92.6539564936954
hsa-miR-3672,CHL1,92.040044164
hsa-miR-6864-3p,CHL1,92.040044164
hsa-miR-1285-3p,CHL1,91.82529
hsa-miR-5189-5p,CHL1,91.82529
hsa-miR-4738-3p,CHL1,91.6647315946
hsa-miR-3187-5p,CHL1,91.62039
hsa-miR-612,CHL1,91.62039
hsa-miR-6860,CHL1,91.62039
hsa-miR-8076,CHL1,91.387958797
hsa-miR-8087,CHL1,91.203080656
hsa-miR-4782-5p,CHL1,89.5623021058
hsa-miR-5706,CHL1,89.5623021058
hsa-miR-3680-3p,CHL1,89.1562
hsa-miR-140-3p,CHL1,87.6254009762
hsa-miR-4282,CHL1,87.3464
hsa-miR-4659a-3p,CHL1,87.2226863704
hsa-miR-4659b-3p,CHL1,87.2226863704
hsa-miR-4256,CHL1,87.0297516831804
hsa-miR-3143,CHL1,86.6997288704
hsa-miR-449c-3p,CHL1,86.2776
hsa-miR-130a-5p,CHL1,85.9279748812903
hsa-miR-4307,CHL1,85.4209
hsa-miR-5581-3p,CHL1,83.7659098486794
hsa-miR-5680,CHL1,83.706107154
hsa-miR-548ai,CHL1,83.6885377979028
hsa-miR-570-5p,CHL1,83.6885377979028
hsa-miR-4262,CHL1,83.3512464020315
hsa-miR-11181-5p,CHL1,83.2874542133112
hsa-miR-15b-3p,CHL1,83.1730365808
hsa-miR-10527-5p,CHL1,82.9657646542561
hsa-miR-1277-5p,CHL1,82.7516113876467
hsa-miR-6077,CHL1,82.5717529671
hsa-miR-7702,CHL1,82.3885
hsa-miR-330-5p,CHL1,82.1229
hsa-miR-329-3p,CHL1,81.8137
hsa-miR-362-3p,CHL1,81.8137
hsa-miR-6512-5p,CHL1,81.618917302
hsa-miR-8060,CHL1,81.5972226590613
hsa-miR-3663-3p,CHL1,81.2964
hsa-miR-649,CHL1,81.2587493123122
hsa-miR-6885-3p,CHL1,81.239817004368
hsa-miR-326,CHL1,80.9926
hsa-miR-3978,CHL1,80.886
hsa-miR-27a-3p,CHL1,80.8526058274
hsa-miR-27b-3p,CHL1,80.8526058274
hsa-miR-513a-5p,CHL1,80.786
hsa-miR-340-5p,CHL1,79.7227019261086
hsa-miR-6515-3p,CHL1,79.5675
hsa-miR-5583-3p,CHL1,79.2581001175798
hsa-miR-3609,CHL1,78.9697937015
hsa-miR-548ah-5p,CHL1,78.9697937015
hsa-miR-338-5p,CHL1,78.768402634
hsa-miR-181a-5p,CHL1,78.7145515075801
hsa-miR-181b-5p,CHL1,78.7145515075801
hsa-miR-181c-5p,CHL1,78.7145515075801
hsa-miR-181d-5p,CHL1,78.7145515075801
hsa-miR-4725-5p,CHL1,78.6498
hsa-miR-504-5p,CHL1,78.6498
hsa-miR-3660,CHL1,78.3677
hsa-miR-4526,CHL1,78.3677
hsa-miR-4275,CHL1,78.1994
hsa-miR-3667-5p,CHL1,78.0117
hsa-miR-548aw,CHL1,77.8967531078
hsa-miR-4762-3p,CHL1,77.8480815537877
hsa-miR-200a-5p,CHL1,77.580281944
hsa-miR-200b-5p,CHL1,77.580281944
hsa-miR-4652-5p,CHL1,77.401
hsa-miR-3620-3p,CHL1,77.3993
hsa-miR-3144-3p,CHL1,77.0629
hsa-miR-548ag,CHL1,76.9944212392059
hsa-miR-548ba,CHL1,76.9944212392059
hsa-miR-568,CHL1,76.884071125
hsa-miR-8055,CHL1,76.8325510383
hsa-miR-653-5p,CHL1,76.6425518269
hsa-miR-1229-3p,CHL1,76.4045240464
hsa-miR-4666a-3p,CHL1,75.997533247
hsa-miR-9902,CHL1,75.8720063278
hsa-miR-1250-3p,CHL1,75.7743159037145
hsa-miR-3662,CHL1,75.0668553625
hsa-miR-3622a-3p,CHL1,74.9492
hsa-miR-3622b-3p,CHL1,74.9492
hsa-miR-3915,CHL1,74.7085798105
hsa-miR-4755-5p,CHL1,74.5774
hsa-miR-5006-3p,CHL1,74.5774
hsa-miR-3139,CHL1,74.0853
hsa-miR-936,CHL1,74.004143966
hsa-miR-873-3p,CHL1,73.7696703280136
hsa-miR-4753-3p,CHL1,73.662236596
hsa-miR-218-5p,CHL1,73.5900246268
hsa-miR-182-5p,CHL1,73.3611
hsa-miR-9985,CHL1,73.2249115237
hsa-miR-548c-3p,CHL1,73.153597947
hsa-miR-6875-3p,CHL1,72.5343645247
hsa-miR-629-3p,CHL1,72.5101
hsa-miR-548p,CHL1,72.4458425117216
hsa-miR-4328,CHL1,72.2215585459101
hsa-miR-12136,CHL1,72.0193651701683
hsa-miR-5009-3p,CHL1,71.8484
hsa-miR-670-5p,CHL1,71.7122
hsa-miR-4699-5p,CHL1,71.6694
hsa-miR-590-3p,CHL1,71.6040841782104
hsa-miR-3182,CHL1,71.50415
hsa-miR-4504,CHL1,71.3906
hsa-miR-6715b-3p,CHL1,71.0184
hsa-miR-7159-5p,CHL1,70.8776724475575
hsa-miR-571,CHL1,70.7105
hsa-miR-29a-5p,CHL1,70.5211533463
hsa-miR-582-5p,CHL1,70.3961
hsa-miR-548as-3p,CHL1,70.2049604632811
hsa-miR-4514,CHL1,70.1629269664
hsa-miR-28-5p,CHL1,70.0594
hsa-miR-708-5p,CHL1,70.0594
hsa-miR-499a-5p,CHL1,69.8839038432
hsa-miR-146b-3p,CHL1,69.8787
hsa-miR-548at-5p,CHL1,69.7767603832
hsa-miR-548m,CHL1,69.7764494045031
hsa-miR-3914,CHL1,69.7148142808
hsa-miR-345-3p,CHL1,69.5328
hsa-miR-3668,CHL1,69.1547
hsa-miR-2052,CHL1,69.0367824652
hsa-miR-6842-5p,CHL1,68.9722
hsa-miR-7110-5p,CHL1,68.9722
hsa-miR-4670-3p,CHL1,68.9135
hsa-miR-6804-3p,CHL1,68.5774
hsa-miR-3942-3p,CHL1,68.4987
hsa-miR-6514-3p,CHL1,68.309734312
hsa-miR-4269,CHL1,68.2905276145
hsa-miR-6715b-5p,CHL1,68.2905276145
hsa-miR-205-3p,CHL1,68.0067559648
hsa-miR-12129,CHL1,67.7602208068
hsa-miR-3145-3p,CHL1,67.3859179436
hsa-miR-6752-5p,CHL1,67.2526
hsa-miR-151a-3p,CHL1,66.7008
hsa-miR-496,CHL1,66.6376
hsa-miR-6811-3p,CHL1,66.160564267
hsa-miR-335-3p,CHL1,65.5498
hsa-miR-6772-3p,CHL1,65.4142
hsa-miR-4447,CHL1,65.0433
hsa-miR-214-5p,CHL1,65.0031224144
hsa-miR-4795-3p,CHL1,64.4188975744
hsa-let-7a-3p,CHL1,64.377858207
hsa-let-7b-3p,CHL1,64.377858207
hsa-let-7f-1-3p,CHL1,64.377858207
hsa-miR-98-3p,CHL1,64.377858207
hsa-miR-4517,CHL1,64.2529688268518
hsa-miR-23a-3p,CHL1,64.1828
hsa-miR-23b-3p,CHL1,64.1828
hsa-miR-433-3p,CHL1,63.8902
hsa-miR-3192-3p,CHL1,63.7296858836
hsa-miR-548ac,CHL1,63.5348061241794
hsa-miR-548bb-3p,CHL1,63.5348061241794
hsa-miR-548d-3p,CHL1,63.5348061241794
hsa-miR-548h-3p,CHL1,63.5348061241794
hsa-miR-548z,CHL1,63.5348061241794
hsa-miR-6737-5p,CHL1,63.1126
hsa-miR-6819-5p,CHL1,63.1126
hsa-miR-4495,CHL1,62.6091013882
hsa-miR-5010-3p,CHL1,62.5228779932
hsa-miR-605-5p,CHL1,62.1801
hsa-miR-337-3p,CHL1,62.0481
hsa-miR-6812-5p,CHL1,62.0084
hsa-miR-323a-3p,CHL1,61.9649
hsa-miR-642a-5p,CHL1,61.962
hsa-miR-548e-5p,CHL1,61.871960464
hsa-miR-532-5p,CHL1,61.8594
hsa-miR-4277,CHL1,61.7115630704
hsa-miR-32-3p,CHL1,61.6680788868395
hsa-miR-4775,CHL1,61.660370017612
hsa-miR-4452,CHL1,61.6256041735
hsa-miR-183-3p,CHL1,61.5616526404
hsa-miR-561-3p,CHL1,61.383151336
hsa-miR-520d-5p,CHL1,61.312568195
hsa-miR-524-5p,CHL1,61.312568195
hsa-miR-202-5p,CHL1,61.2105
hsa-miR-607,CHL1,60.9396120806
hsa-miR-587,CHL1,60.6046
hsa-miR-548aj-3p,CHL1,60.5182065056449
hsa-miR-548x-3p,CHL1,60.5182065056449
hsa-miR-6505-3p,CHL1,60.4883
hsa-miR-376a-2-5p,CHL1,60.472616068
hsa-miR-490-3p,CHL1,59.7836972228
hsa-miR-148a-5p,CHL1,59.6206958
hsa-miR-4692,CHL1,59.3869509113
hsa-miR-3123,CHL1,59.3459149312
hsa-miR-23c,CHL1,59.1423
hsa-miR-16-2-3p,CHL1,58.8406
hsa-miR-195-3p,CHL1,58.8406
hsa-miR-338-3p,CHL1,58.443158542
hsa-miR-6715a-3p,CHL1,58.2906
hsa-miR-300,CHL1,57.8505593249958
hsa-miR-381-3p,CHL1,57.8505593249958
hsa-miR-4718,CHL1,57.5074
hsa-miR-190b-3p,CHL1,56.8345
hsa-miR-4432,CHL1,56.4561830537
hsa-miR-4472,CHL1,56.1691
hsa-miR-30a-3p,CHL1,56.0971718545
hsa-miR-30d-3p,CHL1,56.0971718545
hsa-miR-30e-3p,CHL1,56.0971718545
hsa-miR-6826-3p,CHL1,55.3992
hsa-miR-33a-3p,CHL1,55.3312285364
hsa-miR-2681-5p,CHL1,55.3080784664
hsa-miR-548ae-3p,CHL1,55.2175476417021
hsa-miR-548ah-3p,CHL1,55.2175476417021
hsa-miR-548am-3p,CHL1,55.2175476417021
hsa-miR-548aq-3p,CHL1,55.2175476417021
hsa-miR-548j-3p,CHL1,55.2175476417021
hsa-miR-518c-5p,CHL1,55.1642051761
hsa-miR-1468-3p,CHL1,55.1378
hsa-miR-5699-3p,CHL1,54.6826
hsa-miR-219a-1-3p,CHL1,54.302227132
hsa-miR-10523-5p,CHL1,54.2244563928
hsa-miR-4263,CHL1,54.080071464
hsa-miR-576-5p,CHL1,54.080071464
hsa-miR-1290,CHL1,54.062559729
hsa-miR-3184-5p,CHL1,53.8947
hsa-miR-423-5p,CHL1,53.8947
hsa-miR-10a-5p,CHL1,53.7397
hsa-miR-10b-5p,CHL1,53.7397
hsa-miR-1178-3p,CHL1,53.7101
hsa-miR-5697,CHL1,53.647753117
hsa-miR-3202,CHL1,53.5771
hsa-miR-4533,CHL1,53.5771
hsa-miR-6747-3p,CHL1,53.4731
hsa-miR-6073,CHL1,53.4303
hsa-miR-3133,CHL1,53.1003
hsa-miR-379-3p,CHL1,52.858925011
hsa-miR-380-3p,CHL1,52.858925011
hsa-miR-411-3p,CHL1,52.858925011
hsa-miR-410-3p,CHL1,52.8280169121
hsa-miR-7159-3p,CHL1,52.6218863420297
hsa-miR-4731-5p,CHL1,52.6088
hsa-miR-122b-3p,CHL1,52.595603084
hsa-miR-21-3p,CHL1,52.595603084
hsa-miR-130b-5p,CHL1,51.9694607965
hsa-miR-4446-5p,CHL1,51.7003355152
hsa-miR-4448,CHL1,50.8392
hsa-miR-8065,CHL1,50.1877296441
hsa-miR-1206,CHL1,50.1492334456
hsa-miR-10399-5p,CHL1,50.0
hsa-miR-526b-5p,CHL1,50.0
hsa-miR-5682,CHL1,50.0
hsa-miR-585-5p,CHL1,50.0
hsa-miR-6504-3p,CHL1,50.0
hsa-miR-3149,CRISP3,91.65388
hsa-miR-552-5p,CRISP3,89.4758
hsa-miR-4677-5p,CRISP3,87.5272738225
hsa-miR-493-5p,CRISP3,86.4131
hsa-miR-5011-5p,CRISP3,85.6395
hsa-miR-5089-5p,CRISP3,85.4359
hsa-miR-4328,CRISP3,84.4228571973535
hsa-miR-3194-5p,CRISP3,83.1871
hsa-miR-545-5p,CRISP3,82.6721
hsa-miR-182-5p,CRISP3,82.6414
hsa-miR-508-5p,CRISP3,81.7368046906
hsa-miR-3606-5p,CRISP3,80.736534784
hsa-miR-190a-3p,CRISP3,79.2861
hsa-miR-548c-3p,CRISP3,77.2305864096967
hsa-miR-6777-3p,CRISP3,75.484
hsa-miR-520e-5p,CRISP3,75.0608478208
hsa-miR-4474-5p,CRISP3,74.8916
hsa-miR-6787-3p,CRISP3,74.8877
hsa-miR-4687-5p,CRISP3,74.5140597932
hsa-miR-582-5p,CRISP3,73.7899
hsa-miR-551b-5p,CRISP3,73.2604355413721
hsa-miR-7856-5p,CRISP3,73.0392
hsa-miR-4668-3p,CRISP3,72.746
hsa-miR-10395-3p,CRISP3,71.4519614365
hsa-miR-630,CRISP3,71.4482
hsa-miR-33a-5p,CRISP3,70.0543060588
hsa-miR-33b-5p,CRISP3,70.0543060588
hsa-miR-3151-3p,CRISP3,68.3267
hsa-miR-3160-5p,CRISP3,65.8884
hsa-miR-4477b,CRISP3,65.7822
hsa-miR-4282,CRISP3,64.99961261295
hsa-miR-4457,CRISP3,64.2053
hsa-miR-4445-5p,CRISP3,62.9014059775
hsa-miR-6739-3p,CRISP3,62.6300755984
hsa-miR-4755-5p,CRISP3,61.3099894555
hsa-miR-5006-3p,CRISP3,61.3099894555
hsa-miR-335-3p,CRISP3,60.6109191172
hsa-miR-129-1-3p,CRISP3,60.3468176982
hsa-miR-129-2-3p,CRISP3,60.3468176982
hsa-miR-6779-3p,CRISP3,60.3468176982
hsa-miR-5002-5p,CRISP3,60.2567
hsa-miR-4662a-3p,CRISP3,58.7381
hsa-miR-3183,CRISP3,58.6034
hsa-miR-4723-3p,CRISP3,58.6034
hsa-miR-6769b-3p,CRISP3,58.6034
hsa-miR-656-3p,CRISP3,57.1602
hsa-miR-1238-5p,CRISP3,56.2635
hsa-miR-4758-5p,CRISP3,56.2635
hsa-miR-3614-5p,CRISP3,54.4769
hsa-miR-500b-3p,CRISP3,53.9079
hsa-miR-4284,CRISP3,53.7745
hsa-miR-12127,CRISP3,52.8101
hsa-miR-548at-5p,CRISP3,51.2695
hsa-miR-203a-3p,CRISP3,51.0396
hsa-miR-12133,CRISP3,51.0016
hsa-miR-1257,CRISP3,50.0
hsa-miR-4266,CRISP3,50.0
hsa-miR-182-5p,CTTN,99.481939493915
hsa-miR-96-5p,CTTN,98.4047929403
hsa-miR-12133,CTTN,98.35586060896
hsa-miR-548e-5p,CTTN,98.25644
hsa-miR-1271-5p,CTTN,98.09775804286
hsa-miR-3613-3p,CTTN,97.9971130289036
hsa-miR-495-5p,CTTN,97.61753
hsa-miR-4470,CTTN,97.53795613
hsa-miR-4711-5p,CTTN,94.94701702405
hsa-miR-338-5p,CTTN,94.2750623686
hsa-miR-548aa,CTTN,92.8521096459958
hsa-miR-548ap-3p,CTTN,92.8521096459958
hsa-miR-548t-3p,CTTN,92.8521096459958
hsa-miR-548as-3p,CTTN,90.485791764739
hsa-miR-3685,CTTN,88.4557
hsa-miR-545-3p,CTTN,87.6443
hsa-miR-10393-5p,CTTN,86.5577
hsa-miR-7114-5p,CTTN,85.7547
hsa-miR-134-3p,CTTN,85.2080462574
hsa-miR-33a-3p,CTTN,83.5797
hsa-miR-142-3p,CTTN,82.8231
hsa-miR-548v,CTTN,82.3375
hsa-miR-4775,CTTN,80.8311
hsa-miR-4680-3p,CTTN,79.7752
hsa-miR-1224-3p,CTTN,78.0441642364
hsa-miR-6776-5p,CTTN,77.2711
hsa-miR-3614-3p,CTTN,75.5458
hsa-miR-4422,CTTN,73.1143061836
hsa-miR-6728-3p,CTTN,70.4108
hsa-miR-32-3p,CTTN,68.7235
hsa-miR-6887-3p,CTTN,67.7074
hsa-miR-548p,CTTN,65.6687414805703
hsa-miR-3942-3p,CTTN,65.6434
hsa-miR-448,CTTN,63.7799
hsa-miR-4766-3p,CTTN,62.1262
hsa-miR-939-3p,CTTN,61.9364924053
hsa-miR-382-5p,CTTN,59.0603
hsa-miR-4289,CTTN,58.4047
hsa-miR-187-5p,CTTN,57.7757
hsa-miR-221-3p,CTTN,57.7757
hsa-miR-222-3p,CTTN,57.7757
hsa-miR-6826-3p,CTTN,56.7351
hsa-miR-1207-5p,CTTN,55.3667
hsa-miR-4763-3p,CTTN,55.3667
hsa-miR-4793-3p,CTTN,54.7319835133228
hsa-miR-548l,CTTN,54.6376
hsa-miR-3681-5p,CTTN,54.5364
hsa-miR-6849-5p,CTTN,54.5364
hsa-miR-12117,CTTN,54.4667
hsa-miR-1229-5p,CTTN,53.9682
hsa-miR-3163,CTTN,53.71043566
hsa-miR-548c-3p,CTTN,53.4644
hsa-miR-4666a-3p,CTTN,52.3612
hsa-miR-154-3p,CTTN,51.7344
hsa-miR-487a-3p,CTTN,51.7344
hsa-miR-8070,CTTN,51.3544
hsa-miR-548ac,CTTN,51.2957692691881
hsa-miR-548bb-3p,CTTN,51.2957692691881
hsa-miR-548d-3p,CTTN,51.2957692691881
hsa-miR-548h-3p,CTTN,51.2957692691881
hsa-miR-548z,CTTN,51.2957692691881
hsa-miR-4481,CTTN,50.6503239243
hsa-miR-1250-3p,CTTN,50.0
hsa-miR-3144-5p,ECEL1,90.9057432817
hsa-miR-3184-5p,ECEL1,75.9938194945
hsa-miR-423-5p,ECEL1,75.9938194945
hsa-miR-7854-3p,ECEL1,69.6635
hsa-miR-4492,ECEL1,64.8887670296
hsa-miR-4763-5p,ECEL1,62.9866
hsa-miR-3689d,ECEL1,58.6097
hsa-miR-6851-5p,ECEL1,58.6097
hsa-miR-4447,ECEL1,58.0369
hsa-miR-4652-5p,ECEL1,57.8632
hsa-miR-3191-3p,ECEL1,56.4724
hsa-miR-148a-3p,ECEL1,55.5276
hsa-miR-148b-3p,ECEL1,55.5276
hsa-miR-152-3p,ECEL1,55.5276
hsa-miR-762,ECEL1,54.1656437969
hsa-miR-1237-5p,ECEL1,52.7757
hsa-miR-4488,ECEL1,52.7757
hsa-miR-4697-5p,ECEL1,52.7757
hsa-miR-4700-5p,ECEL1,52.1497
hsa-miR-6858-3p,ECEL1,50.7716
hsa-miR-4498,ECEL1,50.6760129691
hsa-miR-5001-5p,ECEL1,50.6760129691
hsa-miR-6867-5p,FLNC,99.996772133983
hsa-miR-891a-3p,FLNC,81.5958
hsa-miR-558,FLNC,80.9523
hsa-miR-6846-5p,FLNC,79.2485396765
hsa-miR-6797-3p,FLNC,76.5633
hsa-miR-19a-3p,FLNC,76.2865
hsa-miR-19b-3p,FLNC,76.2865
hsa-miR-6076,FLNC,74.8567
hsa-miR-486-3p,FLNC,74.1105
hsa-miR-3665,FLNC,72.7151
hsa-miR-6848-5p,FLNC,69.3359623438
hsa-miR-4659a-3p,FLNC,67.9878
hsa-miR-4659b-3p,FLNC,67.9878
hsa-miR-3691-3p,FLNC,63.4072513903
hsa-miR-548aj-5p,FLNC,62.0447
hsa-miR-548f-5p,FLNC,62.0447
hsa-miR-548g-5p,FLNC,62.0447
hsa-miR-548x-5p,FLNC,62.0447
hsa-miR-3934-5p,FLNC,61.9373
hsa-miR-142-3p,FLNC,61.3495
hsa-miR-6764-5p,FLNC,60.5464
hsa-miR-6825-5p,FLNC,60.259441027
hsa-miR-147a,FLNC,59.119423621
hsa-miR-4447,FLNC,56.8105
hsa-miR-644a,FLNC,55.3894486312
hsa-miR-4736,FLNC,55.1416
hsa-miR-1972,FLNC,53.1357423536423
hsa-miR-942-5p,FLNC,51.6828
hsa-miR-1237-5p,FLNC,51.3484
hsa-miR-4488,FLNC,51.3484
hsa-miR-4697-5p,FLNC,51.3484
hsa-miR-5010-3p,FLNC,51.0424
hsa-miR-6802-3p,FLNC,50.8921
hsa-miR-4477b,FLRT3,99.19068757606
hsa-miR-323a-3p,FLRT3,99.1778882049818
hsa-miR-335-3p,FLRT3,98.2987397726395
hsa-miR-101-3p,FLRT3,97.9296105796
hsa-miR-7856-5p,FLRT3,97.0711138976
hsa-miR-6882-5p,FLRT3,96.1924115511225
hsa-miR-4633-5p,FLRT3,94.82291085836
hsa-miR-548ad-5p,FLRT3,94.6594865022
hsa-miR-548ae-5p,FLRT3,94.6594865022
hsa-miR-548ak,FLRT3,94.6594865022
hsa-miR-548am-5p,FLRT3,94.6594865022
hsa-miR-548as-5p,FLRT3,94.6594865022
hsa-miR-548au-5p,FLRT3,94.6594865022
hsa-miR-548ay-5p,FLRT3,94.6594865022
hsa-miR-548b-5p,FLRT3,94.6594865022
hsa-miR-548bb-5p,FLRT3,94.6594865022
hsa-miR-548c-5p,FLRT3,94.6594865022
hsa-miR-548d-5p,FLRT3,94.6594865022
hsa-miR-548h-5p,FLRT3,94.6594865022
hsa-miR-548o-5p,FLRT3,94.6594865022
hsa-miR-548w,FLRT3,94.6594865022
hsa-miR-653-5p,FLRT3,94.41440923558
hsa-miR-936,FLRT3,93.8767274540213
hsa-miR-548a-5p,FLRT3,93.8567995486
hsa-miR-548ab,FLRT3,93.8567995486
hsa-miR-548ap-5p,FLRT3,93.8567995486
hsa-miR-548aq-5p,FLRT3,93.8567995486
hsa-miR-548ar-5p,FLRT3,93.8567995486
hsa-miR-548i,FLRT3,93.8567995486
hsa-miR-548j-5p,FLRT3,93.8567995486
hsa-miR-548y,FLRT3,93.8567995486
hsa-miR-559,FLRT3,93.8567995486
hsa-miR-4773,FLRT3,93.5545262886
hsa-miR-875-3p,FLRT3,92.72532
hsa-miR-510-3p,FLRT3,92.3195
hsa-miR-5584-3p,FLRT3,92.30965
hsa-miR-6516-5p,FLRT3,91.92927
hsa-miR-4282,FLRT3,91.6814187149896
hsa-miR-6853-3p,FLRT3,91.232171308
hsa-miR-542-3p,FLRT3,91.01029
hsa-miR-3191-5p,FLRT3,90.7724329279
hsa-miR-196a-3p,FLRT3,89.5216
hsa-miR-4645-3p,FLRT3,89.3417
hsa-miR-550b-3p,FLRT3,89.3302
hsa-miR-8076,FLRT3,89.2143
hsa-miR-3973,FLRT3,89.0494
hsa-miR-8084,FLRT3,88.949
hsa-miR-5010-3p,FLRT3,88.2638134775764
hsa-miR-124-5p,FLRT3,88.1133332652
hsa-miR-3157-5p,FLRT3,88.0454070838
hsa-miR-2116-5p,FLRT3,86.8961
hsa-miR-374c-5p,FLRT3,85.9928076176
hsa-miR-655-3p,FLRT3,85.9928076176
hsa-miR-224-3p,FLRT3,85.0466
hsa-miR-522-3p,FLRT3,85.0466
hsa-miR-548ah-5p,FLRT3,84.4208533823
hsa-miR-548n,FLRT3,84.4066742264
hsa-miR-3609,FLRT3,83.6733657369
hsa-miR-148a-5p,FLRT3,83.6279
hsa-miR-4804-3p,FLRT3,83.5298
hsa-let-7a-2-3p,FLRT3,83.2630223155
hsa-let-7g-3p,FLRT3,83.2630223155
hsa-miR-320a-3p,FLRT3,82.025
hsa-miR-320b,FLRT3,82.025
hsa-miR-320c,FLRT3,82.025
hsa-miR-320d,FLRT3,82.025
hsa-miR-4429,FLRT3,82.025
hsa-miR-1305,FLRT3,81.4172632473731
hsa-miR-548az-5p,FLRT3,81.3287826014625
hsa-miR-548t-5p,FLRT3,81.3287826014625
hsa-miR-27a-3p,FLRT3,80.8296
hsa-miR-27b-3p,FLRT3,80.8296
hsa-miR-9985,FLRT3,80.8296
hsa-miR-199a-5p,FLRT3,80.6115
hsa-miR-199b-5p,FLRT3,80.6115
hsa-miR-5582-5p,FLRT3,80.5443
hsa-miR-4291,FLRT3,80.5048
hsa-miR-651-3p,FLRT3,80.4734944076
hsa-miR-183-5p,FLRT3,80.1831
hsa-miR-4759,FLRT3,79.5842
hsa-miR-19a-5p,FLRT3,79.3844
hsa-miR-19b-1-5p,FLRT3,79.3844
hsa-miR-19b-2-5p,FLRT3,79.3844
hsa-miR-6811-3p,FLRT3,78.4744
hsa-miR-12136,FLRT3,77.6115
hsa-miR-3171,FLRT3,76.9331
hsa-miR-4695-3p,FLRT3,76.5042
hsa-miR-5007-3p,FLRT3,76.381279056
hsa-miR-144-3p,FLRT3,75.8581628575
hsa-miR-3922-5p,FLRT3,75.8566
hsa-miR-4448,FLRT3,75.0539
hsa-miR-659-3p,FLRT3,75.0115
hsa-miR-6844,FLRT3,74.8639
hsa-miR-6079,FLRT3,72.1517
hsa-miR-1306-5p,FLRT3,71.8436
hsa-miR-224-5p,FLRT3,71.6371
hsa-miR-5089-3p,FLRT3,71.6045
hsa-miR-3180-5p,FLRT3,71.5276
hsa-miR-193a-3p,FLRT3,71.353
hsa-miR-193b-3p,FLRT3,71.353
hsa-miR-1279,FLRT3,71.278
hsa-miR-4738-3p,FLRT3,71.2571
hsa-miR-125b-2-3p,FLRT3,70.935
hsa-miR-4708-3p,FLRT3,70.8537
hsa-miR-6735-3p,FLRT3,70.7269
hsa-miR-1299,FLRT3,70.0087
hsa-miR-222-5p,FLRT3,69.6038391894
hsa-miR-3117-3p,FLRT3,69.4967
hsa-miR-4528,FLRT3,69.2453
hsa-miR-300,FLRT3,69.2249161504
hsa-miR-381-3p,FLRT3,69.2249161504
hsa-miR-4662a-5p,FLRT3,69.2221
hsa-miR-4676-5p,FLRT3,66.5489
hsa-miR-575,FLRT3,66.5489
hsa-miR-450b-5p,FLRT3,66.3016977932
hsa-miR-526b-5p,FLRT3,66.1383
hsa-miR-4694-3p,FLRT3,66.129943738
hsa-miR-4470,FLRT3,65.6526
hsa-miR-9718,FLRT3,65.2361
hsa-miR-6782-3p,FLRT3,65.2232
hsa-miR-12123,FLRT3,64.9592
hsa-miR-4504,FLRT3,64.8535
hsa-miR-1193,FLRT3,64.691
hsa-miR-4476,FLRT3,64.6397
hsa-miR-6876-5p,FLRT3,64.6397
hsa-miR-6838-3p,FLRT3,64.4946
hsa-miR-4445-5p,FLRT3,64.1829757306
hsa-miR-329-5p,FLRT3,64.0329
hsa-miR-4464,FLRT3,64.0329
hsa-miR-4748,FLRT3,64.0329
hsa-miR-3924,FLRT3,63.4982
hsa-miR-199a-3p,FLRT3,63.3495530305
hsa-miR-199b-3p,FLRT3,63.3495530305
hsa-miR-3129-5p,FLRT3,63.3495530305
hsa-miR-513a-3p,FLRT3,63.2099708776
hsa-miR-513c-3p,FLRT3,63.2099708776
hsa-miR-377-3p,FLRT3,63.1822
hsa-miR-145-5p,FLRT3,62.4524
hsa-miR-5195-3p,FLRT3,62.4524
hsa-miR-375-3p,FLRT3,62.4503
hsa-miR-3926,FLRT3,62.4415
hsa-miR-6721-5p,FLRT3,62.427
hsa-miR-302a-5p,FLRT3,62.1343
hsa-miR-548as-3p,FLRT3,61.581049534
hsa-miR-4764-3p,FLRT3,61.1375
hsa-miR-7159-5p,FLRT3,60.935001117
hsa-miR-9-5p,FLRT3,60.7386
hsa-miR-3606-3p,FLRT3,60.6673047007
hsa-miR-1270,FLRT3,60.5282
hsa-miR-4641,FLRT3,60.2611
hsa-miR-6734-5p,FLRT3,60.2054
hsa-miR-4328,FLRT3,59.7902878832
hsa-miR-369-3p,FLRT3,59.719208358
hsa-miR-3680-3p,FLRT3,59.2817
hsa-miR-507,FLRT3,59.2817
hsa-miR-490-3p,FLRT3,59.0872
hsa-miR-649,FLRT3,59.0872
hsa-miR-3190-5p,FLRT3,58.7141
hsa-miR-6502-3p,FLRT3,58.4764
hsa-miR-5692b,FLRT3,58.0433
hsa-miR-5692c,FLRT3,58.0433
hsa-miR-520g-3p,FLRT3,58.0264
hsa-miR-520h,FLRT3,58.0264
hsa-miR-628-5p,FLRT3,57.9422
hsa-miR-802,FLRT3,57.7247
hsa-miR-12129,FLRT3,57.69
hsa-miR-130a-5p,FLRT3,57.5952
hsa-miR-518c-5p,FLRT3,57.4099
hsa-miR-8075,FLRT3,57.4021
hsa-miR-3611,FLRT3,57.1399
hsa-miR-2052,FLRT3,57.1285
hsa-miR-6737-3p,FLRT3,57.0798
hsa-miR-7157-3p,FLRT3,57.0798
hsa-miR-6839-5p,FLRT3,56.8581
hsa-miR-4778-5p,FLRT3,56.7226
hsa-miR-301a-5p,FLRT3,56.5525
hsa-miR-301b-5p,FLRT3,56.5525
hsa-miR-619-5p,FLRT3,56.4576
hsa-miR-6506-5p,FLRT3,56.4576
hsa-miR-29b-2-5p,FLRT3,56.4143
hsa-miR-124-3p,FLRT3,56.4042
hsa-miR-506-3p,FLRT3,56.4042
hsa-miR-3065-5p,FLRT3,56.2931607596
hsa-miR-6508-5p,FLRT3,56.2903
hsa-miR-561-3p,FLRT3,55.943516611
hsa-miR-1914-5p,FLRT3,55.1867
hsa-miR-16-1-3p,FLRT3,55.0476
hsa-miR-8065,FLRT3,54.7383
hsa-miR-624-3p,FLRT3,54.6454
hsa-miR-6830-5p,FLRT3,54.6378
hsa-miR-5008-3p,FLRT3,54.6131
hsa-miR-584-5p,FLRT3,54.5537
hsa-miR-219a-2-3p,FLRT3,54.3641
hsa-miR-1252-5p,FLRT3,54.2348
hsa-miR-218-2-3p,FLRT3,54.0071
hsa-miR-758-5p,FLRT3,54.0071
hsa-miR-548e-5p,FLRT3,53.8653033612
hsa-miR-548ac,FLRT3,53.6189160768
hsa-miR-548bb-3p,FLRT3,53.6189160768
hsa-miR-548d-3p,FLRT3,53.6189160768
hsa-miR-548h-3p,FLRT3,53.6189160768
hsa-miR-548z,FLRT3,53.6189160768
hsa-miR-1825,FLRT3,53.5254
hsa-miR-557,FLRT3,53.4209
hsa-miR-4463,FLRT3,53.3605
hsa-miR-4666a-5p,FLRT3,53.0996
hsa-miR-622,FLRT3,52.9804
hsa-miR-513a-5p,FLRT3,52.8746
hsa-miR-218-5p,FLRT3,52.6766
hsa-miR-758-3p,FLRT3,52.54723834
hsa-miR-4325,FLRT3,52.522
hsa-miR-8067,FLRT3,52.5098
hsa-miR-153-5p,FLRT3,52.1516398614
hsa-miR-506-5p,FLRT3,51.918264125
hsa-miR-892c-5p,FLRT3,51.918264125
hsa-miR-378j,FLRT3,51.4265
hsa-miR-6783-5p,FLRT3,51.1539
hsa-miR-4753-3p,FLRT3,50.0
hsa-miR-10523-5p,GALNS,91.74311
hsa-miR-452-5p,GALNS,88.016
hsa-miR-4676-3p,GALNS,88.016
hsa-miR-892c-3p,GALNS,88.016
hsa-miR-212-5p,GALNS,87.8496
hsa-miR-4330,GALNS,87.3731
hsa-miR-6721-5p,GALNS,85.6745662866
hsa-miR-4649-5p,GALNS,84.3407445064
hsa-miR-6729-5p,GALNS,84.3407445064
hsa-miR-4469,GALNS,77.8439656385
hsa-miR-3138,GALNS,77.8312
hsa-miR-4649-3p,GALNS,75.5598180927631
hsa-miR-6778-3p,GALNS,69.845682899
hsa-miR-4640-5p,GALNS,63.4114
hsa-miR-122-3p,GALNS,61.3789
hsa-miR-4799-5p,GALNS,61.1166
hsa-miR-3171,GALNS,58.8163
hsa-miR-1207-5p,GALNS,58.7622206822
hsa-miR-7162-3p,GALNS,58.6242600314753
hsa-miR-4287,GALNS,57.7223
hsa-miR-4685-3p,GALNS,57.7223
hsa-miR-4726-5p,GALNS,56.9931
hsa-miR-4755-5p,GALNS,56.8053
hsa-miR-5006-3p,GALNS,56.8053
hsa-miR-204-3p,GALNS,55.5039
hsa-miR-764,GALNS,53.9986283812
hsa-miR-7113-3p,GALNS,53.5835
hsa-miR-7113-5p,GALNS,53.5338
hsa-miR-3197,GALNS,51.8582354615
hsa-miR-544b,GALNS,50.4152755888
hsa-miR-4646-5p,GALNS,50.0
hsa-miR-939-3p,GALNS,50.0
hsa-miR-936,ITPKC,96.66016
hsa-miR-6737-5p,ITPKC,93.92035
hsa-miR-6819-5p,ITPKC,93.92035
hsa-miR-6812-5p,ITPKC,92.39763
hsa-miR-9-5p,ITPKC,91.54821
hsa-miR-760,ITPKC,86.1709
hsa-miR-128-3p,ITPKC,86.1624
hsa-miR-216a-3p,ITPKC,86.1624
hsa-miR-3681-3p,ITPKC,82.8984
hsa-miR-7-5p,ITPKC,76.3084226408
hsa-miR-5572,ITPKC,68.8582
hsa-miR-4726-5p,ITPKC,68.810007232
hsa-miR-548q,ITPKC,68.6949
hsa-miR-4692,ITPKC,65.0021
hsa-miR-12122,ITPKC,63.0421472689
hsa-miR-4308,ITPKC,62.1320826305274
hsa-miR-4514,ITPKC,61.8284
hsa-miR-4640-5p,ITPKC,60.46012864
hsa-miR-10394-5p,ITPKC,60.0578876542584
hsa-miR-1205,ITPKC,60.0578876542584
hsa-miR-6773-3p,ITPKC,59.6411980360493
hsa-miR-10398-5p,ITPKC,58.5503
hsa-miR-6755-3p,ITPKC,58.4505
hsa-miR-6823-3p,ITPKC,57.1447333731
hsa-miR-10a-5p,ITPKC,56.0194778324
hsa-miR-10b-5p,ITPKC,56.0194778324
hsa-miR-940,ITPKC,55.9850013584
hsa-miR-6814-5p,ITPKC,55.8814
hsa-miR-6855-5p,ITPKC,55.7202
hsa-miR-199a-3p,ITPKC,55.5688
hsa-miR-199b-3p,ITPKC,55.5688
hsa-miR-3129-5p,ITPKC,55.5688
hsa-miR-891a-3p,ITPKC,55.2625
hsa-miR-6808-5p,ITPKC,55.1810030472
hsa-miR-6893-5p,ITPKC,55.1810030472
hsa-miR-7974,ITPKC,54.8937
hsa-miR-5692a,ITPKC,54.6389
hsa-miR-1227-5p,ITPKC,51.715251924
hsa-miR-6801-3p,ITPKC,51.1879
hsa-miR-6810-3p,ITPKC,51.1879
hsa-miR-2114-3p,ITPKC,50.9418588561
hsa-miR-10393-3p,ITPKC,50.0
hsa-miR-27a-3p,ITPKC,50.0
hsa-miR-27b-3p,ITPKC,50.0
hsa-miR-6801-5p,ITPKC,50.0
hsa-miR-9985,ITPKC,50.0
hsa-miR-4283,LNP1,90.72436
hsa-miR-6770-5p,LNP1,84.1924
hsa-miR-1827,LNP1,79.6716
hsa-miR-548aa,LNP1,79.3731
hsa-miR-548ap-3p,LNP1,79.3731
hsa-miR-548t-3p,LNP1,79.3731
hsa-miR-4530,LNP1,79.229
hsa-miR-4753-3p,LNP1,77.4269
hsa-miR-5572,LNP1,75.3086
hsa-miR-219a-1-3p,LNP1,65.4635
hsa-miR-4793-5p,LNP1,64.8338
hsa-miR-3154,LNP1,64.6724
hsa-miR-4437,LNP1,62.8993
hsa-miR-4426,LNP1,60.2282948091
hsa-miR-607,LNP1,59.5939
hsa-miR-548ac,LNP1,58.3972
hsa-miR-548bb-3p,LNP1,58.3972
hsa-miR-548d-3p,LNP1,58.3972
hsa-miR-548h-3p,LNP1,58.3972
hsa-miR-548z,LNP1,58.3972
hsa-miR-1305,LNP1,57.4111
hsa-miR-4482-3p,LNP1,56.0781
hsa-miR-4260,LNP1,55.8674
hsa-miR-1322,LNP1,53.7137
hsa-miR-127-5p,LNP1,51.7011
hsa-miR-4724-3p,LNP1,51.6856
hsa-miR-185-3p,LNP1,50.0
hsa-miR-4489,LNP1,50.0
hsa-miR-548an,LNP1,50.0
hsa-miR-216a-3p,MAPK14,93.3394757576
hsa-miR-4510,MAPK14,92.29534561
hsa-miR-6127,MAPK14,92.29534561
hsa-miR-6129,MAPK14,92.29534561
hsa-miR-6130,MAPK14,92.29534561
hsa-miR-6133,MAPK14,92.29534561
hsa-miR-6754-3p,MAPK14,90.7167722912
hsa-miR-412-3p,MAPK14,90.1205985408
hsa-miR-6826-3p,MAPK14,89.8634
hsa-miR-128-3p,MAPK14,89.6074327968
hsa-miR-19a-3p,MAPK14,89.251701164
hsa-miR-19b-3p,MAPK14,89.251701164
hsa-miR-22-3p,MAPK14,89.1909
hsa-miR-3681-3p,MAPK14,88.5428692779
hsa-miR-7854-3p,MAPK14,88.1060899135
hsa-miR-5582-5p,MAPK14,87.63
hsa-miR-552-5p,MAPK14,87.135991213
hsa-miR-629-3p,MAPK14,86.972156267
hsa-miR-155-3p,MAPK14,86.9489
hsa-miR-6873-3p,MAPK14,86.7307240967677
hsa-miR-6845-3p,MAPK14,86.6271688018
hsa-miR-124-5p,MAPK14,84.8241
hsa-miR-6791-3p,MAPK14,84.3968630927157
hsa-miR-6829-3p,MAPK14,84.3968630927157
hsa-miR-124-3p,MAPK14,84.341
hsa-miR-506-3p,MAPK14,84.341
hsa-miR-6804-3p,MAPK14,83.8958
hsa-miR-6501-3p,MAPK14,82.6993859396
hsa-miR-4786-3p,MAPK14,82.5636707647
hsa-miR-5192,MAPK14,81.2496077654
hsa-miR-340-5p,MAPK14,81.1949
hsa-miR-582-5p,MAPK14,80.7975
hsa-miR-190b-3p,MAPK14,80.6462
hsa-miR-489-3p,MAPK14,79.486419565
hsa-miR-6728-3p,MAPK14,79.437732378
hsa-miR-5582-3p,MAPK14,78.6242
hsa-miR-4710,MAPK14,78.4655273456
hsa-miR-27a-3p,MAPK14,78.2497321964
hsa-miR-27b-3p,MAPK14,78.2497321964
hsa-miR-9985,MAPK14,78.2497321964
hsa-miR-4251,MAPK14,78.1
hsa-miR-8485,MAPK14,76.5579318880507
hsa-miR-1245b-5p,MAPK14,76.403242745
hsa-miR-3142,MAPK14,76.403242745
hsa-miR-513a-5p,MAPK14,76.137861696
hsa-miR-1303,MAPK14,75.6896
hsa-miR-3130-3p,MAPK14,75.0359
hsa-miR-486-3p,MAPK14,74.3222
hsa-miR-1279,MAPK14,74.1194268204297
hsa-miR-766-3p,MAPK14,73.7556
hsa-miR-1258,MAPK14,73.7398
hsa-miR-498-3p,MAPK14,73.7331
hsa-miR-3136-3p,MAPK14,73.5199
hsa-miR-7155-3p,MAPK14,73.5199
hsa-miR-203b-3p,MAPK14,72.2259
hsa-miR-646,MAPK14,72.1069149207927
hsa-miR-3680-5p,MAPK14,71.8327
hsa-miR-12131,MAPK14,71.2135
hsa-miR-323a-3p,MAPK14,71.2132
hsa-miR-5681b,MAPK14,70.9937
hsa-miR-4291,MAPK14,70.7030703757721
hsa-miR-6773-3p,MAPK14,70.6473951232
hsa-miR-499a-3p,MAPK14,70.3306
hsa-miR-499b-3p,MAPK14,70.3306
hsa-miR-4713-5p,MAPK14,69.92704304
hsa-miR-3922-3p,MAPK14,69.3347
hsa-miR-346,MAPK14,68.407495077
hsa-miR-6867-3p,MAPK14,68.0693238996
hsa-miR-607,MAPK14,67.9021
hsa-miR-5590-5p,MAPK14,67.83385
hsa-miR-3934-3p,MAPK14,67.5871960416
hsa-miR-8064,MAPK14,67.358936224
hsa-miR-451b,MAPK14,66.8394
hsa-miR-3919,MAPK14,66.6498818655
hsa-miR-6882-3p,MAPK14,66.1712
hsa-miR-4640-5p,MAPK14,65.9015
hsa-miR-4772-3p,MAPK14,65.847
hsa-miR-518a-5p,MAPK14,65.7904
hsa-miR-527,MAPK14,65.7904
hsa-miR-6783-3p,MAPK14,65.6482
hsa-miR-3176,MAPK14,65.3096
hsa-miR-4679,MAPK14,65.3022
hsa-miR-12116,MAPK14,65.2101
hsa-miR-891a-3p,MAPK14,64.7572
hsa-miR-7856-5p,MAPK14,64.6115
hsa-miR-3913-3p,MAPK14,64.3936758063
hsa-miR-4793-3p,MAPK14,63.9651416248
hsa-miR-548aj-5p,MAPK14,63.4227327842177
hsa-miR-548f-5p,MAPK14,63.4227327842177
hsa-miR-548g-5p,MAPK14,63.4227327842177
hsa-miR-548x-5p,MAPK14,63.4227327842177
hsa-miR-338-5p,MAPK14,62.7222
hsa-miR-6810-5p,MAPK14,62.7064
hsa-miR-215-3p,MAPK14,62.558629424669
hsa-miR-421,MAPK14,62.2495035672
hsa-miR-7160-5p,MAPK14,62.0106769876
hsa-miR-4477b,MAPK14,61.619
hsa-miR-7154-5p,MAPK14,61.2714858988
hsa-miR-3126-5p,MAPK14,61.1402612374
hsa-miR-6875-5p,MAPK14,61.1402612374
hsa-miR-24-3p,MAPK14,60.8625
hsa-miR-3935,MAPK14,60.8398
hsa-miR-4726-5p,MAPK14,60.1924
hsa-miR-4654,MAPK14,59.94183639
hsa-miR-4306,MAPK14,59.5997
hsa-miR-510-3p,MAPK14,59.586
hsa-miR-3622b-5p,MAPK14,59.344
hsa-miR-7110-5p,MAPK14,59.133
hsa-miR-589-5p,MAPK14,58.8358
hsa-miR-6734-3p,MAPK14,58.7820141568
hsa-miR-7162-3p,MAPK14,58.7204
hsa-miR-3200-5p,MAPK14,58.3614
hsa-miR-4769-5p,MAPK14,58.36098094
hsa-miR-3918,MAPK14,57.9311
hsa-miR-6719-3p,MAPK14,57.2094
hsa-miR-4433b-3p,MAPK14,56.7980706217
hsa-miR-6837-3p,MAPK14,56.673557443
hsa-miR-4768-3p,MAPK14,56.1896507128
hsa-miR-3714,MAPK14,55.9295
hsa-miR-3910,MAPK14,55.9295
hsa-miR-1343-3p,MAPK14,55.5913
hsa-miR-4531,MAPK14,55.4373
hsa-miR-3691-5p,MAPK14,55.3489
hsa-miR-6834-5p,MAPK14,55.3199287467
hsa-miR-589-3p,MAPK14,55.0083512777
hsa-miR-539-5p,MAPK14,54.9759612599117
hsa-miR-765,MAPK14,54.8531
hsa-miR-889-5p,MAPK14,54.6661
hsa-miR-2278,MAPK14,54.6424232689
hsa-miR-6832-3p,MAPK14,54.6247
hsa-miR-6842-5p,MAPK14,54.145
hsa-miR-764,MAPK14,54.0554
hsa-miR-4319,MAPK14,54.0337
hsa-miR-7159-5p,MAPK14,53.795
hsa-miR-1270,MAPK14,53.7634
hsa-miR-620,MAPK14,53.7634
hsa-miR-6887-3p,MAPK14,53.4325
hsa-miR-4685-5p,MAPK14,53.1208
hsa-miR-6837-5p,MAPK14,53.1208
hsa-miR-4773,MAPK14,53.062932928
hsa-miR-6768-5p,MAPK14,52.8405
hsa-miR-670-3p,MAPK14,52.7565
hsa-miR-6128,MAPK14,52.6762
hsa-miR-892c-5p,MAPK14,52.3394
hsa-miR-6833-3p,MAPK14,52.1767927686596
hsa-miR-3679-5p,MAPK14,52.0626300965
hsa-miR-4795-5p,MAPK14,51.9175
hsa-miR-145-3p,MAPK14,51.6193
hsa-miR-6134,MAPK14,51.4525
hsa-miR-6795-3p,MAPK14,51.1599
hsa-miR-185-5p,MAPK14,50.8911
hsa-miR-4644,MAPK14,50.8911
hsa-miR-4288,MAPK14,50.2991501596
hsa-miR-545-3p,MAPK14,50.1138253048453
hsa-miR-5692b,MAPK14,50.056696345745
hsa-miR-5692c,MAPK14,50.056696345745
hsa-miR-320e,MAPK14,50.0
hsa-miR-4326,MAPK14,50.0
hsa-miR-874-5p,MAPK14,50.0
hsa-miR-5011-5p,MEGF11,99.9073105111439
hsa-miR-539-5p,MEGF11,98.8329877994
hsa-let-7c-3p,MEGF11,98.6258797131266
hsa-miR-3942-3p,MEGF11,96.8963176179459
hsa-miR-9983-3p,MEGF11,96.803841688225
hsa-miR-129-5p,MEGF11,96.5457759858484
hsa-miR-6740-3p,MEGF11,96.439681708389
hsa-miR-493-5p,MEGF11,94.8481423256076
hsa-let-7a-2-3p,MEGF11,94.0309834201913
hsa-let-7g-3p,MEGF11,94.0309834201913
hsa-miR-190a-3p,MEGF11,93.8231606030088
hsa-miR-5696,MEGF11,92.9935634100761
hsa-miR-4685-5p,MEGF11,92.66319
hsa-miR-6837-5p,MEGF11,92.66319
hsa-miR-4679,MEGF11,91.97118
hsa-miR-12136,MEGF11,91.9285802933423
hsa-miR-4307,MEGF11,90.8775080464
hsa-miR-5702,MEGF11,90.0078976945
hsa-miR-128-3p,MEGF11,89.7505
hsa-miR-216a-3p,MEGF11,89.7505
hsa-miR-3681-3p,MEGF11,89.7505
hsa-miR-579-3p,MEGF11,89.5237830746241
hsa-miR-664b-3p,MEGF11,89.5237830746241
hsa-miR-580-3p,MEGF11,89.4430250092
hsa-miR-6881-3p,MEGF11,89.4354357563793
hsa-miR-548c-3p,MEGF11,89.2656
hsa-miR-5580-3p,MEGF11,89.0860320736403
hsa-miR-4762-3p,MEGF11,88.231985065
hsa-miR-4765,MEGF11,87.9924621206
hsa-miR-6805-5p,MEGF11,86.1822
hsa-miR-548n,MEGF11,86.088344924
hsa-miR-10399-5p,MEGF11,83.8776592809514
hsa-miR-6504-3p,MEGF11,83.8776592809514
hsa-miR-4775,MEGF11,83.6450935552
hsa-miR-182-5p,MEGF11,83.3511
hsa-miR-576-5p,MEGF11,83.3044269925
hsa-miR-4778-3p,MEGF11,83.035207952
hsa-miR-5683,MEGF11,82.1714
hsa-miR-8070,MEGF11,81.9015273479
hsa-miR-548l,MEGF11,81.7971512323264
hsa-miR-6516-3p,MEGF11,81.5964712777
hsa-miR-8075,MEGF11,81.3750436164
hsa-miR-4687-3p,MEGF11,80.9321
hsa-miR-1288-3p,MEGF11,80.6415423248
hsa-miR-3152-5p,MEGF11,79.6578
hsa-miR-4774-3p,MEGF11,79.6578
hsa-miR-1277-5p,MEGF11,79.5454
hsa-miR-4470,MEGF11,78.716
hsa-miR-3185,MEGF11,78.538889572
hsa-miR-502-5p,MEGF11,78.5105560926529
hsa-miR-6879-3p,MEGF11,78.4339467364
hsa-miR-2909,MEGF11,78.3895
hsa-miR-3059-5p,MEGF11,78.121022389
hsa-miR-33a-3p,MEGF11,77.5667
hsa-miR-4262,MEGF11,75.9135
hsa-miR-510-3p,MEGF11,75.0724
hsa-miR-7157-5p,MEGF11,74.9632
hsa-miR-6780a-3p,MEGF11,74.8620986277297
hsa-miR-7162-3p,MEGF11,74.6758
hsa-miR-4499,MEGF11,73.5603
hsa-miR-4310,MEGF11,72.7046
hsa-miR-6867-5p,MEGF11,72.6551828078621
hsa-miR-4511,MEGF11,72.5572299988
hsa-miR-4478,MEGF11,72.53
hsa-miR-764,MEGF11,72.4532604238
hsa-miR-4474-5p,MEGF11,72.4048
hsa-miR-4802-3p,MEGF11,72.0233
hsa-miR-3978,MEGF11,71.94970621
hsa-miR-7851-3p,MEGF11,71.737
hsa-miR-125a-3p,MEGF11,71.7341075316979
hsa-miR-4476,MEGF11,70.9087
hsa-miR-6876-5p,MEGF11,70.9087
hsa-miR-3934-5p,MEGF11,70.1080465625
hsa-miR-7111-3p,MEGF11,70.088811315
hsa-miR-1206,MEGF11,69.9690298528
hsa-miR-1244,MEGF11,69.9519
hsa-miR-298,MEGF11,69.6216
hsa-miR-6748-5p,MEGF11,69.6093
hsa-miR-4699-3p,MEGF11,69.5224677408
hsa-miR-181a-5p,MEGF11,69.4229
hsa-miR-181b-5p,MEGF11,69.4229
hsa-miR-181c-5p,MEGF11,69.4229
hsa-miR-181d-5p,MEGF11,69.4229
hsa-miR-4793-3p,MEGF11,69.3110760567
hsa-miR-6854-5p,MEGF11,69.300702771
hsa-miR-203a-3p,MEGF11,69.2372
hsa-miR-4755-3p,MEGF11,69.0412
hsa-miR-3074-3p,MEGF11,68.6662
hsa-miR-4464,MEGF11,68.5009523140584
hsa-miR-4748,MEGF11,68.5009523140584
hsa-miR-4789-3p,MEGF11,68.0969
hsa-miR-10522-5p,MEGF11,67.9551
hsa-miR-3929,MEGF11,66.9047
hsa-miR-12129,MEGF11,66.2276535398
hsa-miR-7113-5p,MEGF11,66.1556
hsa-miR-4279,MEGF11,66.083599573
hsa-miR-185-3p,MEGF11,65.8444
hsa-miR-4481,MEGF11,65.2528
hsa-miR-3119,MEGF11,65.1783
hsa-miR-758-3p,MEGF11,64.9657
hsa-miR-759,MEGF11,64.922
hsa-miR-4633-5p,MEGF11,64.8508
hsa-miR-486-5p,MEGF11,64.2163721167
hsa-miR-4753-3p,MEGF11,64.0395
hsa-miR-224-5p,MEGF11,63.3779
hsa-miR-1262,MEGF11,63.2119
hsa-miR-4701-3p,MEGF11,63.2119
hsa-miR-6736-5p,MEGF11,63.2119
hsa-miR-7152-5p,MEGF11,62.6163145345
hsa-miR-4729,MEGF11,62.6121892550697
hsa-miR-491-3p,MEGF11,62.5692
hsa-miR-624-3p,MEGF11,62.1906
hsa-miR-1468-3p,MEGF11,62.1148
hsa-miR-5006-5p,MEGF11,61.9015
hsa-miR-4762-5p,MEGF11,61.8311
hsa-miR-466,MEGF11,61.7172
hsa-miR-874-3p,MEGF11,61.381933849
hsa-miR-1236-5p,MEGF11,61.2483644288
hsa-miR-124-5p,MEGF11,60.8748825119
hsa-miR-3686,MEGF11,60.807
hsa-miR-2054,MEGF11,60.7835558741812
hsa-miR-153-5p,MEGF11,60.762
hsa-miR-7976,MEGF11,60.1468
hsa-miR-559,MEGF11,59.7382645367305
hsa-miR-1250-3p,MEGF11,59.6974
hsa-miR-4282,MEGF11,59.56775
hsa-miR-2276-3p,MEGF11,59.4157
hsa-miR-548y,MEGF11,59.2945884078429
hsa-miR-4747-5p,MEGF11,59.1802541146
hsa-miR-5196-5p,MEGF11,59.1802541146
hsa-miR-5700,MEGF11,58.9862
hsa-miR-137-3p,MEGF11,58.6263310399
hsa-miR-2117,MEGF11,58.4619
hsa-miR-892b,MEGF11,58.3372
hsa-miR-320a-3p,MEGF11,58.2584
hsa-miR-320b,MEGF11,58.2584
hsa-miR-320c,MEGF11,58.2584
hsa-miR-320d,MEGF11,58.2584
hsa-miR-4429,MEGF11,58.2584
hsa-miR-6783-5p,MEGF11,58.2432
hsa-miR-590-3p,MEGF11,58.0036344768
hsa-miR-548aq-5p,MEGF11,57.614595123251
hsa-miR-1915-5p,MEGF11,57.4886980864
hsa-miR-6841-3p,MEGF11,57.4886980864
hsa-miR-513c-5p,MEGF11,57.4459
hsa-miR-514b-5p,MEGF11,57.4459
hsa-miR-6083,MEGF11,57.4418
hsa-miR-1260a,MEGF11,57.304035829
hsa-miR-1260b,MEGF11,57.304035829
hsa-miR-4260,MEGF11,57.1027
hsa-miR-5571-3p,MEGF11,57.0744593849
hsa-miR-3116,MEGF11,55.1846
hsa-miR-661,MEGF11,55.1846
hsa-miR-656-3p,MEGF11,55.0561
hsa-miR-9718,MEGF11,54.83163064784
hsa-miR-593-3p,MEGF11,54.6603
hsa-miR-619-5p,MEGF11,54.629418856
hsa-miR-6506-5p,MEGF11,54.629418856
hsa-miR-6823-3p,MEGF11,54.3851
hsa-miR-6728-3p,MEGF11,54.2517
hsa-miR-6892-5p,MEGF11,54.2319
hsa-miR-548a-5p,MEGF11,54.0778183770004
hsa-miR-548ab,MEGF11,54.0778183770004
hsa-miR-548ad-5p,MEGF11,54.0778183770004
hsa-miR-548ae-5p,MEGF11,54.0778183770004
hsa-miR-548ak,MEGF11,54.0778183770004
hsa-miR-548am-5p,MEGF11,54.0778183770004
hsa-miR-548ap-5p,MEGF11,54.0778183770004
hsa-miR-548ar-5p,MEGF11,54.0778183770004
hsa-miR-548as-5p,MEGF11,54.0778183770004
hsa-miR-548au-5p,MEGF11,54.0778183770004
hsa-miR-548ay-5p,MEGF11,54.0778183770004
hsa-miR-548b-5p,MEGF11,54.0778183770004
hsa-miR-548bb-5p,MEGF11,54.0778183770004
hsa-miR-548c-5p,MEGF11,54.0778183770004
hsa-miR-548d-5p,MEGF11,54.0778183770004
hsa-miR-548h-5p,MEGF11,54.0778183770004
hsa-miR-548i,MEGF11,54.0778183770004
hsa-miR-548j-5p,MEGF11,54.0778183770004
hsa-miR-548o-5p,MEGF11,54.0778183770004
hsa-miR-548w,MEGF11,54.0778183770004
hsa-miR-6516-5p,MEGF11,53.992
hsa-miR-4662a-3p,MEGF11,53.7561
hsa-miR-1238-5p,MEGF11,53.5729868736012
hsa-miR-4758-5p,MEGF11,53.5729868736012
hsa-miR-3977,MEGF11,53.3267
hsa-miR-153-3p,MEGF11,53.1411
hsa-miR-4666a-5p,MEGF11,52.8047255719384
hsa-miR-877-3p,MEGF11,52.43737954
hsa-miR-376a-3p,MEGF11,52.305010868
hsa-miR-376b-3p,MEGF11,52.305010868
hsa-miR-132-3p,MEGF11,52.1264152024
hsa-miR-212-3p,MEGF11,52.1264152024
hsa-miR-520d-5p,MEGF11,51.9911
hsa-miR-524-5p,MEGF11,51.9911
hsa-miR-4732-5p,MEGF11,51.8775966472
hsa-miR-10395-5p,MEGF11,51.4388986201
hsa-miR-18a-3p,MEGF11,50.725585153
hsa-miR-545-5p,MEGF11,50.5429940848
hsa-miR-628-5p,MEGF11,50.0737894391828
hsa-miR-2114-3p,MEGF11,50.0
hsa-miR-3182,MEGF11,50.0
hsa-miR-6782-3p,MEGF11,50.0
hsa-miR-9500,MEGF11,50.0
hsa-miR-4656,NPY,94.45499
hsa-miR-1587,NPY,92.51494
hsa-miR-3620-5p,NPY,92.51494
hsa-let-7a-3p,NPY,91.88601
hsa-let-7b-3p,NPY,91.88601
hsa-let-7f-1-3p,NPY,91.88601
hsa-miR-98-3p,NPY,91.88601
hsa-miR-4666a-3p,NPY,89.4752
hsa-miR-5011-5p,NPY,84.991
hsa-miR-300,NPY,84.5081
hsa-miR-381-3p,NPY,84.5081
hsa-miR-33a-5p,NPY,81.0148
hsa-miR-33b-5p,NPY,81.0148
hsa-miR-2392,NPY,80.8165
hsa-miR-8485,NPY,78.1868
hsa-miR-4492,NPY,71.8606
hsa-miR-10523-5p,NPY,68.251
hsa-miR-6745,NPY,67.0778
hsa-miR-4498,NPY,62.299
hsa-miR-6829-5p,NPY,62.299
hsa-miR-363-5p,NPY,61.2464
hsa-miR-651-3p,NPY,61.0426
hsa-miR-4675,NPY,57.6158
hsa-miR-4741,NPY,57.6158
hsa-miR-5001-5p,NPY,57.6158
hsa-miR-762,NPY,57.6158
hsa-miR-6768-3p,NPY,57.2426
hsa-miR-586,NPY,54.474
hsa-miR-4291,NPY,52.6153
hsa-miR-142-3p,PTPN23,93.60784
hsa-miR-143-3p,PTPN23,88.6835
hsa-miR-4770,PTPN23,88.6835
hsa-miR-6073,PTPN23,86.1776
hsa-miR-4253,PTPN23,85.6882
hsa-miR-6862-5p,PTPN23,85.6882
hsa-miR-6088,PTPN23,82.9159
hsa-miR-3682-3p,PTPN23,82.4608679705
hsa-miR-541-3p,PTPN23,81.6545
hsa-miR-654-5p,PTPN23,81.6545
hsa-miR-3714,PTPN23,70.9906
hsa-miR-3160-3p,PTPN23,69.7189
hsa-miR-6816-3p,PTPN23,66.8927
hsa-miR-6721-5p,PTPN23,63.0997
hsa-miR-6871-5p,PTPN23,59.6265
hsa-miR-4708-5p,PTPN23,57.5964
hsa-miR-1272,PTPN23,56.671998322
hsa-miR-4296,PTPN23,53.8879
hsa-miR-4795-3p,PTPN23,51.947
hsa-miR-1293,PTPN23,51.7373
hsa-miR-4483,PTPN23,51.7373
hsa-miR-3945,PTPN23,51.3079
hsa-miR-10401-5p,PTPN23,50.0
hsa-miR-922,PTPN23,50.0
hsa-miR-4436b-3p,RNF19B,91.00245
hsa-miR-4632-5p,RNF19B,91.00245
hsa-miR-6735-5p,RNF19B,91.00245
hsa-miR-6879-5p,RNF19B,91.00245
hsa-miR-7843-5p,RNF19B,91.00245
hsa-miR-4490,RNF19B,90.58872
hsa-miR-3148,RNF19B,88.309
hsa-miR-3941,RNF19B,86.7685
hsa-miR-4778-3p,RNF19B,86.4854427307
hsa-miR-219b-5p,RNF19B,85.4066347418
hsa-miR-876-5p,RNF19B,85.381
hsa-miR-8485,RNF19B,85.1306
hsa-miR-587,RNF19B,82.0467
hsa-miR-1179,RNF19B,81.4763
hsa-miR-3167,RNF19B,81.2617
hsa-miR-6830-3p,RNF19B,80.1222
hsa-miR-548a-3p,RNF19B,79.7168
hsa-miR-548az-3p,RNF19B,79.7168
hsa-miR-548bc,RNF19B,79.7168
hsa-miR-548e-3p,RNF19B,79.7168
hsa-miR-548f-3p,RNF19B,79.7168
hsa-miR-4292,RNF19B,79.6158
hsa-miR-6791-5p,RNF19B,79.6158
hsa-miR-877-3p,RNF19B,78.5702
hsa-miR-648,RNF19B,78.5238
hsa-miR-4711-3p,RNF19B,76.6198
hsa-miR-589-3p,RNF19B,76.5185
hsa-miR-329-3p,RNF19B,75.9681428416
hsa-miR-362-3p,RNF19B,75.9681428416
hsa-miR-149-3p,RNF19B,75.2890299136613
hsa-miR-4728-5p,RNF19B,75.2890299136613
hsa-miR-6785-5p,RNF19B,75.2890299136613
hsa-miR-6883-5p,RNF19B,75.2890299136613
hsa-miR-514a-3p,RNF19B,74.4437
hsa-miR-514b-3p,RNF19B,74.4437
hsa-miR-5003-3p,RNF19B,73.6922
hsa-miR-513a-5p,RNF19B,73.6661
hsa-miR-1228-3p,RNF19B,68.8027
hsa-miR-635,RNF19B,68.778279418
hsa-miR-6774-5p,RNF19B,68.778279418
hsa-miR-1226-3p,RNF19B,68.4936
hsa-miR-4445-3p,RNF19B,67.0665
hsa-miR-548al,RNF19B,67.0665
hsa-miR-6814-5p,RNF19B,66.4425
hsa-miR-5580-3p,RNF19B,66.4043
hsa-miR-603,RNF19B,66.0208
hsa-miR-183-3p,RNF19B,65.8787
hsa-miR-636,RNF19B,65.8668
hsa-miR-4470,RNF19B,65.0472
hsa-miR-10400-3p,RNF19B,64.7816150344
hsa-miR-4674,RNF19B,64.7816150344
hsa-miR-95-5p,RNF19B,64.6794
hsa-miR-27a-3p,RNF19B,64.2971
hsa-miR-27b-3p,RNF19B,64.2971
hsa-miR-9985,RNF19B,64.2971
hsa-miR-4303,RNF19B,63.7775
hsa-miR-4769-3p,RNF19B,63.5500782484
hsa-miR-6817-5p,RNF19B,63.5500782484
hsa-miR-545-5p,RNF19B,63.3285
hsa-miR-4789-5p,RNF19B,62.6204
hsa-miR-6827-5p,RNF19B,62.5018207256
hsa-miR-4761-3p,RNF19B,61.7794
hsa-miR-3163,RNF19B,61.275
hsa-miR-4789-3p,RNF19B,60.7768
hsa-miR-3614-5p,RNF19B,60.7551354214
hsa-miR-6721-5p,RNF19B,60.5066
hsa-miR-744-3p,RNF19B,59.3855
hsa-miR-7162-3p,RNF19B,59.2635
hsa-miR-3191-5p,RNF19B,57.1346470366
hsa-miR-7114-5p,RNF19B,57.1056
hsa-miR-4436b-5p,RNF19B,56.718766239972
hsa-miR-4668-3p,RNF19B,55.9742
hsa-miR-4477a,RNF19B,55.9148
hsa-miR-6834-3p,RNF19B,54.8837
hsa-miR-1290,RNF19B,54.8372
hsa-miR-218-5p,RNF19B,54.7835
hsa-miR-6815-3p,RNF19B,54.7328112474578
hsa-miR-548ar-3p,RNF19B,53.7432
hsa-miR-5582-3p,RNF19B,53.7432
hsa-miR-9-5p,RNF19B,53.5214
hsa-miR-4307,RNF19B,53.491962489
hsa-miR-4774-5p,RNF19B,53.2389
hsa-miR-17-3p,RNF19B,52.6576872844
hsa-miR-4471,RNF19B,52.5374
hsa-miR-939-3p,RNF19B,51.9823
hsa-miR-4677-3p,RNF19B,51.3547
hsa-miR-4679,RNF19B,51.3547
hsa-miR-4659a-3p,RNF19B,50.7756
hsa-miR-4659b-3p,RNF19B,50.7756
hsa-miR-33a-5p,RNF19B,50.0
hsa-miR-33b-5p,RNF19B,50.0
hsa-miR-3919,RNF19B,50.0
hsa-miR-4277,RUBCN,96.4353858708722
hsa-miR-3619-5p,RUBCN,95.1885953257375
hsa-miR-214-3p,RUBCN,94.7183737440564
hsa-miR-761,RUBCN,94.6094729993362
hsa-miR-302e,RUBCN,93.9151412294474
hsa-miR-3682-3p,RUBCN,93.55037
hsa-miR-6847-5p,RUBCN,93.4430552806524
hsa-miR-24-3p,RUBCN,90.6998043976
hsa-miR-4310,RUBCN,90.2985275752095
hsa-miR-4441,RUBCN,89.0936597395893
hsa-miR-372-3p,RUBCN,88.4036626535562
hsa-miR-373-3p,RUBCN,88.4036626535562
hsa-miR-520a-3p,RUBCN,88.4036626535562
hsa-miR-520b-3p,RUBCN,88.4036626535562
hsa-miR-520c-3p,RUBCN,88.4036626535562
hsa-miR-520d-3p,RUBCN,88.4036626535562
hsa-miR-520e-3p,RUBCN,88.4036626535562
hsa-miR-302a-3p,RUBCN,88.2338700174986
hsa-miR-302b-3p,RUBCN,88.2338700174986
hsa-miR-302c-3p,RUBCN,88.2338700174986
hsa-miR-302d-3p,RUBCN,88.2338700174986
hsa-miR-4797-5p,RUBCN,87.9505397063274
hsa-miR-204-5p,RUBCN,85.9203
hsa-miR-211-5p,RUBCN,85.9203
hsa-miR-2115-5p,RUBCN,84.6475998890486
hsa-miR-651-3p,RUBCN,83.8000239463
hsa-miR-7157-5p,RUBCN,83.5554920417
hsa-miR-519a-3p,RUBCN,83.5208
hsa-miR-519b-3p,RUBCN,83.5208
hsa-miR-519c-3p,RUBCN,83.5208
hsa-miR-4291,RUBCN,82.8435
hsa-miR-3977,RUBCN,81.0674780288
hsa-miR-211-3p,RUBCN,80.7277630069663
hsa-miR-4270,RUBCN,80.2676642741225
hsa-miR-4755-3p,RUBCN,80.0424282283
hsa-miR-3921,RUBCN,80.0102764104901
hsa-miR-4653-5p,RUBCN,80.0102764104901
hsa-miR-3125,RUBCN,79.8295094437852
hsa-miR-545-5p,RUBCN,79.6013
hsa-miR-5696,RUBCN,79.3728275825
hsa-miR-320a-5p,RUBCN,78.38921448
hsa-miR-6754-5p,RUBCN,78.3822626467898
hsa-miR-5584-5p,RUBCN,78.2354752576
hsa-miR-4279,RUBCN,77.9105922476
hsa-miR-873-3p,RUBCN,77.8292
hsa-miR-3916,RUBCN,76.477395016909
hsa-miR-6859-5p,RUBCN,76.434076684253
hsa-miR-6783-5p,RUBCN,76.4195
hsa-miR-4641,RUBCN,76.19259248
hsa-miR-212-5p,RUBCN,74.6767
hsa-miR-4722-5p,RUBCN,74.580403183
hsa-miR-3661,RUBCN,74.2101540762
hsa-miR-4712-3p,RUBCN,73.9663776354539
hsa-miR-4267,RUBCN,73.7717672015844
hsa-miR-148a-3p,RUBCN,73.6358
hsa-miR-148b-3p,RUBCN,73.6358
hsa-miR-152-3p,RUBCN,73.6358
hsa-miR-223-3p,RUBCN,72.1473
hsa-miR-7-5p,RUBCN,71.6318983928219
hsa-miR-12117,RUBCN,71.2958237011
hsa-miR-767-5p,RUBCN,70.8780773312
hsa-miR-5093,RUBCN,70.3909473248757
hsa-miR-6077,RUBCN,70.08725
hsa-miR-4284,RUBCN,69.9393000218109
hsa-miR-12120,RUBCN,69.9046
hsa-miR-6509-3p,RUBCN,69.6595135287
hsa-miR-3919,RUBCN,69.3108119341
hsa-miR-6515-3p,RUBCN,69.002725295
hsa-miR-631,RUBCN,68.9137993727
hsa-miR-10527-5p,RUBCN,68.2237
hsa-miR-940,RUBCN,67.961896917
hsa-miR-3942-3p,RUBCN,67.9263131953255
hsa-miR-3119,RUBCN,67.6421561422
hsa-miR-6808-5p,RUBCN,67.6261370569
hsa-miR-6893-5p,RUBCN,67.6261370569
hsa-miR-4772-3p,RUBCN,67.1950466006
hsa-miR-4668-5p,RUBCN,67.1053126483
hsa-miR-619-5p,RUBCN,66.9710280051264
hsa-miR-877-5p,RUBCN,66.9177417294
hsa-miR-1827,RUBCN,66.028736886
hsa-miR-197-3p,RUBCN,65.7406687508438
hsa-miR-8485,RUBCN,65.5926566412936
hsa-miR-520f-3p,RUBCN,64.2983
hsa-miR-4795-5p,RUBCN,63.994450585
hsa-miR-205-5p,RUBCN,63.1936915216288
hsa-miR-1227-3p,RUBCN,62.133762632
hsa-miR-6081,RUBCN,62.0194
hsa-miR-4516,RUBCN,61.3491467733667
hsa-miR-148b-5p,RUBCN,60.7937938051988
hsa-miR-6506-5p,RUBCN,60.552442690161
hsa-miR-4755-5p,RUBCN,59.0115
hsa-miR-5006-3p,RUBCN,59.0115
hsa-miR-6874-3p,RUBCN,58.8397436893872
hsa-miR-6778-3p,RUBCN,58.3697245752623
hsa-miR-4711-5p,RUBCN,57.6135318720033
hsa-miR-3124-3p,RUBCN,57.0379330707085
hsa-miR-4729,RUBCN,56.342967364
hsa-miR-8078,RUBCN,56.2029
hsa-miR-301a-5p,RUBCN,56.132248459
hsa-miR-301b-5p,RUBCN,56.132248459
hsa-miR-106a-5p,RUBCN,55.4546105933
hsa-miR-106b-5p,RUBCN,55.4546105933
hsa-miR-20a-5p,RUBCN,55.4546105933
hsa-miR-526b-3p,RUBCN,55.4546105933
hsa-miR-3665,RUBCN,55.2073530718
hsa-miR-1304-5p,RUBCN,54.9699
hsa-miR-584-3p,RUBCN,54.6444485437643
hsa-miR-1301-3p,RUBCN,54.6431
hsa-miR-5047,RUBCN,54.6431
hsa-miR-3192-5p,RUBCN,54.5246659360965
hsa-miR-1236-3p,RUBCN,54.1201340002
hsa-miR-6165,RUBCN,53.6741210352
hsa-miR-4477a,RUBCN,53.6554
hsa-miR-9500,RUBCN,53.494744043
hsa-miR-4768-3p,RUBCN,53.4208
hsa-miR-6796-3p,RUBCN,53.3668076143
hsa-miR-4468,RUBCN,53.3146
hsa-miR-17-5p,RUBCN,53.3142717016
hsa-miR-20b-5p,RUBCN,53.3142717016
hsa-miR-519d-3p,RUBCN,53.3142717016
hsa-miR-93-5p,RUBCN,53.3142717016
hsa-miR-4487,RUBCN,52.9872499848604
hsa-miR-4262,RUBCN,52.9101134668
hsa-miR-3116,RUBCN,52.5030403717
hsa-miR-6814-5p,RUBCN,52.2466402892836
hsa-miR-516a-3p,RUBCN,52.2282
hsa-miR-516b-3p,RUBCN,52.2282
hsa-miR-7162-5p,RUBCN,52.2282
hsa-miR-4775,RUBCN,51.9331963345
hsa-miR-6892-5p,RUBCN,51.55
hsa-miR-7845-5p,RUBCN,51.2083317618461
hsa-miR-4764-5p,RUBCN,50.5312334787
hsa-miR-4314,RUBCN,50.315050419
hsa-miR-548n,RUBCN,50.0
hsa-miR-675-5p,RUBCN,50.0
hsa-miR-5011-5p,SERPINE1,99.9651206359651
hsa-miR-190a-3p,SERPINE1,99.7296502406156
hsa-miR-4646-3p,SERPINE1,95.29826
hsa-miR-1825,SERPINE1,93.7247163874
hsa-miR-337-3p,SERPINE1,90.59484
hsa-miR-1277-5p,SERPINE1,90.4516150255295
hsa-miR-3925-3p,SERPINE1,90.40141
hsa-miR-19a-3p,SERPINE1,90.1544837687
hsa-miR-19b-3p,SERPINE1,90.1544837687
hsa-miR-6771-3p,SERPINE1,89.9294
hsa-miR-510-3p,SERPINE1,89.6191
hsa-miR-4433b-5p,SERPINE1,88.0587
hsa-miR-4795-3p,SERPINE1,86.577498598
hsa-miR-2355-3p,SERPINE1,85.7748
hsa-miR-199a-5p,SERPINE1,85.6203
hsa-miR-199b-5p,SERPINE1,85.6203
hsa-miR-551b-5p,SERPINE1,84.9636
hsa-miR-486-5p,SERPINE1,84.8752032914791
hsa-miR-494-3p,SERPINE1,83.8342
hsa-miR-642a-3p,SERPINE1,82.053013703
hsa-miR-642b-3p,SERPINE1,82.053013703
hsa-miR-4753-3p,SERPINE1,80.5379714775
hsa-miR-3613-3p,SERPINE1,80.0197
hsa-miR-30a-3p,SERPINE1,79.9332478268
hsa-miR-30d-3p,SERPINE1,79.9332478268
hsa-miR-30e-3p,SERPINE1,79.9332478268
hsa-miR-1200,SERPINE1,79.8821
hsa-miR-3609,SERPINE1,79.6919
hsa-miR-548ah-5p,SERPINE1,79.6919
hsa-miR-148a-3p,SERPINE1,78.8398
hsa-miR-148b-3p,SERPINE1,78.8398
hsa-miR-152-3p,SERPINE1,78.8398
hsa-miR-6809-3p,SERPINE1,78.4391962846401
hsa-miR-4666a-5p,SERPINE1,77.426
hsa-miR-134-5p,SERPINE1,76.9526
hsa-miR-3118,SERPINE1,76.9526
hsa-miR-4262,SERPINE1,76.3971846122
hsa-miR-432-5p,SERPINE1,74.5612
hsa-miR-548an,SERPINE1,74.1308
hsa-miR-4656,SERPINE1,74.1131
hsa-miR-145-5p,SERPINE1,74.0425
hsa-miR-3201,SERPINE1,73.7065
hsa-miR-4791,SERPINE1,73.7065
hsa-miR-2116-3p,SERPINE1,73.5421969392
hsa-miR-181a-5p,SERPINE1,73.1613529126
hsa-miR-181b-5p,SERPINE1,73.1613529126
hsa-miR-181c-5p,SERPINE1,73.1613529126
hsa-miR-181d-5p,SERPINE1,73.1613529126
hsa-miR-4659a-3p,SERPINE1,72.2997497683219
hsa-miR-4659b-3p,SERPINE1,72.2997497683219
hsa-miR-519d-5p,SERPINE1,71.9082
hsa-miR-1236-3p,SERPINE1,71.7539
hsa-miR-4713-5p,SERPINE1,71.0107084853
hsa-miR-454-3p,SERPINE1,70.188
hsa-miR-12116,SERPINE1,70.1681
hsa-miR-937-5p,SERPINE1,69.505228147
hsa-miR-942-5p,SERPINE1,69.4064566072
hsa-miR-3620-3p,SERPINE1,69.0278
hsa-miR-4531,SERPINE1,68.4941897385564
hsa-miR-3616-5p,SERPINE1,68.3131
hsa-miR-573,SERPINE1,68.3131
hsa-miR-374a-3p,SERPINE1,68.0322
hsa-miR-6875-3p,SERPINE1,67.8669137898196
hsa-miR-143-3p,SERPINE1,65.5689
hsa-miR-4770,SERPINE1,65.5689
hsa-miR-5195-3p,SERPINE1,65.4359
hsa-miR-5702,SERPINE1,65.2164727961
hsa-miR-130a-3p,SERPINE1,64.8886
hsa-miR-130b-3p,SERPINE1,64.8886
hsa-miR-301a-3p,SERPINE1,64.8886
hsa-miR-301b-3p,SERPINE1,64.8886
hsa-miR-3666,SERPINE1,64.8886
hsa-miR-4295,SERPINE1,64.8886
hsa-miR-5689,SERPINE1,64.6747
hsa-miR-3064-5p,SERPINE1,64.5109
hsa-miR-3085-3p,SERPINE1,64.5109
hsa-miR-6504-5p,SERPINE1,64.5109
hsa-miR-6088,SERPINE1,63.9764
hsa-miR-5692a,SERPINE1,63.958
hsa-miR-541-3p,SERPINE1,63.4618
hsa-miR-654-5p,SERPINE1,63.4618
hsa-miR-1911-3p,SERPINE1,63.2031
hsa-miR-6719-3p,SERPINE1,63.1001538744
hsa-miR-629-3p,SERPINE1,62.9883
hsa-miR-6809-5p,SERPINE1,62.9169
hsa-miR-4324,SERPINE1,62.5579
hsa-miR-425-5p,SERPINE1,60.9786
hsa-miR-7110-3p,SERPINE1,60.359025088
hsa-miR-378a-5p,SERPINE1,59.9283828481
hsa-miR-6833-3p,SERPINE1,59.5049327654
hsa-miR-6880-5p,SERPINE1,59.15
hsa-miR-548az-5p,SERPINE1,58.9002
hsa-miR-548t-5p,SERPINE1,58.9002
hsa-miR-30b-5p,SERPINE1,58.5179
hsa-miR-30c-5p,SERPINE1,58.5179
hsa-miR-4768-5p,SERPINE1,57.2353278484
hsa-miR-6815-3p,SERPINE1,56.5547
hsa-miR-130b-5p,SERPINE1,56.4711
hsa-miR-6873-3p,SERPINE1,56.2210499867979
hsa-miR-942-3p,SERPINE1,56.044
hsa-miR-3921,SERPINE1,55.94
hsa-miR-4653-5p,SERPINE1,55.94
hsa-miR-548aw,SERPINE1,55.6637
hsa-miR-3145-5p,SERPINE1,54.3985
hsa-miR-6828-3p,SERPINE1,54.3145
hsa-miR-627-3p,SERPINE1,53.7861
hsa-miR-192-5p,SERPINE1,53.2592
hsa-miR-215-5p,SERPINE1,53.2592
hsa-miR-324-3p,SERPINE1,52.8557488068
hsa-miR-583,SERPINE1,52.47657139828
hsa-miR-3605-5p,SERPINE1,52.352
hsa-miR-6072,SERPINE1,52.1327
hsa-miR-4522,SERPINE1,51.7912
hsa-miR-766-3p,SERPINE1,51.7497
hsa-miR-4422,SERPINE1,51.6811
hsa-miR-6731-3p,SERPINE1,51.6754
hsa-miR-34a-5p,SERPINE1,50.8949
hsa-miR-449a,SERPINE1,50.8949
hsa-miR-5011-5p,SLC2A1,95.7721072582988
hsa-miR-4427,SLC2A1,93.431552762464
hsa-miR-1238-5p,SLC2A1,91.6555
hsa-miR-4758-5p,SLC2A1,91.6555
hsa-miR-92a-1-5p,SLC2A1,91.14953
hsa-miR-6077,SLC2A1,90.01192
hsa-miR-6081,SLC2A1,88.3825790082
hsa-miR-148a-3p,SLC2A1,87.8906
hsa-miR-148b-3p,SLC2A1,87.8906
hsa-miR-152-3p,SLC2A1,87.8906
hsa-miR-4653-3p,SLC2A1,86.7726
hsa-miR-8055,SLC2A1,86.2995095813903
hsa-miR-3664-3p,SLC2A1,85.8893
hsa-miR-4742-3p,SLC2A1,85.8844
hsa-miR-1263,SLC2A1,84.4407
hsa-miR-223-5p,SLC2A1,83.6842
hsa-miR-1266-5p,SLC2A1,81.4139
hsa-miR-4518,SLC2A1,81.4139
hsa-miR-6773-5p,SLC2A1,81.3236
hsa-miR-1284,SLC2A1,81.1213
hsa-miR-1277-5p,SLC2A1,80.446
hsa-miR-140-5p,SLC2A1,80.3986878734686
hsa-miR-3163,SLC2A1,80.1061451724
hsa-miR-3140-3p,SLC2A1,80.0424
hsa-miR-548aa,SLC2A1,79.9164374302476
hsa-miR-548ap-3p,SLC2A1,79.9164374302476
hsa-miR-548t-3p,SLC2A1,79.9164374302476
hsa-miR-8063,SLC2A1,79.8627409479
hsa-miR-548ac,SLC2A1,78.6136
hsa-miR-548bb-3p,SLC2A1,78.6136
hsa-miR-548d-3p,SLC2A1,78.6136
hsa-miR-548h-3p,SLC2A1,78.6136
hsa-miR-548z,SLC2A1,78.6136
hsa-miR-6721-5p,SLC2A1,78.0992
hsa-miR-4269,SLC2A1,77.8900416139
hsa-miR-6715b-5p,SLC2A1,77.8900416139
hsa-miR-6724-5p,SLC2A1,76.3084
hsa-miR-4722-5p,SLC2A1,76.1583800952
hsa-miR-3140-5p,SLC2A1,75.886
hsa-miR-605-3p,SLC2A1,75.4327
hsa-miR-6838-3p,SLC2A1,75.0882
hsa-miR-3652,SLC2A1,72.0555
hsa-miR-4430,SLC2A1,72.0555
hsa-miR-12128,SLC2A1,71.768669328
hsa-miR-6861-5p,SLC2A1,71.7016
hsa-miR-545-5p,SLC2A1,71.5959
hsa-miR-4254,SLC2A1,70.8872
hsa-miR-4699-3p,SLC2A1,70.4566588943
hsa-miR-6529-5p,SLC2A1,69.5424288016
hsa-miR-144-3p,SLC2A1,69.4493
hsa-miR-6134,SLC2A1,69.3956519092
hsa-miR-3925-3p,SLC2A1,69.3075755056
hsa-miR-5580-5p,SLC2A1,69.2318
hsa-miR-9-5p,SLC2A1,68.7225
hsa-miR-6846-3p,SLC2A1,68.3982
hsa-miR-6083,SLC2A1,67.8379
hsa-miR-410-3p,SLC2A1,67.7849
hsa-miR-4709-5p,SLC2A1,67.2466
hsa-miR-663b,SLC2A1,66.7389
hsa-miR-6851-3p,SLC2A1,66.6874941333
hsa-miR-488-5p,SLC2A1,66.6791
hsa-miR-505-5p,SLC2A1,66.318700912
hsa-miR-10401-5p,SLC2A1,66.2677
hsa-miR-5579-5p,SLC2A1,65.8904
hsa-miR-513b-3p,SLC2A1,65.4236
hsa-miR-4638-3p,SLC2A1,65.0091
hsa-miR-3064-5p,SLC2A1,64.7968
hsa-miR-3085-3p,SLC2A1,64.7968
hsa-miR-6504-5p,SLC2A1,64.7968
hsa-miR-6867-5p,SLC2A1,64.725124078
hsa-miR-4433a-3p,SLC2A1,64.402581629
hsa-miR-5688,SLC2A1,63.1848
hsa-miR-7843-5p,SLC2A1,63.150916367
hsa-miR-518c-5p,SLC2A1,63.07325
hsa-miR-328-3p,SLC2A1,62.6060121305
hsa-miR-520e-5p,SLC2A1,62.1849
hsa-miR-4789-5p,SLC2A1,62.1272
hsa-miR-6825-5p,SLC2A1,61.9231001944
hsa-miR-3135b,SLC2A1,61.2184
hsa-miR-198,SLC2A1,60.813
hsa-miR-378a-3p,SLC2A1,60.584005156
hsa-miR-378b,SLC2A1,60.584005156
hsa-miR-378c,SLC2A1,60.584005156
hsa-miR-378d,SLC2A1,60.584005156
hsa-miR-378e,SLC2A1,60.584005156
hsa-miR-378f,SLC2A1,60.584005156
hsa-miR-378h,SLC2A1,60.584005156
hsa-miR-378i,SLC2A1,60.584005156
hsa-miR-422a,SLC2A1,60.584005156
hsa-miR-4691-5p,SLC2A1,60.3678
hsa-miR-6792-3p,SLC2A1,60.3678
hsa-miR-6843-3p,SLC2A1,59.7174
hsa-miR-6848-3p,SLC2A1,59.7174
hsa-miR-3127-5p,SLC2A1,59.4071419582
hsa-miR-495-3p,SLC2A1,59.0749
hsa-miR-7-1-3p,SLC2A1,59.0749
hsa-miR-7-2-3p,SLC2A1,59.0749
hsa-miR-3663-5p,SLC2A1,58.9525
hsa-miR-1299,SLC2A1,58.84667548
hsa-miR-190a-3p,SLC2A1,58.7841774664
hsa-miR-4296,SLC2A1,58.0832
hsa-miR-3914,SLC2A1,57.7849741834
hsa-miR-4668-3p,SLC2A1,57.6286
hsa-miR-4768-3p,SLC2A1,57.2535
hsa-miR-6775-3p,SLC2A1,56.9272753513
hsa-miR-186-5p,SLC2A1,55.873036927
hsa-miR-1291,SLC2A1,55.7291171515
hsa-miR-1303,SLC2A1,55.4067
hsa-miR-122b-5p,SLC2A1,54.3872776228
hsa-miR-340-5p,SLC2A1,54.3743
hsa-miR-3657,SLC2A1,53.801
hsa-miR-4669,SLC2A1,53.801
hsa-miR-4632-5p,SLC2A1,53.6643903705
hsa-miR-1825,SLC2A1,53.6443
hsa-miR-330-5p,SLC2A1,53.4311
hsa-miR-5706,SLC2A1,53.3624
hsa-miR-4436b-3p,SLC2A1,53.2871308977
hsa-miR-6735-5p,SLC2A1,53.2871308977
hsa-miR-6879-5p,SLC2A1,53.2871308977
hsa-miR-6740-3p,SLC2A1,52.4689
hsa-miR-302e,SLC2A1,52.1339
hsa-miR-6745,SLC2A1,52.0292
hsa-miR-214-5p,SLC2A1,51.6366463514
hsa-miR-875-3p,SLC2A1,51.2752
hsa-miR-5010-3p,SLC2A1,51.1062
hsa-miR-6514-5p,SLC2A1,50.5656
hsa-miR-3191-5p,SLC2A1,50.0
hsa-miR-6792-5p,SPRR1A,76.4855
hsa-miR-6854-5p,SPRR1A,71.5859
hsa-miR-4264,SPRR1A,69.5587
hsa-miR-4475,SPRR1A,64.8627
hsa-miR-548at-5p,SPRR1A,61.2844
hsa-miR-6734-3p,SPRR1A,56.8868
hsa-miR-7-5p,SPRR1A,56.732
hsa-miR-4268,SPRR1A,50.0
hsa-miR-4290,SPRR1A,50.0
hsa-miR-609,SPRR1A,50.0
hsa-miR-6826-5p,SPRR1A,50.0
hsa-miR-8485,SRRM4,99.9066540695665
hsa-miR-5692a,SRRM4,99.7475801650047
hsa-miR-1207-3p,SRRM4,98.9895872766462
hsa-miR-922,SRRM4,97.7333187517425
hsa-miR-6883-5p,SRRM4,95.3928686120662
hsa-miR-8081,SRRM4,94.0795819902721
hsa-miR-4456,SRRM4,93.86586410896
hsa-miR-149-3p,SRRM4,93.6937044672095
hsa-miR-4728-5p,SRRM4,93.407026250344
hsa-miR-6721-5p,SRRM4,92.8788605492147
hsa-miR-6785-5p,SRRM4,92.7865317210836
hsa-miR-937-5p,SRRM4,91.6130597078253
hsa-miR-298,SRRM4,91.592325563199
hsa-miR-587,SRRM4,90.5972635247072
hsa-miR-3153,SRRM4,90.39065693824
hsa-miR-296-5p,SRRM4,90.2485593677677
hsa-miR-95-5p,SRRM4,90.2188917568
hsa-miR-6825-5p,SRRM4,90.0616929321245
hsa-miR-3616-3p,SRRM4,89.8104278016
hsa-miR-887-5p,SRRM4,89.7056085081222
hsa-miR-3164,SRRM4,88.8110072668631
hsa-miR-6804-5p,SRRM4,88.649565377
hsa-miR-6840-3p,SRRM4,88.4727655118205
hsa-miR-6733-5p,SRRM4,88.4535618601201
hsa-miR-6739-5p,SRRM4,88.4535618601201
hsa-miR-6756-5p,SRRM4,87.7518765784429
hsa-miR-30c-1-3p,SRRM4,87.2881559770844
hsa-miR-30c-2-3p,SRRM4,87.2881559770844
hsa-miR-6788-5p,SRRM4,87.2881559770844
hsa-miR-6820-3p,SRRM4,86.9988425970065
hsa-miR-6766-5p,SRRM4,84.9238504339614
hsa-miR-6878-5p,SRRM4,84.0104736768632
hsa-miR-944,SRRM4,83.8733
hsa-miR-4524a-3p,SRRM4,83.0344609038642
hsa-miR-1200,SRRM4,82.857793776
hsa-miR-1202,SRRM4,82.3423772088
hsa-miR-4291,SRRM4,82.1239091042022
hsa-miR-3614-3p,SRRM4,81.6986487942249
hsa-miR-4435,SRRM4,80.6473689832709
hsa-miR-4478,SRRM4,80.6075855979988
hsa-miR-3671,SRRM4,80.4901
hsa-miR-3915,SRRM4,80.2320805984
hsa-miR-4774-5p,SRRM4,79.9956
hsa-miR-4471,SRRM4,79.6793
hsa-miR-6165,SRRM4,79.3662738588449
hsa-miR-4281,SRRM4,78.8414788913
hsa-miR-3972,SRRM4,78.7577522992
hsa-miR-4492,SRRM4,77.8226286117464
hsa-miR-765,SRRM4,77.7939382128001
hsa-miR-6079,SRRM4,77.2675014908
hsa-miR-4516,SRRM4,77.0970648301507
hsa-let-7c-3p,SRRM4,76.816
hsa-miR-4786-5p,SRRM4,76.662312821171
hsa-miR-577,SRRM4,76.6587349971707
hsa-miR-627-5p,SRRM4,76.3271633338258
hsa-miR-2116-3p,SRRM4,75.743103178
hsa-miR-5587-3p,SRRM4,75.570486321
hsa-miR-7847-3p,SRRM4,74.8027569896
hsa-miR-12128,SRRM4,74.4536096664
hsa-miR-646,SRRM4,74.4427874893205
hsa-miR-7856-5p,SRRM4,74.3524
hsa-miR-6778-3p,SRRM4,73.8258311542116
hsa-miR-138-5p,SRRM4,73.8125257679424
hsa-miR-8059,SRRM4,73.3114
hsa-miR-4437,SRRM4,73.2387695491197
hsa-miR-6132,SRRM4,73.0850399637586
hsa-miR-6836-5p,SRRM4,73.0850399637586
hsa-miR-4757-5p,SRRM4,72.4795348363375
hsa-miR-6744-3p,SRRM4,72.4795348363375
hsa-miR-5197-3p,SRRM4,72.3694783629921
hsa-miR-11181-3p,SRRM4,71.5103264883989
hsa-miR-4446-5p,SRRM4,71.4832303758803
hsa-miR-6780a-5p,SRRM4,71.0951024782447
hsa-miR-4673,SRRM4,70.7702493211952
hsa-miR-4743-3p,SRRM4,70.5711423369
hsa-miR-597-3p,SRRM4,70.4065733405505
hsa-miR-874-5p,SRRM4,70.075748869
hsa-miR-2861,SRRM4,69.6304526113
hsa-miR-3124-3p,SRRM4,69.6182116793093
hsa-miR-4498,SRRM4,69.5310809122246
hsa-miR-548s,SRRM4,69.4841132360525
hsa-miR-5001-5p,SRRM4,69.2608944969803
hsa-miR-1225-3p,SRRM4,69.110230374
hsa-miR-6879-3p,SRRM4,69.0736
hsa-miR-4279,SRRM4,68.9377210953357
hsa-miR-6512-3p,SRRM4,68.9118
hsa-miR-6720-5p,SRRM4,68.9118
hsa-miR-4318,SRRM4,68.7276334074
hsa-miR-762,SRRM4,68.561654094905
hsa-miR-876-3p,SRRM4,68.2652032766675
hsa-miR-3929,SRRM4,68.1174595592724
hsa-miR-4254,SRRM4,68.0424557489105
hsa-miR-3679-3p,SRRM4,68.0051197268434
hsa-miR-10526-3p,SRRM4,67.918759323
hsa-miR-939-3p,SRRM4,67.9132804969778
hsa-miR-6731-5p,SRRM4,67.7112250285
hsa-miR-8085,SRRM4,67.7112250285
hsa-miR-4533,SRRM4,67.302905248
hsa-miR-4773,SRRM4,67.2643
hsa-miR-3085-5p,SRRM4,67.1440391908982
hsa-miR-485-5p,SRRM4,67.1170691980357
hsa-miR-6884-5p,SRRM4,67.1170691980357
hsa-miR-7151-3p,SRRM4,66.4391148948
hsa-miR-2467-5p,SRRM4,66.3979953003112
hsa-miR-4477b,SRRM4,65.7922
hsa-miR-7152-5p,SRRM4,65.7676032184
hsa-miR-221-5p,SRRM4,65.6826906528492
hsa-miR-8073,SRRM4,65.6826906528492
hsa-miR-6783-3p,SRRM4,64.9273053505634
hsa-miR-6738-3p,SRRM4,64.8762
hsa-miR-4507,SRRM4,64.7369719154
hsa-miR-1227-3p,SRRM4,64.5576
hsa-miR-1273h-5p,SRRM4,64.5278160428701
hsa-miR-30b-3p,SRRM4,64.5278160428701
hsa-miR-3689a-3p,SRRM4,64.5278160428701
hsa-miR-3689b-3p,SRRM4,64.5278160428701
hsa-miR-3689c,SRRM4,64.5278160428701
hsa-miR-6779-5p,SRRM4,64.5278160428701
hsa-miR-6801-5p,SRRM4,64.5202562664
hsa-miR-7153-3p,SRRM4,64.5131240465776
hsa-miR-6716-5p,SRRM4,64.3566791567236
hsa-miR-4645-5p,SRRM4,64.150680791794
hsa-miR-4723-5p,SRRM4,63.7886171858
hsa-miR-5698,SRRM4,63.7886171858
hsa-miR-6870-5p,SRRM4,63.7886171858
hsa-miR-7111-5p,SRRM4,63.7886171858
hsa-miR-140-3p,SRRM4,63.4595
hsa-miR-5681b,SRRM4,63.149175267464
hsa-miR-9851-5p,SRRM4,63.1281975659429
hsa-miR-1972,SRRM4,62.935302453881
hsa-miR-4483,SRRM4,62.7965593218
hsa-miR-877-3p,SRRM4,62.7451261647222
hsa-miR-7160-5p,SRRM4,62.6827179036
hsa-miR-4649-3p,SRRM4,62.644550414
hsa-miR-7106-5p,SRRM4,62.5556771701068
hsa-miR-6805-5p,SRRM4,62.3730157654
hsa-miR-711,SRRM4,62.2737
hsa-miR-3619-5p,SRRM4,62.2515190564568
hsa-miR-3121-3p,SRRM4,62.2307
hsa-miR-1285-3p,SRRM4,62.1102532421081
hsa-miR-5189-5p,SRRM4,62.1102532421081
hsa-miR-1343-3p,SRRM4,62.005926880531
hsa-miR-4303,SRRM4,61.721023788
hsa-miR-3187-5p,SRRM4,61.6129234433569
hsa-miR-3940-5p,SRRM4,61.4532370846
hsa-miR-4747-5p,SRRM4,61.4480411308999
hsa-miR-215-3p,SRRM4,61.4184547223812
hsa-miR-136-5p,SRRM4,61.3752009490289
hsa-miR-126-5p,SRRM4,61.214
hsa-miR-92a-2-5p,SRRM4,61.0120616911144
hsa-miR-4434,SRRM4,60.8107485382946
hsa-miR-5703,SRRM4,60.8107485382946
hsa-miR-2467-3p,SRRM4,60.7024484786495
hsa-miR-3926,SRRM4,60.6049779875448
hsa-miR-612,SRRM4,60.5738371581227
hsa-miR-6860,SRRM4,60.5738371581227
hsa-miR-4499,SRRM4,60.470697134825
hsa-miR-548q,SRRM4,60.2692610847
hsa-miR-548aw,SRRM4,60.1532078416456
hsa-miR-7114-5p,SRRM4,60.1116443608689
hsa-miR-4323,SRRM4,60.0120062855257
hsa-miR-323a-5p,SRRM4,59.7172760014792
hsa-miR-4515,SRRM4,59.6868
hsa-miR-3128,SRRM4,59.6312780127935
hsa-miR-627-3p,SRRM4,59.5918779547212
hsa-miR-4502,SRRM4,59.267407795392
hsa-miR-455-5p,SRRM4,59.2589773542
hsa-miR-4292,SRRM4,59.1976
hsa-miR-6791-5p,SRRM4,59.1976
hsa-miR-508-3p,SRRM4,58.9326
hsa-miR-3189-5p,SRRM4,58.8622991227698
hsa-miR-4441,SRRM4,58.6813016002
hsa-miR-6761-5p,SRRM4,58.4933692821027
hsa-miR-548aj-5p,SRRM4,58.3193119586516
hsa-miR-548f-5p,SRRM4,58.3193119586516
hsa-miR-548g-5p,SRRM4,58.3193119586516
hsa-miR-548x-5p,SRRM4,58.3193119586516
hsa-miR-597-5p,SRRM4,58.2734278220478
hsa-miR-539-5p,SRRM4,58.1241900787184
hsa-miR-320a-5p,SRRM4,57.9628937136
hsa-miR-4438,SRRM4,57.9205768346
hsa-miR-212-5p,SRRM4,57.7095330324673
hsa-miR-1468-3p,SRRM4,57.6002319873038
hsa-miR-3150b-3p,SRRM4,57.4714630128
hsa-miR-4784,SRRM4,57.4714630128
hsa-miR-6529-5p,SRRM4,57.3815
hsa-miR-3074-5p,SRRM4,57.3595604318539
hsa-miR-6857-3p,SRRM4,57.3373528861447
hsa-miR-1289,SRRM4,57.1967
hsa-miR-4667-3p,SRRM4,57.0981265763238
hsa-miR-550b-2-5p,SRRM4,57.0173424334628
hsa-miR-4293,SRRM4,56.8151
hsa-miR-6852-5p,SRRM4,56.5874023798301
hsa-miR-4276,SRRM4,56.5103701936
hsa-miR-5196-5p,SRRM4,56.4678317589845
hsa-miR-6799-5p,SRRM4,56.4018239767171
hsa-miR-1207-5p,SRRM4,56.1597629809524
hsa-miR-4721,SRRM4,55.8012271454
hsa-miR-520a-5p,SRRM4,55.7268956375
hsa-miR-525-5p,SRRM4,55.7268956375
hsa-miR-4329,SRRM4,55.4835762950026
hsa-miR-5190,SRRM4,55.3757002406676
hsa-miR-214-3p,SRRM4,55.0282746718486
hsa-miR-761,SRRM4,55.0282746718486
hsa-miR-134-5p,SRRM4,54.8871522936
hsa-miR-3118,SRRM4,54.8871522936
hsa-miR-3678-3p,SRRM4,54.8757554418545
hsa-miR-4317,SRRM4,54.6527683879
hsa-miR-21-3p,SRRM4,54.6231
hsa-miR-3151-5p,SRRM4,54.6193294128343
hsa-miR-4763-3p,SRRM4,54.3643651174365
hsa-miR-6791-3p,SRRM4,54.3231373630876
hsa-miR-6829-3p,SRRM4,54.3231373630876
hsa-miR-6769b-5p,SRRM4,54.2907402432722
hsa-miR-6760-5p,SRRM4,54.1054727563056
hsa-miR-1296-3p,SRRM4,54.0361759010131
hsa-miR-4690-5p,SRRM4,53.8326654568
hsa-miR-4508,SRRM4,53.5753
hsa-miR-10393-3p,SRRM4,53.4699764348
hsa-miR-7850-5p,SRRM4,53.3420661176236
hsa-miR-1199-5p,SRRM4,53.294314200382
hsa-miR-6751-3p,SRRM4,53.2928871208945
hsa-miR-3190-5p,SRRM4,53.2399455782244
hsa-miR-6739-3p,SRRM4,53.1892
hsa-miR-23b-5p,SRRM4,52.6914
hsa-miR-3145-5p,SRRM4,52.3868331169
hsa-miR-769-5p,SRRM4,52.3527808673
hsa-miR-3921,SRRM4,52.288539112
hsa-miR-4653-5p,SRRM4,52.288539112
hsa-miR-10523-5p,SRRM4,52.2823804148
hsa-miR-3064-3p,SRRM4,52.1960239645
hsa-miR-6885-3p,SRRM4,51.8227022802116
hsa-miR-544a,SRRM4,51.7451512830741
hsa-miR-320e,SRRM4,51.7264450553674
hsa-miR-6892-3p,SRRM4,51.7248327447619
hsa-miR-4640-5p,SRRM4,51.4889105788
hsa-miR-6742-3p,SRRM4,51.4432647743378
hsa-miR-4683,SRRM4,51.2528913416481
hsa-miR-6828-5p,SRRM4,51.2400204424
hsa-miR-6769a-5p,SRRM4,51.1578614984412
hsa-miR-9902,SRRM4,50.7970427572765
hsa-miR-2115-5p,SRRM4,50.7168992214
hsa-miR-513c-5p,SRRM4,50.7150394612
hsa-miR-514b-5p,SRRM4,50.7150394612
hsa-miR-3913-5p,SRRM4,50.7047179904
hsa-miR-6759-3p,SRRM4,50.4755609991364
hsa-miR-378g,SRRM4,50.4708625448722
hsa-miR-377-5p,SRRM4,50.4044350784363
hsa-miR-6086,SRRM4,50.4044350784363
hsa-miR-4731-5p,SRRM4,50.3438304150647
hsa-miR-2682-5p,SRRM4,50.2925832288
hsa-miR-34b-5p,SRRM4,50.2925832288
hsa-miR-449c-5p,SRRM4,50.2925832288
hsa-miR-3180-5p,SRRM4,50.0
hsa-miR-6806-5p,SRRM4,50.0
hsa-miR-6756-5p,TFE3,99.7656025127441
hsa-miR-6764-5p,TFE3,99.74831834115
hsa-miR-6766-5p,TFE3,99.5768292749177
hsa-miR-1915-3p,TFE3,99.4426555419729
hsa-miR-4726-3p,TFE3,98.4868057477846
hsa-miR-6780b-5p,TFE3,98.382750135822
hsa-miR-4725-3p,TFE3,97.3808039312968
hsa-miR-4691-5p,TFE3,96.3694004718419
hsa-miR-6792-3p,TFE3,96.3381960241334
hsa-miR-4271,TFE3,94.9316134195793
hsa-miR-6840-3p,TFE3,93.1603344536756
hsa-miR-1207-5p,TFE3,91.3566709971949
hsa-miR-5193,TFE3,90.2816331932145
hsa-miR-1915-5p,TFE3,89.9404346842
hsa-miR-92a-2-5p,TFE3,89.5598866199371
hsa-miR-4763-3p,TFE3,89.037564065472
hsa-miR-361-3p,TFE3,86.7866574263814
hsa-miR-208a-5p,TFE3,86.4015
hsa-miR-208b-5p,TFE3,86.4015
hsa-miR-939-3p,TFE3,86.3728784922749
hsa-miR-146a-3p,TFE3,85.817
hsa-miR-4795-3p,TFE3,84.5264
hsa-miR-877-3p,TFE3,83.048654528063
hsa-miR-6870-3p,TFE3,82.9670205881594
hsa-miR-6749-3p,TFE3,82.4176726882
hsa-miR-6734-3p,TFE3,81.6239657013843
hsa-miR-518a-3p,TFE3,77.5026
hsa-miR-518b,TFE3,77.5026
hsa-miR-518c-3p,TFE3,77.5026
hsa-miR-518d-3p,TFE3,77.5026
hsa-miR-518f-3p,TFE3,77.5026
hsa-miR-526a-3p,TFE3,77.5026
hsa-miR-653-5p,TFE3,76.8881
hsa-miR-6783-3p,TFE3,75.6725017049
hsa-miR-502-5p,TFE3,75.2329716032
hsa-miR-6782-5p,TFE3,74.9814212035625
hsa-miR-4483,TFE3,74.6058542055
hsa-miR-5194,TFE3,74.5530434803
hsa-miR-6132,TFE3,74.4704595398019
hsa-miR-6836-5p,TFE3,74.4704595398019
hsa-miR-4667-3p,TFE3,74.351708271
hsa-miR-4492,TFE3,73.3206237181131
hsa-miR-3126-5p,TFE3,72.8834
hsa-miR-6875-5p,TFE3,72.8834
hsa-miR-4728-5p,TFE3,72.5057237356
hsa-miR-6721-5p,TFE3,71.595422384022
hsa-miR-6772-5p,TFE3,71.2627
hsa-miR-4793-5p,TFE3,69.105661462658
hsa-miR-145-3p,TFE3,68.1111
hsa-miR-1-3p,TFE3,67.9163
hsa-miR-206,TFE3,67.9163
hsa-miR-6846-3p,TFE3,67.8884
hsa-miR-1343-3p,TFE3,67.7566982003
hsa-miR-4498,TFE3,66.1218866455671
hsa-miR-6785-5p,TFE3,66.0251465656
hsa-miR-4651,TFE3,65.9269233226374
hsa-miR-608,TFE3,65.9269233226374
hsa-miR-4749-3p,TFE3,65.3136
hsa-miR-4463,TFE3,64.9148
hsa-miR-6734-5p,TFE3,64.913644741
hsa-miR-613,TFE3,63.909
hsa-miR-3189-3p,TFE3,63.7014
hsa-miR-5196-3p,TFE3,62.8680749963459
hsa-miR-2110,TFE3,62.8646394295
hsa-miR-625-5p,TFE3,62.310218086
hsa-miR-875-3p,TFE3,61.9712
hsa-miR-1227-5p,TFE3,61.585709087522
hsa-miR-6716-5p,TFE3,61.4965
hsa-miR-4719,TFE3,61.4777
hsa-miR-4326,TFE3,61.1626
hsa-miR-488-5p,TFE3,60.8749
hsa-miR-133a-3p,TFE3,60.4801
hsa-miR-133b,TFE3,60.4801
hsa-miR-762,TFE3,60.4561706446008
hsa-miR-5001-5p,TFE3,60.3909526213304
hsa-miR-3911,TFE3,60.2968
hsa-miR-1275,TFE3,59.9773804165
hsa-miR-4731-5p,TFE3,59.863098107343
hsa-miR-1293,TFE3,59.3272434676
hsa-miR-6745,TFE3,59.3272434676
hsa-miR-149-3p,TFE3,59.254514971
hsa-miR-6883-5p,TFE3,59.254514971
hsa-miR-3182,TFE3,58.9567652139
hsa-miR-7851-3p,TFE3,58.9276949288
hsa-miR-1237-3p,TFE3,58.646754512
hsa-miR-6868-3p,TFE3,58.1123619226033
hsa-miR-2861,TFE3,57.6260037904419
hsa-miR-95-5p,TFE3,57.1336
hsa-miR-660-3p,TFE3,56.7944412841795
hsa-miR-874-5p,TFE3,56.3997
hsa-miR-6742-3p,TFE3,55.9439
hsa-miR-6891-3p,TFE3,55.8785054209531
hsa-miR-548c-3p,TFE3,54.5958
hsa-miR-135a-3p,TFE3,53.959
hsa-miR-4747-5p,TFE3,53.9404878773911
hsa-miR-5196-5p,TFE3,53.9404878773911
hsa-miR-363-5p,TFE3,53.4919896512
hsa-miR-4300,TFE3,53.3635
hsa-miR-5591-5p,TFE3,53.3635
hsa-miR-6726-5p,TFE3,53.3635
hsa-miR-3202,TFE3,53.2557225142346
hsa-miR-6841-3p,TFE3,52.9557193936
hsa-miR-6808-5p,TFE3,52.2888833425
hsa-miR-6893-5p,TFE3,52.2888833425
hsa-miR-940,TFE3,52.2888833425
hsa-miR-4264,TFE3,52.1317895135
hsa-miR-3157-3p,TFE3,51.9285
hsa-miR-3184-5p,TFE3,51.7915176223
hsa-miR-423-5p,TFE3,51.7915176223
hsa-miR-4279,TFE3,51.4567623538
hsa-miR-4766-5p,TFE3,51.3209572534
hsa-miR-4447,TFE3,50.8742188648
hsa-miR-1914-3p,TFE3,50.6176674564
hsa-miR-6738-5p,TFE3,50.6176674564
hsa-miR-876-3p,TFE3,50.0
hsa-miR-1276,TNIK,94.8600436406066
hsa-miR-30a-5p,TNIK,94.3559146262272
hsa-miR-30b-5p,TNIK,94.3559146262272
hsa-miR-30c-5p,TNIK,94.3559146262272
hsa-miR-30d-5p,TNIK,94.3559146262272
hsa-miR-30e-5p,TNIK,94.3559146262272
hsa-miR-4803,TNIK,93.5695342929146
hsa-miR-942-5p,TNIK,90.6866745023025
hsa-miR-3145-3p,TNIK,87.50222248
hsa-miR-548c-3p,TNIK,87.1412429382466
hsa-miR-605-3p,TNIK,86.171894201
hsa-miR-1290,TNIK,86.1253227812391
hsa-miR-12123,TNIK,85.453
hsa-miR-1324,TNIK,85.287
hsa-miR-8080,TNIK,84.8642855870508
hsa-miR-10526-3p,TNIK,84.5338069180023
hsa-miR-6895-5p,TNIK,82.602
hsa-miR-3936,TNIK,82.2392485036
hsa-miR-6128,TNIK,82.1734486279673
hsa-miR-4262,TNIK,81.7041393977077
hsa-miR-302a-5p,TNIK,81.2490521298676
hsa-miR-3074-5p,TNIK,81.187369877175
hsa-miR-4719,TNIK,80.4839218448061
hsa-miR-4328,TNIK,80.1293943062696
hsa-miR-605-5p,TNIK,79.4033023612
hsa-miR-4463,TNIK,79.162856731
hsa-miR-6895-3p,TNIK,79.1609
hsa-miR-9902,TNIK,78.7886269435997
hsa-miR-5695,TNIK,78.7159420114
hsa-miR-181a-5p,TNIK,78.5287762919803
hsa-miR-181b-5p,TNIK,78.5287762919803
hsa-miR-181c-5p,TNIK,78.5287762919803
hsa-miR-181d-5p,TNIK,78.5287762919803
hsa-miR-1244,TNIK,78.3547748503408
hsa-miR-371b-5p,TNIK,78.3227905867
hsa-miR-373-5p,TNIK,78.3227905867
hsa-miR-616-5p,TNIK,78.3227905867
hsa-miR-153-5p,TNIK,78.0282668904745
hsa-miR-675-3p,TNIK,77.8777
hsa-miR-33a-3p,TNIK,77.7712587182747
hsa-miR-6508-3p,TNIK,76.9374
hsa-miR-6881-5p,TNIK,76.7405
hsa-miR-4659a-3p,TNIK,76.661765347669
hsa-miR-4659b-3p,TNIK,76.661765347669
hsa-miR-330-3p,TNIK,75.7842229615
hsa-miR-551b-5p,TNIK,75.6526867456
hsa-miR-1910-3p,TNIK,75.6509
hsa-miR-6511a-5p,TNIK,75.6509
hsa-miR-4428,TNIK,75.6090037235
hsa-miR-302c-5p,TNIK,75.5656205783
hsa-miR-4253,TNIK,75.4748
hsa-miR-6862-5p,TNIK,75.4748
hsa-miR-6873-3p,TNIK,75.2614314414072
hsa-miR-302e,TNIK,74.9803
hsa-miR-520g-3p,TNIK,74.911
hsa-miR-520h,TNIK,74.911
hsa-miR-3152-3p,TNIK,74.8721300159135
hsa-miR-4753-3p,TNIK,74.5943407712099
hsa-miR-6126,TNIK,74.4761980828449
hsa-miR-4307,TNIK,74.4423393793155
hsa-miR-4310,TNIK,74.2749806402898
hsa-miR-7856-5p,TNIK,74.2081684375
hsa-miR-5004-3p,TNIK,73.1283832952289
hsa-miR-548ba,TNIK,73.0594708242804
hsa-miR-6806-5p,TNIK,72.9404990848
hsa-miR-3148,TNIK,72.6259124029629
hsa-miR-383-5p,TNIK,72.585883171
hsa-miR-4795-3p,TNIK,72.5059809994
hsa-miR-3622b-5p,TNIK,72.05006216
hsa-miR-3177-5p,TNIK,71.8693
hsa-miR-6764-5p,TNIK,71.802808768
hsa-miR-6758-3p,TNIK,71.6843378809
hsa-miR-367-5p,TNIK,71.6649
hsa-miR-9851-3p,TNIK,71.6163644569452
hsa-miR-10a-5p,TNIK,71.4723
hsa-miR-10b-5p,TNIK,71.4723
hsa-miR-3166,TNIK,70.3792
hsa-miR-6859-5p,TNIK,70.3195
hsa-miR-5001-3p,TNIK,70.2232
hsa-miR-137-3p,TNIK,70.1543
hsa-miR-130a-5p,TNIK,69.9317422235
hsa-miR-539-5p,TNIK,69.7054765372
hsa-miR-126-5p,TNIK,69.0235345985858
hsa-miR-4725-3p,TNIK,68.3453539984214
hsa-miR-6780b-5p,TNIK,68.3453539984214
hsa-miR-4282,TNIK,68.282287987241
hsa-miR-8065,TNIK,68.2738195896
hsa-miR-520d-3p,TNIK,68.105
hsa-miR-4271,TNIK,68.0600967578158
hsa-miR-101-5p,TNIK,67.800648738
hsa-miR-548ag,TNIK,67.3940393078809
hsa-miR-548ai,TNIK,67.3940393078809
hsa-miR-570-5p,TNIK,67.3940393078809
hsa-miR-520f-5p,TNIK,67.2018
hsa-miR-593-5p,TNIK,67.1847819868291
hsa-miR-139-5p,TNIK,67.1033033543
hsa-miR-1252-3p,TNIK,67.051579721
hsa-miR-5584-5p,TNIK,66.8227883947372
hsa-miR-589-3p,TNIK,66.7975419486
hsa-miR-1915-3p,TNIK,66.33580546
hsa-miR-513c-5p,TNIK,66.2823388703735
hsa-miR-514b-5p,TNIK,66.2823388703735
hsa-miR-875-3p,TNIK,66.1129799238388
hsa-miR-1269a,TNIK,66.0448
hsa-miR-1269b,TNIK,66.0448
hsa-miR-188-3p,TNIK,65.8945
hsa-miR-7702,TNIK,65.516711815
hsa-miR-4703-3p,TNIK,65.3403359673432
hsa-miR-3678-3p,TNIK,65.2165
hsa-miR-6808-5p,TNIK,64.8255368694
hsa-miR-6893-5p,TNIK,64.8255368694
hsa-miR-940,TNIK,64.8255368694
hsa-miR-548e-5p,TNIK,64.7766356002357
hsa-miR-302a-3p,TNIK,64.5589
hsa-miR-302b-3p,TNIK,64.5589
hsa-miR-302c-3p,TNIK,64.5589
hsa-miR-302d-3p,TNIK,64.5589
hsa-miR-2052,TNIK,64.3321337768702
hsa-miR-4699-5p,TNIK,64.123275137664
hsa-miR-4311,TNIK,63.7534420240714
hsa-miR-499b-5p,TNIK,63.5655681158
hsa-miR-3652,TNIK,63.555171573
hsa-miR-4430,TNIK,63.555171573
hsa-miR-4773,TNIK,63.1531088893
hsa-miR-6077,TNIK,62.9512243094011
hsa-miR-4755-5p,TNIK,62.5320374100355
hsa-miR-5006-3p,TNIK,62.5320374100355
hsa-miR-4450,TNIK,62.527564389
hsa-miR-3133,TNIK,62.51687320925
hsa-miR-4491,TNIK,62.4584
hsa-miR-4657,TNIK,62.4584
hsa-miR-892c-5p,TNIK,62.433480022
hsa-miR-5088-3p,TNIK,62.3294781149901
hsa-miR-199a-3p,TNIK,62.28073047
hsa-miR-199b-3p,TNIK,62.28073047
hsa-miR-3129-5p,TNIK,62.28073047
hsa-miR-10522-5p,TNIK,62.2310952072229
hsa-miR-3153,TNIK,62.2228194786714
hsa-miR-6733-5p,TNIK,62.2228194786714
hsa-miR-6739-5p,TNIK,62.2228194786714
hsa-miR-4771,TNIK,61.6868
hsa-miR-3714,TNIK,61.5822583559
hsa-miR-3149,TNIK,61.5474
hsa-miR-766-5p,TNIK,61.5315459085
hsa-miR-582-5p,TNIK,61.2202412605125
hsa-miR-548aa,TNIK,61.015710742
hsa-miR-548ap-3p,TNIK,61.015710742
hsa-miR-548t-3p,TNIK,61.015710742
hsa-miR-4705,TNIK,60.882
hsa-miR-3609,TNIK,60.820162623
hsa-miR-548ah-5p,TNIK,60.820162623
hsa-miR-4760-5p,TNIK,60.771321329
hsa-miR-876-5p,TNIK,60.5937528637855
hsa-miR-4433b-3p,TNIK,60.5758267078938
hsa-miR-1910-5p,TNIK,60.2965
hsa-miR-223-3p,TNIK,60.061370381
hsa-miR-4635,TNIK,59.8955
hsa-miR-1183,TNIK,59.4066
hsa-miR-15a-5p,TNIK,59.3639194721
hsa-miR-15b-5p,TNIK,59.3639194721
hsa-miR-16-5p,TNIK,59.3639194721
hsa-miR-195-5p,TNIK,59.3639194721
hsa-miR-6838-5p,TNIK,59.3639194721
hsa-miR-1267,TNIK,59.1301105159456
hsa-miR-204-5p,TNIK,58.9255
hsa-miR-211-5p,TNIK,58.9255
hsa-miR-4772-3p,TNIK,58.8948
hsa-miR-7157-5p,TNIK,58.874201877054
hsa-miR-12133,TNIK,58.81285
hsa-miR-27a-3p,TNIK,58.7816
hsa-miR-27b-3p,TNIK,58.7816
hsa-miR-9985,TNIK,58.7816
hsa-miR-4781-3p,TNIK,58.7566
hsa-miR-8061,TNIK,58.625384172
hsa-miR-4736,TNIK,58.5364418521
hsa-miR-6508-5p,TNIK,58.3527453150385
hsa-miR-6804-3p,TNIK,58.219
hsa-miR-7158-3p,TNIK,58.008204457658
hsa-miR-7852-3p,TNIK,57.8020178607
hsa-miR-450b-5p,TNIK,57.7583015428
hsa-miR-424-5p,TNIK,57.5485846806
hsa-miR-497-5p,TNIK,57.5485846806
hsa-miR-4510,TNIK,57.4297741524
hsa-miR-6127,TNIK,57.4297741524
hsa-miR-6129,TNIK,57.4297741524
hsa-miR-6130,TNIK,57.4297741524
hsa-miR-6133,TNIK,57.4297741524
hsa-miR-151a-3p,TNIK,57.2230199838159
hsa-miR-4775,TNIK,56.926708483
hsa-miR-423-5p,TNIK,56.8406855155435
hsa-miR-3167,TNIK,56.7834595200324
hsa-miR-8067,TNIK,56.707353191461
hsa-miR-8063,TNIK,56.6401899976537
hsa-miR-6833-3p,TNIK,56.4906043250025
hsa-miR-4729,TNIK,56.3569128152712
hsa-miR-4728-5p,TNIK,56.3284742344012
hsa-miR-6785-5p,TNIK,56.3284742344012
hsa-miR-372-3p,TNIK,56.2997
hsa-miR-373-3p,TNIK,56.2997
hsa-miR-519a-3p,TNIK,56.2997
hsa-miR-519b-3p,TNIK,56.2997
hsa-miR-519c-3p,TNIK,56.2997
hsa-miR-520a-3p,TNIK,56.2997
hsa-miR-520b-3p,TNIK,56.2997
hsa-miR-520c-3p,TNIK,56.2997
hsa-miR-520e-3p,TNIK,56.2997
hsa-miR-1266-5p,TNIK,55.8793812705
hsa-miR-4518,TNIK,55.8793812705
hsa-miR-4446-5p,TNIK,55.84575
hsa-miR-4500,TNIK,55.7599
hsa-miR-29b-1-5p,TNIK,55.6705
hsa-miR-626,TNIK,55.3208282483
hsa-miR-6876-3p,TNIK,55.3208282483
hsa-miR-10b-3p,TNIK,55.2655
hsa-miR-888-5p,TNIK,54.7435258102
hsa-miR-6888-5p,TNIK,54.6806237372
hsa-miR-5006-5p,TNIK,54.554599414
hsa-miR-1237-3p,TNIK,54.5099654970867
hsa-miR-2117,TNIK,54.3664
hsa-miR-4704-3p,TNIK,54.2988
hsa-miR-6892-5p,TNIK,54.2975
hsa-miR-4789-3p,TNIK,54.1802
hsa-miR-203a-3p,TNIK,54.1451932372
hsa-miR-186-5p,TNIK,54.0746952327838
hsa-miR-32-3p,TNIK,53.9222003969468
hsa-miR-515-5p,TNIK,53.4238648798811
hsa-miR-6809-3p,TNIK,53.2253020885283
hsa-miR-6832-3p,TNIK,53.1968
hsa-miR-4768-5p,TNIK,53.0602190090085
hsa-miR-514a-3p,TNIK,53.0535534407663
hsa-miR-514b-3p,TNIK,53.0535534407663
hsa-miR-223-5p,TNIK,52.601688292
hsa-miR-4456,TNIK,52.4184
hsa-miR-656-3p,TNIK,52.3125202691908
hsa-miR-655-5p,TNIK,52.1527
hsa-miR-4493,TNIK,52.133895421
hsa-miR-320a-5p,TNIK,52.0061182578999
hsa-miR-6894-5p,TNIK,51.6576704054788
hsa-miR-570-3p,TNIK,51.5406329421098
hsa-miR-325,TNIK,51.5352792145187
hsa-miR-3927-5p,TNIK,51.4891997737
hsa-miR-190a-5p,TNIK,51.2803527608
hsa-miR-190b-5p,TNIK,51.2803527608
hsa-miR-6834-5p,TNIK,51.0746
hsa-miR-5692a,TNIK,50.910667121075
hsa-miR-583,TNIK,50.8642803347688
hsa-miR-3064-5p,TNIK,50.8174949584
hsa-miR-3085-3p,TNIK,50.8174949584
hsa-miR-6504-5p,TNIK,50.8174949584
hsa-miR-1288-3p,TNIK,50.7417
hsa-miR-3125,TNIK,50.6526
hsa-miR-3916,TNIK,50.6526
hsa-miR-3688-5p,TNIK,50.6132088626
hsa-miR-3945,TNIK,50.5871591512
hsa-miR-155-5p,TNIK,50.542
hsa-miR-4796-3p,TNIK,50.3946700581845
hsa-miR-519e-5p,TNIK,50.3784269936684
hsa-miR-9718,TNIK,50.0590970335
hsa-miR-4660,TNIK,50.0
hsa-miR-3139,TNS3,96.67687555481
hsa-miR-28-5p,TNS3,96.16358977004
hsa-miR-708-5p,TNS3,96.16358977004
hsa-miR-12133,TNS3,95.6416113824
hsa-miR-96-5p,TNS3,95.4401332567
hsa-miR-1284,TNS3,95.18464
hsa-miR-1271-5p,TNS3,94.612749779
hsa-miR-4714-5p,TNS3,93.93954
hsa-miR-4633-3p,TNS3,93.84610459546
hsa-miR-6500-5p,TNS3,93.84610459546
hsa-miR-1243,TNS3,91.7605
hsa-miR-4267,TNS3,90.1206801589706
hsa-miR-624-3p,TNS3,89.8036
hsa-miR-182-5p,TNS3,89.6988645394
hsa-miR-5692a,TNS3,89.0091252862
hsa-miR-300,TNS3,87.5109
hsa-miR-381-3p,TNS3,87.5109
hsa-miR-2115-3p,TNS3,86.9090729307291
hsa-miR-6757-3p,TNS3,86.458870343
hsa-miR-8068,TNS3,86.1391
hsa-miR-5693,TNS3,85.6760350956805
hsa-miR-141-3p,TNS3,85.4206
hsa-miR-200a-3p,TNS3,85.4206
hsa-miR-4470,TNS3,85.3476536088581
hsa-miR-4666a-3p,TNS3,84.7219
hsa-miR-5696,TNS3,83.7126
hsa-miR-4685-5p,TNS3,82.8038317496744
hsa-miR-6837-5p,TNS3,82.5677843412423
hsa-let-7a-3p,TNS3,81.5101
hsa-let-7b-3p,TNS3,81.5101
hsa-let-7f-1-3p,TNS3,81.5101
hsa-miR-98-3p,TNS3,81.5101
hsa-miR-4729,TNS3,81.2472
hsa-miR-1-3p,TNS3,80.9374217819379
hsa-miR-206,TNS3,80.9374217819379
hsa-miR-3145-3p,TNS3,80.8008
hsa-miR-516a-3p,TNS3,80.5682808936247
hsa-miR-516b-3p,TNS3,80.5682808936247
hsa-miR-7162-5p,TNS3,80.5682808936247
hsa-miR-376c-3p,TNS3,80.5387237449
hsa-miR-590-3p,TNS3,80.1468
hsa-miR-4427,TNS3,79.7157
hsa-miR-6826-3p,TNS3,79.4458
hsa-miR-4677-5p,TNS3,78.7991229809
hsa-miR-4753-5p,TNS3,77.2051
hsa-miR-613,TNS3,77.197970676674
hsa-miR-593-3p,TNS3,74.9522
hsa-miR-559,TNS3,74.4055
hsa-miR-3116,TNS3,73.9900547128
hsa-miR-610,TNS3,73.3904
hsa-miR-6739-3p,TNS3,72.9378178259887
hsa-miR-10525-3p,TNS3,72.9027
hsa-miR-6505-3p,TNS3,71.9599
hsa-miR-4447,TNS3,71.8667945641
hsa-miR-670-3p,TNS3,71.6367934426985
hsa-miR-3144-5p,TNS3,70.9283367108
hsa-miR-4663,TNS3,70.2004663592
hsa-miR-2861,TNS3,70.0711914119202
hsa-miR-1228-3p,TNS3,70.0507
hsa-miR-6081,TNS3,69.9000692349649
hsa-miR-12136,TNS3,68.621309455
hsa-miR-361-5p,TNS3,68.4358
hsa-miR-663b,TNS3,67.7178354958939
hsa-miR-6074,TNS3,66.1791
hsa-miR-143-3p,TNS3,66.0451
hsa-miR-4770,TNS3,66.0451
hsa-miR-6088,TNS3,66.0451
hsa-miR-766-5p,TNS3,66.0254
hsa-miR-4659a-3p,TNS3,65.7642630936155
hsa-miR-4659b-3p,TNS3,65.7642630936155
hsa-miR-3678-3p,TNS3,64.847167194
hsa-miR-7113-5p,TNS3,64.419525578665
hsa-miR-548a-5p,TNS3,64.1966
hsa-miR-548ab,TNS3,64.1966
hsa-miR-548ad-5p,TNS3,64.1966
hsa-miR-548ae-5p,TNS3,64.1966
hsa-miR-548ak,TNS3,64.1966
hsa-miR-548am-5p,TNS3,64.1966
hsa-miR-548ap-5p,TNS3,64.1966
hsa-miR-548aq-5p,TNS3,64.1966
hsa-miR-548ar-5p,TNS3,64.1966
hsa-miR-548as-5p,TNS3,64.1966
hsa-miR-548au-5p,TNS3,64.1966
hsa-miR-548ay-5p,TNS3,64.1966
hsa-miR-548b-5p,TNS3,64.1966
hsa-miR-548bb-5p,TNS3,64.1966
hsa-miR-548c-5p,TNS3,64.1966
hsa-miR-548d-5p,TNS3,64.1966
hsa-miR-548h-5p,TNS3,64.1966
hsa-miR-548i,TNS3,64.1966
hsa-miR-548j-5p,TNS3,64.1966
hsa-miR-548o-5p,TNS3,64.1966
hsa-miR-548w,TNS3,64.1966
hsa-miR-548y,TNS3,64.1966
hsa-miR-2467-3p,TNS3,63.4756991073971
hsa-miR-5589-3p,TNS3,62.9854
hsa-miR-7-5p,TNS3,62.342477475
hsa-miR-4804-3p,TNS3,61.8925
hsa-miR-3164,TNS3,61.6444
hsa-miR-6820-3p,TNS3,61.6444
hsa-miR-6768-3p,TNS3,60.1522392444
hsa-miR-4795-3p,TNS3,59.8305
hsa-miR-7108-5p,TNS3,59.5169048749287
hsa-miR-93-3p,TNS3,59.4483
hsa-miR-4477b,TNS3,59.2767
hsa-miR-6840-5p,TNS3,59.0220294658
hsa-miR-4472,TNS3,58.7606427118882
hsa-miR-144-3p,TNS3,58.0189775108
hsa-miR-6826-5p,TNS3,57.1339
hsa-miR-1275,TNS3,56.2725587425
hsa-miR-1827,TNS3,55.9749397456
hsa-miR-3919,TNS3,55.75631325
hsa-miR-101-3p,TNS3,55.3070527490166
hsa-miR-6795-3p,TNS3,55.2869091568
hsa-miR-3714,TNS3,55.2544
hsa-miR-103a-3p,TNS3,54.0079
hsa-miR-107,TNS3,54.0079
hsa-miR-514a-5p,TNS3,53.5111989202
hsa-miR-548ao-3p,TNS3,53.4161
hsa-miR-4749-3p,TNS3,52.8449972012
hsa-miR-299-5p,TNS3,52.098
hsa-miR-4664-5p,TNS3,51.6873910564
hsa-miR-324-3p,TNS3,51.156
hsa-miR-4690-3p,TNS3,51.0540658153
hsa-miR-5685,TNS3,51.0540658153
hsa-miR-4651,TNS3,50.7166128303698
hsa-miR-608,TNS3,50.7166128303698
hsa-miR-579-3p,TNS3,50.6495
hsa-miR-664b-3p,TNS3,50.6495
hsa-miR-146a-3p,TNS3,50.0
hsa-miR-3529-3p,TNS3,50.0
hsa-miR-200b-3p,VASH2,99.7287094845661
hsa-miR-200c-3p,VASH2,99.7287094845661
hsa-miR-429,VASH2,99.7287094845661
hsa-miR-448,VASH2,99.5615498569287
hsa-miR-3658,VASH2,98.5410687074185
hsa-miR-106b-5p,VASH2,97.3091024622258
hsa-miR-20a-5p,VASH2,97.3091024622258
hsa-miR-5696,VASH2,96.8124920966112
hsa-miR-526b-3p,VASH2,96.7016548689171
hsa-miR-106a-5p,VASH2,96.2954158462644
hsa-miR-17-5p,VASH2,96.2954158462644
hsa-miR-20b-5p,VASH2,96.2954158462644
hsa-miR-519d-3p,VASH2,96.2954158462644
hsa-miR-93-5p,VASH2,96.2954158462644
hsa-miR-137-3p,VASH2,96.211849424
hsa-miR-4680-3p,VASH2,96.1742831322462
hsa-miR-500a-5p,VASH2,94.966155352
hsa-miR-9718,VASH2,94.83662
hsa-miR-3680-3p,VASH2,94.3307740007
hsa-miR-7160-5p,VASH2,94.2885
hsa-miR-2116-5p,VASH2,93.7892714537406
hsa-miR-628-5p,VASH2,92.74984
hsa-miR-218-5p,VASH2,92.5430003027
hsa-miR-4743-3p,VASH2,92.2076451994
hsa-miR-5589-5p,VASH2,91.98458
hsa-miR-3180-5p,VASH2,91.1480481991
hsa-miR-4796-3p,VASH2,90.3586861936
hsa-miR-3609,VASH2,90.1653525547699
hsa-miR-548ah-5p,VASH2,90.1653525547699
hsa-miR-548c-3p,VASH2,89.9277397038255
hsa-miR-9983-3p,VASH2,88.9058088633292
hsa-miR-3126-5p,VASH2,88.6331
hsa-miR-6875-5p,VASH2,88.6331
hsa-miR-4668-3p,VASH2,88.5820422595755
hsa-miR-300,VASH2,88.407086104341
hsa-miR-381-3p,VASH2,88.407086104341
hsa-miR-129-5p,VASH2,87.8580175661988
hsa-miR-5584-3p,VASH2,87.3175926976
hsa-miR-4694-3p,VASH2,86.3656
hsa-miR-493-5p,VASH2,86.1142
hsa-miR-3613-3p,VASH2,85.9882
hsa-miR-494-3p,VASH2,85.8203678325
hsa-miR-660-3p,VASH2,85.662415037
hsa-miR-4663,VASH2,85.2369
hsa-miR-8077,VASH2,85.2369
hsa-miR-520f-3p,VASH2,85.1766
hsa-miR-3163,VASH2,84.7843000806981
hsa-miR-138-2-3p,VASH2,84.0603425065023
hsa-miR-10399-5p,VASH2,83.6316
hsa-miR-6504-3p,VASH2,83.6316
hsa-miR-6847-3p,VASH2,83.5926
hsa-miR-1245b-3p,VASH2,83.181
hsa-miR-3148,VASH2,83.0583388888
hsa-miR-3606-5p,VASH2,82.6374338336
hsa-miR-9-3p,VASH2,82.401
hsa-miR-519a-3p,VASH2,82.3618
hsa-miR-519b-3p,VASH2,82.3618
hsa-miR-519c-3p,VASH2,82.3618
hsa-miR-10b-3p,VASH2,82.224480118
hsa-miR-153-3p,VASH2,81.9223621087776
hsa-miR-498-3p,VASH2,81.8988
hsa-miR-589-3p,VASH2,81.7113723008
hsa-miR-4325,VASH2,81.6557572286532
hsa-miR-5003-3p,VASH2,80.3309396916
hsa-miR-6749-3p,VASH2,80.043349768251
hsa-miR-330-3p,VASH2,79.7868687028
hsa-miR-4435,VASH2,79.5603
hsa-miR-548at-3p,VASH2,79.2758
hsa-miR-548ay-3p,VASH2,79.2758
hsa-miR-450a-1-3p,VASH2,79.0242125824
hsa-miR-6882-5p,VASH2,79.0002426656
hsa-miR-4652-3p,VASH2,78.6021845497
hsa-miR-3121-3p,VASH2,78.5374086335
hsa-miR-8084,VASH2,78.3400325373469
hsa-miR-636,VASH2,78.0708973122
hsa-miR-4639-5p,VASH2,77.8746
hsa-let-7a-3p,VASH2,77.3216
hsa-let-7b-3p,VASH2,77.3216
hsa-let-7f-1-3p,VASH2,77.3216
hsa-miR-98-3p,VASH2,77.3216
hsa-miR-335-3p,VASH2,77.0908750203058
hsa-miR-1233-5p,VASH2,76.5795497419
hsa-miR-6778-5p,VASH2,76.5795497419
hsa-miR-4432,VASH2,76.4834
hsa-miR-21-5p,VASH2,74.6971797664
hsa-miR-3689a-5p,VASH2,74.5733
hsa-miR-3689b-5p,VASH2,74.5733
hsa-miR-3689e,VASH2,74.5733
hsa-miR-3689f,VASH2,74.5733
hsa-miR-4742-3p,VASH2,74.4271
hsa-miR-4659b-5p,VASH2,74.3568
hsa-miR-3152-3p,VASH2,73.9836983744
hsa-miR-4668-5p,VASH2,73.3651479223221
hsa-miR-4276,VASH2,73.2831191665
hsa-miR-3145-3p,VASH2,72.765244063
hsa-miR-3942-3p,VASH2,72.51651957
hsa-miR-4500,VASH2,71.9937
hsa-miR-4691-5p,VASH2,71.904823254
hsa-miR-6792-3p,VASH2,71.904823254
hsa-miR-3140-5p,VASH2,71.6657687012
hsa-miR-7162-3p,VASH2,71.538
hsa-miR-561-3p,VASH2,71.4828
hsa-miR-32-5p,VASH2,70.9492
hsa-miR-92a-3p,VASH2,70.9492
hsa-miR-92b-3p,VASH2,70.9492
hsa-miR-548as-3p,VASH2,68.9925470266
hsa-miR-7108-5p,VASH2,68.7518
hsa-miR-6843-3p,VASH2,68.3715726099741
hsa-miR-6848-3p,VASH2,68.3715726099741
hsa-miR-4282,VASH2,68.220840172
hsa-miR-571,VASH2,67.7323
hsa-miR-148a-5p,VASH2,67.1404919773973
hsa-miR-581,VASH2,66.963410668
hsa-miR-549a-3p,VASH2,66.6199
hsa-miR-7154-5p,VASH2,66.5374013032
hsa-miR-548u,VASH2,66.3761
hsa-miR-7161-5p,VASH2,66.3761
hsa-miR-6512-5p,VASH2,66.2287
hsa-miR-4659a-5p,VASH2,65.9615
hsa-miR-148a-3p,VASH2,65.7751
hsa-miR-148b-3p,VASH2,65.7751
hsa-miR-152-3p,VASH2,65.7751
hsa-miR-302a-5p,VASH2,65.3257617807674
hsa-miR-6885-3p,VASH2,65.1187536890792
hsa-miR-4731-5p,VASH2,64.8852
hsa-miR-25-3p,VASH2,64.8031
hsa-miR-363-3p,VASH2,64.8031
hsa-miR-367-3p,VASH2,64.8031
hsa-miR-3123,VASH2,64.5795
hsa-miR-219a-2-3p,VASH2,64.1231
hsa-miR-4733-3p,VASH2,63.8559
hsa-miR-590-5p,VASH2,63.8220047347
hsa-miR-513b-5p,VASH2,63.6193
hsa-miR-125b-2-3p,VASH2,63.0046
hsa-miR-8060,VASH2,62.6358458251
hsa-miR-759,VASH2,62.4887
hsa-miR-1827,VASH2,62.0383
hsa-miR-624-3p,VASH2,61.9257
hsa-miR-29a-3p,VASH2,61.539
hsa-miR-29b-3p,VASH2,61.539
hsa-miR-29c-3p,VASH2,61.539
hsa-let-7a-5p,VASH2,61.3061
hsa-let-7b-5p,VASH2,61.3061
hsa-let-7c-5p,VASH2,61.3061
hsa-let-7e-5p,VASH2,61.3061
hsa-let-7f-5p,VASH2,61.3061
hsa-let-7g-5p,VASH2,61.3061
hsa-let-7i-5p,VASH2,61.3061
hsa-miR-98-5p,VASH2,61.3061
hsa-miR-302b-5p,VASH2,61.2606196099
hsa-miR-302d-5p,VASH2,61.2606196099
hsa-miR-4427,VASH2,61.2426029365558
hsa-miR-6878-5p,VASH2,60.4068
hsa-miR-7855-5p,VASH2,60.3409
hsa-miR-369-3p,VASH2,59.8114986848072
hsa-miR-3667-3p,VASH2,59.5168
hsa-miR-3149,VASH2,59.370031800555
hsa-miR-4728-5p,VASH2,59.1119
hsa-miR-6785-5p,VASH2,59.1119
hsa-miR-4301,VASH2,58.4757
hsa-miR-186-5p,VASH2,58.2391500952995
hsa-let-7d-5p,VASH2,58.218
hsa-miR-202-3p,VASH2,58.218
hsa-miR-4458,VASH2,58.218
hsa-miR-520f-5p,VASH2,57.9984
hsa-miR-6733-5p,VASH2,57.7653992917173
hsa-miR-6739-5p,VASH2,57.7653992917173
hsa-miR-4797-5p,VASH2,57.4546
hsa-miR-10393-5p,VASH2,57.3461458376
hsa-miR-342-5p,VASH2,57.1344
hsa-miR-4664-5p,VASH2,57.1344
hsa-miR-4311,VASH2,56.7876
hsa-miR-3688-3p,VASH2,56.6296
hsa-miR-3646,VASH2,56.37799326
hsa-miR-3153,VASH2,56.250197589708
hsa-miR-22-5p,VASH2,56.1749490011881
hsa-miR-4277,VASH2,56.08102224
hsa-miR-3156-5p,VASH2,56.0218
hsa-miR-518a-5p,VASH2,55.7345
hsa-miR-527,VASH2,55.7345
hsa-miR-873-3p,VASH2,55.331
hsa-miR-548g-3p,VASH2,55.026021328
hsa-miR-5588-3p,VASH2,54.6936
hsa-miR-5579-3p,VASH2,54.5713320607
hsa-miR-5193,VASH2,54.05612436
hsa-miR-193a-3p,VASH2,53.8986
hsa-miR-193b-3p,VASH2,53.8986
hsa-miR-892b,VASH2,53.8986
hsa-miR-579-3p,VASH2,53.4755174467481
hsa-miR-664b-3p,VASH2,53.4755174467481
hsa-miR-8066,VASH2,53.4140025224
hsa-miR-1287-3p,VASH2,53.1028
hsa-miR-4645-3p,VASH2,52.7066
hsa-miR-5187-3p,VASH2,52.6510351941929
hsa-miR-4667-5p,VASH2,52.6203
hsa-miR-4700-5p,VASH2,52.6203
hsa-miR-8089,VASH2,52.6203
hsa-miR-128-3p,VASH2,52.5583
hsa-miR-216a-3p,VASH2,52.5583
hsa-miR-203a-3p,VASH2,52.1802214246264
hsa-miR-4257,VASH2,52.1156968135
hsa-miR-4326,VASH2,51.9169
hsa-miR-3133,VASH2,51.8741752615
hsa-miR-149-3p,VASH2,51.8091
hsa-miR-6883-5p,VASH2,51.8091
hsa-miR-297,VASH2,51.6181
hsa-miR-4698,VASH2,51.4412
hsa-miR-6516-5p,VASH2,51.4383758568
hsa-miR-6507-3p,VASH2,51.0022686262
hsa-miR-6499-3p,VASH2,50.8437
hsa-miR-520e-5p,VASH2,50.8202655665
hsa-miR-548ar-3p,VASH2,50.7400622524695
hsa-miR-152-5p,VASH2,50.5933037281
hsa-miR-27a-3p,VASH2,50.5087
hsa-miR-27b-3p,VASH2,50.5087
hsa-miR-9985,VASH2,50.5087
hsa-miR-148b-5p,VASH2,50.0
hsa-miR-6874-3p,VASH2,50.0
hsa-miR-5003-5p,VIP,98.3208807176
hsa-miR-5002-5p,VIP,95.79191
hsa-miR-3148,VIP,91.67736
hsa-miR-3668,VIP,90.30931
hsa-miR-6833-3p,VIP,90.05042
hsa-miR-4424,VIP,89.8019
hsa-miR-183-3p,VIP,89.5056
hsa-miR-466,VIP,89.1949
hsa-miR-543,VIP,86.929005294
hsa-miR-4768-5p,VIP,86.4301
hsa-miR-6873-3p,VIP,86.2128
hsa-miR-6733-3p,VIP,83.414
hsa-miR-6511b-5p,VIP,81.4071
hsa-miR-6811-5p,VIP,81.4071
hsa-miR-653-3p,VIP,79.8852
hsa-miR-4282,VIP,79.3929279827431
hsa-let-7f-2-3p,VIP,79.1481
hsa-miR-1185-1-3p,VIP,79.1481
hsa-miR-1185-2-3p,VIP,79.1481
hsa-miR-6868-3p,VIP,79.1142
hsa-miR-9985,VIP,77.4670633749
hsa-miR-513b-5p,VIP,77.3392
hsa-miR-4699-3p,VIP,76.1026557952
hsa-miR-3163,VIP,75.1685
hsa-miR-3140-5p,VIP,74.0489
hsa-miR-3978,VIP,73.0162
hsa-miR-27a-3p,VIP,72.9393165963
hsa-miR-27b-3p,VIP,72.9393165963
hsa-miR-372-5p,VIP,70.6454
hsa-miR-4789-3p,VIP,69.678553648
hsa-miR-4452,VIP,68.5895
hsa-miR-26b-3p,VIP,67.8205
hsa-miR-29b-2-5p,VIP,67.7744
hsa-miR-944,VIP,67.021258336
hsa-miR-548u,VIP,66.977915835
hsa-miR-4423-5p,VIP,66.5422
hsa-miR-4262,VIP,66.1328664049
hsa-miR-5681a,VIP,66.1164
hsa-miR-4261,VIP,65.2302
hsa-miR-147b-5p,VIP,65.0263
hsa-miR-578,VIP,64.9667
hsa-miR-4698,VIP,64.8542
hsa-miR-8063,VIP,64.8542
hsa-miR-371b-5p,VIP,64.8533939373
hsa-miR-373-5p,VIP,64.8533939373
hsa-miR-616-5p,VIP,64.8533939373
hsa-miR-4804-3p,VIP,63.5168
hsa-miR-499a-3p,VIP,63.3873
hsa-miR-499b-3p,VIP,63.3873
hsa-miR-7161-5p,VIP,63.384973545
hsa-miR-1250-3p,VIP,63.2261
hsa-miR-122b-3p,VIP,63.1266
hsa-miR-21-3p,VIP,63.1266
hsa-miR-1179,VIP,62.4337675932
hsa-miR-3928-5p,VIP,62.1973
hsa-miR-6806-3p,VIP,62.1973
hsa-miR-659-3p,VIP,61.4079
hsa-miR-6124,VIP,60.6424
hsa-miR-181a-5p,VIP,60.1724401877
hsa-miR-181b-5p,VIP,60.1724401877
hsa-miR-181c-5p,VIP,60.1724401877
hsa-miR-181d-5p,VIP,60.1724401877
hsa-miR-205-5p,VIP,58.912
hsa-miR-128-3p,VIP,57.8817
hsa-miR-216a-3p,VIP,57.8817
hsa-miR-3143,VIP,57.0947
hsa-miR-556-3p,VIP,56.851
hsa-miR-3681-3p,VIP,55.82
hsa-miR-10399-5p,VIP,54.7739
hsa-miR-6504-3p,VIP,54.7739
hsa-miR-1277-5p,VIP,54.4489
hsa-miR-888-5p,VIP,53.6469
hsa-miR-511-5p,VIP,53.5193
hsa-miR-526b-5p,VIP,52.953
hsa-miR-30a-5p,VIP,52.8642
hsa-miR-30b-5p,VIP,52.8642
hsa-miR-30c-5p,VIP,52.8642
hsa-miR-30d-5p,VIP,52.8642
hsa-miR-30e-5p,VIP,52.8642
hsa-miR-3659,VIP,52.528
hsa-miR-4635,VIP,52.346
hsa-miR-7850-5p,VIP,52.0493440983
hsa-miR-3942-5p,VIP,51.9695264089
hsa-miR-4470,VIP,51.7551
hsa-miR-4703-5p,VIP,51.7361428585
hsa-miR-495-3p,WBP1L,98.1853790999882
hsa-miR-5688,WBP1L,98.1853790999882
hsa-miR-6817-3p,WBP1L,95.7888330248073
hsa-miR-6875-3p,WBP1L,92.8156912
hsa-miR-5011-5p,WBP1L,92.5969135552175
hsa-miR-7110-3p,WBP1L,92.5587819858507
hsa-miR-619-3p,WBP1L,90.9825010759
hsa-miR-137-3p,WBP1L,89.7215
hsa-miR-3918,WBP1L,89.3917442600026
hsa-miR-450b-3p,WBP1L,88.0532963185
hsa-miR-8068,WBP1L,87.6091055051416
hsa-miR-4722-5p,WBP1L,86.5221
hsa-miR-6768-5p,WBP1L,85.8783959275493
hsa-miR-4664-5p,WBP1L,85.4308
hsa-miR-769-3p,WBP1L,85.2168564895
hsa-miR-375-3p,WBP1L,84.6262531932979
hsa-miR-6513-5p,WBP1L,84.3106327344
hsa-miR-4766-5p,WBP1L,83.6599605252
hsa-miR-6873-3p,WBP1L,82.5731067535518
hsa-miR-450a-1-3p,WBP1L,82.1383496199029
hsa-miR-6716-5p,WBP1L,82.092
hsa-miR-4254,WBP1L,81.289048527
hsa-miR-342-5p,WBP1L,80.918
hsa-miR-223-3p,WBP1L,80.8105
hsa-miR-6868-3p,WBP1L,80.577890482
hsa-miR-3913-5p,WBP1L,79.5371832154
hsa-miR-190a-3p,WBP1L,78.9152227659412
hsa-miR-203b-5p,WBP1L,78.5891
hsa-miR-6718-5p,WBP1L,78.5891
hsa-miR-4534,WBP1L,78.4920085465
hsa-miR-3120-5p,WBP1L,78.1346159052542
hsa-miR-466,WBP1L,78.0621
hsa-miR-3166,WBP1L,77.577552959975
hsa-miR-6765-3p,WBP1L,76.9478417419
hsa-miR-1275,WBP1L,76.6025507928
hsa-miR-766-5p,WBP1L,76.475630305
hsa-miR-5187-3p,WBP1L,76.190515847
hsa-miR-3122,WBP1L,75.9105699976
hsa-miR-887-5p,WBP1L,75.9105699976
hsa-miR-3921,WBP1L,75.835686548
hsa-miR-4653-5p,WBP1L,75.835686548
hsa-miR-4256,WBP1L,75.7589904429816
hsa-miR-7850-5p,WBP1L,75.7214
hsa-miR-155-5p,WBP1L,75.2512
hsa-miR-6846-5p,WBP1L,74.7525
hsa-miR-6848-5p,WBP1L,74.7525
hsa-miR-670-3p,WBP1L,74.5371073982
hsa-miR-5089-5p,WBP1L,74.0824773709
hsa-miR-8485,WBP1L,74.0568084878524
hsa-miR-3180-5p,WBP1L,73.6625
hsa-miR-1290,WBP1L,73.2080269512
hsa-miR-942-5p,WBP1L,73.02828967
hsa-miR-5002-3p,WBP1L,73.0171
hsa-miR-11181-5p,WBP1L,72.8987131493287
hsa-miR-1252-5p,WBP1L,72.8532881776
hsa-miR-5580-5p,WBP1L,72.5411
hsa-miR-892c-5p,WBP1L,72.4109151448
hsa-miR-4750-3p,WBP1L,72.3734805708
hsa-miR-7113-3p,WBP1L,71.8348
hsa-miR-10393-3p,WBP1L,71.7916
hsa-miR-6801-5p,WBP1L,71.7916
hsa-miR-4328,WBP1L,71.7824
hsa-miR-4789-3p,WBP1L,71.2008
hsa-miR-214-5p,WBP1L,71.1634727436831
hsa-miR-19a-3p,WBP1L,71.0428
hsa-miR-19b-3p,WBP1L,71.0428
hsa-miR-1207-5p,WBP1L,70.8984786448
hsa-miR-4763-3p,WBP1L,70.8984786448
hsa-miR-128-3p,WBP1L,70.7141
hsa-miR-216a-3p,WBP1L,70.7141
hsa-miR-1303,WBP1L,70.2453
hsa-miR-570-3p,WBP1L,69.8814045507495
hsa-miR-6736-3p,WBP1L,69.4129991492
hsa-miR-888-3p,WBP1L,68.7905
hsa-miR-92a-2-5p,WBP1L,68.2417006096
hsa-miR-4276,WBP1L,67.162
hsa-miR-651-3p,WBP1L,66.92661733
hsa-miR-1248,WBP1L,65.9823506596
hsa-miR-3182,WBP1L,65.9736253559839
hsa-miR-4700-5p,WBP1L,65.8591848864
hsa-miR-589-3p,WBP1L,65.7805330548
hsa-miR-3910,WBP1L,65.5801993744
hsa-miR-4667-5p,WBP1L,65.5221139812
hsa-miR-8089,WBP1L,65.5221139812
hsa-miR-892a,WBP1L,65.1658595644
hsa-miR-6889-3p,WBP1L,65.1417246985
hsa-miR-4665-5p,WBP1L,65.111058066
hsa-miR-6529-3p,WBP1L,64.569102594
hsa-miR-3174,WBP1L,64.4096
hsa-miR-6771-3p,WBP1L,64.3359
hsa-miR-8082,WBP1L,64.0046772344
hsa-miR-4436b-3p,WBP1L,63.832960564
hsa-miR-6735-5p,WBP1L,63.832960564
hsa-miR-6879-5p,WBP1L,63.832960564
hsa-miR-4725-3p,WBP1L,63.6875521889247
hsa-miR-6780b-5p,WBP1L,63.6875521889247
hsa-miR-6808-5p,WBP1L,63.6285066282465
hsa-miR-6893-5p,WBP1L,63.6285066282465
hsa-miR-6888-3p,WBP1L,63.5562028944257
hsa-miR-660-3p,WBP1L,63.4322427282441
hsa-miR-3681-3p,WBP1L,63.2489
hsa-miR-4632-5p,WBP1L,63.132240896
hsa-miR-7843-5p,WBP1L,63.132240896
hsa-miR-6884-3p,WBP1L,62.7674
hsa-miR-7847-3p,WBP1L,62.5195
hsa-miR-7851-3p,WBP1L,62.4054749228
hsa-miR-301a-5p,WBP1L,62.3255334505
hsa-miR-301b-5p,WBP1L,62.3255334505
hsa-miR-3191-5p,WBP1L,62.1402096984
hsa-miR-146a-3p,WBP1L,61.9764530624412
hsa-miR-3714,WBP1L,61.617
hsa-miR-12120,WBP1L,61.1575628259
hsa-miR-940,WBP1L,61.0307935806501
hsa-miR-4718,WBP1L,60.9317
hsa-miR-342-3p,WBP1L,60.778268865816
hsa-miR-513a-5p,WBP1L,60.3217
hsa-miR-3672,WBP1L,60.2689066807556
hsa-miR-4486,WBP1L,60.2308606105
hsa-miR-4306,WBP1L,60.1966
hsa-miR-6833-3p,WBP1L,60.0718116376
hsa-miR-6740-3p,WBP1L,59.962531815
hsa-miR-6864-3p,WBP1L,59.4338438726234
hsa-miR-4685-5p,WBP1L,59.405762197
hsa-miR-17-3p,WBP1L,59.3722459849
hsa-miR-4763-5p,WBP1L,59.145
hsa-miR-4271,WBP1L,59.1345438508057
hsa-miR-103a-1-5p,WBP1L,59.0283
hsa-miR-103a-2-5p,WBP1L,59.0283
hsa-miR-6837-5p,WBP1L,58.2872540707
hsa-miR-937-5p,WBP1L,58.2449770268
hsa-miR-1251-3p,WBP1L,58.1952
hsa-miR-4533,WBP1L,58.1811
hsa-miR-4768-5p,WBP1L,58.1017090096
hsa-miR-6777-3p,WBP1L,57.8953928604
hsa-miR-4640-5p,WBP1L,57.8584214737
hsa-miR-4705,WBP1L,57.7879
hsa-miR-6739-3p,WBP1L,57.5296309464
hsa-miR-140-3p,WBP1L,56.7329
hsa-miR-4659a-3p,WBP1L,56.7142988392716
hsa-miR-4659b-3p,WBP1L,56.7142988392716
hsa-miR-6733-5p,WBP1L,56.2032716158
hsa-miR-4520-2-3p,WBP1L,55.8245
hsa-miR-1-3p,WBP1L,55.5047536924
hsa-miR-206,WBP1L,55.5047536924
hsa-miR-613,WBP1L,55.5047536924
hsa-miR-4798-5p,WBP1L,55.3517
hsa-miR-5702,WBP1L,55.2707984725
hsa-miR-6762-3p,WBP1L,55.096207078
hsa-miR-27a-3p,WBP1L,54.3160929242
hsa-miR-27b-3p,WBP1L,54.3160929242
hsa-miR-9985,WBP1L,54.3160929242
hsa-miR-1285-3p,WBP1L,54.0192134481
hsa-miR-5189-5p,WBP1L,54.0192134481
hsa-miR-3123,WBP1L,53.8854714273374
hsa-miR-5682,WBP1L,53.7144
hsa-miR-4762-5p,WBP1L,53.7017
hsa-miR-4749-5p,WBP1L,53.2867
hsa-miR-33a-3p,WBP1L,52.7703
hsa-miR-29a-3p,WBP1L,52.6034
hsa-miR-29b-3p,WBP1L,52.6034
hsa-miR-29c-3p,WBP1L,52.6034
hsa-miR-7974,WBP1L,52.5736144448245
hsa-miR-6508-3p,WBP1L,52.5207154927742
hsa-miR-6833-5p,WBP1L,52.4778288885919
hsa-miR-6501-3p,WBP1L,52.448451969
hsa-miR-1231,WBP1L,52.1457744315
hsa-miR-876-5p,WBP1L,52.0974547366
hsa-miR-4720-3p,WBP1L,52.0974
hsa-miR-4804-3p,WBP1L,52.0974
hsa-miR-3664-5p,WBP1L,51.8745955267
hsa-miR-135a-3p,WBP1L,51.2223
hsa-miR-153-5p,WBP1L,51.19844608
hsa-miR-4714-5p,WBP1L,51.0498
hsa-miR-2110,WBP1L,51.0107874485
hsa-miR-24-3p,WBP1L,50.7220738428806
hsa-miR-6791-3p,WBP1L,50.3687291057842
hsa-miR-6829-3p,WBP1L,50.3687291057842
hsa-miR-1229-3p,WBP1L,50.0
hsa-miR-3690,WBP1L,50.0
hsa-miR-3973,WBP1L,50.0
hsa-miR-578,WBP1L,50.0
hsa-miR-339-5p,WDR81,95.935524434
hsa-miR-1236-3p,WDR81,81.7915
hsa-miR-3690,WDR81,79.8512948853396
hsa-miR-8057,WDR81,74.68154502
hsa-miR-4667-5p,WDR81,73.9708
hsa-miR-6868-5p,WDR81,73.2135009161327
hsa-miR-25-3p,WDR81,73.1486
hsa-miR-363-3p,WDR81,73.1486
hsa-miR-367-3p,WDR81,73.1486
hsa-miR-32-5p,WDR81,72.7872
hsa-miR-92a-3p,WDR81,72.7872
hsa-miR-92b-3p,WDR81,72.7872
hsa-miR-6802-3p,WDR81,71.4734452277
hsa-miR-3175,WDR81,71.2708
hsa-miR-1909-3p,WDR81,68.451170375
hsa-miR-6722-3p,WDR81,68.451170375
hsa-miR-6748-3p,WDR81,67.8749
hsa-miR-3918,WDR81,67.6856014724366
hsa-miR-760,WDR81,66.9158433235
hsa-miR-4731-5p,WDR81,66.5797
hsa-miR-6822-3p,WDR81,65.2488662933
hsa-miR-4700-5p,WDR81,63.2444
hsa-miR-8089,WDR81,63.2444
hsa-miR-518a-5p,WDR81,61.7581
hsa-miR-527,WDR81,61.7581
hsa-miR-548aw,WDR81,61.7581
hsa-miR-3184-5p,WDR81,61.0943
hsa-miR-605-3p,WDR81,59.9196131178
hsa-miR-711,WDR81,59.240947446
hsa-miR-7150,WDR81,59.1519435305798
hsa-miR-4308,WDR81,58.6641396813724
hsa-miR-4699-3p,WDR81,55.7284
hsa-miR-4685-5p,WDR81,54.8667379704218
hsa-miR-4736,WDR81,53.7574284721208
hsa-miR-3127-3p,WDR81,53.7508467964
hsa-miR-6756-3p,WDR81,53.7508467964
hsa-miR-5582-5p,WDR81,53.5106
hsa-miR-6757-5p,WDR81,52.9536845125
hsa-miR-12128,WDR81,52.4221595091842
hsa-miR-1207-5p,WDR81,51.3481918583484
hsa-miR-5088-3p,WDR81,50.7636177994
hsa-miR-370-3p,WDR81,50.0571694832
hsa-miR-6893-3p,WDR81,50.0571694832
hsa-miR-3714,WDR81,50.0
