chembl_id,affinity,n_modes,rmsd_lb,rmsd_ub,sec,rc,err,symbol,tag,exh,max_evals
CHEMBL1000,-8.731,1,0.0,0.0,28.28,0,,ACVR1,t1_cns,1,0
CHEMBL100116,-8.698,3,0.0,0.0,8.12,0,,ACVR1,t1_cns,1,0
CHEMBL1004,-7.547,2,0.0,0.0,11.45,0,,ACVR1,t1_cns,1,0
CHEMBL1005,-7.4,1,0.0,0.0,24.77,0,,ACVR1,t1_cns,1,0
CHEMBL1008,-8.189,1,0.0,0.0,26.5,0,,ACVR1,t1_cns,1,0
CHEMBL1009,-5.94,2,0.0,0.0,9.92,0,,ACVR1,t1_cns,1,0
CHEMBL1027,-7.43,2,0.0,0.0,21.52,0,,ACVR1,t1_cns,1,0
CHEMBL1037,-6.582,2,0.0,0.0,6.8,0,,ACVR1,t1_cns,1,0
CHEMBL1059,-5.196,1,0.0,0.0,8.22,0,,ACVR1,t1_cns,1,0
CHEMBL1065,-9.305,3,0.0,0.0,14.76,0,,ACVR1,t1_cns,1,0
CHEMBL1068,-6.517,3,0.0,0.0,19.71,0,,ACVR1,t1_cns,1,0
CHEMBL1076903,-7.193,3,0.0,0.0,4.36,0,,ACVR1,t1_cns,1,0
CHEMBL1077896,-8.019,3,0.0,0.0,10.21,0,,ACVR1,t1_cns,1,0
CHEMBL1078261,-5.052,1,0.0,0.0,22.44,0,,ACVR1,t1_cns,1,0
CHEMBL1079,-6.769,3,0.0,0.0,5.9,0,,ACVR1,t1_cns,1,0
CHEMBL1079604,-6.961,3,0.0,0.0,7.1,0,,ACVR1,t1_cns,1,0
CHEMBL108,-8.97,3,0.0,0.0,4.93,0,,ACVR1,t1_cns,1,0
CHEMBL1083659,-7.258,3,0.0,0.0,65.65,0,,ACVR1,t1_cns,1,0
CHEMBL1085,-8.602,1,0.0,0.0,28.71,0,,ACVR1,t1_cns,1,0
CHEMBL1087,-7.806,2,0.0,0.0,7.03,0,,ACVR1,t1_cns,1,0
CHEMBL10878,-7.461,3,0.0,0.0,8.38,0,,ACVR1,t1_cns,1,0
CHEMBL1088,-8.778,2,0.0,0.0,14.01,0,,ACVR1,t1_cns,1,0
CHEMBL1089,-5.847,3,0.0,0.0,5.52,0,,ACVR1,t1_cns,1,0
CHEMBL1089221,-7.848,2,0.0,0.0,13.97,0,,ACVR1,t1_cns,1,0
CHEMBL109,-4.455,3,0.0,0.0,6.78,0,,ACVR1,t1_cns,1,0
CHEMBL1093,-6.184,3,0.0,0.0,12.74,0,,ACVR1,t1_cns,1,0
CHEMBL1094,-7.1,2,0.0,0.0,11.44,0,,ACVR1,t1_cns,1,0
CHEMBL1095,-6.859,3,0.0,0.0,6.04,0,,ACVR1,t1_cns,1,0
CHEMBL1095777,-9.232,3,0.0,0.0,26.29,0,,ACVR1,t1_cns,1,0
CHEMBL1096,-9.158,2,0.0,0.0,9.66,0,,ACVR1,t1_cns,1,0
CHEMBL1098,-8.126,3,0.0,0.0,11.95,0,,ACVR1,t1_cns,1,0
CHEMBL11,-6.052,2,0.0,0.0,27.71,0,,ACVR1,t1_cns,1,0
CHEMBL1100,-4.98,3,0.0,0.0,4.12,0,,ACVR1,t1_cns,1,0
CHEMBL1101,-8.733,2,0.0,0.0,14.36,0,,ACVR1,t1_cns,1,0
CHEMBL1102,-7.112,2,0.0,0.0,5.81,0,,ACVR1,t1_cns,1,0
CHEMBL1104,-5.584,2,0.0,0.0,5.18,0,,ACVR1,t1_cns,1,0
CHEMBL1106,-9.147,2,0.0,0.0,4.63,0,,ACVR1,t1_cns,1,0
CHEMBL1108,-9.189,2,0.0,0.0,23.07,0,,ACVR1,t1_cns,1,0
CHEMBL111,-8.807,3,0.0,0.0,25.27,0,,ACVR1,t1_cns,1,0
CHEMBL1110,-8.591,3,0.0,0.0,9.09,0,,ACVR1,t1_cns,1,0
CHEMBL1112,-9.082,2,0.0,0.0,28.7,0,,ACVR1,t1_cns,1,0
CHEMBL1113,-9.178,3,0.0,0.0,5.88,0,,ACVR1,t1_cns,1,0
CHEMBL1115,-5.495,2,0.0,0.0,4.76,0,,ACVR1,t1_cns,1,0
CHEMBL1118,-7.502,3,0.0,0.0,11.13,0,,ACVR1,t1_cns,1,0
CHEMBL112,-5.884,3,0.0,0.0,4.91,0,,ACVR1,t1_cns,1,0
CHEMBL113,-5.581,2,0.0,0.0,4.12,0,,ACVR1,t1_cns,1,0
CHEMBL1165342,-9.456,2,0.0,0.0,10.75,0,,ACVR1,t1_cns,1,0
CHEMBL1172,-5.262,3,0.0,0.0,22.64,0,,ACVR1,t1_cns,1,0
CHEMBL117287,-7.569,2,0.0,0.0,19.24,0,,ACVR1,t1_cns,1,0
CHEMBL1175,-7.918,2,0.0,0.0,12.92,0,,ACVR1,t1_cns,1,0
CHEMBL1177,-6.424,2,0.0,0.0,5.65,0,,ACVR1,t1_cns,1,0
CHEMBL117785,-7.316,2,0.0,0.0,9.33,0,,ACVR1,t1_cns,1,0
CHEMBL1179047,-6.15,2,0.0,0.0,13.07,0,,ACVR1,t1_cns,1,0
CHEMBL118,-9.332,1,0.0,0.0,16.13,0,,ACVR1,t1_cns,1,0
CHEMBL1180725,-8.048,3,0.0,0.0,19.93,0,,ACVR1,t1_cns,1,0
CHEMBL1185,-7.42,2,0.0,0.0,12.25,0,,ACVR1,t1_cns,1,0
CHEMBL1186579,-8.19,3,0.0,0.0,11.05,0,,ACVR1,t1_cns,1,0
CHEMBL1186610,-6.57,2,0.0,0.0,12.16,0,,ACVR1,t1_cns,1,0
CHEMBL1187833,-8.777,2,0.0,0.0,32.35,0,,ACVR1,t1_cns,1,0
CHEMBL1189432,-8.587,2,0.0,0.0,14.6,0,,ACVR1,t1_cns,1,0
CHEMBL1189679,-9.41,3,0.0,0.0,8.22,0,,ACVR1,t1_cns,1,0
CHEMBL1190,-4.993,3,0.0,0.0,19.25,0,,ACVR1,t1_cns,1,0
CHEMBL1193,-7.374,2,0.0,0.0,10.14,0,,ACVR1,t1_cns,1,0
CHEMBL1194,-6.515,3,0.0,0.0,9.27,0,,ACVR1,t1_cns,1,0
CHEMBL1194325,-8.581,3,0.0,0.0,42.75,0,,ACVR1,t1_cns,1,0
CHEMBL1195,-6.267,2,0.0,0.0,20.0,0,,ACVR1,t1_cns,1,0
CHEMBL1197,-7.049,2,0.0,0.0,11.96,0,,ACVR1,t1_cns,1,0
CHEMBL1198857,-7.288,3,0.0,0.0,82.5,0,,ACVR1,t1_cns,1,0
CHEMBL1199080,-5.834,2,0.0,0.0,5.89,0,,ACVR1,t1_cns,1,0
CHEMBL1199307,-7.279,2,0.0,0.0,47.26,0,,ACVR1,t1_cns,1,0
CHEMBL12,-7.657,2,0.0,0.0,18.73,0,,ACVR1,t1_cns,1,0
CHEMBL1200338,-6.567,1,0.0,0.0,8.2,0,,ACVR1,t1_cns,1,0
CHEMBL1200406,-7.51,1,0.0,0.0,11.12,0,,ACVR1,t1_cns,1,0
CHEMBL1200472,-7.815,1,0.0,0.0,34.76,0,,ACVR1,t1_cns,1,0
CHEMBL1200596,-6.374,3,0.0,0.0,4.89,0,,ACVR1,t1_cns,1,0
CHEMBL1200604,-7.279,1,0.0,0.0,15.06,0,,ACVR1,t1_cns,1,0
CHEMBL1200694,-4.972,2,0.0,0.0,5.08,0,,ACVR1,t1_cns,1,0
CHEMBL1200714,-7.319,1,0.0,0.0,6.13,0,,ACVR1,t1_cns,1,0
CHEMBL1200748,-6.199,1,0.0,0.0,12.26,0,,ACVR1,t1_cns,1,0
CHEMBL1200790,-5.372,3,0.0,0.0,5.1,0,,ACVR1,t1_cns,1,0
CHEMBL1200802,-6.095,2,0.0,0.0,7.97,0,,ACVR1,t1_cns,1,0
CHEMBL1200922,-5.666,2,0.0,0.0,11.93,0,,ACVR1,t1_cns,1,0
CHEMBL1201,-8.416,2,0.0,0.0,23.84,0,,ACVR1,t1_cns,1,0
CHEMBL1201087,-8.594,3,0.0,0.0,36.09,0,,ACVR1,t1_cns,1,0
CHEMBL1201168,-7.128,3,0.0,0.0,8.73,0,,ACVR1,t1_cns,1,0
CHEMBL1201191,-7.92,2,0.0,0.0,28.46,0,,ACVR1,t1_cns,1,0
CHEMBL1201192,-8.104,1,0.0,0.0,11.06,0,,ACVR1,t1_cns,1,0
CHEMBL1201201,-5.679,1,0.0,0.0,4.97,0,,ACVR1,t1_cns,1,0
CHEMBL1201206,-7.568,2,0.0,0.0,33.16,0,,ACVR1,t1_cns,1,0
CHEMBL1201210,-8.309,2,0.0,0.0,12.27,0,,ACVR1,t1_cns,1,0
CHEMBL1201212,-6.319,3,0.0,0.0,14.59,0,,ACVR1,t1_cns,1,0
CHEMBL1201213,-6.812,3,0.0,0.0,13.42,0,,ACVR1,t1_cns,1,0
CHEMBL1201216,-8.603,3,0.0,0.0,12.79,0,,ACVR1,t1_cns,1,0
CHEMBL1201217,-6.702,3,0.0,0.0,15.37,0,,ACVR1,t1_cns,1,0
CHEMBL1201219,-8.8,2,0.0,0.0,31.66,0,,ACVR1,t1_cns,1,0
CHEMBL1201222,-6.789,3,0.0,0.0,18.47,0,,ACVR1,t1_cns,1,0
CHEMBL1201229,-7.047,3,0.0,0.0,118.87,0,,ACVR1,t1_cns,1,0
CHEMBL1201234,-5.773,2,0.0,0.0,5.33,0,,ACVR1,t1_cns,1,0
CHEMBL1201237,-7.617,3,0.0,0.0,15.95,0,,ACVR1,t1_cns,1,0
CHEMBL1201244,-8.456,2,0.0,0.0,29.98,0,,ACVR1,t1_cns,1,0
CHEMBL1201256,-7.212,3,0.0,0.0,28.28,0,,ACVR1,t1_cns,1,0
CHEMBL1201264,-7.921,2,0.0,0.0,18.56,0,,ACVR1,t1_cns,1,0
CHEMBL1201266,-7.226,2,0.0,0.0,13.79,0,,ACVR1,t1_cns,1,0
CHEMBL1201271,-10.9,1,0.0,0.0,24.7,0,,ACVR1,t1_cns,1,0
CHEMBL1201274,-6.511,2,0.0,0.0,25.56,0,,ACVR1,t1_cns,1,0
CHEMBL1201284,-8.567,3,0.0,0.0,20.01,0,,ACVR1,t1_cns,1,0
CHEMBL1201288,-8.299,2,0.0,0.0,11.24,0,,ACVR1,t1_cns,1,0
CHEMBL1201293,-3.854,3,0.0,0.0,6.82,0,,ACVR1,t1_cns,1,0
CHEMBL1201317,-4.116,2,0.0,0.0,6.32,0,,ACVR1,t1_cns,1,0
CHEMBL1201319,-5.725,3,0.0,0.0,6.87,0,,ACVR1,t1_cns,1,0
CHEMBL1201323,-4.316,3,0.0,0.0,4.94,0,,ACVR1,t1_cns,1,0
CHEMBL1201336,-8.497,2,0.0,0.0,20.58,0,,ACVR1,t1_cns,1,0
CHEMBL1201338,-7.381,2,0.0,0.0,15.21,0,,ACVR1,t1_cns,1,0
CHEMBL1201340,-9.569,1,0.0,0.0,8.48,0,,ACVR1,t1_cns,1,0
CHEMBL1201353,-7.363,2,0.0,0.0,9.93,0,,ACVR1,t1_cns,1,0
CHEMBL1201354,-7.939,1,0.0,0.0,18.51,0,,ACVR1,t1_cns,1,0
CHEMBL1201747,-6.932,3,0.0,0.0,24.98,0,,ACVR1,t1_cns,1,0
CHEMBL1201754,-6.911,3,0.0,0.0,7.92,0,,ACVR1,t1_cns,1,0
CHEMBL1201758,-8.22,1,0.0,0.0,27.8,0,,ACVR1,t1_cns,1,0
CHEMBL1201764,-8.834,3,0.0,0.0,35.72,0,,ACVR1,t1_cns,1,0
CHEMBL1201776,-6.861,1,0.0,0.0,9.64,0,,ACVR1,t1_cns,1,0
CHEMBL1206690,-8.853,2,0.0,0.0,17.13,0,,ACVR1,t1_cns,1,0
CHEMBL1213351,-6.971,2,0.0,0.0,20.07,0,,ACVR1,t1_cns,1,0
CHEMBL1214124,-9.446,3,0.0,0.0,13.12,0,,ACVR1,t1_cns,1,0
CHEMBL1215,-5.592,3,0.0,0.0,6.58,0,,ACVR1,t1_cns,1,0
CHEMBL1218,-7.745,3,0.0,0.0,9.53,0,,ACVR1,t1_cns,1,0
CHEMBL1224,-9.424,1,0.0,0.0,18.84,0,,ACVR1,t1_cns,1,0
CHEMBL1231,-6.994,3,0.0,0.0,26.53,0,,ACVR1,t1_cns,1,0
CHEMBL1237021,-10.71,3,0.0,0.0,31.81,0,,ACVR1,t1_cns,1,0
CHEMBL1237044,-7.054,3,0.0,0.0,10.1,0,,ACVR1,t1_cns,1,0
CHEMBL1241,-7.036,1,0.0,0.0,11.25,0,,ACVR1,t1_cns,1,0
CHEMBL1254682,-8.24,2,0.0,0.0,7.35,0,,ACVR1,t1_cns,1,0
CHEMBL1256,-4.707,2,0.0,0.0,4.72,0,,ACVR1,t1_cns,1,0
CHEMBL1256786,-7.608,1,0.0,0.0,27.37,0,,ACVR1,t1_cns,1,0
CHEMBL1256841,-7.411,2,0.0,0.0,16.93,0,,ACVR1,t1_cns,1,0
CHEMBL1257,-4.521,2,0.0,0.0,4.72,0,,ACVR1,t1_cns,1,0
CHEMBL1259,-4.255,3,0.0,0.0,179.57,0,,ACVR1,t1_cns,1,0
CHEMBL126224,-5.727,2,0.0,0.0,29.52,0,,ACVR1,t1_cns,1,0
CHEMBL1263,-7.318,2,0.0,0.0,72.06,0,,ACVR1,t1_cns,1,0
CHEMBL1266,-7.339,2,0.0,0.0,4.82,0,,ACVR1,t1_cns,1,0
CHEMBL12713,-10.62,3,0.0,0.0,22.72,0,,ACVR1,t1_cns,1,0
CHEMBL127516,-6.213,2,0.0,0.0,8.26,0,,ACVR1,t1_cns,1,0
CHEMBL1278,-7.675,2,0.0,0.0,15.81,0,,ACVR1,t1_cns,1,0
CHEMBL1279,-8.232,2,0.0,0.0,6.63,0,,ACVR1,t1_cns,1,0
CHEMBL128,-6.836,2,0.0,0.0,12.34,0,,ACVR1,t1_cns,1,0
CHEMBL1286,-4.962,3,0.0,0.0,5.4,0,,ACVR1,t1_cns,1,0
CHEMBL1290,-7.291,1,0.0,0.0,15.9,0,,ACVR1,t1_cns,1,0
CHEMBL1291,-7.113,3,0.0,0.0,18.32,0,,ACVR1,t1_cns,1,0
CHEMBL1294,-8.167,3,0.0,0.0,13.55,0,,ACVR1,t1_cns,1,0
CHEMBL13,-6.068,1,0.0,0.0,17.7,0,,ACVR1,t1_cns,1,0
CHEMBL1303,-8.328,2,0.0,0.0,15.0,0,,ACVR1,t1_cns,1,0
CHEMBL1305,-7.752,2,0.0,0.0,11.94,0,,ACVR1,t1_cns,1,0
CHEMBL131,-8.582,2,0.0,0.0,11.69,0,,ACVR1,t1_cns,1,0
CHEMBL13209,-7.409,2,0.0,0.0,23.29,0,,ACVR1,t1_cns,1,0
CHEMBL1321,-7.167,1,0.0,0.0,8.75,0,,ACVR1,t1_cns,1,0
CHEMBL13280,-7.629,3,0.0,0.0,28.27,0,,ACVR1,t1_cns,1,0
CHEMBL134,-6.593,3,0.0,0.0,5.21,0,,ACVR1,t1_cns,1,0
CHEMBL1341,-4.094,3,0.0,0.0,3.73,0,,ACVR1,t1_cns,1,0
CHEMBL1346,-10.62,2,0.0,0.0,30.64,0,,ACVR1,t1_cns,1,0
CHEMBL135400,-9.243,2,0.0,0.0,14.09,0,,ACVR1,t1_cns,1,0
CHEMBL1372950,-10.2,2,0.0,0.0,20.2,0,,ACVR1,t1_cns,1,0
CHEMBL1373,-8.121,1,0.0,0.0,11.35,0,,ACVR1,t1_cns,1,0
CHEMBL1378,-8.568,2,0.0,0.0,18.05,0,,ACVR1,t1_cns,1,0
CHEMBL1382,-8.733,2,0.0,0.0,18.4,0,,ACVR1,t1_cns,1,0
CHEMBL139,-7.768,2,0.0,0.0,10.65,0,,ACVR1,t1_cns,1,0
CHEMBL14,-3.881,1,0.0,0.0,5.82,0,,ACVR1,t1_cns,1,0
CHEMBL1404,-8.505,2,0.0,0.0,38.64,0,,ACVR1,t1_cns,1,0
CHEMBL1410743,-4.534,3,0.0,0.0,3.32,0,,ACVR1,t1_cns,1,0
CHEMBL1411979,-6.232,2,0.0,0.0,10.5,0,,ACVR1,t1_cns,1,0
CHEMBL1414320,-8.441,2,0.0,0.0,39.73,0,,ACVR1,t1_cns,1,0
CHEMBL1420,-5.17,3,0.0,0.0,5.04,0,,ACVR1,t1_cns,1,0
CHEMBL1423,-9.824,3,0.0,0.0,37.93,0,,ACVR1,t1_cns,1,0
CHEMBL142635,-9.4,2,0.0,0.0,27.19,0,,ACVR1,t1_cns,1,0
CHEMBL1428,-7.023,2,0.0,0.0,33.58,0,,ACVR1,t1_cns,1,0
CHEMBL1434,-8.279,2,0.0,0.0,23.05,0,,ACVR1,t1_cns,1,0
CHEMBL1437,-5.704,2,0.0,0.0,8.07,0,,ACVR1,t1_cns,1,0
CHEMBL14370,-8.264,2,0.0,0.0,15.22,0,,ACVR1,t1_cns,1,0
CHEMBL14376,-8.998,2,0.0,0.0,31.56,0,,ACVR1,t1_cns,1,0
CHEMBL1442422,-8.485,3,0.0,0.0,9.47,0,,ACVR1,t1_cns,1,0
CHEMBL1454,-6.531,2,0.0,0.0,5.04,0,,ACVR1,t1_cns,1,0
CHEMBL146095,-8.464,2,0.0,0.0,27.55,0,,ACVR1,t1_cns,1,0
CHEMBL1480,-6.739,3,0.0,0.0,16.65,0,,ACVR1,t1_cns,1,0
CHEMBL1480987,-8.119,2,0.0,0.0,10.88,0,,ACVR1,t1_cns,1,0
CHEMBL1482,-4.435,2,0.0,0.0,5.98,0,,ACVR1,t1_cns,1,0
CHEMBL1484,-8.012,3,0.0,0.0,51.79,0,,ACVR1,t1_cns,1,0
CHEMBL1490,-7.644,2,0.0,0.0,15.25,0,,ACVR1,t1_cns,1,0
CHEMBL1491,-6.673,1,0.0,0.0,31.05,0,,ACVR1,t1_cns,1,0
CHEMBL1492,-8.829,1,0.0,0.0,10.12,0,,ACVR1,t1_cns,1,0
CHEMBL1492500,-7.69,2,0.0,0.0,8.89,0,,ACVR1,t1_cns,1,0
CHEMBL1493,-9.489,2,0.0,0.0,21.71,0,,ACVR1,t1_cns,1,0
CHEMBL15023,-9.26,1,0.0,0.0,27.61,0,,ACVR1,t1_cns,1,0
CHEMBL1505,-7.518,3,0.0,0.0,15.13,0,,ACVR1,t1_cns,1,0
CHEMBL1508,-7.642,1,0.0,0.0,13.98,0,,ACVR1,t1_cns,1,0
CHEMBL1510,-9.305,2,0.0,0.0,21.14,0,,ACVR1,t1_cns,1,0
CHEMBL1514,-4.705,2,0.0,0.0,21.85,0,,ACVR1,t1_cns,1,0
CHEMBL1515611,-5.634,2,0.0,0.0,4.96,0,,ACVR1,t1_cns,1,0
CHEMBL1521,-8.487,3,0.0,0.0,12.7,0,,ACVR1,t1_cns,1,0
CHEMBL1522,-8.481,3,0.0,0.0,14.22,0,,ACVR1,t1_cns,1,0
CHEMBL154,-7.397,3,0.0,0.0,7.56,0,,ACVR1,t1_cns,1,0
CHEMBL1568698,-9.444,3,0.0,0.0,7.67,0,,ACVR1,t1_cns,1,0
CHEMBL1580,-5.675,3,0.0,0.0,27.45,0,,ACVR1,t1_cns,1,0
CHEMBL1584,-8.809,3,0.0,0.0,28.36,0,,ACVR1,t1_cns,1,0
CHEMBL159226,-6.61,3,0.0,0.0,12.43,0,,ACVR1,t1_cns,1,0
CHEMBL1595,-7.958,3,0.0,0.0,7.31,0,,ACVR1,t1_cns,1,0
CHEMBL16,-8.382,1,0.0,0.0,7.42,0,,ACVR1,t1_cns,1,0
CHEMBL16073,-5.859,1,0.0,0.0,5.45,0,,ACVR1,t1_cns,1,0
CHEMBL1611,-8.194,1,0.0,0.0,7.49,0,,ACVR1,t1_cns,1,0
CHEMBL1615438,-8.795,2,0.0,0.0,22.82,0,,ACVR1,t1_cns,1,0
CHEMBL1618018,-7.318,2,0.0,0.0,11.05,0,,ACVR1,t1_cns,1,0
CHEMBL1619,-6.917,3,0.0,0.0,11.5,0,,ACVR1,t1_cns,1,0
CHEMBL162036,-7.649,2,0.0,0.0,15.03,0,,ACVR1,t1_cns,1,0
CHEMBL1621,-10.42,3,0.0,0.0,24.58,0,,ACVR1,t1_cns,1,0
CHEMBL1621597,-7.892,2,0.0,0.0,16.71,0,,ACVR1,t1_cns,1,0
CHEMBL1623992,-9.228,1,0.0,0.0,15.48,0,,ACVR1,t1_cns,1,0
CHEMBL1626,-8.686,1,0.0,0.0,15.66,0,,ACVR1,t1_cns,1,0
CHEMBL1626223,-6.205,2,0.0,0.0,5.47,0,,ACVR1,t1_cns,1,0
CHEMBL1628227,-8.712,2,0.0,0.0,8.83,0,,ACVR1,t1_cns,1,0
CHEMBL1628502,-7.131,2,0.0,0.0,20.99,0,,ACVR1,t1_cns,1,0
CHEMBL1643895,-8.87,3,0.0,0.0,8.84,0,,ACVR1,t1_cns,1,0
CHEMBL1648,-7.608,3,0.0,0.0,18.2,0,,ACVR1,t1_cns,1,0
CHEMBL1652,-7.243,2,0.0,0.0,62.13,0,,ACVR1,t1_cns,1,0
CHEMBL1685,-5.771,2,0.0,0.0,17.72,0,,ACVR1,t1_cns,1,0
CHEMBL168815,-5.482,2,0.0,0.0,3.87,0,,ACVR1,t1_cns,1,0
CHEMBL1697737,-7.453,2,0.0,0.0,25.42,0,,ACVR1,t1_cns,1,0
CHEMBL1697856,-6.203,2,0.0,0.0,9.83,0,,ACVR1,t1_cns,1,0
CHEMBL169901,-6.782,2,0.0,0.0,5.0,0,,ACVR1,t1_cns,1,0
CHEMBL17157,-10.48,1,0.0,0.0,50.14,0,,ACVR1,t1_cns,1,0
CHEMBL1726,-6.677,2,0.0,0.0,23.89,0,,ACVR1,t1_cns,1,0
CHEMBL1729,-8.186,2,0.0,0.0,39.85,0,,ACVR1,t1_cns,1,0
CHEMBL1732,-9.771,3,0.0,0.0,49.58,0,,ACVR1,t1_cns,1,0
CHEMBL1742423,-8.788,2,0.0,0.0,45.28,0,,ACVR1,t1_cns,1,0
CHEMBL1742466,-7.769,3,0.0,0.0,87.22,0,,ACVR1,t1_cns,1,0
CHEMBL1742471,-7.613,3,0.0,0.0,33.46,0,,ACVR1,t1_cns,1,0
CHEMBL1752,-6.414,3,0.0,0.0,11.17,0,,ACVR1,t1_cns,1,0
CHEMBL1754,-8.58,2,0.0,0.0,20.1,0,,ACVR1,t1_cns,1,0
CHEMBL1760,-6.364,1,0.0,0.0,10.62,0,,ACVR1,t1_cns,1,0
CHEMBL1762,-6.677,3,0.0,0.0,6.13,0,,ACVR1,t1_cns,1,0
CHEMBL1764,-7.879,2,0.0,0.0,11.4,0,,ACVR1,t1_cns,1,0
CHEMBL17860,-6.442,3,0.0,0.0,6.95,0,,ACVR1,t1_cns,1,0
CHEMBL178803,-7.165,2,0.0,0.0,44.05,0,,ACVR1,t1_cns,1,0
CHEMBL1790041,-5.681,2,0.0,0.0,21.19,0,,ACVR1,t1_cns,1,0
CHEMBL181,-6.635,3,0.0,0.0,4.68,0,,ACVR1,t1_cns,1,0
CHEMBL18116,-6.795,2,0.0,0.0,6.79,0,,ACVR1,t1_cns,1,0
CHEMBL184412,-7.174,2,0.0,0.0,90.08,0,,ACVR1,t1_cns,1,0
CHEMBL185073,-8.017,1,0.0,0.0,33.74,0,,ACVR1,t1_cns,1,0
CHEMBL1874750,-7.958,3,0.0,0.0,24.99,0,,ACVR1,t1_cns,1,0
CHEMBL1888176,-10.25,3,0.0,0.0,22.46,0,,ACVR1,t1_cns,1,0
CHEMBL188921,-6.453,2,0.0,0.0,16.78,0,,ACVR1,t1_cns,1,0
CHEMBL1900528,-7.445,3,0.0,0.0,17.48,0,,ACVR1,t1_cns,1,0
CHEMBL19019,-8.419,3,0.0,0.0,10.42,0,,ACVR1,t1_cns,1,0
CHEMBL190461,-8.049,3,0.0,0.0,15.82,0,,ACVR1,t1_cns,1,0
CHEMBL1909324,-7.89,2,0.0,0.0,40.64,0,,ACVR1,t1_cns,1,0
CHEMBL19299,-7.37,2,0.0,0.0,9.58,0,,ACVR1,t1_cns,1,0
CHEMBL193,-4.513,3,0.0,0.0,16.05,0,,ACVR1,t1_cns,1,0
CHEMBL197084,-6.252,3,0.0,0.0,23.42,0,,ACVR1,t1_cns,1,0
CHEMBL1983350,-7.233,1,0.0,0.0,7.86,0,,ACVR1,t1_cns,1,0
CHEMBL2,-8.566,2,0.0,0.0,15.41,0,,ACVR1,t1_cns,1,0
CHEMBL2028019,-8.438,2,0.0,0.0,22.06,0,,ACVR1,t1_cns,1,0
CHEMBL207538,-8.992,3,0.0,0.0,7.07,0,,ACVR1,t1_cns,1,0
CHEMBL2095212,-8.299,2,0.0,0.0,38.47,0,,ACVR1,t1_cns,1,0
CHEMBL2103822,-7.455,3,0.0,0.0,11.58,0,,ACVR1,t1_cns,1,0
CHEMBL2103827,-5.872,2,0.0,0.0,14.27,0,,ACVR1,t1_cns,1,0
CHEMBL2103837,-8.782,3,0.0,0.0,10.04,0,,ACVR1,t1_cns,1,0
CHEMBL2104095,-3.181,2,0.0,0.0,4.78,0,,ACVR1,t1_cns,1,0
CHEMBL2104356,-8.204,3,0.0,0.0,33.79,0,,ACVR1,t1_cns,1,0
CHEMBL2104993,-8.342,2,0.0,0.0,11.39,0,,ACVR1,t1_cns,1,0
CHEMBL2105233,-5.645,3,0.0,0.0,9.65,0,,ACVR1,t1_cns,1,0
CHEMBL2105275,-5.601,2,0.0,0.0,6.04,0,,ACVR1,t1_cns,1,0
CHEMBL2105581,-7.188,1,0.0,0.0,26.89,0,,ACVR1,t1_cns,1,0
CHEMBL2105760,-9.307,2,0.0,0.0,29.94,0,,ACVR1,t1_cns,1,0
CHEMBL2107011,-9.248,3,0.0,0.0,21.9,0,,ACVR1,t1_cns,1,0
CHEMBL2107726,-7.214,2,0.0,0.0,14.72,0,,ACVR1,t1_cns,1,0
CHEMBL2110774,-7.816,2,0.0,0.0,12.56,0,,ACVR1,t1_cns,1,0
CHEMBL2110805,-8.593,2,0.0,0.0,12.09,0,,ACVR1,t1_cns,1,0
CHEMBL2110816,-6.808,1,0.0,0.0,30.18,0,,ACVR1,t1_cns,1,0
CHEMBL2111030,-7.076,2,0.0,0.0,9.87,0,,ACVR1,t1_cns,1,0
CHEMBL2111097,-6.734,3,0.0,0.0,30.98,0,,ACVR1,t1_cns,1,0
CHEMBL2111101,-8.026,2,0.0,0.0,33.61,0,,ACVR1,t1_cns,1,0
CHEMBL2111112,-7.901,3,0.0,0.0,21.9,0,,ACVR1,t1_cns,1,0
CHEMBL211456,-5.39,3,0.0,0.0,6.04,0,,ACVR1,t1_cns,1,0
CHEMBL21536,-6.266,2,0.0,0.0,12.7,0,,ACVR1,t1_cns,1,0
CHEMBL2159122,-10.22,3,0.0,0.0,96.34,0,,ACVR1,t1_cns,1,0
CHEMBL21731,-8.222,2,0.0,0.0,9.65,0,,ACVR1,t1_cns,1,0
CHEMBL2178422,-8.934,3,0.0,0.0,105.72,0,,ACVR1,t1_cns,1,0
CHEMBL219916,-9.565,2,0.0,0.0,28.23,0,,ACVR1,t1_cns,1,0
CHEMBL220492,-7.15,2,0.0,0.0,12.24,0,,ACVR1,t1_cns,1,0
CHEMBL22097,-8.294,2,0.0,0.0,32.01,0,,ACVR1,t1_cns,1,0
CHEMBL2218861,-7.629,2,0.0,0.0,23.79,0,,ACVR1,t1_cns,1,0
CHEMBL2218896,-8.504,2,0.0,0.0,22.26,0,,ACVR1,t1_cns,1,0
CHEMBL22242,-7.497,3,0.0,0.0,13.12,0,,ACVR1,t1_cns,1,0
CHEMBL23,-6.398,2,0.0,0.0,66.23,0,,ACVR1,t1_cns,1,0
CHEMBL231068,-9.622,3,0.0,0.0,21.66,0,,ACVR1,t1_cns,1,0
CHEMBL2364638,-8.08,2,0.0,0.0,44.75,0,,ACVR1,t1_cns,1,0
CHEMBL2364639,-8.92,1,0.0,0.0,28.81,0,,ACVR1,t1_cns,1,0
CHEMBL2397415,-10.72,3,0.0,0.0,79.03,0,,ACVR1,t1_cns,1,0
CHEMBL24072,-9.4,1,0.0,0.0,23.18,0,,ACVR1,t1_cns,1,0
CHEMBL243712,-7.267,2,0.0,0.0,23.34,0,,ACVR1,t1_cns,1,0
CHEMBL2443262,-8.048,2,0.0,0.0,25.38,0,,ACVR1,t1_cns,1,0
CHEMBL24441,-4.906,3,0.0,0.0,5.46,0,,ACVR1,t1_cns,1,0
CHEMBL24778,-7.908,3,0.0,0.0,79.9,0,,ACVR1,t1_cns,1,0
CHEMBL25,-5.425,2,0.0,0.0,6.11,0,,ACVR1,t1_cns,1,0
CHEMBL251940,-8.866,2,0.0,0.0,15.37,0,,ACVR1,t1_cns,1,0
CHEMBL252556,-6.188,3,0.0,0.0,30.37,0,,ACVR1,t1_cns,1,0
CHEMBL254857,-8.779,2,0.0,0.0,19.25,0,,ACVR1,t1_cns,1,0
CHEMBL255044,-7.592,2,0.0,0.0,17.2,0,,ACVR1,t1_cns,1,0
CHEMBL259209,-6.742,2,0.0,0.0,11.14,0,,ACVR1,t1_cns,1,0
CHEMBL26,-7.439,2,0.0,0.0,17.3,0,,ACVR1,t1_cns,1,0
CHEMBL267495,-8.935,3,0.0,0.0,37.92,0,,ACVR1,t1_cns,1,0
CHEMBL267894,-6.278,3,0.0,0.0,7.56,0,,ACVR1,t1_cns,1,0
CHEMBL267936,-5.134,3,0.0,0.0,3.87,0,,ACVR1,t1_cns,1,0
CHEMBL268164,-6.816,2,0.0,0.0,5.91,0,,ACVR1,t1_cns,1,0
CHEMBL27,-6.834,3,0.0,0.0,12.92,0,,ACVR1,t1_cns,1,0
CHEMBL270190,-9.464,2,0.0,0.0,35.58,0,,ACVR1,t1_cns,1,0
CHEMBL273575,-8.379,2,0.0,0.0,6.62,0,,ACVR1,t1_cns,1,0
CHEMBL276520,-7.688,3,0.0,0.0,7.17,0,,ACVR1,t1_cns,1,0
CHEMBL277062,-6.793,3,0.0,0.0,17.21,0,,ACVR1,t1_cns,1,0
CHEMBL278020,-6.247,2,0.0,0.0,6.52,0,,ACVR1,t1_cns,1,0
CHEMBL27810,-6.995,2,0.0,0.0,31.56,0,,ACVR1,t1_cns,1,0
CHEMBL278819,-8.238,1,0.0,0.0,12.12,0,,ACVR1,t1_cns,1,0
CHEMBL279516,-9.241,3,0.0,0.0,17.29,0,,ACVR1,t1_cns,1,0
CHEMBL282052,-9.147,3,0.0,0.0,6.22,0,,ACVR1,t1_cns,1,0
CHEMBL282121,-7.328,3,0.0,0.0,52.73,0,,ACVR1,t1_cns,1,0
CHEMBL28218,-8.679,2,0.0,0.0,24.61,0,,ACVR1,t1_cns,1,0
CHEMBL28318,-7.911,2,0.0,0.0,7.75,0,,ACVR1,t1_cns,1,0
CHEMBL28333,-6.471,2,0.0,0.0,20.78,0,,ACVR1,t1_cns,1,0
CHEMBL284092,-7.569,2,0.0,0.0,22.67,0,,ACVR1,t1_cns,1,0
CHEMBL284906,-5.536,2,0.0,0.0,9.49,0,,ACVR1,t1_cns,1,0
CHEMBL285674,-7.989,2,0.0,0.0,8.54,0,,ACVR1,t1_cns,1,0
CHEMBL288470,-7.37,2,0.0,0.0,7.64,0,,ACVR1,t1_cns,1,0
CHEMBL289469,-8.478,3,0.0,0.0,11.17,0,,ACVR1,t1_cns,1,0
CHEMBL289480,-5.419,3,0.0,0.0,6.34,0,,ACVR1,t1_cns,1,0
CHEMBL290916,-6.692,2,0.0,0.0,4.55,0,,ACVR1,t1_cns,1,0
CHEMBL294199,-6.909,2,0.0,0.0,21.58,0,,ACVR1,t1_cns,1,0
CHEMBL296419,-8.917,2,0.0,0.0,42.39,0,,ACVR1,t1_cns,1,0
CHEMBL297302,-9.596,3,0.0,0.0,22.9,0,,ACVR1,t1_cns,1,0
CHEMBL3,-5.919,3,0.0,0.0,5.05,0,,ACVR1,t1_cns,1,0
CHEMBL30,-5.913,1,0.0,0.0,10.4,0,,ACVR1,t1_cns,1,0
CHEMBL301265,-6.231,2,0.0,0.0,7.46,0,,ACVR1,t1_cns,1,0
CHEMBL3039520,-9.653,2,0.0,0.0,15.47,0,,ACVR1,t1_cns,1,0
CHEMBL305660,-9.599,1,0.0,0.0,45.32,0,,ACVR1,t1_cns,1,0
CHEMBL306700,-6.181,2,0.0,0.0,8.75,0,,ACVR1,t1_cns,1,0
CHEMBL312448,-7.218,2,0.0,0.0,7.43,0,,ACVR1,t1_cns,1,0
CHEMBL3137326,-7.746,3,0.0,0.0,9.62,0,,ACVR1,t1_cns,1,0
CHEMBL314437,-5.289,3,0.0,0.0,20.92,0,,ACVR1,t1_cns,1,0
CHEMBL315795,-4.239,2,0.0,0.0,4.24,0,,ACVR1,t1_cns,1,0
CHEMBL315985,-6.539,3,0.0,0.0,22.59,0,,ACVR1,t1_cns,1,0
CHEMBL3183075,-5.112,3,0.0,0.0,20.65,0,,ACVR1,t1_cns,1,0
CHEMBL3187365,-8.098,3,0.0,0.0,5.1,0,,ACVR1,t1_cns,1,0
CHEMBL32479,-9.246,3,0.0,0.0,8.51,0,,ACVR1,t1_cns,1,0
CHEMBL32800,-7.727,2,0.0,0.0,21.45,0,,ACVR1,t1_cns,1,0
CHEMBL328560,-7.085,2,0.0,0.0,9.04,0,,ACVR1,t1_cns,1,0
CHEMBL3306803,-10.01,1,0.0,0.0,23.73,0,,ACVR1,t1_cns,1,0
CHEMBL339427,-5.325,2,0.0,0.0,175.19,0,,ACVR1,t1_cns,1,0
CHEMBL33986,-8.363,2,0.0,0.0,11.01,0,,ACVR1,t1_cns,1,0
CHEMBL354077,-4.323,3,0.0,0.0,4.59,0,,ACVR1,t1_cns,1,0
CHEMBL3545367,-9.276,3,0.0,0.0,26.18,0,,ACVR1,t1_cns,1,0
CHEMBL36715,-4.795,3,0.0,0.0,6.17,0,,ACVR1,t1_cns,1,0
CHEMBL376897,-7.729,2,0.0,0.0,16.23,0,,ACVR1,t1_cns,1,0
CHEMBL37744,-7.447,2,0.0,0.0,10.47,0,,ACVR1,t1_cns,1,0
CHEMBL3833301,-5.601,2,0.0,0.0,6.78,0,,ACVR1,t1_cns,1,0
CHEMBL3833389,-8.114,2,0.0,0.0,23.66,0,,ACVR1,t1_cns,1,0
CHEMBL384467,-8.875,2,0.0,0.0,13.27,0,,ACVR1,t1_cns,1,0
CHEMBL395091,-6.908,3,0.0,0.0,7.4,0,,ACVR1,t1_cns,1,0
CHEMBL396778,-8.261,2,0.0,0.0,18.59,0,,ACVR1,t1_cns,1,0
CHEMBL398707,-8.148,3,0.0,0.0,6.22,0,,ACVR1,t1_cns,1,0
CHEMBL3989695,-8.601,2,0.0,0.0,24.64,0,,ACVR1,t1_cns,1,0
CHEMBL3989803,-7.696,2,0.0,0.0,10.48,0,,ACVR1,t1_cns,1,0
CHEMBL3989843,-5.984,2,0.0,0.0,4.34,0,,ACVR1,t1_cns,1,0
CHEMBL3989949,-6.731,3,0.0,0.0,10.28,0,,ACVR1,t1_cns,1,0
CHEMBL3991065,-11.75,2,0.0,0.0,32.82,0,,ACVR1,t1_cns,1,0
CHEMBL40,-7.007,2,0.0,0.0,5.98,0,,ACVR1,t1_cns,1,0
CHEMBL404849,-6.445,2,0.0,0.0,29.0,0,,ACVR1,t1_cns,1,0
CHEMBL405,-5.355,2,0.0,0.0,4.8,0,,ACVR1,t1_cns,1,0
CHEMBL407,-8.396,2,0.0,0.0,8.3,0,,ACVR1,t1_cns,1,0
CHEMBL41,-8.34,2,0.0,0.0,14.83,0,,ACVR1,t1_cns,1,0
CHEMBL4105630,-9.101,2,0.0,0.0,17.34,0,,ACVR1,t1_cns,1,0
CHEMBL41355,-7.704,2,0.0,0.0,17.34,0,,ACVR1,t1_cns,1,0
CHEMBL413965,-7.862,2,0.0,0.0,8.2,0,,ACVR1,t1_cns,1,0
CHEMBL415,-6.397,2,0.0,0.0,33.42,0,,ACVR1,t1_cns,1,0
CHEMBL416956,-9.272,2,0.0,0.0,17.2,0,,ACVR1,t1_cns,1,0
CHEMBL418995,-4.257,3,0.0,0.0,71.71,0,,ACVR1,t1_cns,1,0
CHEMBL42,-8.926,3,0.0,0.0,7.3,0,,ACVR1,t1_cns,1,0
CHEMBL422,-9.192,1,0.0,0.0,21.0,0,,ACVR1,t1_cns,1,0
CHEMBL423,-6.31,3,0.0,0.0,23.44,0,,ACVR1,t1_cns,1,0
CHEMBL429,-8.244,2,0.0,0.0,23.93,0,,ACVR1,t1_cns,1,0
CHEMBL4297526,-5.783,2,0.0,0.0,19.01,0,,ACVR1,t1_cns,1,0
CHEMBL4297590,-10.01,1,0.0,0.0,28.67,0,,ACVR1,t1_cns,1,0
CHEMBL4297620,-6.355,2,0.0,0.0,11.6,0,,ACVR1,t1_cns,1,0
CHEMBL4303525,-7.193,1,0.0,0.0,29.61,0,,ACVR1,t1_cns,1,0
CHEMBL43064,-9.946,1,0.0,0.0,24.36,0,,ACVR1,t1_cns,1,0
CHEMBL431770,-8.128,3,0.0,0.0,17.05,0,,ACVR1,t1_cns,1,0
CHEMBL434394,-10.08,3,0.0,0.0,28.99,0,,ACVR1,t1_cns,1,0
CHEMBL439849,-10.34,2,0.0,0.0,35.54,0,,ACVR1,t1_cns,1,0
CHEMBL440,-5.879,3,0.0,0.0,8.83,0,,ACVR1,t1_cns,1,0
CHEMBL441,-5.792,3,0.0,0.0,7.55,0,,ACVR1,t1_cns,1,0
CHEMBL442,-9.897,2,0.0,0.0,44.93,0,,ACVR1,t1_cns,1,0
CHEMBL444,-5.407,3,0.0,0.0,4.86,0,,ACVR1,t1_cns,1,0
CHEMBL445,-6.181,3,0.0,0.0,26.7,0,,ACVR1,t1_cns,1,0
CHEMBL447,-6.358,3,0.0,0.0,8.39,0,,ACVR1,t1_cns,1,0
CHEMBL448,-5.797,3,0.0,0.0,7.29,0,,ACVR1,t1_cns,1,0
CHEMBL45,-6.682,3,0.0,0.0,8.14,0,,ACVR1,t1_cns,1,0
CHEMBL450,-5.605,3,0.0,0.0,5.19,0,,ACVR1,t1_cns,1,0
CHEMBL45029,-7.043,2,0.0,0.0,7.11,0,,ACVR1,t1_cns,1,0
CHEMBL451,-7.376,3,0.0,0.0,24.37,0,,ACVR1,t1_cns,1,0
CHEMBL452,-7.917,3,0.0,0.0,28.82,0,,ACVR1,t1_cns,1,0
CHEMBL454,-5.924,2,0.0,0.0,8.68,0,,ACVR1,t1_cns,1,0
CHEMBL455917,-3.49,2,0.0,0.0,4.55,0,,ACVR1,t1_cns,1,0
CHEMBL45816,-9.117,2,0.0,0.0,69.18,0,,ACVR1,t1_cns,1,0
CHEMBL459,-6.101,3,0.0,0.0,13.23,0,,ACVR1,t1_cns,1,0
CHEMBL46,-8.667,2,0.0,0.0,8.56,0,,ACVR1,t1_cns,1,0
CHEMBL460,-7.535,3,0.0,0.0,8.11,0,,ACVR1,t1_cns,1,0
CHEMBL461522,-7.179,3,0.0,0.0,12.07,0,,ACVR1,t1_cns,1,0
CHEMBL462605,-6.693,2,0.0,0.0,14.67,0,,ACVR1,t1_cns,1,0
CHEMBL465,-8.231,3,0.0,0.0,10.73,0,,ACVR1,t1_cns,1,0
CHEMBL465026,-7.09,2,0.0,0.0,21.22,0,,ACVR1,t1_cns,1,0
CHEMBL46516,-10.35,2,0.0,0.0,45.35,0,,ACVR1,t1_cns,1,0
CHEMBL468837,-5.586,3,0.0,0.0,22.17,0,,ACVR1,t1_cns,1,0
CHEMBL469,-7.894,3,0.0,0.0,12.25,0,,ACVR1,t1_cns,1,0
CHEMBL46917,-7.416,2,0.0,0.0,6.6,0,,ACVR1,t1_cns,1,0
CHEMBL471,-6.293,3,0.0,0.0,14.62,0,,ACVR1,t1_cns,1,0
CHEMBL471737,-6.835,2,0.0,0.0,97.74,0,,ACVR1,t1_cns,1,0
CHEMBL473,-7.033,1,0.0,0.0,50.47,0,,ACVR1,t1_cns,1,0
CHEMBL477,-6.618,2,0.0,0.0,13.11,0,,ACVR1,t1_cns,1,0
CHEMBL479,-8.674,2,0.0,0.0,13.23,0,,ACVR1,t1_cns,1,0
CHEMBL485,-8.201,2,0.0,0.0,7.22,0,,ACVR1,t1_cns,1,0
CHEMBL488093,-6.67,3,0.0,0.0,25.82,0,,ACVR1,t1_cns,1,0
CHEMBL49,-8.35,3,0.0,0.0,24.67,0,,ACVR1,t1_cns,1,0
CHEMBL490,-8.301,2,0.0,0.0,14.77,0,,ACVR1,t1_cns,1,0
CHEMBL493,-10.26,3,0.0,0.0,52.74,0,,ACVR1,t1_cns,1,0
CHEMBL493287,-4.714,2,0.0,0.0,8.77,0,,ACVR1,t1_cns,1,0
CHEMBL496,-7.835,3,0.0,0.0,12.62,0,,ACVR1,t1_cns,1,0
CHEMBL498847,-5.239,3,0.0,0.0,8.33,0,,ACVR1,t1_cns,1,0
CHEMBL499,-6.094,3,0.0,0.0,19.28,0,,ACVR1,t1_cns,1,0
CHEMBL500,-6.495,3,0.0,0.0,14.53,0,,ACVR1,t1_cns,1,0
CHEMBL502,-8.893,3,0.0,0.0,23.25,0,,ACVR1,t1_cns,1,0
CHEMBL503565,-6.245,3,0.0,0.0,7.1,0,,ACVR1,t1_cns,1,0
CHEMBL51,-9.574,3,0.0,0.0,27.01,0,,ACVR1,t1_cns,1,0
CHEMBL516,-8.177,3,0.0,0.0,5.98,0,,ACVR1,t1_cns,1,0
CHEMBL517,-7.291,2,0.0,0.0,21.97,0,,ACVR1,t1_cns,1,0
CHEMBL517712,-7.439,2,0.0,0.0,13.52,0,,ACVR1,t1_cns,1,0
CHEMBL521,-6.698,2,0.0,0.0,8.04,0,,ACVR1,t1_cns,1,0
CHEMBL521606,-7.666,3,0.0,0.0,16.33,0,,ACVR1,t1_cns,1,0
CHEMBL524,-5.645,3,0.0,0.0,12.35,0,,ACVR1,t1_cns,1,0
CHEMBL524004,-8.839,2,0.0,0.0,17.95,0,,ACVR1,t1_cns,1,0
CHEMBL52440,-7.693,3,0.0,0.0,5.64,0,,ACVR1,t1_cns,1,0
CHEMBL526,-6.432,3,0.0,0.0,6.41,0,,ACVR1,t1_cns,1,0
CHEMBL531,-8.314,2,0.0,0.0,8.69,0,,ACVR1,t1_cns,1,0
CHEMBL533,-6.391,1,0.0,0.0,36.92,0,,ACVR1,t1_cns,1,0
CHEMBL534,-5.827,2,0.0,0.0,21.06,0,,ACVR1,t1_cns,1,0
CHEMBL54,-8.633,2,0.0,0.0,18.13,0,,ACVR1,t1_cns,1,0
CHEMBL54349,-8.905,1,0.0,0.0,19.03,0,,ACVR1,t1_cns,1,0
CHEMBL546,-6.43,2,0.0,0.0,17.45,0,,ACVR1,t1_cns,1,0
CHEMBL549,-7.786,2,0.0,0.0,16.93,0,,ACVR1,t1_cns,1,0
CHEMBL54976,-6.499,3,0.0,0.0,9.66,0,,ACVR1,t1_cns,1,0
CHEMBL550,-6.333,1,0.0,0.0,7.55,0,,ACVR1,t1_cns,1,0
CHEMBL558,-6.074,3,0.0,0.0,9.16,0,,ACVR1,t1_cns,1,0
CHEMBL56367,-7.563,2,0.0,0.0,14.41,0,,ACVR1,t1_cns,1,0
CHEMBL564,-7.356,3,0.0,0.0,11.42,0,,ACVR1,t1_cns,1,0
CHEMBL56564,-7.823,3,0.0,0.0,12.48,0,,ACVR1,t1_cns,1,0
CHEMBL567,-8.645,3,0.0,0.0,22.92,0,,ACVR1,t1_cns,1,0
CHEMBL568,-7.65,2,0.0,0.0,22.67,0,,ACVR1,t1_cns,1,0
CHEMBL569,-6.162,2,0.0,0.0,13.57,0,,ACVR1,t1_cns,1,0
CHEMBL569713,-7.473,3,0.0,0.0,15.15,0,,ACVR1,t1_cns,1,0
CHEMBL570,-8.272,2,0.0,0.0,14.7,0,,ACVR1,t1_cns,1,0
CHEMBL580,-6.565,2,0.0,0.0,26.19,0,,ACVR1,t1_cns,1,0
CHEMBL58323,-6.338,2,0.0,0.0,12.63,0,,ACVR1,t1_cns,1,0
CHEMBL585,-8.239,3,0.0,0.0,11.02,0,,ACVR1,t1_cns,1,0
CHEMBL588,-6.11,3,0.0,0.0,36.39,0,,ACVR1,t1_cns,1,0
CHEMBL589,-7.139,2,0.0,0.0,14.11,0,,ACVR1,t1_cns,1,0
CHEMBL59,-5.501,3,0.0,0.0,7.31,0,,ACVR1,t1_cns,1,0
CHEMBL591,-4.405,3,0.0,0.0,5.68,0,,ACVR1,t1_cns,1,0
CHEMBL594,-5.664,3,0.0,0.0,37.91,0,,ACVR1,t1_cns,1,0
CHEMBL596,-8.623,3,0.0,0.0,20.63,0,,ACVR1,t1_cns,1,0
CHEMBL597,-8.588,2,0.0,0.0,13.03,0,,ACVR1,t1_cns,1,0
CHEMBL607,-7.087,1,0.0,0.0,9.74,0,,ACVR1,t1_cns,1,0
CHEMBL607400,-6.152,2,0.0,0.0,8.2,0,,ACVR1,t1_cns,1,0
CHEMBL611,-8.303,2,0.0,0.0,17.19,0,,ACVR1,t1_cns,1,0
CHEMBL612,-5.503,2,0.0,0.0,5.04,0,,ACVR1,t1_cns,1,0
CHEMBL61593,-8.476,2,0.0,0.0,10.86,0,,ACVR1,t1_cns,1,0
CHEMBL620,-8.44,2,0.0,0.0,25.32,0,,ACVR1,t1_cns,1,0
CHEMBL621,-8.541,2,0.0,0.0,22.0,0,,ACVR1,t1_cns,1,0
CHEMBL623,-8.68,2,0.0,0.0,50.87,0,,ACVR1,t1_cns,1,0
CHEMBL628,-6.358,3,0.0,0.0,11.15,0,,ACVR1,t1_cns,1,0
CHEMBL629,-6.602,2,0.0,0.0,26.91,0,,ACVR1,t1_cns,1,0
CHEMBL633,-7.554,2,0.0,0.0,44.93,0,,ACVR1,t1_cns,1,0
CHEMBL636,-6.463,3,0.0,0.0,11.77,0,,ACVR1,t1_cns,1,0
CHEMBL637,-6.993,3,0.0,0.0,12.83,0,,ACVR1,t1_cns,1,0
CHEMBL639,-7.656,1,0.0,0.0,43.84,0,,ACVR1,t1_cns,1,0
CHEMBL640,-6.31,1,0.0,0.0,13.47,0,,ACVR1,t1_cns,1,0
CHEMBL641,-7.546,2,0.0,0.0,12.83,0,,ACVR1,t1_cns,1,0
CHEMBL642,-6.425,3,0.0,0.0,30.3,0,,ACVR1,t1_cns,1,0
CHEMBL643,-7.765,3,0.0,0.0,10.09,0,,ACVR1,t1_cns,1,0
CHEMBL6437,-8.631,2,0.0,0.0,5.1,0,,ACVR1,t1_cns,1,0
CHEMBL644,-6.299,2,0.0,0.0,32.97,0,,ACVR1,t1_cns,1,0
CHEMBL645,-6.086,3,0.0,0.0,31.15,0,,ACVR1,t1_cns,1,0
CHEMBL646,-8.706,3,0.0,0.0,8.6,0,,ACVR1,t1_cns,1,0
CHEMBL647,-7.1,3,0.0,0.0,7.77,0,,ACVR1,t1_cns,1,0
CHEMBL648,-8.621,2,0.0,0.0,15.37,0,,ACVR1,t1_cns,1,0
CHEMBL651,-7.705,2,0.0,0.0,16.71,0,,ACVR1,t1_cns,1,0
CHEMBL652,-8.373,2,0.0,0.0,27.23,0,,ACVR1,t1_cns,1,0
CHEMBL654,-8.866,3,0.0,0.0,4.36,0,,ACVR1,t1_cns,1,0
CHEMBL655,-8.233,2,0.0,0.0,7.3,0,,ACVR1,t1_cns,1,0
CHEMBL656,-8.044,3,0.0,0.0,6.81,0,,ACVR1,t1_cns,1,0
CHEMBL657,-7.51,1,0.0,0.0,12.65,0,,ACVR1,t1_cns,1,0
CHEMBL658,-7.902,1,0.0,0.0,20.66,0,,ACVR1,t1_cns,1,0
CHEMBL659,-6.598,3,0.0,0.0,17.06,0,,ACVR1,t1_cns,1,0
CHEMBL660,-4.838,3,0.0,0.0,3.26,0,,ACVR1,t1_cns,1,0
CHEMBL661,-9.743,2,0.0,0.0,6.19,0,,ACVR1,t1_cns,1,0
CHEMBL667,-3.661,2,0.0,0.0,3.86,0,,ACVR1,t1_cns,1,0
CHEMBL668,-8.011,3,0.0,0.0,7.63,0,,ACVR1,t1_cns,1,0
CHEMBL669,-8.165,3,0.0,0.0,10.18,0,,ACVR1,t1_cns,1,0
CHEMBL673,-6.018,2,0.0,0.0,6.53,0,,ACVR1,t1_cns,1,0
CHEMBL679,-5.795,2,0.0,0.0,9.5,0,,ACVR1,t1_cns,1,0
CHEMBL681,-6.955,2,0.0,0.0,10.94,0,,ACVR1,t1_cns,1,0
CHEMBL682,-8.006,3,0.0,0.0,18.79,0,,ACVR1,t1_cns,1,0
CHEMBL695,-4.642,3,0.0,0.0,3.55,0,,ACVR1,t1_cns,1,0
CHEMBL696,-4.859,3,0.0,0.0,4.35,0,,ACVR1,t1_cns,1,0
CHEMBL6966,-7.356,2,0.0,0.0,57.68,0,,ACVR1,t1_cns,1,0
CHEMBL697,-6.663,1,0.0,0.0,6.22,0,,ACVR1,t1_cns,1,0
CHEMBL698,-6.035,2,0.0,0.0,17.76,0,,ACVR1,t1_cns,1,0
CHEMBL6995,-6.223,2,0.0,0.0,17.18,0,,ACVR1,t1_cns,1,0
CHEMBL70,-7.416,2,0.0,0.0,7.52,0,,ACVR1,t1_cns,1,0
CHEMBL701,-5.972,2,0.0,0.0,10.38,0,,ACVR1,t1_cns,1,0
CHEMBL70246,-6.255,3,0.0,0.0,8.49,0,,ACVR1,t1_cns,1,0
CHEMBL70418,-6.884,2,0.0,0.0,24.28,0,,ACVR1,t1_cns,1,0
CHEMBL707,-9.037,3,0.0,0.0,24.57,0,,ACVR1,t1_cns,1,0
CHEMBL708,-9.478,2,0.0,0.0,23.29,0,,ACVR1,t1_cns,1,0
CHEMBL709,-8.027,3,0.0,0.0,31.79,0,,ACVR1,t1_cns,1,0
CHEMBL71,-7.855,2,0.0,0.0,10.92,0,,ACVR1,t1_cns,1,0
CHEMBL714,-6.322,2,0.0,0.0,15.31,0,,ACVR1,t1_cns,1,0
CHEMBL715,-8.635,3,0.0,0.0,6.28,0,,ACVR1,t1_cns,1,0
CHEMBL716,-7.951,3,0.0,0.0,16.07,0,,ACVR1,t1_cns,1,0
CHEMBL71752,-8.53,2,0.0,0.0,18.54,0,,ACVR1,t1_cns,1,0
CHEMBL72,-5.891,3,0.0,0.0,31.2,0,,ACVR1,t1_cns,1,0
CHEMBL723,-8.435,2,0.0,0.0,35.53,0,,ACVR1,t1_cns,1,0
CHEMBL726,-9.119,3,0.0,0.0,23.26,0,,ACVR1,t1_cns,1,0
CHEMBL728,-8.476,3,0.0,0.0,10.52,0,,ACVR1,t1_cns,1,0
CHEMBL73234,-6.582,2,0.0,0.0,20.55,0,,ACVR1,t1_cns,1,0
CHEMBL741,-7.125,3,0.0,0.0,5.57,0,,ACVR1,t1_cns,1,0
CHEMBL742,-7.083,3,0.0,0.0,3.59,0,,ACVR1,t1_cns,1,0
CHEMBL744,-6.546,1,0.0,0.0,8.01,0,,ACVR1,t1_cns,1,0
CHEMBL746,-8.254,2,0.0,0.0,17.23,0,,ACVR1,t1_cns,1,0
CHEMBL750,-6.127,3,0.0,0.0,6.83,0,,ACVR1,t1_cns,1,0
CHEMBL753,-7.137,2,0.0,0.0,17.01,0,,ACVR1,t1_cns,1,0
CHEMBL761,-7.414,3,0.0,0.0,6.98,0,,ACVR1,t1_cns,1,0
CHEMBL762,-7.106,3,0.0,0.0,10.58,0,,ACVR1,t1_cns,1,0
CHEMBL76370,-7.234,2,0.0,0.0,18.97,0,,ACVR1,t1_cns,1,0
CHEMBL765,-3.79,3,0.0,0.0,23.12,0,,ACVR1,t1_cns,1,0
CHEMBL768,-6.39,3,0.0,0.0,24.68,0,,ACVR1,t1_cns,1,0
CHEMBL770,-6.107,3,0.0,0.0,5.29,0,,ACVR1,t1_cns,1,0
CHEMBL772,-7.827,2,0.0,0.0,62.41,0,,ACVR1,t1_cns,1,0
CHEMBL776,-6.257,3,0.0,0.0,12.45,0,,ACVR1,t1_cns,1,0
CHEMBL778,-7.197,2,0.0,0.0,7.52,0,,ACVR1,t1_cns,1,0
CHEMBL7863,-5.528,3,0.0,0.0,7.06,0,,ACVR1,t1_cns,1,0
CHEMBL79,-6.53,2,0.0,0.0,11.29,0,,ACVR1,t1_cns,1,0
CHEMBL796,-7.004,2,0.0,0.0,9.48,0,,ACVR1,t1_cns,1,0
CHEMBL797,-6.912,2,0.0,0.0,5.83,0,,ACVR1,t1_cns,1,0
CHEMBL80,-7.765,3,0.0,0.0,10.19,0,,ACVR1,t1_cns,1,0
CHEMBL807,-5.869,3,0.0,0.0,4.68,0,,ACVR1,t1_cns,1,0
CHEMBL809,-7.995,3,0.0,0.0,7.9,0,,ACVR1,t1_cns,1,0
CHEMBL811,-7.384,2,0.0,0.0,11.28,0,,ACVR1,t1_cns,1,0
CHEMBL814,-7.045,2,0.0,0.0,23.09,0,,ACVR1,t1_cns,1,0
CHEMBL827,-7.343,2,0.0,0.0,15.17,0,,ACVR1,t1_cns,1,0
CHEMBL83063,-7.978,2,0.0,0.0,19.75,0,,ACVR1,t1_cns,1,0
CHEMBL831,-7.977,3,0.0,0.0,8.32,0,,ACVR1,t1_cns,1,0
CHEMBL836,-7.787,3,0.0,0.0,33.37,0,,ACVR1,t1_cns,1,0
CHEMBL839,-6.968,2,0.0,0.0,15.97,0,,ACVR1,t1_cns,1,0
CHEMBL841,-9.591,1,0.0,0.0,32.17,0,,ACVR1,t1_cns,1,0
CHEMBL844,-7.124,3,0.0,0.0,5.3,0,,ACVR1,t1_cns,1,0
CHEMBL85,-10.03,1,0.0,0.0,16.81,0,,ACVR1,t1_cns,1,0
CHEMBL85231,-7.184,1,0.0,0.0,11.82,0,,ACVR1,t1_cns,1,0
CHEMBL855,-8.471,1,0.0,0.0,10.1,0,,ACVR1,t1_cns,1,0
CHEMBL856,-6.776,2,0.0,0.0,6.2,0,,ACVR1,t1_cns,1,0
CHEMBL86,-6.545,3,0.0,0.0,16.72,0,,ACVR1,t1_cns,1,0
CHEMBL861,-6.917,2,0.0,0.0,6.44,0,,ACVR1,t1_cns,1,0
CHEMBL862,-7.341,3,0.0,0.0,7.25,0,,ACVR1,t1_cns,1,0
CHEMBL86304,-6.686,2,0.0,0.0,9.68,0,,ACVR1,t1_cns,1,0
CHEMBL864,-6.83,2,0.0,0.0,14.34,0,,ACVR1,t1_cns,1,0
CHEMBL86715,-8.44,2,0.0,0.0,13.76,0,,ACVR1,t1_cns,1,0
CHEMBL87493,-6.71,2,0.0,0.0,9.59,0,,ACVR1,t1_cns,1,0
CHEMBL87708,-7.442,2,0.0,0.0,70.8,0,,ACVR1,t1_cns,1,0
CHEMBL887,-6.57,2,0.0,0.0,6.54,0,,ACVR1,t1_cns,1,0
CHEMBL894,-6.601,2,0.0,0.0,9.37,0,,ACVR1,t1_cns,1,0
CHEMBL895,-8.498,2,0.0,0.0,14.9,0,,ACVR1,t1_cns,1,0
CHEMBL89598,-4.384,2,0.0,0.0,7.73,0,,ACVR1,t1_cns,1,0
CHEMBL896,-7.614,2,0.0,0.0,33.7,0,,ACVR1,t1_cns,1,0
CHEMBL898,-8.12,2,0.0,0.0,9.68,0,,ACVR1,t1_cns,1,0
CHEMBL90,-4.173,2,0.0,0.0,5.41,0,,ACVR1,t1_cns,1,0
CHEMBL900,-7.934,1,0.0,0.0,13.68,0,,ACVR1,t1_cns,1,0
CHEMBL902,-6.831,2,0.0,0.0,20.51,0,,ACVR1,t1_cns,1,0
CHEMBL905,-7.212,3,0.0,0.0,9.56,0,,ACVR1,t1_cns,1,0
CHEMBL908,-8.37,3,0.0,0.0,12.85,0,,ACVR1,t1_cns,1,0
CHEMBL911,-9.562,2,0.0,0.0,11.34,0,,ACVR1,t1_cns,1,0
CHEMBL91397,-7.249,1,0.0,0.0,38.86,0,,ACVR1,t1_cns,1,0
CHEMBL914,-8.996,1,0.0,0.0,59.19,0,,ACVR1,t1_cns,1,0
CHEMBL918,-6.277,1,0.0,0.0,4.99,0,,ACVR1,t1_cns,1,0
CHEMBL920,-3.181,2,0.0,0.0,3.41,0,,ACVR1,t1_cns,1,0
CHEMBL92401,-5.766,2,0.0,0.0,4.83,0,,ACVR1,t1_cns,1,0
CHEMBL926,-7.98,2,0.0,0.0,13.08,0,,ACVR1,t1_cns,1,0
CHEMBL931,-4.006,2,0.0,0.0,1.82,0,,ACVR1,t1_cns,1,0
CHEMBL936,-8.807,1,0.0,0.0,16.78,0,,ACVR1,t1_cns,1,0
CHEMBL94,-7.905,3,0.0,0.0,8.01,0,,ACVR1,t1_cns,1,0
CHEMBL940,-5.228,3,0.0,0.0,7.39,0,,ACVR1,t1_cns,1,0
CHEMBL94454,-10.08,2,0.0,0.0,27.31,0,,ACVR1,t1_cns,1,0
CHEMBL945,-6.49,3,0.0,0.0,14.61,0,,ACVR1,t1_cns,1,0
CHEMBL946,-5.817,1,0.0,0.0,23.89,0,,ACVR1,t1_cns,1,0
CHEMBL95,-7.525,3,0.0,0.0,4.77,0,,ACVR1,t1_cns,1,0
CHEMBL953,-7.289,2,0.0,0.0,15.85,0,,ACVR1,t1_cns,1,0
CHEMBL963,-7.734,3,0.0,0.0,6.1,0,,ACVR1,t1_cns,1,0
CHEMBL967,-6.271,1,0.0,0.0,23.54,0,,ACVR1,t1_cns,1,0
CHEMBL968,-4.198,2,0.0,0.0,46.69,0,,ACVR1,t1_cns,1,0
CHEMBL969,-4.316,2,0.0,0.0,20.87,0,,ACVR1,t1_cns,1,0
CHEMBL970,-7.351,1,0.0,0.0,12.13,0,,ACVR1,t1_cns,1,0
CHEMBL972,-6.348,3,0.0,0.0,2.39,0,,ACVR1,t1_cns,1,0
CHEMBL978,-4.051,2,0.0,0.0,2.22,0,,ACVR1,t1_cns,1,0
CHEMBL979,-5.739,3,0.0,0.0,4.08,0,,ACVR1,t1_cns,1,0
CHEMBL982,-8.364,3,0.0,0.0,3.93,0,,ACVR1,t1_cns,1,0
CHEMBL9967,-8.853,3,0.0,0.0,4.61,0,,ACVR1,t1_cns,1,0
CHEMBL998,-6.776,3,0.0,0.0,13.54,0,,ACVR1,t1_cns,1,0
CHEMBL99946,-6.58,2,0.0,0.0,6.85,0,,ACVR1,t1_cns,1,0
CHEMBL1000,-8.063,2,0.0,0.0,29.71,0,,ADRA2A,t1_cns,1,0
CHEMBL100116,-9.06,2,0.0,0.0,10.85,0,,ADRA2A,t1_cns,1,0
CHEMBL1004,-6.981,2,0.0,0.0,14.66,0,,ADRA2A,t1_cns,1,0
CHEMBL1005,-7.203,2,0.0,0.0,29.85,0,,ADRA2A,t1_cns,1,0
CHEMBL1008,-7.009,3,0.0,0.0,34.04,0,,ADRA2A,t1_cns,1,0
CHEMBL1009,-6.571,2,0.0,0.0,13.57,0,,ADRA2A,t1_cns,1,0
CHEMBL1027,-6.764,3,0.0,0.0,29.15,0,,ADRA2A,t1_cns,1,0
CHEMBL1037,-6.024,2,0.0,0.0,10.69,0,,ADRA2A,t1_cns,1,0
CHEMBL1059,-5.13,2,0.0,0.0,11.1,0,,ADRA2A,t1_cns,1,0
CHEMBL1065,-8.593,3,0.0,0.0,18.72,0,,ADRA2A,t1_cns,1,0
CHEMBL1068,-6.036,2,0.0,0.0,20.64,0,,ADRA2A,t1_cns,1,0
CHEMBL1076903,-7.772,1,0.0,0.0,4.31,0,,ADRA2A,t1_cns,1,0
CHEMBL1077896,-8.173,2,0.0,0.0,9.67,0,,ADRA2A,t1_cns,1,0
CHEMBL1078261,-7.791,2,0.0,0.0,19.76,0,,ADRA2A,t1_cns,1,0
CHEMBL1079,-6.185,3,0.0,0.0,5.97,0,,ADRA2A,t1_cns,1,0
CHEMBL1079604,-7.182,2,0.0,0.0,6.46,0,,ADRA2A,t1_cns,1,0
CHEMBL108,-8.375,3,0.0,0.0,4.36,0,,ADRA2A,t1_cns,1,0
CHEMBL1083659,-6.644,2,0.0,0.0,61.44,0,,ADRA2A,t1_cns,1,0
CHEMBL1085,-7.048,2,0.0,0.0,23.06,0,,ADRA2A,t1_cns,1,0
CHEMBL1087,-7.887,2,0.0,0.0,6.57,0,,ADRA2A,t1_cns,1,0
CHEMBL10878,-7.399,2,0.0,0.0,7.78,0,,ADRA2A,t1_cns,1,0
CHEMBL1088,-7.699,2,0.0,0.0,14.13,0,,ADRA2A,t1_cns,1,0
CHEMBL1089,-5.943,3,0.0,0.0,5.22,0,,ADRA2A,t1_cns,1,0
CHEMBL1089221,-7.384,3,0.0,0.0,13.3,0,,ADRA2A,t1_cns,1,0
CHEMBL109,-4.873,2,0.0,0.0,7.32,0,,ADRA2A,t1_cns,1,0
CHEMBL1093,-5.958,3,0.0,0.0,13.2,0,,ADRA2A,t1_cns,1,0
CHEMBL1094,-6.762,2,0.0,0.0,10.73,0,,ADRA2A,t1_cns,1,0
CHEMBL1095,-6.686,2,0.0,0.0,5.58,0,,ADRA2A,t1_cns,1,0
CHEMBL1095777,-9.206,2,0.0,0.0,24.78,0,,ADRA2A,t1_cns,1,0
CHEMBL1096,-8.566,2,0.0,0.0,8.92,0,,ADRA2A,t1_cns,1,0
CHEMBL1098,-7.819,3,0.0,0.0,17.31,0,,ADRA2A,t1_cns,1,0
CHEMBL11,-5.302,3,0.0,0.0,38.7,0,,ADRA2A,t1_cns,1,0
CHEMBL1100,-4.917,3,0.0,0.0,5.22,0,,ADRA2A,t1_cns,1,0
CHEMBL1101,-8.165,2,0.0,0.0,18.76,0,,ADRA2A,t1_cns,1,0
CHEMBL1102,-7.097,2,0.0,0.0,9.87,0,,ADRA2A,t1_cns,1,0
CHEMBL1104,-5.528,3,0.0,0.0,7.09,0,,ADRA2A,t1_cns,1,0
CHEMBL1106,-8.759,2,0.0,0.0,6.78,0,,ADRA2A,t1_cns,1,0
CHEMBL1108,-9.269,3,0.0,0.0,29.82,0,,ADRA2A,t1_cns,1,0
CHEMBL111,-9.077,2,0.0,0.0,23.91,0,,ADRA2A,t1_cns,1,0
CHEMBL1110,-8.448,2,0.0,0.0,10.92,0,,ADRA2A,t1_cns,1,0
CHEMBL1112,-8.44,2,0.0,0.0,40.16,0,,ADRA2A,t1_cns,1,0
CHEMBL1113,-8.166,3,0.0,0.0,5.6,0,,ADRA2A,t1_cns,1,0
CHEMBL1115,-4.92,2,0.0,0.0,5.18,0,,ADRA2A,t1_cns,1,0
CHEMBL1118,-6.786,2,0.0,0.0,11.25,0,,ADRA2A,t1_cns,1,0
CHEMBL112,-5.728,1,0.0,0.0,4.98,0,,ADRA2A,t1_cns,1,0
CHEMBL113,-5.068,3,0.0,0.0,3.97,0,,ADRA2A,t1_cns,1,0
CHEMBL1165342,-7.673,2,0.0,0.0,10.22,0,,ADRA2A,t1_cns,1,0
CHEMBL1172,-6.168,2,0.0,0.0,20.04,0,,ADRA2A,t1_cns,1,0
CHEMBL117287,-7.393,3,0.0,0.0,16.52,0,,ADRA2A,t1_cns,1,0
CHEMBL1175,-7.887,2,0.0,0.0,12.01,0,,ADRA2A,t1_cns,1,0
CHEMBL1177,-6.32,2,0.0,0.0,4.61,0,,ADRA2A,t1_cns,1,0
CHEMBL117785,-7.194,1,0.0,0.0,9.19,0,,ADRA2A,t1_cns,1,0
CHEMBL1179047,-6.107,2,0.0,0.0,12.43,0,,ADRA2A,t1_cns,1,0
CHEMBL118,-8.667,1,0.0,0.0,14.92,0,,ADRA2A,t1_cns,1,0
CHEMBL1180725,-8.26,1,0.0,0.0,19.37,0,,ADRA2A,t1_cns,1,0
CHEMBL1185,-7.581,2,0.0,0.0,11.23,0,,ADRA2A,t1_cns,1,0
CHEMBL1186579,-8.019,3,0.0,0.0,9.7,0,,ADRA2A,t1_cns,1,0
CHEMBL1186610,-6.627,3,0.0,0.0,11.46,0,,ADRA2A,t1_cns,1,0
CHEMBL1187833,-9.317,2,0.0,0.0,27.75,0,,ADRA2A,t1_cns,1,0
CHEMBL1189432,-8.242,1,0.0,0.0,13.33,0,,ADRA2A,t1_cns,1,0
CHEMBL1189679,-8.964,3,0.0,0.0,16.46,0,,ADRA2A,t1_cns,1,0
CHEMBL1190,-5.689,2,0.0,0.0,22.18,0,,ADRA2A,t1_cns,1,0
CHEMBL1193,-6.839,2,0.0,0.0,11.53,0,,ADRA2A,t1_cns,1,0
CHEMBL1194,-6.714,3,0.0,0.0,11.41,0,,ADRA2A,t1_cns,1,0
CHEMBL1194325,-8.094,3,0.0,0.0,52.82,0,,ADRA2A,t1_cns,1,0
CHEMBL1195,-5.723,1,0.0,0.0,29.16,0,,ADRA2A,t1_cns,1,0
CHEMBL1197,-7.593,1,0.0,0.0,15.63,0,,ADRA2A,t1_cns,1,0
CHEMBL1198857,-7.627,3,0.0,0.0,90.11,0,,ADRA2A,t1_cns,1,0
CHEMBL1199080,-5.694,3,0.0,0.0,5.14,0,,ADRA2A,t1_cns,1,0
CHEMBL1199307,-6.208,3,0.0,0.0,45.29,0,,ADRA2A,t1_cns,1,0
CHEMBL12,-6.315,2,0.0,0.0,18.8,0,,ADRA2A,t1_cns,1,0
CHEMBL1200338,-7.169,1,0.0,0.0,7.82,0,,ADRA2A,t1_cns,1,0
CHEMBL1200406,-7.009,1,0.0,0.0,10.44,0,,ADRA2A,t1_cns,1,0
CHEMBL1200472,-6.339,2,0.0,0.0,33.87,0,,ADRA2A,t1_cns,1,0
CHEMBL1200596,-6.624,2,0.0,0.0,4.43,0,,ADRA2A,t1_cns,1,0
CHEMBL1200604,-6.773,3,0.0,0.0,14.17,0,,ADRA2A,t1_cns,1,0
CHEMBL1200694,-5.042,1,0.0,0.0,5.46,0,,ADRA2A,t1_cns,1,0
CHEMBL1200714,-7.616,2,0.0,0.0,5.75,0,,ADRA2A,t1_cns,1,0
CHEMBL1200748,-6.372,3,0.0,0.0,12.2,0,,ADRA2A,t1_cns,1,0
CHEMBL1200790,-5.794,3,0.0,0.0,5.46,0,,ADRA2A,t1_cns,1,0
CHEMBL1200802,-6.117,2,0.0,0.0,7.63,0,,ADRA2A,t1_cns,1,0
CHEMBL1200922,-5.852,2,0.0,0.0,11.17,0,,ADRA2A,t1_cns,1,0
CHEMBL1201,-8.512,1,0.0,0.0,16.41,0,,ADRA2A,t1_cns,1,0
CHEMBL1201087,-8.345,3,0.0,0.0,33.02,0,,ADRA2A,t1_cns,1,0
CHEMBL1201168,-7.741,1,0.0,0.0,8.23,0,,ADRA2A,t1_cns,1,0
CHEMBL1201191,-7.871,1,0.0,0.0,25.99,0,,ADRA2A,t1_cns,1,0
CHEMBL1201192,-7.564,1,0.0,0.0,10.29,0,,ADRA2A,t1_cns,1,0
CHEMBL1201201,-5.77,2,0.0,0.0,4.64,0,,ADRA2A,t1_cns,1,0
CHEMBL1201206,-9.343,3,0.0,0.0,35.48,0,,ADRA2A,t1_cns,1,0
CHEMBL1201210,-7.491,3,0.0,0.0,11.29,0,,ADRA2A,t1_cns,1,0
CHEMBL1201212,-6.259,2,0.0,0.0,17.74,0,,ADRA2A,t1_cns,1,0
CHEMBL1201213,-7.298,3,0.0,0.0,16.98,0,,ADRA2A,t1_cns,1,0
CHEMBL1201216,-8.17,2,0.0,0.0,15.32,0,,ADRA2A,t1_cns,1,0
CHEMBL1201217,-7.259,3,0.0,0.0,18.64,0,,ADRA2A,t1_cns,1,0
CHEMBL1201219,-8.924,2,0.0,0.0,38.11,0,,ADRA2A,t1_cns,1,0
CHEMBL1201222,-6.501,2,0.0,0.0,23.93,0,,ADRA2A,t1_cns,1,0
CHEMBL1201229,-6.79,2,0.0,0.0,153.11,0,,ADRA2A,t1_cns,1,0
CHEMBL1201234,-5.704,2,0.0,0.0,4.95,0,,ADRA2A,t1_cns,1,0
CHEMBL1201237,-7.083,3,0.0,0.0,14.75,0,,ADRA2A,t1_cns,1,0
CHEMBL1201244,-9.141,1,0.0,0.0,31.73,0,,ADRA2A,t1_cns,1,0
CHEMBL1201256,-7.0,2,0.0,0.0,23.83,0,,ADRA2A,t1_cns,1,0
CHEMBL1201264,-7.996,1,0.0,0.0,16.87,0,,ADRA2A,t1_cns,1,0
CHEMBL1201266,-6.735,3,0.0,0.0,13.02,0,,ADRA2A,t1_cns,1,0
CHEMBL1201271,-8.835,2,0.0,0.0,23.87,0,,ADRA2A,t1_cns,1,0
CHEMBL1201274,-6.972,3,0.0,0.0,22.66,0,,ADRA2A,t1_cns,1,0
CHEMBL1201284,-8.795,3,0.0,0.0,18.74,0,,ADRA2A,t1_cns,1,0
CHEMBL1201288,-8.487,1,0.0,0.0,10.26,0,,ADRA2A,t1_cns,1,0
CHEMBL1201293,-4.343,3,0.0,0.0,6.41,0,,ADRA2A,t1_cns,1,0
CHEMBL1201317,-4.357,2,0.0,0.0,6.12,0,,ADRA2A,t1_cns,1,0
CHEMBL1201319,-6.274,3,0.0,0.0,6.66,0,,ADRA2A,t1_cns,1,0
CHEMBL1201323,-4.312,1,0.0,0.0,4.95,0,,ADRA2A,t1_cns,1,0
CHEMBL1201336,-8.218,2,0.0,0.0,18.95,0,,ADRA2A,t1_cns,1,0
CHEMBL1201338,-6.946,3,0.0,0.0,13.62,0,,ADRA2A,t1_cns,1,0
CHEMBL1201340,-7.791,1,0.0,0.0,7.28,0,,ADRA2A,t1_cns,1,0
CHEMBL1201353,-7.041,2,0.0,0.0,9.34,0,,ADRA2A,t1_cns,1,0
CHEMBL1201354,-6.862,2,0.0,0.0,17.27,0,,ADRA2A,t1_cns,1,0
CHEMBL1201747,-6.449,2,0.0,0.0,23.67,0,,ADRA2A,t1_cns,1,0
CHEMBL1201754,-6.607,3,0.0,0.0,7.51,0,,ADRA2A,t1_cns,1,0
CHEMBL1201758,-7.525,2,0.0,0.0,24.38,0,,ADRA2A,t1_cns,1,0
CHEMBL1201764,-6.787,2,0.0,0.0,33.03,0,,ADRA2A,t1_cns,1,0
CHEMBL1201776,-6.561,2,0.0,0.0,16.46,0,,ADRA2A,t1_cns,1,0
CHEMBL1206690,-8.336,1,0.0,0.0,20.61,0,,ADRA2A,t1_cns,1,0
CHEMBL1213351,-7.092,2,0.0,0.0,24.71,0,,ADRA2A,t1_cns,1,0
CHEMBL1214124,-8.596,2,0.0,0.0,17.5,0,,ADRA2A,t1_cns,1,0
CHEMBL1215,-6.107,3,0.0,0.0,8.85,0,,ADRA2A,t1_cns,1,0
CHEMBL1218,-7.768,2,0.0,0.0,13.19,0,,ADRA2A,t1_cns,1,0
CHEMBL1224,-9.344,1,0.0,0.0,24.8,0,,ADRA2A,t1_cns,1,0
CHEMBL1231,-7.463,2,0.0,0.0,32.18,0,,ADRA2A,t1_cns,1,0
CHEMBL1237021,-10.39,3,0.0,0.0,43.73,0,,ADRA2A,t1_cns,1,0
CHEMBL1237044,-6.532,3,0.0,0.0,10.28,0,,ADRA2A,t1_cns,1,0
CHEMBL1241,-6.643,2,0.0,0.0,11.06,0,,ADRA2A,t1_cns,1,0
CHEMBL1254682,-8.322,3,0.0,0.0,7.24,0,,ADRA2A,t1_cns,1,0
CHEMBL1256,-5.019,2,0.0,0.0,4.9,0,,ADRA2A,t1_cns,1,0
CHEMBL1256786,-8.527,3,0.0,0.0,24.43,0,,ADRA2A,t1_cns,1,0
CHEMBL1256841,-8.426,2,0.0,0.0,15.62,0,,ADRA2A,t1_cns,1,0
CHEMBL1257,-5.117,3,0.0,0.0,4.57,0,,ADRA2A,t1_cns,1,0
CHEMBL1259,-6.552,2,0.0,0.0,167.43,0,,ADRA2A,t1_cns,1,0
CHEMBL126224,-5.303,2,0.0,0.0,28.76,0,,ADRA2A,t1_cns,1,0
CHEMBL1263,-7.496,2,0.0,0.0,64.63,0,,ADRA2A,t1_cns,1,0
CHEMBL1266,-7.537,2,0.0,0.0,4.85,0,,ADRA2A,t1_cns,1,0
CHEMBL12713,-9.701,2,0.0,0.0,18.85,0,,ADRA2A,t1_cns,1,0
CHEMBL127516,-6.559,1,0.0,0.0,7.93,0,,ADRA2A,t1_cns,1,0
CHEMBL1278,-7.3,2,0.0,0.0,13.96,0,,ADRA2A,t1_cns,1,0
CHEMBL1279,-8.662,2,0.0,0.0,6.2,0,,ADRA2A,t1_cns,1,0
CHEMBL128,-7.03,3,0.0,0.0,11.21,0,,ADRA2A,t1_cns,1,0
CHEMBL1286,-5.029,2,0.0,0.0,5.32,0,,ADRA2A,t1_cns,1,0
CHEMBL1290,-6.734,1,0.0,0.0,15.41,0,,ADRA2A,t1_cns,1,0
CHEMBL1291,-6.998,3,0.0,0.0,16.63,0,,ADRA2A,t1_cns,1,0
CHEMBL1294,-8.171,3,0.0,0.0,12.8,0,,ADRA2A,t1_cns,1,0
CHEMBL13,-6.572,1,0.0,0.0,15.42,0,,ADRA2A,t1_cns,1,0
CHEMBL1303,-7.936,3,0.0,0.0,17.74,0,,ADRA2A,t1_cns,1,0
CHEMBL1305,-7.383,2,0.0,0.0,14.35,0,,ADRA2A,t1_cns,1,0
CHEMBL131,-8.445,1,0.0,0.0,15.62,0,,ADRA2A,t1_cns,1,0
CHEMBL13209,-6.379,1,0.0,0.0,29.06,0,,ADRA2A,t1_cns,1,0
CHEMBL1321,-6.886,2,0.0,0.0,10.88,0,,ADRA2A,t1_cns,1,0
CHEMBL13280,-6.049,2,0.0,0.0,37.12,0,,ADRA2A,t1_cns,1,0
CHEMBL134,-6.011,2,0.0,0.0,9.31,0,,ADRA2A,t1_cns,1,0
CHEMBL1341,-4.197,3,0.0,0.0,6.17,0,,ADRA2A,t1_cns,1,0
CHEMBL1346,-9.792,3,0.0,0.0,37.64,0,,ADRA2A,t1_cns,1,0
CHEMBL135400,-8.25,2,0.0,0.0,17.82,0,,ADRA2A,t1_cns,1,0
CHEMBL1372950,-9.054,3,0.0,0.0,21.57,0,,ADRA2A,t1_cns,1,0
CHEMBL1373,-7.46,2,0.0,0.0,10.86,0,,ADRA2A,t1_cns,1,0
CHEMBL1378,-7.761,2,0.0,0.0,17.23,0,,ADRA2A,t1_cns,1,0
CHEMBL1382,-7.04,3,0.0,0.0,16.61,0,,ADRA2A,t1_cns,1,0
CHEMBL139,-8.243,2,0.0,0.0,9.76,0,,ADRA2A,t1_cns,1,0
CHEMBL14,-3.934,2,0.0,0.0,5.35,0,,ADRA2A,t1_cns,1,0
CHEMBL1404,-7.623,3,0.0,0.0,36.73,0,,ADRA2A,t1_cns,1,0
CHEMBL1410743,-4.47,3,0.0,0.0,2.94,0,,ADRA2A,t1_cns,1,0
CHEMBL1411979,-6.003,3,0.0,0.0,10.1,0,,ADRA2A,t1_cns,1,0
CHEMBL1414320,-7.399,3,0.0,0.0,37.53,0,,ADRA2A,t1_cns,1,0
CHEMBL1420,-5.37,3,0.0,0.0,4.47,0,,ADRA2A,t1_cns,1,0
CHEMBL1423,-9.968,2,0.0,0.0,33.3,0,,ADRA2A,t1_cns,1,0
CHEMBL142635,-8.837,2,0.0,0.0,23.9,0,,ADRA2A,t1_cns,1,0
CHEMBL1428,-6.744,3,0.0,0.0,28.67,0,,ADRA2A,t1_cns,1,0
CHEMBL1434,-8.241,3,0.0,0.0,23.66,0,,ADRA2A,t1_cns,1,0
CHEMBL1437,-6.011,2,0.0,0.0,7.85,0,,ADRA2A,t1_cns,1,0
CHEMBL14370,-6.96,3,0.0,0.0,13.75,0,,ADRA2A,t1_cns,1,0
CHEMBL14376,-9.088,1,0.0,0.0,29.05,0,,ADRA2A,t1_cns,1,0
CHEMBL1442422,-7.024,3,0.0,0.0,8.3,0,,ADRA2A,t1_cns,1,0
CHEMBL1454,-6.527,2,0.0,0.0,4.89,0,,ADRA2A,t1_cns,1,0
CHEMBL146095,-7.873,1,0.0,0.0,30.04,0,,ADRA2A,t1_cns,1,0
CHEMBL1480,-6.39,3,0.0,0.0,20.96,0,,ADRA2A,t1_cns,1,0
CHEMBL1480987,-8.341,3,0.0,0.0,13.82,0,,ADRA2A,t1_cns,1,0
CHEMBL1482,-4.164,2,0.0,0.0,8.06,0,,ADRA2A,t1_cns,1,0
CHEMBL1484,-7.993,1,0.0,0.0,60.91,0,,ADRA2A,t1_cns,1,0
CHEMBL1490,-7.637,1,0.0,0.0,19.05,0,,ADRA2A,t1_cns,1,0
CHEMBL1491,-5.746,1,0.0,0.0,39.76,0,,ADRA2A,t1_cns,1,0
CHEMBL1492,-8.017,1,0.0,0.0,13.45,0,,ADRA2A,t1_cns,1,0
CHEMBL1492500,-7.771,2,0.0,0.0,9.13,0,,ADRA2A,t1_cns,1,0
CHEMBL1493,-7.661,2,0.0,0.0,23.89,0,,ADRA2A,t1_cns,1,0
CHEMBL15023,-8.118,3,0.0,0.0,25.32,0,,ADRA2A,t1_cns,1,0
CHEMBL1505,-7.924,1,0.0,0.0,13.5,0,,ADRA2A,t1_cns,1,0
CHEMBL1508,-7.343,2,0.0,0.0,13.02,0,,ADRA2A,t1_cns,1,0
CHEMBL1510,-9.158,2,0.0,0.0,18.26,0,,ADRA2A,t1_cns,1,0
CHEMBL1514,-6.596,3,0.0,0.0,19.66,0,,ADRA2A,t1_cns,1,0
CHEMBL1515611,-5.357,3,0.0,0.0,4.9,0,,ADRA2A,t1_cns,1,0
CHEMBL1521,-8.567,2,0.0,0.0,11.57,0,,ADRA2A,t1_cns,1,0
CHEMBL1522,-7.505,2,0.0,0.0,13.54,0,,ADRA2A,t1_cns,1,0
CHEMBL154,-8.294,2,0.0,0.0,7.09,0,,ADRA2A,t1_cns,1,0
CHEMBL1568698,-9.293,2,0.0,0.0,7.64,0,,ADRA2A,t1_cns,1,0
CHEMBL1580,-5.261,1,0.0,0.0,25.67,0,,ADRA2A,t1_cns,1,0
CHEMBL1584,-7.309,3,0.0,0.0,22.69,0,,ADRA2A,t1_cns,1,0
CHEMBL159226,-6.513,1,0.0,0.0,11.78,0,,ADRA2A,t1_cns,1,0
CHEMBL1595,-7.224,2,0.0,0.0,6.17,0,,ADRA2A,t1_cns,1,0
CHEMBL16,-8.52,2,0.0,0.0,6.83,0,,ADRA2A,t1_cns,1,0
CHEMBL16073,-5.753,3,0.0,0.0,5.61,0,,ADRA2A,t1_cns,1,0
CHEMBL1611,-8.15,2,0.0,0.0,8.31,0,,ADRA2A,t1_cns,1,0
CHEMBL1615438,-10.2,1,0.0,0.0,19.7,0,,ADRA2A,t1_cns,1,0
CHEMBL1618018,-7.397,2,0.0,0.0,10.23,0,,ADRA2A,t1_cns,1,0
CHEMBL1619,-7.107,3,0.0,0.0,10.51,0,,ADRA2A,t1_cns,1,0
CHEMBL162036,-7.503,2,0.0,0.0,13.15,0,,ADRA2A,t1_cns,1,0
CHEMBL1621,-9.767,3,0.0,0.0,22.03,0,,ADRA2A,t1_cns,1,0
CHEMBL1621597,-6.575,3,0.0,0.0,15.31,0,,ADRA2A,t1_cns,1,0
CHEMBL1623992,-8.592,1,0.0,0.0,14.97,0,,ADRA2A,t1_cns,1,0
CHEMBL1626,-7.357,2,0.0,0.0,14.29,0,,ADRA2A,t1_cns,1,0
CHEMBL1626223,-6.163,2,0.0,0.0,5.43,0,,ADRA2A,t1_cns,1,0
CHEMBL1628227,-7.946,1,0.0,0.0,7.92,0,,ADRA2A,t1_cns,1,0
CHEMBL1628502,-6.715,3,0.0,0.0,19.79,0,,ADRA2A,t1_cns,1,0
CHEMBL1643895,-8.558,3,0.0,0.0,8.52,0,,ADRA2A,t1_cns,1,0
CHEMBL1648,-7.041,2,0.0,0.0,16.91,0,,ADRA2A,t1_cns,1,0
CHEMBL1652,-7.009,3,0.0,0.0,64.88,0,,ADRA2A,t1_cns,1,0
CHEMBL1685,-5.508,2,0.0,0.0,17.22,0,,ADRA2A,t1_cns,1,0
CHEMBL168815,-5.186,3,0.0,0.0,3.91,0,,ADRA2A,t1_cns,1,0
CHEMBL1697737,-6.154,2,0.0,0.0,22.24,0,,ADRA2A,t1_cns,1,0
CHEMBL1697856,-6.234,3,0.0,0.0,9.3,0,,ADRA2A,t1_cns,1,0
CHEMBL169901,-7.028,2,0.0,0.0,4.74,0,,ADRA2A,t1_cns,1,0
CHEMBL17157,-7.919,3,0.0,0.0,44.74,0,,ADRA2A,t1_cns,1,0
CHEMBL1726,-6.293,3,0.0,0.0,21.99,0,,ADRA2A,t1_cns,1,0
CHEMBL1729,-7.999,2,0.0,0.0,34.96,0,,ADRA2A,t1_cns,1,0
CHEMBL1732,-10.05,2,0.0,0.0,47.53,0,,ADRA2A,t1_cns,1,0
CHEMBL1742423,-8.037,2,0.0,0.0,39.77,0,,ADRA2A,t1_cns,1,0
CHEMBL1742466,-7.883,2,0.0,0.0,75.48,0,,ADRA2A,t1_cns,1,0
CHEMBL1742471,-6.646,2,0.0,0.0,26.16,0,,ADRA2A,t1_cns,1,0
CHEMBL1752,-5.669,2,0.0,0.0,9.26,0,,ADRA2A,t1_cns,1,0
CHEMBL1754,-7.77,2,0.0,0.0,18.91,0,,ADRA2A,t1_cns,1,0
CHEMBL1760,-7.272,2,0.0,0.0,10.42,0,,ADRA2A,t1_cns,1,0
CHEMBL1762,-6.702,3,0.0,0.0,6.33,0,,ADRA2A,t1_cns,1,0
CHEMBL1764,-6.769,1,0.0,0.0,11.1,0,,ADRA2A,t1_cns,1,0
CHEMBL17860,-6.569,3,0.0,0.0,6.98,0,,ADRA2A,t1_cns,1,0
CHEMBL178803,-6.927,2,0.0,0.0,38.01,0,,ADRA2A,t1_cns,1,0
CHEMBL1790041,-5.543,3,0.0,0.0,20.23,0,,ADRA2A,t1_cns,1,0
CHEMBL181,-6.992,2,0.0,0.0,4.42,0,,ADRA2A,t1_cns,1,0
CHEMBL18116,-6.716,1,0.0,0.0,6.37,0,,ADRA2A,t1_cns,1,0
CHEMBL184412,-7.82,2,0.0,0.0,79.13,0,,ADRA2A,t1_cns,1,0
CHEMBL185073,-8.101,1,0.0,0.0,34.41,0,,ADRA2A,t1_cns,1,0
CHEMBL1874750,-7.399,3,0.0,0.0,23.34,0,,ADRA2A,t1_cns,1,0
CHEMBL1888176,-8.787,2,0.0,0.0,22.33,0,,ADRA2A,t1_cns,1,0
CHEMBL188921,-5.755,3,0.0,0.0,14.16,0,,ADRA2A,t1_cns,1,0
CHEMBL1900528,-6.779,2,0.0,0.0,16.8,0,,ADRA2A,t1_cns,1,0
CHEMBL19019,-8.303,3,0.0,0.0,9.69,0,,ADRA2A,t1_cns,1,0
CHEMBL190461,-7.519,1,0.0,0.0,14.56,0,,ADRA2A,t1_cns,1,0
CHEMBL1909324,-7.033,2,0.0,0.0,37.6,0,,ADRA2A,t1_cns,1,0
CHEMBL19299,-8.694,2,0.0,0.0,8.64,0,,ADRA2A,t1_cns,1,0
CHEMBL193,-6.073,2,0.0,0.0,14.61,0,,ADRA2A,t1_cns,1,0
CHEMBL197084,-6.395,2,0.0,0.0,21.8,0,,ADRA2A,t1_cns,1,0
CHEMBL1983350,-7.613,2,0.0,0.0,7.37,0,,ADRA2A,t1_cns,1,0
CHEMBL2,-8.265,3,0.0,0.0,13.4,0,,ADRA2A,t1_cns,1,0
CHEMBL2028019,-8.613,1,0.0,0.0,19.43,0,,ADRA2A,t1_cns,1,0
CHEMBL207538,-9.15,2,0.0,0.0,6.79,0,,ADRA2A,t1_cns,1,0
CHEMBL2095212,-8.726,3,0.0,0.0,30.35,0,,ADRA2A,t1_cns,1,0
CHEMBL2103822,-7.806,2,0.0,0.0,8.63,0,,ADRA2A,t1_cns,1,0
CHEMBL2103827,-5.713,3,0.0,0.0,11.33,0,,ADRA2A,t1_cns,1,0
CHEMBL2103837,-8.488,3,0.0,0.0,7.78,0,,ADRA2A,t1_cns,1,0
CHEMBL2104095,-3.157,2,0.0,0.0,3.61,0,,ADRA2A,t1_cns,1,0
CHEMBL2104356,-6.752,2,0.0,0.0,30.25,0,,ADRA2A,t1_cns,1,0
CHEMBL2104993,-8.093,3,0.0,0.0,8.85,0,,ADRA2A,t1_cns,1,0
CHEMBL2105233,-5.895,3,0.0,0.0,7.77,0,,ADRA2A,t1_cns,1,0
CHEMBL2105275,-5.645,3,0.0,0.0,4.58,0,,ADRA2A,t1_cns,1,0
CHEMBL2105581,-6.819,3,0.0,0.0,20.62,0,,ADRA2A,t1_cns,1,0
CHEMBL2105760,-9.071,3,0.0,0.0,33.7,0,,ADRA2A,t1_cns,1,0
CHEMBL2107011,-8.703,2,0.0,0.0,18.53,0,,ADRA2A,t1_cns,1,0
CHEMBL2107726,-6.948,2,0.0,0.0,14.07,0,,ADRA2A,t1_cns,1,0
CHEMBL2110774,-7.201,2,0.0,0.0,12.07,0,,ADRA2A,t1_cns,1,0
CHEMBL2110805,-7.55,2,0.0,0.0,11.7,0,,ADRA2A,t1_cns,1,0
CHEMBL2110816,-6.265,3,0.0,0.0,27.58,0,,ADRA2A,t1_cns,1,0
CHEMBL2111030,-6.398,3,0.0,0.0,9.27,0,,ADRA2A,t1_cns,1,0
CHEMBL2111097,-6.209,1,0.0,0.0,28.13,0,,ADRA2A,t1_cns,1,0
CHEMBL2111101,-8.384,1,0.0,0.0,29.51,0,,ADRA2A,t1_cns,1,0
CHEMBL2111112,-7.577,2,0.0,0.0,18.97,0,,ADRA2A,t1_cns,1,0
CHEMBL211456,-5.909,2,0.0,0.0,6.0,0,,ADRA2A,t1_cns,1,0
CHEMBL21536,-6.307,2,0.0,0.0,12.57,0,,ADRA2A,t1_cns,1,0
CHEMBL2159122,-9.558,3,0.0,0.0,87.33,0,,ADRA2A,t1_cns,1,0
CHEMBL21731,-8.114,3,0.0,0.0,8.73,0,,ADRA2A,t1_cns,1,0
CHEMBL2178422,-8.134,3,0.0,0.0,98.47,0,,ADRA2A,t1_cns,1,0
CHEMBL219916,-9.554,3,0.0,0.0,21.66,0,,ADRA2A,t1_cns,1,0
CHEMBL220492,-6.714,3,0.0,0.0,9.94,0,,ADRA2A,t1_cns,1,0
CHEMBL22097,-6.354,3,0.0,0.0,25.51,0,,ADRA2A,t1_cns,1,0
CHEMBL2218861,-7.494,1,0.0,0.0,19.17,0,,ADRA2A,t1_cns,1,0
CHEMBL2218896,-8.518,3,0.0,0.0,16.56,0,,ADRA2A,t1_cns,1,0
CHEMBL22242,-6.122,2,0.0,0.0,13.39,0,,ADRA2A,t1_cns,1,0
CHEMBL23,-5.521,3,0.0,0.0,61.81,0,,ADRA2A,t1_cns,1,0
CHEMBL231068,-9.375,2,0.0,0.0,16.35,0,,ADRA2A,t1_cns,1,0
CHEMBL2364638,-9.009,2,0.0,0.0,39.01,0,,ADRA2A,t1_cns,1,0
CHEMBL2364639,-8.35,2,0.0,0.0,24.01,0,,ADRA2A,t1_cns,1,0
CHEMBL2397415,-12.2,3,0.0,0.0,57.57,0,,ADRA2A,t1_cns,1,0
CHEMBL24072,-8.302,1,0.0,0.0,18.4,0,,ADRA2A,t1_cns,1,0
CHEMBL243712,-6.521,3,0.0,0.0,17.91,0,,ADRA2A,t1_cns,1,0
CHEMBL2443262,-6.994,3,0.0,0.0,19.62,0,,ADRA2A,t1_cns,1,0
CHEMBL24441,-4.81,3,0.0,0.0,4.7,0,,ADRA2A,t1_cns,1,0
CHEMBL24778,-7.555,3,0.0,0.0,64.11,0,,ADRA2A,t1_cns,1,0
CHEMBL25,-5.943,3,0.0,0.0,5.86,0,,ADRA2A,t1_cns,1,0
CHEMBL251940,-7.922,3,0.0,0.0,14.6,0,,ADRA2A,t1_cns,1,0
CHEMBL252556,-6.833,3,0.0,0.0,26.83,0,,ADRA2A,t1_cns,1,0
CHEMBL254857,-8.2,3,0.0,0.0,18.06,0,,ADRA2A,t1_cns,1,0
CHEMBL255044,-8.007,2,0.0,0.0,14.81,0,,ADRA2A,t1_cns,1,0
CHEMBL259209,-6.664,2,0.0,0.0,10.38,0,,ADRA2A,t1_cns,1,0
CHEMBL26,-7.131,2,0.0,0.0,15.77,0,,ADRA2A,t1_cns,1,0
CHEMBL267495,-8.554,3,0.0,0.0,30.16,0,,ADRA2A,t1_cns,1,0
CHEMBL267894,-6.112,3,0.0,0.0,7.19,0,,ADRA2A,t1_cns,1,0
CHEMBL267936,-5.611,2,0.0,0.0,3.66,0,,ADRA2A,t1_cns,1,0
CHEMBL268164,-6.944,2,0.0,0.0,6.14,0,,ADRA2A,t1_cns,1,0
CHEMBL27,-6.998,3,0.0,0.0,12.73,0,,ADRA2A,t1_cns,1,0
CHEMBL270190,-9.034,2,0.0,0.0,30.76,0,,ADRA2A,t1_cns,1,0
CHEMBL273575,-7.922,2,0.0,0.0,6.31,0,,ADRA2A,t1_cns,1,0
CHEMBL276520,-7.939,2,0.0,0.0,7.03,0,,ADRA2A,t1_cns,1,0
CHEMBL277062,-5.674,2,0.0,0.0,16.05,0,,ADRA2A,t1_cns,1,0
CHEMBL278020,-6.502,1,0.0,0.0,6.23,0,,ADRA2A,t1_cns,1,0
CHEMBL27810,-7.459,3,0.0,0.0,28.1,0,,ADRA2A,t1_cns,1,0
CHEMBL278819,-8.682,2,0.0,0.0,11.46,0,,ADRA2A,t1_cns,1,0
CHEMBL279516,-9.146,2,0.0,0.0,14.53,0,,ADRA2A,t1_cns,1,0
CHEMBL282052,-8.398,2,0.0,0.0,5.75,0,,ADRA2A,t1_cns,1,0
CHEMBL282121,-6.864,3,0.0,0.0,46.57,0,,ADRA2A,t1_cns,1,0
CHEMBL28218,-8.658,2,0.0,0.0,19.68,0,,ADRA2A,t1_cns,1,0
CHEMBL28318,-6.671,2,0.0,0.0,5.94,0,,ADRA2A,t1_cns,1,0
CHEMBL28333,-6.305,3,0.0,0.0,17.45,0,,ADRA2A,t1_cns,1,0
CHEMBL284092,-6.977,2,0.0,0.0,18.4,0,,ADRA2A,t1_cns,1,0
CHEMBL284906,-5.869,3,0.0,0.0,7.79,0,,ADRA2A,t1_cns,1,0
CHEMBL285674,-8.578,3,0.0,0.0,6.56,0,,ADRA2A,t1_cns,1,0
CHEMBL288470,-6.267,2,0.0,0.0,6.79,0,,ADRA2A,t1_cns,1,0
CHEMBL289469,-8.155,3,0.0,0.0,8.61,0,,ADRA2A,t1_cns,1,0
CHEMBL289480,-5.653,3,0.0,0.0,5.93,0,,ADRA2A,t1_cns,1,0
CHEMBL290916,-6.925,2,0.0,0.0,4.63,0,,ADRA2A,t1_cns,1,0
CHEMBL294199,-7.574,2,0.0,0.0,20.98,0,,ADRA2A,t1_cns,1,0
CHEMBL296419,-9.15,1,0.0,0.0,34.08,0,,ADRA2A,t1_cns,1,0
CHEMBL297302,-9.046,2,0.0,0.0,22.65,0,,ADRA2A,t1_cns,1,0
CHEMBL3,-5.634,2,0.0,0.0,3.84,0,,ADRA2A,t1_cns,1,0
CHEMBL30,-5.788,3,0.0,0.0,9.72,0,,ADRA2A,t1_cns,1,0
CHEMBL301265,-6.188,2,0.0,0.0,7.24,0,,ADRA2A,t1_cns,1,0
CHEMBL3039520,-9.117,1,0.0,0.0,13.74,0,,ADRA2A,t1_cns,1,0
CHEMBL305660,-8.766,2,0.0,0.0,43.58,0,,ADRA2A,t1_cns,1,0
CHEMBL306700,-6.377,3,0.0,0.0,8.87,0,,ADRA2A,t1_cns,1,0
CHEMBL312448,-7.458,2,0.0,0.0,7.27,0,,ADRA2A,t1_cns,1,0
CHEMBL3137326,-7.723,2,0.0,0.0,9.62,0,,ADRA2A,t1_cns,1,0
CHEMBL314437,-5.311,2,0.0,0.0,20.61,0,,ADRA2A,t1_cns,1,0
CHEMBL315795,-4.268,3,0.0,0.0,4.15,0,,ADRA2A,t1_cns,1,0
CHEMBL315985,-6.44,2,0.0,0.0,22.11,0,,ADRA2A,t1_cns,1,0
CHEMBL3183075,-5.421,3,0.0,0.0,19.34,0,,ADRA2A,t1_cns,1,0
CHEMBL3187365,-8.398,2,0.0,0.0,4.96,0,,ADRA2A,t1_cns,1,0
CHEMBL32479,-7.625,3,0.0,0.0,7.6,0,,ADRA2A,t1_cns,1,0
CHEMBL32800,-8.452,2,0.0,0.0,19.92,0,,ADRA2A,t1_cns,1,0
CHEMBL328560,-7.163,2,0.0,0.0,7.57,0,,ADRA2A,t1_cns,1,0
CHEMBL3306803,-8.767,3,0.0,0.0,18.04,0,,ADRA2A,t1_cns,1,0
CHEMBL339427,-6.919,1,0.0,0.0,136.08,0,,ADRA2A,t1_cns,1,0
CHEMBL33986,-7.687,3,0.0,0.0,9.37,0,,ADRA2A,t1_cns,1,0
CHEMBL354077,-4.699,3,0.0,0.0,4.03,0,,ADRA2A,t1_cns,1,0
CHEMBL3545367,-8.732,2,0.0,0.0,23.18,0,,ADRA2A,t1_cns,1,0
CHEMBL36715,-4.642,3,0.0,0.0,4.55,0,,ADRA2A,t1_cns,1,0
CHEMBL376897,-8.0,2,0.0,0.0,13.32,0,,ADRA2A,t1_cns,1,0
CHEMBL37744,-7.187,2,0.0,0.0,8.14,0,,ADRA2A,t1_cns,1,0
CHEMBL3833301,-5.645,3,0.0,0.0,4.75,0,,ADRA2A,t1_cns,1,0
CHEMBL3833389,-7.932,2,0.0,0.0,23.04,0,,ADRA2A,t1_cns,1,0
CHEMBL384467,-8.192,3,0.0,0.0,12.59,0,,ADRA2A,t1_cns,1,0
CHEMBL395091,-7.095,3,0.0,0.0,6.23,0,,ADRA2A,t1_cns,1,0
CHEMBL396778,-8.26,2,0.0,0.0,14.66,0,,ADRA2A,t1_cns,1,0
CHEMBL398707,-7.861,3,0.0,0.0,5.45,0,,ADRA2A,t1_cns,1,0
CHEMBL3989695,-7.587,2,0.0,0.0,22.84,0,,ADRA2A,t1_cns,1,0
CHEMBL3989803,-6.855,3,0.0,0.0,9.25,0,,ADRA2A,t1_cns,1,0
CHEMBL3989843,-5.889,3,0.0,0.0,3.99,0,,ADRA2A,t1_cns,1,0
CHEMBL3989949,-6.67,2,0.0,0.0,9.75,0,,ADRA2A,t1_cns,1,0
CHEMBL3991065,-9.838,2,0.0,0.0,38.54,0,,ADRA2A,t1_cns,1,0
CHEMBL40,-7.043,3,0.0,0.0,5.9,0,,ADRA2A,t1_cns,1,0
CHEMBL404849,-7.08,3,0.0,0.0,26.43,0,,ADRA2A,t1_cns,1,0
CHEMBL405,-5.801,2,0.0,0.0,4.75,0,,ADRA2A,t1_cns,1,0
CHEMBL407,-7.26,3,0.0,0.0,7.88,0,,ADRA2A,t1_cns,1,0
CHEMBL41,-7.938,1,0.0,0.0,14.13,0,,ADRA2A,t1_cns,1,0
CHEMBL4105630,-9.169,1,0.0,0.0,13.6,0,,ADRA2A,t1_cns,1,0
CHEMBL41355,-8.348,2,0.0,0.0,14.05,0,,ADRA2A,t1_cns,1,0
CHEMBL413965,-8.35,2,0.0,0.0,7.38,0,,ADRA2A,t1_cns,1,0
CHEMBL415,-5.678,3,0.0,0.0,28.47,0,,ADRA2A,t1_cns,1,0
CHEMBL416956,-9.112,2,0.0,0.0,14.21,0,,ADRA2A,t1_cns,1,0
CHEMBL418995,-5.69,2,0.0,0.0,54.06,0,,ADRA2A,t1_cns,1,0
CHEMBL42,-8.218,2,0.0,0.0,5.34,0,,ADRA2A,t1_cns,1,0
CHEMBL422,-8.626,2,0.0,0.0,16.98,0,,ADRA2A,t1_cns,1,0
CHEMBL423,-6.675,2,0.0,0.0,22.54,0,,ADRA2A,t1_cns,1,0
CHEMBL429,-8.741,3,0.0,0.0,23.09,0,,ADRA2A,t1_cns,1,0
CHEMBL4297526,-7.81,2,0.0,0.0,17.42,0,,ADRA2A,t1_cns,1,0
CHEMBL4297590,-9.052,3,0.0,0.0,24.62,0,,ADRA2A,t1_cns,1,0
CHEMBL4297620,-6.24,3,0.0,0.0,8.87,0,,ADRA2A,t1_cns,1,0
CHEMBL4303525,-11.1,3,0.0,0.0,19.68,0,,ADRA2A,t1_cns,1,0
CHEMBL43064,-9.209,1,0.0,0.0,18.09,0,,ADRA2A,t1_cns,1,0
CHEMBL431770,-7.951,3,0.0,0.0,15.65,0,,ADRA2A,t1_cns,1,0
CHEMBL434394,-9.232,3,0.0,0.0,27.25,0,,ADRA2A,t1_cns,1,0
CHEMBL439849,-9.107,3,0.0,0.0,33.73,0,,ADRA2A,t1_cns,1,0
CHEMBL440,-6.03,3,0.0,0.0,8.35,0,,ADRA2A,t1_cns,1,0
CHEMBL441,-6.408,2,0.0,0.0,6.95,0,,ADRA2A,t1_cns,1,0
CHEMBL442,-10.36,3,0.0,0.0,47.46,0,,ADRA2A,t1_cns,1,0
CHEMBL444,-5.654,3,0.0,0.0,5.02,0,,ADRA2A,t1_cns,1,0
CHEMBL445,-6.431,3,0.0,0.0,22.67,0,,ADRA2A,t1_cns,1,0
CHEMBL447,-6.322,3,0.0,0.0,8.14,0,,ADRA2A,t1_cns,1,0
CHEMBL448,-6.507,3,0.0,0.0,7.21,0,,ADRA2A,t1_cns,1,0
CHEMBL45,-6.962,2,0.0,0.0,7.5,0,,ADRA2A,t1_cns,1,0
CHEMBL450,-5.779,3,0.0,0.0,4.89,0,,ADRA2A,t1_cns,1,0
CHEMBL45029,-6.836,2,0.0,0.0,6.14,0,,ADRA2A,t1_cns,1,0
CHEMBL451,-6.414,3,0.0,0.0,19.82,0,,ADRA2A,t1_cns,1,0
CHEMBL452,-6.231,2,0.0,0.0,23.3,0,,ADRA2A,t1_cns,1,0
CHEMBL454,-6.54,3,0.0,0.0,6.65,0,,ADRA2A,t1_cns,1,0
CHEMBL455917,-3.839,2,0.0,0.0,3.71,0,,ADRA2A,t1_cns,1,0
CHEMBL45816,-7.935,1,0.0,0.0,52.55,0,,ADRA2A,t1_cns,1,0
CHEMBL459,-6.289,1,0.0,0.0,11.27,0,,ADRA2A,t1_cns,1,0
CHEMBL46,-8.619,3,0.0,0.0,7.86,0,,ADRA2A,t1_cns,1,0
CHEMBL460,-6.982,3,0.0,0.0,9.4,0,,ADRA2A,t1_cns,1,0
CHEMBL461522,-6.717,2,0.0,0.0,11.73,0,,ADRA2A,t1_cns,1,0
CHEMBL462605,-6.507,2,0.0,0.0,14.05,0,,ADRA2A,t1_cns,1,0
CHEMBL465,-9.382,3,0.0,0.0,10.15,0,,ADRA2A,t1_cns,1,0
CHEMBL465026,-6.407,2,0.0,0.0,18.96,0,,ADRA2A,t1_cns,1,0
CHEMBL46516,-9.68,2,0.0,0.0,31.66,0,,ADRA2A,t1_cns,1,0
CHEMBL468837,-5.374,2,0.0,0.0,18.3,0,,ADRA2A,t1_cns,1,0
CHEMBL469,-7.679,2,0.0,0.0,8.58,0,,ADRA2A,t1_cns,1,0
CHEMBL46917,-6.757,2,0.0,0.0,5.77,0,,ADRA2A,t1_cns,1,0
CHEMBL471,-6.933,1,0.0,0.0,11.61,0,,ADRA2A,t1_cns,1,0
CHEMBL471737,-5.928,3,0.0,0.0,94.83,0,,ADRA2A,t1_cns,1,0
CHEMBL473,-5.982,1,0.0,0.0,37.28,0,,ADRA2A,t1_cns,1,0
CHEMBL477,-6.504,3,0.0,0.0,11.37,0,,ADRA2A,t1_cns,1,0
CHEMBL479,-7.892,2,0.0,0.0,11.68,0,,ADRA2A,t1_cns,1,0
CHEMBL485,-7.755,3,0.0,0.0,6.42,0,,ADRA2A,t1_cns,1,0
CHEMBL488093,-6.7,3,0.0,0.0,23.41,0,,ADRA2A,t1_cns,1,0
CHEMBL49,-7.531,2,0.0,0.0,22.09,0,,ADRA2A,t1_cns,1,0
CHEMBL490,-9.207,2,0.0,0.0,12.27,0,,ADRA2A,t1_cns,1,0
CHEMBL493,-9.286,1,0.0,0.0,44.06,0,,ADRA2A,t1_cns,1,0
CHEMBL493287,-4.903,3,0.0,0.0,7.69,0,,ADRA2A,t1_cns,1,0
CHEMBL496,-7.427,3,0.0,0.0,9.78,0,,ADRA2A,t1_cns,1,0
CHEMBL498847,-4.842,3,0.0,0.0,6.32,0,,ADRA2A,t1_cns,1,0
CHEMBL499,-6.119,2,0.0,0.0,15.65,0,,ADRA2A,t1_cns,1,0
CHEMBL500,-7.132,2,0.0,0.0,11.74,0,,ADRA2A,t1_cns,1,0
CHEMBL502,-9.078,2,0.0,0.0,16.78,0,,ADRA2A,t1_cns,1,0
CHEMBL503565,-6.135,3,0.0,0.0,6.14,0,,ADRA2A,t1_cns,1,0
CHEMBL51,-9.07,3,0.0,0.0,18.96,0,,ADRA2A,t1_cns,1,0
CHEMBL516,-8.889,2,0.0,0.0,4.29,0,,ADRA2A,t1_cns,1,0
CHEMBL517,-7.612,2,0.0,0.0,18.48,0,,ADRA2A,t1_cns,1,0
CHEMBL517712,-7.894,2,0.0,0.0,11.89,0,,ADRA2A,t1_cns,1,0
CHEMBL521,-7.341,2,0.0,0.0,7.32,0,,ADRA2A,t1_cns,1,0
CHEMBL521606,-7.44,2,0.0,0.0,18.13,0,,ADRA2A,t1_cns,1,0
CHEMBL524,-5.617,3,0.0,0.0,8.62,0,,ADRA2A,t1_cns,1,0
CHEMBL524004,-8.142,3,0.0,0.0,15.0,0,,ADRA2A,t1_cns,1,0
CHEMBL52440,-7.668,3,0.0,0.0,4.47,0,,ADRA2A,t1_cns,1,0
CHEMBL526,-6.721,3,0.0,0.0,4.49,0,,ADRA2A,t1_cns,1,0
CHEMBL531,-7.89,2,0.0,0.0,7.9,0,,ADRA2A,t1_cns,1,0
CHEMBL533,-6.56,2,0.0,0.0,33.18,0,,ADRA2A,t1_cns,1,0
CHEMBL534,-6.188,2,0.0,0.0,17.28,0,,ADRA2A,t1_cns,1,0
CHEMBL54,-9.009,3,0.0,0.0,15.73,0,,ADRA2A,t1_cns,1,0
CHEMBL54349,-7.497,3,0.0,0.0,18.82,0,,ADRA2A,t1_cns,1,0
CHEMBL546,-5.951,3,0.0,0.0,15.3,0,,ADRA2A,t1_cns,1,0
CHEMBL549,-7.41,1,0.0,0.0,13.37,0,,ADRA2A,t1_cns,1,0
CHEMBL54976,-6.842,2,0.0,0.0,8.54,0,,ADRA2A,t1_cns,1,0
CHEMBL550,-6.013,2,0.0,0.0,5.94,0,,ADRA2A,t1_cns,1,0
CHEMBL558,-5.958,2,0.0,0.0,5.89,0,,ADRA2A,t1_cns,1,0
CHEMBL56367,-7.433,2,0.0,0.0,10.88,0,,ADRA2A,t1_cns,1,0
CHEMBL564,-7.215,3,0.0,0.0,9.18,0,,ADRA2A,t1_cns,1,0
CHEMBL56564,-8.1,3,0.0,0.0,8.91,0,,ADRA2A,t1_cns,1,0
CHEMBL567,-7.158,3,0.0,0.0,20.43,0,,ADRA2A,t1_cns,1,0
CHEMBL568,-7.488,2,0.0,0.0,20.76,0,,ADRA2A,t1_cns,1,0
CHEMBL569,-6.202,2,0.0,0.0,11.41,0,,ADRA2A,t1_cns,1,0
CHEMBL569713,-7.147,2,0.0,0.0,12.83,0,,ADRA2A,t1_cns,1,0
CHEMBL570,-7.826,1,0.0,0.0,12.08,0,,ADRA2A,t1_cns,1,0
CHEMBL580,-6.398,3,0.0,0.0,21.9,0,,ADRA2A,t1_cns,1,0
CHEMBL58323,-6.413,3,0.0,0.0,10.58,0,,ADRA2A,t1_cns,1,0
CHEMBL585,-7.865,1,0.0,0.0,8.61,0,,ADRA2A,t1_cns,1,0
CHEMBL588,-5.9,1,0.0,0.0,30.6,0,,ADRA2A,t1_cns,1,0
CHEMBL589,-6.99,2,0.0,0.0,11.43,0,,ADRA2A,t1_cns,1,0
CHEMBL59,-6.111,3,0.0,0.0,6.35,0,,ADRA2A,t1_cns,1,0
CHEMBL591,-4.842,2,0.0,0.0,4.24,0,,ADRA2A,t1_cns,1,0
CHEMBL594,-5.049,2,0.0,0.0,35.32,0,,ADRA2A,t1_cns,1,0
CHEMBL596,-8.337,2,0.0,0.0,15.31,0,,ADRA2A,t1_cns,1,0
CHEMBL597,-7.849,2,0.0,0.0,11.17,0,,ADRA2A,t1_cns,1,0
CHEMBL607,-6.596,2,0.0,0.0,7.52,0,,ADRA2A,t1_cns,1,0
CHEMBL607400,-6.243,3,0.0,0.0,7.58,0,,ADRA2A,t1_cns,1,0
CHEMBL611,-8.522,2,0.0,0.0,14.55,0,,ADRA2A,t1_cns,1,0
CHEMBL612,-6.048,3,0.0,0.0,4.68,0,,ADRA2A,t1_cns,1,0
CHEMBL61593,-7.89,2,0.0,0.0,10.67,0,,ADRA2A,t1_cns,1,0
CHEMBL620,-8.157,3,0.0,0.0,16.12,0,,ADRA2A,t1_cns,1,0
CHEMBL621,-8.402,3,0.0,0.0,15.55,0,,ADRA2A,t1_cns,1,0
CHEMBL623,-7.935,3,0.0,0.0,41.05,0,,ADRA2A,t1_cns,1,0
CHEMBL628,-6.082,2,0.0,0.0,10.2,0,,ADRA2A,t1_cns,1,0
CHEMBL629,-6.434,2,0.0,0.0,25.62,0,,ADRA2A,t1_cns,1,0
CHEMBL633,-7.19,3,0.0,0.0,30.17,0,,ADRA2A,t1_cns,1,0
CHEMBL636,-6.483,3,0.0,0.0,9.78,0,,ADRA2A,t1_cns,1,0
CHEMBL637,-7.074,2,0.0,0.0,10.95,0,,ADRA2A,t1_cns,1,0
CHEMBL639,-6.723,2,0.0,0.0,37.56,0,,ADRA2A,t1_cns,1,0
CHEMBL640,-6.949,1,0.0,0.0,10.29,0,,ADRA2A,t1_cns,1,0
CHEMBL641,-7.319,2,0.0,0.0,10.7,0,,ADRA2A,t1_cns,1,0
CHEMBL642,-6.811,3,0.0,0.0,22.73,0,,ADRA2A,t1_cns,1,0
CHEMBL643,-7.527,3,0.0,0.0,7.97,0,,ADRA2A,t1_cns,1,0
CHEMBL6437,-8.093,2,0.0,0.0,4.46,0,,ADRA2A,t1_cns,1,0
CHEMBL644,-5.864,3,0.0,0.0,27.29,0,,ADRA2A,t1_cns,1,0
CHEMBL645,-6.511,3,0.0,0.0,24.69,0,,ADRA2A,t1_cns,1,0
CHEMBL646,-8.463,3,0.0,0.0,7.4,0,,ADRA2A,t1_cns,1,0
CHEMBL647,-6.457,3,0.0,0.0,6.16,0,,ADRA2A,t1_cns,1,0
CHEMBL648,-7.692,2,0.0,0.0,8.51,0,,ADRA2A,t1_cns,1,0
CHEMBL651,-7.719,1,0.0,0.0,13.63,0,,ADRA2A,t1_cns,1,0
CHEMBL652,-7.806,3,0.0,0.0,20.66,0,,ADRA2A,t1_cns,1,0
CHEMBL654,-8.045,3,0.0,0.0,4.17,0,,ADRA2A,t1_cns,1,0
CHEMBL655,-8.214,2,0.0,0.0,6.59,0,,ADRA2A,t1_cns,1,0
CHEMBL656,-7.743,3,0.0,0.0,5.75,0,,ADRA2A,t1_cns,1,0
CHEMBL657,-7.009,1,0.0,0.0,9.57,0,,ADRA2A,t1_cns,1,0
CHEMBL658,-6.809,2,0.0,0.0,17.8,0,,ADRA2A,t1_cns,1,0
CHEMBL659,-6.022,2,0.0,0.0,16.59,0,,ADRA2A,t1_cns,1,0
CHEMBL660,-6.063,3,0.0,0.0,3.3,0,,ADRA2A,t1_cns,1,0
CHEMBL661,-7.688,2,0.0,0.0,5.59,0,,ADRA2A,t1_cns,1,0
CHEMBL667,-3.601,2,0.0,0.0,4.06,0,,ADRA2A,t1_cns,1,0
CHEMBL668,-8.085,3,0.0,0.0,6.79,0,,ADRA2A,t1_cns,1,0
CHEMBL669,-7.981,2,0.0,0.0,7.95,0,,ADRA2A,t1_cns,1,0
CHEMBL673,-5.86,1,0.0,0.0,4.82,0,,ADRA2A,t1_cns,1,0
CHEMBL679,-6.49,2,0.0,0.0,7.9,0,,ADRA2A,t1_cns,1,0
CHEMBL681,-6.217,2,0.0,0.0,9.03,0,,ADRA2A,t1_cns,1,0
CHEMBL682,-8.27,3,0.0,0.0,19.02,0,,ADRA2A,t1_cns,1,0
CHEMBL695,-5.04,3,0.0,0.0,3.37,0,,ADRA2A,t1_cns,1,0
CHEMBL696,-5.192,3,0.0,0.0,3.7,0,,ADRA2A,t1_cns,1,0
CHEMBL6966,-6.894,3,0.0,0.0,47.91,0,,ADRA2A,t1_cns,1,0
CHEMBL697,-6.837,2,0.0,0.0,4.89,0,,ADRA2A,t1_cns,1,0
CHEMBL698,-6.232,2,0.0,0.0,13.44,0,,ADRA2A,t1_cns,1,0
CHEMBL6995,-6.657,2,0.0,0.0,13.43,0,,ADRA2A,t1_cns,1,0
CHEMBL70,-7.521,3,0.0,0.0,6.12,0,,ADRA2A,t1_cns,1,0
CHEMBL701,-6.468,3,0.0,0.0,8.59,0,,ADRA2A,t1_cns,1,0
CHEMBL70246,-5.514,3,0.0,0.0,6.95,0,,ADRA2A,t1_cns,1,0
CHEMBL70418,-5.712,2,0.0,0.0,20.67,0,,ADRA2A,t1_cns,1,0
CHEMBL707,-8.957,3,0.0,0.0,18.99,0,,ADRA2A,t1_cns,1,0
CHEMBL708,-9.354,3,0.0,0.0,17.47,0,,ADRA2A,t1_cns,1,0
CHEMBL709,-7.398,3,0.0,0.0,25.27,0,,ADRA2A,t1_cns,1,0
CHEMBL71,-7.266,3,0.0,0.0,9.47,0,,ADRA2A,t1_cns,1,0
CHEMBL714,-7.152,2,0.0,0.0,11.58,0,,ADRA2A,t1_cns,1,0
CHEMBL715,-8.12,2,0.0,0.0,5.41,0,,ADRA2A,t1_cns,1,0
CHEMBL716,-7.136,3,0.0,0.0,16.22,0,,ADRA2A,t1_cns,1,0
CHEMBL71752,-8.0,3,0.0,0.0,10.68,0,,ADRA2A,t1_cns,1,0
CHEMBL72,-5.156,2,0.0,0.0,24.31,0,,ADRA2A,t1_cns,1,0
CHEMBL723,-7.893,2,0.0,0.0,32.65,0,,ADRA2A,t1_cns,1,0
CHEMBL726,-7.719,3,0.0,0.0,21.54,0,,ADRA2A,t1_cns,1,0
CHEMBL728,-7.384,1,0.0,0.0,10.73,0,,ADRA2A,t1_cns,1,0
CHEMBL73234,-6.146,1,0.0,0.0,19.73,0,,ADRA2A,t1_cns,1,0
CHEMBL741,-6.94,3,0.0,0.0,5.72,0,,ADRA2A,t1_cns,1,0
CHEMBL742,-6.908,3,0.0,0.0,4.05,0,,ADRA2A,t1_cns,1,0
CHEMBL744,-7.256,2,0.0,0.0,6.88,0,,ADRA2A,t1_cns,1,0
CHEMBL746,-7.57,3,0.0,0.0,15.84,0,,ADRA2A,t1_cns,1,0
CHEMBL750,-6.397,3,0.0,0.0,6.35,0,,ADRA2A,t1_cns,1,0
CHEMBL753,-6.046,3,0.0,0.0,14.55,0,,ADRA2A,t1_cns,1,0
CHEMBL761,-7.51,2,0.0,0.0,5.88,0,,ADRA2A,t1_cns,1,0
CHEMBL762,-6.93,2,0.0,0.0,8.68,0,,ADRA2A,t1_cns,1,0
CHEMBL76370,-7.482,2,0.0,0.0,14.14,0,,ADRA2A,t1_cns,1,0
CHEMBL765,-3.796,3,0.0,0.0,19.71,0,,ADRA2A,t1_cns,1,0
CHEMBL768,-6.696,2,0.0,0.0,18.71,0,,ADRA2A,t1_cns,1,0
CHEMBL770,-6.48,2,0.0,0.0,4.44,0,,ADRA2A,t1_cns,1,0
CHEMBL772,-8.42,2,0.0,0.0,61.65,0,,ADRA2A,t1_cns,1,0
CHEMBL776,-6.456,2,0.0,0.0,10.19,0,,ADRA2A,t1_cns,1,0
CHEMBL778,-7.806,2,0.0,0.0,5.38,0,,ADRA2A,t1_cns,1,0
CHEMBL7863,-6.312,3,0.0,0.0,5.9,0,,ADRA2A,t1_cns,1,0
CHEMBL79,-6.681,3,0.0,0.0,8.4,0,,ADRA2A,t1_cns,1,0
CHEMBL796,-6.849,2,0.0,0.0,7.44,0,,ADRA2A,t1_cns,1,0
CHEMBL797,-6.547,2,0.0,0.0,4.76,0,,ADRA2A,t1_cns,1,0
CHEMBL80,-7.75,3,0.0,0.0,9.02,0,,ADRA2A,t1_cns,1,0
CHEMBL807,-6.924,3,0.0,0.0,4.1,0,,ADRA2A,t1_cns,1,0
CHEMBL809,-8.05,3,0.0,0.0,7.07,0,,ADRA2A,t1_cns,1,0
CHEMBL811,-7.238,2,0.0,0.0,9.2,0,,ADRA2A,t1_cns,1,0
CHEMBL814,-6.705,1,0.0,0.0,19.79,0,,ADRA2A,t1_cns,1,0
CHEMBL827,-6.734,2,0.0,0.0,7.18,0,,ADRA2A,t1_cns,1,0
CHEMBL83063,-7.793,2,0.0,0.0,14.75,0,,ADRA2A,t1_cns,1,0
CHEMBL831,-8.141,2,0.0,0.0,5.05,0,,ADRA2A,t1_cns,1,0
CHEMBL836,-6.771,3,0.0,0.0,29.22,0,,ADRA2A,t1_cns,1,0
CHEMBL839,-7.223,3,0.0,0.0,12.28,0,,ADRA2A,t1_cns,1,0
CHEMBL841,-9.129,2,0.0,0.0,28.44,0,,ADRA2A,t1_cns,1,0
CHEMBL844,-6.815,2,0.0,0.0,4.52,0,,ADRA2A,t1_cns,1,0
CHEMBL85,-10.08,2,0.0,0.0,11.33,0,,ADRA2A,t1_cns,1,0
CHEMBL85231,-6.77,1,0.0,0.0,10.87,0,,ADRA2A,t1_cns,1,0
CHEMBL855,-7.62,2,0.0,0.0,9.19,0,,ADRA2A,t1_cns,1,0
CHEMBL856,-6.711,2,0.0,0.0,5.72,0,,ADRA2A,t1_cns,1,0
CHEMBL86,-6.151,2,0.0,0.0,13.77,0,,ADRA2A,t1_cns,1,0
CHEMBL861,-6.882,2,0.0,0.0,6.03,0,,ADRA2A,t1_cns,1,0
CHEMBL862,-7.123,3,0.0,0.0,6.12,0,,ADRA2A,t1_cns,1,0
CHEMBL86304,-7.258,3,0.0,0.0,8.12,0,,ADRA2A,t1_cns,1,0
CHEMBL864,-6.845,2,0.0,0.0,11.68,0,,ADRA2A,t1_cns,1,0
CHEMBL86715,-7.586,2,0.0,0.0,11.49,0,,ADRA2A,t1_cns,1,0
CHEMBL87493,-7.32,2,0.0,0.0,8.14,0,,ADRA2A,t1_cns,1,0
CHEMBL87708,-6.515,1,0.0,0.0,56.75,0,,ADRA2A,t1_cns,1,0
CHEMBL887,-6.739,2,0.0,0.0,5.15,0,,ADRA2A,t1_cns,1,0
CHEMBL894,-6.684,2,0.0,0.0,7.89,0,,ADRA2A,t1_cns,1,0
CHEMBL895,-8.081,3,0.0,0.0,11.86,0,,ADRA2A,t1_cns,1,0
CHEMBL89598,-4.45,1,0.0,0.0,8.61,0,,ADRA2A,t1_cns,1,0
CHEMBL896,-7.564,1,0.0,0.0,22.87,0,,ADRA2A,t1_cns,1,0
CHEMBL898,-8.853,2,0.0,0.0,8.26,0,,ADRA2A,t1_cns,1,0
CHEMBL90,-4.214,3,0.0,0.0,4.71,0,,ADRA2A,t1_cns,1,0
CHEMBL900,-7.318,2,0.0,0.0,11.12,0,,ADRA2A,t1_cns,1,0
CHEMBL902,-5.557,3,0.0,0.0,20.38,0,,ADRA2A,t1_cns,1,0
CHEMBL905,-7.043,1,0.0,0.0,10.57,0,,ADRA2A,t1_cns,1,0
CHEMBL908,-7.805,2,0.0,0.0,8.41,0,,ADRA2A,t1_cns,1,0
CHEMBL911,-7.949,3,0.0,0.0,8.84,0,,ADRA2A,t1_cns,1,0
CHEMBL91397,-7.459,3,0.0,0.0,35.77,0,,ADRA2A,t1_cns,1,0
CHEMBL914,-8.383,2,0.0,0.0,49.0,0,,ADRA2A,t1_cns,1,0
CHEMBL918,-6.695,2,0.0,0.0,4.14,0,,ADRA2A,t1_cns,1,0
CHEMBL920,-3.157,2,0.0,0.0,3.13,0,,ADRA2A,t1_cns,1,0
CHEMBL92401,-6.435,2,0.0,0.0,4.77,0,,ADRA2A,t1_cns,1,0
CHEMBL926,-8.537,2,0.0,0.0,10.78,0,,ADRA2A,t1_cns,1,0
CHEMBL931,-4.502,2,0.0,0.0,1.77,0,,ADRA2A,t1_cns,1,0
CHEMBL936,-7.64,1,0.0,0.0,14.72,0,,ADRA2A,t1_cns,1,0
CHEMBL94,-7.687,3,0.0,0.0,7.02,0,,ADRA2A,t1_cns,1,0
CHEMBL940,-5.472,2,0.0,0.0,6.37,0,,ADRA2A,t1_cns,1,0
CHEMBL94454,-10.11,3,0.0,0.0,22.27,0,,ADRA2A,t1_cns,1,0
CHEMBL945,-6.61,3,0.0,0.0,7.56,0,,ADRA2A,t1_cns,1,0
CHEMBL946,-6.272,2,0.0,0.0,19.34,0,,ADRA2A,t1_cns,1,0
CHEMBL95,-8.015,3,0.0,0.0,4.42,0,,ADRA2A,t1_cns,1,0
CHEMBL953,-6.622,3,0.0,0.0,13.74,0,,ADRA2A,t1_cns,1,0
CHEMBL963,-7.544,3,0.0,0.0,5.87,0,,ADRA2A,t1_cns,1,0
CHEMBL967,-6.209,1,0.0,0.0,19.82,0,,ADRA2A,t1_cns,1,0
CHEMBL968,-5.951,1,0.0,0.0,44.62,0,,ADRA2A,t1_cns,1,0
CHEMBL969,-6.748,2,0.0,0.0,23.92,0,,ADRA2A,t1_cns,1,0
CHEMBL970,-6.39,2,0.0,0.0,20.55,0,,ADRA2A,t1_cns,1,0
CHEMBL972,-6.512,3,0.0,0.0,2.67,0,,ADRA2A,t1_cns,1,0
CHEMBL978,-4.147,2,0.0,0.0,2.18,0,,ADRA2A,t1_cns,1,0
CHEMBL979,-5.265,3,0.0,0.0,4.12,0,,ADRA2A,t1_cns,1,0
CHEMBL982,-8.357,3,0.0,0.0,3.92,0,,ADRA2A,t1_cns,1,0
CHEMBL9967,-7.849,3,0.0,0.0,4.39,0,,ADRA2A,t1_cns,1,0
CHEMBL998,-6.159,3,0.0,0.0,13.18,0,,ADRA2A,t1_cns,1,0
CHEMBL99946,-6.257,2,0.0,0.0,4.0,0,,ADRA2A,t1_cns,1,0
CHEMBL1000,-6.407,3,0.0,0.0,29.38,0,,AXL,t1_cns,1,0
CHEMBL100116,-6.975,1,0.0,0.0,9.92,0,,AXL,t1_cns,1,0
CHEMBL1004,-5.378,3,0.0,0.0,19.12,0,,AXL,t1_cns,1,0
CHEMBL1005,-5.476,3,0.0,0.0,40.17,0,,AXL,t1_cns,1,0
CHEMBL1008,-5.955,3,0.0,0.0,57.37,0,,AXL,t1_cns,1,0
CHEMBL1009,-5.305,2,0.0,0.0,18.94,0,,AXL,t1_cns,1,0
CHEMBL1027,-6.715,3,0.0,0.0,46.79,0,,AXL,t1_cns,1,0
CHEMBL1037,-5.928,3,0.0,0.0,19.91,0,,AXL,t1_cns,1,0
CHEMBL1059,-3.902,3,0.0,0.0,24.83,0,,AXL,t1_cns,1,0
CHEMBL1065,-7.511,2,0.0,0.0,29.5,0,,AXL,t1_cns,1,0
CHEMBL1068,-4.961,2,0.0,0.0,42.92,0,,AXL,t1_cns,1,0
CHEMBL1076903,-6.488,2,0.0,0.0,9.58,0,,AXL,t1_cns,1,0
CHEMBL1077896,-6.412,3,0.0,0.0,19.99,0,,AXL,t1_cns,1,0
CHEMBL1078261,-6.072,2,0.0,0.0,50.92,0,,AXL,t1_cns,1,0
CHEMBL1079,-5.705,3,0.0,0.0,13.61,0,,AXL,t1_cns,1,0
CHEMBL1079604,-6.144,3,0.0,0.0,21.5,0,,AXL,t1_cns,1,0
CHEMBL108,-6.827,3,0.0,0.0,18.68,0,,AXL,t1_cns,1,0
CHEMBL1083659,-6.358,3,0.0,0.0,118.85,0,,AXL,t1_cns,1,0
CHEMBL1085,-7.2,2,0.0,0.0,30.98,0,,AXL,t1_cns,1,0
CHEMBL1087,-6.627,2,0.0,0.0,9.75,0,,AXL,t1_cns,1,0
CHEMBL10878,-6.4,2,0.0,0.0,13.19,0,,AXL,t1_cns,1,0
CHEMBL1088,-7.469,2,0.0,0.0,37.79,0,,AXL,t1_cns,1,0
CHEMBL1089,-4.454,2,0.0,0.0,14.68,0,,AXL,t1_cns,1,0
CHEMBL1089221,-6.61,2,0.0,0.0,37.52,0,,AXL,t1_cns,1,0
CHEMBL109,-4.037,2,0.0,0.0,15.35,0,,AXL,t1_cns,1,0
CHEMBL1093,-5.283,3,0.0,0.0,36.92,0,,AXL,t1_cns,1,0
CHEMBL1094,-5.361,1,0.0,0.0,19.96,0,,AXL,t1_cns,1,0
CHEMBL1095,-5.916,2,0.0,0.0,11.74,0,,AXL,t1_cns,1,0
CHEMBL1095777,-7.638,3,0.0,0.0,29.97,0,,AXL,t1_cns,1,0
CHEMBL1096,-7.58,3,0.0,0.0,25.09,0,,AXL,t1_cns,1,0
CHEMBL1098,-6.32,3,0.0,0.0,11.41,0,,AXL,t1_cns,1,0
CHEMBL11,-5.254,2,0.0,0.0,35.47,0,,AXL,t1_cns,1,0
CHEMBL1100,-4.277,2,0.0,0.0,7.66,0,,AXL,t1_cns,1,0
CHEMBL1101,-6.914,3,0.0,0.0,23.8,0,,AXL,t1_cns,1,0
CHEMBL1102,-5.889,3,0.0,0.0,12.62,0,,AXL,t1_cns,1,0
CHEMBL1104,-4.944,2,0.0,0.0,10.64,0,,AXL,t1_cns,1,0
CHEMBL1106,-7.586,3,0.0,0.0,11.39,0,,AXL,t1_cns,1,0
CHEMBL1108,-7.443,3,0.0,0.0,39.74,0,,AXL,t1_cns,1,0
CHEMBL111,-7.349,3,0.0,0.0,33.66,0,,AXL,t1_cns,1,0
CHEMBL1110,-7.802,2,0.0,0.0,20.43,0,,AXL,t1_cns,1,0
CHEMBL1112,-7.66,3,0.0,0.0,89.27,0,,AXL,t1_cns,1,0
CHEMBL1113,-7.406,2,0.0,0.0,13.58,0,,AXL,t1_cns,1,0
CHEMBL1115,-4.725,2,0.0,0.0,12.08,0,,AXL,t1_cns,1,0
CHEMBL1118,-5.646,2,0.0,0.0,23.62,0,,AXL,t1_cns,1,0
CHEMBL112,-4.847,2,0.0,0.0,9.74,0,,AXL,t1_cns,1,0
CHEMBL113,-4.882,3,0.0,0.0,10.24,0,,AXL,t1_cns,1,0
CHEMBL1165342,-7.846,2,0.0,0.0,24.57,0,,AXL,t1_cns,1,0
CHEMBL1172,-6.269,2,0.0,0.0,47.19,0,,AXL,t1_cns,1,0
CHEMBL117287,-6.384,3,0.0,0.0,41.85,0,,AXL,t1_cns,1,0
CHEMBL1175,-6.05,2,0.0,0.0,34.57,0,,AXL,t1_cns,1,0
CHEMBL1177,-5.469,3,0.0,0.0,11.38,0,,AXL,t1_cns,1,0
CHEMBL117785,-6.087,3,0.0,0.0,19.98,0,,AXL,t1_cns,1,0
CHEMBL1179047,-5.084,1,0.0,0.0,18.93,0,,AXL,t1_cns,1,0
CHEMBL118,-7.421,1,0.0,0.0,20.89,0,,AXL,t1_cns,1,0
CHEMBL1180725,-6.844,3,0.0,0.0,25.55,0,,AXL,t1_cns,1,0
CHEMBL1185,-6.337,2,0.0,0.0,13.99,0,,AXL,t1_cns,1,0
CHEMBL1186579,-7.581,3,0.0,0.0,15.12,0,,AXL,t1_cns,1,0
CHEMBL1186610,-5.502,2,0.0,0.0,25.06,0,,AXL,t1_cns,1,0
CHEMBL1187833,-7.234,3,0.0,0.0,81.13,0,,AXL,t1_cns,1,0
CHEMBL1189432,-7.772,2,0.0,0.0,37.88,0,,AXL,t1_cns,1,0
CHEMBL1189679,-8.029,2,0.0,0.0,7.38,0,,AXL,t1_cns,1,0
CHEMBL1190,-4.319,3,0.0,0.0,20.33,0,,AXL,t1_cns,1,0
CHEMBL1193,-5.461,2,0.0,0.0,11.91,0,,AXL,t1_cns,1,0
CHEMBL1194,-5.928,3,0.0,0.0,13.61,0,,AXL,t1_cns,1,0
CHEMBL1194325,-7.508,2,0.0,0.0,73.87,0,,AXL,t1_cns,1,0
CHEMBL1195,-5.257,2,0.0,0.0,42.53,0,,AXL,t1_cns,1,0
CHEMBL1197,-5.559,2,0.0,0.0,22.29,0,,AXL,t1_cns,1,0
CHEMBL1198857,-6.059,3,0.0,0.0,194.23,0,,AXL,t1_cns,1,0
CHEMBL1199080,-4.468,2,0.0,0.0,12.59,0,,AXL,t1_cns,1,0
CHEMBL1199307,-5.59,3,0.0,0.0,113.08,0,,AXL,t1_cns,1,0
CHEMBL12,-5.535,2,0.0,0.0,37.37,0,,AXL,t1_cns,1,0
CHEMBL1200338,-5.502,1,0.0,0.0,14.21,0,,AXL,t1_cns,1,0
CHEMBL1200406,-5.56,3,0.0,0.0,15.95,0,,AXL,t1_cns,1,0
CHEMBL1200472,-5.418,3,0.0,0.0,46.83,0,,AXL,t1_cns,1,0
CHEMBL1200596,-5.627,3,0.0,0.0,7.1,0,,AXL,t1_cns,1,0
CHEMBL1200604,-5.165,3,0.0,0.0,32.04,0,,AXL,t1_cns,1,0
CHEMBL1200694,-4.211,1,0.0,0.0,15.32,0,,AXL,t1_cns,1,0
CHEMBL1200714,-5.607,2,0.0,0.0,16.67,0,,AXL,t1_cns,1,0
CHEMBL1200748,-5.366,3,0.0,0.0,31.08,0,,AXL,t1_cns,1,0
CHEMBL1200790,-4.71,2,0.0,0.0,12.82,0,,AXL,t1_cns,1,0
CHEMBL1200802,-5.148,2,0.0,0.0,22.55,0,,AXL,t1_cns,1,0
CHEMBL1200922,-4.708,2,0.0,0.0,27.46,0,,AXL,t1_cns,1,0
CHEMBL1201,-7.728,2,0.0,0.0,31.82,0,,AXL,t1_cns,1,0
CHEMBL1201087,-7.595,2,0.0,0.0,32.01,0,,AXL,t1_cns,1,0
CHEMBL1201168,-6.06,3,0.0,0.0,16.74,0,,AXL,t1_cns,1,0
CHEMBL1201191,-6.812,1,0.0,0.0,41.87,0,,AXL,t1_cns,1,0
CHEMBL1201192,-5.777,2,0.0,0.0,14.27,0,,AXL,t1_cns,1,0
CHEMBL1201201,-4.616,1,0.0,0.0,6.21,0,,AXL,t1_cns,1,0
CHEMBL1201206,-8.894,3,0.0,0.0,39.64,0,,AXL,t1_cns,1,0
CHEMBL1201210,-6.777,2,0.0,0.0,16.06,0,,AXL,t1_cns,1,0
CHEMBL1201212,-5.029,3,0.0,0.0,14.0,0,,AXL,t1_cns,1,0
CHEMBL1201213,-5.628,3,0.0,0.0,15.5,0,,AXL,t1_cns,1,0
CHEMBL1201216,-7.125,2,0.0,0.0,21.54,0,,AXL,t1_cns,1,0
CHEMBL1201217,-5.972,2,0.0,0.0,23.9,0,,AXL,t1_cns,1,0
CHEMBL1201219,-8.521,3,0.0,0.0,49.78,0,,AXL,t1_cns,1,0
CHEMBL1201222,-5.315,3,0.0,0.0,39.5,0,,AXL,t1_cns,1,0
CHEMBL1201229,-5.631,3,0.0,0.0,290.91,0,,AXL,t1_cns,1,0
CHEMBL1201234,-4.638,2,0.0,0.0,18.7,0,,AXL,t1_cns,1,0
CHEMBL1201237,-5.957,2,0.0,0.0,42.13,0,,AXL,t1_cns,1,0
CHEMBL1201244,-7.595,2,0.0,0.0,46.76,0,,AXL,t1_cns,1,0
CHEMBL1201256,-6.023,3,0.0,0.0,34.2,0,,AXL,t1_cns,1,0
CHEMBL1201264,-6.623,3,0.0,0.0,21.84,0,,AXL,t1_cns,1,0
CHEMBL1201266,-6.251,2,0.0,0.0,17.51,0,,AXL,t1_cns,1,0
CHEMBL1201271,-7.726,1,0.0,0.0,52.93,0,,AXL,t1_cns,1,0
CHEMBL1201274,-5.059,3,0.0,0.0,59.31,0,,AXL,t1_cns,1,0
CHEMBL1201284,-6.333,3,0.0,0.0,51.59,0,,AXL,t1_cns,1,0
CHEMBL1201288,-7.1,2,0.0,0.0,20.19,0,,AXL,t1_cns,1,0
CHEMBL1201293,-3.627,2,0.0,0.0,7.81,0,,AXL,t1_cns,1,0
CHEMBL1201317,-3.937,1,0.0,0.0,27.13,0,,AXL,t1_cns,1,0
CHEMBL1201319,-4.985,2,0.0,0.0,16.59,0,,AXL,t1_cns,1,0
CHEMBL1201323,-3.597,3,0.0,0.0,11.78,0,,AXL,t1_cns,1,0
CHEMBL1201336,-6.976,2,0.0,0.0,28.61,0,,AXL,t1_cns,1,0
CHEMBL1201338,-5.821,3,0.0,0.0,20.04,0,,AXL,t1_cns,1,0
CHEMBL1201340,-6.561,2,0.0,0.0,11.77,0,,AXL,t1_cns,1,0
CHEMBL1201353,-5.769,2,0.0,0.0,13.57,0,,AXL,t1_cns,1,0
CHEMBL1201354,-5.931,2,0.0,0.0,24.37,0,,AXL,t1_cns,1,0
CHEMBL1201747,-5.924,3,0.0,0.0,34.83,0,,AXL,t1_cns,1,0
CHEMBL1201754,-6.038,2,0.0,0.0,10.26,0,,AXL,t1_cns,1,0
CHEMBL1201758,-6.964,2,0.0,0.0,38.76,0,,AXL,t1_cns,1,0
CHEMBL1201764,-6.123,3,0.0,0.0,61.8,0,,AXL,t1_cns,1,0
CHEMBL1201776,-5.522,2,0.0,0.0,8.79,0,,AXL,t1_cns,1,0
CHEMBL1206690,-7.083,3,0.0,0.0,19.17,0,,AXL,t1_cns,1,0
CHEMBL1213351,-6.179,2,0.0,0.0,29.89,0,,AXL,t1_cns,1,0
CHEMBL1214124,-8.049,2,0.0,0.0,23.28,0,,AXL,t1_cns,1,0
CHEMBL1215,-4.722,2,0.0,0.0,12.66,0,,AXL,t1_cns,1,0
CHEMBL1218,-6.392,3,0.0,0.0,18.79,0,,AXL,t1_cns,1,0
CHEMBL1224,-7.204,2,0.0,0.0,36.35,0,,AXL,t1_cns,1,0
CHEMBL1231,-6.273,3,0.0,0.0,48.22,0,,AXL,t1_cns,1,0
CHEMBL1237021,-8.551,3,0.0,0.0,86.42,0,,AXL,t1_cns,1,0
CHEMBL1237044,-5.661,3,0.0,0.0,18.94,0,,AXL,t1_cns,1,0
CHEMBL1241,-5.613,2,0.0,0.0,24.67,0,,AXL,t1_cns,1,0
CHEMBL1254682,-6.552,2,0.0,0.0,15.53,0,,AXL,t1_cns,1,0
CHEMBL1256,-4.03,2,0.0,0.0,9.68,0,,AXL,t1_cns,1,0
CHEMBL1256786,-6.047,3,0.0,0.0,60.35,0,,AXL,t1_cns,1,0
CHEMBL1256841,-5.574,1,0.0,0.0,41.28,0,,AXL,t1_cns,1,0
CHEMBL1257,-4.11,2,0.0,0.0,12.36,0,,AXL,t1_cns,1,0
CHEMBL1259,-6.732,3,0.0,0.0,356.98,0,,AXL,t1_cns,1,0
CHEMBL126224,-4.895,3,0.0,0.0,33.17,0,,AXL,t1_cns,1,0
CHEMBL1263,-5.1,3,0.0,0.0,106.84,0,,AXL,t1_cns,1,0
CHEMBL1266,-5.858,2,0.0,0.0,6.03,0,,AXL,t1_cns,1,0
CHEMBL12713,-8.512,1,0.0,0.0,26.67,0,,AXL,t1_cns,1,0
CHEMBL127516,-5.281,2,0.0,0.0,10.64,0,,AXL,t1_cns,1,0
CHEMBL1278,-6.864,2,0.0,0.0,21.19,0,,AXL,t1_cns,1,0
CHEMBL1279,-6.836,2,0.0,0.0,9.19,0,,AXL,t1_cns,1,0
CHEMBL128,-6.235,2,0.0,0.0,16.33,0,,AXL,t1_cns,1,0
CHEMBL1286,-4.346,2,0.0,0.0,8.54,0,,AXL,t1_cns,1,0
CHEMBL1290,-6.013,2,0.0,0.0,24.62,0,,AXL,t1_cns,1,0
CHEMBL1291,-5.866,3,0.0,0.0,25.19,0,,AXL,t1_cns,1,0
CHEMBL1294,-7.408,3,0.0,0.0,19.45,0,,AXL,t1_cns,1,0
CHEMBL13,-4.955,2,0.0,0.0,21.99,0,,AXL,t1_cns,1,0
CHEMBL1303,-6.732,1,0.0,0.0,14.15,0,,AXL,t1_cns,1,0
CHEMBL1305,-6.427,3,0.0,0.0,13.81,0,,AXL,t1_cns,1,0
CHEMBL131,-6.975,3,0.0,0.0,15.06,0,,AXL,t1_cns,1,0
CHEMBL13209,-5.916,2,0.0,0.0,36.53,0,,AXL,t1_cns,1,0
CHEMBL1321,-5.946,1,0.0,0.0,15.95,0,,AXL,t1_cns,1,0
CHEMBL13280,-5.911,2,0.0,0.0,54.18,0,,AXL,t1_cns,1,0
CHEMBL134,-5.448,3,0.0,0.0,13.1,0,,AXL,t1_cns,1,0
CHEMBL1341,-3.518,2,0.0,0.0,7.79,0,,AXL,t1_cns,1,0
CHEMBL1346,-8.395,1,0.0,0.0,57.8,0,,AXL,t1_cns,1,0
CHEMBL135400,-7.284,3,0.0,0.0,45.12,0,,AXL,t1_cns,1,0
CHEMBL1372950,-8.408,2,0.0,0.0,53.93,0,,AXL,t1_cns,1,0
CHEMBL1373,-5.776,3,0.0,0.0,24.4,0,,AXL,t1_cns,1,0
CHEMBL1378,-7.28,1,0.0,0.0,47.49,0,,AXL,t1_cns,1,0
CHEMBL1382,-6.23,3,0.0,0.0,37.42,0,,AXL,t1_cns,1,0
CHEMBL139,-5.896,3,0.0,0.0,30.29,0,,AXL,t1_cns,1,0
CHEMBL14,-3.669,1,0.0,0.0,16.84,0,,AXL,t1_cns,1,0
CHEMBL1404,-7.055,2,0.0,0.0,73.0,0,,AXL,t1_cns,1,0
CHEMBL1410743,-3.893,3,0.0,0.0,4.65,0,,AXL,t1_cns,1,0
CHEMBL1411979,-5.296,3,0.0,0.0,14.19,0,,AXL,t1_cns,1,0
CHEMBL1414320,-6.558,2,0.0,0.0,49.42,0,,AXL,t1_cns,1,0
CHEMBL1420,-4.388,3,0.0,0.0,6.17,0,,AXL,t1_cns,1,0
CHEMBL1423,-7.918,3,0.0,0.0,77.61,0,,AXL,t1_cns,1,0
CHEMBL142635,-7.541,3,0.0,0.0,63.31,0,,AXL,t1_cns,1,0
CHEMBL1428,-6.049,3,0.0,0.0,48.03,0,,AXL,t1_cns,1,0
CHEMBL1434,-8.978,3,0.0,0.0,34.89,0,,AXL,t1_cns,1,0
CHEMBL1437,-4.8,3,0.0,0.0,19.0,0,,AXL,t1_cns,1,0
CHEMBL14370,-6.606,2,0.0,0.0,25.58,0,,AXL,t1_cns,1,0
CHEMBL14376,-7.138,3,0.0,0.0,37.45,0,,AXL,t1_cns,1,0
CHEMBL1442422,-6.451,3,0.0,0.0,12.22,0,,AXL,t1_cns,1,0
CHEMBL1454,-5.838,2,0.0,0.0,6.69,0,,AXL,t1_cns,1,0
CHEMBL146095,-6.488,3,0.0,0.0,27.96,0,,AXL,t1_cns,1,0
CHEMBL1480,-5.948,2,0.0,0.0,20.5,0,,AXL,t1_cns,1,0
CHEMBL1480987,-6.119,2,0.0,0.0,17.7,0,,AXL,t1_cns,1,0
CHEMBL1482,-3.958,3,0.0,0.0,9.24,0,,AXL,t1_cns,1,0
CHEMBL1484,-6.47,3,0.0,0.0,100.88,0,,AXL,t1_cns,1,0
CHEMBL1490,-6.616,2,0.0,0.0,29.48,0,,AXL,t1_cns,1,0
CHEMBL1491,-5.948,3,0.0,0.0,89.98,0,,AXL,t1_cns,1,0
CHEMBL1492,-6.992,2,0.0,0.0,21.86,0,,AXL,t1_cns,1,0
CHEMBL1492500,-6.713,2,0.0,0.0,19.81,0,,AXL,t1_cns,1,0
CHEMBL1493,-7.556,1,0.0,0.0,52.28,0,,AXL,t1_cns,1,0
CHEMBL15023,-7.67,3,0.0,0.0,64.31,0,,AXL,t1_cns,1,0
CHEMBL1505,-6.413,2,0.0,0.0,40.39,0,,AXL,t1_cns,1,0
CHEMBL1508,-6.453,1,0.0,0.0,41.23,0,,AXL,t1_cns,1,0
CHEMBL1510,-7.183,3,0.0,0.0,28.5,0,,AXL,t1_cns,1,0
CHEMBL1514,-5.752,2,0.0,0.0,29.19,0,,AXL,t1_cns,1,0
CHEMBL1515611,-4.505,3,0.0,0.0,6.75,0,,AXL,t1_cns,1,0
CHEMBL1521,-6.944,2,0.0,0.0,16.06,0,,AXL,t1_cns,1,0
CHEMBL1522,-7.091,3,0.0,0.0,17.64,0,,AXL,t1_cns,1,0
CHEMBL154,-6.243,2,0.0,0.0,12.45,0,,AXL,t1_cns,1,0
CHEMBL1568698,-7.711,3,0.0,0.0,15.72,0,,AXL,t1_cns,1,0
CHEMBL1580,-4.951,3,0.0,0.0,70.35,0,,AXL,t1_cns,1,0
CHEMBL1584,-7.541,3,0.0,0.0,62.08,0,,AXL,t1_cns,1,0
CHEMBL159226,-5.551,2,0.0,0.0,23.51,0,,AXL,t1_cns,1,0
CHEMBL1595,-6.984,3,0.0,0.0,10.11,0,,AXL,t1_cns,1,0
CHEMBL16,-6.68,2,0.0,0.0,20.23,0,,AXL,t1_cns,1,0
CHEMBL16073,-4.977,2,0.0,0.0,22.75,0,,AXL,t1_cns,1,0
CHEMBL1611,-6.368,1,0.0,0.0,14.59,0,,AXL,t1_cns,1,0
CHEMBL1615438,-8.411,3,0.0,0.0,28.63,0,,AXL,t1_cns,1,0
CHEMBL1618018,-6.256,2,0.0,0.0,14.92,0,,AXL,t1_cns,1,0
CHEMBL1619,-6.124,1,0.0,0.0,14.83,0,,AXL,t1_cns,1,0
CHEMBL162036,-6.714,2,0.0,0.0,22.04,0,,AXL,t1_cns,1,0
CHEMBL1621,-8.481,3,0.0,0.0,37.32,0,,AXL,t1_cns,1,0
CHEMBL1621597,-6.233,3,0.0,0.0,23.8,0,,AXL,t1_cns,1,0
CHEMBL1623992,-6.704,3,0.0,0.0,28.0,0,,AXL,t1_cns,1,0
CHEMBL1626,-6.708,1,0.0,0.0,20.54,0,,AXL,t1_cns,1,0
CHEMBL1626223,-5.177,3,0.0,0.0,7.53,0,,AXL,t1_cns,1,0
CHEMBL1628227,-6.992,1,0.0,0.0,12.12,0,,AXL,t1_cns,1,0
CHEMBL1628502,-5.465,3,0.0,0.0,35.73,0,,AXL,t1_cns,1,0
CHEMBL1643895,-7.368,3,0.0,0.0,11.08,0,,AXL,t1_cns,1,0
CHEMBL1648,-6.812,3,0.0,0.0,24.6,0,,AXL,t1_cns,1,0
CHEMBL1652,-6.71,3,0.0,0.0,89.17,0,,AXL,t1_cns,1,0
CHEMBL1685,-4.873,2,0.0,0.0,22.6,0,,AXL,t1_cns,1,0
CHEMBL168815,-4.801,3,0.0,0.0,5.65,0,,AXL,t1_cns,1,0
CHEMBL1697737,-4.559,2,0.0,0.0,26.18,0,,AXL,t1_cns,1,0
CHEMBL1697856,-4.973,2,0.0,0.0,12.59,0,,AXL,t1_cns,1,0
CHEMBL169901,-6.011,3,0.0,0.0,6.77,0,,AXL,t1_cns,1,0
CHEMBL17157,-7.173,2,0.0,0.0,60.94,0,,AXL,t1_cns,1,0
CHEMBL1726,-6.286,3,0.0,0.0,27.36,0,,AXL,t1_cns,1,0
CHEMBL1729,-7.48,2,0.0,0.0,44.07,0,,AXL,t1_cns,1,0
CHEMBL1732,-10.59,3,0.0,0.0,63.82,0,,AXL,t1_cns,1,0
CHEMBL1742423,-6.9,1,0.0,0.0,53.23,0,,AXL,t1_cns,1,0
CHEMBL1742466,-6.452,3,0.0,0.0,85.42,0,,AXL,t1_cns,1,0
CHEMBL1742471,-6.912,2,0.0,0.0,36.07,0,,AXL,t1_cns,1,0
CHEMBL1752,-5.512,3,0.0,0.0,12.18,0,,AXL,t1_cns,1,0
CHEMBL1754,-7.482,2,0.0,0.0,26.33,0,,AXL,t1_cns,1,0
CHEMBL1760,-5.369,2,0.0,0.0,14.4,0,,AXL,t1_cns,1,0
CHEMBL1762,-5.334,2,0.0,0.0,9.14,0,,AXL,t1_cns,1,0
CHEMBL1764,-6.112,2,0.0,0.0,16.9,0,,AXL,t1_cns,1,0
CHEMBL17860,-5.694,2,0.0,0.0,10.57,0,,AXL,t1_cns,1,0
CHEMBL178803,-5.499,3,0.0,0.0,51.04,0,,AXL,t1_cns,1,0
CHEMBL1790041,-4.15,2,0.0,0.0,34.04,0,,AXL,t1_cns,1,0
CHEMBL181,-5.686,3,0.0,0.0,6.37,0,,AXL,t1_cns,1,0
CHEMBL18116,-5.659,2,0.0,0.0,8.54,0,,AXL,t1_cns,1,0
CHEMBL184412,-6.381,2,0.0,0.0,103.35,0,,AXL,t1_cns,1,0
CHEMBL185073,-8.131,2,0.0,0.0,43.53,0,,AXL,t1_cns,1,0
CHEMBL1874750,-7.053,2,0.0,0.0,40.58,0,,AXL,t1_cns,1,0
CHEMBL1888176,-7.599,2,0.0,0.0,30.93,0,,AXL,t1_cns,1,0
CHEMBL188921,-5.523,2,0.0,0.0,22.26,0,,AXL,t1_cns,1,0
CHEMBL1900528,-6.399,2,0.0,0.0,24.88,0,,AXL,t1_cns,1,0
CHEMBL19019,-7.422,3,0.0,0.0,16.28,0,,AXL,t1_cns,1,0
CHEMBL190461,-6.118,3,0.0,0.0,23.19,0,,AXL,t1_cns,1,0
CHEMBL1909324,-6.638,3,0.0,0.0,50.35,0,,AXL,t1_cns,1,0
CHEMBL19299,-6.525,3,0.0,0.0,11.98,0,,AXL,t1_cns,1,0
CHEMBL193,-5.716,2,0.0,0.0,19.71,0,,AXL,t1_cns,1,0
CHEMBL197084,-5.641,2,0.0,0.0,30.13,0,,AXL,t1_cns,1,0
CHEMBL1983350,-6.115,3,0.0,0.0,9.32,0,,AXL,t1_cns,1,0
CHEMBL2,-7.636,3,0.0,0.0,24.75,0,,AXL,t1_cns,1,0
CHEMBL2028019,-7.271,2,0.0,0.0,27.24,0,,AXL,t1_cns,1,0
CHEMBL207538,-7.948,3,0.0,0.0,10.72,0,,AXL,t1_cns,1,0
CHEMBL2095212,-6.703,2,0.0,0.0,41.61,0,,AXL,t1_cns,1,0
CHEMBL2103822,-6.227,3,0.0,0.0,11.99,0,,AXL,t1_cns,1,0
CHEMBL2103827,-5.364,3,0.0,0.0,14.48,0,,AXL,t1_cns,1,0
CHEMBL2103837,-7.436,2,0.0,0.0,10.08,0,,AXL,t1_cns,1,0
CHEMBL2104095,-2.73,3,0.0,0.0,4.95,0,,AXL,t1_cns,1,0
CHEMBL2104356,-6.017,3,0.0,0.0,38.62,0,,AXL,t1_cns,1,0
CHEMBL2104993,-6.8,2,0.0,0.0,13.17,0,,AXL,t1_cns,1,0
CHEMBL2105233,-4.758,3,0.0,0.0,11.6,0,,AXL,t1_cns,1,0
CHEMBL2105275,-4.618,3,0.0,0.0,6.24,0,,AXL,t1_cns,1,0
CHEMBL2105581,-6.066,3,0.0,0.0,32.26,0,,AXL,t1_cns,1,0
CHEMBL2105760,-7.472,3,0.0,0.0,44.79,0,,AXL,t1_cns,1,0
CHEMBL2107011,-7.184,3,0.0,0.0,25.63,0,,AXL,t1_cns,1,0
CHEMBL2107726,-6.098,3,0.0,0.0,19.02,0,,AXL,t1_cns,1,0
CHEMBL2110774,-6.275,2,0.0,0.0,17.43,0,,AXL,t1_cns,1,0
CHEMBL2110805,-6.418,2,0.0,0.0,15.96,0,,AXL,t1_cns,1,0
CHEMBL2110816,-5.482,2,0.0,0.0,40.98,0,,AXL,t1_cns,1,0
CHEMBL2111030,-6.091,2,0.0,0.0,14.87,0,,AXL,t1_cns,1,0
CHEMBL2111097,-5.945,2,0.0,0.0,44.16,0,,AXL,t1_cns,1,0
CHEMBL2111101,-6.917,3,0.0,0.0,41.33,0,,AXL,t1_cns,1,0
CHEMBL2111112,-6.962,1,0.0,0.0,26.77,0,,AXL,t1_cns,1,0
CHEMBL211456,-4.745,3,0.0,0.0,8.56,0,,AXL,t1_cns,1,0
CHEMBL21536,-4.921,3,0.0,0.0,16.91,0,,AXL,t1_cns,1,0
CHEMBL2159122,-7.135,2,0.0,0.0,113.68,0,,AXL,t1_cns,1,0
CHEMBL21731,-6.433,3,0.0,0.0,12.46,0,,AXL,t1_cns,1,0
CHEMBL2178422,-7.836,2,0.0,0.0,128.04,0,,AXL,t1_cns,1,0
CHEMBL219916,-8.118,2,0.0,0.0,27.08,0,,AXL,t1_cns,1,0
CHEMBL220492,-5.802,2,0.0,0.0,12.77,0,,AXL,t1_cns,1,0
CHEMBL22097,-5.635,3,0.0,0.0,33.93,0,,AXL,t1_cns,1,0
CHEMBL2218861,-7.117,2,0.0,0.0,26.74,0,,AXL,t1_cns,1,0
CHEMBL2218896,-6.341,3,0.0,0.0,24.08,0,,AXL,t1_cns,1,0
CHEMBL22242,-6.153,3,0.0,0.0,17.44,0,,AXL,t1_cns,1,0
CHEMBL23,-5.368,2,0.0,0.0,88.07,0,,AXL,t1_cns,1,0
CHEMBL231068,-7.918,2,0.0,0.0,21.1,0,,AXL,t1_cns,1,0
CHEMBL2364638,-9.193,2,0.0,0.0,39.07,0,,AXL,t1_cns,1,0
CHEMBL2364639,-6.841,1,0.0,0.0,31.04,0,,AXL,t1_cns,1,0
CHEMBL2397415,-10.27,2,0.0,0.0,70.04,0,,AXL,t1_cns,1,0
CHEMBL24072,-6.507,2,0.0,0.0,22.87,0,,AXL,t1_cns,1,0
CHEMBL243712,-6.08,2,0.0,0.0,30.8,0,,AXL,t1_cns,1,0
CHEMBL2443262,-6.969,2,0.0,0.0,26.33,0,,AXL,t1_cns,1,0
CHEMBL24441,-4.069,3,0.0,0.0,5.65,0,,AXL,t1_cns,1,0
CHEMBL24778,-7.138,1,0.0,0.0,78.66,0,,AXL,t1_cns,1,0
CHEMBL25,-5.329,3,0.0,0.0,8.37,0,,AXL,t1_cns,1,0
CHEMBL251940,-7.637,3,0.0,0.0,21.02,0,,AXL,t1_cns,1,0
CHEMBL252556,-5.239,1,0.0,0.0,41.16,0,,AXL,t1_cns,1,0
CHEMBL254857,-7.525,1,0.0,0.0,27.77,0,,AXL,t1_cns,1,0
CHEMBL255044,-6.475,2,0.0,0.0,21.5,0,,AXL,t1_cns,1,0
CHEMBL259209,-5.512,2,0.0,0.0,16.35,0,,AXL,t1_cns,1,0
CHEMBL26,-6.105,1,0.0,0.0,23.6,0,,AXL,t1_cns,1,0
CHEMBL267495,-8.403,1,0.0,0.0,43.36,0,,AXL,t1_cns,1,0
CHEMBL267894,-5.038,3,0.0,0.0,10.16,0,,AXL,t1_cns,1,0
CHEMBL267936,-4.551,3,0.0,0.0,4.91,0,,AXL,t1_cns,1,0
CHEMBL268164,-5.733,2,0.0,0.0,9.01,0,,AXL,t1_cns,1,0
CHEMBL27,-5.848,2,0.0,0.0,18.28,0,,AXL,t1_cns,1,0
CHEMBL270190,-7.456,3,0.0,0.0,46.46,0,,AXL,t1_cns,1,0
CHEMBL273575,-6.701,2,0.0,0.0,8.86,0,,AXL,t1_cns,1,0
CHEMBL276520,-6.791,3,0.0,0.0,10.25,0,,AXL,t1_cns,1,0
CHEMBL277062,-5.713,2,0.0,0.0,22.18,0,,AXL,t1_cns,1,0
CHEMBL278020,-5.413,2,0.0,0.0,7.49,0,,AXL,t1_cns,1,0
CHEMBL27810,-5.857,3,0.0,0.0,34.02,0,,AXL,t1_cns,1,0
CHEMBL278819,-6.687,2,0.0,0.0,14.48,0,,AXL,t1_cns,1,0
CHEMBL279516,-8.157,2,0.0,0.0,26.04,0,,AXL,t1_cns,1,0
CHEMBL282052,-7.605,3,0.0,0.0,8.05,0,,AXL,t1_cns,1,0
CHEMBL282121,-5.574,3,0.0,0.0,64.68,0,,AXL,t1_cns,1,0
CHEMBL28218,-6.906,3,0.0,0.0,25.46,0,,AXL,t1_cns,1,0
CHEMBL28318,-6.197,2,0.0,0.0,9.08,0,,AXL,t1_cns,1,0
CHEMBL28333,-5.279,3,0.0,0.0,23.33,0,,AXL,t1_cns,1,0
CHEMBL284092,-6.321,3,0.0,0.0,21.52,0,,AXL,t1_cns,1,0
CHEMBL284906,-4.742,1,0.0,0.0,10.21,0,,AXL,t1_cns,1,0
CHEMBL285674,-7.203,3,0.0,0.0,9.08,0,,AXL,t1_cns,1,0
CHEMBL288470,-5.994,2,0.0,0.0,9.26,0,,AXL,t1_cns,1,0
CHEMBL289469,-7.571,3,0.0,0.0,12.22,0,,AXL,t1_cns,1,0
CHEMBL289480,-4.453,3,0.0,0.0,9.0,0,,AXL,t1_cns,1,0
CHEMBL290916,-5.378,2,0.0,0.0,6.97,0,,AXL,t1_cns,1,0
CHEMBL294199,-5.861,3,0.0,0.0,28.37,0,,AXL,t1_cns,1,0
CHEMBL296419,-7.857,2,0.0,0.0,49.29,0,,AXL,t1_cns,1,0
CHEMBL297302,-7.606,2,0.0,0.0,30.1,0,,AXL,t1_cns,1,0
CHEMBL3,-4.819,2,0.0,0.0,6.81,0,,AXL,t1_cns,1,0
CHEMBL30,-5.371,3,0.0,0.0,20.61,0,,AXL,t1_cns,1,0
CHEMBL301265,-5.327,2,0.0,0.0,9.29,0,,AXL,t1_cns,1,0
CHEMBL3039520,-8.128,3,0.0,0.0,19.49,0,,AXL,t1_cns,1,0
CHEMBL305660,-8.056,2,0.0,0.0,55.89,0,,AXL,t1_cns,1,0
CHEMBL306700,-5.639,2,0.0,0.0,11.39,0,,AXL,t1_cns,1,0
CHEMBL312448,-6.35,2,0.0,0.0,10.94,0,,AXL,t1_cns,1,0
CHEMBL3137326,-6.979,2,0.0,0.0,13.01,0,,AXL,t1_cns,1,0
CHEMBL314437,-4.609,3,0.0,0.0,27.57,0,,AXL,t1_cns,1,0
CHEMBL315795,-3.775,3,0.0,0.0,5.78,0,,AXL,t1_cns,1,0
CHEMBL315985,-5.197,2,0.0,0.0,27.43,0,,AXL,t1_cns,1,0
CHEMBL3183075,-4.218,3,0.0,0.0,26.3,0,,AXL,t1_cns,1,0
CHEMBL3187365,-7.179,3,0.0,0.0,6.34,0,,AXL,t1_cns,1,0
CHEMBL32479,-7.493,2,0.0,0.0,12.12,0,,AXL,t1_cns,1,0
CHEMBL32800,-5.536,2,0.0,0.0,27.84,0,,AXL,t1_cns,1,0
CHEMBL328560,-5.96,3,0.0,0.0,13.19,0,,AXL,t1_cns,1,0
CHEMBL3306803,-7.723,2,0.0,0.0,24.77,0,,AXL,t1_cns,1,0
CHEMBL339427,-6.79,2,0.0,0.0,175.47,0,,AXL,t1_cns,1,0
CHEMBL33986,-7.111,2,0.0,0.0,15.0,0,,AXL,t1_cns,1,0
CHEMBL354077,-3.854,2,0.0,0.0,7.75,0,,AXL,t1_cns,1,0
CHEMBL3545367,-7.721,2,0.0,0.0,31.76,0,,AXL,t1_cns,1,0
CHEMBL36715,-3.779,3,0.0,0.0,7.33,0,,AXL,t1_cns,1,0
CHEMBL376897,-6.154,3,0.0,0.0,18.35,0,,AXL,t1_cns,1,0
CHEMBL37744,-6.257,1,0.0,0.0,11.59,0,,AXL,t1_cns,1,0
CHEMBL3833301,-4.618,3,0.0,0.0,5.9,0,,AXL,t1_cns,1,0
CHEMBL3833389,-7.556,2,0.0,0.0,29.53,0,,AXL,t1_cns,1,0
CHEMBL384467,-7.601,3,0.0,0.0,17.43,0,,AXL,t1_cns,1,0
CHEMBL395091,-5.31,2,0.0,0.0,9.06,0,,AXL,t1_cns,1,0
CHEMBL396778,-6.603,2,0.0,0.0,26.44,0,,AXL,t1_cns,1,0
CHEMBL398707,-6.969,3,0.0,0.0,7.84,0,,AXL,t1_cns,1,0
CHEMBL3989695,-7.532,3,0.0,0.0,32.43,0,,AXL,t1_cns,1,0
CHEMBL3989803,-6.504,2,0.0,0.0,13.46,0,,AXL,t1_cns,1,0
CHEMBL3989843,-4.671,3,0.0,0.0,5.55,0,,AXL,t1_cns,1,0
CHEMBL3989949,-5.428,2,0.0,0.0,13.67,0,,AXL,t1_cns,1,0
CHEMBL3991065,-8.236,2,0.0,0.0,50.11,0,,AXL,t1_cns,1,0
CHEMBL40,-5.925,2,0.0,0.0,7.92,0,,AXL,t1_cns,1,0
CHEMBL404849,-4.813,3,0.0,0.0,37.77,0,,AXL,t1_cns,1,0
CHEMBL405,-4.59,3,0.0,0.0,7.39,0,,AXL,t1_cns,1,0
CHEMBL407,-7.001,2,0.0,0.0,14.39,0,,AXL,t1_cns,1,0
CHEMBL41,-6.763,1,0.0,0.0,20.44,0,,AXL,t1_cns,1,0
CHEMBL4105630,-8.176,1,0.0,0.0,19.25,0,,AXL,t1_cns,1,0
CHEMBL41355,-6.564,2,0.0,0.0,18.59,0,,AXL,t1_cns,1,0
CHEMBL413965,-6.284,1,0.0,0.0,9.99,0,,AXL,t1_cns,1,0
CHEMBL415,-4.986,3,0.0,0.0,36.51,0,,AXL,t1_cns,1,0
CHEMBL416956,-8.105,2,0.0,0.0,17.53,0,,AXL,t1_cns,1,0
CHEMBL418995,-5.444,3,0.0,0.0,75.91,0,,AXL,t1_cns,1,0
CHEMBL42,-8.191,2,0.0,0.0,8.15,0,,AXL,t1_cns,1,0
CHEMBL422,-7.631,2,0.0,0.0,25.99,0,,AXL,t1_cns,1,0
CHEMBL423,-5.547,3,0.0,0.0,34.55,0,,AXL,t1_cns,1,0
CHEMBL429,-6.171,2,0.0,0.0,31.08,0,,AXL,t1_cns,1,0
CHEMBL4297526,-6.718,3,0.0,0.0,23.25,0,,AXL,t1_cns,1,0
CHEMBL4297590,-8.061,3,0.0,0.0,29.74,0,,AXL,t1_cns,1,0
CHEMBL4297620,-4.992,2,0.0,0.0,10.76,0,,AXL,t1_cns,1,0
CHEMBL4303525,-9.248,2,0.0,0.0,27.42,0,,AXL,t1_cns,1,0
CHEMBL43064,-7.895,2,0.0,0.0,22.27,0,,AXL,t1_cns,1,0
CHEMBL431770,-6.873,2,0.0,0.0,20.21,0,,AXL,t1_cns,1,0
CHEMBL434394,-7.926,3,0.0,0.0,36.84,0,,AXL,t1_cns,1,0
CHEMBL439849,-8.389,2,0.0,0.0,44.58,0,,AXL,t1_cns,1,0
CHEMBL440,-5.019,3,0.0,0.0,11.27,0,,AXL,t1_cns,1,0
CHEMBL441,-5.136,2,0.0,0.0,9.53,0,,AXL,t1_cns,1,0
CHEMBL442,-10.48,3,0.0,0.0,50.5,0,,AXL,t1_cns,1,0
CHEMBL444,-4.664,3,0.0,0.0,6.46,0,,AXL,t1_cns,1,0
CHEMBL445,-5.153,1,0.0,0.0,31.42,0,,AXL,t1_cns,1,0
CHEMBL447,-5.21,3,0.0,0.0,11.68,0,,AXL,t1_cns,1,0
CHEMBL448,-5.069,2,0.0,0.0,9.33,0,,AXL,t1_cns,1,0
CHEMBL45,-5.967,2,0.0,0.0,12.84,0,,AXL,t1_cns,1,0
CHEMBL450,-4.875,3,0.0,0.0,8.68,0,,AXL,t1_cns,1,0
CHEMBL45029,-6.157,2,0.0,0.0,9.13,0,,AXL,t1_cns,1,0
CHEMBL451,-6.125,2,0.0,0.0,28.43,0,,AXL,t1_cns,1,0
CHEMBL452,-5.93,2,0.0,0.0,34.33,0,,AXL,t1_cns,1,0
CHEMBL454,-5.01,3,0.0,0.0,10.37,0,,AXL,t1_cns,1,0
CHEMBL455917,-3.78,1,0.0,0.0,4.41,0,,AXL,t1_cns,1,0
CHEMBL45816,-6.57,3,0.0,0.0,66.91,0,,AXL,t1_cns,1,0
CHEMBL459,-5.465,2,0.0,0.0,14.33,0,,AXL,t1_cns,1,0
CHEMBL46,-7.521,2,0.0,0.0,10.85,0,,AXL,t1_cns,1,0
CHEMBL460,-6.511,2,0.0,0.0,11.08,0,,AXL,t1_cns,1,0
CHEMBL461522,-6.677,2,0.0,0.0,18.93,0,,AXL,t1_cns,1,0
CHEMBL462605,-5.183,3,0.0,0.0,20.78,0,,AXL,t1_cns,1,0
CHEMBL465,-7.172,2,0.0,0.0,16.56,0,,AXL,t1_cns,1,0
CHEMBL465026,-5.03,2,0.0,0.0,26.67,0,,AXL,t1_cns,1,0
CHEMBL46516,-9.279,2,0.0,0.0,45.15,0,,AXL,t1_cns,1,0
CHEMBL468837,-4.419,3,0.0,0.0,24.13,0,,AXL,t1_cns,1,0
CHEMBL469,-6.775,2,0.0,0.0,11.13,0,,AXL,t1_cns,1,0
CHEMBL46917,-5.635,3,0.0,0.0,8.14,0,,AXL,t1_cns,1,0
CHEMBL471,-5.351,3,0.0,0.0,16.5,0,,AXL,t1_cns,1,0
CHEMBL471737,-5.089,2,0.0,0.0,131.18,0,,AXL,t1_cns,1,0
CHEMBL473,-5.16,3,0.0,0.0,52.32,0,,AXL,t1_cns,1,0
CHEMBL477,-6.066,2,0.0,0.0,14.34,0,,AXL,t1_cns,1,0
CHEMBL479,-7.354,3,0.0,0.0,15.3,0,,AXL,t1_cns,1,0
CHEMBL485,-7.102,3,0.0,0.0,9.1,0,,AXL,t1_cns,1,0
CHEMBL488093,-6.469,3,0.0,0.0,28.9,0,,AXL,t1_cns,1,0
CHEMBL49,-6.686,3,0.0,0.0,25.25,0,,AXL,t1_cns,1,0
CHEMBL490,-6.772,2,0.0,0.0,15.26,0,,AXL,t1_cns,1,0
CHEMBL493,-9.869,3,0.0,0.0,48.27,0,,AXL,t1_cns,1,0
CHEMBL493287,-4.71,3,0.0,0.0,10.23,0,,AXL,t1_cns,1,0
CHEMBL496,-6.331,3,0.0,0.0,13.37,0,,AXL,t1_cns,1,0
CHEMBL498847,-4.398,2,0.0,0.0,8.13,0,,AXL,t1_cns,1,0
CHEMBL499,-5.181,1,0.0,0.0,21.01,0,,AXL,t1_cns,1,0
CHEMBL500,-5.512,2,0.0,0.0,14.6,0,,AXL,t1_cns,1,0
CHEMBL502,-7.535,3,0.0,0.0,21.26,0,,AXL,t1_cns,1,0
CHEMBL503565,-5.256,2,0.0,0.0,10.63,0,,AXL,t1_cns,1,0
CHEMBL51,-7.55,3,0.0,0.0,24.28,0,,AXL,t1_cns,1,0
CHEMBL516,-8.046,3,0.0,0.0,6.04,0,,AXL,t1_cns,1,0
CHEMBL517,-6.25,3,0.0,0.0,32.78,0,,AXL,t1_cns,1,0
CHEMBL517712,-6.315,2,0.0,0.0,30.47,0,,AXL,t1_cns,1,0
CHEMBL521,-5.766,3,0.0,0.0,17.9,0,,AXL,t1_cns,1,0
CHEMBL521606,-5.987,3,0.0,0.0,35.61,0,,AXL,t1_cns,1,0
CHEMBL524,-4.983,3,0.0,0.0,20.19,0,,AXL,t1_cns,1,0
CHEMBL524004,-6.683,3,0.0,0.0,43.46,0,,AXL,t1_cns,1,0
CHEMBL52440,-6.889,2,0.0,0.0,9.07,0,,AXL,t1_cns,1,0
CHEMBL526,-5.501,3,0.0,0.0,9.1,0,,AXL,t1_cns,1,0
CHEMBL531,-7.181,1,0.0,0.0,13.09,0,,AXL,t1_cns,1,0
CHEMBL533,-4.856,3,0.0,0.0,59.18,0,,AXL,t1_cns,1,0
CHEMBL534,-5.552,3,0.0,0.0,30.85,0,,AXL,t1_cns,1,0
CHEMBL54,-6.746,2,0.0,0.0,31.15,0,,AXL,t1_cns,1,0
CHEMBL54349,-7.262,1,0.0,0.0,27.3,0,,AXL,t1_cns,1,0
CHEMBL546,-4.953,3,0.0,0.0,21.13,0,,AXL,t1_cns,1,0
CHEMBL549,-6.547,1,0.0,0.0,17.73,0,,AXL,t1_cns,1,0
CHEMBL54976,-5.555,2,0.0,0.0,11.24,0,,AXL,t1_cns,1,0
CHEMBL550,-4.894,2,0.0,0.0,8.76,0,,AXL,t1_cns,1,0
CHEMBL558,-5.086,2,0.0,0.0,7.85,0,,AXL,t1_cns,1,0
CHEMBL56367,-6.155,2,0.0,0.0,13.09,0,,AXL,t1_cns,1,0
CHEMBL564,-6.191,3,0.0,0.0,13.05,0,,AXL,t1_cns,1,0
CHEMBL56564,-7.249,3,0.0,0.0,12.01,0,,AXL,t1_cns,1,0
CHEMBL567,-7.327,3,0.0,0.0,25.52,0,,AXL,t1_cns,1,0
CHEMBL568,-5.8,2,0.0,0.0,23.85,0,,AXL,t1_cns,1,0
CHEMBL569,-5.034,2,0.0,0.0,14.64,0,,AXL,t1_cns,1,0
CHEMBL569713,-6.512,2,0.0,0.0,15.67,0,,AXL,t1_cns,1,0
CHEMBL570,-7.041,3,0.0,0.0,15.18,0,,AXL,t1_cns,1,0
CHEMBL580,-5.731,2,0.0,0.0,27.65,0,,AXL,t1_cns,1,0
CHEMBL58323,-5.492,3,0.0,0.0,15.13,0,,AXL,t1_cns,1,0
CHEMBL585,-6.53,1,0.0,0.0,12.11,0,,AXL,t1_cns,1,0
CHEMBL588,-5.464,2,0.0,0.0,38.85,0,,AXL,t1_cns,1,0
CHEMBL589,-5.504,2,0.0,0.0,14.56,0,,AXL,t1_cns,1,0
CHEMBL59,-4.68,3,0.0,0.0,7.77,0,,AXL,t1_cns,1,0
CHEMBL591,-3.819,3,0.0,0.0,5.39,0,,AXL,t1_cns,1,0
CHEMBL594,-4.736,2,0.0,0.0,45.37,0,,AXL,t1_cns,1,0
CHEMBL596,-6.872,3,0.0,0.0,26.77,0,,AXL,t1_cns,1,0
CHEMBL597,-6.58,2,0.0,0.0,30.59,0,,AXL,t1_cns,1,0
CHEMBL607,-5.344,3,0.0,0.0,18.82,0,,AXL,t1_cns,1,0
CHEMBL607400,-5.089,3,0.0,0.0,16.66,0,,AXL,t1_cns,1,0
CHEMBL611,-7.403,2,0.0,0.0,33.71,0,,AXL,t1_cns,1,0
CHEMBL612,-4.619,2,0.0,0.0,9.9,0,,AXL,t1_cns,1,0
CHEMBL61593,-6.859,3,0.0,0.0,27.95,0,,AXL,t1_cns,1,0
CHEMBL620,-6.931,2,0.0,0.0,30.28,0,,AXL,t1_cns,1,0
CHEMBL621,-7.515,3,0.0,0.0,25.6,0,,AXL,t1_cns,1,0
CHEMBL623,-7.499,2,0.0,0.0,50.83,0,,AXL,t1_cns,1,0
CHEMBL628,-5.738,3,0.0,0.0,13.74,0,,AXL,t1_cns,1,0
CHEMBL629,-5.524,1,0.0,0.0,32.68,0,,AXL,t1_cns,1,0
CHEMBL633,-6.358,2,0.0,0.0,39.17,0,,AXL,t1_cns,1,0
CHEMBL636,-5.329,3,0.0,0.0,11.37,0,,AXL,t1_cns,1,0
CHEMBL637,-5.635,2,0.0,0.0,13.26,0,,AXL,t1_cns,1,0
CHEMBL639,-6.661,1,0.0,0.0,51.16,0,,AXL,t1_cns,1,0
CHEMBL640,-5.262,2,0.0,0.0,12.71,0,,AXL,t1_cns,1,0
CHEMBL641,-6.017,2,0.0,0.0,13.21,0,,AXL,t1_cns,1,0
CHEMBL642,-5.817,3,0.0,0.0,28.17,0,,AXL,t1_cns,1,0
CHEMBL643,-6.277,3,0.0,0.0,12.34,0,,AXL,t1_cns,1,0
CHEMBL6437,-7.352,2,0.0,0.0,8.12,0,,AXL,t1_cns,1,0
CHEMBL644,-5.593,2,0.0,0.0,38.0,0,,AXL,t1_cns,1,0
CHEMBL645,-4.921,2,0.0,0.0,60.6,0,,AXL,t1_cns,1,0
CHEMBL646,-7.586,3,0.0,0.0,17.43,0,,AXL,t1_cns,1,0
CHEMBL647,-5.361,2,0.0,0.0,11.04,0,,AXL,t1_cns,1,0
CHEMBL648,-6.716,3,0.0,0.0,15.77,0,,AXL,t1_cns,1,0
CHEMBL651,-4.781,2,0.0,0.0,32.41,0,,AXL,t1_cns,1,0
CHEMBL652,-7.226,2,0.0,0.0,44.03,0,,AXL,t1_cns,1,0
CHEMBL654,-7.451,2,0.0,0.0,6.63,0,,AXL,t1_cns,1,0
CHEMBL655,-7.548,3,0.0,0.0,12.19,0,,AXL,t1_cns,1,0
CHEMBL656,-6.982,2,0.0,0.0,9.14,0,,AXL,t1_cns,1,0
CHEMBL657,-5.56,3,0.0,0.0,16.15,0,,AXL,t1_cns,1,0
CHEMBL658,-6.119,3,0.0,0.0,31.63,0,,AXL,t1_cns,1,0
CHEMBL659,-5.548,3,0.0,0.0,27.0,0,,AXL,t1_cns,1,0
CHEMBL660,-4.746,2,0.0,0.0,5.13,0,,AXL,t1_cns,1,0
CHEMBL661,-7.519,2,0.0,0.0,13.44,0,,AXL,t1_cns,1,0
CHEMBL667,-3.463,2,0.0,0.0,6.44,0,,AXL,t1_cns,1,0
CHEMBL668,-6.622,1,0.0,0.0,15.12,0,,AXL,t1_cns,1,0
CHEMBL669,-6.992,2,0.0,0.0,10.24,0,,AXL,t1_cns,1,0
CHEMBL673,-4.819,3,0.0,0.0,6.46,0,,AXL,t1_cns,1,0
CHEMBL679,-4.812,3,0.0,0.0,8.71,0,,AXL,t1_cns,1,0
CHEMBL681,-5.637,1,0.0,0.0,12.12,0,,AXL,t1_cns,1,0
CHEMBL682,-6.82,2,0.0,0.0,22.28,0,,AXL,t1_cns,1,0
CHEMBL695,-4.015,3,0.0,0.0,4.72,0,,AXL,t1_cns,1,0
CHEMBL696,-4.196,3,0.0,0.0,5.11,0,,AXL,t1_cns,1,0
CHEMBL6966,-6.134,3,0.0,0.0,63.13,0,,AXL,t1_cns,1,0
CHEMBL697,-6.107,2,0.0,0.0,6.08,0,,AXL,t1_cns,1,0
CHEMBL698,-5.229,2,0.0,0.0,16.4,0,,AXL,t1_cns,1,0
CHEMBL6995,-5.354,3,0.0,0.0,16.43,0,,AXL,t1_cns,1,0
CHEMBL70,-6.907,3,0.0,0.0,8.97,0,,AXL,t1_cns,1,0
CHEMBL701,-5.187,1,0.0,0.0,11.56,0,,AXL,t1_cns,1,0
CHEMBL70246,-5.395,2,0.0,0.0,9.51,0,,AXL,t1_cns,1,0
CHEMBL70418,-4.975,3,0.0,0.0,27.87,0,,AXL,t1_cns,1,0
CHEMBL707,-8.446,2,0.0,0.0,23.36,0,,AXL,t1_cns,1,0
CHEMBL708,-7.987,2,0.0,0.0,22.74,0,,AXL,t1_cns,1,0
CHEMBL709,-6.256,3,0.0,0.0,31.59,0,,AXL,t1_cns,1,0
CHEMBL71,-6.555,3,0.0,0.0,12.39,0,,AXL,t1_cns,1,0
CHEMBL714,-5.419,3,0.0,0.0,30.52,0,,AXL,t1_cns,1,0
CHEMBL715,-7.723,2,0.0,0.0,17.24,0,,AXL,t1_cns,1,0
CHEMBL716,-6.313,3,0.0,0.0,40.15,0,,AXL,t1_cns,1,0
CHEMBL71752,-7.197,3,0.0,0.0,19.35,0,,AXL,t1_cns,1,0
CHEMBL72,-5.095,2,0.0,0.0,57.11,0,,AXL,t1_cns,1,0
CHEMBL723,-6.783,3,0.0,0.0,60.92,0,,AXL,t1_cns,1,0
CHEMBL726,-7.896,3,0.0,0.0,39.36,0,,AXL,t1_cns,1,0
CHEMBL728,-7.135,3,0.0,0.0,20.16,0,,AXL,t1_cns,1,0
CHEMBL73234,-5.361,3,0.0,0.0,38.37,0,,AXL,t1_cns,1,0
CHEMBL741,-5.818,2,0.0,0.0,10.41,0,,AXL,t1_cns,1,0
CHEMBL742,-5.566,2,0.0,0.0,7.86,0,,AXL,t1_cns,1,0
CHEMBL744,-5.675,2,0.0,0.0,9.08,0,,AXL,t1_cns,1,0
CHEMBL746,-7.284,2,0.0,0.0,20.05,0,,AXL,t1_cns,1,0
CHEMBL750,-5.052,2,0.0,0.0,7.53,0,,AXL,t1_cns,1,0
CHEMBL753,-5.082,2,0.0,0.0,18.72,0,,AXL,t1_cns,1,0
CHEMBL761,-6.398,3,0.0,0.0,7.4,0,,AXL,t1_cns,1,0
CHEMBL762,-6.399,2,0.0,0.0,10.55,0,,AXL,t1_cns,1,0
CHEMBL76370,-6.158,3,0.0,0.0,17.99,0,,AXL,t1_cns,1,0
CHEMBL765,-3.574,2,0.0,0.0,26.62,0,,AXL,t1_cns,1,0
CHEMBL768,-5.503,3,0.0,0.0,25.96,0,,AXL,t1_cns,1,0
CHEMBL770,-4.797,3,0.0,0.0,5.82,0,,AXL,t1_cns,1,0
CHEMBL772,-8.254,1,0.0,0.0,58.78,0,,AXL,t1_cns,1,0
CHEMBL776,-5.088,3,0.0,0.0,15.2,0,,AXL,t1_cns,1,0
CHEMBL778,-6.11,3,0.0,0.0,10.12,0,,AXL,t1_cns,1,0
CHEMBL7863,-5.118,1,0.0,0.0,9.88,0,,AXL,t1_cns,1,0
CHEMBL79,-5.245,1,0.0,0.0,11.7,0,,AXL,t1_cns,1,0
CHEMBL796,-5.758,3,0.0,0.0,10.88,0,,AXL,t1_cns,1,0
CHEMBL797,-6.069,2,0.0,0.0,8.91,0,,AXL,t1_cns,1,0
CHEMBL80,-7.34,1,0.0,0.0,19.59,0,,AXL,t1_cns,1,0
CHEMBL807,-5.193,2,0.0,0.0,12.03,0,,AXL,t1_cns,1,0
CHEMBL809,-7.032,1,0.0,0.0,19.95,0,,AXL,t1_cns,1,0
CHEMBL811,-5.91,1,0.0,0.0,20.67,0,,AXL,t1_cns,1,0
CHEMBL814,-5.836,1,0.0,0.0,34.11,0,,AXL,t1_cns,1,0
CHEMBL827,-5.737,2,0.0,0.0,17.05,0,,AXL,t1_cns,1,0
CHEMBL83063,-5.742,2,0.0,0.0,34.2,0,,AXL,t1_cns,1,0
CHEMBL831,-7.321,3,0.0,0.0,9.65,0,,AXL,t1_cns,1,0
CHEMBL836,-6.175,3,0.0,0.0,51.43,0,,AXL,t1_cns,1,0
CHEMBL839,-6.024,2,0.0,0.0,22.46,0,,AXL,t1_cns,1,0
CHEMBL841,-7.898,2,0.0,0.0,53.69,0,,AXL,t1_cns,1,0
CHEMBL844,-5.861,3,0.0,0.0,8.22,0,,AXL,t1_cns,1,0
CHEMBL85,-8.327,2,0.0,0.0,23.74,0,,AXL,t1_cns,1,0
CHEMBL85231,-5.582,2,0.0,0.0,13.39,0,,AXL,t1_cns,1,0
CHEMBL855,-6.524,2,0.0,0.0,11.93,0,,AXL,t1_cns,1,0
CHEMBL856,-5.541,2,0.0,0.0,7.15,0,,AXL,t1_cns,1,0
CHEMBL86,-5.583,2,0.0,0.0,17.19,0,,AXL,t1_cns,1,0
CHEMBL861,-6.008,3,0.0,0.0,6.96,0,,AXL,t1_cns,1,0
CHEMBL862,-6.093,3,0.0,0.0,7.56,0,,AXL,t1_cns,1,0
CHEMBL86304,-6.055,2,0.0,0.0,10.92,0,,AXL,t1_cns,1,0
CHEMBL864,-5.804,1,0.0,0.0,15.06,0,,AXL,t1_cns,1,0
CHEMBL86715,-6.73,2,0.0,0.0,21.45,0,,AXL,t1_cns,1,0
CHEMBL87493,-5.681,3,0.0,0.0,10.93,0,,AXL,t1_cns,1,0
CHEMBL87708,-6.237,2,0.0,0.0,77.69,0,,AXL,t1_cns,1,0
CHEMBL887,-5.721,3,0.0,0.0,7.2,0,,AXL,t1_cns,1,0
CHEMBL894,-5.611,1,0.0,0.0,11.46,0,,AXL,t1_cns,1,0
CHEMBL895,-7.632,3,0.0,0.0,15.74,0,,AXL,t1_cns,1,0
CHEMBL89598,-3.807,2,0.0,0.0,11.42,0,,AXL,t1_cns,1,0
CHEMBL896,-6.708,3,0.0,0.0,59.05,0,,AXL,t1_cns,1,0
CHEMBL898,-6.955,3,0.0,0.0,18.84,0,,AXL,t1_cns,1,0
CHEMBL90,-3.406,3,0.0,0.0,9.1,0,,AXL,t1_cns,1,0
CHEMBL900,-5.621,3,0.0,0.0,23.68,0,,AXL,t1_cns,1,0
CHEMBL902,-5.169,3,0.0,0.0,38.65,0,,AXL,t1_cns,1,0
CHEMBL905,-6.088,2,0.0,0.0,19.27,0,,AXL,t1_cns,1,0
CHEMBL908,-6.872,1,0.0,0.0,15.05,0,,AXL,t1_cns,1,0
CHEMBL911,-7.948,1,0.0,0.0,13.81,0,,AXL,t1_cns,1,0
CHEMBL91397,-6.474,3,0.0,0.0,60.08,0,,AXL,t1_cns,1,0
CHEMBL914,-6.754,3,0.0,0.0,79.54,0,,AXL,t1_cns,1,0
CHEMBL918,-5.462,2,0.0,0.0,5.13,0,,AXL,t1_cns,1,0
CHEMBL920,-2.73,3,0.0,0.0,3.27,0,,AXL,t1_cns,1,0
CHEMBL92401,-4.978,2,0.0,0.0,5.21,0,,AXL,t1_cns,1,0
CHEMBL926,-5.802,1,0.0,0.0,18.84,0,,AXL,t1_cns,1,0
CHEMBL931,-3.511,2,0.0,0.0,3.09,0,,AXL,t1_cns,1,0
CHEMBL936,-6.392,2,0.0,0.0,19.31,0,,AXL,t1_cns,1,0
CHEMBL94,-6.989,3,0.0,0.0,14.06,0,,AXL,t1_cns,1,0
CHEMBL940,-4.84,1,0.0,0.0,14.02,0,,AXL,t1_cns,1,0
CHEMBL94454,-8.234,2,0.0,0.0,58.69,0,,AXL,t1_cns,1,0
CHEMBL945,-5.64,2,0.0,0.0,13.37,0,,AXL,t1_cns,1,0
CHEMBL946,-5.637,2,0.0,0.0,46.1,0,,AXL,t1_cns,1,0
CHEMBL95,-6.86,3,0.0,0.0,8.63,0,,AXL,t1_cns,1,0
CHEMBL953,-6.521,2,0.0,0.0,24.94,0,,AXL,t1_cns,1,0
CHEMBL963,-6.94,3,0.0,0.0,10.47,0,,AXL,t1_cns,1,0
CHEMBL967,-5.756,3,0.0,0.0,32.35,0,,AXL,t1_cns,1,0
CHEMBL968,-5.569,2,0.0,0.0,76.06,0,,AXL,t1_cns,1,0
CHEMBL969,-5.204,3,0.0,0.0,43.88,0,,AXL,t1_cns,1,0
CHEMBL970,-5.537,2,0.0,0.0,30.3,0,,AXL,t1_cns,1,0
CHEMBL972,-5.311,3,0.0,0.0,5.31,0,,AXL,t1_cns,1,0
CHEMBL978,-3.529,3,0.0,0.0,4.8,0,,AXL,t1_cns,1,0
CHEMBL979,-4.358,3,0.0,0.0,6.41,0,,AXL,t1_cns,1,0
CHEMBL982,-7.563,3,0.0,0.0,7.61,0,,AXL,t1_cns,1,0
CHEMBL9967,-7.398,3,0.0,0.0,9.37,0,,AXL,t1_cns,1,0
CHEMBL998,-6.066,3,0.0,0.0,23.39,0,,AXL,t1_cns,1,0
CHEMBL99946,-5.455,1,0.0,0.0,6.36,0,,AXL,t1_cns,1,0
CHEMBL1000,-6.994,1,0.0,0.0,32.34,0,,GALNS,t1_cns,1,0
CHEMBL100116,-7.055,2,0.0,0.0,10.74,0,,GALNS,t1_cns,1,0
CHEMBL1004,-5.749,2,0.0,0.0,14.79,0,,GALNS,t1_cns,1,0
CHEMBL1005,-5.926,2,0.0,0.0,30.0,0,,GALNS,t1_cns,1,0
CHEMBL1008,-6.789,2,0.0,0.0,41.1,0,,GALNS,t1_cns,1,0
CHEMBL1009,-5.609,2,0.0,0.0,17.57,0,,GALNS,t1_cns,1,0
CHEMBL1027,-6.273,3,0.0,0.0,30.8,0,,GALNS,t1_cns,1,0
CHEMBL1037,-6.001,2,0.0,0.0,9.19,0,,GALNS,t1_cns,1,0
CHEMBL1059,-4.397,2,0.0,0.0,10.83,0,,GALNS,t1_cns,1,0
CHEMBL1065,-8.256,2,0.0,0.0,17.99,0,,GALNS,t1_cns,1,0
CHEMBL1068,-5.362,3,0.0,0.0,20.66,0,,GALNS,t1_cns,1,0
CHEMBL1076903,-5.936,3,0.0,0.0,4.38,0,,GALNS,t1_cns,1,0
CHEMBL1077896,-6.378,2,0.0,0.0,10.18,0,,GALNS,t1_cns,1,0
CHEMBL1078261,-6.503,3,0.0,0.0,22.56,0,,GALNS,t1_cns,1,0
CHEMBL1079,-5.36,3,0.0,0.0,6.3,0,,GALNS,t1_cns,1,0
CHEMBL1079604,-6.191,2,0.0,0.0,6.96,0,,GALNS,t1_cns,1,0
CHEMBL108,-6.96,3,0.0,0.0,4.9,0,,GALNS,t1_cns,1,0
CHEMBL1083659,-5.552,3,0.0,0.0,75.49,0,,GALNS,t1_cns,1,0
CHEMBL1085,-7.354,3,0.0,0.0,30.78,0,,GALNS,t1_cns,1,0
CHEMBL1087,-6.733,3,0.0,0.0,7.83,0,,GALNS,t1_cns,1,0
CHEMBL10878,-6.552,3,0.0,0.0,10.43,0,,GALNS,t1_cns,1,0
CHEMBL1088,-7.136,2,0.0,0.0,18.27,0,,GALNS,t1_cns,1,0
CHEMBL1089,-4.715,2,0.0,0.0,6.78,0,,GALNS,t1_cns,1,0
CHEMBL1089221,-7.325,3,0.0,0.0,15.74,0,,GALNS,t1_cns,1,0
CHEMBL109,-4.501,2,0.0,0.0,8.63,0,,GALNS,t1_cns,1,0
CHEMBL1093,-5.247,2,0.0,0.0,14.51,0,,GALNS,t1_cns,1,0
CHEMBL1094,-5.529,1,0.0,0.0,13.44,0,,GALNS,t1_cns,1,0
CHEMBL1095,-5.703,2,0.0,0.0,6.84,0,,GALNS,t1_cns,1,0
CHEMBL1095777,-8.211,3,0.0,0.0,33.61,0,,GALNS,t1_cns,1,0
CHEMBL1096,-7.252,2,0.0,0.0,11.03,0,,GALNS,t1_cns,1,0
CHEMBL1098,-6.357,3,0.0,0.0,15.65,0,,GALNS,t1_cns,1,0
CHEMBL11,-4.983,3,0.0,0.0,33.58,0,,GALNS,t1_cns,1,0
CHEMBL1100,-4.358,3,0.0,0.0,4.96,0,,GALNS,t1_cns,1,0
CHEMBL1101,-6.857,2,0.0,0.0,16.85,0,,GALNS,t1_cns,1,0
CHEMBL1102,-5.672,2,0.0,0.0,7.15,0,,GALNS,t1_cns,1,0
CHEMBL1104,-4.855,2,0.0,0.0,6.03,0,,GALNS,t1_cns,1,0
CHEMBL1106,-7.371,3,0.0,0.0,7.49,0,,GALNS,t1_cns,1,0
CHEMBL1108,-7.558,3,0.0,0.0,36.78,0,,GALNS,t1_cns,1,0
CHEMBL111,-8.422,2,0.0,0.0,25.06,0,,GALNS,t1_cns,1,0
CHEMBL1110,-7.226,3,0.0,0.0,10.77,0,,GALNS,t1_cns,1,0
CHEMBL1112,-7.946,2,0.0,0.0,44.95,0,,GALNS,t1_cns,1,0
CHEMBL1113,-7.059,3,0.0,0.0,6.53,0,,GALNS,t1_cns,1,0
CHEMBL1115,-4.738,2,0.0,0.0,5.36,0,,GALNS,t1_cns,1,0
CHEMBL1118,-5.656,2,0.0,0.0,11.56,0,,GALNS,t1_cns,1,0
CHEMBL112,-4.893,2,0.0,0.0,4.96,0,,GALNS,t1_cns,1,0
CHEMBL113,-4.859,3,0.0,0.0,4.12,0,,GALNS,t1_cns,1,0
CHEMBL1165342,-7.018,3,0.0,0.0,11.09,0,,GALNS,t1_cns,1,0
CHEMBL1172,-5.743,3,0.0,0.0,21.28,0,,GALNS,t1_cns,1,0
CHEMBL117287,-6.95,2,0.0,0.0,19.09,0,,GALNS,t1_cns,1,0
CHEMBL1175,-6.284,3,0.0,0.0,14.32,0,,GALNS,t1_cns,1,0
CHEMBL1177,-5.829,2,0.0,0.0,5.14,0,,GALNS,t1_cns,1,0
CHEMBL117785,-6.129,3,0.0,0.0,11.37,0,,GALNS,t1_cns,1,0
CHEMBL1179047,-5.147,3,0.0,0.0,18.14,0,,GALNS,t1_cns,1,0
CHEMBL118,-7.799,3,0.0,0.0,20.77,0,,GALNS,t1_cns,1,0
CHEMBL1180725,-6.776,1,0.0,0.0,24.31,0,,GALNS,t1_cns,1,0
CHEMBL1185,-6.489,1,0.0,0.0,14.01,0,,GALNS,t1_cns,1,0
CHEMBL1186579,-6.625,3,0.0,0.0,12.75,0,,GALNS,t1_cns,1,0
CHEMBL1186610,-5.713,3,0.0,0.0,15.86,0,,GALNS,t1_cns,1,0
CHEMBL1187833,-8.338,2,0.0,0.0,40.21,0,,GALNS,t1_cns,1,0
CHEMBL1189432,-7.056,2,0.0,0.0,16.23,0,,GALNS,t1_cns,1,0
CHEMBL1189679,-7.57,2,0.0,0.0,10.15,0,,GALNS,t1_cns,1,0
CHEMBL1190,-4.012,3,0.0,0.0,23.27,0,,GALNS,t1_cns,1,0
CHEMBL1193,-5.612,2,0.0,0.0,12.29,0,,GALNS,t1_cns,1,0
CHEMBL1194,-5.78,2,0.0,0.0,10.69,0,,GALNS,t1_cns,1,0
CHEMBL1194325,-7.377,3,0.0,0.0,60.44,0,,GALNS,t1_cns,1,0
CHEMBL1195,-5.271,2,0.0,0.0,34.67,0,,GALNS,t1_cns,1,0
CHEMBL1197,-6.56,2,0.0,0.0,14.69,0,,GALNS,t1_cns,1,0
CHEMBL1198857,-6.047,2,0.0,0.0,101.72,0,,GALNS,t1_cns,1,0
CHEMBL1199080,-4.87,2,0.0,0.0,5.77,0,,GALNS,t1_cns,1,0
CHEMBL1199307,-6.344,3,0.0,0.0,56.66,0,,GALNS,t1_cns,1,0
CHEMBL12,-5.734,2,0.0,0.0,27.84,0,,GALNS,t1_cns,1,0
CHEMBL1200338,-5.723,2,0.0,0.0,9.61,0,,GALNS,t1_cns,1,0
CHEMBL1200406,-5.926,3,0.0,0.0,12.96,0,,GALNS,t1_cns,1,0
CHEMBL1200472,-6.293,3,0.0,0.0,41.51,0,,GALNS,t1_cns,1,0
CHEMBL1200596,-5.537,3,0.0,0.0,6.46,0,,GALNS,t1_cns,1,0
CHEMBL1200604,-5.274,3,0.0,0.0,19.44,0,,GALNS,t1_cns,1,0
CHEMBL1200694,-4.305,2,0.0,0.0,6.13,0,,GALNS,t1_cns,1,0
CHEMBL1200714,-5.88,1,0.0,0.0,6.64,0,,GALNS,t1_cns,1,0
CHEMBL1200748,-5.541,3,0.0,0.0,14.6,0,,GALNS,t1_cns,1,0
CHEMBL1200790,-4.899,3,0.0,0.0,5.18,0,,GALNS,t1_cns,1,0
CHEMBL1200802,-4.89,2,0.0,0.0,7.98,0,,GALNS,t1_cns,1,0
CHEMBL1200922,-4.7,3,0.0,0.0,14.45,0,,GALNS,t1_cns,1,0
CHEMBL1201,-7.363,3,0.0,0.0,23.98,0,,GALNS,t1_cns,1,0
CHEMBL1201087,-7.541,2,0.0,0.0,44.68,0,,GALNS,t1_cns,1,0
CHEMBL1201168,-6.354,1,0.0,0.0,11.95,0,,GALNS,t1_cns,1,0
CHEMBL1201191,-6.785,3,0.0,0.0,33.73,0,,GALNS,t1_cns,1,0
CHEMBL1201192,-6.186,2,0.0,0.0,13.22,0,,GALNS,t1_cns,1,0
CHEMBL1201201,-5.171,2,0.0,0.0,6.26,0,,GALNS,t1_cns,1,0
CHEMBL1201206,-5.867,2,0.0,0.0,69.49,0,,GALNS,t1_cns,1,0
CHEMBL1201210,-6.102,2,0.0,0.0,15.62,0,,GALNS,t1_cns,1,0
CHEMBL1201212,-5.614,3,0.0,0.0,18.3,0,,GALNS,t1_cns,1,0
CHEMBL1201213,-6.126,3,0.0,0.0,15.3,0,,GALNS,t1_cns,1,0
CHEMBL1201216,-7.483,3,0.0,0.0,14.92,0,,GALNS,t1_cns,1,0
CHEMBL1201217,-5.937,2,0.0,0.0,18.03,0,,GALNS,t1_cns,1,0
CHEMBL1201219,-6.403,3,0.0,0.0,62.38,0,,GALNS,t1_cns,1,0
CHEMBL1201222,-6.029,2,0.0,0.0,24.07,0,,GALNS,t1_cns,1,0
CHEMBL1201229,-5.842,3,0.0,0.0,165.34,0,,GALNS,t1_cns,1,0
CHEMBL1201234,-5.107,1,0.0,0.0,6.55,0,,GALNS,t1_cns,1,0
CHEMBL1201237,-6.89,3,0.0,0.0,26.27,0,,GALNS,t1_cns,1,0
CHEMBL1201244,-8.292,2,0.0,0.0,43.01,0,,GALNS,t1_cns,1,0
CHEMBL1201256,-6.02,2,0.0,0.0,34.17,0,,GALNS,t1_cns,1,0
CHEMBL1201264,-6.391,2,0.0,0.0,23.99,0,,GALNS,t1_cns,1,0
CHEMBL1201266,-5.964,2,0.0,0.0,15.65,0,,GALNS,t1_cns,1,0
CHEMBL1201271,-8.302,1,0.0,0.0,33.72,0,,GALNS,t1_cns,1,0
CHEMBL1201274,-5.397,1,0.0,0.0,31.31,0,,GALNS,t1_cns,1,0
CHEMBL1201284,-7.191,3,0.0,0.0,25.5,0,,GALNS,t1_cns,1,0
CHEMBL1201288,-7.326,1,0.0,0.0,13.84,0,,GALNS,t1_cns,1,0
CHEMBL1201293,-4.337,2,0.0,0.0,8.74,0,,GALNS,t1_cns,1,0
CHEMBL1201317,-4.269,2,0.0,0.0,7.99,0,,GALNS,t1_cns,1,0
CHEMBL1201319,-5.036,2,0.0,0.0,7.78,0,,GALNS,t1_cns,1,0
CHEMBL1201323,-3.709,3,0.0,0.0,5.78,0,,GALNS,t1_cns,1,0
CHEMBL1201336,-6.876,3,0.0,0.0,27.06,0,,GALNS,t1_cns,1,0
CHEMBL1201338,-5.425,3,0.0,0.0,19.67,0,,GALNS,t1_cns,1,0
CHEMBL1201340,-6.688,1,0.0,0.0,9.43,0,,GALNS,t1_cns,1,0
CHEMBL1201353,-5.904,3,0.0,0.0,11.7,0,,GALNS,t1_cns,1,0
CHEMBL1201354,-5.954,2,0.0,0.0,22.63,0,,GALNS,t1_cns,1,0
CHEMBL1201747,-5.824,3,0.0,0.0,30.87,0,,GALNS,t1_cns,1,0
CHEMBL1201754,-5.904,2,0.0,0.0,10.81,0,,GALNS,t1_cns,1,0
CHEMBL1201758,-6.734,2,0.0,0.0,32.64,0,,GALNS,t1_cns,1,0
CHEMBL1201764,-6.703,2,0.0,0.0,38.44,0,,GALNS,t1_cns,1,0
CHEMBL1201776,-5.602,2,0.0,0.0,11.9,0,,GALNS,t1_cns,1,0
CHEMBL1206690,-7.587,2,0.0,0.0,21.48,0,,GALNS,t1_cns,1,0
CHEMBL1213351,-5.927,2,0.0,0.0,23.98,0,,GALNS,t1_cns,1,0
CHEMBL1214124,-8.159,3,0.0,0.0,15.04,0,,GALNS,t1_cns,1,0
CHEMBL1215,-5.109,2,0.0,0.0,8.38,0,,GALNS,t1_cns,1,0
CHEMBL1218,-6.547,2,0.0,0.0,14.75,0,,GALNS,t1_cns,1,0
CHEMBL1224,-7.741,2,0.0,0.0,32.08,0,,GALNS,t1_cns,1,0
CHEMBL1231,-6.886,2,0.0,0.0,34.56,0,,GALNS,t1_cns,1,0
CHEMBL1237021,-8.477,3,0.0,0.0,50.98,0,,GALNS,t1_cns,1,0
CHEMBL1237044,-6.188,3,0.0,0.0,10.78,0,,GALNS,t1_cns,1,0
CHEMBL1241,-6.001,2,0.0,0.0,11.87,0,,GALNS,t1_cns,1,0
CHEMBL1254682,-6.32,3,0.0,0.0,7.58,0,,GALNS,t1_cns,1,0
CHEMBL1256,-4.157,2,0.0,0.0,5.09,0,,GALNS,t1_cns,1,0
CHEMBL1256786,-6.909,2,0.0,0.0,28.9,0,,GALNS,t1_cns,1,0
CHEMBL1256841,-7.167,2,0.0,0.0,17.79,0,,GALNS,t1_cns,1,0
CHEMBL1257,-4.548,2,0.0,0.0,4.9,0,,GALNS,t1_cns,1,0
CHEMBL1259,-5.308,2,0.0,0.0,219.6,0,,GALNS,t1_cns,1,0
CHEMBL126224,-4.845,3,0.0,0.0,35.68,0,,GALNS,t1_cns,1,0
CHEMBL1263,-6.296,3,0.0,0.0,92.29,0,,GALNS,t1_cns,1,0
CHEMBL1266,-6.244,3,0.0,0.0,6.53,0,,GALNS,t1_cns,1,0
CHEMBL12713,-8.262,1,0.0,0.0,29.38,0,,GALNS,t1_cns,1,0
CHEMBL127516,-5.212,3,0.0,0.0,9.79,0,,GALNS,t1_cns,1,0
CHEMBL1278,-7.185,2,0.0,0.0,20.1,0,,GALNS,t1_cns,1,0
CHEMBL1279,-7.125,2,0.0,0.0,7.87,0,,GALNS,t1_cns,1,0
CHEMBL128,-6.18,1,0.0,0.0,14.53,0,,GALNS,t1_cns,1,0
CHEMBL1286,-4.67,1,0.0,0.0,7.28,0,,GALNS,t1_cns,1,0
CHEMBL1290,-6.352,3,0.0,0.0,20.71,0,,GALNS,t1_cns,1,0
CHEMBL1291,-5.825,3,0.0,0.0,20.53,0,,GALNS,t1_cns,1,0
CHEMBL1294,-6.709,2,0.0,0.0,15.11,0,,GALNS,t1_cns,1,0
CHEMBL13,-5.086,1,0.0,0.0,17.18,0,,GALNS,t1_cns,1,0
CHEMBL1303,-6.946,1,0.0,0.0,18.68,0,,GALNS,t1_cns,1,0
CHEMBL1305,-6.54,1,0.0,0.0,14.66,0,,GALNS,t1_cns,1,0
CHEMBL131,-7.992,3,0.0,0.0,14.44,0,,GALNS,t1_cns,1,0
CHEMBL13209,-5.962,3,0.0,0.0,26.52,0,,GALNS,t1_cns,1,0
CHEMBL1321,-5.515,2,0.0,0.0,10.73,0,,GALNS,t1_cns,1,0
CHEMBL13280,-5.554,2,0.0,0.0,37.87,0,,GALNS,t1_cns,1,0
CHEMBL134,-5.354,2,0.0,0.0,9.31,0,,GALNS,t1_cns,1,0
CHEMBL1341,-3.658,3,0.0,0.0,9.19,0,,GALNS,t1_cns,1,0
CHEMBL1346,-8.846,2,0.0,0.0,43.4,0,,GALNS,t1_cns,1,0
CHEMBL135400,-6.469,2,0.0,0.0,18.41,0,,GALNS,t1_cns,1,0
CHEMBL1372950,-8.127,2,0.0,0.0,23.91,0,,GALNS,t1_cns,1,0
CHEMBL1373,-5.926,1,0.0,0.0,12.89,0,,GALNS,t1_cns,1,0
CHEMBL1378,-6.685,2,0.0,0.0,19.56,0,,GALNS,t1_cns,1,0
CHEMBL1382,-6.483,2,0.0,0.0,18.64,0,,GALNS,t1_cns,1,0
CHEMBL139,-6.425,3,0.0,0.0,10.96,0,,GALNS,t1_cns,1,0
CHEMBL14,-3.651,1,0.0,0.0,5.45,0,,GALNS,t1_cns,1,0
CHEMBL1404,-7.061,2,0.0,0.0,50.48,0,,GALNS,t1_cns,1,0
CHEMBL1410743,-4.064,3,0.0,0.0,4.45,0,,GALNS,t1_cns,1,0
CHEMBL1411979,-5.317,2,0.0,0.0,13.28,0,,GALNS,t1_cns,1,0
CHEMBL1414320,-6.852,1,0.0,0.0,47.54,0,,GALNS,t1_cns,1,0
CHEMBL1420,-4.65,2,0.0,0.0,5.36,0,,GALNS,t1_cns,1,0
CHEMBL1423,-8.925,3,0.0,0.0,48.58,0,,GALNS,t1_cns,1,0
CHEMBL142635,-7.417,3,0.0,0.0,33.57,0,,GALNS,t1_cns,1,0
CHEMBL1428,-6.153,1,0.0,0.0,39.21,0,,GALNS,t1_cns,1,0
CHEMBL1434,-7.35,3,0.0,0.0,30.31,0,,GALNS,t1_cns,1,0
CHEMBL1437,-5.225,3,0.0,0.0,9.17,0,,GALNS,t1_cns,1,0
CHEMBL14370,-6.643,2,0.0,0.0,19.53,0,,GALNS,t1_cns,1,0
CHEMBL14376,-6.592,2,0.0,0.0,40.63,0,,GALNS,t1_cns,1,0
CHEMBL1442422,-6.532,2,0.0,0.0,12.22,0,,GALNS,t1_cns,1,0
CHEMBL1454,-5.89,2,0.0,0.0,6.09,0,,GALNS,t1_cns,1,0
CHEMBL146095,-6.734,3,0.0,0.0,33.33,0,,GALNS,t1_cns,1,0
CHEMBL1480,-5.464,3,0.0,0.0,20.25,0,,GALNS,t1_cns,1,0
CHEMBL1480987,-6.958,1,0.0,0.0,12.07,0,,GALNS,t1_cns,1,0
CHEMBL1482,-4.064,1,0.0,0.0,7.09,0,,GALNS,t1_cns,1,0
CHEMBL1484,-7.223,2,0.0,0.0,77.49,0,,GALNS,t1_cns,1,0
CHEMBL1490,-6.245,2,0.0,0.0,18.95,0,,GALNS,t1_cns,1,0
CHEMBL1491,-5.877,1,0.0,0.0,40.56,0,,GALNS,t1_cns,1,0
CHEMBL1492,-6.857,2,0.0,0.0,11.65,0,,GALNS,t1_cns,1,0
CHEMBL1492500,-6.631,2,0.0,0.0,8.91,0,,GALNS,t1_cns,1,0
CHEMBL1493,-7.486,2,0.0,0.0,26.68,0,,GALNS,t1_cns,1,0
CHEMBL15023,-7.803,3,0.0,0.0,28.59,0,,GALNS,t1_cns,1,0
CHEMBL1505,-6.613,3,0.0,0.0,15.28,0,,GALNS,t1_cns,1,0
CHEMBL1508,-6.68,2,0.0,0.0,15.82,0,,GALNS,t1_cns,1,0
CHEMBL1510,-7.329,2,0.0,0.0,32.41,0,,GALNS,t1_cns,1,0
CHEMBL1514,-6.326,1,0.0,0.0,25.3,0,,GALNS,t1_cns,1,0
CHEMBL1515611,-4.827,3,0.0,0.0,6.43,0,,GALNS,t1_cns,1,0
CHEMBL1521,-7.007,2,0.0,0.0,15.13,0,,GALNS,t1_cns,1,0
CHEMBL1522,-6.687,3,0.0,0.0,17.78,0,,GALNS,t1_cns,1,0
CHEMBL154,-6.312,3,0.0,0.0,8.82,0,,GALNS,t1_cns,1,0
CHEMBL1568698,-7.452,3,0.0,0.0,9.42,0,,GALNS,t1_cns,1,0
CHEMBL1580,-4.799,3,0.0,0.0,29.71,0,,GALNS,t1_cns,1,0
CHEMBL1584,-7.169,2,0.0,0.0,30.3,0,,GALNS,t1_cns,1,0
CHEMBL159226,-5.335,3,0.0,0.0,15.71,0,,GALNS,t1_cns,1,0
CHEMBL1595,-6.67,3,0.0,0.0,7.81,0,,GALNS,t1_cns,1,0
CHEMBL16,-7.163,2,0.0,0.0,9.01,0,,GALNS,t1_cns,1,0
CHEMBL16073,-4.657,3,0.0,0.0,7.02,0,,GALNS,t1_cns,1,0
CHEMBL1611,-7.134,1,0.0,0.0,9.33,0,,GALNS,t1_cns,1,0
CHEMBL1615438,-8.739,1,0.0,0.0,27.96,0,,GALNS,t1_cns,1,0
CHEMBL1618018,-6.102,2,0.0,0.0,13.5,0,,GALNS,t1_cns,1,0
CHEMBL1619,-6.073,2,0.0,0.0,13.44,0,,GALNS,t1_cns,1,0
CHEMBL162036,-7.203,1,0.0,0.0,19.11,0,,GALNS,t1_cns,1,0
CHEMBL1621,-8.973,3,0.0,0.0,28.6,0,,GALNS,t1_cns,1,0
CHEMBL1621597,-6.367,2,0.0,0.0,20.86,0,,GALNS,t1_cns,1,0
CHEMBL1623992,-6.839,3,0.0,0.0,19.09,0,,GALNS,t1_cns,1,0
CHEMBL1626,-6.876,2,0.0,0.0,22.77,0,,GALNS,t1_cns,1,0
CHEMBL1626223,-5.163,3,0.0,0.0,6.65,0,,GALNS,t1_cns,1,0
CHEMBL1628227,-6.649,3,0.0,0.0,11.12,0,,GALNS,t1_cns,1,0
CHEMBL1628502,-5.758,2,0.0,0.0,25.98,0,,GALNS,t1_cns,1,0
CHEMBL1643895,-7.685,2,0.0,0.0,12.28,0,,GALNS,t1_cns,1,0
CHEMBL1648,-5.909,2,0.0,0.0,21.61,0,,GALNS,t1_cns,1,0
CHEMBL1652,-6.771,1,0.0,0.0,94.42,0,,GALNS,t1_cns,1,0
CHEMBL1685,-4.801,3,0.0,0.0,19.34,0,,GALNS,t1_cns,1,0
CHEMBL168815,-4.873,2,0.0,0.0,4.16,0,,GALNS,t1_cns,1,0
CHEMBL1697737,-5.567,2,0.0,0.0,24.54,0,,GALNS,t1_cns,1,0
CHEMBL1697856,-5.2,3,0.0,0.0,9.78,0,,GALNS,t1_cns,1,0
CHEMBL169901,-5.921,2,0.0,0.0,4.98,0,,GALNS,t1_cns,1,0
CHEMBL17157,-7.43,1,0.0,0.0,58.92,0,,GALNS,t1_cns,1,0
CHEMBL1726,-6.173,3,0.0,0.0,26.41,0,,GALNS,t1_cns,1,0
CHEMBL1729,-7.345,1,0.0,0.0,45.3,0,,GALNS,t1_cns,1,0
CHEMBL1732,-9.372,3,0.0,0.0,51.64,0,,GALNS,t1_cns,1,0
CHEMBL1742423,-7.899,1,0.0,0.0,48.64,0,,GALNS,t1_cns,1,0
CHEMBL1742466,-6.731,2,0.0,0.0,94.21,0,,GALNS,t1_cns,1,0
CHEMBL1742471,-6.811,2,0.0,0.0,37.28,0,,GALNS,t1_cns,1,0
CHEMBL1752,-5.282,3,0.0,0.0,12.56,0,,GALNS,t1_cns,1,0
CHEMBL1754,-7.32,2,0.0,0.0,25.3,0,,GALNS,t1_cns,1,0
CHEMBL1760,-5.655,3,0.0,0.0,15.82,0,,GALNS,t1_cns,1,0
CHEMBL1762,-5.756,2,0.0,0.0,7.58,0,,GALNS,t1_cns,1,0
CHEMBL1764,-6.057,2,0.0,0.0,14.38,0,,GALNS,t1_cns,1,0
CHEMBL17860,-5.106,3,0.0,0.0,10.07,0,,GALNS,t1_cns,1,0
CHEMBL178803,-5.205,2,0.0,0.0,49.86,0,,GALNS,t1_cns,1,0
CHEMBL1790041,-5.106,2,0.0,0.0,26.37,0,,GALNS,t1_cns,1,0
CHEMBL181,-5.431,3,0.0,0.0,5.11,0,,GALNS,t1_cns,1,0
CHEMBL18116,-5.996,3,0.0,0.0,9.23,0,,GALNS,t1_cns,1,0
CHEMBL184412,-6.472,3,0.0,0.0,115.6,0,,GALNS,t1_cns,1,0
CHEMBL185073,-5.748,3,0.0,0.0,61.09,0,,GALNS,t1_cns,1,0
CHEMBL1874750,-6.755,3,0.0,0.0,30.84,0,,GALNS,t1_cns,1,0
CHEMBL1888176,-7.627,2,0.0,0.0,25.1,0,,GALNS,t1_cns,1,0
CHEMBL188921,-5.275,3,0.0,0.0,16.55,0,,GALNS,t1_cns,1,0
CHEMBL1900528,-6.319,2,0.0,0.0,19.3,0,,GALNS,t1_cns,1,0
CHEMBL19019,-6.586,2,0.0,0.0,11.96,0,,GALNS,t1_cns,1,0
CHEMBL190461,-6.38,3,0.0,0.0,18.56,0,,GALNS,t1_cns,1,0
CHEMBL1909324,-6.97,3,0.0,0.0,46.4,0,,GALNS,t1_cns,1,0
CHEMBL19299,-6.644,2,0.0,0.0,11.72,0,,GALNS,t1_cns,1,0
CHEMBL193,-5.865,3,0.0,0.0,17.4,0,,GALNS,t1_cns,1,0
CHEMBL197084,-5.903,2,0.0,0.0,25.29,0,,GALNS,t1_cns,1,0
CHEMBL1983350,-6.199,1,0.0,0.0,8.23,0,,GALNS,t1_cns,1,0
CHEMBL2,-7.119,2,0.0,0.0,17.18,0,,GALNS,t1_cns,1,0
CHEMBL2028019,-7.602,3,0.0,0.0,24.7,0,,GALNS,t1_cns,1,0
CHEMBL207538,-7.516,3,0.0,0.0,7.19,0,,GALNS,t1_cns,1,0
CHEMBL2095212,-6.348,2,0.0,0.0,37.8,0,,GALNS,t1_cns,1,0
CHEMBL2103822,-6.579,2,0.0,0.0,9.68,0,,GALNS,t1_cns,1,0
CHEMBL2103827,-5.53,3,0.0,0.0,12.2,0,,GALNS,t1_cns,1,0
CHEMBL2103837,-7.322,3,0.0,0.0,9.21,0,,GALNS,t1_cns,1,0
CHEMBL2104095,-3.271,1,0.0,0.0,5.04,0,,GALNS,t1_cns,1,0
CHEMBL2104356,-5.769,2,0.0,0.0,33.24,0,,GALNS,t1_cns,1,0
CHEMBL2104993,-7.093,2,0.0,0.0,10.52,0,,GALNS,t1_cns,1,0
CHEMBL2105233,-4.946,3,0.0,0.0,11.52,0,,GALNS,t1_cns,1,0
CHEMBL2105275,-4.554,2,0.0,0.0,5.98,0,,GALNS,t1_cns,1,0
CHEMBL2105581,-6.616,2,0.0,0.0,29.16,0,,GALNS,t1_cns,1,0
CHEMBL2105760,-8.09,2,0.0,0.0,54.63,0,,GALNS,t1_cns,1,0
CHEMBL2107011,-7.073,3,0.0,0.0,25.96,0,,GALNS,t1_cns,1,0
CHEMBL2107726,-6.481,2,0.0,0.0,18.91,0,,GALNS,t1_cns,1,0
CHEMBL2110774,-6.368,2,0.0,0.0,18.23,0,,GALNS,t1_cns,1,0
CHEMBL2110805,-6.201,2,0.0,0.0,15.53,0,,GALNS,t1_cns,1,0
CHEMBL2110816,-5.185,2,0.0,0.0,33.54,0,,GALNS,t1_cns,1,0
CHEMBL2111030,-5.973,1,0.0,0.0,12.43,0,,GALNS,t1_cns,1,0
CHEMBL2111097,-5.83,3,0.0,0.0,35.38,0,,GALNS,t1_cns,1,0
CHEMBL2111101,-7.536,2,0.0,0.0,41.19,0,,GALNS,t1_cns,1,0
CHEMBL2111112,-7.181,2,0.0,0.0,22.11,0,,GALNS,t1_cns,1,0
CHEMBL211456,-4.985,2,0.0,0.0,6.59,0,,GALNS,t1_cns,1,0
CHEMBL21536,-5.156,3,0.0,0.0,14.03,0,,GALNS,t1_cns,1,0
CHEMBL2159122,-8.782,2,0.0,0.0,110.36,0,,GALNS,t1_cns,1,0
CHEMBL21731,-6.783,2,0.0,0.0,9.52,0,,GALNS,t1_cns,1,0
CHEMBL2178422,-7.37,2,0.0,0.0,110.75,0,,GALNS,t1_cns,1,0
CHEMBL219916,-8.335,2,0.0,0.0,28.0,0,,GALNS,t1_cns,1,0
CHEMBL220492,-5.849,3,0.0,0.0,12.95,0,,GALNS,t1_cns,1,0
CHEMBL22097,-5.619,2,0.0,0.0,28.5,0,,GALNS,t1_cns,1,0
CHEMBL2218861,-6.653,2,0.0,0.0,23.69,0,,GALNS,t1_cns,1,0
CHEMBL2218896,-6.445,3,0.0,0.0,23.11,0,,GALNS,t1_cns,1,0
CHEMBL22242,-5.708,2,0.0,0.0,17.28,0,,GALNS,t1_cns,1,0
CHEMBL23,-5.296,1,0.0,0.0,77.71,0,,GALNS,t1_cns,1,0
CHEMBL231068,-8.645,3,0.0,0.0,26.91,0,,GALNS,t1_cns,1,0
CHEMBL2364638,-9.021,3,0.0,0.0,62.65,0,,GALNS,t1_cns,1,0
CHEMBL2364639,-6.707,3,0.0,0.0,46.92,0,,GALNS,t1_cns,1,0
CHEMBL2397415,-9.748,2,0.0,0.0,115.45,0,,GALNS,t1_cns,1,0
CHEMBL24072,-6.559,1,0.0,0.0,28.9,0,,GALNS,t1_cns,1,0
CHEMBL243712,-6.355,3,0.0,0.0,25.47,0,,GALNS,t1_cns,1,0
CHEMBL2443262,-6.888,3,0.0,0.0,30.07,0,,GALNS,t1_cns,1,0
CHEMBL24441,-4.394,2,0.0,0.0,6.52,0,,GALNS,t1_cns,1,0
CHEMBL24778,-7.434,3,0.0,0.0,100.21,0,,GALNS,t1_cns,1,0
CHEMBL25,-4.885,3,0.0,0.0,7.44,0,,GALNS,t1_cns,1,0
CHEMBL251940,-6.836,2,0.0,0.0,20.57,0,,GALNS,t1_cns,1,0
CHEMBL252556,-5.305,3,0.0,0.0,37.46,0,,GALNS,t1_cns,1,0
CHEMBL254857,-7.401,3,0.0,0.0,24.95,0,,GALNS,t1_cns,1,0
CHEMBL255044,-6.905,1,0.0,0.0,20.24,0,,GALNS,t1_cns,1,0
CHEMBL259209,-5.57,2,0.0,0.0,12.54,0,,GALNS,t1_cns,1,0
CHEMBL26,-6.854,2,0.0,0.0,18.99,0,,GALNS,t1_cns,1,0
CHEMBL267495,-7.912,2,0.0,0.0,33.96,0,,GALNS,t1_cns,1,0
CHEMBL267894,-5.183,3,0.0,0.0,7.84,0,,GALNS,t1_cns,1,0
CHEMBL267936,-4.752,3,0.0,0.0,3.91,0,,GALNS,t1_cns,1,0
CHEMBL268164,-6.035,2,0.0,0.0,6.22,0,,GALNS,t1_cns,1,0
CHEMBL27,-6.057,3,0.0,0.0,16.13,0,,GALNS,t1_cns,1,0
CHEMBL270190,-7.868,2,0.0,0.0,37.76,0,,GALNS,t1_cns,1,0
CHEMBL273575,-6.961,2,0.0,0.0,6.54,0,,GALNS,t1_cns,1,0
CHEMBL276520,-6.534,1,0.0,0.0,7.89,0,,GALNS,t1_cns,1,0
CHEMBL277062,-5.812,2,0.0,0.0,17.27,0,,GALNS,t1_cns,1,0
CHEMBL278020,-5.261,2,0.0,0.0,7.53,0,,GALNS,t1_cns,1,0
CHEMBL27810,-6.447,2,0.0,0.0,35.0,0,,GALNS,t1_cns,1,0
CHEMBL278819,-7.048,2,0.0,0.0,15.08,0,,GALNS,t1_cns,1,0
CHEMBL279516,-8.052,2,0.0,0.0,18.37,0,,GALNS,t1_cns,1,0
CHEMBL282052,-6.954,3,0.0,0.0,6.21,0,,GALNS,t1_cns,1,0
CHEMBL282121,-5.313,3,0.0,0.0,55.06,0,,GALNS,t1_cns,1,0
CHEMBL28218,-7.277,3,0.0,0.0,23.43,0,,GALNS,t1_cns,1,0
CHEMBL28318,-5.732,1,0.0,0.0,6.65,0,,GALNS,t1_cns,1,0
CHEMBL28333,-5.646,2,0.0,0.0,19.89,0,,GALNS,t1_cns,1,0
CHEMBL284092,-6.447,3,0.0,0.0,22.95,0,,GALNS,t1_cns,1,0
CHEMBL284906,-4.897,2,0.0,0.0,9.06,0,,GALNS,t1_cns,1,0
CHEMBL285674,-7.162,2,0.0,0.0,7.73,0,,GALNS,t1_cns,1,0
CHEMBL288470,-5.594,2,0.0,0.0,8.34,0,,GALNS,t1_cns,1,0
CHEMBL289469,-7.397,2,0.0,0.0,11.03,0,,GALNS,t1_cns,1,0
CHEMBL289480,-4.468,3,0.0,0.0,6.98,0,,GALNS,t1_cns,1,0
CHEMBL290916,-5.552,3,0.0,0.0,6.88,0,,GALNS,t1_cns,1,0
CHEMBL294199,-6.417,3,0.0,0.0,27.21,0,,GALNS,t1_cns,1,0
CHEMBL296419,-7.713,2,0.0,0.0,47.68,0,,GALNS,t1_cns,1,0
CHEMBL297302,-7.483,2,0.0,0.0,25.54,0,,GALNS,t1_cns,1,0
CHEMBL3,-4.733,2,0.0,0.0,4.07,0,,GALNS,t1_cns,1,0
CHEMBL30,-5.225,1,0.0,0.0,10.55,0,,GALNS,t1_cns,1,0
CHEMBL301265,-5.471,3,0.0,0.0,9.03,0,,GALNS,t1_cns,1,0
CHEMBL3039520,-8.605,2,0.0,0.0,17.85,0,,GALNS,t1_cns,1,0
CHEMBL305660,-7.154,1,0.0,0.0,58.02,0,,GALNS,t1_cns,1,0
CHEMBL306700,-5.526,3,0.0,0.0,10.51,0,,GALNS,t1_cns,1,0
CHEMBL312448,-5.588,1,0.0,0.0,7.65,0,,GALNS,t1_cns,1,0
CHEMBL3137326,-6.29,2,0.0,0.0,9.6,0,,GALNS,t1_cns,1,0
CHEMBL314437,-4.578,2,0.0,0.0,23.53,0,,GALNS,t1_cns,1,0
CHEMBL315795,-3.753,3,0.0,0.0,4.4,0,,GALNS,t1_cns,1,0
CHEMBL315985,-4.89,3,0.0,0.0,22.75,0,,GALNS,t1_cns,1,0
CHEMBL3183075,-4.708,3,0.0,0.0,22.64,0,,GALNS,t1_cns,1,0
CHEMBL3187365,-7.476,3,0.0,0.0,4.95,0,,GALNS,t1_cns,1,0
CHEMBL32479,-6.688,3,0.0,0.0,8.19,0,,GALNS,t1_cns,1,0
CHEMBL32800,-7.493,2,0.0,0.0,22.05,0,,GALNS,t1_cns,1,0
CHEMBL328560,-5.861,2,0.0,0.0,8.0,0,,GALNS,t1_cns,1,0
CHEMBL3306803,-7.704,2,0.0,0.0,21.98,0,,GALNS,t1_cns,1,0
CHEMBL339427,-5.861,2,0.0,0.0,184.74,0,,GALNS,t1_cns,1,0
CHEMBL33986,-6.703,3,0.0,0.0,14.29,0,,GALNS,t1_cns,1,0
CHEMBL354077,-4.325,3,0.0,0.0,5.95,0,,GALNS,t1_cns,1,0
CHEMBL3545367,-8.009,3,0.0,0.0,34.4,0,,GALNS,t1_cns,1,0
CHEMBL36715,-4.164,1,0.0,0.0,10.35,0,,GALNS,t1_cns,1,0
CHEMBL376897,-5.928,1,0.0,0.0,20.8,0,,GALNS,t1_cns,1,0
CHEMBL37744,-6.292,2,0.0,0.0,11.41,0,,GALNS,t1_cns,1,0
CHEMBL3833301,-4.554,2,0.0,0.0,6.69,0,,GALNS,t1_cns,1,0
CHEMBL3833389,-7.182,1,0.0,0.0,25.15,0,,GALNS,t1_cns,1,0
CHEMBL384467,-6.751,3,0.0,0.0,13.62,0,,GALNS,t1_cns,1,0
CHEMBL395091,-5.922,2,0.0,0.0,6.02,0,,GALNS,t1_cns,1,0
CHEMBL396778,-7.727,1,0.0,0.0,18.61,0,,GALNS,t1_cns,1,0
CHEMBL398707,-6.459,2,0.0,0.0,5.58,0,,GALNS,t1_cns,1,0
CHEMBL3989695,-7.066,2,0.0,0.0,25.44,0,,GALNS,t1_cns,1,0
CHEMBL3989803,-6.17,2,0.0,0.0,10.4,0,,GALNS,t1_cns,1,0
CHEMBL3989843,-4.97,2,0.0,0.0,4.51,0,,GALNS,t1_cns,1,0
CHEMBL3989949,-5.272,1,0.0,0.0,10.91,0,,GALNS,t1_cns,1,0
CHEMBL3991065,-7.078,2,0.0,0.0,53.66,0,,GALNS,t1_cns,1,0
CHEMBL40,-6.039,2,0.0,0.0,7.97,0,,GALNS,t1_cns,1,0
CHEMBL404849,-5.372,3,0.0,0.0,30.43,0,,GALNS,t1_cns,1,0
CHEMBL405,-4.992,3,0.0,0.0,4.72,0,,GALNS,t1_cns,1,0
CHEMBL407,-6.422,1,0.0,0.0,8.73,0,,GALNS,t1_cns,1,0
CHEMBL41,-6.696,2,0.0,0.0,15.66,0,,GALNS,t1_cns,1,0
CHEMBL4105630,-7.145,2,0.0,0.0,17.28,0,,GALNS,t1_cns,1,0
CHEMBL41355,-6.9,1,0.0,0.0,16.91,0,,GALNS,t1_cns,1,0
CHEMBL413965,-6.224,1,0.0,0.0,7.67,0,,GALNS,t1_cns,1,0
CHEMBL415,-4.707,3,0.0,0.0,32.21,0,,GALNS,t1_cns,1,0
CHEMBL416956,-7.914,2,0.0,0.0,16.27,0,,GALNS,t1_cns,1,0
CHEMBL418995,-5.564,3,0.0,0.0,65.51,0,,GALNS,t1_cns,1,0
CHEMBL42,-8.096,3,0.0,0.0,7.1,0,,GALNS,t1_cns,1,0
CHEMBL422,-7.74,1,0.0,0.0,27.71,0,,GALNS,t1_cns,1,0
CHEMBL423,-5.589,3,0.0,0.0,32.8,0,,GALNS,t1_cns,1,0
CHEMBL429,-6.961,3,0.0,0.0,34.07,0,,GALNS,t1_cns,1,0
CHEMBL4297526,-7.246,3,0.0,0.0,24.46,0,,GALNS,t1_cns,1,0
CHEMBL4297590,-7.967,2,0.0,0.0,40.68,0,,GALNS,t1_cns,1,0
CHEMBL4297620,-5.179,3,0.0,0.0,13.5,0,,GALNS,t1_cns,1,0
CHEMBL4303525,-8.097,3,0.0,0.0,33.68,0,,GALNS,t1_cns,1,0
CHEMBL43064,-7.81,1,0.0,0.0,34.27,0,,GALNS,t1_cns,1,0
CHEMBL431770,-7.423,2,0.0,0.0,18.61,0,,GALNS,t1_cns,1,0
CHEMBL434394,-7.886,3,0.0,0.0,32.47,0,,GALNS,t1_cns,1,0
CHEMBL439849,-7.735,3,0.0,0.0,42.16,0,,GALNS,t1_cns,1,0
CHEMBL440,-5.175,3,0.0,0.0,9.31,0,,GALNS,t1_cns,1,0
CHEMBL441,-5.075,3,0.0,0.0,7.38,0,,GALNS,t1_cns,1,0
CHEMBL442,-9.267,3,0.0,0.0,52.17,0,,GALNS,t1_cns,1,0
CHEMBL444,-4.801,3,0.0,0.0,6.44,0,,GALNS,t1_cns,1,0
CHEMBL445,-5.219,3,0.0,0.0,25.62,0,,GALNS,t1_cns,1,0
CHEMBL447,-4.816,2,0.0,0.0,9.01,0,,GALNS,t1_cns,1,0
CHEMBL448,-5.21,3,0.0,0.0,7.37,0,,GALNS,t1_cns,1,0
CHEMBL45,-6.238,3,0.0,0.0,8.46,0,,GALNS,t1_cns,1,0
CHEMBL450,-4.944,2,0.0,0.0,5.36,0,,GALNS,t1_cns,1,0
CHEMBL45029,-6.213,2,0.0,0.0,6.82,0,,GALNS,t1_cns,1,0
CHEMBL451,-5.813,3,0.0,0.0,20.1,0,,GALNS,t1_cns,1,0
CHEMBL452,-6.055,2,0.0,0.0,24.4,0,,GALNS,t1_cns,1,0
CHEMBL454,-5.223,3,0.0,0.0,7.6,0,,GALNS,t1_cns,1,0
CHEMBL455917,-4.17,1,0.0,0.0,4.18,0,,GALNS,t1_cns,1,0
CHEMBL45816,-6.766,2,0.0,0.0,68.63,0,,GALNS,t1_cns,1,0
CHEMBL459,-5.4,3,0.0,0.0,12.91,0,,GALNS,t1_cns,1,0
CHEMBL46,-6.951,3,0.0,0.0,10.74,0,,GALNS,t1_cns,1,0
CHEMBL460,-6.103,3,0.0,0.0,10.94,0,,GALNS,t1_cns,1,0
CHEMBL461522,-6.138,1,0.0,0.0,16.36,0,,GALNS,t1_cns,1,0
CHEMBL462605,-6.404,1,0.0,0.0,21.46,0,,GALNS,t1_cns,1,0
CHEMBL465,-7.143,3,0.0,0.0,15.2,0,,GALNS,t1_cns,1,0
CHEMBL465026,-5.27,2,0.0,0.0,26.93,0,,GALNS,t1_cns,1,0
CHEMBL46516,-8.674,2,0.0,0.0,58.54,0,,GALNS,t1_cns,1,0
CHEMBL468837,-4.431,3,0.0,0.0,25.97,0,,GALNS,t1_cns,1,0
CHEMBL469,-7.035,1,0.0,0.0,12.07,0,,GALNS,t1_cns,1,0
CHEMBL46917,-5.958,3,0.0,0.0,8.56,0,,GALNS,t1_cns,1,0
CHEMBL471,-5.625,2,0.0,0.0,19.28,0,,GALNS,t1_cns,1,0
CHEMBL471737,-5.191,3,0.0,0.0,134.02,0,,GALNS,t1_cns,1,0
CHEMBL473,-5.355,3,0.0,0.0,61.13,0,,GALNS,t1_cns,1,0
CHEMBL477,-5.836,3,0.0,0.0,15.98,0,,GALNS,t1_cns,1,0
CHEMBL479,-7.085,2,0.0,0.0,17.82,0,,GALNS,t1_cns,1,0
CHEMBL485,-6.493,3,0.0,0.0,9.24,0,,GALNS,t1_cns,1,0
CHEMBL488093,-6.452,2,0.0,0.0,33.57,0,,GALNS,t1_cns,1,0
CHEMBL49,-6.954,3,0.0,0.0,35.29,0,,GALNS,t1_cns,1,0
CHEMBL490,-7.409,3,0.0,0.0,21.98,0,,GALNS,t1_cns,1,0
CHEMBL493,-8.883,3,0.0,0.0,69.9,0,,GALNS,t1_cns,1,0
CHEMBL493287,-5.091,2,0.0,0.0,10.52,0,,GALNS,t1_cns,1,0
CHEMBL496,-6.42,3,0.0,0.0,14.07,0,,GALNS,t1_cns,1,0
CHEMBL498847,-4.129,3,0.0,0.0,8.35,0,,GALNS,t1_cns,1,0
CHEMBL499,-5.482,3,0.0,0.0,23.04,0,,GALNS,t1_cns,1,0
CHEMBL500,-5.763,2,0.0,0.0,17.74,0,,GALNS,t1_cns,1,0
CHEMBL502,-7.535,2,0.0,0.0,27.85,0,,GALNS,t1_cns,1,0
CHEMBL503565,-5.522,2,0.0,0.0,9.5,0,,GALNS,t1_cns,1,0
CHEMBL51,-8.604,3,0.0,0.0,30.39,0,,GALNS,t1_cns,1,0
CHEMBL516,-8.153,3,0.0,0.0,7.32,0,,GALNS,t1_cns,1,0
CHEMBL517,-6.618,2,0.0,0.0,30.07,0,,GALNS,t1_cns,1,0
CHEMBL517712,-6.017,2,0.0,0.0,21.99,0,,GALNS,t1_cns,1,0
CHEMBL521,-5.674,3,0.0,0.0,10.6,0,,GALNS,t1_cns,1,0
CHEMBL521606,-6.679,1,0.0,0.0,24.6,0,,GALNS,t1_cns,1,0
CHEMBL524,-4.787,3,0.0,0.0,12.88,0,,GALNS,t1_cns,1,0
CHEMBL524004,-7.401,2,0.0,0.0,26.23,0,,GALNS,t1_cns,1,0
CHEMBL52440,-6.576,3,0.0,0.0,8.6,0,,GALNS,t1_cns,1,0
CHEMBL526,-5.146,3,0.0,0.0,7.89,0,,GALNS,t1_cns,1,0
CHEMBL531,-6.837,2,0.0,0.0,13.1,0,,GALNS,t1_cns,1,0
CHEMBL533,-5.183,2,0.0,0.0,54.11,0,,GALNS,t1_cns,1,0
CHEMBL534,-5.897,3,0.0,0.0,26.34,0,,GALNS,t1_cns,1,0
CHEMBL54,-7.383,2,0.0,0.0,26.97,0,,GALNS,t1_cns,1,0
CHEMBL54349,-6.926,3,0.0,0.0,26.14,0,,GALNS,t1_cns,1,0
CHEMBL546,-5.444,2,0.0,0.0,24.53,0,,GALNS,t1_cns,1,0
CHEMBL549,-6.508,2,0.0,0.0,19.42,0,,GALNS,t1_cns,1,0
CHEMBL54976,-5.81,3,0.0,0.0,13.43,0,,GALNS,t1_cns,1,0
CHEMBL550,-4.764,3,0.0,0.0,10.15,0,,GALNS,t1_cns,1,0
CHEMBL558,-5.337,2,0.0,0.0,9.16,0,,GALNS,t1_cns,1,0
CHEMBL56367,-6.283,2,0.0,0.0,16.2,0,,GALNS,t1_cns,1,0
CHEMBL564,-6.007,2,0.0,0.0,13.68,0,,GALNS,t1_cns,1,0
CHEMBL56564,-6.847,3,0.0,0.0,14.09,0,,GALNS,t1_cns,1,0
CHEMBL567,-7.394,3,0.0,0.0,29.39,0,,GALNS,t1_cns,1,0
CHEMBL568,-5.535,3,0.0,0.0,30.35,0,,GALNS,t1_cns,1,0
CHEMBL569,-4.811,2,0.0,0.0,15.92,0,,GALNS,t1_cns,1,0
CHEMBL569713,-6.276,1,0.0,0.0,22.47,0,,GALNS,t1_cns,1,0
CHEMBL570,-6.519,3,0.0,0.0,19.12,0,,GALNS,t1_cns,1,0
CHEMBL580,-5.844,2,0.0,0.0,30.49,0,,GALNS,t1_cns,1,0
CHEMBL58323,-5.626,2,0.0,0.0,14.96,0,,GALNS,t1_cns,1,0
CHEMBL585,-6.76,2,0.0,0.0,11.37,0,,GALNS,t1_cns,1,0
CHEMBL588,-5.147,2,0.0,0.0,40.98,0,,GALNS,t1_cns,1,0
CHEMBL589,-6.16,2,0.0,0.0,17.48,0,,GALNS,t1_cns,1,0
CHEMBL59,-5.241,3,0.0,0.0,8.98,0,,GALNS,t1_cns,1,0
CHEMBL591,-4.301,3,0.0,0.0,6.24,0,,GALNS,t1_cns,1,0
CHEMBL594,-4.485,1,0.0,0.0,46.95,0,,GALNS,t1_cns,1,0
CHEMBL596,-6.911,3,0.0,0.0,23.85,0,,GALNS,t1_cns,1,0
CHEMBL597,-7.184,1,0.0,0.0,19.46,0,,GALNS,t1_cns,1,0
CHEMBL607,-5.547,2,0.0,0.0,13.81,0,,GALNS,t1_cns,1,0
CHEMBL607400,-5.049,3,0.0,0.0,12.55,0,,GALNS,t1_cns,1,0
CHEMBL611,-7.198,1,0.0,0.0,21.24,0,,GALNS,t1_cns,1,0
CHEMBL612,-4.825,2,0.0,0.0,7.11,0,,GALNS,t1_cns,1,0
CHEMBL61593,-7.262,3,0.0,0.0,20.13,0,,GALNS,t1_cns,1,0
CHEMBL620,-7.42,3,0.0,0.0,27.71,0,,GALNS,t1_cns,1,0
CHEMBL621,-7.54,1,0.0,0.0,26.48,0,,GALNS,t1_cns,1,0
CHEMBL623,-6.611,2,0.0,0.0,70.82,0,,GALNS,t1_cns,1,0
CHEMBL628,-5.691,2,0.0,0.0,15.12,0,,GALNS,t1_cns,1,0
CHEMBL629,-5.114,3,0.0,0.0,36.0,0,,GALNS,t1_cns,1,0
CHEMBL633,-7.026,3,0.0,0.0,51.17,0,,GALNS,t1_cns,1,0
CHEMBL636,-5.224,3,0.0,0.0,14.82,0,,GALNS,t1_cns,1,0
CHEMBL637,-5.742,2,0.0,0.0,17.12,0,,GALNS,t1_cns,1,0
CHEMBL639,-6.257,1,0.0,0.0,51.23,0,,GALNS,t1_cns,1,0
CHEMBL640,-5.538,2,0.0,0.0,15.17,0,,GALNS,t1_cns,1,0
CHEMBL641,-6.225,3,0.0,0.0,20.16,0,,GALNS,t1_cns,1,0
CHEMBL642,-6.117,2,0.0,0.0,37.75,0,,GALNS,t1_cns,1,0
CHEMBL643,-6.393,2,0.0,0.0,12.02,0,,GALNS,t1_cns,1,0
CHEMBL6437,-7.357,3,0.0,0.0,7.18,0,,GALNS,t1_cns,1,0
CHEMBL644,-5.176,3,0.0,0.0,38.76,0,,GALNS,t1_cns,1,0
CHEMBL645,-5.429,1,0.0,0.0,40.68,0,,GALNS,t1_cns,1,0
CHEMBL646,-7.161,1,0.0,0.0,11.75,0,,GALNS,t1_cns,1,0
CHEMBL647,-5.469,3,0.0,0.0,8.55,0,,GALNS,t1_cns,1,0
CHEMBL648,-6.791,1,0.0,0.0,13.43,0,,GALNS,t1_cns,1,0
CHEMBL651,-6.303,1,0.0,0.0,21.69,0,,GALNS,t1_cns,1,0
CHEMBL652,-7.899,1,0.0,0.0,36.45,0,,GALNS,t1_cns,1,0
CHEMBL654,-7.152,3,0.0,0.0,9.13,0,,GALNS,t1_cns,1,0
CHEMBL655,-7.401,2,0.0,0.0,11.34,0,,GALNS,t1_cns,1,0
CHEMBL656,-6.537,3,0.0,0.0,8.29,0,,GALNS,t1_cns,1,0
CHEMBL657,-5.926,3,0.0,0.0,13.77,0,,GALNS,t1_cns,1,0
CHEMBL658,-6.514,1,0.0,0.0,28.74,0,,GALNS,t1_cns,1,0
CHEMBL659,-5.176,3,0.0,0.0,24.34,0,,GALNS,t1_cns,1,0
CHEMBL660,-5.084,3,0.0,0.0,6.11,0,,GALNS,t1_cns,1,0
CHEMBL661,-7.539,2,0.0,0.0,8.16,0,,GALNS,t1_cns,1,0
CHEMBL667,-3.164,2,0.0,0.0,6.22,0,,GALNS,t1_cns,1,0
CHEMBL668,-6.521,3,0.0,0.0,9.96,0,,GALNS,t1_cns,1,0
CHEMBL669,-6.987,3,0.0,0.0,13.76,0,,GALNS,t1_cns,1,0
CHEMBL673,-5.115,2,0.0,0.0,8.07,0,,GALNS,t1_cns,1,0
CHEMBL679,-5.377,3,0.0,0.0,10.63,0,,GALNS,t1_cns,1,0
CHEMBL681,-5.446,3,0.0,0.0,15.4,0,,GALNS,t1_cns,1,0
CHEMBL682,-6.691,2,0.0,0.0,28.83,0,,GALNS,t1_cns,1,0
CHEMBL695,-3.983,3,0.0,0.0,4.89,0,,GALNS,t1_cns,1,0
CHEMBL696,-4.221,2,0.0,0.0,4.99,0,,GALNS,t1_cns,1,0
CHEMBL6966,-5.975,2,0.0,0.0,73.58,0,,GALNS,t1_cns,1,0
CHEMBL697,-5.918,1,0.0,0.0,6.68,0,,GALNS,t1_cns,1,0
CHEMBL698,-5.203,2,0.0,0.0,20.49,0,,GALNS,t1_cns,1,0
CHEMBL6995,-5.631,3,0.0,0.0,22.03,0,,GALNS,t1_cns,1,0
CHEMBL70,-6.396,3,0.0,0.0,7.74,0,,GALNS,t1_cns,1,0
CHEMBL701,-5.447,2,0.0,0.0,12.07,0,,GALNS,t1_cns,1,0
CHEMBL70246,-5.135,2,0.0,0.0,10.08,0,,GALNS,t1_cns,1,0
CHEMBL70418,-5.436,2,0.0,0.0,32.04,0,,GALNS,t1_cns,1,0
CHEMBL707,-8.065,2,0.0,0.0,28.49,0,,GALNS,t1_cns,1,0
CHEMBL708,-8.596,3,0.0,0.0,29.48,0,,GALNS,t1_cns,1,0
CHEMBL709,-6.234,2,0.0,0.0,38.76,0,,GALNS,t1_cns,1,0
CHEMBL71,-6.186,3,0.0,0.0,18.36,0,,GALNS,t1_cns,1,0
CHEMBL714,-5.875,2,0.0,0.0,16.89,0,,GALNS,t1_cns,1,0
CHEMBL715,-6.771,2,0.0,0.0,8.5,0,,GALNS,t1_cns,1,0
CHEMBL716,-7.213,2,0.0,0.0,25.83,0,,GALNS,t1_cns,1,0
CHEMBL71752,-7.064,3,0.0,0.0,15.08,0,,GALNS,t1_cns,1,0
CHEMBL72,-5.121,2,0.0,0.0,37.27,0,,GALNS,t1_cns,1,0
CHEMBL723,-6.665,3,0.0,0.0,55.98,0,,GALNS,t1_cns,1,0
CHEMBL726,-7.396,3,0.0,0.0,35.48,0,,GALNS,t1_cns,1,0
CHEMBL728,-7.12,2,0.0,0.0,18.72,0,,GALNS,t1_cns,1,0
CHEMBL73234,-5.52,2,0.0,0.0,26.44,0,,GALNS,t1_cns,1,0
CHEMBL741,-5.943,3,0.0,0.0,7.43,0,,GALNS,t1_cns,1,0
CHEMBL742,-6.152,3,0.0,0.0,6.49,0,,GALNS,t1_cns,1,0
CHEMBL744,-5.467,2,0.0,0.0,11.7,0,,GALNS,t1_cns,1,0
CHEMBL746,-6.88,3,0.0,0.0,24.63,0,,GALNS,t1_cns,1,0
CHEMBL750,-5.293,1,0.0,0.0,8.86,0,,GALNS,t1_cns,1,0
CHEMBL753,-6.333,2,0.0,0.0,20.81,0,,GALNS,t1_cns,1,0
CHEMBL761,-6.821,3,0.0,0.0,9.33,0,,GALNS,t1_cns,1,0
CHEMBL762,-5.563,1,0.0,0.0,12.17,0,,GALNS,t1_cns,1,0
CHEMBL76370,-7.119,1,0.0,0.0,22.33,0,,GALNS,t1_cns,1,0
CHEMBL765,-3.526,3,0.0,0.0,24.71,0,,GALNS,t1_cns,1,0
CHEMBL768,-5.577,3,0.0,0.0,27.78,0,,GALNS,t1_cns,1,0
CHEMBL770,-5.442,2,0.0,0.0,6.0,0,,GALNS,t1_cns,1,0
CHEMBL772,-7.683,3,0.0,0.0,85.55,0,,GALNS,t1_cns,1,0
CHEMBL776,-5.878,2,0.0,0.0,15.91,0,,GALNS,t1_cns,1,0
CHEMBL778,-6.286,1,0.0,0.0,7.25,0,,GALNS,t1_cns,1,0
CHEMBL7863,-4.854,3,0.0,0.0,9.09,0,,GALNS,t1_cns,1,0
CHEMBL79,-5.639,3,0.0,0.0,12.2,0,,GALNS,t1_cns,1,0
CHEMBL796,-5.596,2,0.0,0.0,11.52,0,,GALNS,t1_cns,1,0
CHEMBL797,-5.691,2,0.0,0.0,6.72,0,,GALNS,t1_cns,1,0
CHEMBL80,-6.593,2,0.0,0.0,13.75,0,,GALNS,t1_cns,1,0
CHEMBL807,-5.01,2,0.0,0.0,5.8,0,,GALNS,t1_cns,1,0
CHEMBL809,-7.012,2,0.0,0.0,11.77,0,,GALNS,t1_cns,1,0
CHEMBL811,-5.831,1,0.0,0.0,15.04,0,,GALNS,t1_cns,1,0
CHEMBL814,-6.196,2,0.0,0.0,28.33,0,,GALNS,t1_cns,1,0
CHEMBL827,-5.533,2,0.0,0.0,11.39,0,,GALNS,t1_cns,1,0
CHEMBL83063,-7.188,1,0.0,0.0,26.73,0,,GALNS,t1_cns,1,0
CHEMBL831,-7.137,3,0.0,0.0,8.77,0,,GALNS,t1_cns,1,0
CHEMBL836,-5.824,3,0.0,0.0,55.23,0,,GALNS,t1_cns,1,0
CHEMBL839,-6.529,2,0.0,0.0,21.1,0,,GALNS,t1_cns,1,0
CHEMBL841,-8.204,3,0.0,0.0,52.43,0,,GALNS,t1_cns,1,0
CHEMBL844,-6.298,3,0.0,0.0,7.06,0,,GALNS,t1_cns,1,0
CHEMBL85,-8.265,2,0.0,0.0,23.94,0,,GALNS,t1_cns,1,0
CHEMBL85231,-5.892,2,0.0,0.0,14.89,0,,GALNS,t1_cns,1,0
CHEMBL855,-6.876,3,0.0,0.0,13.38,0,,GALNS,t1_cns,1,0
CHEMBL856,-6.05,2,0.0,0.0,7.56,0,,GALNS,t1_cns,1,0
CHEMBL86,-5.684,2,0.0,0.0,21.34,0,,GALNS,t1_cns,1,0
CHEMBL861,-5.902,2,0.0,0.0,7.76,0,,GALNS,t1_cns,1,0
CHEMBL862,-5.92,3,0.0,0.0,8.73,0,,GALNS,t1_cns,1,0
CHEMBL86304,-5.892,2,0.0,0.0,13.52,0,,GALNS,t1_cns,1,0
CHEMBL864,-5.66,3,0.0,0.0,18.12,0,,GALNS,t1_cns,1,0
CHEMBL86715,-6.557,2,0.0,0.0,16.12,0,,GALNS,t1_cns,1,0
CHEMBL87493,-6.398,2,0.0,0.0,11.03,0,,GALNS,t1_cns,1,0
CHEMBL87708,-6.291,3,0.0,0.0,81.47,0,,GALNS,t1_cns,1,0
CHEMBL887,-5.843,3,0.0,0.0,6.85,0,,GALNS,t1_cns,1,0
CHEMBL894,-5.73,2,0.0,0.0,11.42,0,,GALNS,t1_cns,1,0
CHEMBL895,-7.056,1,0.0,0.0,18.44,0,,GALNS,t1_cns,1,0
CHEMBL89598,-4.266,3,0.0,0.0,10.77,0,,GALNS,t1_cns,1,0
CHEMBL896,-6.482,1,0.0,0.0,34.91,0,,GALNS,t1_cns,1,0
CHEMBL898,-7.03,2,0.0,0.0,12.06,0,,GALNS,t1_cns,1,0
CHEMBL90,-3.848,3,0.0,0.0,7.13,0,,GALNS,t1_cns,1,0
CHEMBL900,-6.194,3,0.0,0.0,18.29,0,,GALNS,t1_cns,1,0
CHEMBL902,-5.921,2,0.0,0.0,27.31,0,,GALNS,t1_cns,1,0
CHEMBL905,-6.009,3,0.0,0.0,14.78,0,,GALNS,t1_cns,1,0
CHEMBL908,-6.735,2,0.0,0.0,13.45,0,,GALNS,t1_cns,1,0
CHEMBL911,-7.507,1,0.0,0.0,16.08,0,,GALNS,t1_cns,1,0
CHEMBL91397,-6.793,1,0.0,0.0,54.86,0,,GALNS,t1_cns,1,0
CHEMBL914,-7.794,2,0.0,0.0,82.87,0,,GALNS,t1_cns,1,0
CHEMBL918,-5.788,1,0.0,0.0,6.18,0,,GALNS,t1_cns,1,0
CHEMBL920,-3.271,1,0.0,0.0,4.39,0,,GALNS,t1_cns,1,0
CHEMBL92401,-5.266,1,0.0,0.0,5.49,0,,GALNS,t1_cns,1,0
CHEMBL926,-7.569,2,0.0,0.0,21.79,0,,GALNS,t1_cns,1,0
CHEMBL931,-3.606,3,0.0,0.0,2.06,0,,GALNS,t1_cns,1,0
CHEMBL936,-6.901,3,0.0,0.0,23.82,0,,GALNS,t1_cns,1,0
CHEMBL94,-6.001,3,0.0,0.0,14.44,0,,GALNS,t1_cns,1,0
CHEMBL940,-4.534,3,0.0,0.0,12.01,0,,GALNS,t1_cns,1,0
CHEMBL94454,-8.483,2,0.0,0.0,37.53,0,,GALNS,t1_cns,1,0
CHEMBL945,-6.039,2,0.0,0.0,10.52,0,,GALNS,t1_cns,1,0
CHEMBL946,-5.598,3,0.0,0.0,28.29,0,,GALNS,t1_cns,1,0
CHEMBL95,-6.25,3,0.0,0.0,6.86,0,,GALNS,t1_cns,1,0
CHEMBL953,-6.525,1,0.0,0.0,21.39,0,,GALNS,t1_cns,1,0
CHEMBL963,-6.506,2,0.0,0.0,9.83,0,,GALNS,t1_cns,1,0
CHEMBL967,-5.51,1,0.0,0.0,27.64,0,,GALNS,t1_cns,1,0
CHEMBL968,-5.452,2,0.0,0.0,67.85,0,,GALNS,t1_cns,1,0
CHEMBL969,-5.798,1,0.0,0.0,29.65,0,,GALNS,t1_cns,1,0
CHEMBL970,-5.473,2,0.0,0.0,25.48,0,,GALNS,t1_cns,1,0
CHEMBL972,-5.285,3,0.0,0.0,3.35,0,,GALNS,t1_cns,1,0
CHEMBL978,-3.494,2,0.0,0.0,2.89,0,,GALNS,t1_cns,1,0
CHEMBL979,-4.581,3,0.0,0.0,7.25,0,,GALNS,t1_cns,1,0
CHEMBL982,-6.985,3,0.0,0.0,5.58,0,,GALNS,t1_cns,1,0
CHEMBL9967,-7.189,3,0.0,0.0,6.38,0,,GALNS,t1_cns,1,0
CHEMBL998,-5.321,2,0.0,0.0,18.91,0,,GALNS,t1_cns,1,0
CHEMBL99946,-5.337,2,0.0,0.0,5.01,0,,GALNS,t1_cns,1,0
CHEMBL1000,-5.15,3,0.0,0.0,26.06,0,,ITPKC,t1_cns,1,0
CHEMBL100116,-5.405,3,0.0,0.0,12.21,0,,ITPKC,t1_cns,1,0
CHEMBL1004,-4.485,2,0.0,0.0,12.93,0,,ITPKC,t1_cns,1,0
CHEMBL1005,-4.612,3,0.0,0.0,27.57,0,,ITPKC,t1_cns,1,0
CHEMBL1008,-4.18,2,0.0,0.0,28.97,0,,ITPKC,t1_cns,1,0
CHEMBL1009,-4.62,3,0.0,0.0,10.84,0,,ITPKC,t1_cns,1,0
CHEMBL1027,-5.531,2,0.0,0.0,28.95,0,,ITPKC,t1_cns,1,0
CHEMBL1037,-5.026,3,0.0,0.0,9.16,0,,ITPKC,t1_cns,1,0
CHEMBL1059,-3.921,3,0.0,0.0,9.99,0,,ITPKC,t1_cns,1,0
CHEMBL1065,-5.422,3,0.0,0.0,17.69,0,,ITPKC,t1_cns,1,0
CHEMBL1068,-4.394,3,0.0,0.0,21.25,0,,ITPKC,t1_cns,1,0
CHEMBL1076903,-4.852,3,0.0,0.0,4.09,0,,ITPKC,t1_cns,1,0
CHEMBL1077896,-4.43,3,0.0,0.0,15.46,0,,ITPKC,t1_cns,1,0
CHEMBL1078261,-4.407,3,0.0,0.0,25.98,0,,ITPKC,t1_cns,1,0
CHEMBL1079,-4.998,2,0.0,0.0,7.71,0,,ITPKC,t1_cns,1,0
CHEMBL1079604,-4.773,3,0.0,0.0,8.49,0,,ITPKC,t1_cns,1,0
CHEMBL108,-5.812,2,0.0,0.0,5.0,0,,ITPKC,t1_cns,1,0
CHEMBL1083659,-4.249,2,0.0,0.0,71.43,0,,ITPKC,t1_cns,1,0
CHEMBL1085,-5.824,2,0.0,0.0,33.63,0,,ITPKC,t1_cns,1,0
CHEMBL1087,-5.048,3,0.0,0.0,8.41,0,,ITPKC,t1_cns,1,0
CHEMBL10878,-4.688,3,0.0,0.0,10.32,0,,ITPKC,t1_cns,1,0
CHEMBL1088,-5.389,3,0.0,0.0,17.79,0,,ITPKC,t1_cns,1,0
CHEMBL1089,-4.338,3,0.0,0.0,5.13,0,,ITPKC,t1_cns,1,0
CHEMBL1089221,-5.291,3,0.0,0.0,13.9,0,,ITPKC,t1_cns,1,0
CHEMBL109,-3.376,3,0.0,0.0,6.23,0,,ITPKC,t1_cns,1,0
CHEMBL1093,-4.028,3,0.0,0.0,14.13,0,,ITPKC,t1_cns,1,0
CHEMBL1094,-5.117,3,0.0,0.0,14.95,0,,ITPKC,t1_cns,1,0
CHEMBL1095,-4.471,3,0.0,0.0,6.13,0,,ITPKC,t1_cns,1,0
CHEMBL1095777,-6.633,3,0.0,0.0,27.87,0,,ITPKC,t1_cns,1,0
CHEMBL1096,-5.481,3,0.0,0.0,9.33,0,,ITPKC,t1_cns,1,0
CHEMBL1098,-4.366,3,0.0,0.0,11.95,0,,ITPKC,t1_cns,1,0
CHEMBL11,-3.257,3,0.0,0.0,31.84,0,,ITPKC,t1_cns,1,0
CHEMBL1100,-3.511,2,0.0,0.0,3.51,0,,ITPKC,t1_cns,1,0
CHEMBL1101,-5.1,1,0.0,0.0,16.02,0,,ITPKC,t1_cns,1,0
CHEMBL1102,-4.63,3,0.0,0.0,7.02,0,,ITPKC,t1_cns,1,0
CHEMBL1104,-4.135,2,0.0,0.0,4.71,0,,ITPKC,t1_cns,1,0
CHEMBL1106,-5.656,2,0.0,0.0,4.66,0,,ITPKC,t1_cns,1,0
CHEMBL1108,-5.372,3,0.0,0.0,23.46,0,,ITPKC,t1_cns,1,0
CHEMBL111,-5.779,3,0.0,0.0,24.83,0,,ITPKC,t1_cns,1,0
CHEMBL1110,-5.381,3,0.0,0.0,13.02,0,,ITPKC,t1_cns,1,0
CHEMBL1112,-4.957,3,0.0,0.0,38.49,0,,ITPKC,t1_cns,1,0
CHEMBL1113,-6.582,2,0.0,0.0,6.06,0,,ITPKC,t1_cns,1,0
CHEMBL1115,-3.766,2,0.0,0.0,4.73,0,,ITPKC,t1_cns,1,0
CHEMBL1118,-4.755,2,0.0,0.0,13.02,0,,ITPKC,t1_cns,1,0
CHEMBL112,-3.992,3,0.0,0.0,4.32,0,,ITPKC,t1_cns,1,0
CHEMBL113,-3.947,2,0.0,0.0,3.66,0,,ITPKC,t1_cns,1,0
CHEMBL1165342,-5.428,3,0.0,0.0,15.47,0,,ITPKC,t1_cns,1,0
CHEMBL1172,-4.328,3,0.0,0.0,23.82,0,,ITPKC,t1_cns,1,0
CHEMBL117287,-5.033,3,0.0,0.0,22.52,0,,ITPKC,t1_cns,1,0
CHEMBL1175,-4.714,3,0.0,0.0,18.1,0,,ITPKC,t1_cns,1,0
CHEMBL1177,-4.347,2,0.0,0.0,6.11,0,,ITPKC,t1_cns,1,0
CHEMBL117785,-4.769,3,0.0,0.0,9.92,0,,ITPKC,t1_cns,1,0
CHEMBL1179047,-3.878,3,0.0,0.0,14.62,0,,ITPKC,t1_cns,1,0
CHEMBL118,-6.272,2,0.0,0.0,15.99,0,,ITPKC,t1_cns,1,0
CHEMBL1180725,-5.303,1,0.0,0.0,24.67,0,,ITPKC,t1_cns,1,0
CHEMBL1185,-5.104,3,0.0,0.0,15.59,0,,ITPKC,t1_cns,1,0
CHEMBL1186579,-5.426,3,0.0,0.0,12.89,0,,ITPKC,t1_cns,1,0
CHEMBL1186610,-3.918,2,0.0,0.0,16.37,0,,ITPKC,t1_cns,1,0
CHEMBL1187833,-5.3,2,0.0,0.0,35.7,0,,ITPKC,t1_cns,1,0
CHEMBL1189432,-5.898,3,0.0,0.0,16.03,0,,ITPKC,t1_cns,1,0
CHEMBL1189679,-5.493,3,0.0,0.0,7.46,0,,ITPKC,t1_cns,1,0
CHEMBL1190,-3.242,2,0.0,0.0,17.51,0,,ITPKC,t1_cns,1,0
CHEMBL1193,-4.208,2,0.0,0.0,13.98,0,,ITPKC,t1_cns,1,0
CHEMBL1194,-4.061,3,0.0,0.0,9.8,0,,ITPKC,t1_cns,1,0
CHEMBL1194325,-5.48,2,0.0,0.0,48.28,0,,ITPKC,t1_cns,1,0
CHEMBL1195,-3.825,2,0.0,0.0,23.8,0,,ITPKC,t1_cns,1,0
CHEMBL1197,-4.731,2,0.0,0.0,17.75,0,,ITPKC,t1_cns,1,0
CHEMBL1198857,-4.849,3,0.0,0.0,97.81,0,,ITPKC,t1_cns,1,0
CHEMBL1199080,-3.375,3,0.0,0.0,5.95,0,,ITPKC,t1_cns,1,0
CHEMBL1199307,-4.453,2,0.0,0.0,58.7,0,,ITPKC,t1_cns,1,0
CHEMBL12,-4.477,2,0.0,0.0,19.42,0,,ITPKC,t1_cns,1,0
CHEMBL1200338,-4.814,2,0.0,0.0,8.52,0,,ITPKC,t1_cns,1,0
CHEMBL1200406,-4.207,2,0.0,0.0,11.16,0,,ITPKC,t1_cns,1,0
CHEMBL1200472,-4.264,2,0.0,0.0,43.31,0,,ITPKC,t1_cns,1,0
CHEMBL1200596,-4.425,3,0.0,0.0,5.01,0,,ITPKC,t1_cns,1,0
CHEMBL1200604,-4.417,2,0.0,0.0,18.66,0,,ITPKC,t1_cns,1,0
CHEMBL1200694,-3.531,2,0.0,0.0,5.32,0,,ITPKC,t1_cns,1,0
CHEMBL1200714,-4.736,2,0.0,0.0,5.6,0,,ITPKC,t1_cns,1,0
CHEMBL1200748,-5.108,3,0.0,0.0,11.91,0,,ITPKC,t1_cns,1,0
CHEMBL1200790,-3.787,3,0.0,0.0,4.34,0,,ITPKC,t1_cns,1,0
CHEMBL1200802,-4.186,2,0.0,0.0,6.73,0,,ITPKC,t1_cns,1,0
CHEMBL1200922,-4.236,3,0.0,0.0,12.66,0,,ITPKC,t1_cns,1,0
CHEMBL1201,-5.634,2,0.0,0.0,23.48,0,,ITPKC,t1_cns,1,0
CHEMBL1201087,-5.726,2,0.0,0.0,38.12,0,,ITPKC,t1_cns,1,0
CHEMBL1201168,-4.773,3,0.0,0.0,8.76,0,,ITPKC,t1_cns,1,0
CHEMBL1201191,-5.412,3,0.0,0.0,34.86,0,,ITPKC,t1_cns,1,0
CHEMBL1201192,-4.686,2,0.0,0.0,13.98,0,,ITPKC,t1_cns,1,0
CHEMBL1201201,-3.729,2,0.0,0.0,4.72,0,,ITPKC,t1_cns,1,0
CHEMBL1201206,-5.856,1,0.0,0.0,41.23,0,,ITPKC,t1_cns,1,0
CHEMBL1201210,-4.699,3,0.0,0.0,14.15,0,,ITPKC,t1_cns,1,0
CHEMBL1201212,-4.299,3,0.0,0.0,12.78,0,,ITPKC,t1_cns,1,0
CHEMBL1201213,-4.504,3,0.0,0.0,13.81,0,,ITPKC,t1_cns,1,0
CHEMBL1201216,-5.478,2,0.0,0.0,17.87,0,,ITPKC,t1_cns,1,0
CHEMBL1201217,-4.011,2,0.0,0.0,18.04,0,,ITPKC,t1_cns,1,0
CHEMBL1201219,-6.106,1,0.0,0.0,35.25,0,,ITPKC,t1_cns,1,0
CHEMBL1201222,-4.436,2,0.0,0.0,21.81,0,,ITPKC,t1_cns,1,0
CHEMBL1201229,-4.615,2,0.0,0.0,161.17,0,,ITPKC,t1_cns,1,0
CHEMBL1201234,-3.774,3,0.0,0.0,6.53,0,,ITPKC,t1_cns,1,0
CHEMBL1201237,-4.674,3,0.0,0.0,18.93,0,,ITPKC,t1_cns,1,0
CHEMBL1201244,-6.494,3,0.0,0.0,29.68,0,,ITPKC,t1_cns,1,0
CHEMBL1201256,-4.898,3,0.0,0.0,29.81,0,,ITPKC,t1_cns,1,0
CHEMBL1201264,-4.729,3,0.0,0.0,25.14,0,,ITPKC,t1_cns,1,0
CHEMBL1201266,-5.099,3,0.0,0.0,14.77,0,,ITPKC,t1_cns,1,0
CHEMBL1201271,-6.11,2,0.0,0.0,27.92,0,,ITPKC,t1_cns,1,0
CHEMBL1201274,-4.141,3,0.0,0.0,26.96,0,,ITPKC,t1_cns,1,0
CHEMBL1201284,-4.751,3,0.0,0.0,27.76,0,,ITPKC,t1_cns,1,0
CHEMBL1201288,-5.523,2,0.0,0.0,12.29,0,,ITPKC,t1_cns,1,0
CHEMBL1201293,-3.233,3,0.0,0.0,6.57,0,,ITPKC,t1_cns,1,0
CHEMBL1201317,-3.764,1,0.0,0.0,5.9,0,,ITPKC,t1_cns,1,0
CHEMBL1201319,-4.628,2,0.0,0.0,6.4,0,,ITPKC,t1_cns,1,0
CHEMBL1201323,-3.577,3,0.0,0.0,4.44,0,,ITPKC,t1_cns,1,0
CHEMBL1201336,-5.539,2,0.0,0.0,22.07,0,,ITPKC,t1_cns,1,0
CHEMBL1201338,-4.581,2,0.0,0.0,22.42,0,,ITPKC,t1_cns,1,0
CHEMBL1201340,-5.01,1,0.0,0.0,8.53,0,,ITPKC,t1_cns,1,0
CHEMBL1201353,-4.515,2,0.0,0.0,10.82,0,,ITPKC,t1_cns,1,0
CHEMBL1201354,-4.399,3,0.0,0.0,20.35,0,,ITPKC,t1_cns,1,0
CHEMBL1201747,-4.187,3,0.0,0.0,28.31,0,,ITPKC,t1_cns,1,0
CHEMBL1201754,-5.031,3,0.0,0.0,10.06,0,,ITPKC,t1_cns,1,0
CHEMBL1201758,-5.433,2,0.0,0.0,35.3,0,,ITPKC,t1_cns,1,0
CHEMBL1201764,-4.66,2,0.0,0.0,44.38,0,,ITPKC,t1_cns,1,0
CHEMBL1201776,-4.292,3,0.0,0.0,9.01,0,,ITPKC,t1_cns,1,0
CHEMBL1206690,-5.453,3,0.0,0.0,16.37,0,,ITPKC,t1_cns,1,0
CHEMBL1213351,-4.516,1,0.0,0.0,22.44,0,,ITPKC,t1_cns,1,0
CHEMBL1214124,-5.822,3,0.0,0.0,14.07,0,,ITPKC,t1_cns,1,0
CHEMBL1215,-4.529,3,0.0,0.0,8.32,0,,ITPKC,t1_cns,1,0
CHEMBL1218,-4.993,3,0.0,0.0,10.52,0,,ITPKC,t1_cns,1,0
CHEMBL1224,-5.681,3,0.0,0.0,20.27,0,,ITPKC,t1_cns,1,0
CHEMBL1231,-4.859,2,0.0,0.0,34.86,0,,ITPKC,t1_cns,1,0
CHEMBL1237021,-7.015,2,0.0,0.0,46.73,0,,ITPKC,t1_cns,1,0
CHEMBL1237044,-4.522,3,0.0,0.0,10.81,0,,ITPKC,t1_cns,1,0
CHEMBL1241,-4.117,2,0.0,0.0,12.9,0,,ITPKC,t1_cns,1,0
CHEMBL1254682,-4.961,3,0.0,0.0,9.44,0,,ITPKC,t1_cns,1,0
CHEMBL1256,-3.384,3,0.0,0.0,6.43,0,,ITPKC,t1_cns,1,0
CHEMBL1256786,-5.603,3,0.0,0.0,38.18,0,,ITPKC,t1_cns,1,0
CHEMBL1256841,-5.315,3,0.0,0.0,21.0,0,,ITPKC,t1_cns,1,0
CHEMBL1257,-3.256,3,0.0,0.0,5.41,0,,ITPKC,t1_cns,1,0
CHEMBL1259,-5.628,3,0.0,0.0,186.84,0,,ITPKC,t1_cns,1,0
CHEMBL126224,-3.383,2,0.0,0.0,32.19,0,,ITPKC,t1_cns,1,0
CHEMBL1263,-4.957,3,0.0,0.0,82.08,0,,ITPKC,t1_cns,1,0
CHEMBL1266,-4.735,3,0.0,0.0,6.1,0,,ITPKC,t1_cns,1,0
CHEMBL12713,-6.868,2,0.0,0.0,24.88,0,,ITPKC,t1_cns,1,0
CHEMBL127516,-3.791,3,0.0,0.0,8.64,0,,ITPKC,t1_cns,1,0
CHEMBL1278,-5.384,2,0.0,0.0,17.41,0,,ITPKC,t1_cns,1,0
CHEMBL1279,-5.983,3,0.0,0.0,9.42,0,,ITPKC,t1_cns,1,0
CHEMBL128,-4.689,3,0.0,0.0,15.57,0,,ITPKC,t1_cns,1,0
CHEMBL1286,-4.061,3,0.0,0.0,5.21,0,,ITPKC,t1_cns,1,0
CHEMBL1290,-4.56,2,0.0,0.0,18.65,0,,ITPKC,t1_cns,1,0
CHEMBL1291,-4.891,3,0.0,0.0,26.08,0,,ITPKC,t1_cns,1,0
CHEMBL1294,-5.754,3,0.0,0.0,16.99,0,,ITPKC,t1_cns,1,0
CHEMBL13,-4.533,2,0.0,0.0,17.86,0,,ITPKC,t1_cns,1,0
CHEMBL1303,-4.853,2,0.0,0.0,14.99,0,,ITPKC,t1_cns,1,0
CHEMBL1305,-4.727,3,0.0,0.0,13.42,0,,ITPKC,t1_cns,1,0
CHEMBL131,-5.537,3,0.0,0.0,14.64,0,,ITPKC,t1_cns,1,0
CHEMBL13209,-4.839,2,0.0,0.0,24.65,0,,ITPKC,t1_cns,1,0
CHEMBL1321,-4.477,3,0.0,0.0,9.08,0,,ITPKC,t1_cns,1,0
CHEMBL13280,-4.116,2,0.0,0.0,26.5,0,,ITPKC,t1_cns,1,0
CHEMBL134,-4.571,3,0.0,0.0,6.61,0,,ITPKC,t1_cns,1,0
CHEMBL1341,-2.927,3,0.0,0.0,4.1,0,,ITPKC,t1_cns,1,0
CHEMBL1346,-6.893,2,0.0,0.0,47.03,0,,ITPKC,t1_cns,1,0
CHEMBL135400,-5.672,3,0.0,0.0,18.7,0,,ITPKC,t1_cns,1,0
CHEMBL1372950,-5.91,3,0.0,0.0,22.81,0,,ITPKC,t1_cns,1,0
CHEMBL1373,-4.707,2,0.0,0.0,15.53,0,,ITPKC,t1_cns,1,0
CHEMBL1378,-5.181,2,0.0,0.0,23.83,0,,ITPKC,t1_cns,1,0
CHEMBL1382,-4.645,2,0.0,0.0,26.53,0,,ITPKC,t1_cns,1,0
CHEMBL139,-5.3,3,0.0,0.0,12.98,0,,ITPKC,t1_cns,1,0
CHEMBL14,-3.625,2,0.0,0.0,6.94,0,,ITPKC,t1_cns,1,0
CHEMBL1404,-5.835,2,0.0,0.0,41.4,0,,ITPKC,t1_cns,1,0
CHEMBL1410743,-3.185,3,0.0,0.0,2.95,0,,ITPKC,t1_cns,1,0
CHEMBL1411979,-4.077,3,0.0,0.0,11.11,0,,ITPKC,t1_cns,1,0
CHEMBL1414320,-4.887,2,0.0,0.0,51.6,0,,ITPKC,t1_cns,1,0
CHEMBL1420,-3.663,2,0.0,0.0,5.14,0,,ITPKC,t1_cns,1,0
CHEMBL1423,-6.965,3,0.0,0.0,37.2,0,,ITPKC,t1_cns,1,0
CHEMBL142635,-4.791,3,0.0,0.0,31.72,0,,ITPKC,t1_cns,1,0
CHEMBL1428,-4.612,2,0.0,0.0,33.83,0,,ITPKC,t1_cns,1,0
CHEMBL1434,-5.808,3,0.0,0.0,22.43,0,,ITPKC,t1_cns,1,0
CHEMBL1437,-4.554,2,0.0,0.0,9.2,0,,ITPKC,t1_cns,1,0
CHEMBL14370,-4.967,3,0.0,0.0,21.38,0,,ITPKC,t1_cns,1,0
CHEMBL14376,-4.798,3,0.0,0.0,35.07,0,,ITPKC,t1_cns,1,0
CHEMBL1442422,-4.85,3,0.0,0.0,9.25,0,,ITPKC,t1_cns,1,0
CHEMBL1454,-4.241,2,0.0,0.0,4.5,0,,ITPKC,t1_cns,1,0
CHEMBL146095,-5.418,3,0.0,0.0,28.28,0,,ITPKC,t1_cns,1,0
CHEMBL1480,-4.635,2,0.0,0.0,18.27,0,,ITPKC,t1_cns,1,0
CHEMBL1480987,-5.028,2,0.0,0.0,12.16,0,,ITPKC,t1_cns,1,0
CHEMBL1482,-3.415,2,0.0,0.0,7.85,0,,ITPKC,t1_cns,1,0
CHEMBL1484,-4.675,2,0.0,0.0,54.14,0,,ITPKC,t1_cns,1,0
CHEMBL1490,-4.625,1,0.0,0.0,21.66,0,,ITPKC,t1_cns,1,0
CHEMBL1491,-4.876,3,0.0,0.0,37.01,0,,ITPKC,t1_cns,1,0
CHEMBL1492,-4.976,3,0.0,0.0,11.67,0,,ITPKC,t1_cns,1,0
CHEMBL1492500,-5.316,2,0.0,0.0,10.48,0,,ITPKC,t1_cns,1,0
CHEMBL1493,-5.395,2,0.0,0.0,30.1,0,,ITPKC,t1_cns,1,0
CHEMBL15023,-4.918,3,0.0,0.0,34.71,0,,ITPKC,t1_cns,1,0
CHEMBL1505,-4.757,2,0.0,0.0,18.46,0,,ITPKC,t1_cns,1,0
CHEMBL1508,-5.069,3,0.0,0.0,17.45,0,,ITPKC,t1_cns,1,0
CHEMBL1510,-5.331,3,0.0,0.0,21.32,0,,ITPKC,t1_cns,1,0
CHEMBL1514,-4.056,2,0.0,0.0,21.36,0,,ITPKC,t1_cns,1,0
CHEMBL1515611,-4.279,3,0.0,0.0,5.62,0,,ITPKC,t1_cns,1,0
CHEMBL1521,-5.148,3,0.0,0.0,13.56,0,,ITPKC,t1_cns,1,0
CHEMBL1522,-5.431,3,0.0,0.0,19.6,0,,ITPKC,t1_cns,1,0
CHEMBL154,-4.797,3,0.0,0.0,9.13,0,,ITPKC,t1_cns,1,0
CHEMBL1568698,-5.922,3,0.0,0.0,7.98,0,,ITPKC,t1_cns,1,0
CHEMBL1580,-4.612,3,0.0,0.0,25.99,0,,ITPKC,t1_cns,1,0
CHEMBL1584,-5.75,2,0.0,0.0,26.5,0,,ITPKC,t1_cns,1,0
CHEMBL159226,-4.336,3,0.0,0.0,16.28,0,,ITPKC,t1_cns,1,0
CHEMBL1595,-5.07,3,0.0,0.0,6.96,0,,ITPKC,t1_cns,1,0
CHEMBL16,-5.022,3,0.0,0.0,7.51,0,,ITPKC,t1_cns,1,0
CHEMBL16073,-3.741,2,0.0,0.0,5.53,0,,ITPKC,t1_cns,1,0
CHEMBL1611,-5.304,2,0.0,0.0,8.24,0,,ITPKC,t1_cns,1,0
CHEMBL1615438,-6.287,3,0.0,0.0,22.56,0,,ITPKC,t1_cns,1,0
CHEMBL1618018,-5.336,3,0.0,0.0,13.52,0,,ITPKC,t1_cns,1,0
CHEMBL1619,-5.618,3,0.0,0.0,11.66,0,,ITPKC,t1_cns,1,0
CHEMBL162036,-5.086,3,0.0,0.0,19.07,0,,ITPKC,t1_cns,1,0
CHEMBL1621,-6.514,3,0.0,0.0,26.03,0,,ITPKC,t1_cns,1,0
CHEMBL1621597,-4.826,3,0.0,0.0,18.7,0,,ITPKC,t1_cns,1,0
CHEMBL1623992,-5.11,3,0.0,0.0,19.81,0,,ITPKC,t1_cns,1,0
CHEMBL1626,-4.584,3,0.0,0.0,24.8,0,,ITPKC,t1_cns,1,0
CHEMBL1626223,-4.04,2,0.0,0.0,6.32,0,,ITPKC,t1_cns,1,0
CHEMBL1628227,-5.357,3,0.0,0.0,9.2,0,,ITPKC,t1_cns,1,0
CHEMBL1628502,-4.258,3,0.0,0.0,21.39,0,,ITPKC,t1_cns,1,0
CHEMBL1643895,-5.327,3,0.0,0.0,11.77,0,,ITPKC,t1_cns,1,0
CHEMBL1648,-4.718,3,0.0,0.0,19.42,0,,ITPKC,t1_cns,1,0
CHEMBL1652,-5.292,3,0.0,0.0,93.57,0,,ITPKC,t1_cns,1,0
CHEMBL1685,-4.002,3,0.0,0.0,18.23,0,,ITPKC,t1_cns,1,0
CHEMBL168815,-3.71,3,0.0,0.0,3.99,0,,ITPKC,t1_cns,1,0
CHEMBL1697737,-4.036,2,0.0,0.0,24.54,0,,ITPKC,t1_cns,1,0
CHEMBL1697856,-4.388,2,0.0,0.0,9.23,0,,ITPKC,t1_cns,1,0
CHEMBL169901,-5.038,3,0.0,0.0,4.53,0,,ITPKC,t1_cns,1,0
CHEMBL17157,-5.49,3,0.0,0.0,55.84,0,,ITPKC,t1_cns,1,0
CHEMBL1726,-4.453,3,0.0,0.0,24.98,0,,ITPKC,t1_cns,1,0
CHEMBL1729,-5.784,3,0.0,0.0,41.38,0,,ITPKC,t1_cns,1,0
CHEMBL1732,-6.262,3,0.0,0.0,47.04,0,,ITPKC,t1_cns,1,0
CHEMBL1742423,-5.516,2,0.0,0.0,50.9,0,,ITPKC,t1_cns,1,0
CHEMBL1742466,-5.609,3,0.0,0.0,94.24,0,,ITPKC,t1_cns,1,0
CHEMBL1742471,-5.143,3,0.0,0.0,32.23,0,,ITPKC,t1_cns,1,0
CHEMBL1752,-4.497,2,0.0,0.0,9.85,0,,ITPKC,t1_cns,1,0
CHEMBL1754,-5.049,2,0.0,0.0,20.4,0,,ITPKC,t1_cns,1,0
CHEMBL1760,-4.466,2,0.0,0.0,12.15,0,,ITPKC,t1_cns,1,0
CHEMBL1762,-4.655,3,0.0,0.0,7.11,0,,ITPKC,t1_cns,1,0
CHEMBL1764,-4.501,3,0.0,0.0,15.05,0,,ITPKC,t1_cns,1,0
CHEMBL17860,-4.05,3,0.0,0.0,7.59,0,,ITPKC,t1_cns,1,0
CHEMBL178803,-3.889,1,0.0,0.0,41.3,0,,ITPKC,t1_cns,1,0
CHEMBL1790041,-3.959,3,0.0,0.0,22.69,0,,ITPKC,t1_cns,1,0
CHEMBL181,-4.527,3,0.0,0.0,4.4,0,,ITPKC,t1_cns,1,0
CHEMBL18116,-4.636,3,0.0,0.0,5.91,0,,ITPKC,t1_cns,1,0
CHEMBL184412,-4.241,2,0.0,0.0,111.3,0,,ITPKC,t1_cns,1,0
CHEMBL185073,-5.919,1,0.0,0.0,43.97,0,,ITPKC,t1_cns,1,0
CHEMBL1874750,-5.581,3,0.0,0.0,34.2,0,,ITPKC,t1_cns,1,0
CHEMBL1888176,-5.539,3,0.0,0.0,25.78,0,,ITPKC,t1_cns,1,0
CHEMBL188921,-4.15,3,0.0,0.0,15.74,0,,ITPKC,t1_cns,1,0
CHEMBL1900528,-5.082,1,0.0,0.0,22.44,0,,ITPKC,t1_cns,1,0
CHEMBL19019,-5.422,2,0.0,0.0,11.71,0,,ITPKC,t1_cns,1,0
CHEMBL190461,-4.742,2,0.0,0.0,18.36,0,,ITPKC,t1_cns,1,0
CHEMBL1909324,-5.181,2,0.0,0.0,46.44,0,,ITPKC,t1_cns,1,0
CHEMBL19299,-4.676,3,0.0,0.0,9.93,0,,ITPKC,t1_cns,1,0
CHEMBL193,-4.794,2,0.0,0.0,15.78,0,,ITPKC,t1_cns,1,0
CHEMBL197084,-4.93,3,0.0,0.0,23.27,0,,ITPKC,t1_cns,1,0
CHEMBL1983350,-4.645,2,0.0,0.0,7.91,0,,ITPKC,t1_cns,1,0
CHEMBL2,-5.751,3,0.0,0.0,16.09,0,,ITPKC,t1_cns,1,0
CHEMBL2028019,-6.064,3,0.0,0.0,22.1,0,,ITPKC,t1_cns,1,0
CHEMBL207538,-5.506,3,0.0,0.0,8.29,0,,ITPKC,t1_cns,1,0
CHEMBL2095212,-5.001,3,0.0,0.0,44.95,0,,ITPKC,t1_cns,1,0
CHEMBL2103822,-4.509,3,0.0,0.0,11.27,0,,ITPKC,t1_cns,1,0
CHEMBL2103827,-5.324,3,0.0,0.0,13.46,0,,ITPKC,t1_cns,1,0
CHEMBL2103837,-5.605,3,0.0,0.0,10.48,0,,ITPKC,t1_cns,1,0
CHEMBL2104095,-3.047,1,0.0,0.0,5.17,0,,ITPKC,t1_cns,1,0
CHEMBL2104356,-4.681,3,0.0,0.0,38.92,0,,ITPKC,t1_cns,1,0
CHEMBL2104993,-5.238,3,0.0,0.0,14.09,0,,ITPKC,t1_cns,1,0
CHEMBL2105233,-4.287,3,0.0,0.0,10.07,0,,ITPKC,t1_cns,1,0
CHEMBL2105275,-3.517,3,0.0,0.0,5.18,0,,ITPKC,t1_cns,1,0
CHEMBL2105581,-5.112,3,0.0,0.0,24.68,0,,ITPKC,t1_cns,1,0
CHEMBL2105760,-6.057,3,0.0,0.0,32.77,0,,ITPKC,t1_cns,1,0
CHEMBL2107011,-5.434,3,0.0,0.0,28.99,0,,ITPKC,t1_cns,1,0
CHEMBL2107726,-4.428,3,0.0,0.0,18.44,0,,ITPKC,t1_cns,1,0
CHEMBL2110774,-4.441,2,0.0,0.0,15.69,0,,ITPKC,t1_cns,1,0
CHEMBL2110805,-4.499,2,0.0,0.0,17.15,0,,ITPKC,t1_cns,1,0
CHEMBL2110816,-3.59,3,0.0,0.0,35.48,0,,ITPKC,t1_cns,1,0
CHEMBL2111030,-4.295,3,0.0,0.0,12.19,0,,ITPKC,t1_cns,1,0
CHEMBL2111097,-4.441,3,0.0,0.0,33.76,0,,ITPKC,t1_cns,1,0
CHEMBL2111101,-4.658,3,0.0,0.0,41.04,0,,ITPKC,t1_cns,1,0
CHEMBL2111112,-5.349,2,0.0,0.0,22.25,0,,ITPKC,t1_cns,1,0
CHEMBL211456,-4.252,3,0.0,0.0,5.83,0,,ITPKC,t1_cns,1,0
CHEMBL21536,-3.809,3,0.0,0.0,13.5,0,,ITPKC,t1_cns,1,0
CHEMBL2159122,-5.562,2,0.0,0.0,113.64,0,,ITPKC,t1_cns,1,0
CHEMBL21731,-5.117,2,0.0,0.0,9.82,0,,ITPKC,t1_cns,1,0
CHEMBL2178422,-5.382,3,0.0,0.0,115.49,0,,ITPKC,t1_cns,1,0
CHEMBL219916,-5.656,3,0.0,0.0,28.45,0,,ITPKC,t1_cns,1,0
CHEMBL220492,-5.023,2,0.0,0.0,12.96,0,,ITPKC,t1_cns,1,0
CHEMBL22097,-4.801,2,0.0,0.0,33.02,0,,ITPKC,t1_cns,1,0
CHEMBL2218861,-5.03,2,0.0,0.0,24.88,0,,ITPKC,t1_cns,1,0
CHEMBL2218896,-4.635,3,0.0,0.0,21.05,0,,ITPKC,t1_cns,1,0
CHEMBL22242,-4.763,3,0.0,0.0,12.46,0,,ITPKC,t1_cns,1,0
CHEMBL23,-3.844,2,0.0,0.0,68.32,0,,ITPKC,t1_cns,1,0
CHEMBL231068,-6.222,3,0.0,0.0,20.52,0,,ITPKC,t1_cns,1,0
CHEMBL2364638,-6.376,2,0.0,0.0,48.12,0,,ITPKC,t1_cns,1,0
CHEMBL2364639,-5.016,3,0.0,0.0,31.28,0,,ITPKC,t1_cns,1,0
CHEMBL2397415,-7.156,2,0.0,0.0,74.43,0,,ITPKC,t1_cns,1,0
CHEMBL24072,-4.266,2,0.0,0.0,31.99,0,,ITPKC,t1_cns,1,0
CHEMBL243712,-4.915,3,0.0,0.0,28.57,0,,ITPKC,t1_cns,1,0
CHEMBL2443262,-5.013,3,0.0,0.0,26.84,0,,ITPKC,t1_cns,1,0
CHEMBL24441,-3.351,2,0.0,0.0,5.16,0,,ITPKC,t1_cns,1,0
CHEMBL24778,-4.667,3,0.0,0.0,81.86,0,,ITPKC,t1_cns,1,0
CHEMBL25,-4.519,3,0.0,0.0,7.1,0,,ITPKC,t1_cns,1,0
CHEMBL251940,-5.394,2,0.0,0.0,19.18,0,,ITPKC,t1_cns,1,0
CHEMBL252556,-3.927,2,0.0,0.0,36.27,0,,ITPKC,t1_cns,1,0
CHEMBL254857,-6.052,3,0.0,0.0,20.67,0,,ITPKC,t1_cns,1,0
CHEMBL255044,-5.437,2,0.0,0.0,20.51,0,,ITPKC,t1_cns,1,0
CHEMBL259209,-4.627,1,0.0,0.0,14.9,0,,ITPKC,t1_cns,1,0
CHEMBL26,-5.096,3,0.0,0.0,19.23,0,,ITPKC,t1_cns,1,0
CHEMBL267495,-6.299,3,0.0,0.0,33.45,0,,ITPKC,t1_cns,1,0
CHEMBL267894,-4.258,2,0.0,0.0,7.38,0,,ITPKC,t1_cns,1,0
CHEMBL267936,-3.843,3,0.0,0.0,3.5,0,,ITPKC,t1_cns,1,0
CHEMBL268164,-4.686,3,0.0,0.0,6.01,0,,ITPKC,t1_cns,1,0
CHEMBL27,-4.784,3,0.0,0.0,16.65,0,,ITPKC,t1_cns,1,0
CHEMBL270190,-5.331,2,0.0,0.0,39.2,0,,ITPKC,t1_cns,1,0
CHEMBL273575,-5.117,2,0.0,0.0,6.45,0,,ITPKC,t1_cns,1,0
CHEMBL276520,-5.143,2,0.0,0.0,7.54,0,,ITPKC,t1_cns,1,0
CHEMBL277062,-4.595,3,0.0,0.0,16.08,0,,ITPKC,t1_cns,1,0
CHEMBL278020,-4.093,2,0.0,0.0,6.56,0,,ITPKC,t1_cns,1,0
CHEMBL27810,-4.913,3,0.0,0.0,32.49,0,,ITPKC,t1_cns,1,0
CHEMBL278819,-5.047,3,0.0,0.0,13.21,0,,ITPKC,t1_cns,1,0
CHEMBL279516,-5.881,3,0.0,0.0,18.83,0,,ITPKC,t1_cns,1,0
CHEMBL282052,-5.299,3,0.0,0.0,5.94,0,,ITPKC,t1_cns,1,0
CHEMBL282121,-3.903,3,0.0,0.0,61.75,0,,ITPKC,t1_cns,1,0
CHEMBL28218,-5.199,2,0.0,0.0,26.94,0,,ITPKC,t1_cns,1,0
CHEMBL28318,-4.859,3,0.0,0.0,8.01,0,,ITPKC,t1_cns,1,0
CHEMBL28333,-3.814,2,0.0,0.0,21.23,0,,ITPKC,t1_cns,1,0
CHEMBL284092,-5.239,3,0.0,0.0,26.22,0,,ITPKC,t1_cns,1,0
CHEMBL284906,-3.687,3,0.0,0.0,11.44,0,,ITPKC,t1_cns,1,0
CHEMBL285674,-5.457,2,0.0,0.0,8.63,0,,ITPKC,t1_cns,1,0
CHEMBL288470,-4.423,3,0.0,0.0,7.38,0,,ITPKC,t1_cns,1,0
CHEMBL289469,-5.892,2,0.0,0.0,12.36,0,,ITPKC,t1_cns,1,0
CHEMBL289480,-3.766,3,0.0,0.0,6.86,0,,ITPKC,t1_cns,1,0
CHEMBL290916,-4.294,2,0.0,0.0,5.03,0,,ITPKC,t1_cns,1,0
CHEMBL294199,-4.583,3,0.0,0.0,28.52,0,,ITPKC,t1_cns,1,0
CHEMBL296419,-5.769,2,0.0,0.0,49.61,0,,ITPKC,t1_cns,1,0
CHEMBL297302,-6.156,3,0.0,0.0,27.69,0,,ITPKC,t1_cns,1,0
CHEMBL3,-3.778,2,0.0,0.0,4.02,0,,ITPKC,t1_cns,1,0
CHEMBL30,-4.68,3,0.0,0.0,10.46,0,,ITPKC,t1_cns,1,0
CHEMBL301265,-3.847,2,0.0,0.0,7.27,0,,ITPKC,t1_cns,1,0
CHEMBL3039520,-5.992,2,0.0,0.0,16.17,0,,ITPKC,t1_cns,1,0
CHEMBL305660,-5.069,2,0.0,0.0,55.59,0,,ITPKC,t1_cns,1,0
CHEMBL306700,-4.284,2,0.0,0.0,9.67,0,,ITPKC,t1_cns,1,0
CHEMBL312448,-4.59,2,0.0,0.0,7.42,0,,ITPKC,t1_cns,1,0
CHEMBL3137326,-5.15,2,0.0,0.0,10.08,0,,ITPKC,t1_cns,1,0
CHEMBL314437,-3.522,3,0.0,0.0,20.91,0,,ITPKC,t1_cns,1,0
CHEMBL315795,-2.707,3,0.0,0.0,3.82,0,,ITPKC,t1_cns,1,0
CHEMBL315985,-4.621,3,0.0,0.0,22.34,0,,ITPKC,t1_cns,1,0
CHEMBL3183075,-3.921,3,0.0,0.0,22.15,0,,ITPKC,t1_cns,1,0
CHEMBL3187365,-5.433,2,0.0,0.0,5.12,0,,ITPKC,t1_cns,1,0
CHEMBL32479,-5.234,3,0.0,0.0,8.2,0,,ITPKC,t1_cns,1,0
CHEMBL32800,-5.005,2,0.0,0.0,25.7,0,,ITPKC,t1_cns,1,0
CHEMBL328560,-4.883,2,0.0,0.0,8.21,0,,ITPKC,t1_cns,1,0
CHEMBL3306803,-5.389,2,0.0,0.0,25.34,0,,ITPKC,t1_cns,1,0
CHEMBL339427,-5.028,3,0.0,0.0,161.32,0,,ITPKC,t1_cns,1,0
CHEMBL33986,-5.307,3,0.0,0.0,12.23,0,,ITPKC,t1_cns,1,0
CHEMBL354077,-3.497,3,0.0,0.0,4.18,0,,ITPKC,t1_cns,1,0
CHEMBL3545367,-5.69,2,0.0,0.0,27.73,0,,ITPKC,t1_cns,1,0
CHEMBL36715,-3.659,1,0.0,0.0,6.56,0,,ITPKC,t1_cns,1,0
CHEMBL376897,-4.854,3,0.0,0.0,15.69,0,,ITPKC,t1_cns,1,0
CHEMBL37744,-4.578,2,0.0,0.0,9.16,0,,ITPKC,t1_cns,1,0
CHEMBL3833301,-3.517,3,0.0,0.0,5.19,0,,ITPKC,t1_cns,1,0
CHEMBL3833389,-5.005,2,0.0,0.0,23.98,0,,ITPKC,t1_cns,1,0
CHEMBL384467,-5.815,2,0.0,0.0,13.39,0,,ITPKC,t1_cns,1,0
CHEMBL395091,-4.796,3,0.0,0.0,5.81,0,,ITPKC,t1_cns,1,0
CHEMBL396778,-5.504,3,0.0,0.0,17.34,0,,ITPKC,t1_cns,1,0
CHEMBL398707,-5.601,3,0.0,0.0,5.41,0,,ITPKC,t1_cns,1,0
CHEMBL3989695,-6.148,2,0.0,0.0,26.96,0,,ITPKC,t1_cns,1,0
CHEMBL3989803,-4.522,3,0.0,0.0,12.68,0,,ITPKC,t1_cns,1,0
CHEMBL3989843,-4.049,2,0.0,0.0,3.94,0,,ITPKC,t1_cns,1,0
CHEMBL3989949,-4.499,2,0.0,0.0,10.84,0,,ITPKC,t1_cns,1,0
CHEMBL3991065,-8.722,2,0.0,0.0,41.26,0,,ITPKC,t1_cns,1,0
CHEMBL40,-5.052,2,0.0,0.0,5.73,0,,ITPKC,t1_cns,1,0
CHEMBL404849,-3.613,3,0.0,0.0,30.68,0,,ITPKC,t1_cns,1,0
CHEMBL405,-3.713,2,0.0,0.0,4.44,0,,ITPKC,t1_cns,1,0
CHEMBL407,-5.092,3,0.0,0.0,8.64,0,,ITPKC,t1_cns,1,0
CHEMBL41,-5.015,1,0.0,0.0,16.4,0,,ITPKC,t1_cns,1,0
CHEMBL4105630,-5.786,2,0.0,0.0,18.61,0,,ITPKC,t1_cns,1,0
CHEMBL41355,-5.513,3,0.0,0.0,17.96,0,,ITPKC,t1_cns,1,0
CHEMBL413965,-4.617,2,0.0,0.0,8.24,0,,ITPKC,t1_cns,1,0
CHEMBL415,-3.506,3,0.0,0.0,37.4,0,,ITPKC,t1_cns,1,0
CHEMBL416956,-5.957,2,0.0,0.0,18.42,0,,ITPKC,t1_cns,1,0
CHEMBL418995,-3.758,2,0.0,0.0,71.18,0,,ITPKC,t1_cns,1,0
CHEMBL42,-5.92,3,0.0,0.0,5.92,0,,ITPKC,t1_cns,1,0
CHEMBL422,-5.869,2,0.0,0.0,19.64,0,,ITPKC,t1_cns,1,0
CHEMBL423,-4.711,2,0.0,0.0,23.45,0,,ITPKC,t1_cns,1,0
CHEMBL429,-4.728,2,0.0,0.0,29.36,0,,ITPKC,t1_cns,1,0
CHEMBL4297526,-5.225,1,0.0,0.0,18.25,0,,ITPKC,t1_cns,1,0
CHEMBL4297590,-6.09,3,0.0,0.0,28.4,0,,ITPKC,t1_cns,1,0
CHEMBL4297620,-4.542,2,0.0,0.0,10.34,0,,ITPKC,t1_cns,1,0
CHEMBL4303525,-6.73,3,0.0,0.0,29.12,0,,ITPKC,t1_cns,1,0
CHEMBL43064,-5.773,2,0.0,0.0,27.4,0,,ITPKC,t1_cns,1,0
CHEMBL431770,-5.53,3,0.0,0.0,16.89,0,,ITPKC,t1_cns,1,0
CHEMBL434394,-6.921,3,0.0,0.0,33.57,0,,ITPKC,t1_cns,1,0
CHEMBL439849,-5.409,1,0.0,0.0,40.52,0,,ITPKC,t1_cns,1,0
CHEMBL440,-4.207,3,0.0,0.0,8.81,0,,ITPKC,t1_cns,1,0
CHEMBL441,-4.511,3,0.0,0.0,6.93,0,,ITPKC,t1_cns,1,0
CHEMBL442,-6.924,3,0.0,0.0,59.66,0,,ITPKC,t1_cns,1,0
CHEMBL444,-4.03,3,0.0,0.0,4.4,0,,ITPKC,t1_cns,1,0
CHEMBL445,-3.88,2,0.0,0.0,25.89,0,,ITPKC,t1_cns,1,0
CHEMBL447,-4.152,2,0.0,0.0,9.44,0,,ITPKC,t1_cns,1,0
CHEMBL448,-4.267,3,0.0,0.0,6.88,0,,ITPKC,t1_cns,1,0
CHEMBL45,-4.736,3,0.0,0.0,10.14,0,,ITPKC,t1_cns,1,0
CHEMBL450,-4.245,3,0.0,0.0,5.41,0,,ITPKC,t1_cns,1,0
CHEMBL45029,-4.83,3,0.0,0.0,6.42,0,,ITPKC,t1_cns,1,0
CHEMBL451,-4.637,3,0.0,0.0,24.49,0,,ITPKC,t1_cns,1,0
CHEMBL452,-4.408,3,0.0,0.0,28.53,0,,ITPKC,t1_cns,1,0
CHEMBL454,-4.6,3,0.0,0.0,8.32,0,,ITPKC,t1_cns,1,0
CHEMBL455917,-3.109,3,0.0,0.0,4.01,0,,ITPKC,t1_cns,1,0
CHEMBL45816,-3.948,2,0.0,0.0,68.68,0,,ITPKC,t1_cns,1,0
CHEMBL459,-5.108,2,0.0,0.0,12.93,0,,ITPKC,t1_cns,1,0
CHEMBL46,-5.202,3,0.0,0.0,9.24,0,,ITPKC,t1_cns,1,0
CHEMBL460,-4.764,3,0.0,0.0,8.19,0,,ITPKC,t1_cns,1,0
CHEMBL461522,-4.433,3,0.0,0.0,12.73,0,,ITPKC,t1_cns,1,0
CHEMBL462605,-3.757,3,0.0,0.0,18.34,0,,ITPKC,t1_cns,1,0
CHEMBL465,-5.544,1,0.0,0.0,11.89,0,,ITPKC,t1_cns,1,0
CHEMBL465026,-3.765,3,0.0,0.0,20.22,0,,ITPKC,t1_cns,1,0
CHEMBL46516,-6.052,3,0.0,0.0,38.95,0,,ITPKC,t1_cns,1,0
CHEMBL468837,-3.969,3,0.0,0.0,24.67,0,,ITPKC,t1_cns,1,0
CHEMBL469,-5.011,3,0.0,0.0,11.66,0,,ITPKC,t1_cns,1,0
CHEMBL46917,-4.126,2,0.0,0.0,8.79,0,,ITPKC,t1_cns,1,0
CHEMBL471,-4.624,2,0.0,0.0,14.39,0,,ITPKC,t1_cns,1,0
CHEMBL471737,-3.653,2,0.0,0.0,111.64,0,,ITPKC,t1_cns,1,0
CHEMBL473,-4.367,3,0.0,0.0,46.82,0,,ITPKC,t1_cns,1,0
CHEMBL477,-5.299,3,0.0,0.0,11.33,0,,ITPKC,t1_cns,1,0
CHEMBL479,-5.089,3,0.0,0.0,17.62,0,,ITPKC,t1_cns,1,0
CHEMBL485,-5.293,3,0.0,0.0,8.05,0,,ITPKC,t1_cns,1,0
CHEMBL488093,-4.246,3,0.0,0.0,25.99,0,,ITPKC,t1_cns,1,0
CHEMBL49,-5.087,3,0.0,0.0,26.86,0,,ITPKC,t1_cns,1,0
CHEMBL490,-5.494,1,0.0,0.0,19.2,0,,ITPKC,t1_cns,1,0
CHEMBL493,-7.026,2,0.0,0.0,58.41,0,,ITPKC,t1_cns,1,0
CHEMBL493287,-4.018,3,0.0,0.0,8.51,0,,ITPKC,t1_cns,1,0
CHEMBL496,-5.254,2,0.0,0.0,11.94,0,,ITPKC,t1_cns,1,0
CHEMBL498847,-3.86,3,0.0,0.0,10.01,0,,ITPKC,t1_cns,1,0
CHEMBL499,-4.434,3,0.0,0.0,22.38,0,,ITPKC,t1_cns,1,0
CHEMBL500,-4.973,3,0.0,0.0,14.19,0,,ITPKC,t1_cns,1,0
CHEMBL502,-4.86,3,0.0,0.0,22.86,0,,ITPKC,t1_cns,1,0
CHEMBL503565,-4.6,3,0.0,0.0,6.85,0,,ITPKC,t1_cns,1,0
CHEMBL51,-6.178,3,0.0,0.0,24.98,0,,ITPKC,t1_cns,1,0
CHEMBL516,-5.852,3,0.0,0.0,5.63,0,,ITPKC,t1_cns,1,0
CHEMBL517,-4.84,3,0.0,0.0,25.24,0,,ITPKC,t1_cns,1,0
CHEMBL517712,-4.621,3,0.0,0.0,14.62,0,,ITPKC,t1_cns,1,0
CHEMBL521,-4.458,2,0.0,0.0,7.69,0,,ITPKC,t1_cns,1,0
CHEMBL521606,-5.224,2,0.0,0.0,19.0,0,,ITPKC,t1_cns,1,0
CHEMBL524,-4.157,3,0.0,0.0,8.1,0,,ITPKC,t1_cns,1,0
CHEMBL524004,-5.281,2,0.0,0.0,16.98,0,,ITPKC,t1_cns,1,0
CHEMBL52440,-5.171,3,0.0,0.0,4.98,0,,ITPKC,t1_cns,1,0
CHEMBL526,-4.004,2,0.0,0.0,5.69,0,,ITPKC,t1_cns,1,0
CHEMBL531,-4.582,2,0.0,0.0,10.18,0,,ITPKC,t1_cns,1,0
CHEMBL533,-4.045,2,0.0,0.0,37.07,0,,ITPKC,t1_cns,1,0
CHEMBL534,-4.137,3,0.0,0.0,17.51,0,,ITPKC,t1_cns,1,0
CHEMBL54,-5.041,3,0.0,0.0,14.67,0,,ITPKC,t1_cns,1,0
CHEMBL54349,-4.563,2,0.0,0.0,23.45,0,,ITPKC,t1_cns,1,0
CHEMBL546,-4.307,3,0.0,0.0,18.36,0,,ITPKC,t1_cns,1,0
CHEMBL549,-4.991,2,0.0,0.0,15.84,0,,ITPKC,t1_cns,1,0
CHEMBL54976,-4.672,3,0.0,0.0,8.96,0,,ITPKC,t1_cns,1,0
CHEMBL550,-3.934,3,0.0,0.0,9.76,0,,ITPKC,t1_cns,1,0
CHEMBL558,-4.25,3,0.0,0.0,9.01,0,,ITPKC,t1_cns,1,0
CHEMBL56367,-4.789,2,0.0,0.0,16.99,0,,ITPKC,t1_cns,1,0
CHEMBL564,-4.014,3,0.0,0.0,14.28,0,,ITPKC,t1_cns,1,0
CHEMBL56564,-5.313,3,0.0,0.0,11.38,0,,ITPKC,t1_cns,1,0
CHEMBL567,-5.072,3,0.0,0.0,21.0,0,,ITPKC,t1_cns,1,0
CHEMBL568,-4.675,2,0.0,0.0,23.61,0,,ITPKC,t1_cns,1,0
CHEMBL569,-3.816,3,0.0,0.0,13.32,0,,ITPKC,t1_cns,1,0
CHEMBL569713,-5.549,3,0.0,0.0,16.73,0,,ITPKC,t1_cns,1,0
CHEMBL570,-4.994,2,0.0,0.0,17.39,0,,ITPKC,t1_cns,1,0
CHEMBL580,-4.694,2,0.0,0.0,27.37,0,,ITPKC,t1_cns,1,0
CHEMBL58323,-4.183,2,0.0,0.0,16.87,0,,ITPKC,t1_cns,1,0
CHEMBL585,-5.523,2,0.0,0.0,11.41,0,,ITPKC,t1_cns,1,0
CHEMBL588,-4.51,2,0.0,0.0,35.35,0,,ITPKC,t1_cns,1,0
CHEMBL589,-4.095,3,0.0,0.0,14.61,0,,ITPKC,t1_cns,1,0
CHEMBL59,-4.281,3,0.0,0.0,9.73,0,,ITPKC,t1_cns,1,0
CHEMBL591,-3.234,3,0.0,0.0,5.92,0,,ITPKC,t1_cns,1,0
CHEMBL594,-2.972,3,0.0,0.0,38.73,0,,ITPKC,t1_cns,1,0
CHEMBL596,-5.563,3,0.0,0.0,20.56,0,,ITPKC,t1_cns,1,0
CHEMBL597,-5.586,3,0.0,0.0,14.06,0,,ITPKC,t1_cns,1,0
CHEMBL607,-4.27,3,0.0,0.0,9.56,0,,ITPKC,t1_cns,1,0
CHEMBL607400,-4.075,3,0.0,0.0,8.42,0,,ITPKC,t1_cns,1,0
CHEMBL611,-5.59,2,0.0,0.0,17.72,0,,ITPKC,t1_cns,1,0
CHEMBL612,-3.683,3,0.0,0.0,4.58,0,,ITPKC,t1_cns,1,0
CHEMBL61593,-5.475,3,0.0,0.0,13.71,0,,ITPKC,t1_cns,1,0
CHEMBL620,-5.532,1,0.0,0.0,18.7,0,,ITPKC,t1_cns,1,0
CHEMBL621,-5.669,2,0.0,0.0,22.74,0,,ITPKC,t1_cns,1,0
CHEMBL623,-4.579,2,0.0,0.0,54.7,0,,ITPKC,t1_cns,1,0
CHEMBL628,-4.194,3,0.0,0.0,9.89,0,,ITPKC,t1_cns,1,0
CHEMBL629,-3.944,3,0.0,0.0,31.43,0,,ITPKC,t1_cns,1,0
CHEMBL633,-4.9,2,0.0,0.0,42.04,0,,ITPKC,t1_cns,1,0
CHEMBL636,-3.913,2,0.0,0.0,14.05,0,,ITPKC,t1_cns,1,0
CHEMBL637,-4.682,2,0.0,0.0,14.26,0,,ITPKC,t1_cns,1,0
CHEMBL639,-4.057,2,0.0,0.0,51.52,0,,ITPKC,t1_cns,1,0
CHEMBL640,-4.126,3,0.0,0.0,12.7,0,,ITPKC,t1_cns,1,0
CHEMBL641,-4.622,3,0.0,0.0,12.89,0,,ITPKC,t1_cns,1,0
CHEMBL642,-4.587,3,0.0,0.0,36.06,0,,ITPKC,t1_cns,1,0
CHEMBL643,-4.371,3,0.0,0.0,10.53,0,,ITPKC,t1_cns,1,0
CHEMBL6437,-5.26,3,0.0,0.0,4.72,0,,ITPKC,t1_cns,1,0
CHEMBL644,-3.337,3,0.0,0.0,32.07,0,,ITPKC,t1_cns,1,0
CHEMBL645,-4.124,2,0.0,0.0,31.85,0,,ITPKC,t1_cns,1,0
CHEMBL646,-5.697,2,0.0,0.0,8.97,0,,ITPKC,t1_cns,1,0
CHEMBL647,-4.529,3,0.0,0.0,6.42,0,,ITPKC,t1_cns,1,0
CHEMBL648,-4.761,2,0.0,0.0,10.81,0,,ITPKC,t1_cns,1,0
CHEMBL651,-4.31,2,0.0,0.0,15.77,0,,ITPKC,t1_cns,1,0
CHEMBL652,-6.198,1,0.0,0.0,25.68,0,,ITPKC,t1_cns,1,0
CHEMBL654,-5.251,3,0.0,0.0,4.28,0,,ITPKC,t1_cns,1,0
CHEMBL655,-5.869,2,0.0,0.0,7.44,0,,ITPKC,t1_cns,1,0
CHEMBL656,-5.329,3,0.0,0.0,6.26,0,,ITPKC,t1_cns,1,0
CHEMBL657,-4.207,2,0.0,0.0,10.43,0,,ITPKC,t1_cns,1,0
CHEMBL658,-4.867,3,0.0,0.0,23.51,0,,ITPKC,t1_cns,1,0
CHEMBL659,-4.114,2,0.0,0.0,18.7,0,,ITPKC,t1_cns,1,0
CHEMBL660,-3.789,3,0.0,0.0,3.0,0,,ITPKC,t1_cns,1,0
CHEMBL661,-5.716,2,0.0,0.0,6.14,0,,ITPKC,t1_cns,1,0
CHEMBL667,-2.736,2,0.0,0.0,4.31,0,,ITPKC,t1_cns,1,0
CHEMBL668,-5.061,3,0.0,0.0,8.4,0,,ITPKC,t1_cns,1,0
CHEMBL669,-5.142,3,0.0,0.0,11.51,0,,ITPKC,t1_cns,1,0
CHEMBL673,-3.692,3,0.0,0.0,6.76,0,,ITPKC,t1_cns,1,0
CHEMBL679,-4.634,3,0.0,0.0,10.48,0,,ITPKC,t1_cns,1,0
CHEMBL681,-4.563,2,0.0,0.0,13.7,0,,ITPKC,t1_cns,1,0
CHEMBL682,-5.295,3,0.0,0.0,21.38,0,,ITPKC,t1_cns,1,0
CHEMBL695,-3.347,2,0.0,0.0,4.01,0,,ITPKC,t1_cns,1,0
CHEMBL696,-3.551,3,0.0,0.0,3.83,0,,ITPKC,t1_cns,1,0
CHEMBL6966,-3.972,2,0.0,0.0,55.77,0,,ITPKC,t1_cns,1,0
CHEMBL697,-4.456,3,0.0,0.0,5.44,0,,ITPKC,t1_cns,1,0
CHEMBL698,-4.183,2,0.0,0.0,18.91,0,,ITPKC,t1_cns,1,0
CHEMBL6995,-4.67,2,0.0,0.0,18.86,0,,ITPKC,t1_cns,1,0
CHEMBL70,-5.466,3,0.0,0.0,8.08,0,,ITPKC,t1_cns,1,0
CHEMBL701,-4.847,2,0.0,0.0,10.32,0,,ITPKC,t1_cns,1,0
CHEMBL70246,-4.57,3,0.0,0.0,11.5,0,,ITPKC,t1_cns,1,0
CHEMBL70418,-4.071,3,0.0,0.0,26.16,0,,ITPKC,t1_cns,1,0
CHEMBL707,-6.225,3,0.0,0.0,24.64,0,,ITPKC,t1_cns,1,0
CHEMBL708,-6.547,3,0.0,0.0,27.32,0,,ITPKC,t1_cns,1,0
CHEMBL709,-5.608,3,0.0,0.0,32.08,0,,ITPKC,t1_cns,1,0
CHEMBL71,-4.48,3,0.0,0.0,10.73,0,,ITPKC,t1_cns,1,0
CHEMBL714,-4.975,3,0.0,0.0,12.99,0,,ITPKC,t1_cns,1,0
CHEMBL715,-5.448,3,0.0,0.0,6.02,0,,ITPKC,t1_cns,1,0
CHEMBL716,-5.425,2,0.0,0.0,18.15,0,,ITPKC,t1_cns,1,0
CHEMBL71752,-5.161,2,0.0,0.0,13.11,0,,ITPKC,t1_cns,1,0
CHEMBL72,-3.386,3,0.0,0.0,29.01,0,,ITPKC,t1_cns,1,0
CHEMBL723,-4.592,3,0.0,0.0,40.15,0,,ITPKC,t1_cns,1,0
CHEMBL726,-6.352,2,0.0,0.0,25.47,0,,ITPKC,t1_cns,1,0
CHEMBL728,-5.063,3,0.0,0.0,13.91,0,,ITPKC,t1_cns,1,0
CHEMBL73234,-3.707,3,0.0,0.0,24.18,0,,ITPKC,t1_cns,1,0
CHEMBL741,-5.196,3,0.0,0.0,6.74,0,,ITPKC,t1_cns,1,0
CHEMBL742,-4.175,2,0.0,0.0,5.35,0,,ITPKC,t1_cns,1,0
CHEMBL744,-4.428,1,0.0,0.0,7.39,0,,ITPKC,t1_cns,1,0
CHEMBL746,-5.155,3,0.0,0.0,15.35,0,,ITPKC,t1_cns,1,0
CHEMBL750,-4.348,3,0.0,0.0,7.75,0,,ITPKC,t1_cns,1,0
CHEMBL753,-3.979,2,0.0,0.0,18.79,0,,ITPKC,t1_cns,1,0
CHEMBL761,-4.894,3,0.0,0.0,7.62,0,,ITPKC,t1_cns,1,0
CHEMBL762,-4.559,3,0.0,0.0,10.63,0,,ITPKC,t1_cns,1,0
CHEMBL76370,-5.387,3,0.0,0.0,22.17,0,,ITPKC,t1_cns,1,0
CHEMBL765,-2.958,2,0.0,0.0,25.53,0,,ITPKC,t1_cns,1,0
CHEMBL768,-4.267,2,0.0,0.0,31.45,0,,ITPKC,t1_cns,1,0
CHEMBL770,-3.94,3,0.0,0.0,5.64,0,,ITPKC,t1_cns,1,0
CHEMBL772,-5.96,3,0.0,0.0,66.44,0,,ITPKC,t1_cns,1,0
CHEMBL776,-4.467,3,0.0,0.0,11.52,0,,ITPKC,t1_cns,1,0
CHEMBL778,-4.231,2,0.0,0.0,6.86,0,,ITPKC,t1_cns,1,0
CHEMBL7863,-4.293,3,0.0,0.0,6.94,0,,ITPKC,t1_cns,1,0
CHEMBL79,-3.981,3,0.0,0.0,9.45,0,,ITPKC,t1_cns,1,0
CHEMBL796,-4.248,3,0.0,0.0,8.35,0,,ITPKC,t1_cns,1,0
CHEMBL797,-4.344,3,0.0,0.0,5.6,0,,ITPKC,t1_cns,1,0
CHEMBL80,-5.357,2,0.0,0.0,9.97,0,,ITPKC,t1_cns,1,0
CHEMBL807,-4.399,3,0.0,0.0,4.22,0,,ITPKC,t1_cns,1,0
CHEMBL809,-5.074,3,0.0,0.0,9.82,0,,ITPKC,t1_cns,1,0
CHEMBL811,-4.264,3,0.0,0.0,10.62,0,,ITPKC,t1_cns,1,0
CHEMBL814,-4.707,3,0.0,0.0,22.15,0,,ITPKC,t1_cns,1,0
CHEMBL827,-4.719,2,0.0,0.0,9.56,0,,ITPKC,t1_cns,1,0
CHEMBL83063,-4.495,1,0.0,0.0,19.67,0,,ITPKC,t1_cns,1,0
CHEMBL831,-6.43,2,0.0,0.0,5.52,0,,ITPKC,t1_cns,1,0
CHEMBL836,-5.317,3,0.0,0.0,34.76,0,,ITPKC,t1_cns,1,0
CHEMBL839,-5.276,3,0.0,0.0,15.73,0,,ITPKC,t1_cns,1,0
CHEMBL841,-5.944,3,0.0,0.0,38.16,0,,ITPKC,t1_cns,1,0
CHEMBL844,-4.698,3,0.0,0.0,5.17,0,,ITPKC,t1_cns,1,0
CHEMBL85,-6.445,2,0.0,0.0,18.2,0,,ITPKC,t1_cns,1,0
CHEMBL85231,-3.956,3,0.0,0.0,14.13,0,,ITPKC,t1_cns,1,0
CHEMBL855,-5.312,2,0.0,0.0,12.27,0,,ITPKC,t1_cns,1,0
CHEMBL856,-4.38,2,0.0,0.0,6.1,0,,ITPKC,t1_cns,1,0
CHEMBL86,-4.342,3,0.0,0.0,18.17,0,,ITPKC,t1_cns,1,0
CHEMBL861,-4.46,2,0.0,0.0,6.66,0,,ITPKC,t1_cns,1,0
CHEMBL862,-5.312,3,0.0,0.0,9.61,0,,ITPKC,t1_cns,1,0
CHEMBL86304,-4.463,2,0.0,0.0,11.52,0,,ITPKC,t1_cns,1,0
CHEMBL864,-4.235,3,0.0,0.0,21.38,0,,ITPKC,t1_cns,1,0
CHEMBL86715,-4.843,3,0.0,0.0,15.29,0,,ITPKC,t1_cns,1,0
CHEMBL87493,-4.547,3,0.0,0.0,9.86,0,,ITPKC,t1_cns,1,0
CHEMBL87708,-4.273,3,0.0,0.0,75.93,0,,ITPKC,t1_cns,1,0
CHEMBL887,-4.079,3,0.0,0.0,5.23,0,,ITPKC,t1_cns,1,0
CHEMBL894,-4.24,2,0.0,0.0,9.5,0,,ITPKC,t1_cns,1,0
CHEMBL895,-5.841,2,0.0,0.0,12.71,0,,ITPKC,t1_cns,1,0
CHEMBL89598,-4.075,2,0.0,0.0,7.5,0,,ITPKC,t1_cns,1,0
CHEMBL896,-5.135,3,0.0,0.0,27.41,0,,ITPKC,t1_cns,1,0
CHEMBL898,-5.324,3,0.0,0.0,9.21,0,,ITPKC,t1_cns,1,0
CHEMBL90,-3.344,3,0.0,0.0,4.86,0,,ITPKC,t1_cns,1,0
CHEMBL900,-4.297,2,0.0,0.0,13.99,0,,ITPKC,t1_cns,1,0
CHEMBL902,-4.968,3,0.0,0.0,20.5,0,,ITPKC,t1_cns,1,0
CHEMBL905,-4.817,2,0.0,0.0,11.11,0,,ITPKC,t1_cns,1,0
CHEMBL908,-4.935,2,0.0,0.0,8.51,0,,ITPKC,t1_cns,1,0
CHEMBL911,-5.012,2,0.0,0.0,10.05,0,,ITPKC,t1_cns,1,0
CHEMBL91397,-4.936,3,0.0,0.0,40.16,0,,ITPKC,t1_cns,1,0
CHEMBL914,-5.234,2,0.0,0.0,53.07,0,,ITPKC,t1_cns,1,0
CHEMBL918,-4.434,3,0.0,0.0,3.55,0,,ITPKC,t1_cns,1,0
CHEMBL920,-3.047,1,0.0,0.0,2.25,0,,ITPKC,t1_cns,1,0
CHEMBL92401,-4.036,2,0.0,0.0,3.74,0,,ITPKC,t1_cns,1,0
CHEMBL926,-4.211,2,0.0,0.0,11.75,0,,ITPKC,t1_cns,1,0
CHEMBL931,-2.884,2,0.0,0.0,1.66,0,,ITPKC,t1_cns,1,0
CHEMBL936,-4.674,3,0.0,0.0,19.35,0,,ITPKC,t1_cns,1,0
CHEMBL94,-5.429,3,0.0,0.0,8.59,0,,ITPKC,t1_cns,1,0
CHEMBL940,-4.035,3,0.0,0.0,6.71,0,,ITPKC,t1_cns,1,0
CHEMBL94454,-6.82,3,0.0,0.0,29.85,0,,ITPKC,t1_cns,1,0
CHEMBL945,-5.569,2,0.0,0.0,8.03,0,,ITPKC,t1_cns,1,0
CHEMBL946,-3.997,2,0.0,0.0,21.49,0,,ITPKC,t1_cns,1,0
CHEMBL95,-4.607,3,0.0,0.0,4.66,0,,ITPKC,t1_cns,1,0
CHEMBL953,-4.586,3,0.0,0.0,14.27,0,,ITPKC,t1_cns,1,0
CHEMBL963,-5.537,2,0.0,0.0,5.74,0,,ITPKC,t1_cns,1,0
CHEMBL967,-4.437,3,0.0,0.0,20.31,0,,ITPKC,t1_cns,1,0
CHEMBL968,-3.561,3,0.0,0.0,50.08,0,,ITPKC,t1_cns,1,0
CHEMBL969,-4.277,2,0.0,0.0,24.38,0,,ITPKC,t1_cns,1,0
CHEMBL970,-4.427,2,0.0,0.0,20.58,0,,ITPKC,t1_cns,1,0
CHEMBL972,-3.72,3,0.0,0.0,3.5,0,,ITPKC,t1_cns,1,0
CHEMBL978,-3.131,2,0.0,0.0,2.36,0,,ITPKC,t1_cns,1,0
CHEMBL979,-4.358,2,0.0,0.0,4.42,0,,ITPKC,t1_cns,1,0
CHEMBL982,-5.358,2,0.0,0.0,4.31,0,,ITPKC,t1_cns,1,0
CHEMBL9967,-5.953,1,0.0,0.0,5.18,0,,ITPKC,t1_cns,1,0
CHEMBL998,-4.226,2,0.0,0.0,14.93,0,,ITPKC,t1_cns,1,0
CHEMBL99946,-4.552,3,0.0,0.0,4.55,0,,ITPKC,t1_cns,1,0
CHEMBL1000,-6.769,2,0.0,0.0,32.42,0,,MAPK14,t1_cns,1,0
CHEMBL100116,-7.219,3,0.0,0.0,9.32,0,,MAPK14,t1_cns,1,0
CHEMBL1004,-5.533,3,0.0,0.0,14.41,0,,MAPK14,t1_cns,1,0
CHEMBL1005,-5.333,1,0.0,0.0,29.95,0,,MAPK14,t1_cns,1,0
CHEMBL1008,-5.787,2,0.0,0.0,36.28,0,,MAPK14,t1_cns,1,0
CHEMBL1009,-5.92,2,0.0,0.0,13.63,0,,MAPK14,t1_cns,1,0
CHEMBL1027,-5.873,2,0.0,0.0,32.6,0,,MAPK14,t1_cns,1,0
CHEMBL1037,-6.801,1,0.0,0.0,9.55,0,,MAPK14,t1_cns,1,0
CHEMBL1059,-4.933,2,0.0,0.0,10.67,0,,MAPK14,t1_cns,1,0
CHEMBL1065,-7.293,2,0.0,0.0,19.12,0,,MAPK14,t1_cns,1,0
CHEMBL1068,-4.365,3,0.0,0.0,22.96,0,,MAPK14,t1_cns,1,0
CHEMBL1076903,-7.676,3,0.0,0.0,5.5,0,,MAPK14,t1_cns,1,0
CHEMBL1077896,-6.587,2,0.0,0.0,13.92,0,,MAPK14,t1_cns,1,0
CHEMBL1078261,-5.928,2,0.0,0.0,25.25,0,,MAPK14,t1_cns,1,0
CHEMBL1079,-6.339,1,0.0,0.0,8.74,0,,MAPK14,t1_cns,1,0
CHEMBL1079604,-6.882,3,0.0,0.0,10.79,0,,MAPK14,t1_cns,1,0
CHEMBL108,-8.222,3,0.0,0.0,5.95,0,,MAPK14,t1_cns,1,0
CHEMBL1083659,-6.054,2,0.0,0.0,80.01,0,,MAPK14,t1_cns,1,0
CHEMBL1085,-6.59,3,0.0,0.0,47.78,0,,MAPK14,t1_cns,1,0
CHEMBL1087,-7.04,2,0.0,0.0,13.38,0,,MAPK14,t1_cns,1,0
CHEMBL10878,-7.369,2,0.0,0.0,12.45,0,,MAPK14,t1_cns,1,0
CHEMBL1088,-6.346,2,0.0,0.0,21.41,0,,MAPK14,t1_cns,1,0
CHEMBL1089,-5.724,1,0.0,0.0,8.25,0,,MAPK14,t1_cns,1,0
CHEMBL1089221,-6.898,2,0.0,0.0,24.17,0,,MAPK14,t1_cns,1,0
CHEMBL109,-4.794,2,0.0,0.0,12.62,0,,MAPK14,t1_cns,1,0
CHEMBL1093,-5.393,3,0.0,0.0,19.44,0,,MAPK14,t1_cns,1,0
CHEMBL1094,-6.314,2,0.0,0.0,17.93,0,,MAPK14,t1_cns,1,0
CHEMBL1095,-6.012,2,0.0,0.0,8.73,0,,MAPK14,t1_cns,1,0
CHEMBL1095777,-8.573,3,0.0,0.0,32.88,0,,MAPK14,t1_cns,1,0
CHEMBL1096,-7.441,3,0.0,0.0,12.39,0,,MAPK14,t1_cns,1,0
CHEMBL1098,-6.992,3,0.0,0.0,14.74,0,,MAPK14,t1_cns,1,0
CHEMBL11,-4.124,3,0.0,0.0,33.41,0,,MAPK14,t1_cns,1,0
CHEMBL1100,-5.316,2,0.0,0.0,4.85,0,,MAPK14,t1_cns,1,0
CHEMBL1101,-6.828,2,0.0,0.0,18.32,0,,MAPK14,t1_cns,1,0
CHEMBL1102,-5.841,3,0.0,0.0,7.01,0,,MAPK14,t1_cns,1,0
CHEMBL1104,-6.021,2,0.0,0.0,5.95,0,,MAPK14,t1_cns,1,0
CHEMBL1106,-6.656,3,0.0,0.0,6.95,0,,MAPK14,t1_cns,1,0
CHEMBL1108,-7.858,1,0.0,0.0,35.79,0,,MAPK14,t1_cns,1,0
CHEMBL111,-7.739,2,0.0,0.0,24.69,0,,MAPK14,t1_cns,1,0
CHEMBL1110,-6.643,3,0.0,0.0,13.9,0,,MAPK14,t1_cns,1,0
CHEMBL1112,-7.783,3,0.0,0.0,44.28,0,,MAPK14,t1_cns,1,0
CHEMBL1113,-6.517,3,0.0,0.0,7.4,0,,MAPK14,t1_cns,1,0
CHEMBL1115,-5.192,3,0.0,0.0,6.01,0,,MAPK14,t1_cns,1,0
CHEMBL1118,-5.31,2,0.0,0.0,12.24,0,,MAPK14,t1_cns,1,0
CHEMBL112,-5.75,3,0.0,0.0,5.69,0,,MAPK14,t1_cns,1,0
CHEMBL113,-5.776,2,0.0,0.0,5.25,0,,MAPK14,t1_cns,1,0
CHEMBL1165342,-5.847,2,0.0,0.0,12.65,0,,MAPK14,t1_cns,1,0
CHEMBL1172,-4.832,2,0.0,0.0,25.41,0,,MAPK14,t1_cns,1,0
CHEMBL117287,-7.464,2,0.0,0.0,23.14,0,,MAPK14,t1_cns,1,0
CHEMBL1175,-6.533,2,0.0,0.0,17.31,0,,MAPK14,t1_cns,1,0
CHEMBL1177,-6.314,1,0.0,0.0,8.93,0,,MAPK14,t1_cns,1,0
CHEMBL117785,-6.073,2,0.0,0.0,11.45,0,,MAPK14,t1_cns,1,0
CHEMBL1179047,-5.908,1,0.0,0.0,17.33,0,,MAPK14,t1_cns,1,0
CHEMBL118,-7.31,1,0.0,0.0,19.01,0,,MAPK14,t1_cns,1,0
CHEMBL1180725,-7.662,1,0.0,0.0,26.47,0,,MAPK14,t1_cns,1,0
CHEMBL1185,-6.721,2,0.0,0.0,20.67,0,,MAPK14,t1_cns,1,0
CHEMBL1186579,-5.737,2,0.0,0.0,15.99,0,,MAPK14,t1_cns,1,0
CHEMBL1186610,-6.068,2,0.0,0.0,19.22,0,,MAPK14,t1_cns,1,0
CHEMBL1187833,-8.358,3,0.0,0.0,43.59,0,,MAPK14,t1_cns,1,0
CHEMBL1189432,-6.005,3,0.0,0.0,19.35,0,,MAPK14,t1_cns,1,0
CHEMBL1189679,-8.843,2,0.0,0.0,10.78,0,,MAPK14,t1_cns,1,0
CHEMBL1190,-5.258,2,0.0,0.0,22.72,0,,MAPK14,t1_cns,1,0
CHEMBL1193,-5.064,2,0.0,0.0,11.33,0,,MAPK14,t1_cns,1,0
CHEMBL1194,-6.165,3,0.0,0.0,11.63,0,,MAPK14,t1_cns,1,0
CHEMBL1194325,-7.353,3,0.0,0.0,50.9,0,,MAPK14,t1_cns,1,0
CHEMBL1195,-5.973,3,0.0,0.0,29.24,0,,MAPK14,t1_cns,1,0
CHEMBL1197,-6.88,2,0.0,0.0,17.31,0,,MAPK14,t1_cns,1,0
CHEMBL1198857,-6.687,2,0.0,0.0,106.46,0,,MAPK14,t1_cns,1,0
CHEMBL1199080,-5.709,2,0.0,0.0,6.64,0,,MAPK14,t1_cns,1,0
CHEMBL1199307,-5.909,2,0.0,0.0,62.85,0,,MAPK14,t1_cns,1,0
CHEMBL12,-4.622,2,0.0,0.0,24.68,0,,MAPK14,t1_cns,1,0
CHEMBL1200338,-7.497,2,0.0,0.0,12.78,0,,MAPK14,t1_cns,1,0
CHEMBL1200406,-5.39,2,0.0,0.0,13.9,0,,MAPK14,t1_cns,1,0
CHEMBL1200472,-4.615,3,0.0,0.0,48.54,0,,MAPK14,t1_cns,1,0
CHEMBL1200596,-6.477,3,0.0,0.0,7.07,0,,MAPK14,t1_cns,1,0
CHEMBL1200604,-6.116,1,0.0,0.0,19.94,0,,MAPK14,t1_cns,1,0
CHEMBL1200694,-5.659,2,0.0,0.0,9.37,0,,MAPK14,t1_cns,1,0
CHEMBL1200714,-5.179,2,0.0,0.0,9.58,0,,MAPK14,t1_cns,1,0
CHEMBL1200748,-6.32,2,0.0,0.0,17.68,0,,MAPK14,t1_cns,1,0
CHEMBL1200790,-6.099,2,0.0,0.0,7.99,0,,MAPK14,t1_cns,1,0
CHEMBL1200802,-6.759,3,0.0,0.0,11.16,0,,MAPK14,t1_cns,1,0
CHEMBL1200922,-5.959,2,0.0,0.0,17.28,0,,MAPK14,t1_cns,1,0
CHEMBL1201,-6.408,2,0.0,0.0,29.63,0,,MAPK14,t1_cns,1,0
CHEMBL1201087,-6.454,2,0.0,0.0,47.25,0,,MAPK14,t1_cns,1,0
CHEMBL1201168,-8.394,1,0.0,0.0,10.51,0,,MAPK14,t1_cns,1,0
CHEMBL1201191,-5.757,2,0.0,0.0,33.95,0,,MAPK14,t1_cns,1,0
CHEMBL1201192,-5.521,2,0.0,0.0,14.29,0,,MAPK14,t1_cns,1,0
CHEMBL1201201,-5.538,2,0.0,0.0,8.04,0,,MAPK14,t1_cns,1,0
CHEMBL1201206,-5.678,3,0.0,0.0,60.05,0,,MAPK14,t1_cns,1,0
CHEMBL1201210,-5.327,1,0.0,0.0,17.3,0,,MAPK14,t1_cns,1,0
CHEMBL1201212,-5.748,3,0.0,0.0,18.73,0,,MAPK14,t1_cns,1,0
CHEMBL1201213,-6.242,2,0.0,0.0,16.08,0,,MAPK14,t1_cns,1,0
CHEMBL1201216,-7.733,1,0.0,0.0,15.21,0,,MAPK14,t1_cns,1,0
CHEMBL1201217,-7.441,2,0.0,0.0,20.14,0,,MAPK14,t1_cns,1,0
CHEMBL1201219,-7.041,1,0.0,0.0,48.09,0,,MAPK14,t1_cns,1,0
CHEMBL1201222,-6.716,2,0.0,0.0,24.73,0,,MAPK14,t1_cns,1,0
CHEMBL1201229,-6.21,2,0.0,0.0,166.62,0,,MAPK14,t1_cns,1,0
CHEMBL1201234,-6.02,3,0.0,0.0,6.86,0,,MAPK14,t1_cns,1,0
CHEMBL1201237,-7.098,2,0.0,0.0,23.81,0,,MAPK14,t1_cns,1,0
CHEMBL1201244,-6.651,1,0.0,0.0,41.59,0,,MAPK14,t1_cns,1,0
CHEMBL1201256,-6.507,3,0.0,0.0,34.13,0,,MAPK14,t1_cns,1,0
CHEMBL1201264,-5.366,1,0.0,0.0,26.03,0,,MAPK14,t1_cns,1,0
CHEMBL1201266,-6.338,2,0.0,0.0,19.45,0,,MAPK14,t1_cns,1,0
CHEMBL1201271,-8.457,2,0.0,0.0,37.81,0,,MAPK14,t1_cns,1,0
CHEMBL1201274,-6.176,2,0.0,0.0,36.78,0,,MAPK14,t1_cns,1,0
CHEMBL1201284,-9.825,2,0.0,0.0,32.17,0,,MAPK14,t1_cns,1,0
CHEMBL1201288,-6.999,1,0.0,0.0,14.28,0,,MAPK14,t1_cns,1,0
CHEMBL1201293,-5.13,3,0.0,0.0,9.72,0,,MAPK14,t1_cns,1,0
CHEMBL1201317,-4.843,1,0.0,0.0,7.97,0,,MAPK14,t1_cns,1,0
CHEMBL1201319,-5.997,3,0.0,0.0,8.97,0,,MAPK14,t1_cns,1,0
CHEMBL1201323,-4.774,3,0.0,0.0,7.01,0,,MAPK14,t1_cns,1,0
CHEMBL1201336,-6.499,2,0.0,0.0,24.46,0,,MAPK14,t1_cns,1,0
CHEMBL1201338,-5.371,3,0.0,0.0,22.69,0,,MAPK14,t1_cns,1,0
CHEMBL1201340,-6.314,2,0.0,0.0,11.41,0,,MAPK14,t1_cns,1,0
CHEMBL1201353,-5.785,2,0.0,0.0,16.61,0,,MAPK14,t1_cns,1,0
CHEMBL1201354,-6.054,3,0.0,0.0,23.61,0,,MAPK14,t1_cns,1,0
CHEMBL1201747,-4.605,2,0.0,0.0,30.23,0,,MAPK14,t1_cns,1,0
CHEMBL1201754,-7.382,2,0.0,0.0,21.73,1,,MAPK14,t1_cns,1,0
CHEMBL1201758,-6.481,2,0.0,0.0,34.95,0,,MAPK14,t1_cns,1,0
CHEMBL1201764,-5.596,3,0.0,0.0,35.36,0,,MAPK14,t1_cns,1,0
CHEMBL1201776,-4.859,2,0.0,0.0,13.42,0,,MAPK14,t1_cns,1,0
CHEMBL1206690,-7.762,2,0.0,0.0,19.81,0,,MAPK14,t1_cns,1,0
CHEMBL1213351,-5.071,2,0.0,0.0,22.56,0,,MAPK14,t1_cns,1,0
CHEMBL1214124,-7.276,2,0.0,0.0,17.09,0,,MAPK14,t1_cns,1,0
CHEMBL1215,-5.907,2,0.0,0.0,9.67,0,,MAPK14,t1_cns,1,0
CHEMBL1218,-7.831,2,0.0,0.0,14.33,0,,MAPK14,t1_cns,1,0
CHEMBL1224,-7.339,2,0.0,0.0,23.55,0,,MAPK14,t1_cns,1,0
CHEMBL1231,-6.664,1,0.0,0.0,30.1,0,,MAPK14,t1_cns,1,0
CHEMBL1237021,-8.899,2,0.0,0.0,52.87,0,,MAPK14,t1_cns,1,0
CHEMBL1237044,-6.807,2,0.0,0.0,13.39,0,,MAPK14,t1_cns,1,0
CHEMBL1241,-6.448,1,0.0,0.0,12.61,0,,MAPK14,t1_cns,1,0
CHEMBL1254682,-7.108,3,0.0,0.0,8.54,0,,MAPK14,t1_cns,1,0
CHEMBL1256,-5.164,2,0.0,0.0,5.43,0,,MAPK14,t1_cns,1,0
CHEMBL1256786,-7.384,3,0.0,0.0,32.59,0,,MAPK14,t1_cns,1,0
CHEMBL1256841,-8.24,3,0.0,0.0,23.45,0,,MAPK14,t1_cns,1,0
CHEMBL1257,-5.221,3,0.0,0.0,5.75,0,,MAPK14,t1_cns,1,0
CHEMBL1259,-4.282,3,0.0,0.0,236.29,0,,MAPK14,t1_cns,1,0
CHEMBL126224,-4.063,2,0.0,0.0,38.63,0,,MAPK14,t1_cns,1,0
CHEMBL1263,-6.412,3,0.0,0.0,85.79,0,,MAPK14,t1_cns,1,0
CHEMBL1266,-7.119,2,0.0,0.0,8.92,0,,MAPK14,t1_cns,1,0
CHEMBL12713,-8.449,2,0.0,0.0,30.47,0,,MAPK14,t1_cns,1,0
CHEMBL127516,-6.197,2,0.0,0.0,9.15,0,,MAPK14,t1_cns,1,0
CHEMBL1278,-6.748,2,0.0,0.0,20.13,0,,MAPK14,t1_cns,1,0
CHEMBL1279,-7.356,2,0.0,0.0,10.64,0,,MAPK14,t1_cns,1,0
CHEMBL128,-6.185,3,0.0,0.0,22.07,0,,MAPK14,t1_cns,1,0
CHEMBL1286,-5.5,2,0.0,0.0,7.0,0,,MAPK14,t1_cns,1,0
CHEMBL1290,-7.209,1,0.0,0.0,24.03,0,,MAPK14,t1_cns,1,0
CHEMBL1291,-7.124,2,0.0,0.0,22.61,0,,MAPK14,t1_cns,1,0
CHEMBL1294,-6.661,3,0.0,0.0,18.89,0,,MAPK14,t1_cns,1,0
CHEMBL13,-6.331,2,0.0,0.0,23.27,0,,MAPK14,t1_cns,1,0
CHEMBL1303,-6.628,2,0.0,0.0,19.42,0,,MAPK14,t1_cns,1,0
CHEMBL1305,-5.769,3,0.0,0.0,13.58,0,,MAPK14,t1_cns,1,0
CHEMBL131,-7.817,2,0.0,0.0,13.85,0,,MAPK14,t1_cns,1,0
CHEMBL13209,-4.931,2,0.0,0.0,27.76,0,,MAPK14,t1_cns,1,0
CHEMBL1321,-6.292,1,0.0,0.0,10.43,0,,MAPK14,t1_cns,1,0
CHEMBL13280,-4.962,2,0.0,0.0,36.09,0,,MAPK14,t1_cns,1,0
CHEMBL134,-6.391,3,0.0,0.0,6.43,0,,MAPK14,t1_cns,1,0
CHEMBL1341,-4.427,1,0.0,0.0,4.6,0,,MAPK14,t1_cns,1,0
CHEMBL1346,-8.243,2,0.0,0.0,43.01,0,,MAPK14,t1_cns,1,0
CHEMBL135400,-6.899,3,0.0,0.0,21.02,0,,MAPK14,t1_cns,1,0
CHEMBL1372950,-7.633,2,0.0,0.0,26.41,0,,MAPK14,t1_cns,1,0
CHEMBL1373,-5.56,2,0.0,0.0,13.07,0,,MAPK14,t1_cns,1,0
CHEMBL1378,-6.292,2,0.0,0.0,23.24,0,,MAPK14,t1_cns,1,0
CHEMBL1382,-6.178,2,0.0,0.0,21.88,0,,MAPK14,t1_cns,1,0
CHEMBL139,-6.259,3,0.0,0.0,14.96,0,,MAPK14,t1_cns,1,0
CHEMBL14,-4.166,1,0.0,0.0,6.74,0,,MAPK14,t1_cns,1,0
CHEMBL1404,-7.128,2,0.0,0.0,54.46,0,,MAPK14,t1_cns,1,0
CHEMBL1410743,-4.916,3,0.0,0.0,4.58,0,,MAPK14,t1_cns,1,0
CHEMBL1411979,-4.769,3,0.0,0.0,12.97,0,,MAPK14,t1_cns,1,0
CHEMBL1414320,-6.629,2,0.0,0.0,54.59,0,,MAPK14,t1_cns,1,0
CHEMBL1420,-5.428,3,0.0,0.0,8.01,0,,MAPK14,t1_cns,1,0
CHEMBL1423,-8.985,1,0.0,0.0,58.11,0,,MAPK14,t1_cns,1,0
CHEMBL142635,-7.481,2,0.0,0.0,41.17,0,,MAPK14,t1_cns,1,0
CHEMBL1428,-5.522,3,0.0,0.0,43.72,0,,MAPK14,t1_cns,1,0
CHEMBL1434,-6.116,3,0.0,0.0,30.2,0,,MAPK14,t1_cns,1,0
CHEMBL1437,-5.731,3,0.0,0.0,12.21,0,,MAPK14,t1_cns,1,0
CHEMBL14370,-5.528,3,0.0,0.0,21.25,0,,MAPK14,t1_cns,1,0
CHEMBL14376,-7.64,1,0.0,0.0,41.69,0,,MAPK14,t1_cns,1,0
CHEMBL1442422,-5.336,3,0.0,0.0,15.25,0,,MAPK14,t1_cns,1,0
CHEMBL1454,-6.035,2,0.0,0.0,6.65,0,,MAPK14,t1_cns,1,0
CHEMBL146095,-7.209,2,0.0,0.0,35.18,0,,MAPK14,t1_cns,1,0
CHEMBL1480,-5.305,3,0.0,0.0,20.99,0,,MAPK14,t1_cns,1,0
CHEMBL1480987,-7.56,3,0.0,0.0,16.61,0,,MAPK14,t1_cns,1,0
CHEMBL1482,-4.665,2,0.0,0.0,7.21,0,,MAPK14,t1_cns,1,0
CHEMBL1484,-7.498,2,0.0,0.0,68.92,0,,MAPK14,t1_cns,1,0
CHEMBL1490,-6.025,2,0.0,0.0,20.58,0,,MAPK14,t1_cns,1,0
CHEMBL1491,-5.119,2,0.0,0.0,37.4,0,,MAPK14,t1_cns,1,0
CHEMBL1492,-7.09,3,0.0,0.0,13.16,0,,MAPK14,t1_cns,1,0
CHEMBL1492500,-5.782,3,0.0,0.0,10.26,0,,MAPK14,t1_cns,1,0
CHEMBL1493,-7.382,2,0.0,0.0,35.44,0,,MAPK14,t1_cns,1,0
CHEMBL15023,-8.843,2,0.0,0.0,35.21,0,,MAPK14,t1_cns,1,0
CHEMBL1505,-6.129,2,0.0,0.0,22.37,0,,MAPK14,t1_cns,1,0
CHEMBL1508,-6.533,1,0.0,0.0,19.21,0,,MAPK14,t1_cns,1,0
CHEMBL1510,-7.809,2,0.0,0.0,31.49,0,,MAPK14,t1_cns,1,0
CHEMBL1514,-4.927,2,0.0,0.0,26.89,0,,MAPK14,t1_cns,1,0
CHEMBL1515611,-5.991,3,0.0,0.0,8.29,0,,MAPK14,t1_cns,1,0
CHEMBL1521,-7.647,2,0.0,0.0,18.59,0,,MAPK14,t1_cns,1,0
CHEMBL1522,-7.041,3,0.0,0.0,22.96,0,,MAPK14,t1_cns,1,0
CHEMBL154,-6.768,3,0.0,0.0,13.96,0,,MAPK14,t1_cns,1,0
CHEMBL1568698,-7.26,3,0.0,0.0,10.78,0,,MAPK14,t1_cns,1,0
CHEMBL1580,-4.212,3,0.0,0.0,31.23,0,,MAPK14,t1_cns,1,0
CHEMBL1584,-7.181,3,0.0,0.0,39.07,0,,MAPK14,t1_cns,1,0
CHEMBL159226,-6.1,2,0.0,0.0,21.55,0,,MAPK14,t1_cns,1,0
CHEMBL1595,-5.831,2,0.0,0.0,8.65,0,,MAPK14,t1_cns,1,0
CHEMBL16,-6.348,2,0.0,0.0,11.0,0,,MAPK14,t1_cns,1,0
CHEMBL16073,-5.981,3,0.0,0.0,7.77,0,,MAPK14,t1_cns,1,0
CHEMBL1611,-6.48,2,0.0,0.0,10.59,0,,MAPK14,t1_cns,1,0
CHEMBL1615438,-8.017,2,0.0,0.0,26.06,0,,MAPK14,t1_cns,1,0
CHEMBL1618018,-7.373,1,0.0,0.0,13.38,0,,MAPK14,t1_cns,1,0
CHEMBL1619,-6.342,3,0.0,0.0,14.18,0,,MAPK14,t1_cns,1,0
CHEMBL162036,-6.932,3,0.0,0.0,24.6,0,,MAPK14,t1_cns,1,0
CHEMBL1621,-8.684,2,0.0,0.0,34.41,0,,MAPK14,t1_cns,1,0
CHEMBL1621597,-7.194,1,0.0,0.0,21.11,0,,MAPK14,t1_cns,1,0
CHEMBL1623992,-5.895,2,0.0,0.0,19.86,0,,MAPK14,t1_cns,1,0
CHEMBL1626,-7.997,1,0.0,0.0,19.24,0,,MAPK14,t1_cns,1,0
CHEMBL1626223,-5.502,2,0.0,0.0,9.41,0,,MAPK14,t1_cns,1,0
CHEMBL1628227,-5.707,2,0.0,0.0,12.41,0,,MAPK14,t1_cns,1,0
CHEMBL1628502,-6.733,3,0.0,0.0,33.89,0,,MAPK14,t1_cns,1,0
CHEMBL1643895,-7.649,2,0.0,0.0,14.55,0,,MAPK14,t1_cns,1,0
CHEMBL1648,-5.869,2,0.0,0.0,22.14,0,,MAPK14,t1_cns,1,0
CHEMBL1652,-6.222,3,0.0,0.0,113.87,0,,MAPK14,t1_cns,1,0
CHEMBL1685,-4.055,2,0.0,0.0,18.14,0,,MAPK14,t1_cns,1,0
CHEMBL168815,-6.306,3,0.0,0.0,7.59,0,,MAPK14,t1_cns,1,0
CHEMBL1697737,-5.142,2,0.0,0.0,26.49,0,,MAPK14,t1_cns,1,0
CHEMBL1697856,-5.968,1,0.0,0.0,13.56,0,,MAPK14,t1_cns,1,0
CHEMBL169901,-7.053,3,0.0,0.0,8.66,0,,MAPK14,t1_cns,1,0
CHEMBL17157,-8.696,1,0.0,0.0,61.7,0,,MAPK14,t1_cns,1,0
CHEMBL1726,-5.534,1,0.0,0.0,36.17,0,,MAPK14,t1_cns,1,0
CHEMBL1729,-7.339,2,0.0,0.0,51.78,0,,MAPK14,t1_cns,1,0
CHEMBL1732,-8.145,2,0.0,0.0,40.43,0,,MAPK14,t1_cns,1,0
CHEMBL1742423,-7.672,2,0.0,0.0,56.52,0,,MAPK14,t1_cns,1,0
CHEMBL1742466,-7.362,3,0.0,0.0,74.88,0,,MAPK14,t1_cns,1,0
CHEMBL1742471,-6.727,3,0.0,0.0,39.0,0,,MAPK14,t1_cns,1,0
CHEMBL1752,-6.184,3,0.0,0.0,12.44,0,,MAPK14,t1_cns,1,0
CHEMBL1754,-6.87,1,0.0,0.0,21.34,0,,MAPK14,t1_cns,1,0
CHEMBL1760,-6.869,3,0.0,0.0,15.53,0,,MAPK14,t1_cns,1,0
CHEMBL1762,-6.368,3,0.0,0.0,13.88,0,,MAPK14,t1_cns,1,0
CHEMBL1764,-5.549,2,0.0,0.0,14.26,0,,MAPK14,t1_cns,1,0
CHEMBL17860,-6.619,2,0.0,0.0,14.39,0,,MAPK14,t1_cns,1,0
CHEMBL178803,-4.71,2,0.0,0.0,38.48,0,,MAPK14,t1_cns,1,0
CHEMBL1790041,-5.121,3,0.0,0.0,26.35,0,,MAPK14,t1_cns,1,0
CHEMBL181,-6.717,2,0.0,0.0,7.0,0,,MAPK14,t1_cns,1,0
CHEMBL18116,-6.639,2,0.0,0.0,8.04,0,,MAPK14,t1_cns,1,0
CHEMBL184412,-7.181,3,0.0,0.0,117.89,0,,MAPK14,t1_cns,1,0
CHEMBL185073,-5.974,2,0.0,0.0,45.77,0,,MAPK14,t1_cns,1,0
CHEMBL1874750,-7.268,3,0.0,0.0,42.69,0,,MAPK14,t1_cns,1,0
CHEMBL1888176,-6.863,2,0.0,0.0,28.0,0,,MAPK14,t1_cns,1,0
CHEMBL188921,-5.499,2,0.0,0.0,19.02,0,,MAPK14,t1_cns,1,0
CHEMBL1900528,-5.786,3,0.0,0.0,26.19,0,,MAPK14,t1_cns,1,0
CHEMBL19019,-8.22,2,0.0,0.0,13.4,0,,MAPK14,t1_cns,1,0
CHEMBL190461,-6.668,3,0.0,0.0,19.0,0,,MAPK14,t1_cns,1,0
CHEMBL1909324,-7.552,3,0.0,0.0,62.76,0,,MAPK14,t1_cns,1,0
CHEMBL19299,-7.587,2,0.0,0.0,15.11,0,,MAPK14,t1_cns,1,0
CHEMBL193,-4.944,2,0.0,0.0,22.76,0,,MAPK14,t1_cns,1,0
CHEMBL197084,-5.961,3,0.0,0.0,31.38,0,,MAPK14,t1_cns,1,0
CHEMBL1983350,-7.531,2,0.0,0.0,51.59,0,,MAPK14,t1_cns,1,0
CHEMBL2,-7.948,3,0.0,0.0,21.39,0,,MAPK14,t1_cns,1,0
CHEMBL2028019,-7.225,2,0.0,0.0,31.5,0,,MAPK14,t1_cns,1,0
CHEMBL207538,-7.351,3,0.0,0.0,10.72,0,,MAPK14,t1_cns,1,0
CHEMBL2095212,-8.147,2,0.0,0.0,31.78,0,,MAPK14,t1_cns,1,0
CHEMBL2103822,-6.935,2,0.0,0.0,13.62,0,,MAPK14,t1_cns,1,0
CHEMBL2103827,-6.004,3,0.0,0.0,17.67,0,,MAPK14,t1_cns,1,0
CHEMBL2103837,-7.654,2,0.0,0.0,8.86,0,,MAPK14,t1_cns,1,0
CHEMBL2104095,-3.258,1,0.0,0.0,4.74,0,,MAPK14,t1_cns,1,0
CHEMBL2104356,-5.145,2,0.0,0.0,36.7,0,,MAPK14,t1_cns,1,0
CHEMBL2104993,-7.067,2,0.0,0.0,13.37,0,,MAPK14,t1_cns,1,0
CHEMBL2105233,-4.881,2,0.0,0.0,10.52,0,,MAPK14,t1_cns,1,0
CHEMBL2105275,-5.749,2,0.0,0.0,6.55,0,,MAPK14,t1_cns,1,0
CHEMBL2105581,-7.307,2,0.0,0.0,25.2,0,,MAPK14,t1_cns,1,0
CHEMBL2105760,-7.64,3,0.0,0.0,37.13,0,,MAPK14,t1_cns,1,0
CHEMBL2107011,-7.152,3,0.0,0.0,29.11,0,,MAPK14,t1_cns,1,0
CHEMBL2107726,-6.949,2,0.0,0.0,23.91,1,,MAPK14,t1_cns,1,0
CHEMBL2110774,-5.833,2,0.0,0.0,16.64,0,,MAPK14,t1_cns,1,0
CHEMBL2110805,-5.554,1,0.0,0.0,17.34,0,,MAPK14,t1_cns,1,0
CHEMBL2110816,-4.06,2,0.0,0.0,25.09,0,,MAPK14,t1_cns,1,0
CHEMBL2111030,-5.142,3,0.0,0.0,17.84,0,,MAPK14,t1_cns,1,0
CHEMBL2111097,-5.839,2,0.0,0.0,32.57,0,,MAPK14,t1_cns,1,0
CHEMBL2111101,-7.672,1,0.0,0.0,39.84,0,,MAPK14,t1_cns,1,0
CHEMBL2111112,-7.052,1,0.0,0.0,26.32,0,,MAPK14,t1_cns,1,0
CHEMBL211456,-5.758,2,0.0,0.0,7.51,0,,MAPK14,t1_cns,1,0
CHEMBL21536,-5.484,2,0.0,0.0,16.73,0,,MAPK14,t1_cns,1,0
CHEMBL2159122,-8.627,2,0.0,0.0,111.75,0,,MAPK14,t1_cns,1,0
CHEMBL21731,-5.816,2,0.0,0.0,14.65,0,,MAPK14,t1_cns,1,0
CHEMBL2178422,-7.308,2,0.0,0.0,94.4,0,,MAPK14,t1_cns,1,0
CHEMBL219916,-8.477,2,0.0,0.0,37.52,0,,MAPK14,t1_cns,1,0
CHEMBL220492,-5.42,3,0.0,0.0,18.63,0,,MAPK14,t1_cns,1,0
CHEMBL22097,-4.593,2,0.0,0.0,30.07,0,,MAPK14,t1_cns,1,0
CHEMBL2218861,-5.628,2,0.0,0.0,37.83,0,,MAPK14,t1_cns,1,0
CHEMBL2218896,-7.867,3,0.0,0.0,27.43,0,,MAPK14,t1_cns,1,0
CHEMBL22242,-6.922,2,0.0,0.0,16.51,0,,MAPK14,t1_cns,1,0
CHEMBL23,-3.626,2,0.0,0.0,64.55,0,,MAPK14,t1_cns,1,0
CHEMBL231068,-8.672,3,0.0,0.0,24.82,0,,MAPK14,t1_cns,1,0
CHEMBL2364638,-7.038,2,0.0,0.0,49.65,0,,MAPK14,t1_cns,1,0
CHEMBL2364639,-6.905,3,0.0,0.0,42.23,0,,MAPK14,t1_cns,1,0
CHEMBL2397415,-9.669,3,0.0,0.0,74.37,0,,MAPK14,t1_cns,1,0
CHEMBL24072,-8.14,2,0.0,0.0,22.8,0,,MAPK14,t1_cns,1,0
CHEMBL243712,-7.046,2,0.0,0.0,22.15,0,,MAPK14,t1_cns,1,0
CHEMBL2443262,-6.681,3,0.0,0.0,23.58,0,,MAPK14,t1_cns,1,0
CHEMBL24441,-5.157,3,0.0,0.0,6.05,0,,MAPK14,t1_cns,1,0
CHEMBL24778,-7.089,3,0.0,0.0,86.46,0,,MAPK14,t1_cns,1,0
CHEMBL25,-5.657,3,0.0,0.0,9.49,0,,MAPK14,t1_cns,1,0
CHEMBL251940,-8.511,2,0.0,0.0,21.64,0,,MAPK14,t1_cns,1,0
CHEMBL252556,-6.077,3,0.0,0.0,27.92,0,,MAPK14,t1_cns,1,0
CHEMBL254857,-8.659,2,0.0,0.0,30.07,0,,MAPK14,t1_cns,1,0
CHEMBL255044,-8.467,2,0.0,0.0,20.42,0,,MAPK14,t1_cns,1,0
CHEMBL259209,-5.116,1,0.0,0.0,12.38,0,,MAPK14,t1_cns,1,0
CHEMBL26,-6.898,3,0.0,0.0,26.92,0,,MAPK14,t1_cns,1,0
CHEMBL267495,-7.011,3,0.0,0.0,37.05,0,,MAPK14,t1_cns,1,0
CHEMBL267894,-5.265,3,0.0,0.0,9.38,0,,MAPK14,t1_cns,1,0
CHEMBL267936,-6.127,3,0.0,0.0,4.89,0,,MAPK14,t1_cns,1,0
CHEMBL268164,-6.783,2,0.0,0.0,10.02,0,,MAPK14,t1_cns,1,0
CHEMBL27,-6.999,2,0.0,0.0,20.32,0,,MAPK14,t1_cns,1,0
CHEMBL270190,-7.373,1,0.0,0.0,42.83,0,,MAPK14,t1_cns,1,0
CHEMBL273575,-6.323,2,0.0,0.0,9.46,0,,MAPK14,t1_cns,1,0
CHEMBL276520,-7.886,2,0.0,0.0,11.79,0,,MAPK14,t1_cns,1,0
CHEMBL277062,-4.982,2,0.0,0.0,27.91,0,,MAPK14,t1_cns,1,0
CHEMBL278020,-4.911,1,0.0,0.0,9.88,0,,MAPK14,t1_cns,1,0
CHEMBL27810,-6.389,1,0.0,0.0,39.38,0,,MAPK14,t1_cns,1,0
CHEMBL278819,-7.526,2,0.0,0.0,15.81,0,,MAPK14,t1_cns,1,0
CHEMBL279516,-8.326,2,0.0,0.0,59.21,0,,MAPK14,t1_cns,1,0
CHEMBL282052,-7.217,2,0.0,0.0,10.9,0,,MAPK14,t1_cns,1,0
CHEMBL282121,-5.744,2,0.0,0.0,60.24,0,,MAPK14,t1_cns,1,0
CHEMBL28218,-6.776,2,0.0,0.0,31.27,0,,MAPK14,t1_cns,1,0
CHEMBL28318,-5.369,2,0.0,0.0,11.92,0,,MAPK14,t1_cns,1,0
CHEMBL28333,-4.901,2,0.0,0.0,20.03,0,,MAPK14,t1_cns,1,0
CHEMBL284092,-6.978,3,0.0,0.0,24.66,0,,MAPK14,t1_cns,1,0
CHEMBL284906,-5.707,1,0.0,0.0,11.64,0,,MAPK14,t1_cns,1,0
CHEMBL285674,-6.139,2,0.0,0.0,7.33,0,,MAPK14,t1_cns,1,0
CHEMBL288470,-4.836,2,0.0,0.0,8.65,0,,MAPK14,t1_cns,1,0
CHEMBL289469,-8.355,3,0.0,0.0,16.88,0,,MAPK14,t1_cns,1,0
CHEMBL289480,-5.63,3,0.0,0.0,19.24,0,,MAPK14,t1_cns,1,0
CHEMBL290916,-6.267,2,0.0,0.0,9.43,0,,MAPK14,t1_cns,1,0
CHEMBL294199,-6.857,3,0.0,0.0,33.78,0,,MAPK14,t1_cns,1,0
CHEMBL296419,-7.785,2,0.0,0.0,43.84,0,,MAPK14,t1_cns,1,0
CHEMBL297302,-7.729,1,0.0,0.0,27.91,0,,MAPK14,t1_cns,1,0
CHEMBL3,-5.975,2,0.0,0.0,7.12,0,,MAPK14,t1_cns,1,0
CHEMBL30,-4.963,2,0.0,0.0,12.87,0,,MAPK14,t1_cns,1,0
CHEMBL301265,-6.095,3,0.0,0.0,12.38,0,,MAPK14,t1_cns,1,0
CHEMBL3039520,-9.109,2,0.0,0.0,21.87,0,,MAPK14,t1_cns,1,0
CHEMBL305660,-8.503,2,0.0,0.0,52.19,0,,MAPK14,t1_cns,1,0
CHEMBL306700,-5.918,2,0.0,0.0,12.71,0,,MAPK14,t1_cns,1,0
CHEMBL312448,-6.719,1,0.0,0.0,16.29,0,,MAPK14,t1_cns,1,0
CHEMBL3137326,-6.276,1,0.0,0.0,13.65,0,,MAPK14,t1_cns,1,0
CHEMBL314437,-4.753,2,0.0,0.0,27.93,0,,MAPK14,t1_cns,1,0
CHEMBL315795,-4.407,3,0.0,0.0,7.04,0,,MAPK14,t1_cns,1,0
CHEMBL315985,-5.8,3,0.0,0.0,26.44,0,,MAPK14,t1_cns,1,0
CHEMBL3183075,-4.462,3,0.0,0.0,62.88,0,,MAPK14,t1_cns,1,0
CHEMBL3187365,-6.204,3,0.0,0.0,7.18,0,,MAPK14,t1_cns,1,0
CHEMBL32479,-6.116,2,0.0,0.0,14.11,0,,MAPK14,t1_cns,1,0
CHEMBL32800,-6.581,2,0.0,0.0,24.31,0,,MAPK14,t1_cns,1,0
CHEMBL328560,-6.739,1,0.0,0.0,11.59,0,,MAPK14,t1_cns,1,0
CHEMBL3306803,-7.75,2,0.0,0.0,37.48,0,,MAPK14,t1_cns,1,0
CHEMBL339427,-4.948,2,0.0,0.0,157.6,0,,MAPK14,t1_cns,1,0
CHEMBL33986,-6.115,3,0.0,0.0,10.54,0,,MAPK14,t1_cns,1,0
CHEMBL354077,-4.425,3,0.0,0.0,5.3,0,,MAPK14,t1_cns,1,0
CHEMBL3545367,-8.123,2,0.0,0.0,28.37,0,,MAPK14,t1_cns,1,0
CHEMBL36715,-4.984,3,0.0,0.0,6.85,0,,MAPK14,t1_cns,1,0
CHEMBL376897,-7.166,2,0.0,0.0,16.49,0,,MAPK14,t1_cns,1,0
CHEMBL37744,-6.173,1,0.0,0.0,10.49,0,,MAPK14,t1_cns,1,0
CHEMBL3833301,-5.749,2,0.0,0.0,12.32,0,,MAPK14,t1_cns,1,0
CHEMBL3833389,-5.896,3,0.0,0.0,21.91,0,,MAPK14,t1_cns,1,0
CHEMBL384467,-6.631,3,0.0,0.0,18.17,0,,MAPK14,t1_cns,1,0
CHEMBL395091,-7.194,2,0.0,0.0,10.1,0,,MAPK14,t1_cns,1,0
CHEMBL396778,-8.188,1,0.0,0.0,19.19,0,,MAPK14,t1_cns,1,0
CHEMBL398707,-5.844,3,0.0,0.0,9.5,0,,MAPK14,t1_cns,1,0
CHEMBL3989695,-7.493,1,0.0,0.0,30.17,0,,MAPK14,t1_cns,1,0
CHEMBL3989803,-6.276,2,0.0,0.0,15.73,0,,MAPK14,t1_cns,1,0
CHEMBL3989843,-5.78,2,0.0,0.0,6.96,0,,MAPK14,t1_cns,1,0
CHEMBL3989949,-5.993,2,0.0,0.0,25.09,0,,MAPK14,t1_cns,1,0
CHEMBL3991065,-7.197,3,0.0,0.0,70.2,0,,MAPK14,t1_cns,1,0
CHEMBL40,-5.537,2,0.0,0.0,8.32,0,,MAPK14,t1_cns,1,0
CHEMBL404849,-6.123,2,0.0,0.0,32.51,0,,MAPK14,t1_cns,1,0
CHEMBL405,-5.345,1,0.0,0.0,45.45,0,,MAPK14,t1_cns,1,0
CHEMBL407,-5.505,3,0.0,0.0,17.23,0,,MAPK14,t1_cns,1,0
CHEMBL41,-7.856,2,0.0,0.0,20.29,0,,MAPK14,t1_cns,1,0
CHEMBL4105630,-6.565,3,0.0,0.0,21.57,0,,MAPK14,t1_cns,1,0
CHEMBL41355,-8.018,2,0.0,0.0,18.88,0,,MAPK14,t1_cns,1,0
CHEMBL413965,-6.865,2,0.0,0.0,15.8,0,,MAPK14,t1_cns,1,0
CHEMBL415,-3.94,3,0.0,0.0,24.84,0,,MAPK14,t1_cns,1,0
CHEMBL416956,-8.243,3,0.0,0.0,18.12,0,,MAPK14,t1_cns,1,0
CHEMBL418995,-7.32,2,0.0,0.0,62.88,0,,MAPK14,t1_cns,1,0
CHEMBL42,-6.562,2,0.0,0.0,7.62,0,,MAPK14,t1_cns,1,0
CHEMBL422,-6.329,3,0.0,0.0,20.65,0,,MAPK14,t1_cns,1,0
CHEMBL423,-7.156,2,0.0,0.0,25.4,0,,MAPK14,t1_cns,1,0
CHEMBL429,-8.233,2,0.0,0.0,35.69,0,,MAPK14,t1_cns,1,0
CHEMBL4297526,-5.958,3,0.0,0.0,24.97,0,,MAPK14,t1_cns,1,0
CHEMBL4297590,-8.041,1,0.0,0.0,33.6,0,,MAPK14,t1_cns,1,0
CHEMBL4297620,-6.046,3,0.0,0.0,19.05,0,,MAPK14,t1_cns,1,0
CHEMBL4303525,-6.91,2,0.0,0.0,25.49,0,,MAPK14,t1_cns,1,0
CHEMBL43064,-7.888,2,0.0,0.0,24.65,0,,MAPK14,t1_cns,1,0
CHEMBL431770,-7.486,3,0.0,0.0,21.02,0,,MAPK14,t1_cns,1,0
CHEMBL434394,-8.981,3,0.0,0.0,35.06,0,,MAPK14,t1_cns,1,0
CHEMBL439849,-7.98,3,0.0,0.0,49.51,0,,MAPK14,t1_cns,1,0
CHEMBL440,-6.577,3,0.0,0.0,14.12,0,,MAPK14,t1_cns,1,0
CHEMBL441,-5.332,3,0.0,0.0,9.98,0,,MAPK14,t1_cns,1,0
CHEMBL442,-9.37,1,0.0,0.0,74.29,0,,MAPK14,t1_cns,1,0
CHEMBL444,-5.975,3,0.0,0.0,8.31,0,,MAPK14,t1_cns,1,0
CHEMBL445,-4.078,3,0.0,0.0,26.56,0,,MAPK14,t1_cns,1,0
CHEMBL447,-6.564,3,0.0,0.0,43.73,0,,MAPK14,t1_cns,1,0
CHEMBL448,-6.63,3,0.0,0.0,16.33,0,,MAPK14,t1_cns,1,0
CHEMBL45,-7.172,3,0.0,0.0,16.23,0,,MAPK14,t1_cns,1,0
CHEMBL450,-6.347,3,0.0,0.0,8.4,0,,MAPK14,t1_cns,1,0
CHEMBL45029,-5.414,2,0.0,0.0,10.52,0,,MAPK14,t1_cns,1,0
CHEMBL451,-4.853,2,0.0,0.0,28.15,0,,MAPK14,t1_cns,1,0
CHEMBL452,-4.999,3,0.0,0.0,30.46,0,,MAPK14,t1_cns,1,0
CHEMBL454,-6.642,3,0.0,0.0,13.25,0,,MAPK14,t1_cns,1,0
CHEMBL455917,-3.905,2,0.0,0.0,5.6,0,,MAPK14,t1_cns,1,0
CHEMBL45816,-7.305,2,0.0,0.0,63.35,0,,MAPK14,t1_cns,1,0
CHEMBL459,-5.864,2,0.0,0.0,13.92,0,,MAPK14,t1_cns,1,0
CHEMBL46,-5.895,2,0.0,0.0,13.85,0,,MAPK14,t1_cns,1,0
CHEMBL460,-7.19,3,0.0,0.0,12.49,0,,MAPK14,t1_cns,1,0
CHEMBL461522,-6.353,1,0.0,0.0,18.15,0,,MAPK14,t1_cns,1,0
CHEMBL462605,-6.582,3,0.0,0.0,19.39,0,,MAPK14,t1_cns,1,0
CHEMBL465,-7.496,3,0.0,0.0,10.07,0,,MAPK14,t1_cns,1,0
CHEMBL465026,-4.08,3,0.0,0.0,20.82,0,,MAPK14,t1_cns,1,0
CHEMBL46516,-8.668,3,0.0,0.0,47.29,0,,MAPK14,t1_cns,1,0
CHEMBL468837,-4.391,2,0.0,0.0,29.14,0,,MAPK14,t1_cns,1,0
CHEMBL469,-7.233,2,0.0,0.0,10.96,0,,MAPK14,t1_cns,1,0
CHEMBL46917,-6.294,3,0.0,0.0,9.07,0,,MAPK14,t1_cns,1,0
CHEMBL471,-6.529,1,0.0,0.0,17.41,0,,MAPK14,t1_cns,1,0
CHEMBL471737,-5.27,3,0.0,0.0,97.6,0,,MAPK14,t1_cns,1,0
CHEMBL473,-6.72,3,0.0,0.0,44.15,0,,MAPK14,t1_cns,1,0
CHEMBL477,-6.368,3,0.0,0.0,14.24,0,,MAPK14,t1_cns,1,0
CHEMBL479,-5.857,2,0.0,0.0,13.93,0,,MAPK14,t1_cns,1,0
CHEMBL485,-6.559,3,0.0,0.0,8.08,0,,MAPK14,t1_cns,1,0
CHEMBL488093,-5.972,2,0.0,0.0,26.81,0,,MAPK14,t1_cns,1,0
CHEMBL49,-8.47,3,0.0,0.0,32.13,0,,MAPK14,t1_cns,1,0
CHEMBL490,-9.002,1,0.0,0.0,17.23,0,,MAPK14,t1_cns,1,0
CHEMBL493,-6.752,2,0.0,0.0,59.9,0,,MAPK14,t1_cns,1,0
CHEMBL493287,-4.94,2,0.0,0.0,13.68,0,,MAPK14,t1_cns,1,0
CHEMBL496,-6.474,3,0.0,0.0,15.0,0,,MAPK14,t1_cns,1,0
CHEMBL498847,-5.284,3,0.0,0.0,10.07,0,,MAPK14,t1_cns,1,0
CHEMBL499,-6.235,2,0.0,0.0,23.71,0,,MAPK14,t1_cns,1,0
CHEMBL500,-6.499,1,0.0,0.0,22.61,0,,MAPK14,t1_cns,1,0
CHEMBL502,-7.955,2,0.0,0.0,27.61,0,,MAPK14,t1_cns,1,0
CHEMBL503565,-5.738,3,0.0,0.0,9.91,0,,MAPK14,t1_cns,1,0
CHEMBL51,-8.796,3,0.0,0.0,27.66,0,,MAPK14,t1_cns,1,0
CHEMBL516,-6.88,2,0.0,0.0,6.72,0,,MAPK14,t1_cns,1,0
CHEMBL517,-5.261,3,0.0,0.0,22.8,0,,MAPK14,t1_cns,1,0
CHEMBL517712,-7.486,2,0.0,0.0,16.25,0,,MAPK14,t1_cns,1,0
CHEMBL521,-6.483,2,0.0,0.0,8.83,0,,MAPK14,t1_cns,1,0
CHEMBL521606,-6.622,2,0.0,0.0,24.21,0,,MAPK14,t1_cns,1,0
CHEMBL524,-5.593,3,0.0,0.0,10.8,0,,MAPK14,t1_cns,1,0
CHEMBL524004,-6.914,2,0.0,0.0,17.31,0,,MAPK14,t1_cns,1,0
CHEMBL52440,-6.082,2,0.0,0.0,5.79,0,,MAPK14,t1_cns,1,0
CHEMBL526,-6.17,2,0.0,0.0,5.63,0,,MAPK14,t1_cns,1,0
CHEMBL531,-5.957,3,0.0,0.0,9.4,0,,MAPK14,t1_cns,1,0
CHEMBL533,-6.855,2,0.0,0.0,38.28,0,,MAPK14,t1_cns,1,0
CHEMBL534,-4.489,3,0.0,0.0,19.54,0,,MAPK14,t1_cns,1,0
CHEMBL54,-7.918,2,0.0,0.0,13.72,0,,MAPK14,t1_cns,1,0
CHEMBL54349,-6.056,3,0.0,0.0,22.05,0,,MAPK14,t1_cns,1,0
CHEMBL546,-6.624,3,0.0,0.0,20.42,0,,MAPK14,t1_cns,1,0
CHEMBL549,-7.002,2,0.0,0.0,16.95,0,,MAPK14,t1_cns,1,0
CHEMBL54976,-6.753,2,0.0,0.0,17.4,0,,MAPK14,t1_cns,1,0
CHEMBL550,-5.707,2,0.0,0.0,11.07,0,,MAPK14,t1_cns,1,0
CHEMBL558,-5.879,3,0.0,0.0,8.46,0,,MAPK14,t1_cns,1,0
CHEMBL56367,-6.352,2,0.0,0.0,13.0,0,,MAPK14,t1_cns,1,0
CHEMBL564,-5.225,2,0.0,0.0,15.4,0,,MAPK14,t1_cns,1,0
CHEMBL56564,-8.188,3,0.0,0.0,13.94,0,,MAPK14,t1_cns,1,0
CHEMBL567,-6.364,2,0.0,0.0,24.62,0,,MAPK14,t1_cns,1,0
CHEMBL568,-4.801,2,0.0,0.0,22.46,0,,MAPK14,t1_cns,1,0
CHEMBL569,-5.832,3,0.0,0.0,13.79,0,,MAPK14,t1_cns,1,0
CHEMBL569713,-7.032,2,0.0,0.0,15.06,0,,MAPK14,t1_cns,1,0
CHEMBL570,-6.043,2,0.0,0.0,24.54,0,,MAPK14,t1_cns,1,0
CHEMBL580,-5.233,3,0.0,0.0,27.96,0,,MAPK14,t1_cns,1,0
CHEMBL58323,-5.843,2,0.0,0.0,16.2,0,,MAPK14,t1_cns,1,0
CHEMBL585,-7.62,2,0.0,0.0,10.74,0,,MAPK14,t1_cns,1,0
CHEMBL588,-4.753,2,0.0,0.0,35.95,0,,MAPK14,t1_cns,1,0
CHEMBL589,-5.88,3,0.0,0.0,19.38,0,,MAPK14,t1_cns,1,0
CHEMBL59,-5.368,3,0.0,0.0,10.36,0,,MAPK14,t1_cns,1,0
CHEMBL591,-4.577,3,0.0,0.0,6.63,0,,MAPK14,t1_cns,1,0
CHEMBL594,-4.21,2,0.0,0.0,38.97,0,,MAPK14,t1_cns,1,0
CHEMBL596,-7.631,2,0.0,0.0,23.84,0,,MAPK14,t1_cns,1,0
CHEMBL597,-6.75,1,0.0,0.0,15.07,0,,MAPK14,t1_cns,1,0
CHEMBL607,-5.222,2,0.0,0.0,10.48,0,,MAPK14,t1_cns,1,0
CHEMBL607400,-6.456,2,0.0,0.0,11.56,0,,MAPK14,t1_cns,1,0
CHEMBL611,-6.977,3,0.0,0.0,19.91,0,,MAPK14,t1_cns,1,0
CHEMBL612,-5.384,3,0.0,0.0,7.88,0,,MAPK14,t1_cns,1,0
CHEMBL61593,-8.24,1,0.0,0.0,16.26,0,,MAPK14,t1_cns,1,0
CHEMBL620,-6.955,2,0.0,0.0,25.05,0,,MAPK14,t1_cns,1,0
CHEMBL621,-7.535,3,0.0,0.0,20.96,0,,MAPK14,t1_cns,1,0
CHEMBL623,-6.81,3,0.0,0.0,55.61,0,,MAPK14,t1_cns,1,0
CHEMBL628,-6.354,1,0.0,0.0,14.88,0,,MAPK14,t1_cns,1,0
CHEMBL629,-4.186,3,0.0,0.0,29.9,0,,MAPK14,t1_cns,1,0
CHEMBL633,-5.49,3,0.0,0.0,47.22,0,,MAPK14,t1_cns,1,0
CHEMBL636,-6.359,1,0.0,0.0,15.42,0,,MAPK14,t1_cns,1,0
CHEMBL637,-5.197,3,0.0,0.0,12.6,0,,MAPK14,t1_cns,1,0
CHEMBL639,-5.487,3,0.0,0.0,45.45,0,,MAPK14,t1_cns,1,0
CHEMBL640,-6.597,1,0.0,0.0,14.44,0,,MAPK14,t1_cns,1,0
CHEMBL641,-7.374,2,0.0,0.0,15.91,0,,MAPK14,t1_cns,1,0
CHEMBL642,-6.93,2,0.0,0.0,30.03,0,,MAPK14,t1_cns,1,0
CHEMBL643,-5.361,3,0.0,0.0,11.19,0,,MAPK14,t1_cns,1,0
CHEMBL6437,-6.08,3,0.0,0.0,5.64,0,,MAPK14,t1_cns,1,0
CHEMBL644,-4.209,2,0.0,0.0,37.06,0,,MAPK14,t1_cns,1,0
CHEMBL645,-6.535,1,0.0,0.0,32.41,0,,MAPK14,t1_cns,1,0
CHEMBL646,-6.366,2,0.0,0.0,11.1,0,,MAPK14,t1_cns,1,0
CHEMBL647,-5.524,3,0.0,0.0,11.66,0,,MAPK14,t1_cns,1,0
CHEMBL648,-5.438,2,0.0,0.0,14.24,0,,MAPK14,t1_cns,1,0
CHEMBL651,-4.988,2,0.0,0.0,18.8,0,,MAPK14,t1_cns,1,0
CHEMBL652,-8.979,2,0.0,0.0,27.61,0,,MAPK14,t1_cns,1,0
CHEMBL654,-6.117,3,0.0,0.0,5.63,0,,MAPK14,t1_cns,1,0
CHEMBL655,-6.538,3,0.0,0.0,9.62,0,,MAPK14,t1_cns,1,0
CHEMBL656,-7.085,3,0.0,0.0,8.28,0,,MAPK14,t1_cns,1,0
CHEMBL657,-5.39,2,0.0,0.0,13.85,0,,MAPK14,t1_cns,1,0
CHEMBL658,-6.083,3,0.0,0.0,25.89,0,,MAPK14,t1_cns,1,0
CHEMBL659,-4.629,2,0.0,0.0,22.32,0,,MAPK14,t1_cns,1,0
CHEMBL660,-6.439,3,0.0,0.0,4.0,0,,MAPK14,t1_cns,1,0
CHEMBL661,-6.15,2,0.0,0.0,7.58,0,,MAPK14,t1_cns,1,0
CHEMBL667,-4.089,1,0.0,0.0,5.73,0,,MAPK14,t1_cns,1,0
CHEMBL668,-6.245,2,0.0,0.0,10.97,0,,MAPK14,t1_cns,1,0
CHEMBL669,-5.663,1,0.0,0.0,10.99,0,,MAPK14,t1_cns,1,0
CHEMBL673,-5.694,2,0.0,0.0,7.07,0,,MAPK14,t1_cns,1,0
CHEMBL679,-5.911,2,0.0,0.0,11.23,0,,MAPK14,t1_cns,1,0
CHEMBL681,-4.753,3,0.0,0.0,13.27,0,,MAPK14,t1_cns,1,0
CHEMBL682,-6.683,1,0.0,0.0,23.93,0,,MAPK14,t1_cns,1,0
CHEMBL695,-4.981,2,0.0,0.0,5.14,0,,MAPK14,t1_cns,1,0
CHEMBL696,-5.576,3,0.0,0.0,4.6,0,,MAPK14,t1_cns,1,0
CHEMBL6966,-6.201,2,0.0,0.0,52.55,0,,MAPK14,t1_cns,1,0
CHEMBL697,-5.517,2,0.0,0.0,5.47,0,,MAPK14,t1_cns,1,0
CHEMBL698,-6.043,1,0.0,0.0,15.65,0,,MAPK14,t1_cns,1,0
CHEMBL6995,-6.178,2,0.0,0.0,19.29,0,,MAPK14,t1_cns,1,0
CHEMBL70,-5.955,3,0.0,0.0,9.07,0,,MAPK14,t1_cns,1,0
CHEMBL701,-6.18,1,0.0,0.0,15.83,0,,MAPK14,t1_cns,1,0
CHEMBL70246,-6.152,3,0.0,0.0,9.47,0,,MAPK14,t1_cns,1,0
CHEMBL70418,-4.552,1,0.0,0.0,26.81,0,,MAPK14,t1_cns,1,0
CHEMBL707,-7.543,2,0.0,0.0,27.26,0,,MAPK14,t1_cns,1,0
CHEMBL708,-7.985,3,0.0,0.0,29.85,0,,MAPK14,t1_cns,1,0
CHEMBL709,-6.828,3,0.0,0.0,31.33,0,,MAPK14,t1_cns,1,0
CHEMBL71,-5.386,3,0.0,0.0,14.94,0,,MAPK14,t1_cns,1,0
CHEMBL714,-6.802,3,0.0,0.0,18.39,0,,MAPK14,t1_cns,1,0
CHEMBL715,-6.561,2,0.0,0.0,7.56,0,,MAPK14,t1_cns,1,0
CHEMBL716,-5.808,2,0.0,0.0,22.13,0,,MAPK14,t1_cns,1,0
CHEMBL71752,-5.804,2,0.0,0.0,14.1,0,,MAPK14,t1_cns,1,0
CHEMBL72,-3.764,3,0.0,0.0,29.78,0,,MAPK14,t1_cns,1,0
CHEMBL723,-7.315,3,0.0,0.0,51.14,0,,MAPK14,t1_cns,1,0
CHEMBL726,-6.351,2,0.0,0.0,30.13,0,,MAPK14,t1_cns,1,0
CHEMBL728,-6.92,2,0.0,0.0,14.35,0,,MAPK14,t1_cns,1,0
CHEMBL73234,-5.911,3,0.0,0.0,23.93,0,,MAPK14,t1_cns,1,0
CHEMBL741,-6.649,2,0.0,0.0,7.09,0,,MAPK14,t1_cns,1,0
CHEMBL742,-6.758,2,0.0,0.0,6.86,0,,MAPK14,t1_cns,1,0
CHEMBL744,-6.35,2,0.0,0.0,7.2,0,,MAPK14,t1_cns,1,0
CHEMBL746,-6.97,3,0.0,0.0,17.63,0,,MAPK14,t1_cns,1,0
CHEMBL750,-6.443,3,0.0,0.0,9.65,0,,MAPK14,t1_cns,1,0
CHEMBL753,-6.429,2,0.0,0.0,17.81,0,,MAPK14,t1_cns,1,0
CHEMBL761,-7.114,2,0.0,0.0,7.73,0,,MAPK14,t1_cns,1,0
CHEMBL762,-5.694,3,0.0,0.0,10.83,0,,MAPK14,t1_cns,1,0
CHEMBL76370,-7.336,2,0.0,0.0,16.34,0,,MAPK14,t1_cns,1,0
CHEMBL765,-3.854,2,0.0,0.0,24.63,0,,MAPK14,t1_cns,1,0
CHEMBL768,-6.953,2,0.0,0.0,28.7,0,,MAPK14,t1_cns,1,0
CHEMBL770,-5.978,1,0.0,0.0,6.35,0,,MAPK14,t1_cns,1,0
CHEMBL772,-7.122,3,0.0,0.0,72.23,0,,MAPK14,t1_cns,1,0
CHEMBL776,-5.873,3,0.0,0.0,15.26,0,,MAPK14,t1_cns,1,0
CHEMBL778,-7.005,3,0.0,0.0,12.15,0,,MAPK14,t1_cns,1,0
CHEMBL7863,-6.6,3,0.0,0.0,8.18,0,,MAPK14,t1_cns,1,0
CHEMBL79,-6.094,2,0.0,0.0,11.85,0,,MAPK14,t1_cns,1,0
CHEMBL796,-5.265,2,0.0,0.0,13.56,0,,MAPK14,t1_cns,1,0
CHEMBL797,-6.14,2,0.0,0.0,7.57,0,,MAPK14,t1_cns,1,0
CHEMBL80,-7.489,3,0.0,0.0,11.86,0,,MAPK14,t1_cns,1,0
CHEMBL807,-7.27,3,0.0,0.0,7.12,0,,MAPK14,t1_cns,1,0
CHEMBL809,-8.027,1,0.0,0.0,10.11,0,,MAPK14,t1_cns,1,0
CHEMBL811,-5.54,3,0.0,0.0,14.1,0,,MAPK14,t1_cns,1,0
CHEMBL814,-6.831,1,0.0,0.0,23.45,0,,MAPK14,t1_cns,1,0
CHEMBL827,-7.046,1,0.0,0.0,10.81,0,,MAPK14,t1_cns,1,0
CHEMBL83063,-8.317,2,0.0,0.0,20.31,0,,MAPK14,t1_cns,1,0
CHEMBL831,-6.338,3,0.0,0.0,7.23,0,,MAPK14,t1_cns,1,0
CHEMBL836,-6.437,3,0.0,0.0,44.97,0,,MAPK14,t1_cns,1,0
CHEMBL839,-6.571,2,0.0,0.0,18.02,0,,MAPK14,t1_cns,1,0
CHEMBL841,-7.168,2,0.0,0.0,35.6,0,,MAPK14,t1_cns,1,0
CHEMBL844,-7.079,2,0.0,0.0,6.64,0,,MAPK14,t1_cns,1,0
CHEMBL85,-8.98,2,0.0,0.0,17.8,0,,MAPK14,t1_cns,1,0
CHEMBL85231,-5.138,3,0.0,0.0,14.74,0,,MAPK14,t1_cns,1,0
CHEMBL855,-6.317,1,0.0,0.0,10.22,0,,MAPK14,t1_cns,1,0
CHEMBL856,-7.256,2,0.0,0.0,8.23,0,,MAPK14,t1_cns,1,0
CHEMBL86,-5.932,2,0.0,0.0,15.55,0,,MAPK14,t1_cns,1,0
CHEMBL861,-6.445,2,0.0,0.0,6.84,0,,MAPK14,t1_cns,1,0
CHEMBL862,-5.918,2,0.0,0.0,7.77,0,,MAPK14,t1_cns,1,0
CHEMBL86304,-7.399,3,0.0,0.0,10.11,0,,MAPK14,t1_cns,1,0
CHEMBL864,-5.629,2,0.0,0.0,14.06,0,,MAPK14,t1_cns,1,0
CHEMBL86715,-6.066,2,0.0,0.0,15.67,0,,MAPK14,t1_cns,1,0
CHEMBL87493,-7.028,1,0.0,0.0,12.49,0,,MAPK14,t1_cns,1,0
CHEMBL87708,-6.45,2,0.0,0.0,74.99,0,,MAPK14,t1_cns,1,0
CHEMBL887,-6.218,3,0.0,0.0,7.77,0,,MAPK14,t1_cns,1,0
CHEMBL894,-5.105,1,0.0,0.0,13.43,0,,MAPK14,t1_cns,1,0
CHEMBL895,-7.972,2,0.0,0.0,16.9,0,,MAPK14,t1_cns,1,0
CHEMBL89598,-5.414,3,0.0,0.0,13.35,0,,MAPK14,t1_cns,1,0
CHEMBL896,-6.815,3,0.0,0.0,34.13,0,,MAPK14,t1_cns,1,0
CHEMBL898,-7.602,2,0.0,0.0,12.97,0,,MAPK14,t1_cns,1,0
CHEMBL90,-4.686,1,0.0,0.0,7.09,0,,MAPK14,t1_cns,1,0
CHEMBL900,-5.411,1,0.0,0.0,16.84,0,,MAPK14,t1_cns,1,0
CHEMBL902,-5.355,3,0.0,0.0,25.02,0,,MAPK14,t1_cns,1,0
CHEMBL905,-6.324,2,0.0,0.0,14.29,0,,MAPK14,t1_cns,1,0
CHEMBL908,-5.222,3,0.0,0.0,12.75,0,,MAPK14,t1_cns,1,0
CHEMBL911,-6.588,1,0.0,0.0,11.03,0,,MAPK14,t1_cns,1,0
CHEMBL91397,-5.419,2,0.0,0.0,45.9,0,,MAPK14,t1_cns,1,0
CHEMBL914,-8.385,2,0.0,0.0,52.41,0,,MAPK14,t1_cns,1,0
CHEMBL918,-6.411,2,0.0,0.0,5.93,0,,MAPK14,t1_cns,1,0
CHEMBL920,-3.258,1,0.0,0.0,4.14,0,,MAPK14,t1_cns,1,0
CHEMBL92401,-6.646,2,0.0,0.0,6.03,0,,MAPK14,t1_cns,1,0
CHEMBL926,-7.08,3,0.0,0.0,21.21,0,,MAPK14,t1_cns,1,0
CHEMBL931,-4.625,2,0.0,0.0,3.15,0,,MAPK14,t1_cns,1,0
CHEMBL936,-6.628,2,0.0,0.0,20.36,0,,MAPK14,t1_cns,1,0
CHEMBL94,-7.211,3,0.0,0.0,9.27,0,,MAPK14,t1_cns,1,0
CHEMBL940,-5.29,2,0.0,0.0,10.07,0,,MAPK14,t1_cns,1,0
CHEMBL94454,-7.995,2,0.0,0.0,41.51,0,,MAPK14,t1_cns,1,0
CHEMBL945,-6.462,3,0.0,0.0,14.25,0,,MAPK14,t1_cns,1,0
CHEMBL946,-4.821,2,0.0,0.0,26.47,0,,MAPK14,t1_cns,1,0
CHEMBL95,-7.062,2,0.0,0.0,8.62,0,,MAPK14,t1_cns,1,0
CHEMBL953,-7.222,3,0.0,0.0,19.08,0,,MAPK14,t1_cns,1,0
CHEMBL963,-5.854,2,0.0,0.0,10.18,0,,MAPK14,t1_cns,1,0
CHEMBL967,-4.189,2,0.0,0.0,27.92,0,,MAPK14,t1_cns,1,0
CHEMBL968,-4.253,2,0.0,0.0,55.55,0,,MAPK14,t1_cns,1,0
CHEMBL969,-5.376,2,0.0,0.0,36.18,0,,MAPK14,t1_cns,1,0
CHEMBL970,-6.882,2,0.0,0.0,29.6,0,,MAPK14,t1_cns,1,0
CHEMBL972,-5.268,3,0.0,0.0,7.14,0,,MAPK14,t1_cns,1,0
CHEMBL978,-4.37,2,0.0,0.0,5.3,0,,MAPK14,t1_cns,1,0
CHEMBL979,-5.383,2,0.0,0.0,10.34,0,,MAPK14,t1_cns,1,0
CHEMBL982,-6.343,3,0.0,0.0,10.12,0,,MAPK14,t1_cns,1,0
CHEMBL9967,-7.071,3,0.0,0.0,13.61,0,,MAPK14,t1_cns,1,0
CHEMBL998,-4.9,3,0.0,0.0,24.11,0,,MAPK14,t1_cns,1,0
CHEMBL99946,-5.78,2,0.0,0.0,5.91,0,,MAPK14,t1_cns,1,0
CHEMBL1000,-5.174,3,0.0,0.0,30.71,0,,SERPINE1,t1_cns,1,0
CHEMBL100116,-6.239,2,0.0,0.0,9.3,0,,SERPINE1,t1_cns,1,0
CHEMBL1004,-5.002,2,0.0,0.0,14.06,0,,SERPINE1,t1_cns,1,0
CHEMBL1005,-4.952,1,0.0,0.0,27.43,0,,SERPINE1,t1_cns,1,0
CHEMBL1008,-5.435,2,0.0,0.0,32.44,0,,SERPINE1,t1_cns,1,0
CHEMBL1009,-6.405,2,0.0,0.0,12.72,0,,SERPINE1,t1_cns,1,0
CHEMBL1027,-5.96,2,0.0,0.0,22.93,0,,SERPINE1,t1_cns,1,0
CHEMBL1037,-5.309,3,0.0,0.0,8.17,0,,SERPINE1,t1_cns,1,0
CHEMBL1059,-4.906,1,0.0,0.0,9.83,0,,SERPINE1,t1_cns,1,0
CHEMBL1065,-6.168,2,0.0,0.0,17.04,0,,SERPINE1,t1_cns,1,0
CHEMBL1068,-4.49,3,0.0,0.0,25.46,0,,SERPINE1,t1_cns,1,0
CHEMBL1076903,-5.74,3,0.0,0.0,4.83,0,,SERPINE1,t1_cns,1,0
CHEMBL1077896,-5.474,2,0.0,0.0,12.22,0,,SERPINE1,t1_cns,1,0
CHEMBL1078261,-5.379,1,0.0,0.0,25.02,0,,SERPINE1,t1_cns,1,0
CHEMBL1079,-4.635,3,0.0,0.0,7.29,0,,SERPINE1,t1_cns,1,0
CHEMBL1079604,-6.316,3,0.0,0.0,8.88,0,,SERPINE1,t1_cns,1,0
CHEMBL108,-6.189,3,0.0,0.0,5.43,0,,SERPINE1,t1_cns,1,0
CHEMBL1083659,-4.442,2,0.0,0.0,73.58,0,,SERPINE1,t1_cns,1,0
CHEMBL1085,-5.685,3,0.0,0.0,28.48,0,,SERPINE1,t1_cns,1,0
CHEMBL1087,-5.535,3,0.0,0.0,8.05,0,,SERPINE1,t1_cns,1,0
CHEMBL10878,-6.199,2,0.0,0.0,11.5,0,,SERPINE1,t1_cns,1,0
CHEMBL1088,-5.947,1,0.0,0.0,16.48,0,,SERPINE1,t1_cns,1,0
CHEMBL1089,-5.606,2,0.0,0.0,6.85,0,,SERPINE1,t1_cns,1,0
CHEMBL1089221,-5.908,1,0.0,0.0,15.67,0,,SERPINE1,t1_cns,1,0
CHEMBL109,-4.323,3,0.0,0.0,7.67,0,,SERPINE1,t1_cns,1,0
CHEMBL1093,-4.216,3,0.0,0.0,14.93,0,,SERPINE1,t1_cns,1,0
CHEMBL1094,-6.368,1,0.0,0.0,16.28,0,,SERPINE1,t1_cns,1,0
CHEMBL1095,-5.129,2,0.0,0.0,6.91,0,,SERPINE1,t1_cns,1,0
CHEMBL1095777,-7.112,2,0.0,0.0,29.59,0,,SERPINE1,t1_cns,1,0
CHEMBL1096,-8.142,3,0.0,0.0,11.07,0,,SERPINE1,t1_cns,1,0
CHEMBL1098,-5.629,2,0.0,0.0,15.26,0,,SERPINE1,t1_cns,1,0
CHEMBL11,-4.144,3,0.0,0.0,34.34,0,,SERPINE1,t1_cns,1,0
CHEMBL1100,-4.774,3,0.0,0.0,4.62,0,,SERPINE1,t1_cns,1,0
CHEMBL1101,-5.849,2,0.0,0.0,17.53,0,,SERPINE1,t1_cns,1,0
CHEMBL1102,-5.933,3,0.0,0.0,6.61,0,,SERPINE1,t1_cns,1,0
CHEMBL1104,-5.393,2,0.0,0.0,6.23,0,,SERPINE1,t1_cns,1,0
CHEMBL1106,-6.708,3,0.0,0.0,5.45,0,,SERPINE1,t1_cns,1,0
CHEMBL1108,-6.4,2,0.0,0.0,24.68,0,,SERPINE1,t1_cns,1,0
CHEMBL111,-6.525,1,0.0,0.0,21.79,0,,SERPINE1,t1_cns,1,0
CHEMBL1110,-6.162,2,0.0,0.0,10.69,0,,SERPINE1,t1_cns,1,0
CHEMBL1112,-5.737,3,0.0,0.0,33.03,0,,SERPINE1,t1_cns,1,0
CHEMBL1113,-6.873,2,0.0,0.0,6.89,0,,SERPINE1,t1_cns,1,0
CHEMBL1115,-5.598,2,0.0,0.0,7.28,0,,SERPINE1,t1_cns,1,0
CHEMBL1118,-5.711,3,0.0,0.0,12.77,0,,SERPINE1,t1_cns,1,0
CHEMBL112,-5.842,3,0.0,0.0,5.85,0,,SERPINE1,t1_cns,1,0
CHEMBL113,-4.354,3,0.0,0.0,4.29,0,,SERPINE1,t1_cns,1,0
CHEMBL1165342,-6.09,3,0.0,0.0,11.91,0,,SERPINE1,t1_cns,1,0
CHEMBL1172,-4.85,3,0.0,0.0,24.73,0,,SERPINE1,t1_cns,1,0
CHEMBL117287,-5.272,3,0.0,0.0,19.27,0,,SERPINE1,t1_cns,1,0
CHEMBL1175,-5.852,3,0.0,0.0,14.53,0,,SERPINE1,t1_cns,1,0
CHEMBL1177,-5.633,2,0.0,0.0,5.38,0,,SERPINE1,t1_cns,1,0
CHEMBL117785,-5.3,2,0.0,0.0,11.78,0,,SERPINE1,t1_cns,1,0
CHEMBL1179047,-4.694,2,0.0,0.0,15.6,0,,SERPINE1,t1_cns,1,0
CHEMBL118,-6.114,2,0.0,0.0,18.3,0,,SERPINE1,t1_cns,1,0
CHEMBL1180725,-5.849,1,0.0,0.0,22.68,0,,SERPINE1,t1_cns,1,0
CHEMBL1185,-6.656,2,0.0,0.0,17.91,0,,SERPINE1,t1_cns,1,0
CHEMBL1186579,-6.179,2,0.0,0.0,12.27,0,,SERPINE1,t1_cns,1,0
CHEMBL1186610,-4.704,3,0.0,0.0,13.99,0,,SERPINE1,t1_cns,1,0
CHEMBL1187833,-5.9,2,0.0,0.0,35.67,0,,SERPINE1,t1_cns,1,0
CHEMBL1189432,-6.147,2,0.0,0.0,16.67,0,,SERPINE1,t1_cns,1,0
CHEMBL1189679,-6.65,3,0.0,0.0,10.02,0,,SERPINE1,t1_cns,1,0
CHEMBL1190,-3.918,3,0.0,0.0,22.98,0,,SERPINE1,t1_cns,1,0
CHEMBL1193,-5.248,3,0.0,0.0,10.91,0,,SERPINE1,t1_cns,1,0
CHEMBL1194,-5.932,2,0.0,0.0,12.09,0,,SERPINE1,t1_cns,1,0
CHEMBL1194325,-6.254,3,0.0,0.0,49.15,0,,SERPINE1,t1_cns,1,0
CHEMBL1195,-4.393,3,0.0,0.0,24.53,0,,SERPINE1,t1_cns,1,0
CHEMBL1197,-5.191,2,0.0,0.0,14.7,0,,SERPINE1,t1_cns,1,0
CHEMBL1198857,-4.956,2,0.0,0.0,91.03,0,,SERPINE1,t1_cns,1,0
CHEMBL1199080,-4.457,1,0.0,0.0,6.24,0,,SERPINE1,t1_cns,1,0
CHEMBL1199307,-4.832,3,0.0,0.0,52.55,0,,SERPINE1,t1_cns,1,0
CHEMBL12,-4.625,2,0.0,0.0,21.56,0,,SERPINE1,t1_cns,1,0
CHEMBL1200338,-4.823,3,0.0,0.0,9.05,0,,SERPINE1,t1_cns,1,0
CHEMBL1200406,-5.027,3,0.0,0.0,12.33,0,,SERPINE1,t1_cns,1,0
CHEMBL1200472,-4.688,3,0.0,0.0,41.87,0,,SERPINE1,t1_cns,1,0
CHEMBL1200596,-5.31,3,0.0,0.0,5.26,0,,SERPINE1,t1_cns,1,0
CHEMBL1200604,-5.047,2,0.0,0.0,19.43,0,,SERPINE1,t1_cns,1,0
CHEMBL1200694,-4.034,3,0.0,0.0,5.88,0,,SERPINE1,t1_cns,1,0
CHEMBL1200714,-6.597,2,0.0,0.0,7.08,0,,SERPINE1,t1_cns,1,0
CHEMBL1200748,-6.672,2,0.0,0.0,14.58,0,,SERPINE1,t1_cns,1,0
CHEMBL1200790,-4.317,3,0.0,0.0,5.28,0,,SERPINE1,t1_cns,1,0
CHEMBL1200802,-4.711,2,0.0,0.0,8.55,0,,SERPINE1,t1_cns,1,0
CHEMBL1200922,-5.222,2,0.0,0.0,15.17,0,,SERPINE1,t1_cns,1,0
CHEMBL1201,-6.197,1,0.0,0.0,22.71,0,,SERPINE1,t1_cns,1,0
CHEMBL1201087,-5.437,2,0.0,0.0,43.31,0,,SERPINE1,t1_cns,1,0
CHEMBL1201168,-6.815,1,0.0,0.0,12.67,0,,SERPINE1,t1_cns,1,0
CHEMBL1201191,-5.444,2,0.0,0.0,31.63,0,,SERPINE1,t1_cns,1,0
CHEMBL1201192,-5.444,2,0.0,0.0,12.52,0,,SERPINE1,t1_cns,1,0
CHEMBL1201201,-5.685,2,0.0,0.0,5.42,0,,SERPINE1,t1_cns,1,0
CHEMBL1201206,-6.268,3,0.0,0.0,41.22,0,,SERPINE1,t1_cns,1,0
CHEMBL1201210,-5.923,2,0.0,0.0,14.05,0,,SERPINE1,t1_cns,1,0
CHEMBL1201212,-5.152,1,0.0,0.0,21.07,0,,SERPINE1,t1_cns,1,0
CHEMBL1201213,-5.914,3,0.0,0.0,15.65,0,,SERPINE1,t1_cns,1,0
CHEMBL1201216,-6.006,3,0.0,0.0,14.59,0,,SERPINE1,t1_cns,1,0
CHEMBL1201217,-4.657,3,0.0,0.0,16.67,0,,SERPINE1,t1_cns,1,0
CHEMBL1201219,-6.695,1,0.0,0.0,32.69,0,,SERPINE1,t1_cns,1,0
CHEMBL1201222,-5.061,2,0.0,0.0,22.16,0,,SERPINE1,t1_cns,1,0
CHEMBL1201229,-4.754,3,0.0,0.0,134.21,0,,SERPINE1,t1_cns,1,0
CHEMBL1201234,-5.816,1,0.0,0.0,6.65,0,,SERPINE1,t1_cns,1,0
CHEMBL1201237,-5.194,3,0.0,0.0,18.16,0,,SERPINE1,t1_cns,1,0
CHEMBL1201244,-6.108,3,0.0,0.0,32.24,0,,SERPINE1,t1_cns,1,0
CHEMBL1201256,-4.895,2,0.0,0.0,29.55,0,,SERPINE1,t1_cns,1,0
CHEMBL1201264,-5.201,3,0.0,0.0,21.57,0,,SERPINE1,t1_cns,1,0
CHEMBL1201266,-5.299,2,0.0,0.0,15.93,0,,SERPINE1,t1_cns,1,0
CHEMBL1201271,-7.166,2,0.0,0.0,26.68,0,,SERPINE1,t1_cns,1,0
CHEMBL1201274,-4.716,3,0.0,0.0,27.05,0,,SERPINE1,t1_cns,1,0
CHEMBL1201284,-5.872,3,0.0,0.0,25.5,0,,SERPINE1,t1_cns,1,0
CHEMBL1201288,-7.179,1,0.0,0.0,14.86,0,,SERPINE1,t1_cns,1,0
CHEMBL1201293,-4.911,2,0.0,0.0,8.6,0,,SERPINE1,t1_cns,1,0
CHEMBL1201317,-4.584,2,0.0,0.0,7.38,0,,SERPINE1,t1_cns,1,0
CHEMBL1201319,-5.827,2,0.0,0.0,8.46,0,,SERPINE1,t1_cns,1,0
CHEMBL1201323,-4.426,2,0.0,0.0,6.22,0,,SERPINE1,t1_cns,1,0
CHEMBL1201336,-5.775,2,0.0,0.0,25.25,0,,SERPINE1,t1_cns,1,0
CHEMBL1201338,-5.12,2,0.0,0.0,19.03,0,,SERPINE1,t1_cns,1,0
CHEMBL1201340,-5.724,2,0.0,0.0,9.53,0,,SERPINE1,t1_cns,1,0
CHEMBL1201353,-5.258,2,0.0,0.0,11.84,0,,SERPINE1,t1_cns,1,0
CHEMBL1201354,-5.025,2,0.0,0.0,22.34,0,,SERPINE1,t1_cns,1,0
CHEMBL1201747,-4.43,3,0.0,0.0,29.48,0,,SERPINE1,t1_cns,1,0
CHEMBL1201754,-6.118,2,0.0,0.0,9.08,0,,SERPINE1,t1_cns,1,0
CHEMBL1201758,-5.488,3,0.0,0.0,28.98,0,,SERPINE1,t1_cns,1,0
CHEMBL1201764,-5.683,2,0.0,0.0,39.85,0,,SERPINE1,t1_cns,1,0
CHEMBL1201776,-5.277,2,0.0,0.0,11.76,0,,SERPINE1,t1_cns,1,0
CHEMBL1206690,-6.674,1,0.0,0.0,19.33,0,,SERPINE1,t1_cns,1,0
CHEMBL1213351,-4.924,3,0.0,0.0,23.59,0,,SERPINE1,t1_cns,1,0
CHEMBL1214124,-6.457,2,0.0,0.0,16.34,0,,SERPINE1,t1_cns,1,0
CHEMBL1215,-5.745,2,0.0,0.0,7.98,0,,SERPINE1,t1_cns,1,0
CHEMBL1218,-5.234,3,0.0,0.0,11.08,0,,SERPINE1,t1_cns,1,0
CHEMBL1224,-5.982,3,0.0,0.0,21.89,0,,SERPINE1,t1_cns,1,0
CHEMBL1231,-5.458,1,0.0,0.0,30.6,0,,SERPINE1,t1_cns,1,0
CHEMBL1237021,-7.499,3,0.0,0.0,36.66,0,,SERPINE1,t1_cns,1,0
CHEMBL1237044,-5.115,2,0.0,0.0,13.12,0,,SERPINE1,t1_cns,1,0
CHEMBL1241,-5.022,1,0.0,0.0,12.66,0,,SERPINE1,t1_cns,1,0
CHEMBL1254682,-6.529,3,0.0,0.0,8.67,0,,SERPINE1,t1_cns,1,0
CHEMBL1256,-5.055,1,0.0,0.0,5.4,0,,SERPINE1,t1_cns,1,0
CHEMBL1256786,-4.956,2,0.0,0.0,31.95,0,,SERPINE1,t1_cns,1,0
CHEMBL1256841,-4.707,3,0.0,0.0,20.53,0,,SERPINE1,t1_cns,1,0
CHEMBL1257,-4.933,2,0.0,0.0,5.59,0,,SERPINE1,t1_cns,1,0
CHEMBL1259,-5.019,2,0.0,0.0,184.93,0,,SERPINE1,t1_cns,1,0
CHEMBL126224,-3.999,3,0.0,0.0,35.91,0,,SERPINE1,t1_cns,1,0
CHEMBL1263,-4.917,2,0.0,0.0,80.89,0,,SERPINE1,t1_cns,1,0
CHEMBL1266,-5.946,2,0.0,0.0,5.8,0,,SERPINE1,t1_cns,1,0
CHEMBL12713,-7.146,2,0.0,0.0,23.4,0,,SERPINE1,t1_cns,1,0
CHEMBL127516,-6.001,1,0.0,0.0,11.13,0,,SERPINE1,t1_cns,1,0
CHEMBL1278,-5.788,3,0.0,0.0,17.11,0,,SERPINE1,t1_cns,1,0
CHEMBL1279,-5.776,2,0.0,0.0,8.24,0,,SERPINE1,t1_cns,1,0
CHEMBL128,-5.854,1,0.0,0.0,15.23,0,,SERPINE1,t1_cns,1,0
CHEMBL1286,-4.829,3,0.0,0.0,6.62,0,,SERPINE1,t1_cns,1,0
CHEMBL1290,-5.589,2,0.0,0.0,20.29,0,,SERPINE1,t1_cns,1,0
CHEMBL1291,-5.204,3,0.0,0.0,17.52,0,,SERPINE1,t1_cns,1,0
CHEMBL1294,-5.878,3,0.0,0.0,13.55,0,,SERPINE1,t1_cns,1,0
CHEMBL13,-6.056,2,0.0,0.0,18.83,0,,SERPINE1,t1_cns,1,0
CHEMBL1303,-5.636,2,0.0,0.0,19.06,0,,SERPINE1,t1_cns,1,0
CHEMBL1305,-5.603,2,0.0,0.0,13.72,0,,SERPINE1,t1_cns,1,0
CHEMBL131,-6.193,3,0.0,0.0,14.24,0,,SERPINE1,t1_cns,1,0
CHEMBL13209,-4.509,3,0.0,0.0,26.75,0,,SERPINE1,t1_cns,1,0
CHEMBL1321,-6.587,1,0.0,0.0,12.1,0,,SERPINE1,t1_cns,1,0
CHEMBL13280,-4.584,2,0.0,0.0,32.75,0,,SERPINE1,t1_cns,1,0
CHEMBL134,-4.634,3,0.0,0.0,6.06,0,,SERPINE1,t1_cns,1,0
CHEMBL1341,-4.116,2,0.0,0.0,4.5,0,,SERPINE1,t1_cns,1,0
CHEMBL1346,-6.717,1,0.0,0.0,34.2,0,,SERPINE1,t1_cns,1,0
CHEMBL135400,-6.263,2,0.0,0.0,18.97,0,,SERPINE1,t1_cns,1,0
CHEMBL1372950,-6.147,2,0.0,0.0,24.43,0,,SERPINE1,t1_cns,1,0
CHEMBL1373,-5.415,3,0.0,0.0,13.31,0,,SERPINE1,t1_cns,1,0
CHEMBL1378,-5.395,2,0.0,0.0,20.97,0,,SERPINE1,t1_cns,1,0
CHEMBL1382,-5.786,2,0.0,0.0,20.45,0,,SERPINE1,t1_cns,1,0
CHEMBL139,-5.865,3,0.0,0.0,15.28,0,,SERPINE1,t1_cns,1,0
CHEMBL14,-4.049,3,0.0,0.0,7.33,0,,SERPINE1,t1_cns,1,0
CHEMBL1404,-5.996,3,0.0,0.0,41.75,0,,SERPINE1,t1_cns,1,0
CHEMBL1410743,-3.842,3,0.0,0.0,3.57,0,,SERPINE1,t1_cns,1,0
CHEMBL1411979,-4.597,2,0.0,0.0,12.04,0,,SERPINE1,t1_cns,1,0
CHEMBL1414320,-5.385,1,0.0,0.0,46.97,0,,SERPINE1,t1_cns,1,0
CHEMBL1420,-4.799,3,0.0,0.0,5.37,0,,SERPINE1,t1_cns,1,0
CHEMBL1423,-6.838,3,0.0,0.0,40.05,0,,SERPINE1,t1_cns,1,0
CHEMBL142635,-5.738,3,0.0,0.0,31.28,0,,SERPINE1,t1_cns,1,0
CHEMBL1428,-4.653,3,0.0,0.0,36.3,0,,SERPINE1,t1_cns,1,0
CHEMBL1434,-6.262,3,0.0,0.0,27.94,0,,SERPINE1,t1_cns,1,0
CHEMBL1437,-5.765,2,0.0,0.0,9.74,0,,SERPINE1,t1_cns,1,0
CHEMBL14370,-5.988,3,0.0,0.0,19.09,0,,SERPINE1,t1_cns,1,0
CHEMBL14376,-5.516,3,0.0,0.0,33.31,0,,SERPINE1,t1_cns,1,0
CHEMBL1442422,-5.456,3,0.0,0.0,10.45,0,,SERPINE1,t1_cns,1,0
CHEMBL1454,-6.419,1,0.0,0.0,5.49,0,,SERPINE1,t1_cns,1,0
CHEMBL146095,-5.743,2,0.0,0.0,36.09,0,,SERPINE1,t1_cns,1,0
CHEMBL1480,-5.495,2,0.0,0.0,17.84,0,,SERPINE1,t1_cns,1,0
CHEMBL1480987,-6.534,2,0.0,0.0,14.65,0,,SERPINE1,t1_cns,1,0
CHEMBL1482,-4.313,2,0.0,0.0,7.56,0,,SERPINE1,t1_cns,1,0
CHEMBL1484,-6.068,2,0.0,0.0,62.79,0,,SERPINE1,t1_cns,1,0
CHEMBL1490,-5.934,2,0.0,0.0,17.56,0,,SERPINE1,t1_cns,1,0
CHEMBL1491,-4.862,2,0.0,0.0,37.26,0,,SERPINE1,t1_cns,1,0
CHEMBL1492,-5.96,2,0.0,0.0,11.94,0,,SERPINE1,t1_cns,1,0
CHEMBL1492500,-5.388,3,0.0,0.0,10.42,0,,SERPINE1,t1_cns,1,0
CHEMBL1493,-6.45,1,0.0,0.0,25.15,0,,SERPINE1,t1_cns,1,0
CHEMBL15023,-5.933,3,0.0,0.0,32.57,0,,SERPINE1,t1_cns,1,0
CHEMBL1505,-5.542,2,0.0,0.0,18.43,0,,SERPINE1,t1_cns,1,0
CHEMBL1508,-6.222,1,0.0,0.0,15.47,0,,SERPINE1,t1_cns,1,0
CHEMBL1510,-6.095,3,0.0,0.0,22.93,0,,SERPINE1,t1_cns,1,0
CHEMBL1514,-5.107,2,0.0,0.0,24.06,0,,SERPINE1,t1_cns,1,0
CHEMBL1515611,-5.22,2,0.0,0.0,5.68,0,,SERPINE1,t1_cns,1,0
CHEMBL1521,-6.089,2,0.0,0.0,14.16,0,,SERPINE1,t1_cns,1,0
CHEMBL1522,-5.858,2,0.0,0.0,17.28,0,,SERPINE1,t1_cns,1,0
CHEMBL154,-7.111,3,0.0,0.0,8.5,0,,SERPINE1,t1_cns,1,0
CHEMBL1568698,-6.608,3,0.0,0.0,7.52,0,,SERPINE1,t1_cns,1,0
CHEMBL1580,-4.411,3,0.0,0.0,29.92,0,,SERPINE1,t1_cns,1,0
CHEMBL1584,-6.636,1,0.0,0.0,28.25,0,,SERPINE1,t1_cns,1,0
CHEMBL159226,-4.853,3,0.0,0.0,16.14,0,,SERPINE1,t1_cns,1,0
CHEMBL1595,-5.757,2,0.0,0.0,8.4,0,,SERPINE1,t1_cns,1,0
CHEMBL16,-6.332,2,0.0,0.0,9.19,0,,SERPINE1,t1_cns,1,0
CHEMBL16073,-5.909,2,0.0,0.0,7.76,0,,SERPINE1,t1_cns,1,0
CHEMBL1611,-6.209,3,0.0,0.0,9.23,0,,SERPINE1,t1_cns,1,0
CHEMBL1615438,-6.879,2,0.0,0.0,24.39,0,,SERPINE1,t1_cns,1,0
CHEMBL1618018,-7.021,2,0.0,0.0,18.29,0,,SERPINE1,t1_cns,1,0
CHEMBL1619,-5.619,3,0.0,0.0,13.53,0,,SERPINE1,t1_cns,1,0
CHEMBL162036,-6.207,1,0.0,0.0,17.08,0,,SERPINE1,t1_cns,1,0
CHEMBL1621,-6.847,2,0.0,0.0,26.24,0,,SERPINE1,t1_cns,1,0
CHEMBL1621597,-5.548,2,0.0,0.0,20.42,0,,SERPINE1,t1_cns,1,0
CHEMBL1623992,-6.03,2,0.0,0.0,20.65,0,,SERPINE1,t1_cns,1,0
CHEMBL1626,-5.905,1,0.0,0.0,19.17,0,,SERPINE1,t1_cns,1,0
CHEMBL1626223,-5.812,2,0.0,0.0,6.73,0,,SERPINE1,t1_cns,1,0
CHEMBL1628227,-5.846,3,0.0,0.0,9.53,0,,SERPINE1,t1_cns,1,0
CHEMBL1628502,-5.065,1,0.0,0.0,25.01,0,,SERPINE1,t1_cns,1,0
CHEMBL1643895,-7.87,2,0.0,0.0,11.64,0,,SERPINE1,t1_cns,1,0
CHEMBL1648,-5.399,3,0.0,0.0,22.04,0,,SERPINE1,t1_cns,1,0
CHEMBL1652,-6.059,3,0.0,0.0,70.64,0,,SERPINE1,t1_cns,1,0
CHEMBL1685,-4.92,3,0.0,0.0,16.75,0,,SERPINE1,t1_cns,1,0
CHEMBL168815,-4.822,3,0.0,0.0,3.67,0,,SERPINE1,t1_cns,1,0
CHEMBL1697737,-4.569,3,0.0,0.0,23.49,0,,SERPINE1,t1_cns,1,0
CHEMBL1697856,-6.036,1,0.0,0.0,9.65,0,,SERPINE1,t1_cns,1,0
CHEMBL169901,-5.915,2,0.0,0.0,4.77,0,,SERPINE1,t1_cns,1,0
CHEMBL17157,-6.02,2,0.0,0.0,49.42,0,,SERPINE1,t1_cns,1,0
CHEMBL1726,-5.556,3,0.0,0.0,25.74,0,,SERPINE1,t1_cns,1,0
CHEMBL1729,-6.117,3,0.0,0.0,34.15,0,,SERPINE1,t1_cns,1,0
CHEMBL1732,-7.367,3,0.0,0.0,44.59,0,,SERPINE1,t1_cns,1,0
CHEMBL1742423,-6.104,2,0.0,0.0,39.44,0,,SERPINE1,t1_cns,1,0
CHEMBL1742466,-6.279,2,0.0,0.0,72.9,0,,SERPINE1,t1_cns,1,0
CHEMBL1742471,-6.038,3,0.0,0.0,27.94,0,,SERPINE1,t1_cns,1,0
CHEMBL1752,-5.232,3,0.0,0.0,10.03,0,,SERPINE1,t1_cns,1,0
CHEMBL1754,-5.771,2,0.0,0.0,19.21,0,,SERPINE1,t1_cns,1,0
CHEMBL1760,-6.177,2,0.0,0.0,11.27,0,,SERPINE1,t1_cns,1,0
CHEMBL1762,-5.322,3,0.0,0.0,6.28,0,,SERPINE1,t1_cns,1,0
CHEMBL1764,-5.114,2,0.0,0.0,12.14,0,,SERPINE1,t1_cns,1,0
CHEMBL17860,-4.728,2,0.0,0.0,7.03,0,,SERPINE1,t1_cns,1,0
CHEMBL178803,-5.14,1,0.0,0.0,39.97,0,,SERPINE1,t1_cns,1,0
CHEMBL1790041,-4.958,1,0.0,0.0,25.66,0,,SERPINE1,t1_cns,1,0
CHEMBL181,-4.83,3,0.0,0.0,5.55,0,,SERPINE1,t1_cns,1,0
CHEMBL18116,-6.405,3,0.0,0.0,7.81,0,,SERPINE1,t1_cns,1,0
CHEMBL184412,-4.512,2,0.0,0.0,99.73,0,,SERPINE1,t1_cns,1,0
CHEMBL185073,-6.734,2,0.0,0.0,35.61,0,,SERPINE1,t1_cns,1,0
CHEMBL1874750,-5.618,3,0.0,0.0,21.06,0,,SERPINE1,t1_cns,1,0
CHEMBL1888176,-6.403,3,0.0,0.0,21.15,0,,SERPINE1,t1_cns,1,0
CHEMBL188921,-4.61,3,0.0,0.0,15.07,0,,SERPINE1,t1_cns,1,0
CHEMBL1900528,-5.466,2,0.0,0.0,18.02,0,,SERPINE1,t1_cns,1,0
CHEMBL19019,-6.432,3,0.0,0.0,9.9,0,,SERPINE1,t1_cns,1,0
CHEMBL190461,-5.638,3,0.0,0.0,16.19,0,,SERPINE1,t1_cns,1,0
CHEMBL1909324,-5.681,2,0.0,0.0,38.35,0,,SERPINE1,t1_cns,1,0
CHEMBL19299,-6.079,1,0.0,0.0,9.16,0,,SERPINE1,t1_cns,1,0
CHEMBL193,-5.069,2,0.0,0.0,15.48,0,,SERPINE1,t1_cns,1,0
CHEMBL197084,-4.912,1,0.0,0.0,23.38,0,,SERPINE1,t1_cns,1,0
CHEMBL1983350,-6.665,2,0.0,0.0,9.59,0,,SERPINE1,t1_cns,1,0
CHEMBL2,-6.175,2,0.0,0.0,16.82,0,,SERPINE1,t1_cns,1,0
CHEMBL2028019,-6.317,3,0.0,0.0,18.9,0,,SERPINE1,t1_cns,1,0
CHEMBL207538,-6.729,3,0.0,0.0,6.94,0,,SERPINE1,t1_cns,1,0
CHEMBL2095212,-5.863,2,0.0,0.0,33.25,0,,SERPINE1,t1_cns,1,0
CHEMBL2103822,-5.483,3,0.0,0.0,8.48,0,,SERPINE1,t1_cns,1,0
CHEMBL2103827,-6.434,3,0.0,0.0,11.91,0,,SERPINE1,t1_cns,1,0
CHEMBL2103837,-6.061,3,0.0,0.0,8.07,0,,SERPINE1,t1_cns,1,0
CHEMBL2104095,-3.262,2,0.0,0.0,3.74,0,,SERPINE1,t1_cns,1,0
CHEMBL2104356,-4.818,3,0.0,0.0,32.27,0,,SERPINE1,t1_cns,1,0
CHEMBL2104993,-6.029,3,0.0,0.0,10.2,0,,SERPINE1,t1_cns,1,0
CHEMBL2105233,-4.57,2,0.0,0.0,8.13,0,,SERPINE1,t1_cns,1,0
CHEMBL2105275,-5.691,2,0.0,0.0,5.21,0,,SERPINE1,t1_cns,1,0
CHEMBL2105581,-5.665,3,0.0,0.0,23.8,0,,SERPINE1,t1_cns,1,0
CHEMBL2105760,-6.8,3,0.0,0.0,28.92,0,,SERPINE1,t1_cns,1,0
CHEMBL2107011,-6.304,3,0.0,0.0,23.5,0,,SERPINE1,t1_cns,1,0
CHEMBL2107726,-5.133,3,0.0,0.0,16.84,0,,SERPINE1,t1_cns,1,0
CHEMBL2110774,-5.203,3,0.0,0.0,15.47,0,,SERPINE1,t1_cns,1,0
CHEMBL2110805,-5.286,2,0.0,0.0,15.4,0,,SERPINE1,t1_cns,1,0
CHEMBL2110816,-4.732,2,0.0,0.0,33.07,0,,SERPINE1,t1_cns,1,0
CHEMBL2111030,-5.023,3,0.0,0.0,11.09,0,,SERPINE1,t1_cns,1,0
CHEMBL2111097,-4.882,2,0.0,0.0,29.53,0,,SERPINE1,t1_cns,1,0
CHEMBL2111101,-6.341,3,0.0,0.0,32.35,0,,SERPINE1,t1_cns,1,0
CHEMBL2111112,-5.564,3,0.0,0.0,20.97,0,,SERPINE1,t1_cns,1,0
CHEMBL211456,-5.659,2,0.0,0.0,6.35,0,,SERPINE1,t1_cns,1,0
CHEMBL21536,-4.245,2,0.0,0.0,13.02,0,,SERPINE1,t1_cns,1,0
CHEMBL2159122,-6.705,3,0.0,0.0,91.17,0,,SERPINE1,t1_cns,1,0
CHEMBL21731,-6.539,3,0.0,0.0,8.89,0,,SERPINE1,t1_cns,1,0
CHEMBL2178422,-6.22,3,0.0,0.0,101.71,0,,SERPINE1,t1_cns,1,0
CHEMBL219916,-7.434,2,0.0,0.0,26.52,0,,SERPINE1,t1_cns,1,0
CHEMBL220492,-4.961,3,0.0,0.0,10.73,0,,SERPINE1,t1_cns,1,0
CHEMBL22097,-4.803,2,0.0,0.0,27.21,0,,SERPINE1,t1_cns,1,0
CHEMBL2218861,-5.643,2,0.0,0.0,20.5,0,,SERPINE1,t1_cns,1,0
CHEMBL2218896,-6.486,1,0.0,0.0,17.42,0,,SERPINE1,t1_cns,1,0
CHEMBL22242,-4.94,3,0.0,0.0,13.31,0,,SERPINE1,t1_cns,1,0
CHEMBL23,-3.943,1,0.0,0.0,64.81,0,,SERPINE1,t1_cns,1,0
CHEMBL231068,-6.713,3,0.0,0.0,17.98,0,,SERPINE1,t1_cns,1,0
CHEMBL2364638,-7.687,2,0.0,0.0,32.72,0,,SERPINE1,t1_cns,1,0
CHEMBL2364639,-5.634,3,0.0,0.0,25.18,0,,SERPINE1,t1_cns,1,0
CHEMBL2397415,-9.004,3,0.0,0.0,59.14,0,,SERPINE1,t1_cns,1,0
CHEMBL24072,-5.435,1,0.0,0.0,28.13,0,,SERPINE1,t1_cns,1,0
CHEMBL243712,-5.583,3,0.0,0.0,24.69,0,,SERPINE1,t1_cns,1,0
CHEMBL2443262,-5.538,2,0.0,0.0,26.02,0,,SERPINE1,t1_cns,1,0
CHEMBL24441,-4.997,2,0.0,0.0,7.12,0,,SERPINE1,t1_cns,1,0
CHEMBL24778,-5.146,2,0.0,0.0,86.22,0,,SERPINE1,t1_cns,1,0
CHEMBL25,-5.052,3,0.0,0.0,6.37,0,,SERPINE1,t1_cns,1,0
CHEMBL251940,-6.191,2,0.0,0.0,19.69,0,,SERPINE1,t1_cns,1,0
CHEMBL252556,-4.062,3,0.0,0.0,32.91,0,,SERPINE1,t1_cns,1,0
CHEMBL254857,-6.295,3,0.0,0.0,21.45,0,,SERPINE1,t1_cns,1,0
CHEMBL255044,-7.344,1,0.0,0.0,19.7,0,,SERPINE1,t1_cns,1,0
CHEMBL259209,-5.333,2,0.0,0.0,10.13,0,,SERPINE1,t1_cns,1,0
CHEMBL26,-5.533,1,0.0,0.0,17.04,0,,SERPINE1,t1_cns,1,0
CHEMBL267495,-6.714,3,0.0,0.0,31.71,0,,SERPINE1,t1_cns,1,0
CHEMBL267894,-5.135,3,0.0,0.0,8.17,0,,SERPINE1,t1_cns,1,0
CHEMBL267936,-4.669,3,0.0,0.0,3.54,0,,SERPINE1,t1_cns,1,0
CHEMBL268164,-5.357,3,0.0,0.0,6.16,0,,SERPINE1,t1_cns,1,0
CHEMBL27,-5.584,3,0.0,0.0,13.3,0,,SERPINE1,t1_cns,1,0
CHEMBL270190,-6.86,2,0.0,0.0,34.43,0,,SERPINE1,t1_cns,1,0
CHEMBL273575,-5.857,2,0.0,0.0,6.35,0,,SERPINE1,t1_cns,1,0
CHEMBL276520,-7.754,2,0.0,0.0,9.64,0,,SERPINE1,t1_cns,1,0
CHEMBL277062,-4.595,3,0.0,0.0,16.31,0,,SERPINE1,t1_cns,1,0
CHEMBL278020,-0.2609,1,0.0,0.0,7.28,0,,SERPINE1,t1_cns,1,0
CHEMBL27810,-6.235,1,0.0,0.0,34.12,0,,SERPINE1,t1_cns,1,0
CHEMBL278819,-7.221,2,0.0,0.0,15.74,0,,SERPINE1,t1_cns,1,0
CHEMBL279516,-6.672,2,0.0,0.0,15.97,0,,SERPINE1,t1_cns,1,0
CHEMBL282052,-7.349,3,0.0,0.0,6.02,0,,SERPINE1,t1_cns,1,0
CHEMBL282121,-5.314,3,0.0,0.0,45.5,0,,SERPINE1,t1_cns,1,0
CHEMBL28218,-6.027,3,0.0,0.0,19.78,0,,SERPINE1,t1_cns,1,0
CHEMBL28318,-5.298,2,0.0,0.0,6.04,0,,SERPINE1,t1_cns,1,0
CHEMBL28333,-4.26,2,0.0,0.0,17.99,0,,SERPINE1,t1_cns,1,0
CHEMBL284092,-5.29,3,0.0,0.0,18.06,0,,SERPINE1,t1_cns,1,0
CHEMBL284906,-5.664,2,0.0,0.0,8.5,0,,SERPINE1,t1_cns,1,0
CHEMBL285674,-5.967,2,0.0,0.0,6.86,0,,SERPINE1,t1_cns,1,0
CHEMBL288470,-6.205,2,0.0,0.0,6.16,0,,SERPINE1,t1_cns,1,0
CHEMBL289469,-5.996,2,0.0,0.0,9.13,0,,SERPINE1,t1_cns,1,0
CHEMBL289480,-4.214,3,0.0,0.0,7.39,0,,SERPINE1,t1_cns,1,0
CHEMBL290916,-5.009,2,0.0,0.0,4.93,0,,SERPINE1,t1_cns,1,0
CHEMBL294199,-5.211,3,0.0,0.0,24.07,0,,SERPINE1,t1_cns,1,0
CHEMBL296419,-7.755,2,0.0,0.0,38.57,0,,SERPINE1,t1_cns,1,0
CHEMBL297302,-6.121,1,0.0,0.0,21.82,0,,SERPINE1,t1_cns,1,0
CHEMBL3,-5.533,2,0.0,0.0,3.96,0,,SERPINE1,t1_cns,1,0
CHEMBL30,-5.104,2,0.0,0.0,10.13,0,,SERPINE1,t1_cns,1,0
CHEMBL301265,-5.757,2,0.0,0.0,7.51,0,,SERPINE1,t1_cns,1,0
CHEMBL3039520,-7.493,2,0.0,0.0,15.61,0,,SERPINE1,t1_cns,1,0
CHEMBL305660,-5.751,2,0.0,0.0,48.47,0,,SERPINE1,t1_cns,1,0
CHEMBL306700,-5.399,3,0.0,0.0,10.17,0,,SERPINE1,t1_cns,1,0
CHEMBL312448,-6.049,2,0.0,0.0,7.08,0,,SERPINE1,t1_cns,1,0
CHEMBL3137326,-5.901,3,0.0,0.0,9.25,0,,SERPINE1,t1_cns,1,0
CHEMBL314437,-3.472,2,0.0,0.0,20.84,0,,SERPINE1,t1_cns,1,0
CHEMBL315795,-4.199,3,0.0,0.0,4.14,0,,SERPINE1,t1_cns,1,0
CHEMBL315985,-4.549,1,0.0,0.0,23.69,0,,SERPINE1,t1_cns,1,0
CHEMBL3183075,-3.699,3,0.0,0.0,21.1,0,,SERPINE1,t1_cns,1,0
CHEMBL3187365,-6.824,3,0.0,0.0,4.6,0,,SERPINE1,t1_cns,1,0
CHEMBL32479,-5.721,2,0.0,0.0,7.62,0,,SERPINE1,t1_cns,1,0
CHEMBL32800,-4.827,2,0.0,0.0,20.91,0,,SERPINE1,t1_cns,1,0
CHEMBL328560,-5.328,3,0.0,0.0,8.07,0,,SERPINE1,t1_cns,1,0
CHEMBL3306803,-6.014,3,0.0,0.0,18.8,0,,SERPINE1,t1_cns,1,0
CHEMBL339427,-5.771,1,0.0,0.0,137.28,0,,SERPINE1,t1_cns,1,0
CHEMBL33986,-6.611,3,0.0,0.0,10.06,0,,SERPINE1,t1_cns,1,0
CHEMBL354077,-4.502,3,0.0,0.0,3.93,0,,SERPINE1,t1_cns,1,0
CHEMBL3545367,-6.324,2,0.0,0.0,22.35,0,,SERPINE1,t1_cns,1,0
CHEMBL36715,-4.528,2,0.0,0.0,4.55,0,,SERPINE1,t1_cns,1,0
CHEMBL376897,-6.602,3,0.0,0.0,15.58,0,,SERPINE1,t1_cns,1,0
CHEMBL37744,-4.939,2,0.0,0.0,8.45,0,,SERPINE1,t1_cns,1,0
CHEMBL3833301,-5.691,2,0.0,0.0,5.16,0,,SERPINE1,t1_cns,1,0
CHEMBL3833389,-5.863,2,0.0,0.0,22.25,0,,SERPINE1,t1_cns,1,0
CHEMBL384467,-6.639,3,0.0,0.0,12.08,0,,SERPINE1,t1_cns,1,0
CHEMBL395091,-5.569,3,0.0,0.0,5.93,0,,SERPINE1,t1_cns,1,0
CHEMBL396778,-5.69,3,0.0,0.0,15.02,0,,SERPINE1,t1_cns,1,0
CHEMBL398707,-6.584,3,0.0,0.0,5.47,0,,SERPINE1,t1_cns,1,0
CHEMBL3989695,-5.96,2,0.0,0.0,24.98,0,,SERPINE1,t1_cns,1,0
CHEMBL3989803,-5.139,2,0.0,0.0,9.95,0,,SERPINE1,t1_cns,1,0
CHEMBL3989843,-5.747,2,0.0,0.0,4.5,0,,SERPINE1,t1_cns,1,0
CHEMBL3989949,-5.758,2,0.0,0.0,11.31,0,,SERPINE1,t1_cns,1,0
CHEMBL3991065,-8.418,1,0.0,0.0,38.33,0,,SERPINE1,t1_cns,1,0
CHEMBL40,-5.698,2,0.0,0.0,5.83,0,,SERPINE1,t1_cns,1,0
CHEMBL404849,-4.539,2,0.0,0.0,27.73,0,,SERPINE1,t1_cns,1,0
CHEMBL405,-5.321,2,0.0,0.0,4.63,0,,SERPINE1,t1_cns,1,0
CHEMBL407,-5.496,2,0.0,0.0,8.96,0,,SERPINE1,t1_cns,1,0
CHEMBL41,-7.078,1,0.0,0.0,22.81,0,,SERPINE1,t1_cns,1,0
CHEMBL4105630,-6.881,2,0.0,0.0,14.8,0,,SERPINE1,t1_cns,1,0
CHEMBL41355,-6.793,2,0.0,0.0,20.52,0,,SERPINE1,t1_cns,1,0
CHEMBL413965,-6.076,2,0.0,0.0,7.43,0,,SERPINE1,t1_cns,1,0
CHEMBL415,-4.267,2,0.0,0.0,29.18,0,,SERPINE1,t1_cns,1,0
CHEMBL416956,-6.612,2,0.0,0.0,15.53,0,,SERPINE1,t1_cns,1,0
CHEMBL418995,-4.123,3,0.0,0.0,56.76,0,,SERPINE1,t1_cns,1,0
CHEMBL42,-6.403,3,0.0,0.0,5.6,0,,SERPINE1,t1_cns,1,0
CHEMBL422,-6.007,3,0.0,0.0,18.08,0,,SERPINE1,t1_cns,1,0
CHEMBL423,-5.408,2,0.0,0.0,24.43,0,,SERPINE1,t1_cns,1,0
CHEMBL429,-7.689,1,0.0,0.0,33.33,0,,SERPINE1,t1_cns,1,0
CHEMBL4297526,-4.756,2,0.0,0.0,16.9,0,,SERPINE1,t1_cns,1,0
CHEMBL4297590,-6.192,3,0.0,0.0,25.13,0,,SERPINE1,t1_cns,1,0
CHEMBL4297620,-6.302,1,0.0,0.0,10.91,0,,SERPINE1,t1_cns,1,0
CHEMBL4303525,-7.147,3,0.0,0.0,20.08,0,,SERPINE1,t1_cns,1,0
CHEMBL43064,-6.663,2,0.0,0.0,17.93,0,,SERPINE1,t1_cns,1,0
CHEMBL431770,-5.512,3,0.0,0.0,14.7,0,,SERPINE1,t1_cns,1,0
CHEMBL434394,-7.268,3,0.0,0.0,28.94,0,,SERPINE1,t1_cns,1,0
CHEMBL439849,-6.545,2,0.0,0.0,32.14,0,,SERPINE1,t1_cns,1,0
CHEMBL440,-4.37,3,0.0,0.0,8.74,0,,SERPINE1,t1_cns,1,0
CHEMBL441,-4.735,2,0.0,0.0,6.97,0,,SERPINE1,t1_cns,1,0
CHEMBL442,-8.09,3,0.0,0.0,42.42,0,,SERPINE1,t1_cns,1,0
CHEMBL444,-4.894,3,0.0,0.0,4.74,0,,SERPINE1,t1_cns,1,0
CHEMBL445,-4.554,3,0.0,0.0,26.2,0,,SERPINE1,t1_cns,1,0
CHEMBL447,-5.023,3,0.0,0.0,9.5,0,,SERPINE1,t1_cns,1,0
CHEMBL448,-4.782,3,0.0,0.0,6.87,0,,SERPINE1,t1_cns,1,0
CHEMBL45,-7.137,2,0.0,0.0,9.87,0,,SERPINE1,t1_cns,1,0
CHEMBL450,-4.884,2,0.0,0.0,4.9,0,,SERPINE1,t1_cns,1,0
CHEMBL45029,-5.945,2,0.0,0.0,6.6,0,,SERPINE1,t1_cns,1,0
CHEMBL451,-5.326,2,0.0,0.0,19.85,0,,SERPINE1,t1_cns,1,0
CHEMBL452,-4.786,3,0.0,0.0,24.42,0,,SERPINE1,t1_cns,1,0
CHEMBL454,-5.113,3,0.0,0.0,6.87,0,,SERPINE1,t1_cns,1,0
CHEMBL455917,-3.813,2,0.0,0.0,3.74,0,,SERPINE1,t1_cns,1,0
CHEMBL45816,-5.057,3,0.0,0.0,51.27,0,,SERPINE1,t1_cns,1,0
CHEMBL459,-6.556,2,0.0,0.0,11.17,0,,SERPINE1,t1_cns,1,0
CHEMBL46,-5.931,2,0.0,0.0,8.63,0,,SERPINE1,t1_cns,1,0
CHEMBL460,-5.552,2,0.0,0.0,8.66,0,,SERPINE1,t1_cns,1,0
CHEMBL461522,-5.161,3,0.0,0.0,12.07,0,,SERPINE1,t1_cns,1,0
CHEMBL462605,-4.649,2,0.0,0.0,15.11,0,,SERPINE1,t1_cns,1,0
CHEMBL465,-6.085,3,0.0,0.0,10.89,0,,SERPINE1,t1_cns,1,0
CHEMBL465026,-4.458,2,0.0,0.0,19.1,0,,SERPINE1,t1_cns,1,0
CHEMBL46516,-6.629,2,0.0,0.0,33.84,0,,SERPINE1,t1_cns,1,0
CHEMBL468837,-3.94,2,0.0,0.0,18.77,0,,SERPINE1,t1_cns,1,0
CHEMBL469,-4.89,2,0.0,0.0,10.13,0,,SERPINE1,t1_cns,1,0
CHEMBL46917,-5.093,2,0.0,0.0,5.44,0,,SERPINE1,t1_cns,1,0
CHEMBL471,-6.393,2,0.0,0.0,13.25,0,,SERPINE1,t1_cns,1,0
CHEMBL471737,-3.801,2,0.0,0.0,98.75,0,,SERPINE1,t1_cns,1,0
CHEMBL473,-4.717,2,0.0,0.0,35.75,0,,SERPINE1,t1_cns,1,0
CHEMBL477,-5.743,2,0.0,0.0,12.36,0,,SERPINE1,t1_cns,1,0
CHEMBL479,-5.831,2,0.0,0.0,12.41,0,,SERPINE1,t1_cns,1,0
CHEMBL485,-6.137,3,0.0,0.0,6.53,0,,SERPINE1,t1_cns,1,0
CHEMBL488093,-5.217,3,0.0,0.0,23.91,0,,SERPINE1,t1_cns,1,0
CHEMBL49,-6.614,3,0.0,0.0,20.16,0,,SERPINE1,t1_cns,1,0
CHEMBL490,-7.625,2,0.0,0.0,17.08,0,,SERPINE1,t1_cns,1,0
CHEMBL493,-7.318,3,0.0,0.0,55.58,0,,SERPINE1,t1_cns,1,0
CHEMBL493287,-5.0,2,0.0,0.0,9.4,0,,SERPINE1,t1_cns,1,0
CHEMBL496,-5.574,3,0.0,0.0,12.85,0,,SERPINE1,t1_cns,1,0
CHEMBL498847,-4.261,2,0.0,0.0,8.6,0,,SERPINE1,t1_cns,1,0
CHEMBL499,-5.788,1,0.0,0.0,28.65,0,,SERPINE1,t1_cns,1,0
CHEMBL500,-6.066,2,0.0,0.0,19.01,0,,SERPINE1,t1_cns,1,0
CHEMBL502,-6.136,2,0.0,0.0,22.34,0,,SERPINE1,t1_cns,1,0
CHEMBL503565,-5.398,2,0.0,0.0,6.99,0,,SERPINE1,t1_cns,1,0
CHEMBL51,-7.146,2,0.0,0.0,33.59,0,,SERPINE1,t1_cns,1,0
CHEMBL516,-6.807,3,0.0,0.0,6.16,0,,SERPINE1,t1_cns,1,0
CHEMBL517,-5.266,2,0.0,0.0,27.04,0,,SERPINE1,t1_cns,1,0
CHEMBL517712,-5.73,2,0.0,0.0,16.69,0,,SERPINE1,t1_cns,1,0
CHEMBL521,-6.805,1,0.0,0.0,12.01,0,,SERPINE1,t1_cns,1,0
CHEMBL521606,-5.881,1,0.0,0.0,26.83,0,,SERPINE1,t1_cns,1,0
CHEMBL524,-4.996,2,0.0,0.0,14.27,0,,SERPINE1,t1_cns,1,0
CHEMBL524004,-6.213,3,0.0,0.0,18.33,0,,SERPINE1,t1_cns,1,0
CHEMBL52440,-6.527,3,0.0,0.0,5.86,0,,SERPINE1,t1_cns,1,0
CHEMBL526,-5.597,3,0.0,0.0,6.41,0,,SERPINE1,t1_cns,1,0
CHEMBL531,-5.84,1,0.0,0.0,12.49,0,,SERPINE1,t1_cns,1,0
CHEMBL533,-4.822,3,0.0,0.0,47.94,0,,SERPINE1,t1_cns,1,0
CHEMBL534,-4.688,3,0.0,0.0,22.74,0,,SERPINE1,t1_cns,1,0
CHEMBL54,-6.608,3,0.0,0.0,17.65,0,,SERPINE1,t1_cns,1,0
CHEMBL54349,-5.38,3,0.0,0.0,19.67,0,,SERPINE1,t1_cns,1,0
CHEMBL546,-4.766,2,0.0,0.0,16.54,0,,SERPINE1,t1_cns,1,0
CHEMBL549,-6.044,2,0.0,0.0,13.4,0,,SERPINE1,t1_cns,1,0
CHEMBL54976,-6.774,1,0.0,0.0,8.56,0,,SERPINE1,t1_cns,1,0
CHEMBL550,-4.898,2,0.0,0.0,6.36,0,,SERPINE1,t1_cns,1,0
CHEMBL558,-4.705,3,0.0,0.0,6.05,0,,SERPINE1,t1_cns,1,0
CHEMBL56367,-5.297,2,0.0,0.0,11.81,0,,SERPINE1,t1_cns,1,0
CHEMBL564,-4.712,2,0.0,0.0,9.61,0,,SERPINE1,t1_cns,1,0
CHEMBL56564,-7.508,2,0.0,0.0,11.39,0,,SERPINE1,t1_cns,1,0
CHEMBL567,-5.453,2,0.0,0.0,20.55,0,,SERPINE1,t1_cns,1,0
CHEMBL568,-4.717,3,0.0,0.0,21.42,0,,SERPINE1,t1_cns,1,0
CHEMBL569,-5.574,1,0.0,0.0,12.78,0,,SERPINE1,t1_cns,1,0
CHEMBL569713,-6.797,1,0.0,0.0,18.65,0,,SERPINE1,t1_cns,1,0
CHEMBL570,-5.446,2,0.0,0.0,14.54,0,,SERPINE1,t1_cns,1,0
CHEMBL580,-5.237,2,0.0,0.0,29.1,0,,SERPINE1,t1_cns,1,0
CHEMBL58323,-5.476,2,0.0,0.0,15.09,0,,SERPINE1,t1_cns,1,0
CHEMBL585,-5.86,2,0.0,0.0,11.68,0,,SERPINE1,t1_cns,1,0
CHEMBL588,-4.846,2,0.0,0.0,39.25,0,,SERPINE1,t1_cns,1,0
CHEMBL589,-4.451,3,0.0,0.0,16.0,0,,SERPINE1,t1_cns,1,0
CHEMBL59,-6.154,3,0.0,0.0,8.35,0,,SERPINE1,t1_cns,1,0
CHEMBL591,-4.253,3,0.0,0.0,6.34,0,,SERPINE1,t1_cns,1,0
CHEMBL594,-3.712,3,0.0,0.0,44.27,0,,SERPINE1,t1_cns,1,0
CHEMBL596,-6.408,2,0.0,0.0,27.25,0,,SERPINE1,t1_cns,1,0
CHEMBL597,-5.965,2,0.0,0.0,16.75,0,,SERPINE1,t1_cns,1,0
CHEMBL607,-5.047,2,0.0,0.0,11.0,0,,SERPINE1,t1_cns,1,0
CHEMBL607400,-5.535,2,0.0,0.0,14.06,0,,SERPINE1,t1_cns,1,0
CHEMBL611,-6.621,2,0.0,0.0,20.32,0,,SERPINE1,t1_cns,1,0
CHEMBL612,-5.796,1,0.0,0.0,7.06,0,,SERPINE1,t1_cns,1,0
CHEMBL61593,-5.925,3,0.0,0.0,15.29,0,,SERPINE1,t1_cns,1,0
CHEMBL620,-6.06,2,0.0,0.0,25.22,0,,SERPINE1,t1_cns,1,0
CHEMBL621,-6.061,3,0.0,0.0,16.39,0,,SERPINE1,t1_cns,1,0
CHEMBL623,-5.064,3,0.0,0.0,39.55,0,,SERPINE1,t1_cns,1,0
CHEMBL628,-4.49,3,0.0,0.0,10.34,0,,SERPINE1,t1_cns,1,0
CHEMBL629,-4.381,3,0.0,0.0,26.7,0,,SERPINE1,t1_cns,1,0
CHEMBL633,-5.858,2,0.0,0.0,33.21,0,,SERPINE1,t1_cns,1,0
CHEMBL636,-4.7,3,0.0,0.0,12.43,0,,SERPINE1,t1_cns,1,0
CHEMBL637,-4.915,2,0.0,0.0,16.67,0,,SERPINE1,t1_cns,1,0
CHEMBL639,-5.096,2,0.0,0.0,53.61,0,,SERPINE1,t1_cns,1,0
CHEMBL640,-5.646,2,0.0,0.0,15.2,0,,SERPINE1,t1_cns,1,0
CHEMBL641,-5.867,2,0.0,0.0,14.73,0,,SERPINE1,t1_cns,1,0
CHEMBL642,-5.756,2,0.0,0.0,38.29,0,,SERPINE1,t1_cns,1,0
CHEMBL643,-5.106,3,0.0,0.0,10.86,0,,SERPINE1,t1_cns,1,0
CHEMBL6437,-6.813,3,0.0,0.0,6.52,0,,SERPINE1,t1_cns,1,0
CHEMBL644,-4.495,2,0.0,0.0,38.95,0,,SERPINE1,t1_cns,1,0
CHEMBL645,-4.679,2,0.0,0.0,34.87,0,,SERPINE1,t1_cns,1,0
CHEMBL646,-6.173,3,0.0,0.0,10.39,0,,SERPINE1,t1_cns,1,0
CHEMBL647,-4.694,2,0.0,0.0,9.25,0,,SERPINE1,t1_cns,1,0
CHEMBL648,-5.858,2,0.0,0.0,10.86,0,,SERPINE1,t1_cns,1,0
CHEMBL651,-5.122,2,0.0,0.0,18.56,0,,SERPINE1,t1_cns,1,0
CHEMBL652,-6.933,1,0.0,0.0,48.89,0,,SERPINE1,t1_cns,1,0
CHEMBL654,-6.994,2,0.0,0.0,5.2,0,,SERPINE1,t1_cns,1,0
CHEMBL655,-6.445,2,0.0,0.0,11.24,0,,SERPINE1,t1_cns,1,0
CHEMBL656,-6.786,2,0.0,0.0,8.79,0,,SERPINE1,t1_cns,1,0
CHEMBL657,-5.027,3,0.0,0.0,15.79,0,,SERPINE1,t1_cns,1,0
CHEMBL658,-5.369,2,0.0,0.0,24.38,0,,SERPINE1,t1_cns,1,0
CHEMBL659,-4.84,3,0.0,0.0,21.33,0,,SERPINE1,t1_cns,1,0
CHEMBL660,-4.524,3,0.0,0.0,3.72,0,,SERPINE1,t1_cns,1,0
CHEMBL661,-6.491,2,0.0,0.0,6.47,0,,SERPINE1,t1_cns,1,0
CHEMBL667,-3.948,2,0.0,0.0,5.26,0,,SERPINE1,t1_cns,1,0
CHEMBL668,-5.87,2,0.0,0.0,6.84,0,,SERPINE1,t1_cns,1,0
CHEMBL669,-5.87,3,0.0,0.0,7.89,0,,SERPINE1,t1_cns,1,0
CHEMBL673,-5.609,1,0.0,0.0,5.55,0,,SERPINE1,t1_cns,1,0
CHEMBL679,-5.927,3,0.0,0.0,8.45,0,,SERPINE1,t1_cns,1,0
CHEMBL681,-4.712,3,0.0,0.0,9.45,0,,SERPINE1,t1_cns,1,0
CHEMBL682,-5.533,3,0.0,0.0,17.54,0,,SERPINE1,t1_cns,1,0
CHEMBL695,-4.069,3,0.0,0.0,3.14,0,,SERPINE1,t1_cns,1,0
CHEMBL696,-5.238,3,0.0,0.0,3.77,0,,SERPINE1,t1_cns,1,0
CHEMBL6966,-5.286,2,0.0,0.0,47.21,0,,SERPINE1,t1_cns,1,0
CHEMBL697,-5.622,2,0.0,0.0,5.87,0,,SERPINE1,t1_cns,1,0
CHEMBL698,-6.0,1,0.0,0.0,24.22,0,,SERPINE1,t1_cns,1,0
CHEMBL6995,-5.005,2,0.0,0.0,18.79,0,,SERPINE1,t1_cns,1,0
CHEMBL70,-6.065,3,0.0,0.0,7.85,0,,SERPINE1,t1_cns,1,0
CHEMBL701,-5.986,3,0.0,0.0,11.57,0,,SERPINE1,t1_cns,1,0
CHEMBL70246,-4.722,3,0.0,0.0,8.93,0,,SERPINE1,t1_cns,1,0
CHEMBL70418,-4.586,2,0.0,0.0,28.73,0,,SERPINE1,t1_cns,1,0
CHEMBL707,-6.915,3,0.0,0.0,27.32,0,,SERPINE1,t1_cns,1,0
CHEMBL708,-6.479,2,0.0,0.0,24.21,0,,SERPINE1,t1_cns,1,0
CHEMBL709,-6.502,2,0.0,0.0,33.54,0,,SERPINE1,t1_cns,1,0
CHEMBL71,-5.246,3,0.0,0.0,16.49,0,,SERPINE1,t1_cns,1,0
CHEMBL714,-6.445,1,0.0,0.0,17.69,0,,SERPINE1,t1_cns,1,0
CHEMBL715,-5.939,2,0.0,0.0,8.83,0,,SERPINE1,t1_cns,1,0
CHEMBL716,-5.2,3,0.0,0.0,20.53,0,,SERPINE1,t1_cns,1,0
CHEMBL71752,-5.779,2,0.0,0.0,13.85,0,,SERPINE1,t1_cns,1,0
CHEMBL72,-4.324,3,0.0,0.0,36.37,0,,SERPINE1,t1_cns,1,0
CHEMBL723,-5.337,2,0.0,0.0,47.72,0,,SERPINE1,t1_cns,1,0
CHEMBL726,-6.164,3,0.0,0.0,34.84,0,,SERPINE1,t1_cns,1,0
CHEMBL728,-5.995,2,0.0,0.0,15.13,0,,SERPINE1,t1_cns,1,0
CHEMBL73234,-4.944,3,0.0,0.0,25.99,0,,SERPINE1,t1_cns,1,0
CHEMBL741,-5.811,2,0.0,0.0,7.23,0,,SERPINE1,t1_cns,1,0
CHEMBL742,-5.856,2,0.0,0.0,5.78,0,,SERPINE1,t1_cns,1,0
CHEMBL744,-6.572,1,0.0,0.0,7.13,0,,SERPINE1,t1_cns,1,0
CHEMBL746,-5.989,3,0.0,0.0,15.76,0,,SERPINE1,t1_cns,1,0
CHEMBL750,-5.196,3,0.0,0.0,6.06,0,,SERPINE1,t1_cns,1,0
CHEMBL753,-4.691,2,0.0,0.0,15.02,0,,SERPINE1,t1_cns,1,0
CHEMBL761,-6.076,3,0.0,0.0,6.48,0,,SERPINE1,t1_cns,1,0
CHEMBL762,-5.955,1,0.0,0.0,8.83,0,,SERPINE1,t1_cns,1,0
CHEMBL76370,-6.943,2,0.0,0.0,16.23,0,,SERPINE1,t1_cns,1,0
CHEMBL765,-2.821,2,0.0,0.0,28.17,0,,SERPINE1,t1_cns,1,0
CHEMBL768,-5.782,1,0.0,0.0,34.0,0,,SERPINE1,t1_cns,1,0
CHEMBL770,-6.029,1,0.0,0.0,7.27,0,,SERPINE1,t1_cns,1,0
CHEMBL772,-6.592,3,0.0,0.0,61.55,0,,SERPINE1,t1_cns,1,0
CHEMBL776,-6.279,3,0.0,0.0,15.7,0,,SERPINE1,t1_cns,1,0
CHEMBL778,-5.843,3,0.0,0.0,7.36,0,,SERPINE1,t1_cns,1,0
CHEMBL7863,-4.412,2,0.0,0.0,7.17,0,,SERPINE1,t1_cns,1,0
CHEMBL79,-5.829,2,0.0,0.0,12.83,0,,SERPINE1,t1_cns,1,0
CHEMBL796,-5.193,2,0.0,0.0,8.55,0,,SERPINE1,t1_cns,1,0
CHEMBL797,-5.593,3,0.0,0.0,6.12,0,,SERPINE1,t1_cns,1,0
CHEMBL80,-6.251,2,0.0,0.0,13.99,0,,SERPINE1,t1_cns,1,0
CHEMBL807,-5.49,3,0.0,0.0,8.54,0,,SERPINE1,t1_cns,1,0
CHEMBL809,-6.981,1,0.0,0.0,9.56,0,,SERPINE1,t1_cns,1,0
CHEMBL811,-4.92,3,0.0,0.0,12.24,0,,SERPINE1,t1_cns,1,0
CHEMBL814,-5.176,2,0.0,0.0,26.53,0,,SERPINE1,t1_cns,1,0
CHEMBL827,-6.045,2,0.0,0.0,10.49,0,,SERPINE1,t1_cns,1,0
CHEMBL83063,-7.472,1,0.0,0.0,26.65,0,,SERPINE1,t1_cns,1,0
CHEMBL831,-6.141,3,0.0,0.0,8.13,0,,SERPINE1,t1_cns,1,0
CHEMBL836,-5.162,2,0.0,0.0,43.1,0,,SERPINE1,t1_cns,1,0
CHEMBL839,-5.61,3,0.0,0.0,20.96,0,,SERPINE1,t1_cns,1,0
CHEMBL841,-6.6,3,0.0,0.0,39.42,0,,SERPINE1,t1_cns,1,0
CHEMBL844,-6.067,3,0.0,0.0,6.41,0,,SERPINE1,t1_cns,1,0
CHEMBL85,-7.115,1,0.0,0.0,19.67,0,,SERPINE1,t1_cns,1,0
CHEMBL85231,-4.997,2,0.0,0.0,10.98,0,,SERPINE1,t1_cns,1,0
CHEMBL855,-5.562,1,0.0,0.0,9.55,0,,SERPINE1,t1_cns,1,0
CHEMBL856,-5.644,2,0.0,0.0,5.63,0,,SERPINE1,t1_cns,1,0
CHEMBL86,-5.04,3,0.0,0.0,14.46,0,,SERPINE1,t1_cns,1,0
CHEMBL861,-6.213,2,0.0,0.0,5.78,0,,SERPINE1,t1_cns,1,0
CHEMBL862,-5.196,3,0.0,0.0,6.3,0,,SERPINE1,t1_cns,1,0
CHEMBL86304,-6.612,1,0.0,0.0,13.94,0,,SERPINE1,t1_cns,1,0
CHEMBL864,-4.473,2,0.0,0.0,16.83,0,,SERPINE1,t1_cns,1,0
CHEMBL86715,-5.426,2,0.0,0.0,17.0,0,,SERPINE1,t1_cns,1,0
CHEMBL87493,-6.663,2,0.0,0.0,13.25,0,,SERPINE1,t1_cns,1,0
CHEMBL87708,-5.056,1,0.0,0.0,83.22,0,,SERPINE1,t1_cns,1,0
CHEMBL887,-5.483,3,0.0,0.0,6.16,0,,SERPINE1,t1_cns,1,0
CHEMBL894,-4.771,2,0.0,0.0,10.22,0,,SERPINE1,t1_cns,1,0
CHEMBL895,-6.742,3,0.0,0.0,15.7,0,,SERPINE1,t1_cns,1,0
CHEMBL89598,-4.675,2,0.0,0.0,7.74,0,,SERPINE1,t1_cns,1,0
CHEMBL896,-5.761,3,0.0,0.0,37.19,0,,SERPINE1,t1_cns,1,0
CHEMBL898,-6.402,2,0.0,0.0,10.46,0,,SERPINE1,t1_cns,1,0
CHEMBL90,-4.276,2,0.0,0.0,8.19,0,,SERPINE1,t1_cns,1,0
CHEMBL900,-5.144,2,0.0,0.0,15.89,0,,SERPINE1,t1_cns,1,0
CHEMBL902,-4.788,3,0.0,0.0,23.0,0,,SERPINE1,t1_cns,1,0
CHEMBL905,-5.318,2,0.0,0.0,14.82,0,,SERPINE1,t1_cns,1,0
CHEMBL908,-5.313,3,0.0,0.0,12.91,0,,SERPINE1,t1_cns,1,0
CHEMBL911,-6.576,2,0.0,0.0,14.02,0,,SERPINE1,t1_cns,1,0
CHEMBL91397,-5.551,2,0.0,0.0,54.71,0,,SERPINE1,t1_cns,1,0
CHEMBL914,-5.919,2,0.0,0.0,64.69,0,,SERPINE1,t1_cns,1,0
CHEMBL918,-6.103,2,0.0,0.0,5.08,0,,SERPINE1,t1_cns,1,0
CHEMBL920,-3.262,2,0.0,0.0,3.28,0,,SERPINE1,t1_cns,1,0
CHEMBL92401,-5.856,2,0.0,0.0,4.89,0,,SERPINE1,t1_cns,1,0
CHEMBL926,-4.629,2,0.0,0.0,11.97,0,,SERPINE1,t1_cns,1,0
CHEMBL931,-4.114,2,0.0,0.0,2.25,0,,SERPINE1,t1_cns,1,0
CHEMBL936,-5.468,2,0.0,0.0,25.8,0,,SERPINE1,t1_cns,1,0
CHEMBL94,-5.701,3,0.0,0.0,9.11,0,,SERPINE1,t1_cns,1,0
CHEMBL940,-4.389,3,0.0,0.0,9.03,0,,SERPINE1,t1_cns,1,0
CHEMBL94454,-7.283,2,0.0,0.0,33.33,0,,SERPINE1,t1_cns,1,0
CHEMBL945,-7.045,2,0.0,0.0,10.49,0,,SERPINE1,t1_cns,1,0
CHEMBL946,-5.075,2,0.0,0.0,28.99,0,,SERPINE1,t1_cns,1,0
CHEMBL95,-6.919,3,0.0,0.0,7.73,0,,SERPINE1,t1_cns,1,0
CHEMBL953,-5.749,3,0.0,0.0,16.04,0,,SERPINE1,t1_cns,1,0
CHEMBL963,-6.698,3,0.0,0.0,6.68,0,,SERPINE1,t1_cns,1,0
CHEMBL967,-4.386,2,0.0,0.0,29.08,0,,SERPINE1,t1_cns,1,0
CHEMBL968,-4.34,2,0.0,0.0,61.31,0,,SERPINE1,t1_cns,1,0
CHEMBL969,-4.552,2,0.0,0.0,26.33,0,,SERPINE1,t1_cns,1,0
CHEMBL970,-4.805,2,0.0,0.0,18.81,0,,SERPINE1,t1_cns,1,0
CHEMBL972,-5.921,3,0.0,0.0,3.41,0,,SERPINE1,t1_cns,1,0
CHEMBL978,-4.658,2,0.0,0.0,2.96,0,,SERPINE1,t1_cns,1,0
CHEMBL979,-5.406,2,0.0,0.0,6.14,0,,SERPINE1,t1_cns,1,0
CHEMBL982,-6.412,3,0.0,0.0,6.46,0,,SERPINE1,t1_cns,1,0
CHEMBL9967,-5.632,3,0.0,0.0,7.2,0,,SERPINE1,t1_cns,1,0
CHEMBL998,-4.685,3,0.0,0.0,15.85,0,,SERPINE1,t1_cns,1,0
CHEMBL99946,-5.103,1,0.0,0.0,4.75,0,,SERPINE1,t1_cns,1,0
CHEMBL1000,-8.425,2,0.0,0.0,24.09,0,,SLC2A1,t1_cns,1,0
CHEMBL100116,-7.74,2,0.0,0.0,8.45,0,,SLC2A1,t1_cns,1,0
CHEMBL1004,-7.346,1,0.0,0.0,11.78,0,,SLC2A1,t1_cns,1,0
CHEMBL1005,-6.613,1,0.0,0.0,24.83,0,,SLC2A1,t1_cns,1,0
CHEMBL1008,-7.844,3,0.0,0.0,31.63,0,,SLC2A1,t1_cns,1,0
CHEMBL1009,-6.473,2,0.0,0.0,11.76,0,,SLC2A1,t1_cns,1,0
CHEMBL1027,-8.294,2,0.0,0.0,25.77,0,,SLC2A1,t1_cns,1,0
CHEMBL1037,-7.558,3,0.0,0.0,9.78,0,,SLC2A1,t1_cns,1,0
CHEMBL1059,-5.061,3,0.0,0.0,9.93,0,,SLC2A1,t1_cns,1,0
CHEMBL1065,-9.089,3,0.0,0.0,17.34,0,,SLC2A1,t1_cns,1,0
CHEMBL1068,-5.661,3,0.0,0.0,23.7,0,,SLC2A1,t1_cns,1,0
CHEMBL1076903,-7.894,3,0.0,0.0,4.77,0,,SLC2A1,t1_cns,1,0
CHEMBL1077896,-8.107,2,0.0,0.0,10.85,0,,SLC2A1,t1_cns,1,0
CHEMBL1078261,-7.63,2,0.0,0.0,25.16,0,,SLC2A1,t1_cns,1,0
CHEMBL1079,-7.43,2,0.0,0.0,7.48,0,,SLC2A1,t1_cns,1,0
CHEMBL1079604,-6.8,3,0.0,0.0,7.25,0,,SLC2A1,t1_cns,1,0
CHEMBL108,-8.677,3,0.0,0.0,5.37,0,,SLC2A1,t1_cns,1,0
CHEMBL1083659,-8.246,3,0.0,0.0,67.37,0,,SLC2A1,t1_cns,1,0
CHEMBL1085,-9.059,2,0.0,0.0,27.86,0,,SLC2A1,t1_cns,1,0
CHEMBL1087,-7.945,3,0.0,0.0,7.35,0,,SLC2A1,t1_cns,1,0
CHEMBL10878,-7.46,3,0.0,0.0,9.01,0,,SLC2A1,t1_cns,1,0
CHEMBL1088,-9.485,2,0.0,0.0,15.62,0,,SLC2A1,t1_cns,1,0
CHEMBL1089,-5.484,1,0.0,0.0,6.6,0,,SLC2A1,t1_cns,1,0
CHEMBL1089221,-8.01,3,0.0,0.0,17.32,0,,SLC2A1,t1_cns,1,0
CHEMBL109,-4.685,3,0.0,0.0,9.31,0,,SLC2A1,t1_cns,1,0
CHEMBL1093,-6.622,2,0.0,0.0,16.04,0,,SLC2A1,t1_cns,1,0
CHEMBL1094,-6.722,1,0.0,0.0,15.02,0,,SLC2A1,t1_cns,1,0
CHEMBL1095,-7.011,1,0.0,0.0,6.78,0,,SLC2A1,t1_cns,1,0
CHEMBL1095777,-10.85,2,0.0,0.0,28.16,0,,SLC2A1,t1_cns,1,0
CHEMBL1096,-9.147,3,0.0,0.0,12.15,0,,SLC2A1,t1_cns,1,0
CHEMBL1098,-8.16,1,0.0,0.0,10.33,0,,SLC2A1,t1_cns,1,0
CHEMBL11,-6.165,2,0.0,0.0,27.47,0,,SLC2A1,t1_cns,1,0
CHEMBL1100,-5.039,3,0.0,0.0,3.97,0,,SLC2A1,t1_cns,1,0
CHEMBL1101,-8.592,2,0.0,0.0,13.91,0,,SLC2A1,t1_cns,1,0
CHEMBL1102,-6.505,2,0.0,0.0,6.9,0,,SLC2A1,t1_cns,1,0
CHEMBL1104,-6.116,1,0.0,0.0,5.81,0,,SLC2A1,t1_cns,1,0
CHEMBL1106,-9.049,3,0.0,0.0,5.79,0,,SLC2A1,t1_cns,1,0
CHEMBL1108,-9.17,2,0.0,0.0,24.76,0,,SLC2A1,t1_cns,1,0
CHEMBL111,-9.498,2,0.0,0.0,19.54,0,,SLC2A1,t1_cns,1,0
CHEMBL1110,-8.686,2,0.0,0.0,10.27,0,,SLC2A1,t1_cns,1,0
CHEMBL1112,-9.512,1,0.0,0.0,35.89,0,,SLC2A1,t1_cns,1,0
CHEMBL1113,-9.447,2,0.0,0.0,6.76,0,,SLC2A1,t1_cns,1,0
CHEMBL1115,-5.438,2,0.0,0.0,5.74,0,,SLC2A1,t1_cns,1,0
CHEMBL1118,-7.838,2,0.0,0.0,13.43,0,,SLC2A1,t1_cns,1,0
CHEMBL112,-5.722,2,0.0,0.0,5.46,0,,SLC2A1,t1_cns,1,0
CHEMBL113,-5.632,2,0.0,0.0,5.25,0,,SLC2A1,t1_cns,1,0
CHEMBL1165342,-9.686,3,0.0,0.0,12.18,0,,SLC2A1,t1_cns,1,0
CHEMBL1172,-7.291,3,0.0,0.0,23.45,0,,SLC2A1,t1_cns,1,0
CHEMBL117287,-7.735,3,0.0,0.0,17.99,0,,SLC2A1,t1_cns,1,0
CHEMBL1175,-8.001,3,0.0,0.0,15.45,0,,SLC2A1,t1_cns,1,0
CHEMBL1177,-6.78,2,0.0,0.0,5.92,0,,SLC2A1,t1_cns,1,0
CHEMBL117785,-7.669,3,0.0,0.0,10.43,0,,SLC2A1,t1_cns,1,0
CHEMBL1179047,-6.234,3,0.0,0.0,15.99,0,,SLC2A1,t1_cns,1,0
CHEMBL118,-9.433,3,0.0,0.0,18.3,0,,SLC2A1,t1_cns,1,0
CHEMBL1180725,-8.051,3,0.0,0.0,24.65,0,,SLC2A1,t1_cns,1,0
CHEMBL1185,-7.701,2,0.0,0.0,13.81,0,,SLC2A1,t1_cns,1,0
CHEMBL1186579,-8.863,2,0.0,0.0,12.78,0,,SLC2A1,t1_cns,1,0
CHEMBL1186610,-7.106,3,0.0,0.0,14.19,0,,SLC2A1,t1_cns,1,0
CHEMBL1187833,-9.89,2,0.0,0.0,35.65,0,,SLC2A1,t1_cns,1,0
CHEMBL1189432,-7.884,2,0.0,0.0,17.18,0,,SLC2A1,t1_cns,1,0
CHEMBL1189679,-9.769,3,0.0,0.0,6.67,0,,SLC2A1,t1_cns,1,0
CHEMBL1190,-5.454,2,0.0,0.0,17.13,0,,SLC2A1,t1_cns,1,0
CHEMBL1193,-6.961,3,0.0,0.0,9.61,0,,SLC2A1,t1_cns,1,0
CHEMBL1194,-6.41,3,0.0,0.0,9.96,0,,SLC2A1,t1_cns,1,0
CHEMBL1194325,-8.53,2,0.0,0.0,45.18,0,,SLC2A1,t1_cns,1,0
CHEMBL1195,-6.682,3,0.0,0.0,22.46,0,,SLC2A1,t1_cns,1,0
CHEMBL1197,-7.371,3,0.0,0.0,13.4,0,,SLC2A1,t1_cns,1,0
CHEMBL1198857,-7.588,3,0.0,0.0,80.84,0,,SLC2A1,t1_cns,1,0
CHEMBL1199080,-5.583,2,0.0,0.0,6.06,0,,SLC2A1,t1_cns,1,0
CHEMBL1199307,-7.188,3,0.0,0.0,49.54,0,,SLC2A1,t1_cns,1,0
CHEMBL12,-6.528,2,0.0,0.0,22.98,0,,SLC2A1,t1_cns,1,0
CHEMBL1200338,-6.936,1,0.0,0.0,9.11,0,,SLC2A1,t1_cns,1,0
CHEMBL1200406,-7.135,2,0.0,0.0,13.4,0,,SLC2A1,t1_cns,1,0
CHEMBL1200472,-6.923,2,0.0,0.0,41.1,0,,SLC2A1,t1_cns,1,0
CHEMBL1200596,-6.395,3,0.0,0.0,5.11,0,,SLC2A1,t1_cns,1,0
CHEMBL1200604,-7.289,2,0.0,0.0,16.81,0,,SLC2A1,t1_cns,1,0
CHEMBL1200694,-5.196,3,0.0,0.0,6.01,0,,SLC2A1,t1_cns,1,0
CHEMBL1200714,-7.175,2,0.0,0.0,6.6,0,,SLC2A1,t1_cns,1,0
CHEMBL1200748,-6.983,3,0.0,0.0,16.07,0,,SLC2A1,t1_cns,1,0
CHEMBL1200790,-5.877,3,0.0,0.0,5.93,0,,SLC2A1,t1_cns,1,0
CHEMBL1200802,-5.089,3,0.0,0.0,8.49,0,,SLC2A1,t1_cns,1,0
CHEMBL1200922,-5.929,2,0.0,0.0,15.15,0,,SLC2A1,t1_cns,1,0
CHEMBL1201,-9.151,3,0.0,0.0,23.88,0,,SLC2A1,t1_cns,1,0
CHEMBL1201087,-8.876,1,0.0,0.0,40.6,0,,SLC2A1,t1_cns,1,0
CHEMBL1201168,-7.794,3,0.0,0.0,11.64,0,,SLC2A1,t1_cns,1,0
CHEMBL1201191,-8.34,2,0.0,0.0,30.18,0,,SLC2A1,t1_cns,1,0
CHEMBL1201192,-7.708,1,0.0,0.0,12.5,0,,SLC2A1,t1_cns,1,0
CHEMBL1201201,-5.788,3,0.0,0.0,5.76,0,,SLC2A1,t1_cns,1,0
CHEMBL1201206,-10.01,2,0.0,0.0,39.66,0,,SLC2A1,t1_cns,1,0
CHEMBL1201210,-8.71,2,0.0,0.0,14.66,0,,SLC2A1,t1_cns,1,0
CHEMBL1201212,-6.702,3,0.0,0.0,12.41,0,,SLC2A1,t1_cns,1,0
CHEMBL1201213,-7.091,2,0.0,0.0,12.25,0,,SLC2A1,t1_cns,1,0
CHEMBL1201216,-9.197,2,0.0,0.0,12.11,0,,SLC2A1,t1_cns,1,0
CHEMBL1201217,-7.421,1,0.0,0.0,13.76,0,,SLC2A1,t1_cns,1,0
CHEMBL1201219,-11.31,3,0.0,0.0,30.5,0,,SLC2A1,t1_cns,1,0
CHEMBL1201222,-6.912,2,0.0,0.0,21.57,0,,SLC2A1,t1_cns,1,0
CHEMBL1201229,-7.829,2,0.0,0.0,133.1,0,,SLC2A1,t1_cns,1,0
CHEMBL1201234,-5.813,2,0.0,0.0,6.01,0,,SLC2A1,t1_cns,1,0
CHEMBL1201237,-7.353,2,0.0,0.0,17.35,0,,SLC2A1,t1_cns,1,0
CHEMBL1201244,-10.43,2,0.0,0.0,32.91,0,,SLC2A1,t1_cns,1,0
CHEMBL1201256,-7.851,3,0.0,0.0,28.65,0,,SLC2A1,t1_cns,1,0
CHEMBL1201264,-7.881,2,0.0,0.0,21.25,0,,SLC2A1,t1_cns,1,0
CHEMBL1201266,-7.342,3,0.0,0.0,14.32,0,,SLC2A1,t1_cns,1,0
CHEMBL1201271,-10.09,2,0.0,0.0,25.7,0,,SLC2A1,t1_cns,1,0
CHEMBL1201274,-6.456,2,0.0,0.0,27.76,0,,SLC2A1,t1_cns,1,0
CHEMBL1201284,-9.08,3,0.0,0.0,24.4,0,,SLC2A1,t1_cns,1,0
CHEMBL1201288,-8.811,1,0.0,0.0,13.88,0,,SLC2A1,t1_cns,1,0
CHEMBL1201293,-4.456,3,0.0,0.0,8.3,0,,SLC2A1,t1_cns,1,0
CHEMBL1201317,-4.812,1,0.0,0.0,7.18,0,,SLC2A1,t1_cns,1,0
CHEMBL1201319,-6.265,2,0.0,0.0,8.49,0,,SLC2A1,t1_cns,1,0
CHEMBL1201323,-4.25,2,0.0,0.0,5.92,0,,SLC2A1,t1_cns,1,0
CHEMBL1201336,-8.109,3,0.0,0.0,25.78,0,,SLC2A1,t1_cns,1,0
CHEMBL1201338,-7.494,3,0.0,0.0,16.27,0,,SLC2A1,t1_cns,1,0
CHEMBL1201340,-9.274,1,0.0,0.0,8.82,0,,SLC2A1,t1_cns,1,0
CHEMBL1201353,-7.075,3,0.0,0.0,11.3,0,,SLC2A1,t1_cns,1,0
CHEMBL1201354,-6.08,2,0.0,0.0,22.14,0,,SLC2A1,t1_cns,1,0
CHEMBL1201747,-6.451,3,0.0,0.0,26.99,0,,SLC2A1,t1_cns,1,0
CHEMBL1201754,-7.336,3,0.0,0.0,9.36,0,,SLC2A1,t1_cns,1,0
CHEMBL1201758,-7.856,3,0.0,0.0,29.8,0,,SLC2A1,t1_cns,1,0
CHEMBL1201764,-7.014,2,0.0,0.0,41.99,0,,SLC2A1,t1_cns,1,0
CHEMBL1201776,-6.467,3,0.0,0.0,7.97,0,,SLC2A1,t1_cns,1,0
CHEMBL1206690,-9.428,3,0.0,0.0,15.11,0,,SLC2A1,t1_cns,1,0
CHEMBL1213351,-7.367,2,0.0,0.0,19.48,0,,SLC2A1,t1_cns,1,0
CHEMBL1214124,-9.407,2,0.0,0.0,13.07,0,,SLC2A1,t1_cns,1,0
CHEMBL1215,-6.08,3,0.0,0.0,7.86,0,,SLC2A1,t1_cns,1,0
CHEMBL1218,-7.713,3,0.0,0.0,10.78,0,,SLC2A1,t1_cns,1,0
CHEMBL1224,-9.381,3,0.0,0.0,20.5,0,,SLC2A1,t1_cns,1,0
CHEMBL1231,-7.856,2,0.0,0.0,27.14,0,,SLC2A1,t1_cns,1,0
CHEMBL1237021,-11.73,3,0.0,0.0,32.89,0,,SLC2A1,t1_cns,1,0
CHEMBL1237044,-7.396,3,0.0,0.0,12.04,0,,SLC2A1,t1_cns,1,0
CHEMBL1241,-6.984,3,0.0,0.0,12.82,0,,SLC2A1,t1_cns,1,0
CHEMBL1254682,-8.546,3,0.0,0.0,9.08,0,,SLC2A1,t1_cns,1,0
CHEMBL1256,-4.758,2,0.0,0.0,5.22,0,,SLC2A1,t1_cns,1,0
CHEMBL1256786,-8.286,3,0.0,0.0,28.66,0,,SLC2A1,t1_cns,1,0
CHEMBL1256841,-7.787,3,0.0,0.0,17.96,0,,SLC2A1,t1_cns,1,0
CHEMBL1257,-4.614,3,0.0,0.0,5.92,0,,SLC2A1,t1_cns,1,0
CHEMBL1259,-7.999,2,0.0,0.0,179.17,0,,SLC2A1,t1_cns,1,0
CHEMBL126224,-5.88,1,0.0,0.0,34.92,0,,SLC2A1,t1_cns,1,0
CHEMBL1263,-7.163,3,0.0,0.0,75.92,0,,SLC2A1,t1_cns,1,0
CHEMBL1266,-7.312,2,0.0,0.0,5.62,0,,SLC2A1,t1_cns,1,0
CHEMBL12713,-11.09,2,0.0,0.0,23.09,0,,SLC2A1,t1_cns,1,0
CHEMBL127516,-5.849,2,0.0,0.0,10.11,0,,SLC2A1,t1_cns,1,0
CHEMBL1278,-8.14,3,0.0,0.0,15.14,0,,SLC2A1,t1_cns,1,0
CHEMBL1279,-8.158,3,0.0,0.0,6.96,0,,SLC2A1,t1_cns,1,0
CHEMBL128,-7.129,3,0.0,0.0,13.3,0,,SLC2A1,t1_cns,1,0
CHEMBL1286,-5.574,3,0.0,0.0,7.76,0,,SLC2A1,t1_cns,1,0
CHEMBL1290,-7.97,2,0.0,0.0,20.45,0,,SLC2A1,t1_cns,1,0
CHEMBL1291,-7.07,3,0.0,0.0,20.35,0,,SLC2A1,t1_cns,1,0
CHEMBL1294,-8.815,3,0.0,0.0,15.53,0,,SLC2A1,t1_cns,1,0
CHEMBL13,-6.346,2,0.0,0.0,21.21,0,,SLC2A1,t1_cns,1,0
CHEMBL1303,-8.375,3,0.0,0.0,12.94,0,,SLC2A1,t1_cns,1,0
CHEMBL1305,-7.898,2,0.0,0.0,11.61,0,,SLC2A1,t1_cns,1,0
CHEMBL131,-7.627,2,0.0,0.0,12.3,0,,SLC2A1,t1_cns,1,0
CHEMBL13209,-7.11,3,0.0,0.0,22.77,0,,SLC2A1,t1_cns,1,0
CHEMBL1321,-7.021,3,0.0,0.0,9.36,0,,SLC2A1,t1_cns,1,0
CHEMBL13280,-6.482,2,0.0,0.0,31.0,0,,SLC2A1,t1_cns,1,0
CHEMBL134,-6.662,3,0.0,0.0,5.96,0,,SLC2A1,t1_cns,1,0
CHEMBL1341,-4.067,3,0.0,0.0,5.81,0,,SLC2A1,t1_cns,1,0
CHEMBL1346,-9.295,2,0.0,0.0,34.13,0,,SLC2A1,t1_cns,1,0
CHEMBL135400,-8.817,3,0.0,0.0,16.35,0,,SLC2A1,t1_cns,1,0
CHEMBL1372950,-9.399,3,0.0,0.0,22.61,0,,SLC2A1,t1_cns,1,0
CHEMBL1373,-7.772,2,0.0,0.0,12.04,0,,SLC2A1,t1_cns,1,0
CHEMBL1378,-8.678,2,0.0,0.0,19.49,0,,SLC2A1,t1_cns,1,0
CHEMBL1382,-6.519,3,0.0,0.0,20.87,0,,SLC2A1,t1_cns,1,0
CHEMBL139,-7.494,2,0.0,0.0,12.42,0,,SLC2A1,t1_cns,1,0
CHEMBL14,-4.274,3,0.0,0.0,5.95,0,,SLC2A1,t1_cns,1,0
CHEMBL1404,-9.041,2,0.0,0.0,40.19,0,,SLC2A1,t1_cns,1,0
CHEMBL1410743,-4.42,3,0.0,0.0,3.72,0,,SLC2A1,t1_cns,1,0
CHEMBL1411979,-6.303,3,0.0,0.0,12.46,0,,SLC2A1,t1_cns,1,0
CHEMBL1414320,-9.07,1,0.0,0.0,48.2,0,,SLC2A1,t1_cns,1,0
CHEMBL1420,-5.263,3,0.0,0.0,5.93,0,,SLC2A1,t1_cns,1,0
CHEMBL1423,-11.06,3,0.0,0.0,39.28,0,,SLC2A1,t1_cns,1,0
CHEMBL142635,-8.868,3,0.0,0.0,29.68,0,,SLC2A1,t1_cns,1,0
CHEMBL1428,-7.168,2,0.0,0.0,40.08,0,,SLC2A1,t1_cns,1,0
CHEMBL1434,-8.768,3,0.0,0.0,31.03,0,,SLC2A1,t1_cns,1,0
CHEMBL1437,-5.913,3,0.0,0.0,8.68,0,,SLC2A1,t1_cns,1,0
CHEMBL14370,-8.397,3,0.0,0.0,16.64,0,,SLC2A1,t1_cns,1,0
CHEMBL14376,-9.117,2,0.0,0.0,32.79,0,,SLC2A1,t1_cns,1,0
CHEMBL1442422,-7.947,3,0.0,0.0,11.37,0,,SLC2A1,t1_cns,1,0
CHEMBL1454,-6.654,2,0.0,0.0,6.09,0,,SLC2A1,t1_cns,1,0
CHEMBL146095,-8.628,3,0.0,0.0,24.39,0,,SLC2A1,t1_cns,1,0
CHEMBL1480,-6.785,3,0.0,0.0,15.89,0,,SLC2A1,t1_cns,1,0
CHEMBL1480987,-7.707,2,0.0,0.0,11.56,0,,SLC2A1,t1_cns,1,0
CHEMBL1482,-4.592,3,0.0,0.0,6.28,0,,SLC2A1,t1_cns,1,0
CHEMBL1484,-8.365,3,0.0,0.0,55.76,0,,SLC2A1,t1_cns,1,0
CHEMBL1490,-8.735,2,0.0,0.0,16.12,0,,SLC2A1,t1_cns,1,0
CHEMBL1491,-6.706,1,0.0,0.0,34.51,0,,SLC2A1,t1_cns,1,0
CHEMBL1492,-8.399,1,0.0,0.0,11.62,0,,SLC2A1,t1_cns,1,0
CHEMBL1492500,-7.586,3,0.0,0.0,11.29,0,,SLC2A1,t1_cns,1,0
CHEMBL1493,-9.194,2,0.0,0.0,25.85,0,,SLC2A1,t1_cns,1,0
CHEMBL15023,-9.278,3,0.0,0.0,31.06,0,,SLC2A1,t1_cns,1,0
CHEMBL1505,-7.64,1,0.0,0.0,15.5,0,,SLC2A1,t1_cns,1,0
CHEMBL1508,-7.647,2,0.0,0.0,17.08,0,,SLC2A1,t1_cns,1,0
CHEMBL1510,-9.291,1,0.0,0.0,20.69,0,,SLC2A1,t1_cns,1,0
CHEMBL1514,-6.467,2,0.0,0.0,24.92,0,,SLC2A1,t1_cns,1,0
CHEMBL1515611,-5.634,2,0.0,0.0,6.49,0,,SLC2A1,t1_cns,1,0
CHEMBL1521,-8.61,3,0.0,0.0,14.04,0,,SLC2A1,t1_cns,1,0
CHEMBL1522,-9.079,3,0.0,0.0,16.23,0,,SLC2A1,t1_cns,1,0
CHEMBL154,-7.513,2,0.0,0.0,9.41,0,,SLC2A1,t1_cns,1,0
CHEMBL1568698,-9.267,2,0.0,0.0,7.55,0,,SLC2A1,t1_cns,1,0
CHEMBL1580,-6.173,3,0.0,0.0,31.7,0,,SLC2A1,t1_cns,1,0
CHEMBL1584,-9.751,3,0.0,0.0,31.19,0,,SLC2A1,t1_cns,1,0
CHEMBL159226,-6.618,1,0.0,0.0,15.33,0,,SLC2A1,t1_cns,1,0
CHEMBL1595,-7.875,3,0.0,0.0,8.18,0,,SLC2A1,t1_cns,1,0
CHEMBL16,-8.221,2,0.0,0.0,9.06,0,,SLC2A1,t1_cns,1,0
CHEMBL16073,-5.845,2,0.0,0.0,6.65,0,,SLC2A1,t1_cns,1,0
CHEMBL1611,-8.159,1,0.0,0.0,9.88,0,,SLC2A1,t1_cns,1,0
CHEMBL1615438,-9.476,3,0.0,0.0,23.8,0,,SLC2A1,t1_cns,1,0
CHEMBL1618018,-7.845,1,0.0,0.0,11.58,0,,SLC2A1,t1_cns,1,0
CHEMBL1619,-7.771,3,0.0,0.0,13.18,0,,SLC2A1,t1_cns,1,0
CHEMBL162036,-8.253,2,0.0,0.0,17.76,0,,SLC2A1,t1_cns,1,0
CHEMBL1621,-10.22,3,0.0,0.0,27.33,0,,SLC2A1,t1_cns,1,0
CHEMBL1621597,-8.633,2,0.0,0.0,21.3,0,,SLC2A1,t1_cns,1,0
CHEMBL1623992,-8.172,3,0.0,0.0,16.71,0,,SLC2A1,t1_cns,1,0
CHEMBL1626,-8.167,1,0.0,0.0,18.09,0,,SLC2A1,t1_cns,1,0
CHEMBL1626223,-6.051,3,0.0,0.0,6.45,0,,SLC2A1,t1_cns,1,0
CHEMBL1628227,-8.258,3,0.0,0.0,10.46,0,,SLC2A1,t1_cns,1,0
CHEMBL1628502,-7.435,3,0.0,0.0,25.53,0,,SLC2A1,t1_cns,1,0
CHEMBL1643895,-8.995,2,0.0,0.0,8.51,0,,SLC2A1,t1_cns,1,0
CHEMBL1648,-7.146,2,0.0,0.0,21.31,0,,SLC2A1,t1_cns,1,0
CHEMBL1652,-8.34,2,0.0,0.0,64.51,0,,SLC2A1,t1_cns,1,0
CHEMBL1685,-6.616,3,0.0,0.0,20.39,0,,SLC2A1,t1_cns,1,0
CHEMBL168815,-6.196,3,0.0,0.0,5.12,0,,SLC2A1,t1_cns,1,0
CHEMBL1697737,-7.136,1,0.0,0.0,21.09,0,,SLC2A1,t1_cns,1,0
CHEMBL1697856,-6.495,2,0.0,0.0,9.35,0,,SLC2A1,t1_cns,1,0
CHEMBL169901,-7.176,2,0.0,0.0,5.22,0,,SLC2A1,t1_cns,1,0
CHEMBL17157,-10.83,2,0.0,0.0,52.45,0,,SLC2A1,t1_cns,1,0
CHEMBL1726,-6.411,2,0.0,0.0,28.37,0,,SLC2A1,t1_cns,1,0
CHEMBL1729,-8.992,2,0.0,0.0,40.44,0,,SLC2A1,t1_cns,1,0
CHEMBL1732,-12.02,3,0.0,0.0,51.77,0,,SLC2A1,t1_cns,1,0
CHEMBL1742423,-9.405,2,0.0,0.0,48.97,0,,SLC2A1,t1_cns,1,0
CHEMBL1742466,-8.041,2,0.0,0.0,77.99,0,,SLC2A1,t1_cns,1,0
CHEMBL1742471,-7.74,3,0.0,0.0,34.33,0,,SLC2A1,t1_cns,1,0
CHEMBL1752,-6.705,3,0.0,0.0,11.12,0,,SLC2A1,t1_cns,1,0
CHEMBL1754,-7.45,2,0.0,0.0,22.86,0,,SLC2A1,t1_cns,1,0
CHEMBL1760,-6.957,3,0.0,0.0,13.97,0,,SLC2A1,t1_cns,1,0
CHEMBL1762,-6.75,2,0.0,0.0,7.94,0,,SLC2A1,t1_cns,1,0
CHEMBL1764,-8.068,3,0.0,0.0,14.53,0,,SLC2A1,t1_cns,1,0
CHEMBL17860,-6.45,3,0.0,0.0,9.28,0,,SLC2A1,t1_cns,1,0
CHEMBL178803,-7.478,2,0.0,0.0,47.23,0,,SLC2A1,t1_cns,1,0
CHEMBL1790041,-5.916,3,0.0,0.0,22.64,0,,SLC2A1,t1_cns,1,0
CHEMBL181,-6.699,3,0.0,0.0,5.86,0,,SLC2A1,t1_cns,1,0
CHEMBL18116,-6.643,3,0.0,0.0,7.27,0,,SLC2A1,t1_cns,1,0
CHEMBL184412,-8.392,2,0.0,0.0,85.49,0,,SLC2A1,t1_cns,1,0
CHEMBL185073,-10.41,2,0.0,0.0,38.04,0,,SLC2A1,t1_cns,1,0
CHEMBL1874750,-9.258,2,0.0,0.0,25.75,0,,SLC2A1,t1_cns,1,0
CHEMBL1888176,-9.28,3,0.0,0.0,31.47,0,,SLC2A1,t1_cns,1,0
CHEMBL188921,-6.833,3,0.0,0.0,14.39,0,,SLC2A1,t1_cns,1,0
CHEMBL1900528,-8.264,3,0.0,0.0,20.04,0,,SLC2A1,t1_cns,1,0
CHEMBL19019,-9.877,2,0.0,0.0,13.72,0,,SLC2A1,t1_cns,1,0
CHEMBL190461,-8.21,2,0.0,0.0,18.72,0,,SLC2A1,t1_cns,1,0
CHEMBL1909324,-8.462,1,0.0,0.0,46.93,0,,SLC2A1,t1_cns,1,0
CHEMBL19299,-7.445,2,0.0,0.0,10.67,0,,SLC2A1,t1_cns,1,0
CHEMBL193,-6.38,3,0.0,0.0,19.26,0,,SLC2A1,t1_cns,1,0
CHEMBL197084,-6.637,2,0.0,0.0,26.74,0,,SLC2A1,t1_cns,1,0
CHEMBL1983350,-7.139,2,0.0,0.0,8.91,0,,SLC2A1,t1_cns,1,0
CHEMBL2,-9.318,2,0.0,0.0,16.6,0,,SLC2A1,t1_cns,1,0
CHEMBL2028019,-9.208,2,0.0,0.0,22.23,0,,SLC2A1,t1_cns,1,0
CHEMBL207538,-9.308,3,0.0,0.0,9.45,0,,SLC2A1,t1_cns,1,0
CHEMBL2095212,-8.139,3,0.0,0.0,41.02,0,,SLC2A1,t1_cns,1,0
CHEMBL2103822,-7.492,3,0.0,0.0,11.24,0,,SLC2A1,t1_cns,1,0
CHEMBL2103827,-6.487,2,0.0,0.0,14.17,0,,SLC2A1,t1_cns,1,0
CHEMBL2103837,-8.612,3,0.0,0.0,10.12,0,,SLC2A1,t1_cns,1,0
CHEMBL2104095,-3.196,2,0.0,0.0,5.65,0,,SLC2A1,t1_cns,1,0
CHEMBL2104356,-7.168,1,0.0,0.0,37.54,0,,SLC2A1,t1_cns,1,0
CHEMBL2104993,-8.651,3,0.0,0.0,11.6,0,,SLC2A1,t1_cns,1,0
CHEMBL2105233,-6.292,3,0.0,0.0,10.7,0,,SLC2A1,t1_cns,1,0
CHEMBL2105275,-5.567,2,0.0,0.0,6.32,0,,SLC2A1,t1_cns,1,0
CHEMBL2105581,-7.575,2,0.0,0.0,27.06,0,,SLC2A1,t1_cns,1,0
CHEMBL2105760,-9.582,3,0.0,0.0,37.29,0,,SLC2A1,t1_cns,1,0
CHEMBL2107011,-10.02,2,0.0,0.0,21.32,0,,SLC2A1,t1_cns,1,0
CHEMBL2107726,-7.475,2,0.0,0.0,17.62,0,,SLC2A1,t1_cns,1,0
CHEMBL2110774,-7.428,1,0.0,0.0,13.7,0,,SLC2A1,t1_cns,1,0
CHEMBL2110805,-7.542,1,0.0,0.0,14.19,0,,SLC2A1,t1_cns,1,0
CHEMBL2110816,-5.728,2,0.0,0.0,34.85,0,,SLC2A1,t1_cns,1,0
CHEMBL2111030,-7.337,2,0.0,0.0,12.03,0,,SLC2A1,t1_cns,1,0
CHEMBL2111097,-6.616,2,0.0,0.0,36.2,0,,SLC2A1,t1_cns,1,0
CHEMBL2111101,-9.601,3,0.0,0.0,35.52,0,,SLC2A1,t1_cns,1,0
CHEMBL2111112,-8.174,3,0.0,0.0,19.02,0,,SLC2A1,t1_cns,1,0
CHEMBL211456,-6.085,2,0.0,0.0,6.67,0,,SLC2A1,t1_cns,1,0
CHEMBL21536,-6.578,3,0.0,0.0,16.24,0,,SLC2A1,t1_cns,1,0
CHEMBL2159122,-10.28,2,0.0,0.0,104.14,0,,SLC2A1,t1_cns,1,0
CHEMBL21731,-7.291,3,0.0,0.0,10.77,0,,SLC2A1,t1_cns,1,0
CHEMBL2178422,-9.149,2,0.0,0.0,120.17,0,,SLC2A1,t1_cns,1,0
CHEMBL219916,-9.754,3,0.0,0.0,27.14,0,,SLC2A1,t1_cns,1,0
CHEMBL220492,-7.467,2,0.0,0.0,13.85,0,,SLC2A1,t1_cns,1,0
CHEMBL22097,-6.46,2,0.0,0.0,32.05,0,,SLC2A1,t1_cns,1,0
CHEMBL2218861,-8.375,2,0.0,0.0,24.48,0,,SLC2A1,t1_cns,1,0
CHEMBL2218896,-8.308,2,0.0,0.0,21.53,0,,SLC2A1,t1_cns,1,0
CHEMBL22242,-7.215,3,0.0,0.0,16.32,0,,SLC2A1,t1_cns,1,0
CHEMBL23,-5.229,2,0.0,0.0,79.32,0,,SLC2A1,t1_cns,1,0
CHEMBL231068,-10.28,3,0.0,0.0,21.5,0,,SLC2A1,t1_cns,1,0
CHEMBL2364638,-10.51,2,0.0,0.0,50.26,0,,SLC2A1,t1_cns,1,0
CHEMBL2364639,-9.282,2,0.0,0.0,27.62,0,,SLC2A1,t1_cns,1,0
CHEMBL2397415,-13.68,3,0.0,0.0,55.1,0,,SLC2A1,t1_cns,1,0
CHEMBL24072,-8.387,2,0.0,0.0,20.12,0,,SLC2A1,t1_cns,1,0
CHEMBL243712,-7.758,2,0.0,0.0,17.9,0,,SLC2A1,t1_cns,1,0
CHEMBL2443262,-8.064,3,0.0,0.0,20.68,0,,SLC2A1,t1_cns,1,0
CHEMBL24441,-4.937,2,0.0,0.0,4.91,0,,SLC2A1,t1_cns,1,0
CHEMBL24778,-9.01,3,0.0,0.0,59.28,0,,SLC2A1,t1_cns,1,0
CHEMBL25,-5.849,2,0.0,0.0,6.16,0,,SLC2A1,t1_cns,1,0
CHEMBL251940,-9.556,3,0.0,0.0,16.85,0,,SLC2A1,t1_cns,1,0
CHEMBL252556,-6.876,3,0.0,0.0,33.13,0,,SLC2A1,t1_cns,1,0
CHEMBL254857,-9.143,2,0.0,0.0,21.56,0,,SLC2A1,t1_cns,1,0
CHEMBL255044,-8.756,2,0.0,0.0,17.84,0,,SLC2A1,t1_cns,1,0
CHEMBL259209,-6.731,2,0.0,0.0,14.32,0,,SLC2A1,t1_cns,1,0
CHEMBL26,-7.665,3,0.0,0.0,20.51,0,,SLC2A1,t1_cns,1,0
CHEMBL267495,-9.686,3,0.0,0.0,29.11,0,,SLC2A1,t1_cns,1,0
CHEMBL267894,-6.526,3,0.0,0.0,7.87,0,,SLC2A1,t1_cns,1,0
CHEMBL267936,-6.112,3,0.0,0.0,5.46,0,,SLC2A1,t1_cns,1,0
CHEMBL268164,-7.573,2,0.0,0.0,7.61,0,,SLC2A1,t1_cns,1,0
CHEMBL27,-7.352,3,0.0,0.0,16.67,0,,SLC2A1,t1_cns,1,0
CHEMBL270190,-10.35,3,0.0,0.0,39.25,0,,SLC2A1,t1_cns,1,0
CHEMBL273575,-7.97,2,0.0,0.0,7.82,0,,SLC2A1,t1_cns,1,0
CHEMBL276520,-7.638,3,0.0,0.0,7.94,0,,SLC2A1,t1_cns,1,0
CHEMBL277062,-6.603,3,0.0,0.0,18.64,0,,SLC2A1,t1_cns,1,0
CHEMBL278020,-6.169,2,0.0,0.0,7.4,0,,SLC2A1,t1_cns,1,0
CHEMBL27810,-7.817,2,0.0,0.0,32.67,0,,SLC2A1,t1_cns,1,0
CHEMBL278819,-8.319,2,0.0,0.0,13.65,0,,SLC2A1,t1_cns,1,0
CHEMBL279516,-9.422,2,0.0,0.0,17.0,0,,SLC2A1,t1_cns,1,0
CHEMBL282052,-8.977,2,0.0,0.0,7.49,0,,SLC2A1,t1_cns,1,0
CHEMBL282121,-7.843,3,0.0,0.0,59.06,0,,SLC2A1,t1_cns,1,0
CHEMBL28218,-9.194,3,0.0,0.0,24.88,0,,SLC2A1,t1_cns,1,0
CHEMBL28318,-7.479,2,0.0,0.0,7.88,0,,SLC2A1,t1_cns,1,0
CHEMBL28333,-6.372,2,0.0,0.0,21.34,0,,SLC2A1,t1_cns,1,0
CHEMBL284092,-7.857,3,0.0,0.0,22.39,0,,SLC2A1,t1_cns,1,0
CHEMBL284906,-5.483,3,0.0,0.0,9.77,0,,SLC2A1,t1_cns,1,0
CHEMBL285674,-8.618,3,0.0,0.0,8.29,0,,SLC2A1,t1_cns,1,0
CHEMBL288470,-7.074,2,0.0,0.0,7.81,0,,SLC2A1,t1_cns,1,0
CHEMBL289469,-9.3,3,0.0,0.0,11.25,0,,SLC2A1,t1_cns,1,0
CHEMBL289480,-5.591,3,0.0,0.0,7.98,0,,SLC2A1,t1_cns,1,0
CHEMBL290916,-6.673,2,0.0,0.0,5.46,0,,SLC2A1,t1_cns,1,0
CHEMBL294199,-7.241,2,0.0,0.0,26.04,0,,SLC2A1,t1_cns,1,0
CHEMBL296419,-9.897,3,0.0,0.0,38.62,0,,SLC2A1,t1_cns,1,0
CHEMBL297302,-9.125,3,0.0,0.0,28.5,0,,SLC2A1,t1_cns,1,0
CHEMBL3,-5.702,2,0.0,0.0,4.39,0,,SLC2A1,t1_cns,1,0
CHEMBL30,-6.325,3,0.0,0.0,10.65,0,,SLC2A1,t1_cns,1,0
CHEMBL301265,-5.953,2,0.0,0.0,7.12,0,,SLC2A1,t1_cns,1,0
CHEMBL3039520,-9.53,2,0.0,0.0,15.5,0,,SLC2A1,t1_cns,1,0
CHEMBL305660,-10.68,2,0.0,0.0,48.82,0,,SLC2A1,t1_cns,1,0
CHEMBL306700,-6.501,3,0.0,0.0,11.02,0,,SLC2A1,t1_cns,1,0
CHEMBL312448,-7.137,2,0.0,0.0,10.02,0,,SLC2A1,t1_cns,1,0
CHEMBL3137326,-8.393,2,0.0,0.0,10.43,0,,SLC2A1,t1_cns,1,0
CHEMBL314437,-4.573,2,0.0,0.0,24.48,0,,SLC2A1,t1_cns,1,0
CHEMBL315795,-4.183,2,0.0,0.0,5.11,0,,SLC2A1,t1_cns,1,0
CHEMBL315985,-6.57,2,0.0,0.0,25.21,0,,SLC2A1,t1_cns,1,0
CHEMBL3183075,-5.79,3,0.0,0.0,23.51,0,,SLC2A1,t1_cns,1,0
CHEMBL3187365,-9.152,3,0.0,0.0,5.79,0,,SLC2A1,t1_cns,1,0
CHEMBL32479,-9.446,3,0.0,0.0,9.22,0,,SLC2A1,t1_cns,1,0
CHEMBL32800,-7.544,3,0.0,0.0,26.44,0,,SLC2A1,t1_cns,1,0
CHEMBL328560,-7.398,2,0.0,0.0,10.86,0,,SLC2A1,t1_cns,1,0
CHEMBL3306803,-9.651,2,0.0,0.0,25.24,0,,SLC2A1,t1_cns,1,0
CHEMBL339427,-8.136,1,0.0,0.0,162.23,0,,SLC2A1,t1_cns,1,0
CHEMBL33986,-8.328,3,0.0,0.0,12.44,0,,SLC2A1,t1_cns,1,0
CHEMBL354077,-4.598,3,0.0,0.0,5.24,0,,SLC2A1,t1_cns,1,0
CHEMBL3545367,-10.48,2,0.0,0.0,30.05,0,,SLC2A1,t1_cns,1,0
CHEMBL36715,-5.088,1,0.0,0.0,7.09,0,,SLC2A1,t1_cns,1,0
CHEMBL376897,-8.468,2,0.0,0.0,15.88,0,,SLC2A1,t1_cns,1,0
CHEMBL37744,-7.432,2,0.0,0.0,11.82,0,,SLC2A1,t1_cns,1,0
CHEMBL3833301,-5.567,2,0.0,0.0,7.0,0,,SLC2A1,t1_cns,1,0
CHEMBL3833389,-8.051,1,0.0,0.0,30.86,0,,SLC2A1,t1_cns,1,0
CHEMBL384467,-8.171,3,0.0,0.0,14.32,0,,SLC2A1,t1_cns,1,0
CHEMBL395091,-7.379,3,0.0,0.0,6.09,0,,SLC2A1,t1_cns,1,0
CHEMBL396778,-7.673,3,0.0,0.0,14.13,0,,SLC2A1,t1_cns,1,0
CHEMBL398707,-9.485,3,0.0,0.0,6.17,0,,SLC2A1,t1_cns,1,0
CHEMBL3989695,-8.963,2,0.0,0.0,27.3,0,,SLC2A1,t1_cns,1,0
CHEMBL3989803,-7.381,2,0.0,0.0,12.03,0,,SLC2A1,t1_cns,1,0
CHEMBL3989843,-5.729,1,0.0,0.0,4.85,0,,SLC2A1,t1_cns,1,0
CHEMBL3989949,-6.91,2,0.0,0.0,11.98,0,,SLC2A1,t1_cns,1,0
CHEMBL3991065,-10.93,1,0.0,0.0,35.68,0,,SLC2A1,t1_cns,1,0
CHEMBL40,-7.662,2,0.0,0.0,7.16,0,,SLC2A1,t1_cns,1,0
CHEMBL404849,-6.768,3,0.0,0.0,30.97,0,,SLC2A1,t1_cns,1,0
CHEMBL405,-5.487,2,0.0,0.0,5.3,0,,SLC2A1,t1_cns,1,0
CHEMBL407,-7.892,3,0.0,0.0,9.97,0,,SLC2A1,t1_cns,1,0
CHEMBL41,-8.473,2,0.0,0.0,17.39,0,,SLC2A1,t1_cns,1,0
CHEMBL4105630,-10.53,2,0.0,0.0,16.34,0,,SLC2A1,t1_cns,1,0
CHEMBL41355,-9.26,1,0.0,0.0,18.2,0,,SLC2A1,t1_cns,1,0
CHEMBL413965,-7.403,2,0.0,0.0,12.18,0,,SLC2A1,t1_cns,1,0
CHEMBL415,-5.754,2,0.0,0.0,40.86,0,,SLC2A1,t1_cns,1,0
CHEMBL416956,-9.891,2,0.0,0.0,18.97,0,,SLC2A1,t1_cns,1,0
CHEMBL418995,-5.585,3,0.0,0.0,67.16,0,,SLC2A1,t1_cns,1,0
CHEMBL42,-9.876,2,0.0,0.0,8.04,0,,SLC2A1,t1_cns,1,0
CHEMBL422,-9.573,3,0.0,0.0,22.06,0,,SLC2A1,t1_cns,1,0
CHEMBL423,-6.333,2,0.0,0.0,26.78,0,,SLC2A1,t1_cns,1,0
CHEMBL429,-8.15,3,0.0,0.0,30.04,0,,SLC2A1,t1_cns,1,0
CHEMBL4297526,-7.621,2,0.0,0.0,23.78,0,,SLC2A1,t1_cns,1,0
CHEMBL4297590,-9.627,3,0.0,0.0,29.83,0,,SLC2A1,t1_cns,1,0
CHEMBL4297620,-6.472,2,0.0,0.0,12.01,0,,SLC2A1,t1_cns,1,0
CHEMBL4303525,-10.11,3,0.0,0.0,27.55,0,,SLC2A1,t1_cns,1,0
CHEMBL43064,-10.23,1,0.0,0.0,25.94,0,,SLC2A1,t1_cns,1,0
CHEMBL431770,-8.819,3,0.0,0.0,18.99,0,,SLC2A1,t1_cns,1,0
CHEMBL434394,-9.391,3,0.0,0.0,26.18,0,,SLC2A1,t1_cns,1,0
CHEMBL439849,-10.25,2,0.0,0.0,37.51,0,,SLC2A1,t1_cns,1,0
CHEMBL440,-6.235,3,0.0,0.0,9.74,0,,SLC2A1,t1_cns,1,0
CHEMBL441,-5.361,1,0.0,0.0,8.48,0,,SLC2A1,t1_cns,1,0
CHEMBL442,-10.93,3,0.0,0.0,50.41,0,,SLC2A1,t1_cns,1,0
CHEMBL444,-5.882,3,0.0,0.0,5.37,0,,SLC2A1,t1_cns,1,0
CHEMBL445,-6.623,2,0.0,0.0,27.91,0,,SLC2A1,t1_cns,1,0
CHEMBL447,-6.375,3,0.0,0.0,9.86,0,,SLC2A1,t1_cns,1,0
CHEMBL448,-6.496,3,0.0,0.0,8.71,0,,SLC2A1,t1_cns,1,0
CHEMBL45,-7.327,3,0.0,0.0,9.34,0,,SLC2A1,t1_cns,1,0
CHEMBL450,-6.033,2,0.0,0.0,6.05,0,,SLC2A1,t1_cns,1,0
CHEMBL45029,-7.433,2,0.0,0.0,7.57,0,,SLC2A1,t1_cns,1,0
CHEMBL451,-7.396,1,0.0,0.0,23.26,0,,SLC2A1,t1_cns,1,0
CHEMBL452,-7.387,2,0.0,0.0,33.75,0,,SLC2A1,t1_cns,1,0
CHEMBL454,-5.345,3,0.0,0.0,8.56,0,,SLC2A1,t1_cns,1,0
CHEMBL455917,-4.024,2,0.0,0.0,5.59,0,,SLC2A1,t1_cns,1,0
CHEMBL45816,-8.836,2,0.0,0.0,63.47,0,,SLC2A1,t1_cns,1,0
CHEMBL459,-6.91,3,0.0,0.0,12.91,0,,SLC2A1,t1_cns,1,0
CHEMBL46,-8.675,3,0.0,0.0,9.77,0,,SLC2A1,t1_cns,1,0
CHEMBL460,-7.47,3,0.0,0.0,11.14,0,,SLC2A1,t1_cns,1,0
CHEMBL461522,-6.929,3,0.0,0.0,15.32,0,,SLC2A1,t1_cns,1,0
CHEMBL462605,-6.962,1,0.0,0.0,18.39,0,,SLC2A1,t1_cns,1,0
CHEMBL465,-9.527,2,0.0,0.0,13.35,0,,SLC2A1,t1_cns,1,0
CHEMBL465026,-5.824,2,0.0,0.0,24.26,0,,SLC2A1,t1_cns,1,0
CHEMBL46516,-11.3,2,0.0,0.0,40.12,0,,SLC2A1,t1_cns,1,0
CHEMBL468837,-4.828,2,0.0,0.0,21.6,0,,SLC2A1,t1_cns,1,0
CHEMBL469,-8.168,2,0.0,0.0,13.21,0,,SLC2A1,t1_cns,1,0
CHEMBL46917,-6.869,3,0.0,0.0,7.72,0,,SLC2A1,t1_cns,1,0
CHEMBL471,-6.701,3,0.0,0.0,17.4,0,,SLC2A1,t1_cns,1,0
CHEMBL471737,-6.683,3,0.0,0.0,113.08,0,,SLC2A1,t1_cns,1,0
CHEMBL473,-7.264,2,0.0,0.0,46.04,0,,SLC2A1,t1_cns,1,0
CHEMBL477,-7.291,2,0.0,0.0,16.6,0,,SLC2A1,t1_cns,1,0
CHEMBL479,-9.174,3,0.0,0.0,16.59,0,,SLC2A1,t1_cns,1,0
CHEMBL485,-7.869,3,0.0,0.0,6.99,0,,SLC2A1,t1_cns,1,0
CHEMBL488093,-8.193,3,0.0,0.0,22.73,0,,SLC2A1,t1_cns,1,0
CHEMBL49,-8.795,2,0.0,0.0,20.69,0,,SLC2A1,t1_cns,1,0
CHEMBL490,-9.229,3,0.0,0.0,12.82,0,,SLC2A1,t1_cns,1,0
CHEMBL493,-11.53,3,0.0,0.0,39.31,0,,SLC2A1,t1_cns,1,0
CHEMBL493287,-5.548,2,0.0,0.0,8.13,0,,SLC2A1,t1_cns,1,0
CHEMBL496,-8.522,3,0.0,0.0,10.37,0,,SLC2A1,t1_cns,1,0
CHEMBL498847,-5.356,3,0.0,0.0,6.48,0,,SLC2A1,t1_cns,1,0
CHEMBL499,-7.071,2,0.0,0.0,16.5,0,,SLC2A1,t1_cns,1,0
CHEMBL500,-7.375,2,0.0,0.0,12.57,0,,SLC2A1,t1_cns,1,0
CHEMBL502,-9.823,3,0.0,0.0,16.11,0,,SLC2A1,t1_cns,1,0
CHEMBL503565,-6.749,2,0.0,0.0,6.85,0,,SLC2A1,t1_cns,1,0
CHEMBL51,-9.981,2,0.0,0.0,19.73,0,,SLC2A1,t1_cns,1,0
CHEMBL516,-8.774,2,0.0,0.0,4.68,0,,SLC2A1,t1_cns,1,0
CHEMBL517,-7.455,3,0.0,0.0,22.28,0,,SLC2A1,t1_cns,1,0
CHEMBL517712,-8.14,1,0.0,0.0,17.77,0,,SLC2A1,t1_cns,1,0
CHEMBL521,-6.716,1,0.0,0.0,9.53,0,,SLC2A1,t1_cns,1,0
CHEMBL521606,-8.088,3,0.0,0.0,24.36,0,,SLC2A1,t1_cns,1,0
CHEMBL524,-6.056,2,0.0,0.0,10.86,0,,SLC2A1,t1_cns,1,0
CHEMBL524004,-8.669,2,0.0,0.0,22.07,0,,SLC2A1,t1_cns,1,0
CHEMBL52440,-8.189,2,0.0,0.0,8.05,0,,SLC2A1,t1_cns,1,0
CHEMBL526,-6.464,3,0.0,0.0,7.28,0,,SLC2A1,t1_cns,1,0
CHEMBL531,-8.522,2,0.0,0.0,12.12,0,,SLC2A1,t1_cns,1,0
CHEMBL533,-6.608,1,0.0,0.0,44.22,0,,SLC2A1,t1_cns,1,0
CHEMBL534,-6.207,3,0.0,0.0,23.13,0,,SLC2A1,t1_cns,1,0
CHEMBL54,-9.581,1,0.0,0.0,21.8,0,,SLC2A1,t1_cns,1,0
CHEMBL54349,-8.751,2,0.0,0.0,26.03,0,,SLC2A1,t1_cns,1,0
CHEMBL546,-6.654,2,0.0,0.0,21.37,0,,SLC2A1,t1_cns,1,0
CHEMBL549,-7.32,2,0.0,0.0,15.21,0,,SLC2A1,t1_cns,1,0
CHEMBL54976,-7.15,3,0.0,0.0,11.93,0,,SLC2A1,t1_cns,1,0
CHEMBL550,-5.885,2,0.0,0.0,8.82,0,,SLC2A1,t1_cns,1,0
CHEMBL558,-6.193,3,0.0,0.0,8.17,0,,SLC2A1,t1_cns,1,0
CHEMBL56367,-7.77,2,0.0,0.0,16.25,0,,SLC2A1,t1_cns,1,0
CHEMBL564,-7.558,2,0.0,0.0,12.86,0,,SLC2A1,t1_cns,1,0
CHEMBL56564,-8.597,3,0.0,0.0,13.0,0,,SLC2A1,t1_cns,1,0
CHEMBL567,-8.993,3,0.0,0.0,22.27,0,,SLC2A1,t1_cns,1,0
CHEMBL568,-7.146,2,0.0,0.0,20.12,0,,SLC2A1,t1_cns,1,0
CHEMBL569,-6.028,2,0.0,0.0,11.92,0,,SLC2A1,t1_cns,1,0
CHEMBL569713,-8.338,2,0.0,0.0,13.92,0,,SLC2A1,t1_cns,1,0
CHEMBL570,-8.648,2,0.0,0.0,12.75,0,,SLC2A1,t1_cns,1,0
CHEMBL580,-7.817,2,0.0,0.0,22.58,0,,SLC2A1,t1_cns,1,0
CHEMBL58323,-6.744,2,0.0,0.0,10.91,0,,SLC2A1,t1_cns,1,0
CHEMBL585,-8.415,2,0.0,0.0,8.86,0,,SLC2A1,t1_cns,1,0
CHEMBL588,-5.782,2,0.0,0.0,31.44,0,,SLC2A1,t1_cns,1,0
CHEMBL589,-6.826,3,0.0,0.0,12.88,0,,SLC2A1,t1_cns,1,0
CHEMBL59,-5.776,3,0.0,0.0,6.79,0,,SLC2A1,t1_cns,1,0
CHEMBL591,-4.885,3,0.0,0.0,5.0,0,,SLC2A1,t1_cns,1,0
CHEMBL594,-5.55,2,0.0,0.0,34.92,0,,SLC2A1,t1_cns,1,0
CHEMBL596,-9.139,2,0.0,0.0,18.07,0,,SLC2A1,t1_cns,1,0
CHEMBL597,-8.224,2,0.0,0.0,17.19,0,,SLC2A1,t1_cns,1,0
CHEMBL607,-7.385,2,0.0,0.0,10.72,0,,SLC2A1,t1_cns,1,0
CHEMBL607400,-6.109,2,0.0,0.0,11.0,0,,SLC2A1,t1_cns,1,0
CHEMBL611,-9.228,2,0.0,0.0,19.96,0,,SLC2A1,t1_cns,1,0
CHEMBL612,-5.534,2,0.0,0.0,6.16,0,,SLC2A1,t1_cns,1,0
CHEMBL61593,-9.165,3,0.0,0.0,16.07,0,,SLC2A1,t1_cns,1,0
CHEMBL620,-7.417,3,0.0,0.0,24.01,0,,SLC2A1,t1_cns,1,0
CHEMBL621,-8.798,3,0.0,0.0,17.54,0,,SLC2A1,t1_cns,1,0
CHEMBL623,-9.341,3,0.0,0.0,51.45,0,,SLC2A1,t1_cns,1,0
CHEMBL628,-6.667,3,0.0,0.0,14.38,0,,SLC2A1,t1_cns,1,0
CHEMBL629,-6.644,3,0.0,0.0,27.75,0,,SLC2A1,t1_cns,1,0
CHEMBL633,-7.883,3,0.0,0.0,29.89,0,,SLC2A1,t1_cns,1,0
CHEMBL636,-6.35,3,0.0,0.0,10.42,0,,SLC2A1,t1_cns,1,0
CHEMBL637,-7.619,2,0.0,0.0,11.51,0,,SLC2A1,t1_cns,1,0
CHEMBL639,-6.898,2,0.0,0.0,38.18,0,,SLC2A1,t1_cns,1,0
CHEMBL640,-6.224,3,0.0,0.0,10.95,0,,SLC2A1,t1_cns,1,0
CHEMBL641,-7.853,3,0.0,0.0,11.12,0,,SLC2A1,t1_cns,1,0
CHEMBL642,-7.949,1,0.0,0.0,22.41,0,,SLC2A1,t1_cns,1,0
CHEMBL643,-8.044,2,0.0,0.0,9.02,0,,SLC2A1,t1_cns,1,0
CHEMBL6437,-8.957,3,0.0,0.0,4.81,0,,SLC2A1,t1_cns,1,0
CHEMBL644,-6.342,3,0.0,0.0,26.91,0,,SLC2A1,t1_cns,1,0
CHEMBL645,-6.633,3,0.0,0.0,24.5,0,,SLC2A1,t1_cns,1,0
CHEMBL646,-8.759,3,0.0,0.0,9.08,0,,SLC2A1,t1_cns,1,0
CHEMBL647,-6.531,3,0.0,0.0,10.14,0,,SLC2A1,t1_cns,1,0
CHEMBL648,-8.079,2,0.0,0.0,11.8,0,,SLC2A1,t1_cns,1,0
CHEMBL651,-6.961,2,0.0,0.0,19.45,0,,SLC2A1,t1_cns,1,0
CHEMBL652,-8.677,2,0.0,0.0,31.11,0,,SLC2A1,t1_cns,1,0
CHEMBL654,-9.105,3,0.0,0.0,6.96,0,,SLC2A1,t1_cns,1,0
CHEMBL655,-8.648,1,0.0,0.0,11.75,0,,SLC2A1,t1_cns,1,0
CHEMBL656,-8.204,2,0.0,0.0,9.23,0,,SLC2A1,t1_cns,1,0
CHEMBL657,-7.135,2,0.0,0.0,14.54,0,,SLC2A1,t1_cns,1,0
CHEMBL658,-8.005,2,0.0,0.0,24.61,0,,SLC2A1,t1_cns,1,0
CHEMBL659,-6.396,2,0.0,0.0,21.7,0,,SLC2A1,t1_cns,1,0
CHEMBL660,-6.351,3,0.0,0.0,3.73,0,,SLC2A1,t1_cns,1,0
CHEMBL661,-8.431,1,0.0,0.0,9.13,0,,SLC2A1,t1_cns,1,0
CHEMBL667,-3.791,2,0.0,0.0,6.05,0,,SLC2A1,t1_cns,1,0
CHEMBL668,-7.924,3,0.0,0.0,11.73,0,,SLC2A1,t1_cns,1,0
CHEMBL669,-7.459,3,0.0,0.0,12.21,0,,SLC2A1,t1_cns,1,0
CHEMBL673,-5.691,2,0.0,0.0,7.01,0,,SLC2A1,t1_cns,1,0
CHEMBL679,-6.132,1,0.0,0.0,12.43,0,,SLC2A1,t1_cns,1,0
CHEMBL681,-6.599,2,0.0,0.0,12.83,0,,SLC2A1,t1_cns,1,0
CHEMBL682,-8.441,2,0.0,0.0,21.75,0,,SLC2A1,t1_cns,1,0
CHEMBL695,-4.935,3,0.0,0.0,3.43,0,,SLC2A1,t1_cns,1,0
CHEMBL696,-5.119,2,0.0,0.0,3.86,0,,SLC2A1,t1_cns,1,0
CHEMBL6966,-7.961,3,0.0,0.0,46.17,0,,SLC2A1,t1_cns,1,0
CHEMBL697,-6.953,2,0.0,0.0,5.22,0,,SLC2A1,t1_cns,1,0
CHEMBL698,-6.076,3,0.0,0.0,14.26,0,,SLC2A1,t1_cns,1,0
CHEMBL6995,-6.875,1,0.0,0.0,14.65,0,,SLC2A1,t1_cns,1,0
CHEMBL70,-8.842,2,0.0,0.0,6.54,0,,SLC2A1,t1_cns,1,0
CHEMBL701,-6.057,3,0.0,0.0,8.85,0,,SLC2A1,t1_cns,1,0
CHEMBL70246,-6.498,3,0.0,0.0,7.26,0,,SLC2A1,t1_cns,1,0
CHEMBL70418,-6.493,2,0.0,0.0,21.2,0,,SLC2A1,t1_cns,1,0
CHEMBL707,-10.03,3,0.0,0.0,19.62,0,,SLC2A1,t1_cns,1,0
CHEMBL708,-10.42,2,0.0,0.0,16.66,0,,SLC2A1,t1_cns,1,0
CHEMBL709,-8.535,3,0.0,0.0,23.31,0,,SLC2A1,t1_cns,1,0
CHEMBL71,-7.895,2,0.0,0.0,9.59,0,,SLC2A1,t1_cns,1,0
CHEMBL714,-6.816,2,0.0,0.0,13.16,0,,SLC2A1,t1_cns,1,0
CHEMBL715,-9.081,3,0.0,0.0,8.01,0,,SLC2A1,t1_cns,1,0
CHEMBL716,-7.867,3,0.0,0.0,23.25,0,,SLC2A1,t1_cns,1,0
CHEMBL71752,-8.17,2,0.0,0.0,16.1,0,,SLC2A1,t1_cns,1,0
CHEMBL72,-6.45,3,0.0,0.0,31.52,0,,SLC2A1,t1_cns,1,0
CHEMBL723,-9.258,3,0.0,0.0,45.57,0,,SLC2A1,t1_cns,1,0
CHEMBL726,-9.312,2,0.0,0.0,29.27,0,,SLC2A1,t1_cns,1,0
CHEMBL728,-8.824,3,0.0,0.0,14.31,0,,SLC2A1,t1_cns,1,0
CHEMBL73234,-6.687,2,0.0,0.0,29.81,0,,SLC2A1,t1_cns,1,0
CHEMBL741,-7.152,2,0.0,0.0,6.8,0,,SLC2A1,t1_cns,1,0
CHEMBL742,-7.242,3,0.0,0.0,5.36,0,,SLC2A1,t1_cns,1,0
CHEMBL744,-6.664,1,0.0,0.0,9.2,0,,SLC2A1,t1_cns,1,0
CHEMBL746,-9.149,2,0.0,0.0,21.32,0,,SLC2A1,t1_cns,1,0
CHEMBL750,-6.367,2,0.0,0.0,7.55,0,,SLC2A1,t1_cns,1,0
CHEMBL753,-6.596,2,0.0,0.0,15.04,0,,SLC2A1,t1_cns,1,0
CHEMBL761,-7.688,3,0.0,0.0,6.11,0,,SLC2A1,t1_cns,1,0
CHEMBL762,-7.384,1,0.0,0.0,8.81,0,,SLC2A1,t1_cns,1,0
CHEMBL76370,-7.908,1,0.0,0.0,14.57,0,,SLC2A1,t1_cns,1,0
CHEMBL765,-4.334,3,0.0,0.0,20.42,0,,SLC2A1,t1_cns,1,0
CHEMBL768,-6.572,3,0.0,0.0,19.67,0,,SLC2A1,t1_cns,1,0
CHEMBL770,-6.155,2,0.0,0.0,5.26,0,,SLC2A1,t1_cns,1,0
CHEMBL772,-9.617,2,0.0,0.0,49.36,0,,SLC2A1,t1_cns,1,0
CHEMBL776,-6.636,3,0.0,0.0,9.92,0,,SLC2A1,t1_cns,1,0
CHEMBL778,-7.022,3,0.0,0.0,6.22,0,,SLC2A1,t1_cns,1,0
CHEMBL7863,-6.396,3,0.0,0.0,6.24,0,,SLC2A1,t1_cns,1,0
CHEMBL79,-6.559,3,0.0,0.0,8.68,0,,SLC2A1,t1_cns,1,0
CHEMBL796,-7.128,2,0.0,0.0,8.36,0,,SLC2A1,t1_cns,1,0
CHEMBL797,-6.771,2,0.0,0.0,4.84,0,,SLC2A1,t1_cns,1,0
CHEMBL80,-9.332,2,0.0,0.0,9.6,0,,SLC2A1,t1_cns,1,0
CHEMBL807,-7.025,3,0.0,0.0,4.27,0,,SLC2A1,t1_cns,1,0
CHEMBL809,-8.248,3,0.0,0.0,7.5,0,,SLC2A1,t1_cns,1,0
CHEMBL811,-6.842,2,0.0,0.0,9.9,0,,SLC2A1,t1_cns,1,0
CHEMBL814,-6.683,1,0.0,0.0,27.82,0,,SLC2A1,t1_cns,1,0
CHEMBL827,-6.934,2,0.0,0.0,10.88,0,,SLC2A1,t1_cns,1,0
CHEMBL83063,-7.903,2,0.0,0.0,23.95,0,,SLC2A1,t1_cns,1,0
CHEMBL831,-8.679,3,0.0,0.0,7.56,0,,SLC2A1,t1_cns,1,0
CHEMBL836,-7.403,3,0.0,0.0,43.72,0,,SLC2A1,t1_cns,1,0
CHEMBL839,-7.794,2,0.0,0.0,17.78,0,,SLC2A1,t1_cns,1,0
CHEMBL841,-10.35,1,0.0,0.0,37.8,0,,SLC2A1,t1_cns,1,0
CHEMBL844,-7.011,3,0.0,0.0,7.49,0,,SLC2A1,t1_cns,1,0
CHEMBL85,-11.21,3,0.0,0.0,19.73,0,,SLC2A1,t1_cns,1,0
CHEMBL85231,-7.098,2,0.0,0.0,14.59,0,,SLC2A1,t1_cns,1,0
CHEMBL855,-8.248,1,0.0,0.0,9.34,0,,SLC2A1,t1_cns,1,0
CHEMBL856,-6.384,2,0.0,0.0,5.97,0,,SLC2A1,t1_cns,1,0
CHEMBL86,-6.696,1,0.0,0.0,13.97,0,,SLC2A1,t1_cns,1,0
CHEMBL861,-7.204,3,0.0,0.0,6.19,0,,SLC2A1,t1_cns,1,0
CHEMBL862,-7.148,3,0.0,0.0,6.43,0,,SLC2A1,t1_cns,1,0
CHEMBL86304,-7.06,2,0.0,0.0,8.7,0,,SLC2A1,t1_cns,1,0
CHEMBL864,-6.839,3,0.0,0.0,12.93,0,,SLC2A1,t1_cns,1,0
CHEMBL86715,-8.111,2,0.0,0.0,12.15,0,,SLC2A1,t1_cns,1,0
CHEMBL87493,-7.074,3,0.0,0.0,9.37,0,,SLC2A1,t1_cns,1,0
CHEMBL87708,-8.028,1,0.0,0.0,58.29,0,,SLC2A1,t1_cns,1,0
CHEMBL887,-6.532,2,0.0,0.0,4.98,0,,SLC2A1,t1_cns,1,0
CHEMBL894,-6.587,2,0.0,0.0,8.77,0,,SLC2A1,t1_cns,1,0
CHEMBL895,-9.191,2,0.0,0.0,12.55,0,,SLC2A1,t1_cns,1,0
CHEMBL89598,-4.567,3,0.0,0.0,8.15,0,,SLC2A1,t1_cns,1,0
CHEMBL896,-7.534,2,0.0,0.0,24.07,0,,SLC2A1,t1_cns,1,0
CHEMBL898,-8.313,3,0.0,0.0,8.59,0,,SLC2A1,t1_cns,1,0
CHEMBL90,-4.069,2,0.0,0.0,5.16,0,,SLC2A1,t1_cns,1,0
CHEMBL900,-7.474,2,0.0,0.0,17.63,0,,SLC2A1,t1_cns,1,0
CHEMBL902,-6.734,3,0.0,0.0,24.87,0,,SLC2A1,t1_cns,1,0
CHEMBL905,-7.025,2,0.0,0.0,15.65,0,,SLC2A1,t1_cns,1,0
CHEMBL908,-8.113,2,0.0,0.0,11.24,0,,SLC2A1,t1_cns,1,0
CHEMBL911,-9.336,1,0.0,0.0,12.63,0,,SLC2A1,t1_cns,1,0
CHEMBL91397,-7.948,3,0.0,0.0,48.31,0,,SLC2A1,t1_cns,1,0
CHEMBL914,-10.4,3,0.0,0.0,61.71,0,,SLC2A1,t1_cns,1,0
CHEMBL918,-6.857,3,0.0,0.0,7.29,0,,SLC2A1,t1_cns,1,0
CHEMBL920,-3.196,2,0.0,0.0,3.32,0,,SLC2A1,t1_cns,1,0
CHEMBL92401,-6.214,3,0.0,0.0,5.76,0,,SLC2A1,t1_cns,1,0
CHEMBL926,-7.904,2,0.0,0.0,16.52,0,,SLC2A1,t1_cns,1,0
CHEMBL931,-4.03,2,0.0,0.0,2.66,0,,SLC2A1,t1_cns,1,0
CHEMBL936,-8.601,1,0.0,0.0,15.25,0,,SLC2A1,t1_cns,1,0
CHEMBL94,-7.921,2,0.0,0.0,7.48,0,,SLC2A1,t1_cns,1,0
CHEMBL940,-5.838,3,0.0,0.0,9.2,0,,SLC2A1,t1_cns,1,0
CHEMBL94454,-10.33,2,0.0,0.0,31.5,0,,SLC2A1,t1_cns,1,0
CHEMBL945,-7.011,3,0.0,0.0,10.38,0,,SLC2A1,t1_cns,1,0
CHEMBL946,-6.896,3,0.0,0.0,24.49,0,,SLC2A1,t1_cns,1,0
CHEMBL95,-7.801,3,0.0,0.0,6.51,0,,SLC2A1,t1_cns,1,0
CHEMBL953,-7.46,3,0.0,0.0,20.65,0,,SLC2A1,t1_cns,1,0
CHEMBL963,-9.075,3,0.0,0.0,10.74,0,,SLC2A1,t1_cns,1,0
CHEMBL967,-6.74,2,0.0,0.0,26.8,0,,SLC2A1,t1_cns,1,0
CHEMBL968,-6.649,3,0.0,0.0,53.14,0,,SLC2A1,t1_cns,1,0
CHEMBL969,-6.2,2,0.0,0.0,26.83,0,,SLC2A1,t1_cns,1,0
CHEMBL970,-7.165,1,0.0,0.0,19.2,0,,SLC2A1,t1_cns,1,0
CHEMBL972,-5.962,2,0.0,0.0,4.26,0,,SLC2A1,t1_cns,1,0
CHEMBL978,-4.221,1,0.0,0.0,3.33,0,,SLC2A1,t1_cns,1,0
CHEMBL979,-5.593,3,0.0,0.0,5.84,0,,SLC2A1,t1_cns,1,0
CHEMBL982,-8.347,3,0.0,0.0,6.2,0,,SLC2A1,t1_cns,1,0
CHEMBL9967,-9.094,1,0.0,0.0,7.45,0,,SLC2A1,t1_cns,1,0
CHEMBL998,-6.963,1,0.0,0.0,17.22,0,,SLC2A1,t1_cns,1,0
CHEMBL99946,-5.682,1,0.0,0.0,6.75,0,,SLC2A1,t1_cns,1,0
CHEMBL1000,-6.789,3,0.0,0.0,39.81,0,,TNIK,t1_cns,1,0
CHEMBL100116,-7.011,1,0.0,0.0,9.58,0,,TNIK,t1_cns,1,0
CHEMBL1004,-6.201,2,0.0,0.0,12.65,0,,TNIK,t1_cns,1,0
CHEMBL1005,-6.07,3,0.0,0.0,26.72,0,,TNIK,t1_cns,1,0
CHEMBL1008,-6.795,3,0.0,0.0,38.33,0,,TNIK,t1_cns,1,0
CHEMBL1009,-6.34,1,0.0,0.0,10.5,0,,TNIK,t1_cns,1,0
CHEMBL1027,-6.601,2,0.0,0.0,28.63,0,,TNIK,t1_cns,1,0
CHEMBL1037,-6.431,3,0.0,0.0,6.67,0,,TNIK,t1_cns,1,0
CHEMBL1059,-5.664,2,0.0,0.0,10.47,0,,TNIK,t1_cns,1,0
CHEMBL1065,-6.294,2,0.0,0.0,20.54,0,,TNIK,t1_cns,1,0
CHEMBL1068,-4.974,2,0.0,0.0,24.03,0,,TNIK,t1_cns,1,0
CHEMBL1076903,-7.717,3,0.0,0.0,4.98,0,,TNIK,t1_cns,1,0
CHEMBL1077896,-6.23,2,0.0,0.0,13.25,0,,TNIK,t1_cns,1,0
CHEMBL1078261,-6.357,2,0.0,0.0,28.66,0,,TNIK,t1_cns,1,0
CHEMBL1079,-5.935,3,0.0,0.0,7.51,0,,TNIK,t1_cns,1,0
CHEMBL1079604,-7.291,3,0.0,0.0,8.48,0,,TNIK,t1_cns,1,0
CHEMBL108,-7.071,3,0.0,0.0,6.26,0,,TNIK,t1_cns,1,0
CHEMBL1083659,-4.481,2,0.0,0.0,90.45,0,,TNIK,t1_cns,1,0
CHEMBL1085,-6.52,2,0.0,0.0,35.88,0,,TNIK,t1_cns,1,0
CHEMBL1087,-6.969,2,0.0,0.0,7.03,0,,TNIK,t1_cns,1,0
CHEMBL10878,-7.581,3,0.0,0.0,8.98,0,,TNIK,t1_cns,1,0
CHEMBL1088,-6.715,2,0.0,0.0,19.37,0,,TNIK,t1_cns,1,0
CHEMBL1089,-5.75,2,0.0,0.0,5.18,0,,TNIK,t1_cns,1,0
CHEMBL1089221,-7.009,2,0.0,0.0,15.46,0,,TNIK,t1_cns,1,0
CHEMBL109,-5.334,3,0.0,0.0,7.55,0,,TNIK,t1_cns,1,0
CHEMBL1093,-5.82,2,0.0,0.0,16.0,0,,TNIK,t1_cns,1,0
CHEMBL1094,-6.85,2,0.0,0.0,23.14,0,,TNIK,t1_cns,1,0
CHEMBL1095,-6.922,2,0.0,0.0,21.1,0,,TNIK,t1_cns,1,0
CHEMBL1095777,-9.713,2,0.0,0.0,43.74,0,,TNIK,t1_cns,1,0
CHEMBL1096,-5.806,2,0.0,0.0,15.11,0,,TNIK,t1_cns,1,0
CHEMBL1098,-6.544,2,0.0,0.0,19.01,0,,TNIK,t1_cns,1,0
CHEMBL11,-4.484,2,0.0,0.0,33.44,0,,TNIK,t1_cns,1,0
CHEMBL1100,-5.195,3,0.0,0.0,3.59,0,,TNIK,t1_cns,1,0
CHEMBL1101,-7.71,2,0.0,0.0,14.73,0,,TNIK,t1_cns,1,0
CHEMBL1102,-6.851,2,0.0,0.0,5.79,0,,TNIK,t1_cns,1,0
CHEMBL1104,-5.607,3,0.0,0.0,4.71,0,,TNIK,t1_cns,1,0
CHEMBL1106,-7.412,2,0.0,0.0,4.88,0,,TNIK,t1_cns,1,0
CHEMBL1108,-8.939,2,0.0,0.0,26.55,0,,TNIK,t1_cns,1,0
CHEMBL111,-6.947,2,0.0,0.0,28.5,0,,TNIK,t1_cns,1,0
CHEMBL1110,-6.594,2,0.0,0.0,9.62,0,,TNIK,t1_cns,1,0
CHEMBL1112,-9.034,3,0.0,0.0,40.49,0,,TNIK,t1_cns,1,0
CHEMBL1113,-6.711,3,0.0,0.0,7.67,0,,TNIK,t1_cns,1,0
CHEMBL1115,-5.569,3,0.0,0.0,6.23,0,,TNIK,t1_cns,1,0
CHEMBL1118,-6.607,2,0.0,0.0,13.45,0,,TNIK,t1_cns,1,0
CHEMBL112,-5.92,2,0.0,0.0,4.8,0,,TNIK,t1_cns,1,0
CHEMBL113,-4.564,3,0.0,0.0,4.59,0,,TNIK,t1_cns,1,0
CHEMBL1165342,-6.362,3,0.0,0.0,14.11,0,,TNIK,t1_cns,1,0
CHEMBL1172,-5.669,2,0.0,0.0,23.61,0,,TNIK,t1_cns,1,0
CHEMBL117287,-7.003,2,0.0,0.0,22.56,0,,TNIK,t1_cns,1,0
CHEMBL1175,-8.167,2,0.0,0.0,18.57,0,,TNIK,t1_cns,1,0
CHEMBL1177,-7.28,2,0.0,0.0,5.94,0,,TNIK,t1_cns,1,0
CHEMBL117785,-8.314,3,0.0,0.0,12.61,0,,TNIK,t1_cns,1,0
CHEMBL1179047,-6.231,3,0.0,0.0,16.91,0,,TNIK,t1_cns,1,0
CHEMBL118,-7.523,2,0.0,0.0,19.73,0,,TNIK,t1_cns,1,0
CHEMBL1180725,-4.804,2,0.0,0.0,31.9,0,,TNIK,t1_cns,1,0
CHEMBL1185,-8.332,3,0.0,0.0,13.24,0,,TNIK,t1_cns,1,0
CHEMBL1186579,-7.277,2,0.0,0.0,10.69,0,,TNIK,t1_cns,1,0
CHEMBL1186610,-5.314,2,0.0,0.0,14.45,0,,TNIK,t1_cns,1,0
CHEMBL1187833,-8.885,2,0.0,0.0,38.09,0,,TNIK,t1_cns,1,0
CHEMBL1189432,-6.638,2,0.0,0.0,15.15,0,,TNIK,t1_cns,1,0
CHEMBL1189679,-6.888,3,0.0,0.0,11.63,0,,TNIK,t1_cns,1,0
CHEMBL1190,-5.64,1,0.0,0.0,25.49,0,,TNIK,t1_cns,1,0
CHEMBL1193,-5.829,3,0.0,0.0,12.19,0,,TNIK,t1_cns,1,0
CHEMBL1194,-6.513,2,0.0,0.0,9.49,0,,TNIK,t1_cns,1,0
CHEMBL1194325,-6.734,3,0.0,0.0,65.46,0,,TNIK,t1_cns,1,0
CHEMBL1195,-5.292,2,0.0,0.0,24.29,0,,TNIK,t1_cns,1,0
CHEMBL1197,-7.082,3,0.0,0.0,14.12,0,,TNIK,t1_cns,1,0
CHEMBL1198857,-6.881,3,0.0,0.0,116.34,0,,TNIK,t1_cns,1,0
CHEMBL1199080,-6.108,2,0.0,0.0,6.37,0,,TNIK,t1_cns,1,0
CHEMBL1199307,-4.531,3,0.0,0.0,82.78,0,,TNIK,t1_cns,1,0
CHEMBL12,-5.366,2,0.0,0.0,21.28,0,,TNIK,t1_cns,1,0
CHEMBL1200338,-5.931,2,0.0,0.0,8.92,0,,TNIK,t1_cns,1,0
CHEMBL1200406,-5.917,2,0.0,0.0,11.77,0,,TNIK,t1_cns,1,0
CHEMBL1200472,-5.509,1,0.0,0.0,35.02,0,,TNIK,t1_cns,1,0
CHEMBL1200596,-5.978,2,0.0,0.0,4.38,0,,TNIK,t1_cns,1,0
CHEMBL1200604,-7.426,2,0.0,0.0,15.96,0,,TNIK,t1_cns,1,0
CHEMBL1200694,-5.688,1,0.0,0.0,4.85,0,,TNIK,t1_cns,1,0
CHEMBL1200714,-5.963,2,0.0,0.0,6.13,0,,TNIK,t1_cns,1,0
CHEMBL1200748,-6.495,1,0.0,0.0,12.92,0,,TNIK,t1_cns,1,0
CHEMBL1200790,-4.935,3,0.0,0.0,4.58,0,,TNIK,t1_cns,1,0
CHEMBL1200802,-5.162,2,0.0,0.0,9.38,0,,TNIK,t1_cns,1,0
CHEMBL1200922,-5.412,1,0.0,0.0,22.27,0,,TNIK,t1_cns,1,0
CHEMBL1201,-7.146,2,0.0,0.0,55.27,0,,TNIK,t1_cns,1,0
CHEMBL1201087,-7.301,2,0.0,0.0,73.87,0,,TNIK,t1_cns,1,0
CHEMBL1201168,-7.346,2,0.0,0.0,11.96,0,,TNIK,t1_cns,1,0
CHEMBL1201191,-5.154,2,0.0,0.0,48.59,0,,TNIK,t1_cns,1,0
CHEMBL1201192,-6.778,1,0.0,0.0,16.4,0,,TNIK,t1_cns,1,0
CHEMBL1201201,-6.046,2,0.0,0.0,6.51,0,,TNIK,t1_cns,1,0
CHEMBL1201206,-6.904,2,0.0,0.0,48.72,0,,TNIK,t1_cns,1,0
CHEMBL1201210,-6.98,1,0.0,0.0,20.36,0,,TNIK,t1_cns,1,0
CHEMBL1201212,-5.489,3,0.0,0.0,20.5,0,,TNIK,t1_cns,1,0
CHEMBL1201213,-5.956,2,0.0,0.0,17.65,0,,TNIK,t1_cns,1,0
CHEMBL1201216,-8.21,2,0.0,0.0,15.52,0,,TNIK,t1_cns,1,0
CHEMBL1201217,-7.249,2,0.0,0.0,14.85,0,,TNIK,t1_cns,1,0
CHEMBL1201219,-7.892,1,0.0,0.0,29.2,0,,TNIK,t1_cns,1,0
CHEMBL1201222,-6.598,3,0.0,0.0,20.75,0,,TNIK,t1_cns,1,0
CHEMBL1201229,-6.74,3,0.0,0.0,153.51,0,,TNIK,t1_cns,1,0
CHEMBL1201234,-6.461,2,0.0,0.0,5.85,0,,TNIK,t1_cns,1,0
CHEMBL1201237,-7.089,2,0.0,0.0,22.02,0,,TNIK,t1_cns,1,0
CHEMBL1201244,-7.633,3,0.0,0.0,48.62,0,,TNIK,t1_cns,1,0
CHEMBL1201256,-7.214,3,0.0,0.0,34.06,0,,TNIK,t1_cns,1,0
CHEMBL1201264,-6.545,2,0.0,0.0,22.88,0,,TNIK,t1_cns,1,0
CHEMBL1201266,-5.958,2,0.0,0.0,13.04,0,,TNIK,t1_cns,1,0
CHEMBL1201271,-8.52,3,0.0,0.0,35.77,0,,TNIK,t1_cns,1,0
CHEMBL1201274,-6.842,2,0.0,0.0,24.93,0,,TNIK,t1_cns,1,0
CHEMBL1201284,-8.462,3,0.0,0.0,45.39,0,,TNIK,t1_cns,1,0
CHEMBL1201288,-8.965,1,0.0,0.0,28.01,0,,TNIK,t1_cns,1,0
CHEMBL1201293,-4.809,1,0.0,0.0,11.91,0,,TNIK,t1_cns,1,0
CHEMBL1201317,-4.416,1,0.0,0.0,10.38,0,,TNIK,t1_cns,1,0
CHEMBL1201319,-5.973,2,0.0,0.0,9.59,0,,TNIK,t1_cns,1,0
CHEMBL1201323,-4.359,3,0.0,0.0,7.64,0,,TNIK,t1_cns,1,0
CHEMBL1201336,-7.257,2,0.0,0.0,31.28,0,,TNIK,t1_cns,1,0
CHEMBL1201338,-5.698,2,0.0,0.0,21.03,0,,TNIK,t1_cns,1,0
CHEMBL1201340,-6.621,2,0.0,0.0,12.45,0,,TNIK,t1_cns,1,0
CHEMBL1201353,-6.004,2,0.0,0.0,16.57,0,,TNIK,t1_cns,1,0
CHEMBL1201354,-5.962,2,0.0,0.0,28.82,0,,TNIK,t1_cns,1,0
CHEMBL1201747,-4.158,3,0.0,0.0,33.52,0,,TNIK,t1_cns,1,0
CHEMBL1201754,-7.184,2,0.0,0.0,11.41,0,,TNIK,t1_cns,1,0
CHEMBL1201758,-4.789,3,0.0,0.0,53.47,0,,TNIK,t1_cns,1,0
CHEMBL1201764,-6.488,3,0.0,0.0,71.56,0,,TNIK,t1_cns,1,0
CHEMBL1201776,-6.087,1,0.0,0.0,12.42,0,,TNIK,t1_cns,1,0
CHEMBL1206690,-7.411,2,0.0,0.0,27.5,0,,TNIK,t1_cns,1,0
CHEMBL1213351,-5.867,1,0.0,0.0,22.09,0,,TNIK,t1_cns,1,0
CHEMBL1214124,-7.8,1,0.0,0.0,13.59,0,,TNIK,t1_cns,1,0
CHEMBL1215,-5.598,2,0.0,0.0,6.56,0,,TNIK,t1_cns,1,0
CHEMBL1218,-7.422,2,0.0,0.0,11.38,0,,TNIK,t1_cns,1,0
CHEMBL1224,-6.911,2,0.0,0.0,23.49,0,,TNIK,t1_cns,1,0
CHEMBL1231,-7.18,1,0.0,0.0,33.66,0,,TNIK,t1_cns,1,0
CHEMBL1237021,-9.557,3,0.0,0.0,57.92,0,,TNIK,t1_cns,1,0
CHEMBL1237044,-6.015,2,0.0,0.0,13.16,0,,TNIK,t1_cns,1,0
CHEMBL1241,-6.166,1,0.0,0.0,14.79,0,,TNIK,t1_cns,1,0
CHEMBL1254682,-7.02,3,0.0,0.0,9.21,0,,TNIK,t1_cns,1,0
CHEMBL1256,-5.33,3,0.0,0.0,5.45,0,,TNIK,t1_cns,1,0
CHEMBL1256786,-7.559,2,0.0,0.0,32.62,0,,TNIK,t1_cns,1,0
CHEMBL1256841,-7.757,3,0.0,0.0,23.75,0,,TNIK,t1_cns,1,0
CHEMBL1257,-5.261,2,0.0,0.0,5.68,0,,TNIK,t1_cns,1,0
CHEMBL1259,1.208,1,0.0,0.0,223.43,0,,TNIK,t1_cns,1,0
CHEMBL126224,-3.476,3,0.0,0.0,46.86,0,,TNIK,t1_cns,1,0
CHEMBL1263,-7.38,2,0.0,0.0,112.78,0,,TNIK,t1_cns,1,0
CHEMBL1266,-5.952,2,0.0,0.0,7.7,0,,TNIK,t1_cns,1,0
CHEMBL12713,-6.654,1,0.0,0.0,41.69,0,,TNIK,t1_cns,1,0
CHEMBL127516,-6.126,2,0.0,0.0,13.1,0,,TNIK,t1_cns,1,0
CHEMBL1278,-8.23,2,0.0,0.0,25.59,0,,TNIK,t1_cns,1,0
CHEMBL1279,-8.759,3,0.0,0.0,8.67,0,,TNIK,t1_cns,1,0
CHEMBL128,-7.287,1,0.0,0.0,22.06,0,,TNIK,t1_cns,1,0
CHEMBL1286,-5.148,3,0.0,0.0,10.04,0,,TNIK,t1_cns,1,0
CHEMBL1290,-6.666,1,0.0,0.0,29.85,0,,TNIK,t1_cns,1,0
CHEMBL1291,-6.928,3,0.0,0.0,31.61,0,,TNIK,t1_cns,1,0
CHEMBL1294,-6.97,2,0.0,0.0,23.12,0,,TNIK,t1_cns,1,0
CHEMBL13,-6.477,2,0.0,0.0,23.62,0,,TNIK,t1_cns,1,0
CHEMBL1303,-7.799,1,0.0,0.0,19.41,0,,TNIK,t1_cns,1,0
CHEMBL1305,-6.824,2,0.0,0.0,17.11,0,,TNIK,t1_cns,1,0
CHEMBL131,-5.787,1,0.0,0.0,15.25,0,,TNIK,t1_cns,1,0
CHEMBL13209,-5.947,1,0.0,0.0,21.47,0,,TNIK,t1_cns,1,0
CHEMBL1321,-7.586,3,0.0,0.0,8.22,0,,TNIK,t1_cns,1,0
CHEMBL13280,-0.7873,2,0.0,0.0,28.12,0,,TNIK,t1_cns,1,0
CHEMBL134,-5.064,3,0.0,0.0,5.52,0,,TNIK,t1_cns,1,0
CHEMBL1341,-4.54,2,0.0,0.0,3.78,0,,TNIK,t1_cns,1,0
CHEMBL1346,-9.015,2,0.0,0.0,39.34,0,,TNIK,t1_cns,1,0
CHEMBL135400,-6.529,3,0.0,0.0,21.04,0,,TNIK,t1_cns,1,0
CHEMBL1372950,-8.917,2,0.0,0.0,36.68,0,,TNIK,t1_cns,1,0
CHEMBL1373,-6.744,2,0.0,0.0,14.86,0,,TNIK,t1_cns,1,0
CHEMBL1378,-6.4,1,0.0,0.0,31.67,0,,TNIK,t1_cns,1,0
CHEMBL1382,-6.725,3,0.0,0.0,23.21,0,,TNIK,t1_cns,1,0
CHEMBL139,-6.081,2,0.0,0.0,14.26,0,,TNIK,t1_cns,1,0
CHEMBL14,-3.791,3,0.0,0.0,6.08,0,,TNIK,t1_cns,1,0
CHEMBL1404,-7.961,2,0.0,0.0,59.03,0,,TNIK,t1_cns,1,0
CHEMBL1410743,-4.653,3,0.0,0.0,3.65,0,,TNIK,t1_cns,1,0
CHEMBL1411979,-5.05,2,0.0,0.0,13.92,0,,TNIK,t1_cns,1,0
CHEMBL1414320,-5.966,2,0.0,0.0,58.45,0,,TNIK,t1_cns,1,0
CHEMBL1420,-5.265,2,0.0,0.0,4.34,0,,TNIK,t1_cns,1,0
CHEMBL1423,-7.14,3,0.0,0.0,62.43,0,,TNIK,t1_cns,1,0
CHEMBL142635,-7.17,2,0.0,0.0,37.15,0,,TNIK,t1_cns,1,0
CHEMBL1428,-6.179,2,0.0,0.0,63.87,0,,TNIK,t1_cns,1,0
CHEMBL1434,-7.092,3,0.0,0.0,34.55,0,,TNIK,t1_cns,1,0
CHEMBL1437,-5.637,3,0.0,0.0,10.51,0,,TNIK,t1_cns,1,0
CHEMBL14370,-6.371,2,0.0,0.0,24.96,0,,TNIK,t1_cns,1,0
CHEMBL14376,-8.463,2,0.0,0.0,45.38,0,,TNIK,t1_cns,1,0
CHEMBL1442422,-5.88,2,0.0,0.0,14.45,0,,TNIK,t1_cns,1,0
CHEMBL1454,-6.839,2,0.0,0.0,7.13,0,,TNIK,t1_cns,1,0
CHEMBL146095,-5.684,2,0.0,0.0,42.53,0,,TNIK,t1_cns,1,0
CHEMBL1480,-5.639,3,0.0,0.0,17.81,0,,TNIK,t1_cns,1,0
CHEMBL1480987,-7.994,1,0.0,0.0,11.2,0,,TNIK,t1_cns,1,0
CHEMBL1482,-4.241,1,0.0,0.0,5.69,0,,TNIK,t1_cns,1,0
CHEMBL1484,-6.632,2,0.0,0.0,86.4,0,,TNIK,t1_cns,1,0
CHEMBL1490,-7.242,2,0.0,0.0,15.95,0,,TNIK,t1_cns,1,0
CHEMBL1491,-5.858,2,0.0,0.0,43.8,0,,TNIK,t1_cns,1,0
CHEMBL1492,-6.621,1,0.0,0.0,13.58,0,,TNIK,t1_cns,1,0
CHEMBL1492500,-6.251,2,0.0,0.0,12.51,0,,TNIK,t1_cns,1,0
CHEMBL1493,-7.091,2,0.0,0.0,39.23,0,,TNIK,t1_cns,1,0
CHEMBL15023,-8.785,3,0.0,0.0,45.0,0,,TNIK,t1_cns,1,0
CHEMBL1505,-8.459,2,0.0,0.0,16.46,0,,TNIK,t1_cns,1,0
CHEMBL1508,-6.91,2,0.0,0.0,20.72,0,,TNIK,t1_cns,1,0
CHEMBL1510,-8.223,2,0.0,0.0,28.41,0,,TNIK,t1_cns,1,0
CHEMBL1514,-5.696,2,0.0,0.0,22.09,0,,TNIK,t1_cns,1,0
CHEMBL1515611,-5.141,3,0.0,0.0,4.93,0,,TNIK,t1_cns,1,0
CHEMBL1521,-6.646,2,0.0,0.0,14.1,0,,TNIK,t1_cns,1,0
CHEMBL1522,-6.873,3,0.0,0.0,19.66,0,,TNIK,t1_cns,1,0
CHEMBL154,-8.37,2,0.0,0.0,7.16,0,,TNIK,t1_cns,1,0
CHEMBL1568698,-9.181,3,0.0,0.0,7.2,0,,TNIK,t1_cns,1,0
CHEMBL1580,-4.327,2,0.0,0.0,28.83,0,,TNIK,t1_cns,1,0
CHEMBL1584,-7.428,1,0.0,0.0,35.99,0,,TNIK,t1_cns,1,0
CHEMBL159226,-5.703,2,0.0,0.0,24.63,0,,TNIK,t1_cns,1,0
CHEMBL1595,-6.323,3,0.0,0.0,10.92,0,,TNIK,t1_cns,1,0
CHEMBL16,-7.294,2,0.0,0.0,13.09,0,,TNIK,t1_cns,1,0
CHEMBL16073,-6.283,2,0.0,0.0,8.78,0,,TNIK,t1_cns,1,0
CHEMBL1611,-6.856,2,0.0,0.0,13.33,0,,TNIK,t1_cns,1,0
CHEMBL1615438,-8.884,2,0.0,0.0,36.06,0,,TNIK,t1_cns,1,0
CHEMBL1618018,-7.75,1,0.0,0.0,15.18,0,,TNIK,t1_cns,1,0
CHEMBL1619,-6.548,3,0.0,0.0,15.05,0,,TNIK,t1_cns,1,0
CHEMBL162036,-7.674,2,0.0,0.0,21.55,0,,TNIK,t1_cns,1,0
CHEMBL1621,-9.387,2,0.0,0.0,34.5,0,,TNIK,t1_cns,1,0
CHEMBL1621597,-7.635,2,0.0,0.0,31.35,0,,TNIK,t1_cns,1,0
CHEMBL1623992,-7.112,2,0.0,0.0,27.93,0,,TNIK,t1_cns,1,0
CHEMBL1626,-5.221,1,0.0,0.0,43.02,0,,TNIK,t1_cns,1,0
CHEMBL1626223,-6.553,3,0.0,0.0,7.6,0,,TNIK,t1_cns,1,0
CHEMBL1628227,-6.723,3,0.0,0.0,12.76,0,,TNIK,t1_cns,1,0
CHEMBL1628502,-6.014,1,0.0,0.0,36.3,0,,TNIK,t1_cns,1,0
CHEMBL1643895,-8.409,1,0.0,0.0,13.0,0,,TNIK,t1_cns,1,0
CHEMBL1648,-6.006,2,0.0,0.0,29.04,0,,TNIK,t1_cns,1,0
CHEMBL1652,-7.292,2,0.0,0.0,151.15,0,,TNIK,t1_cns,1,0
CHEMBL1685,-5.412,3,0.0,0.0,22.96,0,,TNIK,t1_cns,1,0
CHEMBL168815,-5.937,3,0.0,0.0,6.02,0,,TNIK,t1_cns,1,0
CHEMBL1697737,-4.87,2,0.0,0.0,30.19,0,,TNIK,t1_cns,1,0
CHEMBL1697856,-6.724,2,0.0,0.0,12.43,0,,TNIK,t1_cns,1,0
CHEMBL169901,-6.946,3,0.0,0.0,7.67,0,,TNIK,t1_cns,1,0
CHEMBL17157,-9.435,2,0.0,0.0,40.51,0,,TNIK,t1_cns,1,0
CHEMBL1726,-5.735,3,0.0,0.0,37.64,0,,TNIK,t1_cns,1,0
CHEMBL1729,-6.739,2,0.0,0.0,64.61,0,,TNIK,t1_cns,1,0
CHEMBL1732,-6.927,3,0.0,0.0,89.8,0,,TNIK,t1_cns,1,0
CHEMBL1742423,-8.672,2,0.0,0.0,54.51,0,,TNIK,t1_cns,1,0
CHEMBL1742466,-7.753,3,0.0,0.0,94.4,0,,TNIK,t1_cns,1,0
CHEMBL1742471,-7.784,2,0.0,0.0,39.77,0,,TNIK,t1_cns,1,0
CHEMBL1752,-4.733,3,0.0,0.0,11.12,0,,TNIK,t1_cns,1,0
CHEMBL1754,-6.572,3,0.0,0.0,27.6,0,,TNIK,t1_cns,1,0
CHEMBL1760,-6.589,2,0.0,0.0,13.29,0,,TNIK,t1_cns,1,0
CHEMBL1762,-6.13,3,0.0,0.0,7.26,0,,TNIK,t1_cns,1,0
CHEMBL1764,-5.728,3,0.0,0.0,15.47,0,,TNIK,t1_cns,1,0
CHEMBL17860,-5.429,2,0.0,0.0,9.61,0,,TNIK,t1_cns,1,0
CHEMBL178803,-4.52,1,0.0,0.0,46.73,0,,TNIK,t1_cns,1,0
CHEMBL1790041,-4.891,3,0.0,0.0,32.65,0,,TNIK,t1_cns,1,0
CHEMBL181,-6.563,2,0.0,0.0,6.09,0,,TNIK,t1_cns,1,0
CHEMBL18116,-7.439,3,0.0,0.0,7.81,0,,TNIK,t1_cns,1,0
CHEMBL184412,-6.456,2,0.0,0.0,154.43,0,,TNIK,t1_cns,1,0
CHEMBL185073,-1.3,1,0.0,0.0,88.47,0,,TNIK,t1_cns,1,0
CHEMBL1874750,-7.393,3,0.0,0.0,42.03,0,,TNIK,t1_cns,1,0
CHEMBL1888176,-7.583,2,0.0,0.0,41.71,0,,TNIK,t1_cns,1,0
CHEMBL188921,-5.359,2,0.0,0.0,18.59,0,,TNIK,t1_cns,1,0
CHEMBL1900528,-6.49,3,0.0,0.0,28.88,0,,TNIK,t1_cns,1,0
CHEMBL19019,-7.043,2,0.0,0.0,15.6,0,,TNIK,t1_cns,1,0
CHEMBL190461,-6.02,1,0.0,0.0,21.62,0,,TNIK,t1_cns,1,0
CHEMBL1909324,-7.213,2,0.0,0.0,72.86,0,,TNIK,t1_cns,1,0
CHEMBL19299,-8.829,1,0.0,0.0,10.88,0,,TNIK,t1_cns,1,0
CHEMBL193,-6.029,3,0.0,0.0,22.24,0,,TNIK,t1_cns,1,0
CHEMBL197084,-5.42,2,0.0,0.0,27.63,0,,TNIK,t1_cns,1,0
CHEMBL1983350,-7.51,1,0.0,0.0,9.5,0,,TNIK,t1_cns,1,0
CHEMBL2,-7.999,3,0.0,0.0,15.52,0,,TNIK,t1_cns,1,0
CHEMBL2028019,-7.336,3,0.0,0.0,28.87,0,,TNIK,t1_cns,1,0
CHEMBL207538,-8.878,3,0.0,0.0,6.97,0,,TNIK,t1_cns,1,0
CHEMBL2095212,-8.369,2,0.0,0.0,43.51,0,,TNIK,t1_cns,1,0
CHEMBL2103822,-6.867,3,0.0,0.0,12.86,0,,TNIK,t1_cns,1,0
CHEMBL2103827,-5.869,3,0.0,0.0,14.08,0,,TNIK,t1_cns,1,0
CHEMBL2103837,-9.26,3,0.0,0.0,9.31,0,,TNIK,t1_cns,1,0
CHEMBL2104095,-3.387,2,0.0,0.0,5.88,0,,TNIK,t1_cns,1,0
CHEMBL2104356,-5.956,2,0.0,0.0,35.39,0,,TNIK,t1_cns,1,0
CHEMBL2104993,-7.307,2,0.0,0.0,12.28,0,,TNIK,t1_cns,1,0
CHEMBL2105233,-5.234,2,0.0,0.0,9.21,0,,TNIK,t1_cns,1,0
CHEMBL2105275,-6.057,3,0.0,0.0,5.36,0,,TNIK,t1_cns,1,0
CHEMBL2105581,-6.762,2,0.0,0.0,32.67,0,,TNIK,t1_cns,1,0
CHEMBL2105760,-9.226,2,0.0,0.0,43.99,0,,TNIK,t1_cns,1,0
CHEMBL2107011,-6.511,2,0.0,0.0,41.17,0,,TNIK,t1_cns,1,0
CHEMBL2107726,-7.31,1,0.0,0.0,22.69,0,,TNIK,t1_cns,1,0
CHEMBL2110774,-6.47,1,0.0,0.0,20.27,0,,TNIK,t1_cns,1,0
CHEMBL2110805,-6.376,2,0.0,0.0,20.87,0,,TNIK,t1_cns,1,0
CHEMBL2110816,-3.894,2,0.0,0.0,42.64,0,,TNIK,t1_cns,1,0
CHEMBL2111030,-5.511,2,0.0,0.0,19.99,0,,TNIK,t1_cns,1,0
CHEMBL2111097,-5.105,3,0.0,0.0,53.32,0,,TNIK,t1_cns,1,0
CHEMBL2111101,-7.399,2,0.0,0.0,55.44,0,,TNIK,t1_cns,1,0
CHEMBL2111112,-6.311,2,0.0,0.0,36.74,0,,TNIK,t1_cns,1,0
CHEMBL211456,-5.996,2,0.0,0.0,7.06,0,,TNIK,t1_cns,1,0
CHEMBL21536,-6.307,2,0.0,0.0,28.28,0,,TNIK,t1_cns,1,0
CHEMBL2159122,-6.639,2,0.0,0.0,173.21,0,,TNIK,t1_cns,1,0
CHEMBL21731,-6.37,3,0.0,0.0,10.81,0,,TNIK,t1_cns,1,0
CHEMBL2178422,-5.057,2,0.0,0.0,127.93,0,,TNIK,t1_cns,1,0
CHEMBL219916,-9.501,2,0.0,0.0,31.35,0,,TNIK,t1_cns,1,0
CHEMBL220492,-6.276,2,0.0,0.0,12.98,0,,TNIK,t1_cns,1,0
CHEMBL22097,-4.723,2,0.0,0.0,28.03,0,,TNIK,t1_cns,1,0
CHEMBL2218861,-4.986,3,0.0,0.0,29.03,0,,TNIK,t1_cns,1,0
CHEMBL2218896,-8.48,1,0.0,0.0,22.89,0,,TNIK,t1_cns,1,0
CHEMBL22242,-5.599,2,0.0,0.0,16.36,0,,TNIK,t1_cns,1,0
CHEMBL23,-3.967,2,0.0,0.0,72.28,0,,TNIK,t1_cns,1,0
CHEMBL231068,-9.254,2,0.0,0.0,22.05,0,,TNIK,t1_cns,1,0
CHEMBL2364638,-7.868,2,0.0,0.0,70.24,0,,TNIK,t1_cns,1,0
CHEMBL2364639,-6.638,2,0.0,0.0,41.56,0,,TNIK,t1_cns,1,0
CHEMBL2397415,-11.48,2,0.0,0.0,107.36,0,,TNIK,t1_cns,1,0
CHEMBL24072,-6.524,2,0.0,0.0,26.17,0,,TNIK,t1_cns,1,0
CHEMBL243712,-6.334,3,0.0,0.0,27.24,0,,TNIK,t1_cns,1,0
CHEMBL2443262,-7.886,1,0.0,0.0,30.24,0,,TNIK,t1_cns,1,0
CHEMBL24441,-5.195,3,0.0,0.0,4.67,0,,TNIK,t1_cns,1,0
CHEMBL24778,-7.043,3,0.0,0.0,106.58,0,,TNIK,t1_cns,1,0
CHEMBL25,-6.386,3,0.0,0.0,9.71,0,,TNIK,t1_cns,1,0
CHEMBL251940,-7.233,2,0.0,0.0,31.19,0,,TNIK,t1_cns,1,0
CHEMBL252556,-6.661,2,0.0,0.0,53.23,0,,TNIK,t1_cns,1,0
CHEMBL254857,-8.31,2,0.0,0.0,32.51,0,,TNIK,t1_cns,1,0
CHEMBL255044,-7.934,2,0.0,0.0,21.45,0,,TNIK,t1_cns,1,0
CHEMBL259209,-5.637,2,0.0,0.0,19.59,0,,TNIK,t1_cns,1,0
CHEMBL26,-5.891,2,0.0,0.0,29.16,0,,TNIK,t1_cns,1,0
CHEMBL267495,-7.669,3,0.0,0.0,58.01,0,,TNIK,t1_cns,1,0
CHEMBL267894,-6.714,3,0.0,0.0,18.99,0,,TNIK,t1_cns,1,0
CHEMBL267936,-5.426,3,0.0,0.0,5.08,0,,TNIK,t1_cns,1,0
CHEMBL268164,-6.302,2,0.0,0.0,7.3,0,,TNIK,t1_cns,1,0
CHEMBL27,-6.791,3,0.0,0.0,20.27,0,,TNIK,t1_cns,1,0
CHEMBL270190,-7.846,3,0.0,0.0,56.68,0,,TNIK,t1_cns,1,0
CHEMBL273575,-6.741,2,0.0,0.0,7.02,0,,TNIK,t1_cns,1,0
CHEMBL276520,-8.711,2,0.0,0.0,8.57,0,,TNIK,t1_cns,1,0
CHEMBL277062,-5.343,2,0.0,0.0,18.0,0,,TNIK,t1_cns,1,0
CHEMBL278020,-5.889,2,0.0,0.0,8.47,0,,TNIK,t1_cns,1,0
CHEMBL27810,-6.403,2,0.0,0.0,46.79,0,,TNIK,t1_cns,1,0
CHEMBL278819,-8.176,2,0.0,0.0,13.52,0,,TNIK,t1_cns,1,0
CHEMBL279516,-9.215,2,0.0,0.0,15.73,0,,TNIK,t1_cns,1,0
CHEMBL282052,-7.518,3,0.0,0.0,6.29,0,,TNIK,t1_cns,1,0
CHEMBL282121,-7.387,1,0.0,0.0,59.92,0,,TNIK,t1_cns,1,0
CHEMBL28218,-8.555,2,0.0,0.0,30.5,0,,TNIK,t1_cns,1,0
CHEMBL28318,-6.11,2,0.0,0.0,8.32,0,,TNIK,t1_cns,1,0
CHEMBL28333,-4.902,2,0.0,0.0,19.82,0,,TNIK,t1_cns,1,0
CHEMBL284092,-7.217,3,0.0,0.0,29.91,0,,TNIK,t1_cns,1,0
CHEMBL284906,-5.801,2,0.0,0.0,10.26,0,,TNIK,t1_cns,1,0
CHEMBL285674,-7.479,2,0.0,0.0,7.43,0,,TNIK,t1_cns,1,0
CHEMBL288470,-6.109,1,0.0,0.0,7.57,0,,TNIK,t1_cns,1,0
CHEMBL289469,-8.545,2,0.0,0.0,10.62,0,,TNIK,t1_cns,1,0
CHEMBL289480,-5.235,2,0.0,0.0,12.0,0,,TNIK,t1_cns,1,0
CHEMBL290916,-7.067,3,0.0,0.0,9.37,0,,TNIK,t1_cns,1,0
CHEMBL294199,-7.333,2,0.0,0.0,36.87,0,,TNIK,t1_cns,1,0
CHEMBL296419,-7.419,3,0.0,0.0,87.12,0,,TNIK,t1_cns,1,0
CHEMBL297302,-8.72,2,0.0,0.0,36.33,0,,TNIK,t1_cns,1,0
CHEMBL3,-6.02,3,0.0,0.0,5.69,0,,TNIK,t1_cns,1,0
CHEMBL30,-5.08,3,0.0,0.0,32.37,0,,TNIK,t1_cns,1,0
CHEMBL301265,-5.764,2,0.0,0.0,9.45,0,,TNIK,t1_cns,1,0
CHEMBL3039520,-9.354,1,0.0,0.0,24.39,0,,TNIK,t1_cns,1,0
CHEMBL305660,-9.689,2,0.0,0.0,83.47,0,,TNIK,t1_cns,1,0
CHEMBL306700,-5.887,3,0.0,0.0,12.13,0,,TNIK,t1_cns,1,0
CHEMBL312448,-7.158,2,0.0,0.0,9.86,0,,TNIK,t1_cns,1,0
CHEMBL3137326,-7.888,2,0.0,0.0,12.74,0,,TNIK,t1_cns,1,0
CHEMBL314437,-3.295,3,0.0,0.0,24.1,0,,TNIK,t1_cns,1,0
CHEMBL315795,-4.431,3,0.0,0.0,6.35,0,,TNIK,t1_cns,1,0
CHEMBL315985,-4.175,3,0.0,0.0,22.97,0,,TNIK,t1_cns,1,0
CHEMBL3183075,-5.419,2,0.0,0.0,24.01,0,,TNIK,t1_cns,1,0
CHEMBL3187365,-6.858,2,0.0,0.0,4.72,0,,TNIK,t1_cns,1,0
CHEMBL32479,-6.625,3,0.0,0.0,8.47,0,,TNIK,t1_cns,1,0
CHEMBL32800,-8.495,3,0.0,0.0,34.36,0,,TNIK,t1_cns,1,0
CHEMBL328560,-7.769,2,0.0,0.0,9.11,0,,TNIK,t1_cns,1,0
CHEMBL3306803,-9.297,1,0.0,0.0,29.36,0,,TNIK,t1_cns,1,0
CHEMBL339427,5.406,3,0.0,0.0,136.36,0,,TNIK,t1_cns,1,0
CHEMBL33986,-7.31,3,0.0,0.0,12.45,0,,TNIK,t1_cns,1,0
CHEMBL354077,-4.04,3,0.0,0.0,4.43,0,,TNIK,t1_cns,1,0
CHEMBL3545367,-8.129,3,0.0,0.0,35.35,0,,TNIK,t1_cns,1,0
CHEMBL36715,-4.929,2,0.0,0.0,5.31,0,,TNIK,t1_cns,1,0
CHEMBL376897,-8.11,1,0.0,0.0,16.97,0,,TNIK,t1_cns,1,0
CHEMBL37744,-6.716,2,0.0,0.0,9.81,0,,TNIK,t1_cns,1,0
CHEMBL3833301,-6.057,3,0.0,0.0,5.31,0,,TNIK,t1_cns,1,0
CHEMBL3833389,-5.853,2,0.0,0.0,48.99,0,,TNIK,t1_cns,1,0
CHEMBL384467,-7.473,2,0.0,0.0,20.98,0,,TNIK,t1_cns,1,0
CHEMBL395091,-6.229,3,0.0,0.0,8.1,0,,TNIK,t1_cns,1,0
CHEMBL396778,-8.04,2,0.0,0.0,22.85,0,,TNIK,t1_cns,1,0
CHEMBL398707,-6.213,2,0.0,0.0,9.18,0,,TNIK,t1_cns,1,0
CHEMBL3989695,-7.499,1,0.0,0.0,23.58,0,,TNIK,t1_cns,1,0
CHEMBL3989803,-6.205,1,0.0,0.0,16.59,0,,TNIK,t1_cns,1,0
CHEMBL3989843,-6.331,2,0.0,0.0,5.19,0,,TNIK,t1_cns,1,0
CHEMBL3989949,-6.625,2,0.0,0.0,17.37,0,,TNIK,t1_cns,1,0
CHEMBL3991065,-10.72,2,0.0,0.0,51.65,0,,TNIK,t1_cns,1,0
CHEMBL40,-6.262,2,0.0,0.0,7.72,0,,TNIK,t1_cns,1,0
CHEMBL404849,-6.668,1,0.0,0.0,37.72,0,,TNIK,t1_cns,1,0
CHEMBL405,-6.167,2,0.0,0.0,5.9,0,,TNIK,t1_cns,1,0
CHEMBL407,-6.128,2,0.0,0.0,11.08,0,,TNIK,t1_cns,1,0
CHEMBL41,-8.419,3,0.0,0.0,19.29,0,,TNIK,t1_cns,1,0
CHEMBL4105630,-9.758,2,0.0,0.0,19.85,0,,TNIK,t1_cns,1,0
CHEMBL41355,-7.975,2,0.0,0.0,16.46,0,,TNIK,t1_cns,1,0
CHEMBL413965,-8.586,2,0.0,0.0,7.7,0,,TNIK,t1_cns,1,0
CHEMBL415,-4.751,3,0.0,0.0,31.14,0,,TNIK,t1_cns,1,0
CHEMBL416956,-8.131,2,0.0,0.0,16.33,0,,TNIK,t1_cns,1,0
CHEMBL418995,-5.58,3,0.0,0.0,68.29,0,,TNIK,t1_cns,1,0
CHEMBL42,-6.999,3,0.0,0.0,7.11,0,,TNIK,t1_cns,1,0
CHEMBL422,-7.478,2,0.0,0.0,28.28,0,,TNIK,t1_cns,1,0
CHEMBL423,-6.772,2,0.0,0.0,25.37,0,,TNIK,t1_cns,1,0
CHEMBL429,-8.129,1,0.0,0.0,30.8,0,,TNIK,t1_cns,1,0
CHEMBL4297526,-6.191,2,0.0,0.0,28.63,0,,TNIK,t1_cns,1,0
CHEMBL4297590,-8.462,3,0.0,0.0,41.1,0,,TNIK,t1_cns,1,0
CHEMBL4297620,-6.71,2,0.0,0.0,10.55,0,,TNIK,t1_cns,1,0
CHEMBL4303525,-6.336,2,0.0,0.0,24.13,0,,TNIK,t1_cns,1,0
CHEMBL43064,-6.945,2,0.0,0.0,26.99,0,,TNIK,t1_cns,1,0
CHEMBL431770,-7.304,2,0.0,0.0,22.67,0,,TNIK,t1_cns,1,0
CHEMBL434394,-8.877,3,0.0,0.0,44.09,0,,TNIK,t1_cns,1,0
CHEMBL439849,-7.814,2,0.0,0.0,62.77,0,,TNIK,t1_cns,1,0
CHEMBL440,-5.79,2,0.0,0.0,10.59,0,,TNIK,t1_cns,1,0
CHEMBL441,-4.956,2,0.0,0.0,9.4,0,,TNIK,t1_cns,1,0
CHEMBL442,-10.14,2,0.0,0.0,92.93,0,,TNIK,t1_cns,1,0
CHEMBL444,-5.769,3,0.0,0.0,7.74,0,,TNIK,t1_cns,1,0
CHEMBL445,-5.031,3,0.0,0.0,27.02,0,,TNIK,t1_cns,1,0
CHEMBL447,-5.856,2,0.0,0.0,8.78,0,,TNIK,t1_cns,1,0
CHEMBL448,-5.237,2,0.0,0.0,7.12,0,,TNIK,t1_cns,1,0
CHEMBL45,-7.047,2,0.0,0.0,8.63,0,,TNIK,t1_cns,1,0
CHEMBL450,-4.965,3,0.0,0.0,6.15,0,,TNIK,t1_cns,1,0
CHEMBL45029,-5.939,2,0.0,0.0,6.33,0,,TNIK,t1_cns,1,0
CHEMBL451,-6.43,2,0.0,0.0,19.03,0,,TNIK,t1_cns,1,0
CHEMBL452,-5.708,3,0.0,0.0,27.64,0,,TNIK,t1_cns,1,0
CHEMBL454,-5.508,2,0.0,0.0,9.55,0,,TNIK,t1_cns,1,0
CHEMBL455917,-3.854,1,0.0,0.0,5.01,0,,TNIK,t1_cns,1,0
CHEMBL45816,-7.811,2,0.0,0.0,84.08,0,,TNIK,t1_cns,1,0
CHEMBL459,-6.396,1,0.0,0.0,13.46,0,,TNIK,t1_cns,1,0
CHEMBL46,-6.736,3,0.0,0.0,10.64,0,,TNIK,t1_cns,1,0
CHEMBL460,-7.093,2,0.0,0.0,10.8,0,,TNIK,t1_cns,1,0
CHEMBL461522,-6.538,2,0.0,0.0,16.1,0,,TNIK,t1_cns,1,0
CHEMBL462605,-7.22,2,0.0,0.0,19.25,0,,TNIK,t1_cns,1,0
CHEMBL465,-8.123,1,0.0,0.0,15.66,0,,TNIK,t1_cns,1,0
CHEMBL465026,-5.496,1,0.0,0.0,21.6,0,,TNIK,t1_cns,1,0
CHEMBL46516,-6.383,1,0.0,0.0,66.18,0,,TNIK,t1_cns,1,0
CHEMBL468837,-4.505,2,0.0,0.0,20.84,0,,TNIK,t1_cns,1,0
CHEMBL469,-8.128,2,0.0,0.0,9.97,0,,TNIK,t1_cns,1,0
CHEMBL46917,-7.414,3,0.0,0.0,7.48,0,,TNIK,t1_cns,1,0
CHEMBL471,-6.733,1,0.0,0.0,13.72,0,,TNIK,t1_cns,1,0
CHEMBL471737,-5.647,2,0.0,0.0,113.16,0,,TNIK,t1_cns,1,0
CHEMBL473,-7.376,2,0.0,0.0,41.45,0,,TNIK,t1_cns,1,0
CHEMBL477,-5.787,3,0.0,0.0,13.45,0,,TNIK,t1_cns,1,0
CHEMBL479,-6.519,3,0.0,0.0,18.53,0,,TNIK,t1_cns,1,0
CHEMBL485,-6.155,3,0.0,0.0,8.38,0,,TNIK,t1_cns,1,0
CHEMBL488093,-6.438,3,0.0,0.0,37.98,0,,TNIK,t1_cns,1,0
CHEMBL49,-7.629,2,0.0,0.0,36.73,0,,TNIK,t1_cns,1,0
CHEMBL490,-9.183,2,0.0,0.0,18.99,0,,TNIK,t1_cns,1,0
CHEMBL493,-8.786,2,0.0,0.0,65.9,0,,TNIK,t1_cns,1,0
CHEMBL493287,-4.689,2,0.0,0.0,9.31,0,,TNIK,t1_cns,1,0
CHEMBL496,-5.706,2,0.0,0.0,11.87,0,,TNIK,t1_cns,1,0
CHEMBL498847,-5.029,3,0.0,0.0,6.68,0,,TNIK,t1_cns,1,0
CHEMBL499,-5.671,1,0.0,0.0,20.78,0,,TNIK,t1_cns,1,0
CHEMBL500,-6.163,1,0.0,0.0,16.18,0,,TNIK,t1_cns,1,0
CHEMBL502,-10.03,1,0.0,0.0,21.8,0,,TNIK,t1_cns,1,0
CHEMBL503565,-6.023,3,0.0,0.0,6.75,0,,TNIK,t1_cns,1,0
CHEMBL51,-9.912,2,0.0,0.0,22.03,0,,TNIK,t1_cns,1,0
CHEMBL516,-7.223,2,0.0,0.0,4.78,0,,TNIK,t1_cns,1,0
CHEMBL517,-6.169,3,0.0,0.0,35.9,0,,TNIK,t1_cns,1,0
CHEMBL517712,-8.017,1,0.0,0.0,15.99,0,,TNIK,t1_cns,1,0
CHEMBL521,-7.832,1,0.0,0.0,7.75,0,,TNIK,t1_cns,1,0
CHEMBL521606,-6.626,3,0.0,0.0,27.6,0,,TNIK,t1_cns,1,0
CHEMBL524,-5.044,2,0.0,0.0,9.64,0,,TNIK,t1_cns,1,0
CHEMBL524004,-7.406,1,0.0,0.0,20.52,0,,TNIK,t1_cns,1,0
CHEMBL52440,-7.012,3,0.0,0.0,6.94,0,,TNIK,t1_cns,1,0
CHEMBL526,-6.262,3,0.0,0.0,5.28,0,,TNIK,t1_cns,1,0
CHEMBL531,-5.973,2,0.0,0.0,9.01,0,,TNIK,t1_cns,1,0
CHEMBL533,-6.57,1,0.0,0.0,45.83,0,,TNIK,t1_cns,1,0
CHEMBL534,-3.884,3,0.0,0.0,18.52,0,,TNIK,t1_cns,1,0
CHEMBL54,-8.552,2,0.0,0.0,16.7,0,,TNIK,t1_cns,1,0
CHEMBL54349,-6.87,2,0.0,0.0,29.22,0,,TNIK,t1_cns,1,0
CHEMBL546,-6.42,3,0.0,0.0,22.49,0,,TNIK,t1_cns,1,0
CHEMBL549,-7.363,1,0.0,0.0,20.21,0,,TNIK,t1_cns,1,0
CHEMBL54976,-7.247,1,0.0,0.0,9.31,0,,TNIK,t1_cns,1,0
CHEMBL550,-6.631,2,0.0,0.0,7.02,0,,TNIK,t1_cns,1,0
CHEMBL558,-5.737,3,0.0,0.0,6.84,0,,TNIK,t1_cns,1,0
CHEMBL56367,-6.387,2,0.0,0.0,14.36,0,,TNIK,t1_cns,1,0
CHEMBL564,-5.366,3,0.0,0.0,14.39,0,,TNIK,t1_cns,1,0
CHEMBL56564,-8.452,2,0.0,0.0,15.76,0,,TNIK,t1_cns,1,0
CHEMBL567,-6.943,3,0.0,0.0,38.04,0,,TNIK,t1_cns,1,0
CHEMBL568,-5.576,1,0.0,0.0,22.58,0,,TNIK,t1_cns,1,0
CHEMBL569,-6.507,3,0.0,0.0,15.99,0,,TNIK,t1_cns,1,0
CHEMBL569713,-7.972,3,0.0,0.0,18.08,0,,TNIK,t1_cns,1,0
CHEMBL570,-6.486,2,0.0,0.0,19.15,0,,TNIK,t1_cns,1,0
CHEMBL580,-4.362,2,0.0,0.0,26.87,0,,TNIK,t1_cns,1,0
CHEMBL58323,-6.688,3,0.0,0.0,13.45,0,,TNIK,t1_cns,1,0
CHEMBL585,-8.456,1,0.0,0.0,8.77,0,,TNIK,t1_cns,1,0
CHEMBL588,-4.632,2,0.0,0.0,33.63,0,,TNIK,t1_cns,1,0
CHEMBL589,-6.588,2,0.0,0.0,14.96,0,,TNIK,t1_cns,1,0
CHEMBL59,-5.68,2,0.0,0.0,7.26,0,,TNIK,t1_cns,1,0
CHEMBL591,-5.054,2,0.0,0.0,4.93,0,,TNIK,t1_cns,1,0
CHEMBL594,-4.918,3,0.0,0.0,35.47,0,,TNIK,t1_cns,1,0
CHEMBL596,-7.969,1,0.0,0.0,22.42,0,,TNIK,t1_cns,1,0
CHEMBL597,-6.931,2,0.0,0.0,16.71,0,,TNIK,t1_cns,1,0
CHEMBL607,-5.196,3,0.0,0.0,10.73,0,,TNIK,t1_cns,1,0
CHEMBL607400,-6.633,3,0.0,0.0,8.13,0,,TNIK,t1_cns,1,0
CHEMBL611,-7.477,2,0.0,0.0,19.86,0,,TNIK,t1_cns,1,0
CHEMBL612,-5.935,2,0.0,0.0,6.36,0,,TNIK,t1_cns,1,0
CHEMBL61593,-7.677,3,0.0,0.0,14.34,0,,TNIK,t1_cns,1,0
CHEMBL620,-7.268,1,0.0,0.0,22.64,0,,TNIK,t1_cns,1,0
CHEMBL621,-8.717,3,0.0,0.0,21.23,0,,TNIK,t1_cns,1,0
CHEMBL623,-8.539,2,0.0,0.0,58.49,0,,TNIK,t1_cns,1,0
CHEMBL628,-6.069,2,0.0,0.0,15.87,0,,TNIK,t1_cns,1,0
CHEMBL629,-5.165,2,0.0,0.0,33.93,0,,TNIK,t1_cns,1,0
CHEMBL633,-6.172,3,0.0,0.0,65.24,0,,TNIK,t1_cns,1,0
CHEMBL636,-6.596,2,0.0,0.0,13.98,0,,TNIK,t1_cns,1,0
CHEMBL637,-6.024,2,0.0,0.0,14.79,0,,TNIK,t1_cns,1,0
CHEMBL639,-4.175,2,0.0,0.0,48.61,0,,TNIK,t1_cns,1,0
CHEMBL640,-6.69,1,0.0,0.0,11.56,0,,TNIK,t1_cns,1,0
CHEMBL641,-6.723,2,0.0,0.0,13.11,0,,TNIK,t1_cns,1,0
CHEMBL642,-6.751,1,0.0,0.0,26.8,0,,TNIK,t1_cns,1,0
CHEMBL643,-5.584,3,0.0,0.0,11.34,0,,TNIK,t1_cns,1,0
CHEMBL6437,-6.514,3,0.0,0.0,4.76,0,,TNIK,t1_cns,1,0
CHEMBL644,-3.885,3,0.0,0.0,29.56,0,,TNIK,t1_cns,1,0
CHEMBL645,-6.504,1,0.0,0.0,32.53,0,,TNIK,t1_cns,1,0
CHEMBL646,-6.983,2,0.0,0.0,11.9,0,,TNIK,t1_cns,1,0
CHEMBL647,-5.623,3,0.0,0.0,7.4,0,,TNIK,t1_cns,1,0
CHEMBL648,-6.631,1,0.0,0.0,9.86,0,,TNIK,t1_cns,1,0
CHEMBL651,-5.909,2,0.0,0.0,18.52,0,,TNIK,t1_cns,1,0
CHEMBL652,-7.468,1,0.0,0.0,31.08,0,,TNIK,t1_cns,1,0
CHEMBL654,-6.933,3,0.0,0.0,5.6,0,,TNIK,t1_cns,1,0
CHEMBL655,-5.982,2,0.0,0.0,9.56,0,,TNIK,t1_cns,1,0
CHEMBL656,-6.133,2,0.0,0.0,7.14,0,,TNIK,t1_cns,1,0
CHEMBL657,-5.917,2,0.0,0.0,11.57,0,,TNIK,t1_cns,1,0
CHEMBL658,-6.659,2,0.0,0.0,25.88,0,,TNIK,t1_cns,1,0
CHEMBL659,-4.099,3,0.0,0.0,18.67,0,,TNIK,t1_cns,1,0
CHEMBL660,-5.231,3,0.0,0.0,3.05,0,,TNIK,t1_cns,1,0
CHEMBL661,-7.076,2,0.0,0.0,6.52,0,,TNIK,t1_cns,1,0
CHEMBL667,-4.094,1,0.0,0.0,4.41,0,,TNIK,t1_cns,1,0
CHEMBL668,-6.547,3,0.0,0.0,9.08,0,,TNIK,t1_cns,1,0
CHEMBL669,-6.588,2,0.0,0.0,10.15,0,,TNIK,t1_cns,1,0
CHEMBL673,-6.287,2,0.0,0.0,5.4,0,,TNIK,t1_cns,1,0
CHEMBL679,-5.693,2,0.0,0.0,8.79,0,,TNIK,t1_cns,1,0
CHEMBL681,-7.05,2,0.0,0.0,11.85,0,,TNIK,t1_cns,1,0
CHEMBL682,-7.709,3,0.0,0.0,28.69,0,,TNIK,t1_cns,1,0
CHEMBL695,-4.604,3,0.0,0.0,6.33,0,,TNIK,t1_cns,1,0
CHEMBL696,-5.189,2,0.0,0.0,4.6,0,,TNIK,t1_cns,1,0
CHEMBL6966,-6.485,2,0.0,0.0,86.27,0,,TNIK,t1_cns,1,0
CHEMBL697,-7.187,3,0.0,0.0,5.76,0,,TNIK,t1_cns,1,0
CHEMBL698,-6.561,3,0.0,0.0,17.6,0,,TNIK,t1_cns,1,0
CHEMBL6995,-6.821,2,0.0,0.0,18.24,0,,TNIK,t1_cns,1,0
CHEMBL70,-6.396,3,0.0,0.0,7.51,0,,TNIK,t1_cns,1,0
CHEMBL701,-6.878,2,0.0,0.0,9.77,0,,TNIK,t1_cns,1,0
CHEMBL70246,-4.58,2,0.0,0.0,7.95,0,,TNIK,t1_cns,1,0
CHEMBL70418,-4.699,1,0.0,0.0,22.68,0,,TNIK,t1_cns,1,0
CHEMBL707,-9.497,3,0.0,0.0,28.38,0,,TNIK,t1_cns,1,0
CHEMBL708,-10.15,3,0.0,0.0,20.84,0,,TNIK,t1_cns,1,0
CHEMBL709,-7.675,2,0.0,0.0,36.19,0,,TNIK,t1_cns,1,0
CHEMBL71,-5.865,2,0.0,0.0,16.23,0,,TNIK,t1_cns,1,0
CHEMBL714,-6.973,1,0.0,0.0,16.14,0,,TNIK,t1_cns,1,0
CHEMBL715,-6.848,3,0.0,0.0,6.95,0,,TNIK,t1_cns,1,0
CHEMBL716,-5.123,2,0.0,0.0,19.42,0,,TNIK,t1_cns,1,0
CHEMBL71752,-6.457,3,0.0,0.0,16.85,0,,TNIK,t1_cns,1,0
CHEMBL72,-3.945,3,0.0,0.0,29.52,0,,TNIK,t1_cns,1,0
CHEMBL723,-7.6,3,0.0,0.0,53.74,0,,TNIK,t1_cns,1,0
CHEMBL726,-7.383,2,0.0,0.0,35.01,0,,TNIK,t1_cns,1,0
CHEMBL728,-6.425,3,0.0,0.0,15.96,0,,TNIK,t1_cns,1,0
CHEMBL73234,-5.739,1,0.0,0.0,17.92,0,,TNIK,t1_cns,1,0
CHEMBL741,-6.885,3,0.0,0.0,3.84,0,,TNIK,t1_cns,1,0
CHEMBL742,-6.165,3,0.0,0.0,3.19,0,,TNIK,t1_cns,1,0
CHEMBL744,-6.988,2,0.0,0.0,6.89,0,,TNIK,t1_cns,1,0
CHEMBL746,-6.45,3,0.0,0.0,18.96,0,,TNIK,t1_cns,1,0
CHEMBL750,-6.68,3,0.0,0.0,7.32,0,,TNIK,t1_cns,1,0
CHEMBL753,-5.823,3,0.0,0.0,21.32,0,,TNIK,t1_cns,1,0
CHEMBL761,-7.919,2,0.0,0.0,9.78,0,,TNIK,t1_cns,1,0
CHEMBL762,-6.897,3,0.0,0.0,12.83,0,,TNIK,t1_cns,1,0
CHEMBL76370,-7.314,2,0.0,0.0,22.31,0,,TNIK,t1_cns,1,0
CHEMBL765,-2.753,2,0.0,0.0,23.57,0,,TNIK,t1_cns,1,0
CHEMBL768,-7.174,2,0.0,0.0,22.88,0,,TNIK,t1_cns,1,0
CHEMBL770,-6.484,1,0.0,0.0,6.18,0,,TNIK,t1_cns,1,0
CHEMBL772,-8.094,2,0.0,0.0,82.6,0,,TNIK,t1_cns,1,0
CHEMBL776,-6.615,2,0.0,0.0,10.33,0,,TNIK,t1_cns,1,0
CHEMBL778,-6.363,3,0.0,0.0,5.97,0,,TNIK,t1_cns,1,0
CHEMBL7863,-5.024,2,0.0,0.0,7.5,0,,TNIK,t1_cns,1,0
CHEMBL79,-5.331,3,0.0,0.0,10.13,0,,TNIK,t1_cns,1,0
CHEMBL796,-6.629,2,0.0,0.0,8.45,0,,TNIK,t1_cns,1,0
CHEMBL797,-7.063,2,0.0,0.0,6.12,0,,TNIK,t1_cns,1,0
CHEMBL80,-6.432,2,0.0,0.0,9.93,0,,TNIK,t1_cns,1,0
CHEMBL807,-5.573,3,0.0,0.0,4.25,0,,TNIK,t1_cns,1,0
CHEMBL809,-7.451,3,0.0,0.0,8.4,0,,TNIK,t1_cns,1,0
CHEMBL811,-6.138,3,0.0,0.0,10.37,0,,TNIK,t1_cns,1,0
CHEMBL814,-7.652,1,0.0,0.0,19.81,0,,TNIK,t1_cns,1,0
CHEMBL827,-6.868,1,0.0,0.0,13.2,0,,TNIK,t1_cns,1,0
CHEMBL83063,-8.035,1,0.0,0.0,22.48,0,,TNIK,t1_cns,1,0
CHEMBL831,-6.657,3,0.0,0.0,6.28,0,,TNIK,t1_cns,1,0
CHEMBL836,-6.69,3,0.0,0.0,58.34,0,,TNIK,t1_cns,1,0
CHEMBL839,-6.47,2,0.0,0.0,17.85,0,,TNIK,t1_cns,1,0
CHEMBL841,-8.427,1,0.0,0.0,34.81,0,,TNIK,t1_cns,1,0
CHEMBL844,-6.637,2,0.0,0.0,6.05,0,,TNIK,t1_cns,1,0
CHEMBL85,-9.947,2,0.0,0.0,17.72,0,,TNIK,t1_cns,1,0
CHEMBL85231,-6.23,1,0.0,0.0,18.22,0,,TNIK,t1_cns,1,0
CHEMBL855,-7.026,1,0.0,0.0,11.36,0,,TNIK,t1_cns,1,0
CHEMBL856,-6.767,3,0.0,0.0,8.55,0,,TNIK,t1_cns,1,0
CHEMBL86,-5.55,3,0.0,0.0,18.74,0,,TNIK,t1_cns,1,0
CHEMBL861,-6.584,2,0.0,0.0,6.95,0,,TNIK,t1_cns,1,0
CHEMBL862,-7.005,3,0.0,0.0,7.43,0,,TNIK,t1_cns,1,0
CHEMBL86304,-7.381,1,0.0,0.0,9.07,0,,TNIK,t1_cns,1,0
CHEMBL864,-5.802,1,0.0,0.0,17.58,0,,TNIK,t1_cns,1,0
CHEMBL86715,-7.101,2,0.0,0.0,15.27,0,,TNIK,t1_cns,1,0
CHEMBL87493,-7.616,1,0.0,0.0,10.13,0,,TNIK,t1_cns,1,0
CHEMBL87708,-7.267,2,0.0,0.0,65.9,0,,TNIK,t1_cns,1,0
CHEMBL887,-6.713,2,0.0,0.0,5.68,0,,TNIK,t1_cns,1,0
CHEMBL894,-5.954,2,0.0,0.0,9.93,0,,TNIK,t1_cns,1,0
CHEMBL895,-7.416,2,0.0,0.0,14.44,0,,TNIK,t1_cns,1,0
CHEMBL89598,-4.684,2,0.0,0.0,7.85,0,,TNIK,t1_cns,1,0
CHEMBL896,-6.614,2,0.0,0.0,31.23,0,,TNIK,t1_cns,1,0
CHEMBL898,-8.937,2,0.0,0.0,8.05,0,,TNIK,t1_cns,1,0
CHEMBL90,-4.02,2,0.0,0.0,4.6,0,,TNIK,t1_cns,1,0
CHEMBL900,-5.941,2,0.0,0.0,12.89,0,,TNIK,t1_cns,1,0
CHEMBL902,-5.189,3,0.0,0.0,30.19,0,,TNIK,t1_cns,1,0
CHEMBL905,-7.471,1,0.0,0.0,14.28,0,,TNIK,t1_cns,1,0
CHEMBL908,-6.349,2,0.0,0.0,13.64,0,,TNIK,t1_cns,1,0
CHEMBL911,-7.148,2,0.0,0.0,16.5,0,,TNIK,t1_cns,1,0
CHEMBL91397,-4.598,1,0.0,0.0,45.22,0,,TNIK,t1_cns,1,0
CHEMBL914,-9.233,3,0.0,0.0,52.64,0,,TNIK,t1_cns,1,0
CHEMBL918,-7.192,2,0.0,0.0,5.32,0,,TNIK,t1_cns,1,0
CHEMBL920,-3.387,2,0.0,0.0,3.34,0,,TNIK,t1_cns,1,0
CHEMBL92401,-5.915,2,0.0,0.0,5.47,0,,TNIK,t1_cns,1,0
CHEMBL926,-8.048,2,0.0,0.0,17.86,0,,TNIK,t1_cns,1,0
CHEMBL931,-4.503,2,0.0,0.0,2.46,0,,TNIK,t1_cns,1,0
CHEMBL936,-6.944,1,0.0,0.0,20.92,0,,TNIK,t1_cns,1,0
CHEMBL94,-7.517,3,0.0,0.0,8.91,0,,TNIK,t1_cns,1,0
CHEMBL940,-5.792,3,0.0,0.0,6.72,0,,TNIK,t1_cns,1,0
CHEMBL94454,-6.446,3,0.0,0.0,39.1,0,,TNIK,t1_cns,1,0
CHEMBL945,-6.829,3,0.0,0.0,7.4,0,,TNIK,t1_cns,1,0
CHEMBL946,-4.031,3,0.0,0.0,18.88,0,,TNIK,t1_cns,1,0
CHEMBL95,-8.097,3,0.0,0.0,3.91,0,,TNIK,t1_cns,1,0
CHEMBL953,-6.426,3,0.0,0.0,13.26,0,,TNIK,t1_cns,1,0
CHEMBL963,-6.148,3,0.0,0.0,5.61,0,,TNIK,t1_cns,1,0
CHEMBL967,-4.515,3,0.0,0.0,13.73,0,,TNIK,t1_cns,1,0
CHEMBL968,-5.991,2,0.0,0.0,25.85,0,,TNIK,t1_cns,1,0
CHEMBL969,-4.442,1,0.0,0.0,13.18,0,,TNIK,t1_cns,1,0
CHEMBL970,-5.41,2,0.0,0.0,14.7,0,,TNIK,t1_cns,1,0
CHEMBL972,-7.067,2,0.0,0.0,3.04,0,,TNIK,t1_cns,1,0
CHEMBL978,-4.604,2,0.0,0.0,2.55,0,,TNIK,t1_cns,1,0
CHEMBL979,-5.385,2,0.0,0.0,4.93,0,,TNIK,t1_cns,1,0
CHEMBL982,-6.845,2,0.0,0.0,4.99,0,,TNIK,t1_cns,1,0
CHEMBL9967,-7.161,3,0.0,0.0,7.23,0,,TNIK,t1_cns,1,0
CHEMBL998,-3.925,3,0.0,0.0,15.38,0,,TNIK,t1_cns,1,0
CHEMBL99946,-5.269,1,0.0,0.0,4.73,0,,TNIK,t1_cns,1,0
CHEMBL1000,-7.039,2,0.0,0.0,35.82,0,,VASH2,t1_cns,1,0
CHEMBL100116,-6.261,2,0.0,0.0,9.85,0,,VASH2,t1_cns,1,0
CHEMBL1004,-5.651,3,0.0,0.0,15.37,0,,VASH2,t1_cns,1,0
CHEMBL1005,-5.546,1,0.0,0.0,29.61,0,,VASH2,t1_cns,1,0
CHEMBL1008,-5.928,1,0.0,0.0,44.55,0,,VASH2,t1_cns,1,0
CHEMBL1009,-6.272,3,0.0,0.0,11.45,0,,VASH2,t1_cns,1,0
CHEMBL1027,-6.524,2,0.0,0.0,29.1,0,,VASH2,t1_cns,1,0
CHEMBL1037,-6.081,3,0.0,0.0,8.62,0,,VASH2,t1_cns,1,0
CHEMBL1059,-5.401,2,0.0,0.0,9.87,0,,VASH2,t1_cns,1,0
CHEMBL1065,-7.575,3,0.0,0.0,18.28,0,,VASH2,t1_cns,1,0
CHEMBL1068,-5.31,3,0.0,0.0,20.82,0,,VASH2,t1_cns,1,0
CHEMBL1076903,-7.39,3,0.0,0.0,4.33,0,,VASH2,t1_cns,1,0
CHEMBL1077896,-6.685,2,0.0,0.0,11.13,0,,VASH2,t1_cns,1,0
CHEMBL1078261,-6.581,2,0.0,0.0,24.82,0,,VASH2,t1_cns,1,0
CHEMBL1079,-5.977,2,0.0,0.0,6.99,0,,VASH2,t1_cns,1,0
CHEMBL1079604,-6.532,3,0.0,0.0,8.05,0,,VASH2,t1_cns,1,0
CHEMBL108,-6.925,3,0.0,0.0,5.72,0,,VASH2,t1_cns,1,0
CHEMBL1083659,-5.11,3,0.0,0.0,83.21,0,,VASH2,t1_cns,1,0
CHEMBL1085,-6.641,2,0.0,0.0,38.42,0,,VASH2,t1_cns,1,0
CHEMBL1087,-6.801,3,0.0,0.0,9.1,0,,VASH2,t1_cns,1,0
CHEMBL10878,-6.839,2,0.0,0.0,9.89,0,,VASH2,t1_cns,1,0
CHEMBL1088,-6.402,1,0.0,0.0,19.09,0,,VASH2,t1_cns,1,0
CHEMBL1089,-5.517,2,0.0,0.0,6.83,0,,VASH2,t1_cns,1,0
CHEMBL1089221,-6.505,2,0.0,0.0,18.44,0,,VASH2,t1_cns,1,0
CHEMBL109,-4.744,2,0.0,0.0,10.86,0,,VASH2,t1_cns,1,0
CHEMBL1093,-5.236,3,0.0,0.0,15.76,0,,VASH2,t1_cns,1,0
CHEMBL1094,-6.741,1,0.0,0.0,15.39,0,,VASH2,t1_cns,1,0
CHEMBL1095,-5.932,2,0.0,0.0,7.76,0,,VASH2,t1_cns,1,0
CHEMBL1095777,-7.948,3,0.0,0.0,36.76,0,,VASH2,t1_cns,1,0
CHEMBL1096,-7.178,3,0.0,0.0,12.17,0,,VASH2,t1_cns,1,0
CHEMBL1098,-6.032,3,0.0,0.0,15.25,0,,VASH2,t1_cns,1,0
CHEMBL11,-4.89,3,0.0,0.0,33.85,0,,VASH2,t1_cns,1,0
CHEMBL1100,-5.1,2,0.0,0.0,4.12,0,,VASH2,t1_cns,1,0
CHEMBL1101,-7.299,3,0.0,0.0,18.42,0,,VASH2,t1_cns,1,0
CHEMBL1102,-5.887,3,0.0,0.0,7.94,0,,VASH2,t1_cns,1,0
CHEMBL1104,-5.581,2,0.0,0.0,7.82,0,,VASH2,t1_cns,1,0
CHEMBL1106,-7.263,2,0.0,0.0,6.64,0,,VASH2,t1_cns,1,0
CHEMBL1108,-8.986,2,0.0,0.0,38.01,0,,VASH2,t1_cns,1,0
CHEMBL111,-8.242,2,0.0,0.0,25.5,0,,VASH2,t1_cns,1,0
CHEMBL1110,-6.333,3,0.0,0.0,11.26,0,,VASH2,t1_cns,1,0
CHEMBL1112,-7.583,2,0.0,0.0,41.82,0,,VASH2,t1_cns,1,0
CHEMBL1113,-7.019,3,0.0,0.0,6.34,0,,VASH2,t1_cns,1,0
CHEMBL1115,-5.137,3,0.0,0.0,5.57,0,,VASH2,t1_cns,1,0
CHEMBL1118,-5.532,1,0.0,0.0,13.26,0,,VASH2,t1_cns,1,0
CHEMBL112,-5.562,3,0.0,0.0,6.13,0,,VASH2,t1_cns,1,0
CHEMBL113,-4.558,3,0.0,0.0,4.14,0,,VASH2,t1_cns,1,0
CHEMBL1165342,-5.799,3,0.0,0.0,11.71,0,,VASH2,t1_cns,1,0
CHEMBL1172,-6.202,3,0.0,0.0,23.41,0,,VASH2,t1_cns,1,0
CHEMBL117287,-6.066,2,0.0,0.0,21.37,0,,VASH2,t1_cns,1,0
CHEMBL1175,-6.508,3,0.0,0.0,16.33,0,,VASH2,t1_cns,1,0
CHEMBL1177,-6.288,2,0.0,0.0,5.8,0,,VASH2,t1_cns,1,0
CHEMBL117785,-6.39,3,0.0,0.0,16.47,0,,VASH2,t1_cns,1,0
CHEMBL1179047,-5.386,2,0.0,0.0,18.2,0,,VASH2,t1_cns,1,0
CHEMBL118,-8.275,3,0.0,0.0,20.37,0,,VASH2,t1_cns,1,0
CHEMBL1180725,-6.439,2,0.0,0.0,30.86,0,,VASH2,t1_cns,1,0
CHEMBL1185,-7.572,3,0.0,0.0,15.8,0,,VASH2,t1_cns,1,0
CHEMBL1186579,-6.712,2,0.0,0.0,12.71,0,,VASH2,t1_cns,1,0
CHEMBL1186610,-5.034,2,0.0,0.0,15.14,0,,VASH2,t1_cns,1,0
CHEMBL1187833,-7.944,1,0.0,0.0,46.84,0,,VASH2,t1_cns,1,0
CHEMBL1189432,-7.61,3,0.0,0.0,16.29,0,,VASH2,t1_cns,1,0
CHEMBL1189679,-6.712,3,0.0,0.0,10.81,0,,VASH2,t1_cns,1,0
CHEMBL1190,-4.586,3,0.0,0.0,25.13,0,,VASH2,t1_cns,1,0
CHEMBL1193,-5.56,2,0.0,0.0,10.75,0,,VASH2,t1_cns,1,0
CHEMBL1194,-5.81,3,0.0,0.0,10.83,0,,VASH2,t1_cns,1,0
CHEMBL1194325,-6.821,2,0.0,0.0,66.77,0,,VASH2,t1_cns,1,0
CHEMBL1195,-5.294,3,0.0,0.0,27.28,0,,VASH2,t1_cns,1,0
CHEMBL1197,-7.094,2,0.0,0.0,14.65,0,,VASH2,t1_cns,1,0
CHEMBL1198857,-5.987,2,0.0,0.0,102.17,0,,VASH2,t1_cns,1,0
CHEMBL1199080,-4.506,3,0.0,0.0,5.88,0,,VASH2,t1_cns,1,0
CHEMBL1199307,-6.15,3,0.0,0.0,64.59,0,,VASH2,t1_cns,1,0
CHEMBL12,-5.59,2,0.0,0.0,24.04,0,,VASH2,t1_cns,1,0
CHEMBL1200338,-6.011,2,0.0,0.0,10.92,0,,VASH2,t1_cns,1,0
CHEMBL1200406,-6.145,1,0.0,0.0,15.62,0,,VASH2,t1_cns,1,0
CHEMBL1200472,-5.317,2,0.0,0.0,47.09,0,,VASH2,t1_cns,1,0
CHEMBL1200596,-5.508,3,0.0,0.0,4.83,0,,VASH2,t1_cns,1,0
CHEMBL1200604,-5.399,3,0.0,0.0,20.09,0,,VASH2,t1_cns,1,0
CHEMBL1200694,-5.336,3,0.0,0.0,7.58,0,,VASH2,t1_cns,1,0
CHEMBL1200714,-5.034,2,0.0,0.0,8.14,0,,VASH2,t1_cns,1,0
CHEMBL1200748,-6.604,2,0.0,0.0,15.92,0,,VASH2,t1_cns,1,0
CHEMBL1200790,-5.087,3,0.0,0.0,6.3,0,,VASH2,t1_cns,1,0
CHEMBL1200802,-4.949,2,0.0,0.0,8.07,0,,VASH2,t1_cns,1,0
CHEMBL1200922,-4.915,2,0.0,0.0,15.82,0,,VASH2,t1_cns,1,0
CHEMBL1201,-7.959,2,0.0,0.0,32.8,0,,VASH2,t1_cns,1,0
CHEMBL1201087,-6.417,3,0.0,0.0,52.06,0,,VASH2,t1_cns,1,0
CHEMBL1201168,-7.103,3,0.0,0.0,10.56,0,,VASH2,t1_cns,1,0
CHEMBL1201191,-6.238,2,0.0,0.0,39.05,0,,VASH2,t1_cns,1,0
CHEMBL1201192,-5.938,2,0.0,0.0,14.69,0,,VASH2,t1_cns,1,0
CHEMBL1201201,-5.75,2,0.0,0.0,7.3,0,,VASH2,t1_cns,1,0
CHEMBL1201206,-6.337,2,0.0,0.0,59.16,0,,VASH2,t1_cns,1,0
CHEMBL1201210,-6.198,2,0.0,0.0,16.01,0,,VASH2,t1_cns,1,0
CHEMBL1201212,-5.596,2,0.0,0.0,18.67,0,,VASH2,t1_cns,1,0
CHEMBL1201213,-6.098,2,0.0,0.0,14.88,0,,VASH2,t1_cns,1,0
CHEMBL1201216,-7.732,3,0.0,0.0,15.55,0,,VASH2,t1_cns,1,0
CHEMBL1201217,-6.57,3,0.0,0.0,19.5,0,,VASH2,t1_cns,1,0
CHEMBL1201219,-6.906,2,0.0,0.0,48.62,0,,VASH2,t1_cns,1,0
CHEMBL1201222,-6.19,3,0.0,0.0,26.23,0,,VASH2,t1_cns,1,0
CHEMBL1201229,-6.138,2,0.0,0.0,163.9,0,,VASH2,t1_cns,1,0
CHEMBL1201234,-5.831,2,0.0,0.0,6.08,0,,VASH2,t1_cns,1,0
CHEMBL1201237,-6.995,2,0.0,0.0,25.31,0,,VASH2,t1_cns,1,0
CHEMBL1201244,-6.318,1,0.0,0.0,42.99,0,,VASH2,t1_cns,1,0
CHEMBL1201256,-6.839,2,0.0,0.0,35.13,0,,VASH2,t1_cns,1,0
CHEMBL1201264,-6.342,2,0.0,0.0,23.94,0,,VASH2,t1_cns,1,0
CHEMBL1201266,-6.905,3,0.0,0.0,15.71,0,,VASH2,t1_cns,1,0
CHEMBL1201271,-9.099,1,0.0,0.0,38.44,0,,VASH2,t1_cns,1,0
CHEMBL1201274,-6.324,1,0.0,0.0,28.6,0,,VASH2,t1_cns,1,0
CHEMBL1201284,-8.811,3,0.0,0.0,31.14,0,,VASH2,t1_cns,1,0
CHEMBL1201288,-8.082,1,0.0,0.0,15.08,0,,VASH2,t1_cns,1,0
CHEMBL1201293,-4.738,3,0.0,0.0,9.32,0,,VASH2,t1_cns,1,0
CHEMBL1201317,-5.237,1,0.0,0.0,8.16,0,,VASH2,t1_cns,1,0
CHEMBL1201319,-5.846,1,0.0,0.0,8.08,0,,VASH2,t1_cns,1,0
CHEMBL1201323,-4.355,2,0.0,0.0,5.72,0,,VASH2,t1_cns,1,0
CHEMBL1201336,-6.997,2,0.0,0.0,24.69,0,,VASH2,t1_cns,1,0
CHEMBL1201338,-6.111,2,0.0,0.0,21.6,0,,VASH2,t1_cns,1,0
CHEMBL1201340,-6.472,1,0.0,0.0,12.42,0,,VASH2,t1_cns,1,0
CHEMBL1201353,-5.899,2,0.0,0.0,11.62,0,,VASH2,t1_cns,1,0
CHEMBL1201354,-5.542,2,0.0,0.0,26.64,0,,VASH2,t1_cns,1,0
CHEMBL1201747,-6.322,3,0.0,0.0,30.29,0,,VASH2,t1_cns,1,0
CHEMBL1201754,-6.152,3,0.0,0.0,9.54,0,,VASH2,t1_cns,1,0
CHEMBL1201758,-7.254,2,0.0,0.0,38.65,0,,VASH2,t1_cns,1,0
CHEMBL1201764,-6.771,2,0.0,0.0,47.41,0,,VASH2,t1_cns,1,0
CHEMBL1201776,-5.254,3,0.0,0.0,12.92,0,,VASH2,t1_cns,1,0
CHEMBL1206690,-7.402,3,0.0,0.0,21.6,0,,VASH2,t1_cns,1,0
CHEMBL1213351,-5.284,3,0.0,0.0,23.79,0,,VASH2,t1_cns,1,0
CHEMBL1214124,-8.602,3,0.0,0.0,16.67,0,,VASH2,t1_cns,1,0
CHEMBL1215,-5.765,2,0.0,0.0,8.42,0,,VASH2,t1_cns,1,0
CHEMBL1218,-6.325,1,0.0,0.0,15.22,0,,VASH2,t1_cns,1,0
CHEMBL1224,-8.211,2,0.0,0.0,28.51,0,,VASH2,t1_cns,1,0
CHEMBL1231,-6.361,2,0.0,0.0,34.22,0,,VASH2,t1_cns,1,0
CHEMBL1237021,-8.605,3,0.0,0.0,50.64,0,,VASH2,t1_cns,1,0
CHEMBL1237044,-5.299,3,0.0,0.0,12.46,0,,VASH2,t1_cns,1,0
CHEMBL1241,-5.954,2,0.0,0.0,12.87,0,,VASH2,t1_cns,1,0
CHEMBL1254682,-6.984,3,0.0,0.0,8.13,0,,VASH2,t1_cns,1,0
CHEMBL1256,-4.768,3,0.0,0.0,5.84,0,,VASH2,t1_cns,1,0
CHEMBL1256786,-7.574,3,0.0,0.0,34.95,0,,VASH2,t1_cns,1,0
CHEMBL1256841,-7.408,2,0.0,0.0,20.43,0,,VASH2,t1_cns,1,0
CHEMBL1257,-4.948,3,0.0,0.0,5.74,0,,VASH2,t1_cns,1,0
CHEMBL1259,-4.287,3,0.0,0.0,257.16,0,,VASH2,t1_cns,1,0
CHEMBL126224,-4.899,3,0.0,0.0,38.2,0,,VASH2,t1_cns,1,0
CHEMBL1263,-6.805,2,0.0,0.0,94.98,0,,VASH2,t1_cns,1,0
CHEMBL1266,-6.857,3,0.0,0.0,6.13,0,,VASH2,t1_cns,1,0
CHEMBL12713,-9.123,2,0.0,0.0,29.52,0,,VASH2,t1_cns,1,0
CHEMBL127516,-5.416,3,0.0,0.0,10.89,0,,VASH2,t1_cns,1,0
CHEMBL1278,-7.003,2,0.0,0.0,21.61,0,,VASH2,t1_cns,1,0
CHEMBL1279,-7.397,3,0.0,0.0,8.45,0,,VASH2,t1_cns,1,0
CHEMBL128,-6.416,2,0.0,0.0,14.04,0,,VASH2,t1_cns,1,0
CHEMBL1286,-5.603,1,0.0,0.0,6.04,0,,VASH2,t1_cns,1,0
CHEMBL1290,-6.64,3,0.0,0.0,20.13,0,,VASH2,t1_cns,1,0
CHEMBL1291,-6.791,2,0.0,0.0,22.16,0,,VASH2,t1_cns,1,0
CHEMBL1294,-6.301,3,0.0,0.0,18.84,0,,VASH2,t1_cns,1,0
CHEMBL13,-6.372,1,0.0,0.0,20.13,0,,VASH2,t1_cns,1,0
CHEMBL1303,-7.144,2,0.0,0.0,16.93,0,,VASH2,t1_cns,1,0
CHEMBL1305,-6.262,2,0.0,0.0,13.44,0,,VASH2,t1_cns,1,0
CHEMBL131,-6.836,2,0.0,0.0,16.01,0,,VASH2,t1_cns,1,0
CHEMBL13209,-5.922,1,0.0,0.0,25.29,0,,VASH2,t1_cns,1,0
CHEMBL1321,-6.685,2,0.0,0.0,9.67,0,,VASH2,t1_cns,1,0
CHEMBL13280,-5.967,2,0.0,0.0,34.23,0,,VASH2,t1_cns,1,0
CHEMBL134,-5.417,2,0.0,0.0,10.42,0,,VASH2,t1_cns,1,0
CHEMBL1341,-4.226,1,0.0,0.0,4.85,0,,VASH2,t1_cns,1,0
CHEMBL1346,-9.132,1,0.0,0.0,41.16,0,,VASH2,t1_cns,1,0
CHEMBL135400,-7.465,2,0.0,0.0,19.62,0,,VASH2,t1_cns,1,0
CHEMBL1372950,-8.44,3,0.0,0.0,27.71,0,,VASH2,t1_cns,1,0
CHEMBL1373,-5.989,2,0.0,0.0,12.53,0,,VASH2,t1_cns,1,0
CHEMBL1378,-6.987,2,0.0,0.0,22.1,0,,VASH2,t1_cns,1,0
CHEMBL1382,-6.938,3,0.0,0.0,21.55,0,,VASH2,t1_cns,1,0
CHEMBL139,-5.877,3,0.0,0.0,13.05,0,,VASH2,t1_cns,1,0
CHEMBL14,-4.037,2,0.0,0.0,7.16,0,,VASH2,t1_cns,1,0
CHEMBL1404,-7.523,2,0.0,0.0,57.07,0,,VASH2,t1_cns,1,0
CHEMBL1410743,-4.506,3,0.0,0.0,3.63,0,,VASH2,t1_cns,1,0
CHEMBL1411979,-5.125,1,0.0,0.0,13.52,0,,VASH2,t1_cns,1,0
CHEMBL1414320,-6.492,3,0.0,0.0,58.65,0,,VASH2,t1_cns,1,0
CHEMBL1420,-5.132,3,0.0,0.0,5.24,0,,VASH2,t1_cns,1,0
CHEMBL1423,-8.114,3,0.0,0.0,56.53,0,,VASH2,t1_cns,1,0
CHEMBL142635,-7.89,3,0.0,0.0,37.3,0,,VASH2,t1_cns,1,0
CHEMBL1428,-6.46,2,0.0,0.0,49.13,0,,VASH2,t1_cns,1,0
CHEMBL1434,-7.362,3,0.0,0.0,29.21,0,,VASH2,t1_cns,1,0
CHEMBL1437,-5.832,2,0.0,0.0,9.11,0,,VASH2,t1_cns,1,0
CHEMBL14370,-7.08,1,0.0,0.0,18.66,0,,VASH2,t1_cns,1,0
CHEMBL14376,-8.414,2,0.0,0.0,41.83,0,,VASH2,t1_cns,1,0
CHEMBL1442422,-6.315,3,0.0,0.0,12.98,0,,VASH2,t1_cns,1,0
CHEMBL1454,-6.804,2,0.0,0.0,7.11,0,,VASH2,t1_cns,1,0
CHEMBL146095,-6.74,3,0.0,0.0,37.8,0,,VASH2,t1_cns,1,0
CHEMBL1480,-5.902,2,0.0,0.0,18.35,0,,VASH2,t1_cns,1,0
CHEMBL1480987,-7.487,2,0.0,0.0,13.77,0,,VASH2,t1_cns,1,0
CHEMBL1482,-4.266,3,0.0,0.0,8.18,0,,VASH2,t1_cns,1,0
CHEMBL1484,-7.627,3,0.0,0.0,77.15,0,,VASH2,t1_cns,1,0
CHEMBL1490,-6.75,2,0.0,0.0,17.12,0,,VASH2,t1_cns,1,0
CHEMBL1491,-5.206,3,0.0,0.0,37.36,0,,VASH2,t1_cns,1,0
CHEMBL1492,-7.338,1,0.0,0.0,12.31,0,,VASH2,t1_cns,1,0
CHEMBL1492500,-7.401,2,0.0,0.0,11.88,0,,VASH2,t1_cns,1,0
CHEMBL1493,-8.37,1,0.0,0.0,30.03,0,,VASH2,t1_cns,1,0
CHEMBL15023,-7.707,2,0.0,0.0,34.16,0,,VASH2,t1_cns,1,0
CHEMBL1505,-6.345,2,0.0,0.0,19.15,0,,VASH2,t1_cns,1,0
CHEMBL1508,-7.315,2,0.0,0.0,18.43,0,,VASH2,t1_cns,1,0
CHEMBL1510,-8.275,3,0.0,0.0,28.05,0,,VASH2,t1_cns,1,0
CHEMBL1514,-5.801,1,0.0,0.0,29.28,0,,VASH2,t1_cns,1,0
CHEMBL1515611,-5.39,3,0.0,0.0,5.35,0,,VASH2,t1_cns,1,0
CHEMBL1521,-7.045,3,0.0,0.0,16.35,0,,VASH2,t1_cns,1,0
CHEMBL1522,-6.92,3,0.0,0.0,19.78,0,,VASH2,t1_cns,1,0
CHEMBL154,-7.064,2,0.0,0.0,8.2,0,,VASH2,t1_cns,1,0
CHEMBL1568698,-7.568,3,0.0,0.0,9.52,0,,VASH2,t1_cns,1,0
CHEMBL1580,-4.957,3,0.0,0.0,33.54,0,,VASH2,t1_cns,1,0
CHEMBL1584,-6.752,3,0.0,0.0,36.05,0,,VASH2,t1_cns,1,0
CHEMBL159226,-5.75,2,0.0,0.0,16.44,0,,VASH2,t1_cns,1,0
CHEMBL1595,-6.448,3,0.0,0.0,10.48,0,,VASH2,t1_cns,1,0
CHEMBL16,-7.039,3,0.0,0.0,11.15,0,,VASH2,t1_cns,1,0
CHEMBL16073,-5.761,2,0.0,0.0,9.49,0,,VASH2,t1_cns,1,0
CHEMBL1611,-6.842,1,0.0,0.0,9.43,0,,VASH2,t1_cns,1,0
CHEMBL1615438,-7.567,2,0.0,0.0,30.22,0,,VASH2,t1_cns,1,0
CHEMBL1618018,-6.994,1,0.0,0.0,13.67,0,,VASH2,t1_cns,1,0
CHEMBL1619,-6.795,3,0.0,0.0,14.46,0,,VASH2,t1_cns,1,0
CHEMBL162036,-6.912,2,0.0,0.0,19.52,0,,VASH2,t1_cns,1,0
CHEMBL1621,-8.734,3,0.0,0.0,32.61,0,,VASH2,t1_cns,1,0
CHEMBL1621597,-6.057,3,0.0,0.0,24.52,0,,VASH2,t1_cns,1,0
CHEMBL1623992,-6.784,2,0.0,0.0,18.87,0,,VASH2,t1_cns,1,0
CHEMBL1626,-6.764,3,0.0,0.0,21.39,0,,VASH2,t1_cns,1,0
CHEMBL1626223,-5.387,2,0.0,0.0,7.05,0,,VASH2,t1_cns,1,0
CHEMBL1628227,-6.524,1,0.0,0.0,10.81,0,,VASH2,t1_cns,1,0
CHEMBL1628502,-5.106,2,0.0,0.0,28.39,0,,VASH2,t1_cns,1,0
CHEMBL1643895,-6.729,3,0.0,0.0,11.62,0,,VASH2,t1_cns,1,0
CHEMBL1648,-6.392,2,0.0,0.0,22.76,0,,VASH2,t1_cns,1,0
CHEMBL1652,-5.883,2,0.0,0.0,100.6,0,,VASH2,t1_cns,1,0
CHEMBL1685,-4.499,3,0.0,0.0,19.16,0,,VASH2,t1_cns,1,0
CHEMBL168815,-4.371,3,0.0,0.0,4.54,0,,VASH2,t1_cns,1,0
CHEMBL1697737,-5.051,3,0.0,0.0,28.91,0,,VASH2,t1_cns,1,0
CHEMBL1697856,-5.991,2,0.0,0.0,10.63,0,,VASH2,t1_cns,1,0
CHEMBL169901,-6.6,3,0.0,0.0,8.58,0,,VASH2,t1_cns,1,0
CHEMBL17157,-9.139,3,0.0,0.0,62.64,0,,VASH2,t1_cns,1,0
CHEMBL1726,-5.766,2,0.0,0.0,29.32,0,,VASH2,t1_cns,1,0
CHEMBL1729,-7.085,2,0.0,0.0,49.76,0,,VASH2,t1_cns,1,0
CHEMBL1732,-9.064,2,0.0,0.0,69.67,0,,VASH2,t1_cns,1,0
CHEMBL1742423,-7.81,1,0.0,0.0,52.65,0,,VASH2,t1_cns,1,0
CHEMBL1742466,-7.586,3,0.0,0.0,100.74,0,,VASH2,t1_cns,1,0
CHEMBL1742471,-7.878,2,0.0,0.0,36.02,0,,VASH2,t1_cns,1,0
CHEMBL1752,-5.236,3,0.0,0.0,13.06,0,,VASH2,t1_cns,1,0
CHEMBL1754,-6.749,1,0.0,0.0,26.07,0,,VASH2,t1_cns,1,0
CHEMBL1760,-6.104,3,0.0,0.0,14.19,0,,VASH2,t1_cns,1,0
CHEMBL1762,-5.573,2,0.0,0.0,8.21,0,,VASH2,t1_cns,1,0
CHEMBL1764,-5.864,2,0.0,0.0,15.17,0,,VASH2,t1_cns,1,0
CHEMBL17860,-5.423,3,0.0,0.0,9.06,0,,VASH2,t1_cns,1,0
CHEMBL178803,-5.153,1,0.0,0.0,50.81,0,,VASH2,t1_cns,1,0
CHEMBL1790041,-5.614,2,0.0,0.0,29.67,0,,VASH2,t1_cns,1,0
CHEMBL181,-6.103,3,0.0,0.0,5.21,0,,VASH2,t1_cns,1,0
CHEMBL18116,-6.398,2,0.0,0.0,6.73,0,,VASH2,t1_cns,1,0
CHEMBL184412,-7.37,3,0.0,0.0,107.92,0,,VASH2,t1_cns,1,0
CHEMBL185073,-6.244,2,0.0,0.0,61.33,0,,VASH2,t1_cns,1,0
CHEMBL1874750,-7.059,3,0.0,0.0,31.94,0,,VASH2,t1_cns,1,0
CHEMBL1888176,-7.781,1,0.0,0.0,33.6,0,,VASH2,t1_cns,1,0
CHEMBL188921,-5.606,1,0.0,0.0,18.48,0,,VASH2,t1_cns,1,0
CHEMBL1900528,-5.949,3,0.0,0.0,25.64,0,,VASH2,t1_cns,1,0
CHEMBL19019,-7.046,3,0.0,0.0,14.38,0,,VASH2,t1_cns,1,0
CHEMBL190461,-6.781,2,0.0,0.0,22.78,0,,VASH2,t1_cns,1,0
CHEMBL1909324,-5.483,3,0.0,0.0,57.71,0,,VASH2,t1_cns,1,0
CHEMBL19299,-7.477,2,0.0,0.0,11.61,0,,VASH2,t1_cns,1,0
CHEMBL193,-5.664,2,0.0,0.0,17.94,0,,VASH2,t1_cns,1,0
CHEMBL197084,-5.643,3,0.0,0.0,30.16,0,,VASH2,t1_cns,1,0
CHEMBL1983350,-6.689,2,0.0,0.0,9.19,0,,VASH2,t1_cns,1,0
CHEMBL2,-6.108,2,0.0,0.0,17.65,0,,VASH2,t1_cns,1,0
CHEMBL2028019,-7.666,2,0.0,0.0,27.37,0,,VASH2,t1_cns,1,0
CHEMBL207538,-7.12,3,0.0,0.0,8.53,0,,VASH2,t1_cns,1,0
CHEMBL2095212,-8.073,2,0.0,0.0,42.86,0,,VASH2,t1_cns,1,0
CHEMBL2103822,-6.455,3,0.0,0.0,11.6,0,,VASH2,t1_cns,1,0
CHEMBL2103827,-6.444,3,0.0,0.0,15.33,0,,VASH2,t1_cns,1,0
CHEMBL2103837,-7.858,3,0.0,0.0,9.96,0,,VASH2,t1_cns,1,0
CHEMBL2104095,-3.717,2,0.0,0.0,6.36,0,,VASH2,t1_cns,1,0
CHEMBL2104356,-5.691,3,0.0,0.0,36.44,0,,VASH2,t1_cns,1,0
CHEMBL2104993,-6.622,3,0.0,0.0,13.95,0,,VASH2,t1_cns,1,0
CHEMBL2105233,-4.851,3,0.0,0.0,10.17,0,,VASH2,t1_cns,1,0
CHEMBL2105275,-5.245,3,0.0,0.0,7.25,0,,VASH2,t1_cns,1,0
CHEMBL2105581,-6.573,3,0.0,0.0,29.99,0,,VASH2,t1_cns,1,0
CHEMBL2105760,-7.838,2,0.0,0.0,48.78,0,,VASH2,t1_cns,1,0
CHEMBL2107011,-8.292,3,0.0,0.0,28.87,0,,VASH2,t1_cns,1,0
CHEMBL2107726,-6.445,3,0.0,0.0,18.93,0,,VASH2,t1_cns,1,0
CHEMBL2110774,-5.902,2,0.0,0.0,17.29,0,,VASH2,t1_cns,1,0
CHEMBL2110805,-6.142,2,0.0,0.0,18.71,0,,VASH2,t1_cns,1,0
CHEMBL2110816,-4.882,3,0.0,0.0,33.65,0,,VASH2,t1_cns,1,0
CHEMBL2111030,-6.156,2,0.0,0.0,13.66,0,,VASH2,t1_cns,1,0
CHEMBL2111097,-5.712,3,0.0,0.0,41.18,0,,VASH2,t1_cns,1,0
CHEMBL2111101,-7.707,3,0.0,0.0,41.76,0,,VASH2,t1_cns,1,0
CHEMBL2111112,-6.653,3,0.0,0.0,27.96,0,,VASH2,t1_cns,1,0
CHEMBL211456,-5.909,2,0.0,0.0,7.06,0,,VASH2,t1_cns,1,0
CHEMBL21536,-5.569,2,0.0,0.0,18.75,0,,VASH2,t1_cns,1,0
CHEMBL2159122,-8.208,3,0.0,0.0,145.94,0,,VASH2,t1_cns,1,0
CHEMBL21731,-6.865,3,0.0,0.0,11.54,0,,VASH2,t1_cns,1,0
CHEMBL2178422,-6.844,1,0.0,0.0,124.92,0,,VASH2,t1_cns,1,0
CHEMBL219916,-8.892,2,0.0,0.0,34.12,0,,VASH2,t1_cns,1,0
CHEMBL220492,-6.269,1,0.0,0.0,17.43,0,,VASH2,t1_cns,1,0
CHEMBL22097,-5.151,2,0.0,0.0,33.04,0,,VASH2,t1_cns,1,0
CHEMBL2218861,-6.425,3,0.0,0.0,26.44,0,,VASH2,t1_cns,1,0
CHEMBL2218896,-6.945,3,0.0,0.0,25.95,0,,VASH2,t1_cns,1,0
CHEMBL22242,-6.366,3,0.0,0.0,18.99,0,,VASH2,t1_cns,1,0
CHEMBL23,-5.204,2,0.0,0.0,81.34,0,,VASH2,t1_cns,1,0
CHEMBL231068,-8.621,2,0.0,0.0,26.93,0,,VASH2,t1_cns,1,0
CHEMBL2364638,-7.991,3,0.0,0.0,56.11,0,,VASH2,t1_cns,1,0
CHEMBL2364639,-6.176,3,0.0,0.0,35.37,0,,VASH2,t1_cns,1,0
CHEMBL2397415,-9.595,2,0.0,0.0,108.13,0,,VASH2,t1_cns,1,0
CHEMBL24072,-8.276,1,0.0,0.0,23.09,0,,VASH2,t1_cns,1,0
CHEMBL243712,-6.883,2,0.0,0.0,21.3,0,,VASH2,t1_cns,1,0
CHEMBL2443262,-6.685,2,0.0,0.0,28.91,0,,VASH2,t1_cns,1,0
CHEMBL24441,-4.709,2,0.0,0.0,6.37,0,,VASH2,t1_cns,1,0
CHEMBL24778,-7.046,3,0.0,0.0,96.68,0,,VASH2,t1_cns,1,0
CHEMBL25,-5.45,3,0.0,0.0,6.5,0,,VASH2,t1_cns,1,0
CHEMBL251940,-7.84,2,0.0,0.0,21.93,0,,VASH2,t1_cns,1,0
CHEMBL252556,-5.664,3,0.0,0.0,38.81,0,,VASH2,t1_cns,1,0
CHEMBL254857,-7.664,3,0.0,0.0,27.33,0,,VASH2,t1_cns,1,0
CHEMBL255044,-7.479,1,0.0,0.0,18.77,0,,VASH2,t1_cns,1,0
CHEMBL259209,-4.967,2,0.0,0.0,12.12,0,,VASH2,t1_cns,1,0
CHEMBL26,-6.816,2,0.0,0.0,20.9,0,,VASH2,t1_cns,1,0
CHEMBL267495,-8.002,2,0.0,0.0,40.45,0,,VASH2,t1_cns,1,0
CHEMBL267894,-6.743,2,0.0,0.0,10.03,0,,VASH2,t1_cns,1,0
CHEMBL267936,-4.475,3,0.0,0.0,4.9,0,,VASH2,t1_cns,1,0
CHEMBL268164,-5.697,2,0.0,0.0,7.74,0,,VASH2,t1_cns,1,0
CHEMBL27,-6.616,3,0.0,0.0,17.45,0,,VASH2,t1_cns,1,0
CHEMBL270190,-8.203,2,0.0,0.0,50.44,0,,VASH2,t1_cns,1,0
CHEMBL273575,-6.539,3,0.0,0.0,7.24,0,,VASH2,t1_cns,1,0
CHEMBL276520,-7.322,2,0.0,0.0,8.78,0,,VASH2,t1_cns,1,0
CHEMBL277062,-5.714,2,0.0,0.0,16.63,0,,VASH2,t1_cns,1,0
CHEMBL278020,-5.492,2,0.0,0.0,6.92,0,,VASH2,t1_cns,1,0
CHEMBL27810,-6.716,2,0.0,0.0,37.92,0,,VASH2,t1_cns,1,0
CHEMBL278819,-7.178,1,0.0,0.0,15.43,0,,VASH2,t1_cns,1,0
CHEMBL279516,-8.714,3,0.0,0.0,20.15,0,,VASH2,t1_cns,1,0
CHEMBL282052,-6.26,3,0.0,0.0,6.11,0,,VASH2,t1_cns,1,0
CHEMBL282121,-6.464,2,0.0,0.0,62.81,0,,VASH2,t1_cns,1,0
CHEMBL28218,-7.967,2,0.0,0.0,25.41,0,,VASH2,t1_cns,1,0
CHEMBL28318,-5.871,2,0.0,0.0,7.25,0,,VASH2,t1_cns,1,0
CHEMBL28333,-4.961,2,0.0,0.0,22.03,0,,VASH2,t1_cns,1,0
CHEMBL284092,-6.763,3,0.0,0.0,27.31,0,,VASH2,t1_cns,1,0
CHEMBL284906,-5.112,2,0.0,0.0,10.23,0,,VASH2,t1_cns,1,0
CHEMBL285674,-6.509,1,0.0,0.0,9.03,0,,VASH2,t1_cns,1,0
CHEMBL288470,-5.343,2,0.0,0.0,7.55,0,,VASH2,t1_cns,1,0
CHEMBL289469,-7.393,3,0.0,0.0,12.79,0,,VASH2,t1_cns,1,0
CHEMBL289480,-5.134,3,0.0,0.0,7.26,0,,VASH2,t1_cns,1,0
CHEMBL290916,-5.974,2,0.0,0.0,5.99,0,,VASH2,t1_cns,1,0
CHEMBL294199,-6.65,3,0.0,0.0,28.6,0,,VASH2,t1_cns,1,0
CHEMBL296419,-9.31,2,0.0,0.0,46.73,0,,VASH2,t1_cns,1,0
CHEMBL297302,-8.398,3,0.0,0.0,34.18,0,,VASH2,t1_cns,1,0
CHEMBL3,-5.882,2,0.0,0.0,4.64,0,,VASH2,t1_cns,1,0
CHEMBL30,-4.963,2,0.0,0.0,15.46,0,,VASH2,t1_cns,1,0
CHEMBL301265,-5.101,3,0.0,0.0,9.12,0,,VASH2,t1_cns,1,0
CHEMBL3039520,-8.147,3,0.0,0.0,22.44,0,,VASH2,t1_cns,1,0
CHEMBL305660,-8.646,1,0.0,0.0,62.83,0,,VASH2,t1_cns,1,0
CHEMBL306700,-5.701,3,0.0,0.0,13.46,0,,VASH2,t1_cns,1,0
CHEMBL312448,-6.498,2,0.0,0.0,8.42,0,,VASH2,t1_cns,1,0
CHEMBL3137326,-6.124,2,0.0,0.0,12.05,0,,VASH2,t1_cns,1,0
CHEMBL314437,-4.434,2,0.0,0.0,24.1,0,,VASH2,t1_cns,1,0
CHEMBL315795,-4.324,2,0.0,0.0,5.73,0,,VASH2,t1_cns,1,0
CHEMBL315985,-4.773,2,0.0,0.0,25.57,0,,VASH2,t1_cns,1,0
CHEMBL3183075,-4.826,3,0.0,0.0,24.24,0,,VASH2,t1_cns,1,0
CHEMBL3187365,-6.663,3,0.0,0.0,5.83,0,,VASH2,t1_cns,1,0
CHEMBL32479,-6.569,2,0.0,0.0,9.59,0,,VASH2,t1_cns,1,0
CHEMBL32800,-7.476,1,0.0,0.0,27.53,0,,VASH2,t1_cns,1,0
CHEMBL328560,-6.059,3,0.0,0.0,8.8,0,,VASH2,t1_cns,1,0
CHEMBL3306803,-8.753,2,0.0,0.0,26.84,0,,VASH2,t1_cns,1,0
CHEMBL339427,-5.735,2,0.0,0.0,183.36,0,,VASH2,t1_cns,1,0
CHEMBL33986,-6.916,3,0.0,0.0,13.06,0,,VASH2,t1_cns,1,0
CHEMBL354077,-4.812,2,0.0,0.0,5.18,0,,VASH2,t1_cns,1,0
CHEMBL3545367,-8.388,2,0.0,0.0,32.86,0,,VASH2,t1_cns,1,0
CHEMBL36715,-5.074,3,0.0,0.0,5.97,0,,VASH2,t1_cns,1,0
CHEMBL376897,-5.884,2,0.0,0.0,20.12,0,,VASH2,t1_cns,1,0
CHEMBL37744,-6.288,3,0.0,0.0,10.08,0,,VASH2,t1_cns,1,0
CHEMBL3833301,-5.245,3,0.0,0.0,5.54,0,,VASH2,t1_cns,1,0
CHEMBL3833389,-6.983,3,0.0,0.0,30.92,0,,VASH2,t1_cns,1,0
CHEMBL384467,-6.94,3,0.0,0.0,16.32,0,,VASH2,t1_cns,1,0
CHEMBL395091,-5.408,2,0.0,0.0,8.96,0,,VASH2,t1_cns,1,0
CHEMBL396778,-7.527,3,0.0,0.0,21.0,0,,VASH2,t1_cns,1,0
CHEMBL398707,-6.633,3,0.0,0.0,7.11,0,,VASH2,t1_cns,1,0
CHEMBL3989695,-7.826,3,0.0,0.0,31.93,0,,VASH2,t1_cns,1,0
CHEMBL3989803,-5.672,1,0.0,0.0,12.48,0,,VASH2,t1_cns,1,0
CHEMBL3989843,-5.783,1,0.0,0.0,4.49,0,,VASH2,t1_cns,1,0
CHEMBL3989949,-5.134,3,0.0,0.0,12.13,0,,VASH2,t1_cns,1,0
CHEMBL3991065,-8.879,2,0.0,0.0,51.83,0,,VASH2,t1_cns,1,0
CHEMBL40,-6.275,3,0.0,0.0,7.61,0,,VASH2,t1_cns,1,0
CHEMBL404849,-6.766,2,0.0,0.0,34.74,0,,VASH2,t1_cns,1,0
CHEMBL405,-5.412,1,0.0,0.0,5.5,0,,VASH2,t1_cns,1,0
CHEMBL407,-5.906,2,0.0,0.0,10.28,0,,VASH2,t1_cns,1,0
CHEMBL41,-7.25,2,0.0,0.0,15.78,0,,VASH2,t1_cns,1,0
CHEMBL4105630,-7.432,2,0.0,0.0,20.48,0,,VASH2,t1_cns,1,0
CHEMBL41355,-7.608,2,0.0,0.0,18.41,0,,VASH2,t1_cns,1,0
CHEMBL413965,-6.944,1,0.0,0.0,9.23,0,,VASH2,t1_cns,1,0
CHEMBL415,-4.647,3,0.0,0.0,35.14,0,,VASH2,t1_cns,1,0
CHEMBL416956,-7.273,2,0.0,0.0,18.03,0,,VASH2,t1_cns,1,0
CHEMBL418995,-5.593,3,0.0,0.0,69.39,0,,VASH2,t1_cns,1,0
CHEMBL42,-8.173,2,0.0,0.0,7.65,0,,VASH2,t1_cns,1,0
CHEMBL422,-6.71,1,0.0,0.0,25.12,0,,VASH2,t1_cns,1,0
CHEMBL423,-6.261,1,0.0,0.0,30.09,0,,VASH2,t1_cns,1,0
CHEMBL429,-7.779,2,0.0,0.0,33.1,0,,VASH2,t1_cns,1,0
CHEMBL4297526,-6.625,3,0.0,0.0,24.39,0,,VASH2,t1_cns,1,0
CHEMBL4297590,-7.155,2,0.0,0.0,35.13,0,,VASH2,t1_cns,1,0
CHEMBL4297620,-6.25,3,0.0,0.0,12.62,0,,VASH2,t1_cns,1,0
CHEMBL4303525,-7.421,2,0.0,0.0,30.45,0,,VASH2,t1_cns,1,0
CHEMBL43064,-8.228,1,0.0,0.0,26.72,0,,VASH2,t1_cns,1,0
CHEMBL431770,-6.269,3,0.0,0.0,23.13,0,,VASH2,t1_cns,1,0
CHEMBL434394,-9.064,3,0.0,0.0,41.21,0,,VASH2,t1_cns,1,0
CHEMBL439849,-8.948,2,0.0,0.0,45.26,0,,VASH2,t1_cns,1,0
CHEMBL440,-5.24,3,0.0,0.0,8.42,0,,VASH2,t1_cns,1,0
CHEMBL441,-4.85,3,0.0,0.0,7.6,0,,VASH2,t1_cns,1,0
CHEMBL442,-8.809,3,0.0,0.0,68.59,0,,VASH2,t1_cns,1,0
CHEMBL444,-4.621,3,0.0,0.0,5.41,0,,VASH2,t1_cns,1,0
CHEMBL445,-5.619,2,0.0,0.0,26.65,0,,VASH2,t1_cns,1,0
CHEMBL447,-4.991,3,0.0,0.0,9.67,0,,VASH2,t1_cns,1,0
CHEMBL448,-6.926,3,0.0,0.0,11.01,0,,VASH2,t1_cns,1,0
CHEMBL45,-6.916,1,0.0,0.0,9.21,0,,VASH2,t1_cns,1,0
CHEMBL450,-5.829,3,0.0,0.0,5.95,0,,VASH2,t1_cns,1,0
CHEMBL45029,-7.686,1,0.0,0.0,7.11,0,,VASH2,t1_cns,1,0
CHEMBL451,-5.94,2,0.0,0.0,22.95,0,,VASH2,t1_cns,1,0
CHEMBL452,-5.42,2,0.0,0.0,28.78,0,,VASH2,t1_cns,1,0
CHEMBL454,-5.23,3,0.0,0.0,9.01,0,,VASH2,t1_cns,1,0
CHEMBL455917,-4.401,1,0.0,0.0,4.65,0,,VASH2,t1_cns,1,0
CHEMBL45816,-6.884,2,0.0,0.0,88.44,0,,VASH2,t1_cns,1,0
CHEMBL459,-5.566,2,0.0,0.0,14.02,0,,VASH2,t1_cns,1,0
CHEMBL46,-7.239,2,0.0,0.0,10.6,0,,VASH2,t1_cns,1,0
CHEMBL460,-6.523,3,0.0,0.0,14.2,0,,VASH2,t1_cns,1,0
CHEMBL461522,-6.004,2,0.0,0.0,16.89,0,,VASH2,t1_cns,1,0
CHEMBL462605,-6.501,2,0.0,0.0,18.87,0,,VASH2,t1_cns,1,0
CHEMBL465,-7.396,2,0.0,0.0,14.39,0,,VASH2,t1_cns,1,0
CHEMBL465026,-4.568,3,0.0,0.0,23.93,0,,VASH2,t1_cns,1,0
CHEMBL46516,-9.12,2,0.0,0.0,50.68,0,,VASH2,t1_cns,1,0
CHEMBL468837,-4.318,2,0.0,0.0,19.95,0,,VASH2,t1_cns,1,0
CHEMBL469,-6.712,2,0.0,0.0,11.41,0,,VASH2,t1_cns,1,0
CHEMBL46917,-5.363,3,0.0,0.0,6.81,0,,VASH2,t1_cns,1,0
CHEMBL471,-6.099,2,0.0,0.0,14.14,0,,VASH2,t1_cns,1,0
CHEMBL471737,-5.548,3,0.0,0.0,128.62,0,,VASH2,t1_cns,1,0
CHEMBL473,-6.85,3,0.0,0.0,51.72,0,,VASH2,t1_cns,1,0
CHEMBL477,-5.892,3,0.0,0.0,13.9,0,,VASH2,t1_cns,1,0
CHEMBL479,-6.938,3,0.0,0.0,14.34,0,,VASH2,t1_cns,1,0
CHEMBL485,-6.609,3,0.0,0.0,8.28,0,,VASH2,t1_cns,1,0
CHEMBL488093,-5.777,3,0.0,0.0,31.18,0,,VASH2,t1_cns,1,0
CHEMBL49,-7.502,3,0.0,0.0,36.14,0,,VASH2,t1_cns,1,0
CHEMBL490,-8.274,2,0.0,0.0,18.1,0,,VASH2,t1_cns,1,0
CHEMBL493,-6.923,2,0.0,0.0,68.04,0,,VASH2,t1_cns,1,0
CHEMBL493287,-5.329,1,0.0,0.0,8.32,0,,VASH2,t1_cns,1,0
CHEMBL496,-6.229,2,0.0,0.0,10.79,0,,VASH2,t1_cns,1,0
CHEMBL498847,-4.441,2,0.0,0.0,6.99,0,,VASH2,t1_cns,1,0
CHEMBL499,-6.328,2,0.0,0.0,19.35,0,,VASH2,t1_cns,1,0
CHEMBL500,-6.388,3,0.0,0.0,15.53,0,,VASH2,t1_cns,1,0
CHEMBL502,-7.727,1,0.0,0.0,23.21,0,,VASH2,t1_cns,1,0
CHEMBL503565,-4.778,3,0.0,0.0,7.38,0,,VASH2,t1_cns,1,0
CHEMBL51,-8.39,3,0.0,0.0,28.37,0,,VASH2,t1_cns,1,0
CHEMBL516,-7.349,3,0.0,0.0,5.87,0,,VASH2,t1_cns,1,0
CHEMBL517,-5.958,3,0.0,0.0,25.53,0,,VASH2,t1_cns,1,0
CHEMBL517712,-7.253,2,0.0,0.0,15.36,0,,VASH2,t1_cns,1,0
CHEMBL521,-6.66,2,0.0,0.0,9.33,0,,VASH2,t1_cns,1,0
CHEMBL521606,-7.127,3,0.0,0.0,25.08,0,,VASH2,t1_cns,1,0
CHEMBL524,-5.196,3,0.0,0.0,9.5,0,,VASH2,t1_cns,1,0
CHEMBL524004,-6.947,3,0.0,0.0,19.61,0,,VASH2,t1_cns,1,0
CHEMBL52440,-6.565,3,0.0,0.0,5.36,0,,VASH2,t1_cns,1,0
CHEMBL526,-5.66,2,0.0,0.0,5.16,0,,VASH2,t1_cns,1,0
CHEMBL531,-7.216,2,0.0,0.0,10.31,0,,VASH2,t1_cns,1,0
CHEMBL533,-6.111,3,0.0,0.0,47.7,0,,VASH2,t1_cns,1,0
CHEMBL534,-6.149,2,0.0,0.0,22.54,0,,VASH2,t1_cns,1,0
CHEMBL54,-8.069,2,0.0,0.0,22.44,0,,VASH2,t1_cns,1,0
CHEMBL54349,-5.981,3,0.0,0.0,28.58,0,,VASH2,t1_cns,1,0
CHEMBL546,-6.019,2,0.0,0.0,20.73,0,,VASH2,t1_cns,1,0
CHEMBL549,-7.442,2,0.0,0.0,17.93,0,,VASH2,t1_cns,1,0
CHEMBL54976,-6.663,3,0.0,0.0,9.83,0,,VASH2,t1_cns,1,0
CHEMBL550,-4.751,3,0.0,0.0,7.69,0,,VASH2,t1_cns,1,0
CHEMBL558,-4.973,3,0.0,0.0,9.43,0,,VASH2,t1_cns,1,0
CHEMBL56367,-6.227,2,0.0,0.0,13.56,0,,VASH2,t1_cns,1,0
CHEMBL564,-5.791,3,0.0,0.0,12.66,0,,VASH2,t1_cns,1,0
CHEMBL56564,-7.91,2,0.0,0.0,12.25,0,,VASH2,t1_cns,1,0
CHEMBL567,-6.546,2,0.0,0.0,30.31,0,,VASH2,t1_cns,1,0
CHEMBL568,-5.251,1,0.0,0.0,23.07,0,,VASH2,t1_cns,1,0
CHEMBL569,-5.663,2,0.0,0.0,16.89,0,,VASH2,t1_cns,1,0
CHEMBL569713,-5.86,1,0.0,0.0,18.03,0,,VASH2,t1_cns,1,0
CHEMBL570,-6.487,2,0.0,0.0,18.35,0,,VASH2,t1_cns,1,0
CHEMBL580,-5.591,2,0.0,0.0,26.92,0,,VASH2,t1_cns,1,0
CHEMBL58323,-5.896,2,0.0,0.0,13.21,0,,VASH2,t1_cns,1,0
CHEMBL585,-7.084,2,0.0,0.0,9.35,0,,VASH2,t1_cns,1,0
CHEMBL588,-5.374,3,0.0,0.0,31.26,0,,VASH2,t1_cns,1,0
CHEMBL589,-5.481,3,0.0,0.0,13.38,0,,VASH2,t1_cns,1,0
CHEMBL59,-5.56,3,0.0,0.0,7.38,0,,VASH2,t1_cns,1,0
CHEMBL591,-4.827,2,0.0,0.0,4.96,0,,VASH2,t1_cns,1,0
CHEMBL594,-3.809,2,0.0,0.0,41.95,0,,VASH2,t1_cns,1,0
CHEMBL596,-7.485,1,0.0,0.0,22.28,0,,VASH2,t1_cns,1,0
CHEMBL597,-6.989,2,0.0,0.0,14.85,0,,VASH2,t1_cns,1,0
CHEMBL607,-5.46,3,0.0,0.0,10.28,0,,VASH2,t1_cns,1,0
CHEMBL607400,-5.917,3,0.0,0.0,9.27,0,,VASH2,t1_cns,1,0
CHEMBL611,-7.87,3,0.0,0.0,17.68,0,,VASH2,t1_cns,1,0
CHEMBL612,-5.468,2,0.0,0.0,5.69,0,,VASH2,t1_cns,1,0
CHEMBL61593,-7.999,3,0.0,0.0,15.92,0,,VASH2,t1_cns,1,0
CHEMBL620,-7.376,3,0.0,0.0,22.88,0,,VASH2,t1_cns,1,0
CHEMBL621,-7.892,3,0.0,0.0,24.36,0,,VASH2,t1_cns,1,0
CHEMBL623,-7.979,3,0.0,0.0,54.61,0,,VASH2,t1_cns,1,0
CHEMBL628,-5.551,2,0.0,0.0,13.75,0,,VASH2,t1_cns,1,0
CHEMBL629,-4.999,2,0.0,0.0,34.69,0,,VASH2,t1_cns,1,0
CHEMBL633,-6.596,3,0.0,0.0,46.97,0,,VASH2,t1_cns,1,0
CHEMBL636,-5.22,2,0.0,0.0,12.18,0,,VASH2,t1_cns,1,0
CHEMBL637,-5.555,1,0.0,0.0,13.88,0,,VASH2,t1_cns,1,0
CHEMBL639,-5.964,2,0.0,0.0,40.73,0,,VASH2,t1_cns,1,0
CHEMBL640,-6.144,3,0.0,0.0,12.73,0,,VASH2,t1_cns,1,0
CHEMBL641,-5.936,2,0.0,0.0,12.42,0,,VASH2,t1_cns,1,0
CHEMBL642,-6.415,3,0.0,0.0,29.74,0,,VASH2,t1_cns,1,0
CHEMBL643,-5.365,2,0.0,0.0,10.87,0,,VASH2,t1_cns,1,0
CHEMBL6437,-7.677,3,0.0,0.0,6.04,0,,VASH2,t1_cns,1,0
CHEMBL644,-4.855,3,0.0,0.0,33.72,0,,VASH2,t1_cns,1,0
CHEMBL645,-5.891,2,0.0,0.0,32.38,0,,VASH2,t1_cns,1,0
CHEMBL646,-7.116,1,0.0,0.0,11.24,0,,VASH2,t1_cns,1,0
CHEMBL647,-5.325,2,0.0,0.0,7.78,0,,VASH2,t1_cns,1,0
CHEMBL648,-6.3,2,0.0,0.0,11.23,0,,VASH2,t1_cns,1,0
CHEMBL651,-6.0,1,0.0,0.0,16.56,0,,VASH2,t1_cns,1,0
CHEMBL652,-7.37,1,0.0,0.0,28.96,0,,VASH2,t1_cns,1,0
CHEMBL654,-6.65,2,0.0,0.0,5.63,0,,VASH2,t1_cns,1,0
CHEMBL655,-7.2,3,0.0,0.0,9.04,0,,VASH2,t1_cns,1,0
CHEMBL656,-6.568,3,0.0,0.0,7.06,0,,VASH2,t1_cns,1,0
CHEMBL657,-6.145,1,0.0,0.0,13.69,0,,VASH2,t1_cns,1,0
CHEMBL658,-6.046,3,0.0,0.0,28.06,0,,VASH2,t1_cns,1,0
CHEMBL659,-4.908,3,0.0,0.0,20.36,0,,VASH2,t1_cns,1,0
CHEMBL660,-5.856,3,0.0,0.0,3.35,0,,VASH2,t1_cns,1,0
CHEMBL661,-7.827,2,0.0,0.0,6.85,0,,VASH2,t1_cns,1,0
CHEMBL667,-3.701,1,0.0,0.0,5.47,0,,VASH2,t1_cns,1,0
CHEMBL668,-6.723,3,0.0,0.0,9.48,0,,VASH2,t1_cns,1,0
CHEMBL669,-6.856,3,0.0,0.0,12.3,0,,VASH2,t1_cns,1,0
CHEMBL673,-5.641,3,0.0,0.0,7.05,0,,VASH2,t1_cns,1,0
CHEMBL679,-5.835,2,0.0,0.0,12.27,0,,VASH2,t1_cns,1,0
CHEMBL681,-5.019,3,0.0,0.0,12.24,0,,VASH2,t1_cns,1,0
CHEMBL682,-7.206,2,0.0,0.0,24.12,0,,VASH2,t1_cns,1,0
CHEMBL695,-4.724,3,0.0,0.0,3.83,0,,VASH2,t1_cns,1,0
CHEMBL696,-5.841,3,0.0,0.0,4.84,0,,VASH2,t1_cns,1,0
CHEMBL6966,-6.3,3,0.0,0.0,71.0,0,,VASH2,t1_cns,1,0
CHEMBL697,-7.581,2,0.0,0.0,6.08,0,,VASH2,t1_cns,1,0
CHEMBL698,-5.884,2,0.0,0.0,17.44,0,,VASH2,t1_cns,1,0
CHEMBL6995,-6.62,2,0.0,0.0,15.47,0,,VASH2,t1_cns,1,0
CHEMBL70,-6.513,3,0.0,0.0,7.44,0,,VASH2,t1_cns,1,0
CHEMBL701,-6.584,1,0.0,0.0,8.98,0,,VASH2,t1_cns,1,0
CHEMBL70246,-5.237,2,0.0,0.0,7.82,0,,VASH2,t1_cns,1,0
CHEMBL70418,-5.581,2,0.0,0.0,23.18,0,,VASH2,t1_cns,1,0
CHEMBL707,-6.751,3,0.0,0.0,27.84,0,,VASH2,t1_cns,1,0
CHEMBL708,-8.497,3,0.0,0.0,28.19,0,,VASH2,t1_cns,1,0
CHEMBL709,-7.064,1,0.0,0.0,33.13,0,,VASH2,t1_cns,1,0
CHEMBL71,-6.524,2,0.0,0.0,12.31,0,,VASH2,t1_cns,1,0
CHEMBL714,-6.433,2,0.0,0.0,13.26,0,,VASH2,t1_cns,1,0
CHEMBL715,-7.112,3,0.0,0.0,6.36,0,,VASH2,t1_cns,1,0
CHEMBL716,-6.247,3,0.0,0.0,21.58,0,,VASH2,t1_cns,1,0
CHEMBL71752,-6.696,3,0.0,0.0,13.43,0,,VASH2,t1_cns,1,0
CHEMBL72,-5.026,3,0.0,0.0,29.55,0,,VASH2,t1_cns,1,0
CHEMBL723,-7.322,2,0.0,0.0,50.74,0,,VASH2,t1_cns,1,0
CHEMBL726,-6.67,3,0.0,0.0,34.99,0,,VASH2,t1_cns,1,0
CHEMBL728,-7.305,1,0.0,0.0,15.16,0,,VASH2,t1_cns,1,0
CHEMBL73234,-5.216,3,0.0,0.0,26.34,0,,VASH2,t1_cns,1,0
CHEMBL741,-5.453,3,0.0,0.0,5.38,0,,VASH2,t1_cns,1,0
CHEMBL742,-5.001,2,0.0,0.0,4.41,0,,VASH2,t1_cns,1,0
CHEMBL744,-6.161,2,0.0,0.0,8.45,0,,VASH2,t1_cns,1,0
CHEMBL746,-6.519,3,0.0,0.0,17.62,0,,VASH2,t1_cns,1,0
CHEMBL750,-5.175,3,0.0,0.0,7.83,0,,VASH2,t1_cns,1,0
CHEMBL753,-6.243,2,0.0,0.0,23.45,0,,VASH2,t1_cns,1,0
CHEMBL761,-6.358,2,0.0,0.0,7.6,0,,VASH2,t1_cns,1,0
CHEMBL762,-6.339,3,0.0,0.0,14.12,0,,VASH2,t1_cns,1,0
CHEMBL76370,-7.845,1,0.0,0.0,20.8,0,,VASH2,t1_cns,1,0
CHEMBL765,-3.946,1,0.0,0.0,23.88,0,,VASH2,t1_cns,1,0
CHEMBL768,-6.393,2,0.0,0.0,23.03,0,,VASH2,t1_cns,1,0
CHEMBL770,-6.592,2,0.0,0.0,4.71,0,,VASH2,t1_cns,1,0
CHEMBL772,-6.1,2,0.0,0.0,77.07,0,,VASH2,t1_cns,1,0
CHEMBL776,-6.223,2,0.0,0.0,11.36,0,,VASH2,t1_cns,1,0
CHEMBL778,-6.262,2,0.0,0.0,6.96,0,,VASH2,t1_cns,1,0
CHEMBL7863,-4.994,3,0.0,0.0,8.52,0,,VASH2,t1_cns,1,0
CHEMBL79,-5.291,3,0.0,0.0,11.24,0,,VASH2,t1_cns,1,0
CHEMBL796,-5.718,2,0.0,0.0,9.27,0,,VASH2,t1_cns,1,0
CHEMBL797,-6.999,2,0.0,0.0,5.81,0,,VASH2,t1_cns,1,0
CHEMBL80,-6.657,3,0.0,0.0,12.52,0,,VASH2,t1_cns,1,0
CHEMBL807,-5.015,3,0.0,0.0,4.73,0,,VASH2,t1_cns,1,0
CHEMBL809,-7.083,3,0.0,0.0,8.16,0,,VASH2,t1_cns,1,0
CHEMBL811,-5.815,1,0.0,0.0,11.27,0,,VASH2,t1_cns,1,0
CHEMBL814,-6.019,2,0.0,0.0,26.89,0,,VASH2,t1_cns,1,0
CHEMBL827,-5.623,2,0.0,0.0,9.82,0,,VASH2,t1_cns,1,0
CHEMBL83063,-7.776,2,0.0,0.0,20.39,0,,VASH2,t1_cns,1,0
CHEMBL831,-6.889,3,0.0,0.0,6.13,0,,VASH2,t1_cns,1,0
CHEMBL836,-6.74,2,0.0,0.0,44.89,0,,VASH2,t1_cns,1,0
CHEMBL839,-6.984,1,0.0,0.0,17.43,0,,VASH2,t1_cns,1,0
CHEMBL841,-8.567,2,0.0,0.0,41.22,0,,VASH2,t1_cns,1,0
CHEMBL844,-6.415,3,0.0,0.0,5.49,0,,VASH2,t1_cns,1,0
CHEMBL85,-8.803,2,0.0,0.0,21.6,0,,VASH2,t1_cns,1,0
CHEMBL85231,-5.641,3,0.0,0.0,14.68,0,,VASH2,t1_cns,1,0
CHEMBL855,-7.447,1,0.0,0.0,13.21,0,,VASH2,t1_cns,1,0
CHEMBL856,-5.738,3,0.0,0.0,7.75,0,,VASH2,t1_cns,1,0
CHEMBL86,-6.748,2,0.0,0.0,20.21,0,,VASH2,t1_cns,1,0
CHEMBL861,-5.591,2,0.0,0.0,7.25,0,,VASH2,t1_cns,1,0
CHEMBL862,-6.162,2,0.0,0.0,8.13,0,,VASH2,t1_cns,1,0
CHEMBL86304,-6.707,3,0.0,0.0,11.18,0,,VASH2,t1_cns,1,0
CHEMBL864,-5.904,2,0.0,0.0,15.67,0,,VASH2,t1_cns,1,0
CHEMBL86715,-7.273,2,0.0,0.0,14.51,0,,VASH2,t1_cns,1,0
CHEMBL87493,-6.131,2,0.0,0.0,9.31,0,,VASH2,t1_cns,1,0
CHEMBL87708,-7.583,3,0.0,0.0,66.21,0,,VASH2,t1_cns,1,0
CHEMBL887,-5.364,3,0.0,0.0,5.47,0,,VASH2,t1_cns,1,0
CHEMBL894,-5.133,2,0.0,0.0,10.15,0,,VASH2,t1_cns,1,0
CHEMBL895,-6.81,3,0.0,0.0,16.22,0,,VASH2,t1_cns,1,0
CHEMBL89598,-4.656,2,0.0,0.0,9.5,0,,VASH2,t1_cns,1,0
CHEMBL896,-7.354,3,0.0,0.0,29.22,0,,VASH2,t1_cns,1,0
CHEMBL898,-7.868,2,0.0,0.0,10.62,0,,VASH2,t1_cns,1,0
CHEMBL90,-4.081,3,0.0,0.0,5.18,0,,VASH2,t1_cns,1,0
CHEMBL900,-6.167,1,0.0,0.0,13.51,0,,VASH2,t1_cns,1,0
CHEMBL902,-6.254,2,0.0,0.0,24.52,0,,VASH2,t1_cns,1,0
CHEMBL905,-6.402,3,0.0,0.0,14.17,0,,VASH2,t1_cns,1,0
CHEMBL908,-6.844,2,0.0,0.0,10.09,0,,VASH2,t1_cns,1,0
CHEMBL911,-7.85,2,0.0,0.0,11.73,0,,VASH2,t1_cns,1,0
CHEMBL91397,-6.299,1,0.0,0.0,45.07,0,,VASH2,t1_cns,1,0
CHEMBL914,-6.844,2,0.0,0.0,80.15,0,,VASH2,t1_cns,1,0
CHEMBL918,-6.743,1,0.0,0.0,5.09,0,,VASH2,t1_cns,1,0
CHEMBL920,-3.717,2,0.0,0.0,3.36,0,,VASH2,t1_cns,1,0
CHEMBL92401,-5.841,2,0.0,0.0,4.83,0,,VASH2,t1_cns,1,0
CHEMBL926,-7.312,3,0.0,0.0,17.27,0,,VASH2,t1_cns,1,0
CHEMBL931,-4.023,3,0.0,0.0,2.32,0,,VASH2,t1_cns,1,0
CHEMBL936,-7.333,2,0.0,0.0,19.22,0,,VASH2,t1_cns,1,0
CHEMBL94,-6.792,2,0.0,0.0,7.85,0,,VASH2,t1_cns,1,0
CHEMBL940,-6.148,2,0.0,0.0,7.44,0,,VASH2,t1_cns,1,0
CHEMBL94454,-8.138,2,0.0,0.0,33.34,0,,VASH2,t1_cns,1,0
CHEMBL945,-6.967,3,0.0,0.0,8.1,0,,VASH2,t1_cns,1,0
CHEMBL946,-4.882,1,0.0,0.0,21.81,0,,VASH2,t1_cns,1,0
CHEMBL95,-7.307,2,0.0,0.0,5.07,0,,VASH2,t1_cns,1,0
CHEMBL953,-6.672,2,0.0,0.0,16.84,0,,VASH2,t1_cns,1,0
CHEMBL963,-6.774,3,0.0,0.0,7.03,0,,VASH2,t1_cns,1,0
CHEMBL967,-5.789,2,0.0,0.0,23.34,0,,VASH2,t1_cns,1,0
CHEMBL968,-5.221,2,0.0,0.0,42.07,0,,VASH2,t1_cns,1,0
CHEMBL969,-5.306,2,0.0,0.0,15.26,0,,VASH2,t1_cns,1,0
CHEMBL970,-5.162,3,0.0,0.0,15.96,0,,VASH2,t1_cns,1,0
CHEMBL972,-5.038,2,0.0,0.0,3.29,0,,VASH2,t1_cns,1,0
CHEMBL978,-4.135,1,0.0,0.0,2.65,0,,VASH2,t1_cns,1,0
CHEMBL979,-4.386,3,0.0,0.0,5.61,0,,VASH2,t1_cns,1,0
CHEMBL982,-7.091,2,0.0,0.0,4.77,0,,VASH2,t1_cns,1,0
CHEMBL9967,-7.314,3,0.0,0.0,7.01,0,,VASH2,t1_cns,1,0
CHEMBL998,-5.185,3,0.0,0.0,17.0,0,,VASH2,t1_cns,1,0
CHEMBL99946,-4.831,2,0.0,0.0,4.71,0,,VASH2,t1_cns,1,0
