chembl_id,pref_name,max_phase,first_approval,smiles,inchi_key,atc,drh_phase,drh_moa,drh_indication,pain_prior,mw,logp,tpsa,hbd,hba,rotb,charge,formula,n_torsions,pass,reason
CHEMBL2,PRAZOSIN,4.0,1976.0,COc1cc2nc(N3CCN(C(=O)c4ccco4)CC3)nc(N)c2cc1OC,IENZQIKPVFGBNW-UHFFFAOYSA-N,C02CA01,Launched,adrenergic receptor antagonist,hypertension,False,383.4,1.78,107.0,1.0,8.0,4.0,0.0,C19H21N5O4,10.0,True,
CHEMBL3,NICOTINE,4.0,1984.0,CN1CCC[C@H]1c1cccnc1,SNICXCGAKADSCV-JTQLQIEISA-N,N07BA01,Launched,acetylcholine receptor agonist,smoking cessation,False,162.2,1.85,16.1,0.0,2.0,1.0,0.0,C10H14N2,2.0,True,
CHEMBL4,OFLOXACIN,4.0,1990.0,CC1COc2c(N3CCN(C)CC3)c(F)cc3c(=O)c(C(=O)O)cn1c23,GSDSWSVVBLHKDQ-UHFFFAOYSA-N,J01MA01;S02AA16;S01AE01,Launched,bacterial DNA gyrase inhibitor,respiratory tract infections|sinusitis|skin infections|bone and joint infections|intra-abdominal infections|diarrhea|fever|urinary tract infections,False,361.4,1.54,75.0,1.0,5.0,2.0,0.0,C18H20FN3O4,6.0,True,
CHEMBL5,NALIDIXIC ACID,4.0,1964.0,CCn1cc(C(=O)O)c(=O)c2ccc(C)nc21,MHWLWQUZZRMNGJ-UHFFFAOYSA-N,J01MB02,,,,False,232.2,1.42,72.2,1.0,3.0,2.0,0.0,C12H12N2O3,6.0,True,
CHEMBL6,INDOMETHACIN,4.0,1965.0,COc1ccc2c(c1)c(CC(=O)O)c(C)n2C(=O)c1ccc(Cl)cc1,CGIGDMFJXJATDK-UHFFFAOYSA-N,C01EB03;M02AA23;M01AB51;S01BC01;M01AB01,Launched,cyclooxygenase inhibitor,rheumatoid arthritis|ankylosing spondylitis|osteoarthritis|bursitis|tendinitis,False,357.8,3.93,68.5,1.0,3.0,4.0,0.0,C19H16ClNO4,12.0,True,
CHEMBL403,SULBACTAM,4.0,1986.0,CC1(C)[C@H](C(=O)O)N2C(=O)C[C@H]2S1(=O)=O,FKENQMMABCRJMK-RITPCOANSA-N,J01CG01,Launched,beta lactamase inhibitor,skin infections|intra-abdominal infections|gynecologic infections,False,233.2,-0.79,91.8,1.0,4.0,1.0,0.0,C8H11NO5S,4.0,True,
CHEMBL404,TAZOBACTAM,4.0,1993.0,C[C@]1(Cn2ccnn2)[C@H](C(=O)O)N2C(=O)C[C@H]2S1(=O)=O,LPQZKKCYTLCDGQ-WEDXCCLWSA-N,J01CG02,Launched,beta lactamase inhibitor,pneumonia,False,300.3,-1.52,122.5,1.0,6.0,3.0,0.0,C10H12N4O5S,8.0,True,
CHEMBL8,CIPROFLOXACIN,4.0,1987.0,O=C(O)c1cn(C2CC2)c2cc(N3CCNCC3)c(F)cc2c1=O,MYSWGUAQZAJSOK-UHFFFAOYSA-N,J01MA02;S03AA07;S01AE03;S02AA15,Launched,bacterial DNA gyrase inhibitor,otitis,False,331.3,1.58,74.6,2.0,4.0,3.0,0.0,C17H18FN3O3,8.0,True,
CHEMBL9,NORFLOXACIN,4.0,1986.0,CCn1cc(C(=O)O)c(=O)c2cc(F)c(N3CCNCC3)cc21,OGJPXUAPXNRGGI-UHFFFAOYSA-N,J01MA06;S01AE02,Launched,bacterial DNA gyrase inhibitor,urinary tract infections|gonorrhea|prostatitis,False,319.3,1.27,74.6,2.0,4.0,3.0,0.0,C16H18FN3O3,8.0,True,
CHEMBL405,AMPHETAMINE,4.0,1955.0,CC(N)Cc1ccccc1,KWTSXDURSIMDCE-UHFFFAOYSA-N,N06BA01,,,,False,135.2,1.58,26.0,1.0,1.0,2.0,0.0,C9H13N,6.0,True,
CHEMBL6622,ISOSORBIDE DINITRATE,4.0,1986.0,O=[N+]([O-])O[C@H]1CO[C@H]2[C@@H]1OC[C@H]2O[N+](=O)[O-],MOYKHGMNXAOIAT-JGWLITMVSA-N,C05AE02;C01DA08;C01DA58,,,,False,236.1,-1.06,123.2,0.0,8.0,4.0,0.0,C6H8N2O8,8.0,True,
CHEMBL6437,MIANSERIN,4.0,,CN1CCN2c3ccccc3Cc3ccccc3C2C1,UEQUQVLFIPOEMF-UHFFFAOYSA-N,N06AX03,Launched,serotonin receptor antagonist,depression,False,264.4,3.08,6.5,0.0,2.0,0.0,0.0,C18H20N2,0.0,True,
CHEMBL11,IMIPRAMINE,4.0,1959.0,CN(C)CCCN1c2ccccc2CCc2ccccc21,BCGWQEUPMDMJNV-UHFFFAOYSA-N,N06AA02,Launched,norepinephrine reputake inhibitor|serotonin reuptake inhibitor,depression|nocturnal enuresis,False,280.4,3.88,6.5,0.0,2.0,4.0,0.0,C19H24N2,16.0,True,
CHEMBL406,INDAPAMIDE,4.0,1983.0,CC1Cc2ccccc2N1NC(=O)c1ccc(Cl)c(S(N)(=O)=O)c1,NDDAHWYSQHTHNT-UHFFFAOYSA-N,C03BA11,Launched,thiazide diuretic,hypertension|congestive heart failure,False,365.8,2.08,92.5,2.0,4.0,3.0,0.0,C16H16ClN3O3S,8.0,True,
CHEMBL407,FLUMAZENIL,4.0,1991.0,CCOC(=O)c1ncn2c1CN(C)C(=O)c1cc(F)ccc1-2,OFBIFZUFASYYRE-UHFFFAOYSA-N,V03AB25,Launched,benzodiazepine receptor antagonist,sedative,False,303.3,1.77,64.4,0.0,4.0,2.0,0.0,C15H14FN3O3,6.0,True,
CHEMBL408,TROGLITAZONE,4.0,1997.0,Cc1c(C)c2c(c(C)c1O)CCC(C)(COc1ccc(CC3SC(=O)NC3=O)cc1)O2,GXPHKUHSUJUWKP-UHFFFAOYSA-N,A10BG01,Withdrawn,insulin sensitizer|PPAR receptor agonist,,False,441.5,4.37,84.9,2.0,6.0,5.0,0.0,C24H27NO5S,12.0,True,
CHEMBL409,BICALUTAMIDE,4.0,1995.0,CC(O)(CS(=O)(=O)c1ccc(F)cc1)C(=O)Nc1ccc(C#N)c(C(F)(F)F)c1,LKJPYSCBVHEWIU-UHFFFAOYSA-N,L02BB03,Launched,androgen receptor antagonist,prostate cancer,False,430.4,2.88,107.3,2.0,5.0,5.0,0.0,C18H14F4N2O4S,14.0,True,
CHEMBL12,DIAZEPAM,4.0,1963.0,CN1C(=O)CN=C(c2ccccc2)c2cc(Cl)ccc21,AAOVKJBEBIDNHE-UHFFFAOYSA-N,N05BA01,,,,True,284.7,3.15,32.7,0.0,2.0,1.0,0.0,C16H13ClN2O,10.0,True,
CHEMBL13,METOPROLOL,4.0,1978.0,COCCc1ccc(OCC(O)CNC(C)C)cc1,IUBSYMUCCVWXPE-UHFFFAOYSA-N,C07AB02,Launched,adrenergic receptor antagonist,hypertension|angina pectoris|myocardial infarction,False,267.4,1.61,50.7,2.0,4.0,9.0,0.0,C15H25NO3,20.0,True,
CHEMBL411,DIETHYLSTILBESTROL,4.0,1973.0,CC/C(=C(/CC)c1ccc(O)cc1)c1ccc(O)cc1,RGLYKWWBQGJZGM-ISLYRVAYSA-N,G03CB02;G03CC05;L02AA01,Withdrawn,estrogen receptor agonist,,False,268.4,4.83,40.5,2.0,2.0,4.0,0.0,C18H20O2,12.0,True,
CHEMBL267936,MECAMYLAMINE,4.0,1956.0,CNC1(C)C2CCC(C2)C1(C)C,IMYZQPCYWPFTAG-UHFFFAOYSA-N,C02BB01,Launched,acetylcholine receptor antagonist,hypertension,False,167.3,2.42,12.0,1.0,1.0,1.0,0.0,C11H21N,2.0,True,
CHEMBL14,CARBACHOL,4.0,1972.0,C[N+](C)(C)CCOC(N)=O.[Cl-],AIXAANGOTKPUOY-UHFFFAOYSA-N,N07AB01;S01EB02,Launched,cholinergic receptor agonist,intraocular pressure,False,147.2,-0.21,52.3,1.0,2.0,3.0,1.0,C6H15N2O2+,8.0,True,
CHEMBL16,PHENYTOIN,4.0,1953.0,O=C1NC(=O)C(c2ccccc2)(c2ccccc2)N1,CXOFVDLJLONNDW-UHFFFAOYSA-N,N03AB02;N03AB52,Launched,hydantoin antiepileptic,seizures,True,252.3,1.77,58.2,2.0,2.0,2.0,0.0,C15H12N2O2,4.0,True,
CHEMBL413,SIROLIMUS,4.0,1999.0,CO[C@H]1C[C@@H]2CC[C@@H](C)[C@@](O)(O2)C(=O)C(=O)N2CCCC[C@H]2C(=O)O[C@H]([C@H](C)C[C@@H]2CC[C@@H](O)[C@H](OC)C2)CC(=O)[C@H](C)/C=C(\C)[C@@H](O)[C@@H](OC)C(=O)[C@H](C)C[C@H](C)/C=C/C=C/C=C/1C,QFJCIRLUMZQUOT-HPLJOQBZSA-N,S01XA23;L04AH01;L01EG04,Launched,mTOR inhibitor,organ rejection|lymphangioleiomyomatosis,False,,,,,,,,,,False,F2_mw_914
CHEMBL269732,TACROLIMUS ANHYDROUS,4.0,1994.0,C=CC[C@@H]1/C=C(\C)C[C@H](C)C[C@H](OC)[C@H]2O[C@@](O)(C(=O)C(=O)N3CCCC[C@H]3C(=O)O[C@H](/C(C)=C/[C@@H]3CC[C@@H](O)[C@H](OC)C3)[C@H](C)[C@@H](O)CC1=O)[C@H](C)C[C@@H]2OC,QJJXYPPXXYFBGM-LFZNUXCKSA-N,,,,,False,804.0,4.64,178.4,3.0,12.0,7.0,0.0,C44H69NO12,52.0,True,
CHEMBL415,CLOMIPRAMINE,4.0,1989.0,CN(C)CCCN1c2ccccc2CCc2ccc(Cl)cc21,GDLIGKIOYRNHDA-UHFFFAOYSA-N,N06AA04,Launched,serotonin transporter (SERT) inhibitor,obsessive compulsive disorder (OCD),False,314.9,4.53,6.5,0.0,2.0,4.0,0.0,C19H23ClN2,16.0,True,
CHEMBL416,METHOXSALEN,4.0,1954.0,COc1c2occc2cc2ccc(=O)oc12,QXKHYNVANLEOEG-UHFFFAOYSA-N,D05BA02;D05AD02,Launched,DNA synthesis inhibitor,psoriasis,False,216.2,2.55,52.6,0.0,4.0,1.0,0.0,C12H8O4,2.0,True,
CHEMBL17,DICHLORPHENAMIDE,4.0,1958.0,NS(=O)(=O)c1cc(Cl)c(Cl)c(S(N)(=O)=O)c1,GJQPMPFPNINLKP-UHFFFAOYSA-N,S01EC02,,,,False,305.2,0.29,120.3,2.0,4.0,2.0,0.0,C6H6Cl2N2O4S2,8.0,True,
CHEMBL18,ETHOXZOLAMIDE,4.0,1982.0,CCOc1ccc2nc(S(N)(=O)=O)sc2c1,OUZWUKMCLIBBOG-UHFFFAOYSA-N,,Launched,carbonic anhydrase inhibitor,glaucoma|duodenal ulcer disease,False,258.3,1.34,82.3,1.0,5.0,3.0,0.0,C9H10N2O3S2,8.0,True,
CHEMBL417,EPIRUBICIN,4.0,1999.0,COc1cccc2c1C(=O)c1c(O)c3c(c(O)c1C2=O)C[C@@](O)(C(=O)CO)C[C@@H]3O[C@H]1C[C@H](N)[C@@H](O)[C@H](C)O1,AOJJSUZBOXZQNB-VTZDEGQISA-N,L01DB03,Launched,topoisomerase inhibitor,breast cancer,False,543.5,0.0,206.1,6.0,12.0,5.0,0.0,C27H29NO11,22.0,True,
CHEMBL19,METHAZOLAMIDE,4.0,1959.0,CC(=O)/N=c1/sc(S(N)(=O)=O)nn1C,FLOSMHQXBMRNHR-QPJJXVBHSA-N,S01EC05,Launched,carbonic anhydrase inhibitor,glaucoma|intraocular pressure,False,236.3,-1.42,107.4,1.0,5.0,1.0,0.0,C5H8N4O3S2,6.0,True,
CHEMBL20,ACETAZOLAMIDE,4.0,1953.0,CC(=O)Nc1nnc(S(N)(=O)=O)s1,BZKPWHYZMXOIDC-UHFFFAOYSA-N,S01EC01,Launched,carbonic anhydrase inhibitor,glaucoma,False,222.3,-0.86,115.0,2.0,6.0,2.0,0.0,C4H6N4O3S2,6.0,True,
CHEMBL419,MAFENIDE,4.0,1969.0,NCc1ccc(S(N)(=O)=O)cc1,TYMRLRRVMHJFTF-UHFFFAOYSA-N,D06BA03,Launched,carbonic anhydrase inhibitor,first-aid antibiotic|skin infections,False,186.2,-0.21,86.2,2.0,3.0,2.0,0.0,C7H10N2O2S,8.0,True,
CHEMBL21,SULFANILAMIDE,4.0,1985.0,Nc1ccc(S(N)(=O)=O)cc1,FDDDEECHVMSUSB-UHFFFAOYSA-N,D06BA05;J01EB06,Launched,carbonic anhydrase inhibitor,vulvovaginal candidiasis,False,172.2,-0.08,86.2,2.0,3.0,1.0,0.0,C6H8N2O2S,6.0,True,
CHEMBL420,GUANABENZ,4.0,1982.0,N=C(N)N/N=C/c1c(Cl)cccc1Cl,WDZVGELJXXEGPV-YIXHJXPBSA-N,,,,,False,231.1,1.81,74.3,3.0,2.0,2.0,0.0,C8H8Cl2N4,4.0,True,
CHEMBL22,TRIMETHOPRIM,4.0,1973.0,COc1cc(Cc2cnc(N)nc2N)cc(OC)c1OC,IEDVJHCEMCRBQM-UHFFFAOYSA-N,J01EA01,Launched,dihydrofolate reductase inhibitor,urinary tract infections|ear infections|diarrhea,False,290.3,1.26,105.5,2.0,7.0,5.0,0.0,C14H18N4O3,14.0,True,
CHEMBL6966,VERAPAMIL,4.0,1981.0,COc1ccc(CCN(C)CCCC(C#N)(c2ccc(OC)c(OC)c2)C(C)C)cc1OC,SGTNSNPWRIOYBX-UHFFFAOYSA-N,C08DA01;C08DA51,Launched,calcium channel blocker,hypertension,False,454.6,5.09,64.0,0.0,6.0,13.0,0.0,C27H38N2O4,26.0,True,
CHEMBL421,SULFASALAZINE,4.0,1950.0,O=C(O)c1cc(/N=N/c2ccc(S(=O)(=O)Nc3ccccn3)cc2)ccc1O,NCEXYHBECQHGNR-QZQOTICOSA-N,A07EC01,Launched,cyclooxygenase inhibitor,ulcerative colitis,False,398.4,3.7,141.3,3.0,7.0,6.0,0.0,C18H14N4O5S,16.0,True,
CHEMBL6466,COUMARIN,4.0,,O=c1ccc2ccccc2o1,ZYGHJZDHTFUPRJ-UHFFFAOYSA-N,,Launched,vitamin K antagonist,ulcerative colitis|asthma|celiac disease,False,146.1,1.79,30.2,0.0,2.0,0.0,0.0,C9H6O2,0.0,True,
CHEMBL23,DILTIAZEM,4.0,1982.0,COc1ccc([C@@H]2Sc3ccccc3N(CCN(C)C)C(=O)[C@@H]2OC(C)=O)cc1,HSUGRBWQSSZJOP-RTWAWAEBSA-N,C05AE03;C08DB01,Launched,calcium channel blocker,hypertension|angina pectoris,False,414.5,3.37,59.1,0.0,6.0,6.0,0.0,C22H26N2O4S,24.0,True,
CHEMBL24,ATENOLOL,4.0,1981.0,CC(C)NCC(O)COc1ccc(CC(N)=O)cc1,METKIMKYRPQLGS-UHFFFAOYSA-N,C07AB03,,,,False,266.3,0.45,84.6,3.0,4.0,8.0,0.0,C14H22N2O3,18.0,True,
CHEMBL25,ASPIRIN,4.0,1950.0,CC(=O)Oc1ccccc1C(=O)O,BSYNRYMUTXBXSQ-UHFFFAOYSA-N,B01AC06;N02BA01;N02BA51;A01AD05;N02BA71,Launched,cyclooxygenase inhibitor,headache|fever|toothache|muscle pain,False,180.2,1.31,63.6,1.0,3.0,2.0,0.0,C9H8O4,8.0,True,
CHEMBL422,TRIFLUOPERAZINE,4.0,1959.0,CN1CCN(CCCN2c3ccccc3Sc3ccc(C(F)(F)F)cc32)CC1,ZEWQUBUPAILYHI-UHFFFAOYSA-N,N05AB06,Launched,dopamine receptor antagonist,schizophrenia,False,407.5,4.95,9.7,0.0,4.0,4.0,0.0,C21H24F3N3S,10.0,True,
CHEMBL26,SULPIRIDE,4.0,,CCN1CCCC1CNC(=O)c1cc(S(N)(=O)=O)ccc1OC,BGRJTUBHPOOWDU-UHFFFAOYSA-N,N05AL01,Launched,dopamine receptor antagonist,schizophrenia,False,341.4,0.56,101.7,2.0,5.0,6.0,0.0,C15H23N3O4S,14.0,True,
CHEMBL423,BETAXOLOL,4.0,1985.0,CC(C)NCC(O)COc1ccc(CCOCC2CC2)cc1,NWIUTZDMDHAVTP-UHFFFAOYSA-N,S01ED52;C07AB05;S01ED02,Launched,adrenergic receptor antagonist,intraocular pressure|glaucoma|ocular hypertension,False,307.4,2.39,50.7,2.0,4.0,11.0,0.0,C18H29NO3,24.0,True,
CHEMBL424,SALICYLIC ACID,4.0,,O=C(O)c1ccccc1O,YGSDEFSMJLZEOE-UHFFFAOYSA-N,S01BC08;D01AE12,,,,False,138.1,1.09,57.5,2.0,2.0,1.0,0.0,C7H6O3,6.0,True,
CHEMBL425,OLSALAZINE,4.0,1990.0,O=C(O)c1cc(/N=N/c2ccc(O)c(C(=O)O)c2)ccc1O,QQBDLJCYGRGAKP-FOCLMDBBSA-N,A07EC03,Launched,cyclooxygenase inhibitor,ulcerative colitis,False,302.2,2.91,139.8,4.0,6.0,4.0,0.0,C14H10N2O6,16.0,True,
CHEMBL27,PROPRANOLOL,4.0,1967.0,CC(C)NCC(O)COc1cccc2ccccc12,AQHHHDLHHXJYJD-UHFFFAOYSA-N,C07AA05,Launched,adrenergic receptor antagonist,hypertension|angina pectoris|migraine headache,False,259.3,2.58,41.5,2.0,3.0,6.0,0.0,C16H21NO2,14.0,True,
CHEMBL6995,PRACTOLOL,4.0,,CC(=O)Nc1ccc(OCC(O)CNC(C)C)cc1,DURULFYMVIFBIR-UHFFFAOYSA-N,C07AB01,Withdrawn,adrenergic receptor antagonist,,False,266.3,1.38,70.6,3.0,4.0,7.0,0.0,C14H22N2O3,16.0,True,
CHEMBL427,MECHLORETHAMINE,4.0,1949.0,CN(CCCl)CCCl,HAWPXGHAZFHHAD-UHFFFAOYSA-N,L01AA05,,,,False,156.1,1.4,3.2,0.0,1.0,4.0,0.0,C5H11Cl2N,8.0,True,
CHEMBL29,PENICILLIN G,4.0,1947.0,CC1(C)S[C@@H]2[C@H](NC(=O)Cc3ccccc3)C(=O)N2[C@H]1C(=O)O,JGSARLDLIJGVTE-MBNYWOFBSA-N,J01CE01;S01AA14,,,,False,334.4,0.86,86.7,2.0,4.0,4.0,0.0,C16H18N2O4S,10.0,True,
CHEMBL428,TROVAFLOXACIN,4.0,1997.0,N[C@@H]1[C@H]2CN(c3nc4c(cc3F)c(=O)c(C(=O)O)cn4-c3ccc(F)cc3F)C[C@@H]12,WVPSKSLAZQPAKQ-CDMJZVDBSA-N,J01MA13,Withdrawn,bacterial DNA gyrase inhibitor,,False,416.4,1.89,101.4,2.0,5.0,3.0,0.0,C20H15F3N4O3,10.0,True,
CHEMBL30,CIMETIDINE,4.0,1977.0,CN/C(=N\CCSCc1nc[nH]c1C)NC#N,AQIXAKUUQRKLND-UHFFFAOYSA-N,A02BA51;A02BA01,Launched,histamine receptor antagonist,duodenal ulcer disease|peptic ulcer disease (PUD)|gastroesophageal reflux disease (GERD)|aggressive systemic mastocytosis (ASM)|Zollinger-Ellison syndrome|endocrine adenoma,False,252.3,0.6,88.9,3.0,4.0,5.0,0.0,C10H16N6S,10.0,True,
CHEMBL31,GATIFLOXACIN,4.0,1999.0,COc1c(N2CCNC(C)C2)c(F)cc2c(=O)c(C(=O)O)cn(C3CC3)c12,XUBOMFCQGDBHNK-UHFFFAOYSA-N,S01AE06;J01MA16,Withdrawn,bacterial DNA gyrase inhibitor,,False,375.4,1.98,83.8,2.0,5.0,4.0,0.0,C19H22FN3O4,10.0,True,
CHEMBL429,LABETALOL,4.0,1984.0,CC(CCc1ccccc1)NCC(O)c1ccc(O)c(C(N)=O)c1,SGUAFYQXFOLMHL-UHFFFAOYSA-N,C07AG01,Launched,adrenergic receptor antagonist,hypertension,False,328.4,2.14,95.6,4.0,4.0,8.0,0.0,C19H24N2O3,20.0,True,
CHEMBL32,MOXIFLOXACIN,4.0,1999.0,COc1c(N2C[C@@H]3CCCN[C@@H]3C2)c(F)cc2c(=O)c(C(=O)O)cn(C3CC3)c12,FABPRXSRWADJSP-MEDUHNTESA-N,J01MA14;S01AE07,Launched,bacterial DNA gyrase inhibitor,sinusitis|bronchitis|pneumonia|skin infections|intra-abdominal infections,False,401.4,2.37,83.8,2.0,5.0,4.0,0.0,C21H24FN3O4,10.0,True,
CHEMBL33,LEVOFLOXACIN ANHYDROUS,4.0,1996.0,C[C@H]1COc2c(N3CCN(C)CC3)c(F)cc3c(=O)c(C(=O)O)cn1c23,GSDSWSVVBLHKDQ-JTQLQIEISA-N,,,,,False,361.4,1.54,75.0,1.0,5.0,2.0,0.0,C18H20FN3O4,6.0,True,
CHEMBL430,GEMIFLOXACIN,4.0,2003.0,CO/N=C1\CN(c2nc3c(cc2F)c(=O)c(C(=O)O)cn3C2CC2)CC1CN,ZRCVYEYHRGVLOC-HYARGMPZSA-N,J01MA15,Launched,bacterial DNA gyrase inhibitor,bronchitis|pneumonia,False,389.4,0.97,123.0,2.0,7.0,5.0,0.0,C18H20FN5O4,14.0,True,
CHEMBL431,SPIRAPRIL,4.0,1994.0,CCOC(=O)[C@H](CCc1ccccc1)N[C@@H](C)C(=O)N1CC2(C[C@H]1C(=O)O)SCCS2,HRWCVUIFMSZDJS-SZMVWBNQSA-N,C09AA11,,,,False,466.6,2.39,95.9,2.0,7.0,9.0,0.0,C22H30N2O5S2,24.0,True,
CHEMBL433,VALPROATE SODIUM,4.0,1996.0,CCCC(CCC)C(=O)[O-].[Na+],AEQFSUDEHCCHBT-UHFFFAOYSA-M,,,,,False,143.2,0.95,40.1,0.0,2.0,5.0,-1.0,C8H15O2-,10.0,True,
CHEMBL434,ISOPROTERENOL,4.0,1956.0,CC(C)NCC(O)c1ccc(O)c(O)c1,JWZZKOKVBUJMES-UHFFFAOYSA-N,C01CA02;R03CB51;R03AB02;R03CB01,,,,False,211.3,1.13,72.7,4.0,4.0,4.0,0.0,C11H17NO3,14.0,True,
CHEMBL435,HYDROCHLOROTHIAZIDE,4.0,1959.0,NS(=O)(=O)c1cc2c(cc1Cl)NCNS2(=O)=O,JZUFKLXOESDKRF-UHFFFAOYSA-N,C03AX01;C03AA03,Launched,thiazide diuretic,hypertension|congestive heart failure,False,297.7,-0.35,118.4,3.0,5.0,1.0,0.0,C7H8ClN3O4S2,4.0,True,
CHEMBL35,FUROSEMIDE,4.0,1966.0,NS(=O)(=O)c1cc(C(=O)O)c(NCc2ccco2)cc1Cl,ZZUFCTLCJUWOSV-UHFFFAOYSA-N,C03CA01,Launched,diuretic,edema|hypertension|congestive heart failure|nephrotic syndrome,False,330.7,1.89,122.6,3.0,5.0,5.0,0.0,C12H11ClN2O5S,14.0,True,
CHEMBL36,PYRIMETHAMINE,4.0,1953.0,CCc1nc(N)nc(N)c1-c1ccc(Cl)cc1,WKSAUQYGYAYLPV-UHFFFAOYSA-N,P01BD01;P01BD51,Launched,dihydrofolate reductase inhibitor,malaria,False,248.7,2.52,77.8,2.0,4.0,2.0,0.0,C12H13ClN4,8.0,True,
CHEMBL436,TOLRESTAT,4.0,1989.0,COc1ccc2c(C(=S)N(C)CC(=O)O)cccc2c1C(F)(F)F,LUBHDINQXIHVLS-UHFFFAOYSA-N,A10XA01,Withdrawn,aldose reductase inhibitor,,False,357.4,3.56,49.8,1.0,3.0,4.0,0.0,C16H14F3NO3S,14.0,True,
CHEMBL437,SULFATHIAZOLE,4.0,1945.0,Nc1ccc(S(=O)(=O)Nc2nccs2)cc1,JNMRHUJNCSQMMB-UHFFFAOYSA-N,D06BA02;J01EB07,Launched,dihydropteroate synthase inhibitor,gram-negative bacterial infections|gram-positive bacterial infections,False,255.3,1.53,85.1,2.0,5.0,3.0,0.0,C9H9N3O2S2,8.0,True,
CHEMBL438,SULFAMERAZINE,4.0,1982.0,Cc1ccnc(NS(=O)(=O)c2ccc(N)cc2)n1,QPPBRPIAZZHUNT-UHFFFAOYSA-N,D06BA06;J01ED07,Launched,bacterial antifolate,coccidiosis|cholera,False,264.3,1.17,98.0,2.0,5.0,3.0,0.0,C11H12N4O2S,8.0,True,
CHEMBL439,SULFADIAZINE,4.0,1941.0,Nc1ccc(S(=O)(=O)Nc2ncccn2)cc1,SEEPANYCNGTZFQ-UHFFFAOYSA-N,J01EC02,Launched,bacterial antifolate,malaria|meningitis|urinary tract infections|conjunctivitis|trachoma|chancroid,False,250.3,0.86,98.0,2.0,5.0,3.0,0.0,C10H10N4O2S,8.0,True,
CHEMBL440,THIAMYLAL,4.0,1982.0,C=CCC1(C(C)CCC)C(=O)NC(=S)NC1=O,XLOMZPUITCYLMJ-UHFFFAOYSA-N,,Launched,glutamate receptor antagonist,sedative,False,254.4,1.52,58.2,2.0,3.0,5.0,0.0,C12H18N2O2S,10.0,True,
CHEMBL441,THIOPENTAL,4.0,1982.0,CCCC(C)C1(CC)C(=O)NC(=S)NC1=O,IUJDSEJGGMCXSG-UHFFFAOYSA-N,N01AF03;N05CA19,Launched,GABA receptor antagonist,anesthetic,False,242.3,1.35,58.2,2.0,3.0,4.0,0.0,C11H18N2O2S,8.0,True,
CHEMBL268164,CYCLOBARBITAL,4.0,,CCC1(C2=CCCCC2)C(=O)NC(=O)NC1=O,WTYGAUXICFETTC-UHFFFAOYSA-N,N05CA10,,,,False,236.3,1.25,75.3,2.0,3.0,2.0,0.0,C12H16N2O3,4.0,True,
CHEMBL442,ERGOTAMINE,4.0,1948.0,CN1C[C@H](C(=O)N[C@]2(C)O[C@@]3(O)[C@@H]4CCCN4C(=O)[C@H](Cc4ccccc4)N3C2=O)C=C2c3cccc4[nH]cc(c34)C[C@H]21,XCGSFFUVFURLIX-VFGNJEKYSA-N,N02CA72;N02CA02;N02CA52,Launched,adrenergic receptor antagonist,migraine headache,False,581.7,1.99,118.2,3.0,6.0,4.0,0.0,C33H35N5O5,10.0,True,
CHEMBL38,TRETINOIN,4.0,1971.0,CC1=C(/C=C/C(C)=C/C=C/C(C)=C/C(=O)O)C(C)(C)CCC1,SHGAZHPCJJPHSC-YCNIQYBTSA-N,D10AD51;L01XF01;D10AD01,Launched,retinoid receptor agonist|retinoid receptor ligand,acute promyelocytic leukemia (APL),False,300.4,5.6,37.3,1.0,1.0,5.0,0.0,C20H28O2,12.0,True,
CHEMBL7413,METHOHEXITAL,4.0,1960.0,C=CCC1(C(C)C#CCC)C(=O)NC(=O)N(C)C1=O,NZXKDOXHBHYTKP-UHFFFAOYSA-N,N01AF01;N05CA15,,,,False,262.3,1.31,66.5,1.0,3.0,3.0,0.0,C14H18N2O3,8.0,True,
CHEMBL40,PHENOBARBITAL,4.0,2022.0,CCC1(c2ccccc2)C(=O)NC(=O)NC1=O,DDBREPKUVSBGFI-UHFFFAOYSA-N,N03AA02,,,,False,232.2,0.7,75.3,2.0,3.0,2.0,0.0,C12H12N2O3,4.0,True,
CHEMBL41,FLUOXETINE,4.0,1987.0,CNCCC(Oc1ccc(C(F)(F)F)cc1)c1ccccc1,RTHCYVBBDHJXIQ-UHFFFAOYSA-N,N06AB03,Launched,selective serotonin reuptake inhibitor (SSRI),depression|obsessive compulsive disorder (OCD)|bulimia nervosa|panic disorders|bipolar disorder,False,309.3,4.44,21.3,1.0,2.0,6.0,0.0,C17H18F3NO,14.0,True,
CHEMBL443,SULFAMETHOXAZOLE,4.0,1973.0,Cc1cc(NS(=O)(=O)c2ccc(N)cc2)no1,JLKIGFTWXXRPMT-UHFFFAOYSA-N,J01EC01,Launched,PABA antagonist,pneumonia|enteritis|urinary tract infections,False,253.3,1.37,98.2,2.0,5.0,3.0,0.0,C10H11N3O3S,8.0,True,
CHEMBL444,BARBITAL,4.0,,CCC1(CC)C(=O)NC(=O)NC1=O,FTOAOBMCPZCFFF-UHFFFAOYSA-N,N05CA04,,,,False,184.2,0.16,75.3,2.0,3.0,2.0,0.0,C8H12N2O3,4.0,True,
CHEMBL42,CLOZAPINE,4.0,1989.0,CN1CCN(C2=Nc3cc(Cl)ccc3Nc3ccccc32)CC1,QZUDBNBUXVUHMW-UHFFFAOYSA-N,N05AH02,Launched,dopamine receptor antagonist|serotonin receptor antagonist,schizophrenia,False,326.8,3.72,30.9,1.0,4.0,0.0,0.0,C18H19ClN4,0.0,True,
CHEMBL445,NORTRIPTYLINE,4.0,1964.0,CNCCC=C1c2ccccc2CCc2ccccc21,PHVGLTMQBUFIQQ-UHFFFAOYSA-N,N06AA10,Launched,tricyclic antidepressant,depression,True,263.4,3.83,12.0,1.0,1.0,3.0,0.0,C19H21N,14.0,True,
CHEMBL446,SULFAMETHAZINE,4.0,1949.0,Cc1cc(C)nc(NS(=O)(=O)c2ccc(N)cc2)n1,ASWVTGNCAZCNNR-UHFFFAOYSA-N,J01EB03,Launched,PABA antagonist,enteritis,False,278.3,1.48,98.0,2.0,5.0,3.0,0.0,C12H14N4O2S,8.0,True,
CHEMBL447,SECOBARBITAL,4.0,1950.0,C=CCC1(C(C)CCC)C(=O)NC(=O)NC1=O,KQPKPCNLIDLUMF-UHFFFAOYSA-N,N05CA06,,,,False,238.3,1.35,75.3,2.0,3.0,5.0,0.0,C12H18N2O3,10.0,True,
CHEMBL448,PENTOBARBITAL,4.0,1973.0,CCCC(C)C1(CC)C(=O)NC(=O)NC1=O,WEXRUCMBJFQVBZ-UHFFFAOYSA-N,N05CA01,,,,False,226.3,1.18,75.3,2.0,3.0,4.0,0.0,C11H18N2O3,8.0,True,
CHEMBL7568,QUINACRINE,4.0,,CCN(CC)CCCC(C)Nc1c2ccc(Cl)cc2nc2ccc(OC)cc12,GPKJTRJOBQGKQK-UHFFFAOYSA-N,P01AX05,,,,False,400.0,5.97,37.4,1.0,4.0,9.0,0.0,C23H30ClN3O,18.0,True,
CHEMBL267894,AMOBARBITAL,4.0,,CCC1(CCC(C)C)C(=O)NC(=O)NC1=O,VIROVYVQCGLCII-UHFFFAOYSA-N,N05CA02,,,,False,226.3,1.18,75.3,2.0,3.0,4.0,0.0,C11H18N2O3,8.0,True,
CHEMBL7728,HEXOBARBITAL,4.0,,CN1C(=O)NC(=O)C(C)(C2=CCCCC2)C1=O,UYXAWHWODHRRMR-UHFFFAOYSA-N,N01AF02;N05CA16,,,,False,236.3,1.2,66.5,1.0,3.0,1.0,0.0,C12H16N2O3,2.0,True,
CHEMBL449,BUTABARBITAL,4.0,1939.0,CCC(C)C1(CC)C(=O)NC(=O)NC1=O,ZRIHAIZYIMGOAB-UHFFFAOYSA-N,,,,,False,212.2,0.79,75.3,2.0,3.0,3.0,0.0,C10H16N2O3,6.0,True,
CHEMBL7863,APROBARBITAL,4.0,,C=CCC1(C(C)C)C(=O)NC(=O)NC1=O,UORJNBVJVRLXMQ-UHFFFAOYSA-N,N05CA05,,,,False,210.2,0.57,75.3,2.0,3.0,3.0,0.0,C10H14N2O3,6.0,True,
CHEMBL450,METHARBITAL,4.0,1982.0,CCC1(CC)C(=O)NC(=O)N(C)C1=O,FWJKNZONDWOGMI-UHFFFAOYSA-N,N03AA30,Launched,GABA receptor modulator,epilepsy,False,198.2,0.5,66.5,1.0,3.0,2.0,0.0,C9H14N2O3,4.0,True,
CHEMBL451,CHLORDIAZEPOXIDE,4.0,1960.0,CNC1=Nc2ccc(Cl)cc2C(c2ccccc2)=[N+]([O-])C1,ANTSCNMPPGJYLG-UHFFFAOYSA-N,N05BA02,,,,False,299.8,2.95,50.5,1.0,3.0,1.0,0.0,C16H14ClN3O,8.0,True,
CHEMBL266349,MELAGATRAN,4.0,2004.0,N=C(N)c1ccc(CNC(=O)[C@@H]2CCN2C(=O)[C@H](NCC(=O)O)C2CCCCC2)cc1,DKWNMCUOEDMMIN-PKOBYXMFSA-N,B01AE04,,,,False,429.5,0.81,148.6,5.0,5.0,9.0,0.0,C22H31N5O4,22.0,True,
CHEMBL452,CLONAZEPAM,4.0,1975.0,O=C1CN=C(c2ccccc2Cl)c2cc([N+](=O)[O-])ccc2N1,DGBIGWXXNGSACT-UHFFFAOYSA-N,N03AE01,,,,True,315.7,3.04,84.6,1.0,4.0,2.0,0.0,C15H10ClN3O3,10.0,True,
CHEMBL453,SULFISOXAZOLE,4.0,1971.0,Cc1noc(NS(=O)(=O)c2ccc(N)cc2)c1C,NHUHCSRWZMLRLA-UHFFFAOYSA-N,J01EB05;S01AB02,,,,False,267.3,1.67,98.2,2.0,5.0,3.0,0.0,C11H13N3O3S,8.0,True,
CHEMBL268869,SULFAMETHOXYPYRIDAZINE,4.0,,COc1ccc(NS(=O)(=O)c2ccc(N)cc2)nn1,VLYWMPOKSSWJAL-UHFFFAOYSA-N,J01ED05,Withdrawn,bacterial antifolate,,False,280.3,0.87,107.2,2.0,6.0,4.0,0.0,C11H12N4O3S,10.0,True,
CHEMBL454,BUTALBITAL,4.0,1983.0,C=CCC1(CC(C)C)C(=O)NC(=O)NC1=O,UZVHFVZFNXBMQJ-UHFFFAOYSA-N,,Launched,GABA receptor antagonist,headache|muscle relaxant,False,224.3,0.96,75.3,2.0,3.0,4.0,0.0,C11H16N2O3,8.0,True,
CHEMBL455,SULFACETAMIDE,4.0,1945.0,CC(=O)NS(=O)(=O)c1ccc(N)cc1,SKIVFJLNDNKQPD-UHFFFAOYSA-N,S01AB04;D10AF06,Launched,PABA antagonist,conjunctivitis,False,214.2,0.09,89.3,2.0,4.0,2.0,0.0,C8H10N2O3S,6.0,True,
CHEMBL43,AMSACRINE,4.0,1987.0,COc1cc(NS(C)(=O)=O)ccc1Nc1c2ccccc2nc2ccccc12,XCPGHVQEEXUHNC-UHFFFAOYSA-N,L01XX01,Launched,topoisomerase inhibitor,acute lymphoblastic leukemia (ALL),False,393.5,4.51,80.3,2.0,5.0,5.0,0.0,C21H19N3O3S,10.0,True,
CHEMBL456,ETHACRYNIC ACID,4.0,1967.0,C=C(CC)C(=O)c1ccc(OCC(=O)O)c(Cl)c1Cl,AVOLMBLBETYQHX-UHFFFAOYSA-N,C03CC01,,,,False,303.1,3.61,63.6,1.0,3.0,6.0,0.0,C13H12Cl2O4,14.0,True,
CHEMBL267744,TICRYNAFEN,4.0,1979.0,O=C(O)COc1ccc(C(=O)c2cccs2)c(Cl)c1Cl,AGHANLSBXUWXTB-UHFFFAOYSA-N,C03CC02,,,,False,331.2,3.75,63.6,1.0,4.0,5.0,0.0,C13H8Cl2O4S,12.0,True,
CHEMBL457,GEMFIBROZIL,4.0,1981.0,Cc1ccc(C)c(OCCCC(C)(C)C(=O)O)c1,HEMJJKBWTPKOJG-UHFFFAOYSA-N,C10AB04,Launched,lipoprotein lipase activator,hyperlipidemia|coronary heart disease,False,250.3,3.57,46.5,1.0,2.0,6.0,0.0,C15H22O3,14.0,True,
CHEMBL45,MELATONIN,4.0,2007.0,COc1ccc2[nH]cc(CCNC(C)=O)c2c1,DRLFMBDRBRZALE-UHFFFAOYSA-N,N05CH01,Launched,melatonin receptor agonist|nitric oxide synthase inhibitor,sleep cycle support,False,232.3,1.86,54.1,2.0,2.0,4.0,0.0,C13H16N2O2,8.0,True,
CHEMBL46,ONDANSETRON,4.0,1991.0,Cc1nccn1CC1CCc2c(c3ccccc3n2C)C1=O,FELGMEQIXOGIFQ-UHFFFAOYSA-N,A04AA01,Launched,serotonin receptor antagonist,nausea|vomiting,False,293.4,3.13,39.8,0.0,2.0,2.0,0.0,C18H19N3O,4.0,True,
CHEMBL49,BUSPIRONE,4.0,1986.0,O=C1CC2(CCCC2)CC(=O)N1CCCCN1CCN(c2ncccn2)CC1,QWCRAEMEVRGPNT-UHFFFAOYSA-N,N05BE01,Launched,serotonin receptor agonist,generalized anxiety disorder (GAD),False,385.5,2.09,69.6,0.0,6.0,6.0,0.0,C21H31N5O2,12.0,True,
CHEMBL51,KETANSERIN,4.0,,O=C(c1ccc(F)cc1)C1CCN(CCn2c(=O)[nH]c3ccccc3c2=O)CC1,FPCCSQOGAWCVBH-UHFFFAOYSA-N,C02KD01,Launched,serotonin receptor antagonist,hypertension,False,395.4,2.42,75.2,1.0,4.0,5.0,0.0,C22H22FN3O3,10.0,True,
CHEMBL459,METHYLDOPA,4.0,1962.0,C[C@](N)(Cc1ccc(O)c(O)c1)C(=O)O,CJCSPKMFHVPWAR-JTQLQIEISA-N,C02AB01,Launched,adrenergic receptor agonist,hypertension,False,211.2,0.44,103.8,4.0,4.0,3.0,0.0,C10H13NO4,14.0,True,
CHEMBL460,MOLINDONE,4.0,1974.0,CCc1c(C)[nH]c2c1C(=O)C(CN1CCOCC1)CC2,KLPWJLBORRMFGK-UHFFFAOYSA-N,N05AE02,Launched,dopamine receptor antagonist,schizophrenia,False,276.4,1.96,45.3,1.0,3.0,3.0,0.0,C16H24N2O2,6.0,True,
CHEMBL53,APOMORPHINE,4.0,2001.0,CN1CCc2cccc3c2[C@H]1Cc1ccc(O)c(O)c1-3,VMWNQDUVQKEIOC-CYBMUJFWSA-N,N04BC07;G04BE07,,,,False,267.3,2.85,43.7,2.0,3.0,0.0,0.0,C17H17NO2,4.0,True,
CHEMBL54,HALOPERIDOL,4.0,1967.0,O=C(CCCN1CCC(O)(c2ccc(Cl)cc2)CC1)c1ccc(F)cc1,LNEPOXFFQSENCJ-UHFFFAOYSA-N,N05AD01,Launched,dopamine receptor antagonist,schizophrenia|Tourette's disorder,False,375.9,4.43,40.5,1.0,3.0,6.0,0.0,C21H23ClFNO2,14.0,True,
CHEMBL55,PENTAMIDINE,4.0,1984.0,N=C(N)c1ccc(OCCCCCOc2ccc(C(=N)N)cc2)cc1,XDRYMKDFEDOLFX-UHFFFAOYSA-N,,Launched,anti-pneumocystis agent,pneumonia,False,340.4,2.88,118.2,4.0,4.0,10.0,0.0,C19H24N4O2,20.0,True,
CHEMBL463,AMINOHIPPURIC ACID,4.0,1982.0,Nc1ccc(C(=O)NCC(=O)O)cc1,HSMNQINEKMPTIC-UHFFFAOYSA-N,V04CH30,,,,False,194.2,0.08,92.4,3.0,3.0,3.0,0.0,C9H10N2O3,10.0,True,
CHEMBL464,ETRETINATE,4.0,1986.0,CCOC(=O)/C=C(C)/C=C/C=C(C)/C=C/c1c(C)cc(OC)c(C)c1C,HQMNCQVAMBCHCO-DJRRULDNSA-N,D05BB01,Withdrawn,protein synthesis inhibitor,,False,354.5,5.65,35.5,0.0,3.0,7.0,0.0,C23H30O3,16.0,True,
CHEMBL57,NEVIRAPINE,4.0,1996.0,Cc1ccnc2c1NC(=O)c1cccnc1N2C1CC1,NQDJXKOVJZTUJA-UHFFFAOYSA-N,J05AG01,Launched,non-nucleoside reverse transcriptase inhibitor,human immunodeficiency virus (HIV-1),False,266.3,2.65,58.1,1.0,4.0,1.0,0.0,C15H14N4O,2.0,True,
CHEMBL465,DRONABINOL,4.0,1985.0,CCCCCc1cc(O)c2c(c1)OC(C)(C)[C@@H]1CCC(C)=C[C@@H]21,CYQFCXCEBYINGO-IAGOWNOFSA-N,A04AD10,,,,True,314.5,5.74,29.5,1.0,2.0,4.0,0.0,C21H30O2,10.0,True,
CHEMBL58,MITOXANTRONE,4.0,1987.0,O=C1c2c(O)ccc(O)c2C(=O)c2c(NCCNCCO)ccc(NCCNCCO)c21,KKZJGLLVHKMTCM-UHFFFAOYSA-N,L01DB07,Launched,topoisomerase inhibitor,multiple sclerosis|prostate cancer|acute myeloid leukemia (AML),False,444.5,-0.14,163.2,8.0,10.0,12.0,0.0,C22H28N4O6,32.0,True,
CHEMBL59,DOPAMINE,4.0,1974.0,NCCc1ccc(O)c(O)c1,VYFYYTLLBUKUHU-UHFFFAOYSA-N,C01CA04,Launched,dopamine receptor agonist,ventricular arrhythmias|depression|headache|tremors,False,153.2,0.6,66.5,3.0,3.0,2.0,0.0,C8H11NO2,10.0,True,
CHEMBL467,HYDROXYUREA,4.0,1967.0,NC(=O)NO,VSNHCAURESNICA-UHFFFAOYSA-N,L01XX05,Launched,ribonucleotide reductase inhibitor,chronic myeloid leukemia (CML)|head and neck squamous cell carcinoma (HNSCC),False,,,,,,,,,,False,F2_mw_76
CHEMBL61,PODOFILOX,4.0,1990.0,COc1cc([C@@H]2c3cc4c(cc3[C@H](O)[C@H]3COC(=O)[C@H]23)OCO4)cc(OC)c1OC,YJGVMLPVUAXIQN-XVVDYKMHSA-N,D06BB04,,,,False,414.4,2.41,92.7,1.0,8.0,4.0,0.0,C22H22O8,10.0,True,
CHEMBL64,ISONIAZID,4.0,1952.0,NNC(=O)c1ccncc1,QRXWMOHMRWLFEY-UHFFFAOYSA-N,J04AC51;J04AC01,Launched,FABI inhibitor,tuberculosis,False,137.1,-0.31,68.0,2.0,3.0,1.0,0.0,C6H7N3O,4.0,True,
CHEMBL468,THALIDOMIDE,4.0,1956.0,O=C1CCC(N2C(=O)c3ccccc3C2=O)C(=O)N1,UEJJHQNACJXSKW-UHFFFAOYSA-N,L04AX02,Launched,tumor necrosis factor production inhibitor,myeloma,False,258.2,0.09,83.6,1.0,4.0,1.0,0.0,C13H10N2O4,2.0,True,
CHEMBL469,KETOROLAC,4.0,1989.0,O=C(c1ccccc1)c1ccc2n1CCC2C(=O)O,OZWKMVRBQXNZKK-UHFFFAOYSA-N,S01BC05;M01AB15,Launched,cyclooxygenase inhibitor,pain relief,False,255.3,2.29,59.3,1.0,2.0,3.0,0.0,C15H13NO3,8.0,True,
CHEMBL471,SOTALOL,4.0,1992.0,CC(C)NCC(O)c1ccc(NS(C)(=O)=O)cc1,ZBMZVLHSJCTVON-UHFFFAOYSA-N,C07AA07,Launched,adrenergic receptor antagonist,atrial fibrillation (AF)|ventricular arrhythmias,False,272.4,1.09,78.4,3.0,4.0,6.0,0.0,C12H20N2O3S,14.0,True,
CHEMBL472,GLYBURIDE,4.0,1984.0,COc1ccc(Cl)cc1C(=O)NCCc1ccc(S(=O)(=O)NC(=O)NC2CCCCC2)cc1,ZNNLBTZKUZBEKO-UHFFFAOYSA-N,A10BB01,Launched,ATP channel blocker|insulin secretagogue|sulfonylurea,diabetes mellitus|hyperglycemia,False,494.0,3.64,113.6,3.0,5.0,8.0,0.0,C23H28ClN3O5S,16.0,True,
CHEMBL9225,HEXESTROL,4.0,,CC[C@H](c1ccc(O)cc1)[C@@H](CC)c1ccc(O)cc1,PBBGSZCBWVPOOL-HDICACEKSA-N,,Launched,synthetic estrogen,hypoestrogenism,False,270.4,4.79,40.5,2.0,2.0,5.0,0.0,C18H22O2,14.0,True,
CHEMBL473,DOFETILIDE,4.0,1999.0,CN(CCOc1ccc(NS(C)(=O)=O)cc1)CCc1ccc(NS(C)(=O)=O)cc1,IXTMWRCNAAVVAI-UHFFFAOYSA-N,C01BD04,Withdrawn,potassium channel blocker,,False,441.6,1.98,104.8,2.0,6.0,11.0,0.0,C19H27N3O5S2,22.0,True,
CHEMBL476,DACARBAZINE,4.0,1975.0,CN(C)/N=N/c1[nH]cnc1C(N)=O,FDKXTQMXEQVLRF-ZHACJKMWSA-N,L01AX04,Launched,DNA alkylating agent,melanoma|Hodgkin's lymphoma,False,182.2,0.07,99.7,2.0,4.0,3.0,0.0,C6H10N6O,6.0,True,
CHEMBL477,ADENOSINE,4.0,1989.0,Nc1ncnc2c1ncn2[C@@H]1O[C@H](CO)[C@@H](O)[C@H]1O,OIRDTQYFTABQOQ-KQYNXXCUSA-N,C01EB10,Launched,adenosine receptor agonist,Wolff-Parkinson-White Syndrome (WPW),False,267.2,-1.98,139.5,4.0,8.0,2.0,0.0,C10H13N5O4,12.0,True,
CHEMBL479,THIORIDAZINE,4.0,1962.0,CSc1ccc2c(c1)N(CCC1CCCCN1C)c1ccccc1S2,KLBQZWRITKRQQV-UHFFFAOYSA-N,N05AC02,Withdrawn,dopamine receptor antagonist,,False,370.6,5.89,6.5,0.0,4.0,4.0,0.0,C21H26N2S2,8.0,True,
CHEMBL480,LANSOPRAZOLE,4.0,1995.0,Cc1c(OCC(F)(F)F)ccnc1C[S+]([O-])c1nc2ccccc2[nH]1,MJIHNNLFOKEZEW-UHFFFAOYSA-N,A02BC03;A02BC53,Launched,ATPase inhibitor,heartburn,False,369.4,3.52,73.9,1.0,4.0,5.0,0.0,C16H14F3N3O2S,12.0,True,
CHEMBL481,IRINOTECAN,4.0,1996.0,CCc1c2c(nc3ccc(OC(=O)N4CCC(N5CCCCC5)CC4)cc13)-c1cc3c(c(=O)n1C2)COC(=O)[C@]3(O)CC,UWKQSNNFCGGAFS-XIFFEERXSA-N,L01CE02,Launched,topoisomerase inhibitor,colorectal cancer,False,586.7,4.09,114.2,1.0,8.0,4.0,0.0,C33H38N4O6,12.0,True,
CHEMBL70,MORPHINE,4.0,1984.0,CN1CC[C@]23c4c5ccc(O)c4O[C@H]2[C@@H](O)C=C[C@H]3[C@H]1C5,BQJCRHHNABKAKU-KBQPJGBKSA-N,N02AA51;A07DA52;N02AA01,,,,True,285.3,1.2,52.9,2.0,4.0,0.0,0.0,C17H19NO3,4.0,True,
CHEMBL485,CODEINE,4.0,1952.0,COc1ccc2c3c1O[C@H]1[C@@H](O)C=C[C@H]4[C@@H](C2)N(C)CC[C@@]341,OROGSEYTTFOCAN-DNJOTXNNSA-N,N02AA59;N02AA79;R05DA04,,,,False,299.4,1.5,41.9,1.0,4.0,1.0,0.0,C18H21NO3,4.0,True,
CHEMBL71,CHLORPROMAZINE,4.0,1957.0,CN(C)CCCN1c2ccccc2Sc2ccc(Cl)cc21,ZPEIMTDSQAKGNT-UHFFFAOYSA-N,N05AA01,Launched,dopamine receptor antagonist,schizophrenia|nausea|vomiting|acute intermittent porphyria (AIP)|tetanus,False,318.9,4.89,6.5,0.0,3.0,4.0,0.0,C17H19ClN2S,8.0,True,
CHEMBL72,DESIPRAMINE,4.0,1964.0,CNCCCN1c2ccccc2CCc2ccccc21,HCYAFALTSJYZDH-UHFFFAOYSA-N,N06AA01,Launched,tricyclic antidepressant,depression,False,266.4,3.53,15.3,1.0,2.0,4.0,0.0,C18H22N2,16.0,True,
CHEMBL488,AMINOGLUTETHIMIDE,4.0,1980.0,CCC1(c2ccc(N)cc2)CCC(=O)NC1=O,ROBVIMPUHSLWNV-UHFFFAOYSA-N,L02BG01,Launched,glucocorticoid receptor antagonist,Cushing's syndrome|breast cancer,False,232.3,1.35,72.2,2.0,3.0,2.0,0.0,C13H16N2O2,6.0,True,
CHEMBL74,CROMOLYN SODIUM,4.0,1982.0,O=C([O-])c1cc(=O)c2c(OCC(O)COc3cccc4oc(C(=O)[O-])cc(=O)c34)cccc2o1.[Na+].[Na+],VLARUOGDXDTHEH-UHFFFAOYSA-L,,,,,False,466.4,-0.55,179.4,1.0,11.0,8.0,-2.0,C23H14O11-2,18.0,True,
CHEMBL76,CHLOROQUINE,4.0,1949.0,CCN(CC)CCCC(C)Nc1ccnc2cc(Cl)ccc12,WHTVZRBIWZFKQO-UHFFFAOYSA-N,P01BA01,Launched,antimalarial agent,malaria|amebiasis,False,319.9,4.81,28.2,1.0,3.0,8.0,0.0,C18H26ClN3,16.0,True,
CHEMBL490,PAROXETINE,4.0,1992.0,Fc1ccc([C@@H]2CCNC[C@H]2COc2ccc3c(c2)OCO3)cc1,AHOUBRCZNHFOSL-YOEHRIQHSA-N,N06AB05,Launched,selective serotonin reuptake inhibitor (SSRI),depression|obsessive compulsive disorder (OCD)|generalized anxiety disorder (GAD)|panic disorders|posttraumatic stress disorder|social anxiety disorder,False,329.4,3.33,39.7,1.0,4.0,4.0,0.0,C19H20FNO3,8.0,True,
CHEMBL416146,ETORICOXIB,4.0,,Cc1ccc(-c2ncc(Cl)cc2-c2ccc(S(C)(=O)=O)cc2)cn1,MNJVRJDLRVPLFE-UHFFFAOYSA-N,M01AH05,Launched,cyclooxygenase inhibitor,rheumatoid arthritis|psoriatic arthritis|osteoarthritis|gout|ankylosing spondylitis,False,358.9,4.18,59.9,0.0,4.0,3.0,0.0,C18H15ClN2O2S,6.0,True,
CHEMBL79,LIDOCAINE,4.0,1948.0,CCN(CC)CC(=O)Nc1c(C)cccc1C,NNJVILVZKWQKPM-UHFFFAOYSA-N,R02AD02;D04AB01;N01BB02;S01HA07;C01BB01;N01BB52;S02DA01;C05AD01,Launched,histamine receptor agonist,itching|eczema|hemorrhage,True,234.3,2.58,32.3,1.0,2.0,5.0,0.0,C14H22N2O,10.0,True,
CHEMBL9967,PIRENZEPINE,4.0,,CN1CCN(CC(=O)N2c3ccccc3C(=O)Nc3cccnc32)CC1,RMHMFHUVIITRHF-UHFFFAOYSA-N,A02BX03,Launched,acetylcholine receptor antagonist,peptic ulcer disease (PUD),False,351.4,1.56,68.8,1.0,5.0,2.0,0.0,C19H21N5O2,6.0,True,
CHEMBL492,ETIDOCAINE,4.0,1976.0,CCCN(CC)C(CC)C(=O)Nc1c(C)cccc1C,VTUSIVBDOCDNHS-UHFFFAOYSA-N,N01BB57;N01BB07,,,,False,276.4,3.75,32.3,1.0,2.0,7.0,0.0,C17H28N2O,14.0,True,
CHEMBL80,NALOXONE,4.0,1971.0,C=CCN1CC[C@]23c4c5ccc(O)c4O[C@H]2C(=O)CC[C@@]3(O)[C@H]1C5,UZHSEJADLWPNLE-GRGSLBFTSA-N,A06AH04;V03AB15,Launched,opioid receptor antagonist,respiratory depression,False,327.4,1.3,70.0,2.0,5.0,2.0,0.0,C19H21NO4,8.0,True,
CHEMBL81,RALOXIFENE,4.0,1997.0,O=C(c1ccc(OCCN2CCCCC2)cc1)c1c(-c2ccc(O)cc2)sc2cc(O)ccc12,GZUITABIAKMVPG-UHFFFAOYSA-N,G03XC01,Launched,estrogen receptor antagonist|selective estrogen receptor modulator (SERM),osteoporosis|breast cancer,False,473.6,6.08,70.0,2.0,6.0,7.0,0.0,C28H27NO4S,18.0,True,
CHEMBL83,TAMOXIFEN,4.0,1977.0,CC/C(=C(\c1ccccc1)c1ccc(OCCN(C)C)cc1)c1ccccc1,NKANXQFJJICGDU-QPLCGJKRSA-N,L02BA01,Launched,estrogen receptor antagonist|selective estrogen receptor modulator (SERM),breast cancer,False,371.5,6.0,12.5,0.0,2.0,8.0,0.0,C26H29NO,16.0,True,
CHEMBL493,BROMOCRIPTINE,4.0,1978.0,CC(C)C[C@H]1C(=O)N2CCC[C@H]2[C@]2(O)O[C@](NC(=O)[C@@H]3C=C4c5cccc6[nH]c(Br)c(c56)C[C@H]4N(C)C3)(C(C)C)C(=O)N12,OZVBMTJYIDMWIL-AYFBDAFISA-N,G02CB01;N04BC01,Launched,dopamine receptor agonist,hyperprolactinemia|Parkinson's Disease|acromegaly,False,654.6,3.19,118.2,3.0,6.0,5.0,0.0,C32H40BrN5O5,12.0,True,
CHEMBL494,ILOPROST,4.0,2003.0,CC#CCC(C)[C@H](O)/C=C/[C@@H]1[C@H]2C/C(=C/CCCC(=O)O)C[C@H]2C[C@H]1O,HIFJCPQKFCZDDL-ACWOEMLNSA-N,B01AC11,Launched,platelet aggregation inhibitor|prostanoid receptor agonist,pulmonary arterial hypertension (PAH),False,360.5,3.54,77.8,3.0,3.0,8.0,0.0,C22H32O4,24.0,True,
CHEMBL84,TOPOTECAN,4.0,1996.0,CC[C@@]1(O)C(=O)OCc2c1cc1n(c2=O)Cc2cc3c(CN(C)C)c(O)ccc3nc2-1,UCFGDBYHRUNTLO-QHCPKHFHSA-N,L01CE01,Launched,topoisomerase inhibitor,small cell lung cancer|cervical cancer,False,421.5,1.85,104.9,2.0,7.0,3.0,0.0,C23H23N3O5,10.0,True,
CHEMBL85,RISPERIDONE,4.0,1993.0,Cc1nc2n(c(=O)c1CCN1CCC(c3noc4cc(F)ccc34)CC1)CCCC2,RAPZEAPATHNIPO-UHFFFAOYSA-N,N05AX08,Launched,dopamine receptor antagonist|serotonin receptor antagonist,schizophrenia|bipolar disorder|irritability,False,410.5,3.59,64.2,0.0,5.0,4.0,0.0,C23H27FN4O2,8.0,True,
CHEMBL428880,CROMOLYN,4.0,1982.0,O=C(O)c1cc(=O)c2c(OCC(O)COc3cccc4oc(C(=O)O)cc(=O)c34)cccc2o1,IMZMKUWMOSJXDT-UHFFFAOYSA-N,R03BC01;R01AC01;A07EB01;D11AH03;R01AC51;S01GX01;S01GX51,,,,False,468.4,2.11,173.7,3.0,9.0,8.0,0.0,C23H16O11,22.0,True,
CHEMBL86,METOCLOPRAMIDE,4.0,1979.0,CCN(CC)CCNC(=O)c1cc(Cl)c(N)cc1OC,TTWJBBZEZQICBI-UHFFFAOYSA-N,A03FA01,Launched,dopamine receptor antagonist|serotonin receptor antagonist,gastroparesis|nausea|vomiting,False,299.8,2.0,67.6,2.0,4.0,7.0,0.0,C14H22ClN3O2,16.0,True,
CHEMBL428647,PACLITAXEL,4.0,1992.0,CC(=O)O[C@H]1C(=O)[C@@]2(C)[C@H]([C@H](OC(=O)c3ccccc3)[C@]3(O)C[C@H](OC(=O)[C@H](O)[C@@H](NC(=O)c4ccccc4)c4ccccc4)C(C)=C1C3(C)C)[C@]1(OC(C)=O)CO[C@@H]1C[C@@H]2O,RCINICONZNJXQF-MZXODVADSA-N,L01CD01,Launched,tubulin polymerization inhibitor,ovarian cancer|breast cancer|non-small cell lung cancer (NSCLC),False,853.9,3.74,221.3,4.0,14.0,10.0,0.0,C47H51NO14,42.0,True,
CHEMBL495,ALPROSTADIL,4.0,1981.0,CCCCC[C@H](O)/C=C/[C@H]1[C@H](O)CC(=O)[C@@H]1CCCCCCC(=O)O,GMVPRGQOIOIIMI-DWKJAMRDSA-N,G04BE01;C01EA01,Launched,prostanoid receptor agonist,congenital heart defects,False,354.5,3.48,94.8,3.0,4.0,13.0,0.0,C20H34O5,32.0,True,
CHEMBL496,HEXACHLOROPHENE,4.0,1949.0,Oc1c(Cl)cc(Cl)c(Cl)c1Cc1c(O)c(Cl)cc(Cl)c1Cl,ACGUYXCXAPNIKK-UHFFFAOYSA-N,D08AE01,Launched,potassium channel activator,gram-positive bacterial infections,False,406.9,6.61,40.5,2.0,2.0,2.0,0.0,C13H6Cl6O2,8.0,True,
CHEMBL497,CLIOQUINOL,4.0,1934.0,Oc1c(I)cc(Cl)c2cccnc12,QCDFBFJGMNKBDO-UHFFFAOYSA-N,D09AA10;P01AA02;P01AA52;S02AA05;G01AC02;D08AH30,Withdrawn,chelating agent,,False,305.5,3.2,33.1,1.0,2.0,0.0,0.0,C9H5ClINO,2.0,True,
CHEMBL10878,AGOMELATINE,4.0,2009.0,COc1ccc2cccc(CCNC(C)=O)c2c1,YJYPHIXNFHFHND-UHFFFAOYSA-N,N06AX22,Launched,melatonin receptor agonist|serotonin receptor antagonist,depression,False,243.3,2.53,38.3,1.0,2.0,4.0,0.0,C15H17NO2,8.0,True,
CHEMBL88,CYCLOPHOSPHAMIDE ANHYDROUS,4.0,1959.0,O=P1(N(CCCl)CCCl)NCCCO1,CMSMOCZEIVJLDB-UHFFFAOYSA-N,,,,,False,261.1,1.88,41.6,1.0,2.0,5.0,0.0,C7H15Cl2N2O2P,10.0,True,
CHEMBL498,CHLORPROPAMIDE,4.0,1958.0,CCCNC(=O)NS(=O)(=O)c1ccc(Cl)cc1,RKWGIWYCVPQPMF-UHFFFAOYSA-N,A10BB02,Launched,ATP channel blocker,diabetes mellitus,False,276.7,1.74,75.3,2.0,3.0,4.0,0.0,C10H13ClN2O3S,8.0,True,
CHEMBL499,TIMOLOL,4.0,1978.0,CC(C)(C)NC[C@H](O)COc1nsnc1N1CCOCC1,BLJRIMJGRPQVNF-JTQLQIEISA-N,C07AA06;S01ED51;S01ED01,Launched,adrenergic receptor antagonist,ocular hypertension|glaucoma,False,316.4,0.5,79.7,2.0,8.0,6.0,0.0,C13H24N4O3S,16.0,True,
CHEMBL500,PINDOLOL,4.0,1982.0,CC(C)NCC(O)COc1cccc2[nH]ccc12,JZQKKSLKJUAGIC-UHFFFAOYSA-N,C07AA03,Launched,adrenergic receptor antagonist,hypertension,False,248.3,1.91,57.3,3.0,3.0,6.0,0.0,C14H20N2O2,14.0,True,
CHEMBL276832,HYDRALAZINE,4.0,1953.0,NNc1nncc2ccccc12,RPTUSVTUFVMDQK-UHFFFAOYSA-N,C02DB02,Launched,vasodilator,hypertension,False,160.2,0.92,63.8,2.0,4.0,1.0,0.0,C8H8N4,4.0,True,
CHEMBL501,AMPHETAMINE SULFATE,4.0,1960.0,CC(N)Cc1ccccc1.O=S(=O)(O)O,SOFQDLYSFOWTJX-UHFFFAOYSA-N,,,,,False,135.2,1.58,26.0,1.0,1.0,2.0,0.0,C9H13N,6.0,True,
CHEMBL267345,AMPHOTERICIN B,4.0,1964.0,C[C@@H]1[C@H](O)[C@@H](C)/C=C/C=C/C=C/C=C/C=C/C=C/C=C/[C@H](O[C@@H]2O[C@H](C)[C@@H](O)[C@H](N)[C@@H]2O)C[C@@H]2O[C@](O)(C[C@@H](O)C[C@@H](O)[C@H](O)CC[C@@H](O)C[C@@H](O)CC(=O)O[C@H]1C)C[C@H](O)[C@H]2C(=O)O,APKFDSVGJQXUKY-INPOYWNPSA-N,J02AA01;A01AB04;A07AA07;G01AA03,,,,False,,,,,,,,,,False,F2_mw_924
CHEMBL90,HISTAMINE,4.0,1939.0,NCCc1c[nH]cn1,NTYJJOPFIAHURM-UHFFFAOYSA-N,,Launched,histamine receptor agonist,allergic rhinitis,False,111.1,-0.09,54.7,2.0,2.0,2.0,0.0,C5H9N3,6.0,True,
CHEMBL91,MICONAZOLE,4.0,1974.0,Clc1ccc(COC(Cn2ccnc2)c2ccc(Cl)cc2Cl)c(Cl)c1,BYBLEWFAAKGYCD-UHFFFAOYSA-N,G01AF04;S02AA13;J02AB01;A01AB09;D01AC52;A07AC01;D01AC02,Launched,bacterial cell wall synthesis inhibitor,yeast infection|itching,False,416.1,6.45,27.1,0.0,2.0,6.0,0.0,C18H14Cl4N2O,12.0,True,
CHEMBL92,DOCETAXEL ANHYDROUS,4.0,1995.0,CC(=O)O[C@@]12CO[C@@H]1C[C@H](O)[C@@]1(C)C(=O)[C@H](O)C3=C(C)[C@@H](OC(=O)[C@H](O)[C@@H](NC(=O)OC(C)(C)C)c4ccccc4)C[C@@](O)([C@@H](OC(=O)c4ccccc4)[C@H]21)C3(C)C,ZDZOTLJHXYCWBA-VCVYQWHSSA-N,,,,,False,807.9,3.26,224.4,5.0,14.0,8.0,0.0,C43H53NO14,42.0,True,
CHEMBL93,ZILEUTON,4.0,1996.0,CC(c1cc2ccccc2s1)N(O)C(N)=O,MWLSOWXNZPKENC-UHFFFAOYSA-N,,Launched,leukotriene synthesis inhibitor|lipoxygenase inhibitor,asthma,False,236.3,2.73,66.6,2.0,3.0,2.0,0.0,C11H12N2O2S,8.0,True,
CHEMBL94,PHYSOSTIGMINE,4.0,,CNC(=O)Oc1ccc2c(c1)[C@]1(C)CCN(C)[C@@H]1N2C,PIJVFDBKTWXHHD-HIFRSBDPSA-N,S01EB05;V03AB19,Launched,acetylcholinesterase inhibitor|cholinesterase inhibitor,hypotension|Alzheimer's disease|glaucoma|gastroparesis,False,275.4,1.77,44.8,1.0,4.0,1.0,0.0,C15H21N3O2,4.0,True,
CHEMBL95,TACRINE,4.0,1993.0,Nc1c2c(nc3ccccc13)CCCC2,YLJREFDVOIBQDA-UHFFFAOYSA-N,N06DA01,Launched,acetylcholinesterase inhibitor,Alzheimer's disease,False,198.3,2.7,38.9,1.0,2.0,0.0,0.0,C13H14N2,2.0,True,
CHEMBL502,DONEPEZIL,4.0,1996.0,COc1cc2c(cc1OC)C(=O)C(CC1CCN(Cc3ccccc3)CC1)C2,ADEBPBSSDYVVLD-UHFFFAOYSA-N,N06DA02,Launched,acetylcholinesterase inhibitor,Alzheimer's disease,True,379.5,4.36,38.8,0.0,4.0,6.0,0.0,C24H29NO3,12.0,True,
CHEMBL503,LOVASTATIN,4.0,1987.0,CC[C@H](C)C(=O)O[C@H]1C[C@@H](C)C=C2C=C[C@H](C)[C@H](CC[C@@H]3C[C@@H](O)CC(=O)O3)[C@H]21,PCZOHLXUXFIOCF-BXMDZJJMSA-N,C10AA02,Launched,HMGCR inhibitor,coronary heart disease|myocardial infarction|hypercholesterolemia,False,404.5,4.2,72.8,1.0,5.0,6.0,0.0,C24H36O5,16.0,True,
CHEMBL11662,OZAGREL,4.0,1988.0,O=C(O)/C=C/c1ccc(Cn2ccnc2)cc1,SHZKQBHERIJWAO-AATRIKPKSA-N,,Launched,thromboxane synthase inhibitor,stroke,False,228.3,2.03,55.1,1.0,2.0,4.0,0.0,C13H12N2O2,10.0,True,
CHEMBL12610,BENZYDAMINE,4.0,,CN(C)CCCOc1nn(Cc2ccccc2)c2ccccc12,CNBGNNVCVSKAQZ-UHFFFAOYSA-N,G02CC03;M01AX07;M02AA05;A01AD02;R02AX03,Launched,prostanoid receptor antagonist,mouth inflammation|throat inflammation,False,309.4,3.42,30.3,0.0,3.0,7.0,0.0,C19H23N3O,14.0,True,
CHEMBL269644,ACETANILIDE,4.0,,CC(=O)Nc1ccccc1,FZERHIULMFGESH-UHFFFAOYSA-N,,Preclinical,hydrogen peroxide decomposition inhibitor,,False,135.2,1.64,29.1,1.0,1.0,1.0,0.0,C8H9NO,2.0,True,
CHEMBL504,DIMETHYL SULFOXIDE,4.0,1978.0,C[S+](C)[O-],IAZDPXIOMUYVGZ-UHFFFAOYSA-N,G04BX13;M02AX03,,,,False,,,,,,,,,,False,F2_mw_78
CHEMBL505,CHLORPHENIRAMINE,4.0,1950.0,CN(C)CCC(c1ccc(Cl)cc1)c1ccccn1,SOYKEARSMXGVTM-UHFFFAOYSA-N,R06AB54;R06AB04,,,,False,274.8,3.82,16.1,0.0,2.0,5.0,0.0,C16H19ClN2,10.0,True,
CHEMBL506,PRIMAQUINE,4.0,1952.0,COc1cc(NC(C)CCCN)c2ncccc2c1,INDBQLZJXZLFIT-UHFFFAOYSA-N,P01BA03,Launched,antimalarial agent|DNA inhibitor,malaria,False,259.4,2.78,60.2,2.0,4.0,6.0,0.0,C15H21N3O,14.0,True,
CHEMBL509,MECLOFENAMIC ACID,4.0,1980.0,Cc1ccc(Cl)c(Nc2ccccc2C(=O)O)c1Cl,SBDNJUWAMKYJOX-UHFFFAOYSA-N,M01AG04;M02AA18,,,,False,296.2,4.74,49.3,2.0,2.0,3.0,0.0,C14H11Cl2NO2,8.0,True,
CHEMBL511,PYRILAMINE,4.0,1973.0,COc1ccc(CN(CCN(C)C)c2ccccn2)cc1,YECBIJXISLIIDS-UHFFFAOYSA-N,R06AC01;D04AA02,,,,False,285.4,2.66,28.6,0.0,4.0,7.0,0.0,C17H23N3O,14.0,True,
CHEMBL12713,SERTINDOLE,4.0,1996.0,O=C1NCCN1CCN1CCC(c2cn(-c3ccc(F)cc3)c3ccc(Cl)cc23)CC1,GZKLJWGUPQBVJQ-UHFFFAOYSA-N,N05AE03,Withdrawn,dopamine receptor antagonist|serotonin receptor antagonist,,False,441.0,4.63,40.5,1.0,2.0,5.0,0.0,C24H26ClFN4O,10.0,True,
CHEMBL513,CARMUSTINE,4.0,1977.0,O=NN(CCCl)C(=O)NCCCl,DLGOEMSEDOSKAD-UHFFFAOYSA-N,L01AD01,Launched,DNA alkylating agent|DNA inhibitor,non-Hodgkin lymphoma (NHL)|Hodgkin's lymphoma|multiple myeloma|glioblastoma|brainstem glioma|medulloblastoma|astrocytoma|ependymoma,False,214.1,1.16,61.8,1.0,3.0,5.0,0.0,C5H9Cl2N3O2,12.0,True,
CHEMBL514,LOMUSTINE,4.0,1976.0,O=NN(CCCl)C(=O)NC1CCCCC1,GQYIWUVLTXOXAJ-UHFFFAOYSA-N,L01AD02,Launched,DNA synthesis inhibitor,Hodgkin's lymphoma|brain tumors,False,233.7,2.25,61.8,1.0,3.0,4.0,0.0,C9H16ClN3O2,10.0,True,
CHEMBL515,CHLORAMBUCIL,4.0,1957.0,O=C(O)CCCc1ccc(N(CCCl)CCCl)cc1,JCKYGMPEJWAADB-UHFFFAOYSA-N,L01AA02,Launched,DNA inhibitor,chronic lymphocytic leukemia (CLL)|Hodgkin's lymphoma,False,304.2,3.38,40.5,1.0,2.0,9.0,0.0,C14H19Cl2NO2,20.0,True,
CHEMBL516,CYPROHEPTADINE,4.0,1961.0,CN1CCC(=C2c3ccccc3C=Cc3ccccc32)CC1,JJCFRYNCJDLXIK-UHFFFAOYSA-N,R06AX02,Launched,histamine receptor antagonist,allergic rhinitis|vasomotor rhinitis|conjunctivitis|urticaria|dermatographism,False,287.4,4.7,3.2,0.0,1.0,0.0,0.0,C21H21N,0.0,True,
CHEMBL12856,INAMRINONE,4.0,1984.0,Nc1cc(-c2ccncc2)c[nH]c1=O,RNLQIBCLLYYYFJ-UHFFFAOYSA-N,C01CE01,,,,False,187.2,1.02,71.8,2.0,3.0,1.0,0.0,C10H9N3O,4.0,True,
CHEMBL517,DISOPYRAMIDE,4.0,1977.0,CC(C)N(CCC(C(N)=O)(c1ccccc1)c1ccccn1)C(C)C,UVTNFZQICZKOEM-UHFFFAOYSA-N,C01BA03,Launched,sodium channel blocker,ventricular tachycardia (VT)|ventricular arrhythmias,False,339.5,3.36,59.2,1.0,3.0,8.0,0.0,C21H29N3O,16.0,True,
CHEMBL98,VORINOSTAT,4.0,2006.0,O=C(CCCCCCC(=O)Nc1ccccc1)NO,WAEXFXRVDQXREF-UHFFFAOYSA-N,L01XH01,Launched,HDAC inhibitor,cutaneous T-cell lymphoma (CTCL),False,264.3,2.47,78.4,3.0,3.0,8.0,0.0,C14H20N2O3,18.0,True,
CHEMBL521,IBUPROFEN,4.0,1974.0,CC(C)Cc1ccc(C(C)C(=O)O)cc1,HEFNNWSXXWATRW-UHFFFAOYSA-N,G02CC01;M01AE51;M02AA13;R02AX02;C01EB16;M01AE01,Launched,cyclooxygenase inhibitor,headache|muscle pain|rheumatoid arthritis|backache|common cold|menstrual pain|fever|toothache,True,206.3,3.07,37.3,1.0,1.0,4.0,0.0,C13H18O2,10.0,True,
CHEMBL13376,CLOMETACIN,4.0,,COc1ccc2c(C(=O)c3ccc(Cl)cc3)c(C)n(CC(=O)O)c2c1,DGMZLCLHHVYDIS-UHFFFAOYSA-N,,,,,False,357.8,3.93,68.5,1.0,3.0,5.0,0.0,C19H16ClNO4,12.0,True,
CHEMBL13280,FLUNITRAZEPAM,4.0,,CN1C(=O)CN=C(c2ccccc2F)c2cc([N+](=O)[O-])ccc21,PPTYJKAXVCCBDU-UHFFFAOYSA-N,N05CD03,,,,False,313.3,2.55,75.8,0.0,4.0,2.0,0.0,C16H12FN3O3,12.0,True,
CHEMBL13209,NITRAZEPAM,4.0,,O=C1CN=C(c2ccccc2)c2cc([N+](=O)[O-])ccc2N1,KJONHKAYOJNZEC-UHFFFAOYSA-N,N05CD02,,,,False,281.3,2.38,84.6,1.0,4.0,2.0,0.0,C15H11N3O3,10.0,True,
CHEMBL524,METHOXAMINE,4.0,1982.0,COc1ccc(OC)c(C(O)C(C)N)c1,WJAJPNHVVFWKKL-UHFFFAOYSA-N,C01CA10,Launched,adrenergic receptor agonist,hypotension,False,211.3,1.08,64.7,2.0,4.0,4.0,0.0,C11H17NO3,12.0,True,
CHEMBL526,PROPOFOL,4.0,1989.0,CC(C)c1cccc(C(C)C)c1O,OLBCVFGFOZPWHH-UHFFFAOYSA-N,N01AX10,Launched,benzodiazepine receptor agonist,anesthetic,True,178.3,3.64,20.2,1.0,1.0,2.0,0.0,C12H18O,6.0,True,
CHEMBL527,PIROXICAM,4.0,1982.0,CN1C(C(=O)Nc2ccccn2)=C(O)c2ccccc2S1(=O)=O,QYSPLQLAKJAUJT-UHFFFAOYSA-N,M01AC01;M02AA07;S01BC06,Launched,cyclooxygenase inhibitor,osteoarthritis|rheumatoid arthritis,False,331.4,1.58,99.6,2.0,5.0,2.0,0.0,C15H13N3O4S,6.0,True,
CHEMBL528,CEFTIZOXIME,4.0,1983.0,CO/N=C(\C(=O)N[C@@H]1C(=O)N2C(C(=O)O)=CCS[C@H]12)c1csc(N)n1,NNULBSISHYWZJU-LLKWHZGFSA-N,J01DD07,,,,False,383.4,-0.56,147.2,3.0,9.0,5.0,0.0,C13H13N5O5S2,14.0,True,
CHEMBL101,PHENYLBUTAZONE,4.0,1980.0,CCCCC1C(=O)N(c2ccccc2)N(c2ccccc2)C1=O,VYMDGNCVAMGZFE-UHFFFAOYSA-N,M01AA01;M02AA01,Withdrawn,cyclooxygenase inhibitor|prostanoid receptor antagonist,,False,308.4,3.79,40.6,0.0,2.0,5.0,0.0,C19H20N2O2,10.0,True,
CHEMBL529,AZITHROMYCIN,4.0,1991.0,CC[C@H]1OC(=O)[C@H](C)[C@@H](O[C@H]2C[C@@](C)(OC)[C@@H](O)[C@H](C)O2)[C@H](C)[C@@H](O[C@@H]2O[C@H](C)C[C@H](N(C)C)[C@H]2O)[C@](C)(O)C[C@@H](C)CN(C)[C@H](C)[C@@H](O)[C@]1(C)O,MQTOSJVFKKJCRP-BICOPXKESA-N,J01FA10;S01AA26,Launched,bacterial 50S ribosomal subunit inhibitor,pelvic inflammatory disease|pneumonia,False,749.0,1.9,180.1,5.0,14.0,7.0,0.0,C38H72N2O12,52.0,True,
CHEMBL530,AMDINOCILLIN,4.0,1984.0,CC1(C)S[C@@H]2[C@H](/N=C/N3CCCCCC3)C(=O)N2[C@H]1C(=O)O,BWWVAEOLVKTZFQ-ISVUSNJMSA-N,J01CA11,Launched,bacterial cell wall synthesis inhibitor,urinary tract infections|gram-negative bacterial infections,False,325.4,1.41,73.2,1.0,4.0,3.0,0.0,C15H23N3O3S,18.0,True,
CHEMBL531,PERGOLIDE,4.0,1988.0,CCCN1C[C@H](CSC)C[C@@H]2c3cccc4[nH]cc(c34)C[C@H]21,YEHCICAEULNIGD-MZMPZRCHSA-N,N04BC02,Withdrawn,dopamine receptor agonist,,False,314.5,4.27,19.0,1.0,2.0,4.0,0.0,C19H26N2S,8.0,True,
CHEMBL532,ERYTHROMYCIN,4.0,1964.0,CC[C@H]1OC(=O)[C@H](C)[C@@H](O[C@H]2C[C@@](C)(OC)[C@@H](O)[C@H](C)O2)[C@H](C)[C@@H](O[C@@H]2O[C@H](C)C[C@H](N(C)C)[C@H]2O)[C@](C)(O)C[C@@H](C)C(=O)[C@H](C)[C@@H](O)[C@]1(C)O,ULGZDMOVFRHVEP-RWJQBGPGSA-N,S01AA17;J01FA01;D10AF02;D10AF52,Launched,NFkB pathway inhibitor,listeria|respiratory tract infections|skin infections|syphilis|amebiasis|pelvic inflammatory disease|chlamydia|diphtheria|erythrasma,False,733.9,1.79,193.9,5.0,14.0,7.0,0.0,C37H67NO13,50.0,True,
CHEMBL533,IBUTILIDE,4.0,1995.0,CCCCCCCN(CC)CCCC(O)c1ccc(NS(C)(=O)=O)cc1,ALOBUEHUHMBRLE-UHFFFAOYSA-N,C01BD05,Launched,potassium channel blocker,atrial fibrillation (AF),False,384.6,4.16,69.6,2.0,4.0,14.0,0.0,C20H36N2O3S,30.0,True,
CHEMBL103,PROGESTERONE,4.0,1976.0,CC(=O)[C@H]1CC[C@H]2[C@@H]3CCC4=CC(=O)CC[C@]4(C)[C@H]3CC[C@]12C,RJKFOVLPORLFTN-LEKSSAKUSA-N,G03DA04,Launched,progesterone receptor agonist,infertility|amenorrhea,False,314.5,4.72,34.1,0.0,2.0,1.0,0.0,C21H30O2,2.0,True,
CHEMBL534,KETOTIFEN,4.0,1999.0,CN1CCC(=C2c3ccccc3CC(=O)c3sccc32)CC1,ZCVMWBYGMWKGHF-UHFFFAOYSA-N,R06AX17;S01GX08,Launched,histamine receptor agonist|leukotriene receptor antagonist|phosphodiesterase inhibitor,itching,False,309.4,4.01,20.3,0.0,3.0,0.0,0.0,C19H19NOS,8.0,True,
CHEMBL535,SUNITINIB,4.0,2006.0,CCN(CC)CCNC(=O)c1c(C)[nH]c(/C=C2\C(=O)Nc3ccc(F)cc32)c1C,WINHZLLDWRZWRT-ATVHPVEESA-N,L01EX01,Launched,FLT3 inhibitor|KIT inhibitor|PDGFR tyrosine kinase receptor inhibitor|RET tyrosine kinase inhibitor|VEGFR inhibitor,gastrointestinal stromal tumors (GIST)|renal cell carcinoma (RCC)|neuroendocrine tumors of pancreatic origin (PNET),False,398.5,3.33,77.2,3.0,3.0,7.0,0.0,C22H27FN4O2,14.0,True,
CHEMBL537,HYDROQUINONE,4.0,2002.0,Oc1ccc(O)cc1,QIGBRXMKCJKVMJ-UHFFFAOYSA-N,D11AX11,Launched,melanin inhibitor,dyschromia,False,110.1,1.1,40.5,2.0,2.0,0.0,0.0,C6H6O2,4.0,True,
CHEMBL539,ACETIC ACID,4.0,1982.0,CC(=O)O,QTBSBXVTEAMEQO-UHFFFAOYSA-N,S02AA10;G01AD02,,,,False,,,,,,,,,,False,F2_mw_60
CHEMBL14060,PHENOL,4.0,,Oc1ccccc1,ISWSIDIOOBJBQZ-UHFFFAOYSA-N,R02AA19;C05BB05;N01BX03;D08AE03,Preclinical,,pharyngitis,False,,,,,,,,,,False,F2_mw_94
CHEMBL544,MEQUINOL,4.0,1999.0,COc1ccc(O)cc1,NWVVVBRKAWDGAB-UHFFFAOYSA-N,D11AX06,Launched,,skin depigmentation,False,124.1,1.4,29.5,1.0,2.0,1.0,0.0,C7H8O2,4.0,True,
CHEMBL104,CLOTRIMAZOLE,4.0,1975.0,Clc1ccccc1C(c1ccccc1)(c1ccccc1)n1ccnc1,VNFPBHJOKIVQEB-UHFFFAOYSA-N,A01AB18;G01AF02;D01AC01,Launched,cytochrome P450 inhibitor|imidazoline receptor ligand,vulvovaginal candidiasis|oropharyngeal candidiasis,False,344.8,5.38,17.8,0.0,1.0,4.0,0.0,C22H17ClN2,8.0,True,
CHEMBL105,MITOMYCIN,4.0,1981.0,CO[C@@]12[C@H](COC(N)=O)C3=C(C(=O)C(C)=C(N)C3=O)N1C[C@@H]1N[C@@H]12,NWIBSHFKIJFRCO-WUDYKRTCSA-N,L01DC03,,,,False,334.3,-1.65,146.9,3.0,8.0,3.0,0.0,C15H18N4O5,10.0,True,
CHEMBL545,ALCOHOL,4.0,1982.0,CCO,LFQSCWFLJHTTHZ-UHFFFAOYSA-N,D08AX08;V03AB16;V03AZ01,,,,False,,,,,,,,,,False,F2_mw_46
CHEMBL546,OXPRENOLOL,4.0,1983.0,C=CCOc1ccccc1OCC(O)CNC(C)C,CEMAWMOMDPGJMB-UHFFFAOYSA-N,C07AA02,Launched,adrenergic receptor antagonist,angina pectoris|hypertension|cardiac arrythmia,False,265.4,1.99,50.7,2.0,4.0,9.0,0.0,C15H23NO3,20.0,True,
CHEMBL106,FLUCONAZOLE,4.0,1990.0,OC(Cn1cncn1)(Cn1cncn1)c1ccc(F)cc1F,RFHAOTPXVQNOHP-UHFFFAOYSA-N,J02AC01;D01AC15,Launched,sterol demethylase inhibitor,esophageal candidiasis|meningitis,False,306.3,0.74,81.6,1.0,5.0,5.0,0.0,C13H12F2N6O,12.0,True,
CHEMBL547,ISOTRETINOIN,4.0,1982.0,CC1=C(/C=C/C(C)=C/C=C/C(C)=C\C(=O)O)C(C)(C)CCC1,SHGAZHPCJJPHSC-XFYACQKRSA-N,D10BA01;D10AD54;D10AD04,Launched,retinoid receptor agonist,acne vulgaris (AV),False,300.4,5.6,37.3,1.0,1.0,5.0,0.0,C20H28O2,12.0,True,
CHEMBL14376,ILOPERIDONE,4.0,2009.0,COc1cc(C(C)=O)ccc1OCCCN1CCC(c2noc3cc(F)ccc23)CC1,XMXHEBAFVSFQEX-UHFFFAOYSA-N,N05AX14,Launched,dopamine receptor antagonist|serotonin receptor antagonist,schizophrenia,False,426.5,4.83,64.8,0.0,6.0,8.0,0.0,C24H27FN2O4,16.0,True,
CHEMBL548,DINOPROSTONE,4.0,1977.0,CCCCC[C@H](O)/C=C/[C@H]1[C@H](O)CC(=O)[C@@H]1C/C=C\CCCC(=O)O,XEYBRNLFEZDVAW-ARSRFYASSA-N,G02AD02,Withdrawn,prostanoid receptor agonist,,False,352.5,3.25,94.8,3.0,4.0,12.0,0.0,C20H32O5,30.0,True,
CHEMBL278020,NEOSTIGMINE,4.0,2013.0,CN(C)C(=O)Oc1cccc([N+](C)(C)C)c1,ALWKGYPQUAPLQC-UHFFFAOYSA-N,S01EB06;N07AA01;N07AA51,Launched,acetylcholinesterase inhibitor,myasthenia gravis,False,223.3,1.94,29.5,0.0,2.0,2.0,1.0,C12H19N2O2+,6.0,True,
CHEMBL14370,REBOXETINE,4.0,1997.0,CCOc1ccccc1OC(c1ccccc1)C1CNCCO1,CBQGYUDMJHNJBX-UHFFFAOYSA-N,N06AX18,Launched,adrenergic receptor antagonist,depression,False,313.4,3.19,39.7,1.0,4.0,6.0,0.0,C19H23NO3,12.0,True,
CHEMBL549,CITALOPRAM,4.0,1998.0,CN(C)CCCC1(c2ccc(F)cc2)OCc2cc(C#N)ccc21,WSEQXVZVJXJVFP-UHFFFAOYSA-N,N06AB04,Launched,selective serotonin reuptake inhibitor (SSRI),depression,False,324.4,3.81,36.3,0.0,3.0,5.0,0.0,C20H21FN2O,10.0,True,
CHEMBL550,PILOCARPINE,4.0,1974.0,CC[C@@H]1C(=O)OC[C@@H]1Cc1cncn1C,QCHFTSOMWOSFHM-WPRPVWTQSA-N,N07AX01;S01EB01;S01EB51,Launched,acetylcholine receptor agonist,glaucoma|hypertension,False,208.3,1.16,44.1,0.0,3.0,3.0,0.0,C11H16N2O2,6.0,True,
CHEMBL107,COLCHICINE,4.0,1961.0,COc1cc2c(c(OC)c1OC)-c1ccc(OC)c(=O)cc1[C@@H](NC(C)=O)CC2,IAKHMKGGTNLKSZ-INIZCTEOSA-N,M04AC01,Launched,microtubule inhibitor,gout|fever,False,399.4,2.87,83.1,1.0,6.0,5.0,0.0,C22H25NO6,18.0,True,
CHEMBL553,ERLOTINIB,4.0,2004.0,C#Cc1cccc(Nc2ncnc3cc(OCCOC)c(OCCOC)cc23)c1,AAKJLRGGTJKAMG-UHFFFAOYSA-N,L01EB02,Launched,EGFR inhibitor,non-small cell lung cancer (NSCLC)|pancreatic cancer,False,393.4,3.41,74.7,1.0,7.0,10.0,0.0,C22H23N3O4,20.0,True,
CHEMBL554,LAPATINIB,4.0,2007.0,CS(=O)(=O)CCNCc1ccc(-c2ccc3ncnc(Nc4ccc(OCc5cccc(F)c5)c(Cl)c4)c3c2)o1,BCFGMOOMADDAQU-UHFFFAOYSA-N,L01EH01,Launched,EGFR inhibitor,breast cancer,False,581.1,6.14,106.4,2.0,8.0,11.0,0.0,C29H26ClFN4O4S,22.0,True,
CHEMBL15023,TRIFLUPERIDOL,4.0,,O=C(CCCN1CCC(O)(c2cccc(C(F)(F)F)c2)CC1)c1ccc(F)cc1,GPMXUUPHFNMNDH-UHFFFAOYSA-N,N05AD02,,,,False,409.4,4.79,40.5,1.0,3.0,6.0,0.0,C22H23F4NO2,16.0,True,
CHEMBL108,CARBAMAZEPINE,4.0,1968.0,NC(=O)N1c2ccccc2C=Cc2ccccc21,FFGPTBGBLSHEPO-UHFFFAOYSA-N,N03AF01,Launched,carboxamide antiepileptic,seizures,True,236.3,3.39,46.3,1.0,1.0,0.0,0.0,C15H12N2O,0.0,True,
CHEMBL109,VALPROIC ACID,4.0,1978.0,CCCC(CCC)C(=O)O,NIJJYAXOARWZEE-UHFFFAOYSA-N,N03AG01,,,,True,144.2,2.29,37.3,1.0,1.0,5.0,0.0,C8H16O2,12.0,True,
CHEMBL277100,TEMAFLOXACIN,4.0,1992.0,CC1CN(c2cc3c(cc2F)c(=O)c(C(=O)O)cn3-c2ccc(F)cc2F)CCN1,QKDHBVNJCZBTMR-UHFFFAOYSA-N,J01MA05,,,,False,417.4,2.9,74.6,2.0,4.0,3.0,0.0,C21H18F3N3O3,8.0,True,
CHEMBL110,BENZNIDAZOLE,4.0,2017.0,O=C(Cn1ccnc1[N+](=O)[O-])NCc1ccccc1,CULUWZNBISUWAS-UHFFFAOYSA-N,P01CA02,Launched,DNA synthesis inhibitor,Chagas disease,False,260.3,1.11,90.1,1.0,4.0,5.0,0.0,C12H12N4O3,10.0,True,
CHEMBL556,DEFEROXAMINE,4.0,1968.0,CC(=O)N(O)CCCCCNC(=O)CCC(=O)N(O)CCCCCNC(=O)CCC(=O)N(O)CCCCCN,UBQYURCVBFRUQT-UHFFFAOYSA-N,V03AC01,,,,False,560.7,0.92,205.8,6.0,9.0,23.0,0.0,C25H48N6O8,,False,F3_druglikeness
CHEMBL558,MEXILETINE,4.0,1985.0,Cc1cccc(C)c1OCC(C)N,VLPIATFUUWWMKC-UHFFFAOYSA-N,C01BB02,Launched,sodium channel blocker,ventricular arrhythmias|ventricular tachycardia (VT),True,179.3,2.03,35.2,1.0,2.0,3.0,0.0,C11H17NO,8.0,True,
CHEMBL559,DEXTROTHYROXINE,4.0,1967.0,N[C@H](Cc1cc(I)c(Oc2cc(I)c(O)c(I)c2)c(I)c1)C(=O)O,XUIIKFGFIJCVMT-GFCCVEGCSA-N,C10AX01,,,,False,776.9,4.56,92.8,3.0,4.0,5.0,0.0,C15H11I4NO4,16.0,True,
CHEMBL111,RIMONABANT,4.0,2006.0,Cc1c(C(=O)NN2CCCCC2)nn(-c2ccc(Cl)cc2Cl)c1-c1ccc(Cl)cc1,JZCPYUJPEARBJL-UHFFFAOYSA-N,A08AX01,Withdrawn,cannabinoid receptor antagonist,,False,463.8,5.94,50.2,1.0,3.0,4.0,0.0,C22H21Cl3N4O,8.0,True,
CHEMBL273575,NOMIFENSINE,4.0,1984.0,CN1Cc2c(N)cccc2C(c2ccccc2)C1,XXPANQJNYNUNES-UHFFFAOYSA-N,N06AX04,Withdrawn,dopamine reuptake inhibitor|noradrenaline uptake inhibitor,,False,238.3,2.85,29.3,1.0,2.0,1.0,0.0,C16H18N2,4.0,True,
CHEMBL561,LOMEFLOXACIN,4.0,1992.0,CCn1cc(C(=O)O)c(=O)c2cc(F)c(N3CCNC(C)C3)c(F)c21,ZEKZLJVOYLTDKK-UHFFFAOYSA-N,J01MA07;S01AE04,Launched,bacterial DNA gyrase inhibitor,respiratory tract infections|urinary tract infections,False,351.4,1.8,74.6,2.0,4.0,3.0,0.0,C17H19F2N3O3,8.0,True,
CHEMBL562,GRISEOFULVIN,4.0,1962.0,COC1=CC(=O)C[C@@H](C)[C@]12Oc1c(Cl)c(OC)cc(OC)c1C2=O,DDUHZTYCFQRHIY-RBHXEPJQSA-N,D01AA08;D01BA01,Launched,tubulin polymerization inhibitor,ringworm|tinea pedis,False,352.8,2.81,71.1,0.0,6.0,3.0,0.0,C17H17ClO6,6.0,True,
CHEMBL563,FLURBIPROFEN,4.0,1986.0,CC(C(=O)O)c1ccc(-c2ccccc2)c(F)c1,SYTBZMRGLBWNTM-UHFFFAOYSA-N,M02AA19;S01BC04;M01AE09;R02AX01,,,,False,244.3,3.68,37.3,1.0,1.0,3.0,0.0,C15H13FO2,8.0,True,
CHEMBL564,PROMAZINE,4.0,1956.0,CN(C)CCCN1c2ccccc2Sc2ccccc21,ZGUGWUXLJSTTMA-UHFFFAOYSA-N,N05AA03,Launched,dopamine receptor antagonist,schizophrenia,False,284.4,4.24,6.5,0.0,3.0,4.0,0.0,C17H20N2S,8.0,True,
CHEMBL565,CLOFIBRATE,4.0,1967.0,CCOC(=O)C(C)(C)Oc1ccc(Cl)cc1,KNHUKKLJHYUCFP-UHFFFAOYSA-N,C10AB01,Launched,PPAR receptor agonist,hyperlipidemia|cholesterol,False,242.7,3.06,35.5,0.0,3.0,4.0,0.0,C12H15ClO3,10.0,True,
CHEMBL112,ACETAMINOPHEN,4.0,1968.0,CC(=O)Nc1ccc(O)cc1,RZVAJINKPMORJF-UHFFFAOYSA-N,N02BE51;N02BE01;N02BE71,,,,False,151.2,1.35,49.3,2.0,2.0,1.0,0.0,C8H9NO2,4.0,True,
CHEMBL113,CAFFEINE,4.0,1948.0,Cn1c(=O)c2c(ncn2C)n(C)c1=O,RYYVLZVUVIJVGH-UHFFFAOYSA-N,N06BC01;D11AX26,Launched,adenosine receptor antagonist|phosphodiesterase inhibitor,fatigue|drowsiness,False,194.2,-1.03,61.8,0.0,3.0,0.0,0.0,C8H10N4O2,0.0,True,
CHEMBL16073,PHENACETIN,4.0,,CCOc1ccc(NC(C)=O)cc1,CPJSUEIXXCENMM-UHFFFAOYSA-N,N02BE53;N02BE03;N02BE73,Withdrawn,cyclooxygenase inhibitor,,False,179.2,2.04,38.3,1.0,2.0,3.0,0.0,C10H13NO2,6.0,True,
CHEMBL567,PERPHENAZINE,4.0,1957.0,OCCN1CCN(CCCN2c3ccccc3Sc3ccc(Cl)cc32)CC1,RGCVKNLCSQQDEP-UHFFFAOYSA-N,N05AB03,Launched,dopamine receptor antagonist,schizophrenia|nausea|vomiting,False,404.0,3.94,30.0,1.0,5.0,6.0,0.0,C21H26ClN3OS,14.0,True,
CHEMBL568,OXAZEPAM,4.0,1965.0,O=C1Nc2ccc(Cl)cc2C(c2ccccc2)=NC1O,ADIMAYPTOBDMTL-UHFFFAOYSA-N,N05BA04,,,,False,286.7,2.45,61.7,2.0,3.0,1.0,0.0,C15H11ClN2O2,10.0,True,
CHEMBL15770,SULINDAC,4.0,1978.0,CC1=C(CC(=O)O)c2cc(F)ccc2/C1=C\c1ccc([S+](C)[O-])cc1,MLKXDPUZXIRXEP-MFOYZWKCSA-N,M01AB02,Launched,cyclooxygenase inhibitor,osteoarthritis|rheumatoid arthritis|ankylosing spondylitis,False,356.4,4.37,60.4,1.0,2.0,4.0,0.0,C20H17FO3S,10.0,True,
CHEMBL15677,FENCLOFENAC,4.0,1978.0,O=C(O)Cc1ccccc1Oc1ccc(Cl)cc1Cl,IDKAXRLETRCXKS-UHFFFAOYSA-N,,,,,False,297.1,4.41,46.5,1.0,2.0,4.0,0.0,C14H10Cl2O3,10.0,True,
CHEMBL276520,INDALPINE,4.0,,c1ccc2c(CCC3CCNCC3)c[nH]c2c1,SADQVAVFGNTEOD-UHFFFAOYSA-N,,Withdrawn,selective serotonin reuptake inhibitor (SSRI),,False,228.3,3.1,27.8,2.0,1.0,3.0,0.0,C15H20N2,6.0,True,
CHEMBL569,PROCAINE,4.0,1954.0,CCN(CC)CCOC(=O)c1ccc(N)cc1,MFDFERRIHVXMIY-UHFFFAOYSA-N,N01BA52;N01BA02;S01HA05;C05AD05,Launched,HMGCR inhibitor,anesthetic,False,236.3,1.77,55.6,1.0,4.0,6.0,0.0,C13H20N2O2,16.0,True,
CHEMBL570,TRIFLUPROMAZINE,4.0,1957.0,CN(C)CCCN1c2ccccc2Sc2ccc(C(F)(F)F)cc21,XSCGXQMFQXDFCW-UHFFFAOYSA-N,N05AA05,Launched,dopamine receptor antagonist,psychosis|nausea|vomiting,False,352.4,5.26,6.5,0.0,3.0,4.0,0.0,C18H19F3N2S,10.0,True,
CHEMBL571,KETOPROFEN,4.0,1986.0,CC(C(=O)O)c1cccc(C(=O)c2ccccc2)c1,DKYWVDODHFEZIM-UHFFFAOYSA-N,M01AE53;M01AE03;M02AA10,Launched,cyclooxygenase inhibitor,rheumatoid arthritis|osteoarthritis,False,254.3,3.11,54.4,1.0,2.0,4.0,0.0,C16H14O3,10.0,True,
CHEMBL572,NITROFURANTOIN,4.0,1953.0,O=C1CN(/N=C/c2ccc([N+](=O)[O-])o2)C(=O)N1,NXFQHRVNIOXGAQ-YCRREMRBSA-N,J01XE01;J01XE51,Launched,DNA inhibitor,urinary tract infections|pyelonephritis,False,238.2,0.07,118.1,1.0,6.0,3.0,0.0,C8H6N4O5,6.0,True,
CHEMBL15870,INDOPROFEN,4.0,1979.0,CC(C(=O)O)c1ccc(N2Cc3ccccc3C2=O)cc1,RJMIEHBSYVWVIN-UHFFFAOYSA-N,M01AE10,Withdrawn,cyclooxygenase inhibitor|prostanoid receptor antagonist,,False,281.3,3.04,57.6,1.0,2.0,3.0,0.0,C17H15NO3,8.0,True,
CHEMBL15891,LINDANE,4.0,1974.0,Cl[C@H]1[C@H](Cl)[C@@H](Cl)[C@@H](Cl)[C@H](Cl)[C@H]1Cl,JLYXXMFPNIAWKQ-GNIYUCBRSA-N,P03AB02,Launched,,scabies,False,290.8,3.64,0.0,0.0,0.0,0.0,0.0,C6H6Cl6,0.0,True,
CHEMBL573,NIACIN,4.0,1982.0,O=C(O)c1cccnc1,PVNIIMVLHYAWGP-UHFFFAOYSA-N,C10AD02;C04AC01;C10AD52,Launched,NAD precursor|vitamin B,hypertriglyceridemia,False,123.1,0.78,50.2,1.0,2.0,1.0,0.0,C6H5NO2,4.0,True,
CHEMBL575,METHICILLIN,4.0,1982.0,COc1cccc(OC)c1C(=O)N[C@@H]1C(=O)N2[C@@H]1SC(C)(C)[C@@H]2C(=O)O,RJQXTJLFIWVMTO-TYNCELHUSA-N,J01CF03,Launched,bacterial cell wall synthesis inhibitor,gram-negative bacterial infections|gram-positive bacterial infections,False,380.4,0.95,105.2,2.0,6.0,5.0,0.0,C17H20N2O6S,12.0,True,
CHEMBL16080,TRICHLOROETHANE,4.0,,CC(Cl)(Cl)Cl,UOCLXMDMGBRAIB-UHFFFAOYSA-N,,,,,False,133.4,2.38,0.0,0.0,0.0,0.0,0.0,C2H3Cl3,0.0,True,
CHEMBL577,ENALAPRILAT ANHYDROUS,4.0,1988.0,C[C@H](N[C@@H](CCc1ccccc1)C(=O)O)C(=O)N1CCC[C@H]1C(=O)O,LZFZMUMEGBBDTC-QEJZJMRPSA-N,,,,,False,348.4,1.13,106.9,3.0,4.0,8.0,0.0,C18H24N2O5,22.0,True,
CHEMBL578,ENALAPRIL,4.0,1985.0,CCOC(=O)[C@H](CCc1ccccc1)N[C@@H](C)C(=O)N1CCC[C@H]1C(=O)O,GBXSMTUPTTWBMN-XIRDDKMYSA-N,C09AA02,Launched,angiotensin converting enzyme inhibitor,hypertension|congestive heart failure|left ventricular systolic dysfunction (LVSD),False,376.5,1.6,95.9,2.0,5.0,9.0,0.0,C20H28N2O5,24.0,True,
CHEMBL580,LORAZEPAM,4.0,1977.0,O=C1Nc2ccc(Cl)cc2C(c2ccccc2Cl)=NC1O,DIWRORZWFLOCLC-UHFFFAOYSA-N,N05BA56;N05BA06,,,,False,321.2,3.1,61.7,2.0,3.0,1.0,0.0,C15H10Cl2N2O2,10.0,True,
CHEMBL277062,BROMAZEPAM,4.0,,O=C1CN=C(c2ccccn2)c2cc(Br)ccc2N1,VMIYHDSEFNYJSL-UHFFFAOYSA-N,N05BA08,,,,False,316.2,2.63,54.4,1.0,3.0,1.0,0.0,C14H10BrN3O,8.0,True,
CHEMBL277535,BIFONAZOLE,4.0,,c1ccc(-c2ccc(C(c3ccccc3)n3ccnc3)cc2)cc1,OCAPBUJLXMYKEJ-UHFFFAOYSA-N,D01AC10;D01AC60,Launched,sterol demethylase inhibitor,tinea pedis|tinea cruris,False,310.4,5.19,17.8,0.0,1.0,4.0,0.0,C22H18N2,8.0,True,
CHEMBL582,ISOPROPYL ALCOHOL,4.0,2000.0,CC(C)O,KFZMGEQAYNKOFK-UHFFFAOYSA-N,D08AX05,,,,False,,,,,,,,,,False,F2_mw_60
CHEMBL583,GREPAFLOXACIN,4.0,1997.0,Cc1c(F)c(N2CCNC(C)C2)cc2c1c(=O)c(C(=O)O)cn2C1CC1,AIJTTZAVMXIJGM-UHFFFAOYSA-N,J01MA11,,,,False,359.4,2.28,74.6,2.0,4.0,3.0,0.0,C19H22FN3O3,8.0,True,
CHEMBL114,SAQUINAVIR,4.0,1995.0,CC(C)(C)NC(=O)[C@@H]1C[C@@H]2CCCC[C@@H]2CN1C[C@@H](O)[C@H](Cc1ccccc1)NC(=O)[C@H](CC(N)=O)NC(=O)c1ccc2ccccc2n1,QWAXKHKRTORLEM-UGJKXSETSA-N,J05AE01,Launched,HIV protease inhibitor,human immunodeficiency virus (HIV-1),False,670.9,3.09,166.8,5.0,7.0,12.0,0.0,C38H50N6O5,28.0,True,
CHEMBL115,INDINAVIR ANHYDROUS,4.0,1996.0,CC(C)(C)NC(=O)[C@@H]1CN(Cc2cccnc2)CCN1C[C@@H](O)C[C@@H](Cc1ccccc1)C(=O)N[C@H]1c2ccccc2C[C@H]1O,CBVCZFGXHXORBI-PXQQMZJSSA-N,,,,,False,613.8,2.87,118.0,4.0,7.0,11.0,0.0,C36H47N5O4,28.0,True,
CHEMBL584,NELFINAVIR,4.0,1997.0,Cc1c(O)cccc1C(=O)N[C@@H](CSc1ccccc1)[C@H](O)CN1C[C@H]2CCCC[C@H]2C[C@H]1C(=O)NC(C)(C)C,QAGYKUNXZHXKMR-HKWSIXNMSA-N,J05AE04,Launched,HIV protease inhibitor,human immunodeficiency virus (HIV-1),False,567.8,4.75,101.9,4.0,6.0,9.0,0.0,C32H45N3O4S,24.0,True,
CHEMBL116,AMPRENAVIR,4.0,1999.0,CC(C)CN(C[C@@H](O)[C@H](Cc1ccccc1)NC(=O)O[C@H]1CCOC1)S(=O)(=O)c1ccc(N)cc1,YMARZQAQMVYCKC-OEMFJLHTSA-N,J05AE05,Launched,HIV protease inhibitor,human immunodeficiency virus (HIV-1),False,505.6,2.4,131.2,3.0,7.0,11.0,0.0,C25H35N3O6S,28.0,True,
CHEMBL585,TRIAMTERENE,4.0,1964.0,Nc1nc(N)c2nc(-c3ccccc3)c(N)nc2n1,FNYLWPVRPXGIIP-UHFFFAOYSA-N,C03DB02,Launched,sodium channel blocker,hypokalemia|hypertension|edema,False,253.3,0.83,129.6,3.0,7.0,1.0,0.0,C12H11N7,8.0,True,
CHEMBL16476,PRONETALOL,4.0,,CC(C)NCC(O)c1ccc2ccccc2c1,HRSANNODOVBCST-UHFFFAOYSA-N,,,,,False,229.3,2.87,32.3,2.0,2.0,4.0,0.0,C15H19NO,10.0,True,
CHEMBL118,CELECOXIB,4.0,1998.0,Cc1ccc(-c2cc(C(F)(F)F)nn2-c2ccc(S(N)(=O)=O)cc2)cc1,RZEKVGVHFLEQIL-UHFFFAOYSA-N,M01AH01;L01XX33,Launched,cyclooxygenase inhibitor,osteoarthritis|rheumatoid arthritis|ankylosing spondylitis|primary dysmenorrhea (PD),True,381.4,3.51,78.0,1.0,3.0,3.0,0.0,C17H14F3N3O2S,10.0,True,
CHEMBL119,TRIMETREXATE,4.0,1993.0,COc1cc(NCc2ccc3nc(N)nc(N)c3c2C)cc(OC)c1OC,NOYPYLRCIDNJJB-UHFFFAOYSA-N,P01AX07,Phase 3,dihydrofolate reductase inhibitor,,False,369.4,2.74,117.5,3.0,8.0,6.0,0.0,C19H23N5O3,16.0,True,
CHEMBL588,FENOLDOPAM,4.0,1997.0,Oc1ccc(C2CNCCc3c2cc(O)c(O)c3Cl)cc1,TVURRHSHRRELCG-UHFFFAOYSA-N,C01CA19,Launched,dopamine receptor agonist,hypertension,False,305.8,2.73,72.7,4.0,4.0,1.0,0.0,C16H16ClNO3,18.0,True,
CHEMBL589,ROPINIROLE,4.0,1997.0,CCCN(CCC)CCc1cccc2c1CC(=O)N2,UHSKFQJFRQCDBE-UHFFFAOYSA-N,N04BC04,Launched,dopamine receptor agonist,Parkinson's Disease|restless leg syndrome,False,260.4,2.85,32.3,1.0,2.0,7.0,0.0,C16H24N2O,14.0,True,
CHEMBL590,MENADIONE,4.0,1982.0,CC1=CC(=O)c2ccccc2C1=O,MJVAVZPDRWSRRC-UHFFFAOYSA-N,B02BA02,Launched,mitochondrial DNA polymerase inhibitor|phosphatase inhibitor,ulcerative colitis|diarrhea|headache|varicose veins|rheumatoid arthritis,False,172.2,2.01,34.1,0.0,2.0,0.0,0.0,C11H8O2,0.0,True,
CHEMBL591,ETHCHLORVYNOL,4.0,1961.0,C#CC(O)(/C=C/Cl)CC,ZEHYJZXQEQOSON-AATRIKPKSA-N,N05CM08,,,,False,144.6,1.51,20.2,1.0,1.0,2.0,0.0,C7H9ClO,6.0,True,
CHEMBL17157,TERFENADINE,4.0,1985.0,CC(C)(C)c1ccc(C(O)CCCN2CCC(C(O)(c3ccccc3)c3ccccc3)CC2)cc1,GUGOEEXESWIERI-UHFFFAOYSA-N,R06AX12,Withdrawn,histamine receptor antagonist,,False,471.7,6.45,43.7,2.0,3.0,8.0,0.0,C32H41NO2,22.0,True,
CHEMBL592,LEVORPHANOL,4.0,1991.0,CN1CC[C@]23CCCC[C@H]2[C@H]1Cc1ccc(O)cc13,JAQUASYNZVUNQP-USXIJHARSA-N,,,,,False,257.4,3.08,23.5,1.0,2.0,0.0,0.0,C17H23NO,2.0,True,
CHEMBL593,DELAVIRDINE,4.0,1997.0,CC(C)Nc1cccnc1N1CCN(C(=O)c2cc3cc(NS(C)(=O)=O)ccc3[nH]2)CC1,WHBIGIKBNXZKFE-UHFFFAOYSA-N,J05AG02,Launched,non-nucleoside reverse transcriptase inhibitor,human immunodeficiency virus (HIV-1),False,456.6,2.72,110.4,3.0,6.0,6.0,0.0,C22H28N6O3S,12.0,True,
CHEMBL594,EMEDASTINE,4.0,1997.0,CCOCCn1c(N2CCCN(C)CC2)nc2ccccc21,KBUZBQVCBVDWKX-UHFFFAOYSA-N,S01GX06,Launched,histamine receptor antagonist,conjunctivitis,False,302.4,2.21,33.5,0.0,4.0,5.0,0.0,C17H26N4O,22.0,True,
CHEMBL595,PIOGLITAZONE,4.0,1999.0,CCc1ccc(CCOc2ccc(CC3SC(=O)NC3=O)cc2)nc1,HYAFETHFCAUJAY-UHFFFAOYSA-N,A10BG03,Launched,insulin sensitizer|PPAR receptor agonist,diabetes mellitus,False,356.4,3.16,68.3,1.0,5.0,7.0,0.0,C19H20N2O3S,14.0,True,
CHEMBL596,FENTANYL,4.0,1968.0,CCC(=O)N(c1ccccc1)C1CCN(CCc2ccccc2)CC1,PJMPHNIQZUBGLI-UHFFFAOYSA-N,N02AB03;N01AH01;N01AH51,,,,True,336.5,4.14,23.6,0.0,2.0,6.0,0.0,C22H28N2O,14.0,True,
CHEMBL121,ROSIGLITAZONE,4.0,1999.0,CN(CCOc1ccc(CC2SC(=O)NC2=O)cc1)c1ccccn1,YASAKCUCGLMORW-UHFFFAOYSA-N,A10BG02,Withdrawn,insulin sensitizer|PPAR receptor agonist,,False,357.4,2.49,71.5,1.0,6.0,7.0,0.0,C18H19N3O3S,14.0,True,
CHEMBL17879,MARALIXIBAT CHLORIDE,4.0,2021.0,CCCCC1(CCCC)CS(=O)(=O)c2ccc(N(C)C)cc2[C@@H](c2ccc(OCc3ccc(C[N+]45CCN(CC4)CC5)cc3)cc2)[C@H]1O.[Cl-],POMVPJBWDDJCMP-RUKDTIIFSA-M,A05AX04,,,,False,675.0,6.62,70.1,1.0,6.0,13.0,1.0,C40H56N3O4S+,38.0,True,
CHEMBL17860,LOFEXIDINE,4.0,2018.0,CC(Oc1c(Cl)cccc1Cl)C1=NCCN1,KSMAGQUYOIHWFS-UHFFFAOYSA-N,N07BC04,Launched,adrenergic receptor agonist,opioid withdrawal,False,259.1,2.76,33.6,1.0,3.0,3.0,0.0,C11H12Cl2N2O,6.0,True,
CHEMBL597,PHENTOLAMINE,4.0,1952.0,Cc1ccc(N(CC2=NCCN2)c2cccc(O)c2)cc1,MRBDMNSDAVCSSF-UHFFFAOYSA-N,C04AB01;V03AB36,Launched,adrenergic receptor antagonist,pheochromocytoma|hypertension,False,281.4,2.84,47.9,2.0,4.0,4.0,0.0,C17H19N3O,10.0,True,
CHEMBL18442,PLERIXAFOR,4.0,2008.0,c1cc(CN2CCCNCCNCCCNCC2)ccc1CN1CCCNCCNCCCNCC1,YIQPUIGJQJDJOS-UHFFFAOYSA-N,L03AX16,Launched,CC chemokine receptor antagonist,non-Hodgkin lymphoma (NHL)|multiple myeloma,False,502.8,0.42,78.7,6.0,8.0,4.0,0.0,C28H54N8,60.0,True,
CHEMBL18116,TOLOXATONE,4.0,1984.0,Cc1cccc(N2CC(CO)OC2=O)c1,MXUNKHLAEDCYJL-UHFFFAOYSA-N,N06AG03,Launched,monoamine oxidase inhibitor,depression,False,207.2,1.31,49.8,1.0,3.0,2.0,0.0,C11H13NO3,6.0,True,
CHEMBL599,MELOXICAM,4.0,2000.0,Cc1cnc(NC(=O)C2=C(O)c3ccccc3S(=O)(=O)N2C)s1,ZRVUJXDFFKFLMG-UHFFFAOYSA-N,M01AC56;M01AC06,Launched,cyclooxygenase inhibitor,osteoarthritis|rheumatoid arthritis,False,351.4,1.95,99.6,2.0,6.0,2.0,0.0,C14H13N3O4S2,6.0,True,
CHEMBL600,ACETYLCYSTEINE,4.0,1963.0,CC(=O)N[C@@H](CS)C(=O)O,PWKSKIMOESPYIA-BYPYZUCNSA-N,R05CB01;S01XA08;V03AB23,Launched,mucolytic agent,acetaminophen overdose|hepatic injury,False,163.2,-0.49,66.4,3.0,3.0,3.0,0.0,C5H9NO3S,10.0,True,
CHEMBL601,AMINOLEVULINIC ACID,4.0,1999.0,NCC(=O)CCC(=O)O,ZGXJTSGNIOSYLO-UHFFFAOYSA-N,L01XD04,,,,False,131.1,-0.62,80.4,2.0,3.0,4.0,0.0,C5H9NO3,12.0,True,
CHEMBL602,CYSTEAMINE,4.0,1994.0,NCCS,UFULAYFCSOUIOV-UHFFFAOYSA-N,A16AA04;S01XA21,Launched,tissue transglutaminase inhibitor,cystinosis,False,,,,,,,,,,False,F2_mw_77
CHEMBL19019,NALTREXONE,4.0,1984.0,O=C1CC[C@@]2(O)[C@H]3Cc4ccc(O)c5c4[C@@]2(CCN3CC2CC2)[C@H]1O5,DQCKKXVULJGBQN-XFWGSAIBSA-N,N07BB04,Launched,opioid receptor antagonist,abstinence from alcohol,True,341.4,1.53,70.0,2.0,5.0,2.0,0.0,C20H23NO4,8.0,True,
CHEMBL603,ZAFIRLUKAST,4.0,1996.0,COc1cc(C(=O)NS(=O)(=O)c2ccccc2C)ccc1Cc1cn(C)c2ccc(NC(=O)OC3CCCC3)cc12,YEEZWCHGZNKEEK-UHFFFAOYSA-N,R03DC01,Launched,leukotriene receptor antagonist,asthma,False,575.7,5.7,115.7,2.0,6.0,8.0,0.0,C31H33N3O6S,18.0,True,
CHEMBL276568,"CEFPROZIL ANHYDROUS, (E)-",4.0,1991.0,C/C=C/C1=C(C(=O)O)N2C(=O)[C@@H](NC(=O)[C@H](N)c3ccc(O)cc3)[C@H]2SC1,WDLWHQDACQUCJR-ZAMMOSSLSA-N,,,,,False,389.4,0.71,133.0,4.0,6.0,5.0,0.0,C18H19N3O5S,16.0,True,
CHEMBL122,ROFECOXIB,4.0,1999.0,CS(=O)(=O)c1ccc(C2=C(c3ccccc3)C(=O)OC2)cc1,RZJQGNCSTQAWON-UHFFFAOYSA-N,M01AH02,Withdrawn,cyclooxygenase inhibitor,,False,314.4,2.56,60.4,0.0,4.0,3.0,0.0,C17H14O4S,6.0,True,
CHEMBL19236,MOXONIDINE,4.0,1991.0,COc1nc(C)nc(Cl)c1NC1=NCCN1,WPNJAUFVNXKLIM-UHFFFAOYSA-N,C02AC05,Launched,imidazoline receptor agonist,hypertension,False,241.7,0.82,71.4,2.0,6.0,2.0,0.0,C9H12ClN5O,4.0,True,
CHEMBL605,PROCAINAMIDE HYDROCHLORIDE,4.0,1950.0,CCN(CC)CCNC(=O)c1ccc(N)cc1.Cl,ABTXGJFUQRCPNH-UHFFFAOYSA-N,,,,,False,235.3,1.34,58.4,2.0,3.0,6.0,0.0,C13H21N3O,14.0,True,
CHEMBL606,MISOPROSTOL,4.0,1988.0,CCCCC(C)(O)C/C=C/[C@H]1[C@H](O)CC(=O)[C@@H]1CCCCCCC(=O)OC,OJLOPKGSLYJEMD-URPKTTJQSA-N,G02AD06;A02BB01,Launched,prostanoid receptor agonist,duodenal ulcer disease,False,382.5,3.95,83.8,2.0,5.0,13.0,0.0,C22H38O5,32.0,True,
CHEMBL278623,MACIMORELIN,4.0,2017.0,CC(C)(N)C(=O)N[C@H](Cc1c[nH]c2ccccc12)C(=O)N[C@H](Cc1c[nH]c2ccccc12)NC=O,UJVDJAPJQWZRFR-DHIUTWEWSA-N,V04CD06,,,,False,474.6,1.84,144.9,6.0,4.0,10.0,0.0,C26H30N6O3,20.0,True,
CHEMBL607,MEPERIDINE,4.0,1942.0,CCOC(=O)C1(c2ccccc2)CCN(C)CC1,XADCESSVHJOZHK-UHFFFAOYSA-N,N02AB52;N02AB02;N02AB72,,,,False,247.3,2.21,29.5,0.0,3.0,3.0,0.0,C15H21NO2,8.0,True,
CHEMBL282052,METHAQUALONE,4.0,,Cc1ccccc1-n1c(C)nc2ccccc2c1=O,JEYCTXHKTXCGPB-UHFFFAOYSA-N,N05CM01;N05CX02,,,,False,250.3,3.0,34.9,0.0,2.0,1.0,0.0,C16H14N2O,2.0,True,
CHEMBL608,PROBUCOL,4.0,1977.0,CC(C)(Sc1cc(C(C)(C)C)c(O)c(C(C)(C)C)c1)Sc1cc(C(C)(C)C)c(O)c(C(C)(C)C)c1,FYPMFJGVHOHGLL-UHFFFAOYSA-N,C10AX02,Launched,atherogenesis inhibitor,coronary artery disease (CAD),False,516.9,9.91,40.5,2.0,4.0,4.0,0.0,C31H48O2S2,20.0,True,
CHEMBL19299,LOXOPROFEN,4.0,,CC(C(=O)O)c1ccc(CC2CCCC2=O)cc1,YMBXTVYHTMGZDW-UHFFFAOYSA-N,M01AE19;M02AA31,Launched,cyclooxygenase inhibitor|prostanoid receptor antagonist,pain relief,False,246.3,2.79,54.4,1.0,2.0,4.0,0.0,C15H18O3,10.0,True,
CHEMBL609,TRIENTINE,4.0,1985.0,NCCNCCNCCN,VILCJCGEZXAXTO-UHFFFAOYSA-N,A16AX12,Launched,chelating agent,Wilson's disease,False,146.2,-1.92,76.1,4.0,4.0,7.0,0.0,C6H18N4,18.0,True,
CHEMBL19490,ZOMEPIRAC,4.0,1980.0,Cc1cc(CC(=O)O)n(C)c1C(=O)c1ccc(Cl)cc1,ZXVNMYWKKDOREA-UHFFFAOYSA-N,M01AB04,Withdrawn,prostaglandin synthesis inhibitor,,False,291.7,2.85,59.3,1.0,2.0,4.0,0.0,C15H14ClNO3,10.0,True,
CHEMBL611,TERAZOSIN,4.0,1987.0,COc1cc2nc(N3CCN(C(=O)C4CCCO4)CC3)nc(N)c2cc1OC,VCKUSRYTPJJLNI-UHFFFAOYSA-N,G04CA03,Launched,adrenergic receptor antagonist,benign prostatic hyperplasia (BPH)|hypertension,False,387.4,1.06,103.0,1.0,8.0,4.0,0.0,C19H25N5O4,10.0,True,
CHEMBL19393,LEVAMFETAMINE,4.0,,C[C@@H](N)Cc1ccccc1,KWTSXDURSIMDCE-MRVPVSSYSA-N,,,,,False,135.2,1.58,26.0,1.0,1.0,2.0,0.0,C9H13N,6.0,True,
CHEMBL612,DEXTROAMPHETAMINE,4.0,1955.0,C[C@H](N)Cc1ccccc1,KWTSXDURSIMDCE-QMMMGPOBSA-N,N06BA02,,,,False,135.2,1.58,26.0,1.0,1.0,2.0,0.0,C9H13N,6.0,True,
CHEMBL282724,SITAXENTAN,4.0,2006.0,Cc1cc2c(cc1CC(=O)c1sccc1S(=O)(=O)Nc1onc(C)c1Cl)OCO2,PHWXUGHIIBDVKD-UHFFFAOYSA-N,C02KX03,Withdrawn,endothelin receptor antagonist,,False,454.9,3.96,107.7,1.0,8.0,6.0,0.0,C18H15ClN2O6S2,12.0,True,
CHEMBL614,PYRAZINAMIDE,4.0,1971.0,NC(=O)c1cnccn1,IPEHBUMCGVEMRF-UHFFFAOYSA-N,J04AK01,Launched,fatty acid synthase inhibitor,tuberculosis,False,123.1,-0.42,68.9,1.0,3.0,1.0,0.0,C5H5N3O,2.0,True,
CHEMBL19449,IBUDILAST,4.0,1989.0,CC(C)C(=O)c1c(C(C)C)nn2ccccc12,ZJVFLBOZORBYFE-UHFFFAOYSA-N,R03DC04,Launched,leukotriene receptor antagonist|phosphodiesterase inhibitor,asthma|stroke,False,230.3,3.3,34.4,0.0,2.0,3.0,0.0,C14H18N2O,6.0,True,
CHEMBL282042,SAQUINAVIR MESYLATE,4.0,1995.0,CC(C)(C)NC(=O)[C@@H]1C[C@@H]2CCCC[C@@H]2CN1C[C@@H](O)[C@H](Cc1ccccc1)NC(=O)[C@H](CC(N)=O)NC(=O)c1ccc2ccccc2n1.CS(=O)(=O)O,IRHXGOXEBNJUSN-YOXDLBRISA-N,,,,,False,670.9,3.09,166.8,5.0,7.0,12.0,0.0,C38H50N6O5,28.0,True,
CHEMBL20883,TEGAFUR,4.0,,O=c1[nH]c(=O)n(C2CCCO2)cc1F,WFWLQNSHRPWKFK-UHFFFAOYSA-N,L01BC03;L01BC53,,,,False,200.2,-0.02,64.1,1.0,3.0,1.0,0.0,C8H9FN2O3,2.0,True,
CHEMBL615,PENICILLIN V,4.0,1958.0,CC1(C)S[C@@H]2[C@H](NC(=O)COc3ccccc3)C(=O)N2[C@H]1C(=O)O,BPLBGHOLXOTWMN-MBNYWOFBSA-N,J01CE02,,,,False,350.4,0.7,95.9,2.0,5.0,5.0,0.0,C16H18N2O5S,12.0,True,
CHEMBL617,CEPHALOTHIN,4.0,1974.0,CC(=O)OCC1=C(C(=O)O)N2C(=O)[C@@H](NC(=O)Cc3cccs3)[C@H]2SC1,XIURVHNZVLADCM-IUODEOHRSA-N,J01DB03,Launched,bacterial cell wall synthesis inhibitor,skin infections|surgical prophylaxis,False,396.4,0.59,113.0,2.0,7.0,6.0,0.0,C16H16N2O6S2,16.0,True,
CHEMBL125,MILTEFOSINE,4.0,2014.0,CCCCCCCCCCCCCCCCOP(=O)([O-])OCC[N+](C)(C)C,PQLXHQMOHUQAKB-UHFFFAOYSA-N,P01CX04,Launched,membrane integrity inhibitor,leishmaniasis,False,407.6,5.68,58.6,0.0,4.0,20.0,0.0,C21H46NO4P,40.0,True,
CHEMBL126,LINEZOLID,4.0,2000.0,CC(=O)NC[C@H]1CN(c2ccc(N3CCOCC3)c(F)c2)C(=O)O1,TYZROVQLWOKYKF-ZDUSSCGKSA-N,J01XX08,Launched,bacterial 50S ribosomal subunit inhibitor,pneumonia|skin infections,False,337.4,1.12,71.1,1.0,5.0,4.0,0.0,C16H20FN3O4,8.0,True,
CHEMBL620,CLIDINIUM,4.0,1982.0,C[N+]12CCC(CC1)C(OC(=O)C(O)(c1ccccc1)c1ccccc1)C2,HOOSGZJRQIVJSZ-UHFFFAOYSA-N,,Launched,acetylcholine receptor antagonist,peptic ulcer disease (PUD)|irritable bowel syndrome|enterocolitis,False,352.5,2.7,46.5,1.0,3.0,4.0,1.0,C22H26NO3+,12.0,True,
CHEMBL127,MEROPENEM,4.0,1996.0,C[C@@H](O)[C@H]1C(=O)N2C(C(=O)O)=C(S[C@@H]3CN[C@H](C(=O)N(C)C)C3)[C@H](C)[C@H]12,DMJNNHOOLUXYBV-PQTSNVLCSA-N,J01DH02,Launched,bacterial cell wall synthesis inhibitor,skin infections|intra-abdominal infections|meningitis,False,383.5,-0.31,110.2,3.0,6.0,5.0,0.0,C17H25N3O5S,14.0,True,
CHEMBL621,TRAZODONE,4.0,1981.0,O=c1n(CCCN2CCN(c3cccc(Cl)c3)CC2)nc2ccccn12,PHLBKPHSAVXXEF-UHFFFAOYSA-N,N06AX05,Launched,adrenergic receptor antagonist|serotonin receptor antagonist|serotonin reuptake inhibitor,depression,False,371.9,2.36,45.8,0.0,4.0,5.0,0.0,C19H22ClN5O,10.0,True,
CHEMBL622,ETODOLAC,4.0,1991.0,CCc1cccc2c3c([nH]c12)C(CC)(CC(=O)O)OCC3,NNYBQONXHNTVIJ-UHFFFAOYSA-N,M01AB08,Launched,cyclooxygenase inhibitor,osteoarthritis|rheumatoid arthritis,False,287.4,3.38,62.3,2.0,2.0,4.0,0.0,C17H21NO3,10.0,True,
CHEMBL21333,PRANLUKAST,4.0,1995.0,O=C(Nc1cccc2c(=O)cc(-c3nnn[nH]3)oc12)c1ccc(OCCCCc2ccccc2)cc1,NBQKINXMPLXUET-UHFFFAOYSA-N,R03DC02,Launched,leukotriene receptor antagonist,bronchospasm|asthma,False,481.5,4.63,123.0,2.0,7.0,9.0,0.0,C27H23N5O4,18.0,True,
CHEMBL623,NEFAZODONE,4.0,1994.0,CCc1nn(CCCN2CCN(c3cccc(Cl)c3)CC2)c(=O)n1CCOc1ccccc1,VRBKIVRKKCLPHA-UHFFFAOYSA-N,N06AX06,Withdrawn,adrenergic inhibitor|norepinephrine reuptake inhibitor|serotonin receptor antagonist|serotonin reuptake inhibitor,,False,470.0,3.55,55.5,0.0,5.0,10.0,0.0,C25H32ClN5O2,20.0,True,
CHEMBL625,THIABENDAZOLE,4.0,1967.0,c1ccc2[nH]c(-c3cscn3)nc2c1,WJCNZQLZVWNLKY-UHFFFAOYSA-N,D01AC06;P02CA02,,,,False,201.3,2.69,41.6,1.0,3.0,1.0,0.0,C10H7N3S,2.0,True,
CHEMBL21536,XANOMELINE,4.0,2024.0,CCCCCCOc1nsnc1C1=CCCN(C)C1,JOLJIIDDOBNFHW-UHFFFAOYSA-N,,Phase 3,acetylcholine receptor agonist,,False,281.4,3.22,38.3,0.0,5.0,7.0,0.0,C14H23N3OS,14.0,True,
CHEMBL626,NAFTIFINE,4.0,1988.0,CN(C/C=C/c1ccccc1)Cc1cccc2ccccc12,OZGNYLLQHRPOBR-DHZHZOJOSA-N,D01AE22,Launched,fungal squalene epoxidase inhibitor,tinea pedis|tinea cruris|tinea corporis,False,287.4,4.99,3.2,0.0,1.0,5.0,0.0,C21H21N,10.0,True,
CHEMBL22097,LORMETAZEPAM,4.0,,CN1C(=O)C(O)N=C(c2ccccc2Cl)c2cc(Cl)ccc21,FJIKWRGCXUCUIG-UHFFFAOYSA-N,N05CD06,,,,False,335.2,3.13,52.9,1.0,3.0,1.0,0.0,C16H12Cl2N2O2,12.0,True,
CHEMBL628,PENTOXIFYLLINE,4.0,1984.0,CC(=O)CCCCn1c(=O)c2c(ncn2C)n(C)c1=O,BYPFEZZEUUWMEJ-UHFFFAOYSA-N,C04AD03,Launched,phosphodiesterase inhibitor,claudication,True,278.3,0.19,78.9,0.0,4.0,5.0,0.0,C13H18N4O3,10.0,True,
CHEMBL629,AMITRIPTYLINE,4.0,1961.0,CN(C)CCC=C1c2ccccc2CCc2ccccc21,KRMDCWKBEZIMAB-UHFFFAOYSA-N,N06AA09,Launched,norepinephrine inhibitor|norepinephrine reuptake inhibitor|serotonin receptor antagonist|serotonin–norepinephrine reuptake inhibitor (SNRI),depression,True,277.4,4.17,3.2,0.0,1.0,3.0,0.0,C20H23N,14.0,True,
CHEMBL21869,DIBROMSALAN,4.0,,O=C(Nc1ccc(Br)cc1)c1cc(Br)ccc1O,CTFFKFYWSOSIAA-UHFFFAOYSA-N,,,,,False,371.0,4.17,49.3,2.0,2.0,2.0,0.0,C13H9Br2NO2,6.0,True,
CHEMBL24944,TRIBROMSALAN,4.0,,O=C(Nc1ccc(Br)cc1)c1cc(Br)cc(Br)c1O,KVSKGMLNBAPGKH-UHFFFAOYSA-N,,,,,False,449.9,4.93,49.3,2.0,2.0,2.0,0.0,C13H8Br3NO2,6.0,True,
CHEMBL128,SUMATRIPTAN,4.0,1992.0,CNS(=O)(=O)Cc1ccc2[nH]cc(CCN(C)C)c2c1,KQKPFRSPSRPDEB-UHFFFAOYSA-N,N02CC01,Launched,serotonin receptor agonist,migraine headache,True,295.4,1.32,65.2,2.0,3.0,6.0,0.0,C14H21N3O2S,12.0,True,
CHEMBL631,PROPAFENONE,4.0,1989.0,CCCNCC(O)COc1ccccc1C(=O)CCc1ccccc1,JWHAUXFOSRPERK-UHFFFAOYSA-N,C01BC03,Launched,antiarrhythmic,atrial fibrillation (AF)|ventricular tachycardia (VT)|ventricular arrhythmias,False,341.5,3.24,58.6,2.0,4.0,11.0,0.0,C21H27NO3,24.0,True,
CHEMBL632,BETAMETHASONE,4.0,1961.0,C[C@H]1C[C@H]2[C@@H]3CCC4=CC(=O)C=C[C@]4(C)[C@@]3(F)[C@@H](O)C[C@]2(C)[C@@]1(O)C(=O)CO,UREBDLICKHMUKA-DVTGEIKXSA-N,D07AC01;D07XC01;H02AB01;S02BA07;S01CB04;S03BA03;R03BA04;S01BA06;A07EA04;R01AD06;C05AA05,Launched,glucocorticoid receptor agonist,corticosteroid-responsive dermatoses,False,392.5,1.9,94.8,3.0,5.0,2.0,0.0,C22H29FO5,10.0,True,
CHEMBL633,AMIODARONE,4.0,1985.0,CCCCc1oc2ccccc2c1C(=O)c1cc(I)c(OCCN(CC)CC)c(I)c1,IYIKLHRQXLHMJQ-UHFFFAOYSA-N,C01BD01,Launched,potassium channel blocker,ventricular arrhythmias,False,645.3,6.94,42.7,0.0,4.0,11.0,0.0,C25H29I2NO3,22.0,True,
CHEMBL634,ALFENTANIL,4.0,1986.0,CCC(=O)N(c1ccccc1)C1(COC)CCN(CCn2nnn(CC)c2=O)CC1,IDBPHNDTYPBSNI-UHFFFAOYSA-N,N01AH02,,,,False,416.5,1.38,85.5,0.0,6.0,9.0,0.0,C21H32N6O3,20.0,True,
CHEMBL635,PREDNISONE,4.0,1955.0,C[C@]12C=CC(=O)C=C1CC[C@@H]1[C@@H]2C(=O)C[C@@]2(C)[C@H]1CC[C@]2(O)C(=O)CO,XOFYZVNMUHMLCC-ZPOLXVRWSA-N,A07EA03;H02AB07,Launched,glucocorticoid receptor agonist,congenital adrenal hyperplasia|hypercalcemia|rheumatoid arthritis|psoriatic arthritis|ankylosing spondylitis|bursitis|osteoarthritis|epicondylitis|dermatomyositis|psoriasis|mycosis|conjunctivitis|anemia|ulcerative colitis|enteritis|multiple sclerosis|meningitis,False,358.4,1.77,91.7,2.0,5.0,2.0,0.0,C21H26O5,8.0,True,
CHEMBL636,RIVASTIGMINE,4.0,1998.0,CCN(C)C(=O)Oc1cccc([C@H](C)N(C)C)c1,XSVMFMHYUFZWBK-NSHDSACASA-N,N06DA03,Launched,acetylcholinesterase inhibitor,Alzheimer's disease|Parkinson's Disease|senile dementia,False,250.3,2.76,32.8,0.0,3.0,4.0,0.0,C14H22N2O2,12.0,True,
CHEMBL637,VENLAFAXINE,4.0,1993.0,COc1ccc(C(CN(C)C)C2(O)CCCCC2)cc1,PNVNVHUZROJLTJ-UHFFFAOYSA-N,N06AX16,Launched,adrenergic inhibitor|norepinephrine reuptake inhibitor|serotonin–norepinephrine reuptake inhibitor (SNRI),depression|generalized anxiety disorder (GAD)|panic disorders|social anxiety disorder,True,277.4,3.04,32.7,1.0,3.0,5.0,0.0,C17H27NO2,12.0,True,
CHEMBL129,ZIDOVUDINE,4.0,1987.0,Cc1cn([C@H]2C[C@H](N=[N+]=[N-])[C@@H](CO)O2)c(=O)[nH]c1=O,HBOMLICNUCNMMY-XLPZGREQSA-N,J05AF01,Launched,nucleoside reverse transcriptase inhibitor,human immunodeficiency virus (HIV-1)|acquired immunodeficiency syndrome (AIDS),False,267.2,-0.2,133.1,2.0,5.0,3.0,0.0,C10H13N5O4,8.0,True,
CHEMBL638,VORICONAZOLE,4.0,2002.0,C[C@@H](c1ncncc1F)[C@](O)(Cn1cncn1)c1ccc(F)cc1F,BCEHBSKCWLPMDN-MGPLVRAMSA-N,J02AC03,Launched,cytochrome P450 inhibitor,esophageal candidiasis|aspergillosis|skin infections,False,349.3,2.18,76.7,1.0,5.0,5.0,0.0,C16H14F3N5O,12.0,True,
CHEMBL639,AZELASTINE,4.0,1996.0,CN1CCCC(n2nc(Cc3ccc(Cl)cc3)c3ccccc3c2=O)CC1,MBUVEWMHONZEQD-UHFFFAOYSA-N,R01AC03;R06AX19;S01GX07,Launched,histamine receptor antagonist,conjunctivitis,False,381.9,4.3,38.1,0.0,3.0,3.0,0.0,C22H24ClN3O,18.0,True,
CHEMBL130,CHLORAMPHENICOL,4.0,1950.0,O=C(N[C@H](CO)[C@H](O)c1ccc([N+](=O)[O-])cc1)C(Cl)Cl,WIIZWVCIJKGZOK-RKDXNWHRSA-N,S01AA01;S03AA08;D06AX02;G01AA05;S02AA01;D10AF03;J01BA01,Launched,bacterial 50S ribosomal subunit inhibitor,meningitis|fever|cholera,False,323.1,0.91,112.7,3.0,5.0,6.0,0.0,C11H12Cl2N2O5,16.0,True,
CHEMBL640,PROCAINAMIDE,4.0,1950.0,CCN(CC)CCNC(=O)c1ccc(N)cc1,REQCZEXYDRLIBE-UHFFFAOYSA-N,C01BA02,Launched,sodium channel blocker,ventricular arrhythmias|ventricular tachycardia (VT),False,235.3,1.34,58.4,2.0,3.0,6.0,0.0,C13H21N3O,14.0,True,
CHEMBL641,ATOMOXETINE,4.0,2002.0,CNCC[C@@H](Oc1ccccc1C)c1ccccc1,VHGCDTVCOLNTBX-QGZVFWFLSA-N,N06BA09,Launched,norepinephrine transporter inhibitor,attention-deficit/hyperactivity disorder (ADHD),False,255.4,3.72,21.3,1.0,2.0,6.0,0.0,C17H21NO,12.0,True,
CHEMBL642,ACEBUTOLOL,4.0,1984.0,CCCC(=O)Nc1ccc(OCC(O)CNC(C)C)c(C(C)=O)c1,GOEMGAFJFRBGGG-UHFFFAOYSA-N,C07AB04,Launched,adrenergic receptor antagonist,hypertension|ventricular arrhythmias,False,336.4,2.37,87.7,3.0,5.0,10.0,0.0,C18H28N2O4,22.0,True,
CHEMBL643,PROMETHAZINE,4.0,1951.0,CC(CN1c2ccccc2Sc2ccccc21)N(C)C,PWWVAXIEGOYWEE-UHFFFAOYSA-N,R06AD52;D04AA10;R06AD02,Launched,histamine receptor antagonist,sedative|allergic rhinitis,False,284.4,4.24,6.5,0.0,3.0,3.0,0.0,C17H20N2S,6.0,True,
CHEMBL131,PREDNISOLONE,4.0,1955.0,C[C@]12C=CC(=O)C=C1CC[C@@H]1[C@@H]2[C@@H](O)C[C@@]2(C)[C@H]1CC[C@]2(O)C(=O)CO,OIGNJSKKLXVSLS-VWUMJDOOSA-N,S02BA03;D07XA02;R01AD02;A01AC04;D07AA03;R01AD52;C05AA04;S03BA02;A07EA01;H02AB06;A01AC54;S01BA04;S01CB02,Launched,glucocorticoid receptor agonist,conjunctivitis|rosacea|punctate keratitis|shingles|iritis|cyclitis,True,360.5,1.56,94.8,3.0,5.0,2.0,0.0,C21H28O5,10.0,True,
CHEMBL644,TRIMIPRAMINE,4.0,1979.0,CC(CN(C)C)CN1c2ccccc2CCc2ccccc21,ZSCDBOWYZJWBIY-UHFFFAOYSA-N,N06AA06,Launched,norepinephrine reputake inhibitor|tricyclic antidepressant,depression,False,294.4,4.12,6.5,0.0,2.0,4.0,0.0,C20H26N2,16.0,True,
CHEMBL645,BISOPROLOL,4.0,1992.0,CC(C)NCC(O)COc1ccc(COCCOC(C)C)cc1,VHYCDWMUTMEGQY-UHFFFAOYSA-N,C07AB07,Launched,adrenergic receptor antagonist,hypertension,False,325.4,2.37,60.0,2.0,5.0,12.0,0.0,C18H31NO4,26.0,True,
CHEMBL646,TRIAZOLAM,4.0,1978.0,Cc1nnc2n1-c1ccc(Cl)cc1C(c1ccccc1Cl)=NC2,JOFWLTCLBGQGBO-UHFFFAOYSA-N,N05CD05,,,,False,343.2,4.23,43.1,0.0,3.0,1.0,0.0,C17H12Cl2N4,2.0,True,
CHEMBL647,APRACLONIDINE,4.0,1987.0,Nc1cc(Cl)c(N=C2NCCN2)c(Cl)c1,IEJXVRYNEISIKR-UHFFFAOYSA-N,S01EA03,Launched,adrenergic receptor agonist,glaucoma|intraocular pressure,False,245.1,1.76,62.4,3.0,2.0,1.0,0.0,C9H10Cl2N4,4.0,True,
CHEMBL648,CYCLIZINE,4.0,1982.0,CN1CCN(C(c2ccccc2)c2ccccc2)CC1,UVKZSORBKUEBAZ-UHFFFAOYSA-N,R06AE53;R06AE03,Launched,histamine receptor modulator,nausea|vomiting|vertigo|motion sickness,False,266.4,3.02,6.5,0.0,2.0,3.0,0.0,C18H22N2,6.0,True,
CHEMBL434394,NEBIVOLOL,4.0,2007.0,OC(CNCC(O)C1CCc2cc(F)ccc2O1)C1CCc2cc(F)ccc2O1,KOHIRBRYDXPAMZ-UHFFFAOYSA-N,C07AB12,Launched,adrenergic receptor antagonist,hypertension,False,405.4,2.36,71.0,3.0,5.0,6.0,0.0,C22H25F2NO4,16.0,True,
CHEMBL650,METHYLPREDNISOLONE,4.0,1957.0,C[C@H]1C[C@@H]2[C@H]([C@@H](O)C[C@@]3(C)[C@H]2CC[C@]3(O)C(=O)CO)[C@@]2(C)C=CC(=O)C=C12,VHRSUDSXCMQTMA-PJHHCJLFSA-N,H02BX01;D07AA01;D10AA02;H02AB04,Launched,glucocorticoid receptor agonist,hypercalcemia|thyroiditis|ankylosing spondylitis|bursitis|osteoarthritis|psoriatic arthritis|seborrheic dermatitis|mycosis|allergic rhinitis|psoriasis|anemia|multiple sclerosis|ulcerative colitis|enteritis,False,374.5,1.8,94.8,3.0,5.0,2.0,0.0,C22H30O5,10.0,True,
CHEMBL651,METHADONE,4.0,1947.0,CCC(=O)C(CC(C)N(C)C)(c1ccccc1)c1ccccc1,USSIQXCVUWKGNF-UHFFFAOYSA-N,N02AC52;N07BC02,,,,True,309.5,4.29,20.3,0.0,2.0,7.0,0.0,C21H27NO,14.0,True,
CHEMBL652,FLECAINIDE,4.0,1985.0,O=C(NCC1CCCCN1)c1cc(OCC(F)(F)F)ccc1OCC(F)(F)F,DJBNUMBKLMJRSA-UHFFFAOYSA-N,C01BC04,Launched,sodium channel blocker,ventricular tachycardia (VT)|atrial fibrillation (AF)|ventricular arrhythmias,False,414.3,3.44,59.6,2.0,4.0,7.0,0.0,C17H20F6N2O3,18.0,True,
CHEMBL134,CLONIDINE,4.0,1974.0,Clc1cccc(Cl)c1NC1=NCCN1,GJSURZIOUXUGAL-UHFFFAOYSA-N,C02AC01;N02CX02;S01EA04,Launched,adrenergic receptor agonist,hypertension|attention-deficit/hyperactivity disorder (ADHD),True,230.1,2.36,36.4,2.0,3.0,1.0,0.0,C9H9Cl2N3,2.0,True,
CHEMBL654,MIRTAZAPINE,4.0,1996.0,CN1CCN2c3ncccc3Cc3ccccc3C2C1,RONZAEMNMFQXRA-UHFFFAOYSA-N,N06AX11,Launched,adrenergic receptor antagonist|serotonin receptor antagonist,depression,False,265.4,2.48,19.4,0.0,3.0,0.0,0.0,C17H19N3,0.0,True,
CHEMBL655,MIDAZOLAM,4.0,1985.0,Cc1ncc2n1-c1ccc(Cl)cc1C(c1ccccc1F)=NC2,DDLIGBOFAVUZHB-UHFFFAOYSA-N,N05CD08,,,,True,325.8,4.32,30.2,0.0,2.0,1.0,0.0,C18H13ClFN3,2.0,True,
CHEMBL22242,REMOXIPRIDE,4.0,1990.0,CCN1CCC[C@H]1CNC(=O)c1c(OC)ccc(Br)c1OC,GUJRSXAPGDDABA-NSHDSACASA-N,N05AL04,Withdrawn,dopamine receptor antagonist,,False,371.3,2.68,50.8,1.0,4.0,6.0,0.0,C16H23BrN2O3,12.0,True,
CHEMBL656,OXYCODONE,4.0,1950.0,COc1ccc2c3c1O[C@H]1C(=O)CC[C@@]4(O)[C@@H](C2)N(C)CC[C@]314,BRUQQQPBMZOVGD-XFKAJCMBSA-N,N02AA05,,,,True,315.4,1.05,59.0,1.0,5.0,1.0,0.0,C18H21NO4,4.0,True,
CHEMBL135,ESTRADIOL,4.0,1975.0,C[C@]12CC[C@@H]3c4ccc(O)cc4CC[C@H]3[C@@H]1CC[C@@H]2O,VOXZDWNPVJITMN-ZBRFXRBCSA-N,G03CA03,Launched,estrogen receptor agonist,contraceptive,False,272.4,3.61,40.5,2.0,2.0,0.0,0.0,C18H24O2,4.0,True,
CHEMBL657,DIPHENHYDRAMINE,4.0,1946.0,CN(C)CCOC(c1ccccc1)c1ccccc1,ZZVUWRFHKOJYTH-UHFFFAOYSA-N,D04AA32;R06AA52;R06AA02,Launched,histamine receptor antagonist,headache,False,255.4,3.35,12.5,0.0,2.0,6.0,0.0,C17H21NO,12.0,True,
CHEMBL658,SUFENTANIL,4.0,1984.0,CCC(=O)N(c1ccccc1)C1(COC)CCN(CCc2cccs2)CC1,GGCSSNBKKAUURC-UHFFFAOYSA-N,N01AH03,,,,True,386.6,4.21,32.8,0.0,4.0,8.0,0.0,C22H30N2O2S,18.0,True,
CHEMBL659,GALANTAMINE,4.0,2001.0,COc1ccc2c3c1O[C@H]1C[C@@H](O)C=C[C@@]31CCN(C)C2,ASUTZQLVASHGKV-JDFRZJQESA-N,N06DA04,Launched,acetylcholinesterase inhibitor,senile dementia,False,287.4,1.85,41.9,1.0,4.0,1.0,0.0,C17H21NO3,12.0,True,
CHEMBL660,AMANTADINE,4.0,1968.0,NC12CC3CC(CC(C3)C1)C2,DKNWSYNQZKUICI-UHFFFAOYSA-N,N04BB01,Launched,glutamate receptor antagonist,influenza A virus infection|Parkinson's Disease,False,151.3,1.91,26.0,1.0,1.0,0.0,0.0,C10H17N,2.0,True,
CHEMBL661,ALPRAZOLAM,4.0,1981.0,Cc1nnc2n1-c1ccc(Cl)cc1C(c1ccccc1)=NC2,VREFGVBLTWBCJP-UHFFFAOYSA-N,N05BA12,,,,False,308.8,3.58,43.1,0.0,3.0,1.0,0.0,C17H13ClN4,2.0,True,
CHEMBL21731,MAPROTILINE,4.0,1980.0,CNCCCC12CCC(c3ccccc31)c1ccccc12,QSLMDECMDJKHMQ-UHFFFAOYSA-N,N06AA21,Launched,norepinephrine reputake inhibitor|tricyclic antidepressant,depression|dysthymic disorder,False,277.4,4.21,12.0,1.0,1.0,4.0,0.0,C20H23N,8.0,True,
CHEMBL666,FOSCARNET,4.0,1991.0,O=C(O)P(=O)(O)O,ZJAOAACCNHFJAH-UHFFFAOYSA-N,J05AD01,Launched,DNA polymerase inhibitor,cytomegalovirus retinitis|acquired immunodeficiency syndrome (AIDS)|virus herpes simplex (HSV),False,126.0,-0.16,94.8,3.0,2.0,1.0,0.0,CH3O5P,8.0,True,
CHEMBL667,ACETYLCHOLINE,4.0,1973.0,CC(=O)OCC[N+](C)(C)C,OIPILFWXSMYKGL-UHFFFAOYSA-N,S01EB09,Launched,acetylcholine receptor agonist,drowsiness|fatigue|headache|indigestion|chest congestion,False,146.2,0.26,26.3,0.0,2.0,3.0,1.0,C7H16NO2+,8.0,True,
CHEMBL137,METRONIDAZOLE,4.0,1963.0,Cc1ncc([N+](=O)[O-])n1CCO,VAOCPAMSLUNLGC-UHFFFAOYSA-N,D06BX01;P01AB51;G01AF01;A01AB17;P01AB01;J01XD01,Launched,DNA inhibitor,rosacea,False,171.2,0.09,81.2,1.0,4.0,3.0,0.0,C6H9N3O3,8.0,True,
CHEMBL668,PROTRIPTYLINE,4.0,1967.0,CNCCCC1c2ccccc2C=Cc2ccccc21,BWPIARFWQZKAIA-UHFFFAOYSA-N,N06AA11,Launched,tricyclic antidepressant,depression,False,263.4,4.3,12.0,1.0,1.0,4.0,0.0,C19H21N,8.0,True,
CHEMBL669,CYCLOBENZAPRINE,4.0,1977.0,CN(C)CCC=C1c2ccccc2C=Cc2ccccc21,JURKNVYFZMSNLP-UHFFFAOYSA-N,M03BX08,Launched,adrenergic receptor agonist|serotonin receptor agonist,spasms,False,275.4,4.55,3.2,0.0,1.0,3.0,0.0,C20H21N,6.0,True,
CHEMBL671,THIOTEPA,4.0,1959.0,S=P(N1CC1)(N1CC1)N1CC1,FOCVUCIESVLUNU-UHFFFAOYSA-N,L01AC01,Launched,cytochrome P450 inhibitor,breast cancer|ovarian cancer|bladder cancer,False,189.2,0.16,9.0,0.0,1.0,3.0,0.0,C6H12N3PS,6.0,True,
CHEMBL672,FENOFIBRATE,4.0,1993.0,CC(C)OC(=O)C(C)(C)Oc1ccc(C(=O)c2ccc(Cl)cc2)cc1,YMTINGFKWWXKFG-UHFFFAOYSA-N,C10AB05,Launched,PPAR receptor agonist,hypercholesterolemia|hypertriglyceridemia,False,360.8,4.68,52.6,0.0,4.0,6.0,0.0,C20H21ClO4,14.0,True,
CHEMBL673,PARGYLINE,4.0,1982.0,C#CCN(C)Cc1ccccc1,DPWPWRLQFGFJFI-UHFFFAOYSA-N,C02KC01,Launched,monoamine oxidase inhibitor,hypertension,False,159.2,1.75,3.2,0.0,1.0,3.0,0.0,C11H13N,6.0,True,
CHEMBL25105,HEXAMIDINE,4.0,,N=C(N)c1ccc(OCCCCCCOc2ccc(C(=N)N)cc2)cc1,OQLKNTOKMBVBKV-UHFFFAOYSA-N,R02AA18;R01AX07;S01AX08;D08AC04;S03AA05,,,,False,354.5,3.27,118.2,4.0,4.0,11.0,0.0,C20H26N4O2,22.0,True,
CHEMBL675,ALENDRONATE SODIUM,4.0,1995.0,NCCCC(O)(P(=O)([O-])O)P(=O)(O)O.[Na+],CAKRAHQRJGUPIG-UHFFFAOYSA-M,,,,,False,248.1,-1.91,164.1,5.0,5.0,5.0,-1.0,C4H12NO7P2-,20.0,True,
CHEMBL677,LEVONORDEFRIN,4.0,1960.0,C[C@H](N)[C@H](O)c1ccc(O)c(O)c1,GEFQWZLICWMTKF-CDUCUWFYSA-N,,Launched,vasodilator,hemorrhage,False,183.2,0.48,86.7,4.0,4.0,2.0,0.0,C9H13NO3,12.0,True,
CHEMBL679,EPINEPHRINE,4.0,1965.0,CNC[C@H](O)c1ccc(O)c(O)c1,UCTWMZQNUQWSLP-VIFPVBQESA-N,R03AA01;S01EA51;R01AA14;B02BC09;S01EA01;A01AD01;C01CA24;R03AK01,Launched,adrenergic receptor agonist|carbonic anhydrase activator|neurotransmitter,cardiac arrest|anaphylactic shock|asthma,False,183.2,0.35,72.7,4.0,4.0,3.0,0.0,C9H13NO3,12.0,True,
CHEMBL680,CEFACLOR ANHYDROUS,4.0,1979.0,N[C@@H](C(=O)N[C@@H]1C(=O)N2C(C(=O)O)=C(Cl)CS[C@H]12)c1ccccc1,QYIYFLOTGYLRGG-GPCCPHFNSA-N,,,,,False,367.8,0.62,112.7,3.0,5.0,4.0,0.0,C15H14ClN3O4S,12.0,True,
CHEMBL681,ETOMIDATE,4.0,1982.0,CCOC(=O)c1cncn1[C@H](C)c1ccccc1,NPUKDXXFDDZOKR-LLVKDONJSA-N,N01AX07,Launched,GABA receptor modulator,general anaesthetic,False,244.3,2.67,44.1,0.0,3.0,4.0,0.0,C14H16N2O2,10.0,True,
CHEMBL682,AMODIAQUINE,4.0,1982.0,CCN(CC)Cc1cc(Nc2ccnc3cc(Cl)ccc23)ccc1O,OVCDSSHSILBFBN-UHFFFAOYSA-N,P01BA06,Launched,histamine receptor agonist,malaria,False,355.9,5.18,48.4,2.0,4.0,6.0,0.0,C20H22ClN3O,14.0,True,
CHEMBL684,DIETHYLCARBAMAZINE,4.0,1950.0,CCN(CC)C(=O)N1CCN(C)CC1,RCKMWOKWVGPNJF-UHFFFAOYSA-N,P02CB02,Launched,lipoxygenase inhibitor,filariasis,False,199.3,0.7,26.8,0.0,2.0,2.0,0.0,C10H21N3O,4.0,True,
CHEMBL685,MEBENDAZOLE,4.0,1974.0,COC(=O)Nc1nc2cc(C(=O)c3ccccc3)ccc2[nH]1,OPXLLQIJSORQAM-UHFFFAOYSA-N,P02CA51;P02CA01,Launched,tubulin polymerization inhibitor,pinworm|whipworm|hookworm|ascariasis,False,295.3,2.97,84.1,2.0,4.0,3.0,0.0,C16H13N3O3,8.0,True,
CHEMBL139,DICLOFENAC,4.0,1988.0,O=C(O)Cc1ccccc1Nc1c(Cl)cccc1Cl,DCOPUUMXTXDBNB-UHFFFAOYSA-N,M01AB55;S01BC03;D11AX18;M01AB05;M02AA15,Launched,cyclooxygenase inhibitor,rheumatoid arthritis|osteoarthritis|migraine headache,True,296.2,4.36,49.3,2.0,2.0,4.0,0.0,C14H11Cl2NO2,10.0,True,
CHEMBL686,MEFENAMIC ACID,4.0,1967.0,Cc1cccc(Nc2ccccc2C(=O)O)c1C,HYYBABOKPJLUIN-UHFFFAOYSA-N,M01AG01,,,,False,241.3,3.75,49.3,2.0,2.0,3.0,0.0,C15H15NO2,8.0,True,
CHEMBL688,FENTANYL CITRATE,4.0,1968.0,CCC(=O)N(c1ccccc1)C1CCN(CCc2ccccc2)CC1.O=C(O)CC(O)(CC(=O)O)C(=O)O,IVLVTNPOHDFFCJ-UHFFFAOYSA-N,,,,,False,336.5,4.14,23.6,0.0,2.0,6.0,0.0,C22H28N2O,14.0,True,
CHEMBL689,MANNITOL,4.0,1982.0,OC[C@@H](O)[C@@H](O)[C@H](O)[C@H](O)CO,FBPFZTCFMRRESA-KVTDHHQDSA-N,B05CX04;B05BC01;A06AD16;R05CB16;V04CX04,,,,False,182.2,-3.59,121.4,6.0,6.0,5.0,0.0,C6H14O6,22.0,True,
CHEMBL690,PRAVASTATIN SODIUM,4.0,1991.0,CC[C@H](C)C(=O)O[C@H]1C[C@H](O)C=C2C=C[C@H](C)[C@H](CC[C@@H](O)C[C@@H](O)CC(=O)[O-])[C@H]21.[Na+],VWBQYTRBTXKKOG-IYNICTALSA-M,,,,,False,423.5,1.11,127.1,3.0,7.0,10.0,-1.0,C23H35O7-,28.0,True,
CHEMBL24072,PRENYLAMINE,4.0,,CC(Cc1ccccc1)NCCC(c1ccccc1)c1ccccc1,IFFPICMESYHZPQ-UHFFFAOYSA-N,C01DX02;C01DX52,Withdrawn,calcium channel blocker,,False,329.5,5.43,12.0,1.0,1.0,8.0,0.0,C24H27N,16.0,True,
CHEMBL691,ETHINYL ESTRADIOL,4.0,1982.0,C#C[C@]1(O)CC[C@H]2[C@@H]3CCc4cc(O)ccc4[C@H]3CC[C@@]21C,BFPYWIDHMRZLRN-SLHNCBLASA-N,L02AA03;G03CA01,,,,False,296.4,3.61,40.5,2.0,2.0,0.0,0.0,C20H24O2,4.0,True,
CHEMBL284348,DALFAMPRIDINE,4.0,2010.0,Nc1ccncc1,NUKYPUAOHBNCPY-UHFFFAOYSA-N,N07XX07,Launched,potassium channel blocker,multiple sclerosis,False,,,,,,,,,,False,F2_mw_94
CHEMBL692,GLYCERIN,4.0,1982.0,OCC(O)CO,PEDCQBHIVMGVHV-UHFFFAOYSA-N,A06AX01;A06AG04,,,,False,,,,,,,,,,False,F2_mw_92
CHEMBL695,TRIMETHADIONE,4.0,1946.0,CN1C(=O)OC(C)(C)C1=O,IRYJRGCIQBGHIV-UHFFFAOYSA-N,N03AC02,Launched,oxazolidine antiepileptic,seizures,False,143.1,0.37,46.6,0.0,3.0,0.0,0.0,C6H9NO3,0.0,True,
CHEMBL696,ETHOSUXIMIDE,4.0,1960.0,CCC1(C)CC(=O)NC1=O,HAPOVYFOVVWLRS-UHFFFAOYSA-N,N03AD51;N03AD01,Launched,succinimide antiepileptic,epilepsy,False,141.2,0.45,46.2,1.0,2.0,1.0,0.0,C7H11NO2,2.0,True,
CHEMBL697,METHSUXIMIDE,4.0,1957.0,CN1C(=O)CC(C)(c2ccccc2)C1=O,AJXPJJZHWIXJCJ-UHFFFAOYSA-N,N03AD03,Launched,T-type calcium channel blocker,seizures,False,203.2,1.33,37.4,0.0,2.0,1.0,0.0,C12H13NO2,2.0,True,
CHEMBL698,TETRACAINE,4.0,2005.0,CCCCNc1ccc(C(=O)OCCN(C)C)cc1,GKCBAIGFKIBETG-UHFFFAOYSA-N,C05AD02;D04AB06;S01HA03;N01BA03,Launched,membrane integrity inhibitor,anesthetic,False,264.4,2.62,41.6,1.0,4.0,8.0,0.0,C15H24N2O2,18.0,True,
CHEMBL24441,BETAHISTINE,4.0,,CNCCc1ccccn1,UUQMNUMQCIQDMZ-UHFFFAOYSA-N,N07CA01,Launched,histamine receptor agonist|histamine receptor antagonist,Meniere's disease,False,136.2,0.84,24.9,1.0,2.0,3.0,0.0,C8H12N2,6.0,True,
CHEMBL700,SULFAPYRIDINE,4.0,1939.0,Nc1ccc(S(=O)(=O)Nc2ccccn2)cc1,GECHUMIMRBOMGK-UHFFFAOYSA-N,J01EB04,Launched,PABA antagonist,gram-negative bacterial infections|gram-positive bacterial infections,False,249.3,1.46,85.1,2.0,4.0,3.0,0.0,C11H11N3O2S,8.0,True,
CHEMBL701,BACLOFEN,4.0,1977.0,NCC(CC(=O)O)c1ccc(Cl)cc1,KPYSYYIEGFHWSV-UHFFFAOYSA-N,M03BX01,Launched,benzodiazepine receptor agonist,multiple sclerosis|spasms,True,213.7,1.86,63.3,2.0,2.0,4.0,0.0,C10H12ClNO2,12.0,True,
CHEMBL702,PIPERACILLIN,4.0,1981.0,CCN1CCN(C(=O)N[C@@H](C(=O)N[C@@H]2C(=O)N3[C@@H]2SC(C)(C)[C@@H]3C(=O)O)c2ccccc2)C(=O)C1=O,IVBHGBMCVLDMKU-GXNBUGAJSA-N,J01CA12,Launched,bacterial cell wall synthesis inhibitor,intra-abdominal infections|skin infections|pelvic inflammatory disease|pneumonia,False,517.6,-0.24,156.4,3.0,7.0,6.0,0.0,C23H27N5O7S,16.0,True,
CHEMBL703,SUXAMETHONIUM,4.0,1952.0,C[N+](C)(C)CCOC(=O)CCC(=O)OCC[N+](C)(C)C,AXOIZCJOOAYSMI-UHFFFAOYSA-N,M03AB01,,,,False,290.4,0.27,52.6,0.0,4.0,9.0,2.0,C14H30N2O4+2,22.0,True,
CHEMBL704,MESALAMINE,4.0,1987.0,Nc1ccc(O)c(C(=O)O)c1,KBOPZPXVLCULAV-UHFFFAOYSA-N,A07EC02,,,,False,153.1,0.67,83.5,3.0,3.0,1.0,0.0,C7H7NO3,8.0,True,
CHEMBL705,ALITRETINOIN,4.0,1999.0,CC1=C(/C=C/C(C)=C\C=C\C(C)=C\C(=O)O)C(C)(C)CCC1,SHGAZHPCJJPHSC-ZVCIMWCZSA-N,D11AH04;L01XF02,,,,False,300.4,5.6,37.3,1.0,1.0,5.0,0.0,C20H28O2,12.0,True,
CHEMBL706,CETYL ALCOHOL,4.0,1990.0,CCCCCCCCCCCCCCCCO,BXWNKGSJHAJOGX-UHFFFAOYSA-N,,,,,False,242.4,5.46,20.2,1.0,1.0,14.0,0.0,C16H34O,30.0,True,
CHEMBL24778,SILODOSIN,4.0,2008.0,C[C@H](Cc1cc2c(c(C(N)=O)c1)N(CCCO)CC2)NCCOc1ccccc1OCC(F)(F)F,PNCPYILNMDWPEY-QGZVFWFLSA-N,G04CA04,Launched,adrenergic receptor antagonist,benign prostatic hyperplasia (BPH),False,495.5,3.07,97.1,3.0,6.0,13.0,0.0,C25H32F3N3O4,30.0,True,
CHEMBL707,DOXAZOSIN,4.0,1990.0,COc1cc2nc(N3CCN(C(=O)C4COc5ccccc5O4)CC3)nc(N)c2cc1OC,RUZYUOTYCVRMRZ-UHFFFAOYSA-N,C02CA04,Launched,adrenergic receptor antagonist,benign prostatic hyperplasia (BPH)|hypertension,False,451.5,1.72,112.3,1.0,9.0,4.0,0.0,C23H25N5O5,10.0,True,
CHEMBL279516,INDORAMIN,4.0,,O=C(NC1CCN(CCc2c[nH]c3ccccc23)CC1)c1ccccc1,JXZZEXZZKAWDSP-UHFFFAOYSA-N,C02CA02,Launched,adrenergic receptor antagonist,benign prostatic hyperplasia (BPH)|hypertension,False,347.5,3.6,48.1,2.0,2.0,5.0,0.0,C22H25N3O,10.0,True,
CHEMBL24828,VANDETANIB,4.0,2011.0,COc1cc2/c(=N/c3ccc(Br)cc3F)nc[nH]c2cc1OCC1CCN(C)CC1,UHTHHESEBZOYNR-UHFFFAOYSA-N,L01EX04,Launched,EGFR inhibitor|RET tyrosine kinase inhibitor|VEGFR inhibitor,medullary thyroid cancer (MTC),False,475.4,4.43,62.7,1.0,5.0,5.0,0.0,C22H24BrFN4O2,10.0,True,
CHEMBL278819,MINAPRINE,4.0,,Cc1cc(-c2ccccc2)nnc1NCCN1CCOCC1,LDMWSLGGVTVJPG-UHFFFAOYSA-N,N06AX07,Withdrawn,serotonin reuptake inhibitor,,False,298.4,2.2,50.3,1.0,5.0,5.0,0.0,C17H22N4O,10.0,True,
CHEMBL25202,TAMIBAROTENE,4.0,,CC1(C)CCC(C)(C)c2cc(NC(=O)c3ccc(C(=O)O)cc3)ccc21,MUTNCGKQJGXKEM-UHFFFAOYSA-N,,Launched,retinoid receptor agonist,acute promyelocytic leukemia (APL),False,351.4,4.99,66.4,2.0,2.0,3.0,0.0,C22H25NO3,8.0,True,
CHEMBL708,ZIPRASIDONE,4.0,2001.0,O=C1Cc2cc(CCN3CCN(c4nsc5ccccc45)CC3)c(Cl)cc2N1,MVWVFYHBGMAFLY-UHFFFAOYSA-N,N05AE04,Launched,dopamine receptor antagonist|serotonin receptor antagonist,schizophrenia|bipolar disorder,False,412.9,3.81,48.5,1.0,5.0,4.0,0.0,C21H21ClN4OS,8.0,True,
CHEMBL709,ALFUZOSIN,4.0,2003.0,COc1cc2nc(N(C)CCCNC(=O)C3CCCO3)nc(N)c2cc1OC,WNMJYKCGWZFFKR-UHFFFAOYSA-N,G04CA01,Launched,adrenergic receptor antagonist,benign prostatic hyperplasia (BPH),False,389.5,1.35,111.8,2.0,8.0,8.0,0.0,C19H27N5O4,18.0,True,
CHEMBL710,FINASTERIDE,4.0,1992.0,CC(C)(C)NC(=O)[C@H]1CC[C@H]2[C@@H]3CC[C@H]4NC(=O)C=C[C@]4(C)[C@H]3CC[C@]12C,DBEPLOCGEIEOCV-WSBQPABSSA-N,G04CB01;D11AX10,Launched,5 alpha reductase inhibitor,androgenetic alopecia,False,372.6,3.81,58.2,2.0,2.0,1.0,0.0,C23H36N2O2,4.0,True,
CHEMBL711,PHENINDIONE,4.0,1982.0,O=C1c2ccccc2C(=O)C1c1ccccc1,NFBAXHOPROOJAW-UHFFFAOYSA-N,B01AA02,Launched,vitamin K antagonist,deep vein thrombosis (DVT),False,222.2,2.85,34.1,0.0,2.0,1.0,0.0,C15H10O2,2.0,True,
CHEMBL712,ANISINDIONE,4.0,1957.0,COc1ccc(C2C(=O)c3ccccc3C2=O)cc1,XRCFXMGQEVUZFC-UHFFFAOYSA-N,,Launched,vitamin K antagonist,deep vein thrombosis (DVT),False,252.3,2.86,43.4,0.0,3.0,2.0,0.0,C16H12O3,4.0,True,
CHEMBL24924,FLUINDIONE,4.0,,O=C1c2ccccc2C(=O)C1c1ccc(F)cc1,NASXCEITKQITLD-UHFFFAOYSA-N,B01AA12,,,,False,240.2,2.99,34.1,0.0,2.0,1.0,0.0,C15H9FO2,2.0,True,
CHEMBL713,ENTECAVIR ANHYDROUS,4.0,2005.0,C=C1[C@H](CO)[C@@H](O)C[C@@H]1n1cnc2c(=O)[nH]c(N)nc21,QDGZDCVAUDNJFG-FXQIFTODSA-N,,,,,False,277.3,-0.83,130.0,4.0,6.0,2.0,0.0,C12H15N5O3,8.0,True,
CHEMBL141,LAMIVUDINE,4.0,1995.0,Nc1ccn([C@@H]2CS[C@H](CO)O2)c(=O)n1,JTEGQNOMFQHVDC-NKWVEPMBSA-N,J05AF05,Launched,nucleoside reverse transcriptase inhibitor,human immunodeficiency virus (HIV-1)|acquired immunodeficiency syndrome (AIDS)|hepatitis B,False,229.3,-0.59,90.4,2.0,6.0,2.0,0.0,C8H11N3O3S,6.0,True,
CHEMBL714,ALBUTEROL,4.0,1981.0,CC(C)(C)NCC(O)c1ccc(O)c(CO)c1,NDAUXUAQIAJITI-UHFFFAOYSA-N,R03AC02;R03CC02,Launched,adrenergic receptor agonist,asthma,False,239.3,1.31,72.7,4.0,4.0,4.0,0.0,C13H21NO3,16.0,True,
CHEMBL715,OLANZAPINE,4.0,1996.0,Cc1cc2c(s1)Nc1ccccc1N=C2N1CCN(C)CC1,KVWDHTXUZHCGIO-UHFFFAOYSA-N,N05AH03,Launched,dopamine receptor antagonist|serotonin receptor antagonist,schizophrenia|bipolar disorder,False,312.4,3.44,30.9,1.0,5.0,0.0,0.0,C17H20N4S,0.0,True,
CHEMBL716,QUETIAPINE,4.0,1997.0,OCCOCCN1CCN(C2=Nc3ccccc3Sc3ccccc32)CC1,URKOMYMAXPYINW-UHFFFAOYSA-N,N05AH04,Launched,dopamine receptor antagonist|serotonin receptor antagonist,schizophrenia|bipolar disorder,False,383.5,2.86,48.3,1.0,6.0,5.0,0.0,C21H25N3O2S,12.0,True,
CHEMBL28333,MEDAZEPAM,4.0,,CN1CCN=C(c2ccccc2)c2cc(Cl)ccc21,YLCXGBZIZBEVPZ-UHFFFAOYSA-N,N05BA03,,,,False,270.8,3.63,15.6,0.0,2.0,1.0,0.0,C16H15ClN2,10.0,True,
CHEMBL717,MEDROXYPROGESTERONE ACETATE,4.0,1959.0,CC(=O)O[C@]1(C(C)=O)CC[C@H]2[C@@H]3C[C@H](C)C4=CC(=O)CC[C@]4(C)[C@H]3CC[C@@]21C,PSGAAPLEWMOORI-PEINSRQWSA-N,L02AB02;G03AC06;G03DA02,,,,False,386.5,4.66,60.4,0.0,4.0,2.0,0.0,C24H34O4,6.0,True,
CHEMBL28218,BROMPERIDOL,4.0,,O=C(CCCN1CCC(O)(c2ccc(Br)cc2)CC1)c1ccc(F)cc1,RKLNONIVDFXQRX-UHFFFAOYSA-N,N05AD06,Launched,dopamine receptor antagonist,schizophrenia,False,420.3,4.53,40.5,1.0,3.0,6.0,0.0,C21H23BrFNO2,14.0,True,
CHEMBL719,MUPIROCIN,4.0,1987.0,C/C(=C\C(=O)OCCCCCCCCC(=O)O)C[C@@H]1OC[C@H](C[C@@H]2O[C@H]2[C@@H](C)[C@H](C)O)[C@@H](O)[C@H]1O,MINDHVHHQZYEEK-HBBNESRFSA-N,D06AX09;R01AX06,Launched,isoleucyl-tRNA synthetase inhibitor,impetigo,False,500.6,2.59,146.1,4.0,8.0,16.0,0.0,C26H44O9,42.0,True,
CHEMBL720,BENZYL ALCOHOL,4.0,2009.0,OCc1ccccc1,WVDDGKGOMKODPV-UHFFFAOYSA-N,P03AX06,,,,False,108.1,1.18,20.2,1.0,1.0,1.0,0.0,C7H8O,4.0,True,
CHEMBL28318,PROPYPHENAZONE,4.0,,Cc1c(C(C)C)c(=O)n(-c2ccccc2)n1C,PXWLVJLKJGVOKE-UHFFFAOYSA-N,N02BB04;N02BB54;N02BB74,Preclinical,anti-inflammatory agent,,False,230.3,2.61,26.9,0.0,1.0,2.0,0.0,C14H18N2O,4.0,True,
CHEMBL27810,CELIPROLOL,4.0,,CCN(CC)C(=O)Nc1ccc(OCC(O)CNC(C)(C)C)c(C(C)=O)c1,JOATXPAWOHTVSZ-UHFFFAOYSA-N,C07AB08,Launched,adrenergic receptor antagonist,Ehlers-Danlos syndrome (EDS),False,379.5,2.89,90.9,3.0,5.0,9.0,0.0,C20H33N3O4,22.0,True,
CHEMBL434200,TERTATOLOL,4.0,,CC(C)(C)NCC(O)COc1cccc2c1SCCC2,HTWFXPCUFWKXOP-UHFFFAOYSA-N,C07AA16,,,,False,295.4,2.85,41.5,2.0,4.0,5.0,0.0,C16H25NO2S,14.0,True,
CHEMBL723,CARVEDILOL,4.0,1995.0,COc1ccccc1OCCNCC(O)COc1cccc2[nH]c3ccccc3c12,OGHNVEJMJSYVRP-UHFFFAOYSA-N,C07AG02,Launched,adrenergic receptor antagonist,myocardial infarction|hypertension,False,406.5,3.74,75.7,3.0,5.0,10.0,0.0,C24H26N2O4,22.0,True,
CHEMBL726,FLUPHENAZINE,4.0,1959.0,OCCN1CCN(CCCN2c3ccccc3Sc3ccc(C(F)(F)F)cc32)CC1,PLDUPXSUYLZYBN-UHFFFAOYSA-N,N05AB02,Launched,dopamine receptor antagonist,schizophrenia,False,437.5,4.31,30.0,1.0,5.0,6.0,0.0,C22H26F3N3OS,16.0,True,
CHEMBL727,THIOGUANINE,4.0,1966.0,Nc1nc2[nH]cnc2c(=S)[nH]1,WYWHKKSPHMUBEB-UHFFFAOYSA-N,L01BB03,Launched,purine antagonist,acute myeloid leukemia (AML),False,167.2,0.6,83.4,3.0,4.0,0.0,0.0,C5H5N5S,0.0,True,
CHEMBL27193,DILEVALOL,4.0,1990.0,C[C@H](CCc1ccccc1)NC[C@H](O)c1ccc(O)c(C(N)=O)c1,SGUAFYQXFOLMHL-ACJLOTCBSA-N,,,,,False,328.4,2.14,95.6,4.0,4.0,8.0,0.0,C19H24N2O3,20.0,True,
CHEMBL728,PROCHLORPERAZINE,4.0,1956.0,CN1CCN(CCCN2c3ccccc3Sc3ccc(Cl)cc32)CC1,WIKYUJGCLQQFNW-UHFFFAOYSA-N,N05AB04,Launched,dopamine receptor antagonist,nausea|vomiting,False,374.0,4.58,9.7,0.0,4.0,4.0,0.0,C20H24ClN3S,8.0,True,
CHEMBL729,LOPINAVIR,4.0,2000.0,Cc1cccc(C)c1OCC(=O)N[C@@H](Cc1ccccc1)[C@@H](O)C[C@H](Cc1ccccc1)NC(=O)[C@H](C(C)C)N1CCCNC1=O,KJHKTHWMRKYKJE-SUGCFTRWSA-N,,Launched,HIV protease inhibitor,human immunodeficiency virus (HIV-1),False,628.8,4.33,120.0,4.0,5.0,15.0,0.0,C37H48N4O5,32.0,True,
CHEMBL730,NITROGLYCERIN,4.0,1981.0,O=[N+]([O-])OCC(CO[N+](=O)[O-])O[N+](=O)[O-],SNIOPGDIGTZGOP-UHFFFAOYSA-N,C01DA52;C05AE01;C01DA02,,,,False,227.1,-1.02,157.1,0.0,9.0,8.0,0.0,C3H5N3O9,16.0,True,
CHEMBL734,ACETOHYDROXAMIC ACID,4.0,1983.0,CC(=O)NO,RRUDCFGSUDOHDG-UHFFFAOYSA-N,G04BX03,,,,False,,,,,,,,,,False,F2_mw_75
CHEMBL284906,NICORANDIL,4.0,,O=C(NCCO[N+](=O)[O-])c1cccnc1,LBHIOVVIQHSOQN-UHFFFAOYSA-N,C01DX16,Launched,nitric oxide donor|potassium channel activator,angina pectoris,False,211.2,0.02,94.4,1.0,5.0,5.0,0.0,C8H9N3O4,10.0,True,
CHEMBL282121,MEBEVERINE,4.0,,CCN(CCCCOC(=O)c1ccc(OC)c(OC)c1)C(C)Cc1ccc(OC)cc1,VYVKHNNGDFVQGA-UHFFFAOYSA-N,A03AA04,Launched,acetylcholine receptor antagonist,irritable bowel syndrome,False,429.6,4.6,57.2,0.0,6.0,13.0,0.0,C25H35NO5,28.0,True,
CHEMBL738,THIOPENTAL SODIUM,4.0,1982.0,CCCC(C)C1(CC)C(=O)[N-]C(=S)NC1=O.[Na+],AWLILQARPMWUHA-UHFFFAOYSA-M,,,,,False,241.3,2.13,60.3,1.0,3.0,4.0,-1.0,C11H17N2O2S-,8.0,True,
CHEMBL30219,METHOHEXITAL SODIUM,4.0,1960.0,C=CCC1(C(C)C#CCC)C(=O)N=C([O-])N(C)C1=O.[Na+],KDXZREBVGAGZHS-UHFFFAOYSA-M,,,,,False,261.3,0.31,72.8,0.0,3.0,3.0,-1.0,C14H17N2O3-,8.0,True,
CHEMBL741,LAMOTRIGINE,4.0,1994.0,Nc1nnc(-c2cccc(Cl)c2Cl)c(N)n1,PYZRQGJRPPTADH-UHFFFAOYSA-N,N03AX09,Launched,serotonin receptor antagonist|sodium channel blocker,epilepsy|bipolar disorder,True,256.1,2.01,90.7,2.0,5.0,1.0,0.0,C9H7Cl2N5,6.0,True,
CHEMBL742,KETAMINE,4.0,1970.0,CNC1(c2ccccc2Cl)CCCCC1=O,YQEZLKZALYSWHR-UHFFFAOYSA-N,N01AX03,,,,True,237.7,2.9,29.1,1.0,2.0,2.0,0.0,C13H16ClNO,4.0,True,
CHEMBL744,RILUZOLE,4.0,1995.0,Nc1nc2ccc(OC(F)(F)F)cc2s1,FTALBRSUTCGOEG-UHFFFAOYSA-N,N07XX02,Launched,glutamate inhibitor,amyotrophic lateral sclerosis (ALS),True,234.2,2.78,48.1,1.0,4.0,1.0,0.0,C8H5F3N2OS,6.0,True,
CHEMBL746,NEDOCROMIL,4.0,1992.0,CCCc1c2oc(C(=O)O)cc(=O)c2cc2c(=O)cc(C(=O)O)n(CC)c12,RQTOOFIXOKYGAN-UHFFFAOYSA-N,R01AC07;R03BC03;S01GX04,Launched,histamine receptor antagonist,itching|conjunctivitis,False,371.3,2.48,126.8,2.0,5.0,5.0,0.0,C19H17NO7,14.0,True,
CHEMBL748,PRALIDOXIME CHLORIDE,4.0,1964.0,C[n+]1ccccc1/C=N/O.[Cl-],HIGSLXSBYYMVKI-UHFFFAOYSA-N,,,,,False,137.2,0.32,36.5,1.0,2.0,1.0,1.0,C7H9N2O+,4.0,True,
CHEMBL750,ZONISAMIDE,4.0,2000.0,NS(=O)(=O)Cc1noc2ccccc12,UBQNRHZMVUUOMG-UHFFFAOYSA-N,N03AX15,Launched,sodium channel blocker|T-type calcium channel blocker,seizures|epilepsy,True,212.2,0.62,86.2,1.0,4.0,2.0,0.0,C8H8N2O3S,6.0,True,
CHEMBL752,ADENOSINE PHOSPHATE,4.0,,Nc1ncnc2c1ncn2[C@@H]1O[C@H](COP(=O)(O)O)[C@@H](O)[C@H]1O,UDMBCSSLTHHNCD-KQYNXXCUSA-N,,,,,False,347.2,-1.86,186.1,5.0,9.0,4.0,0.0,C10H14N5O7P,18.0,True,
CHEMBL753,PHENOXYBENZAMINE,4.0,1953.0,CC(COc1ccccc1)N(CCCl)Cc1ccccc1,QZVCTJOXCFMACW-UHFFFAOYSA-N,C04AX02,Launched,adrenergic receptor antagonist,hypertension|pheochromocytoma,False,303.8,4.19,12.5,0.0,2.0,8.0,0.0,C18H22ClNO,16.0,True,
CHEMBL754,FOSCARNET SODIUM,4.0,1991.0,O=C([O-])P(=O)([O-])[O-].[Na+].[Na+].[Na+],DFHAXXVZCFXGOQ-UHFFFAOYSA-K,,,,,False,123.0,-2.76,103.3,0.0,5.0,1.0,-3.0,CO5P-3,,False,F3_druglikeness
CHEMBL760,ANAGRELIDE,4.0,1997.0,O=C1CN2Cc3c(ccc(Cl)c3Cl)N=C2N1,OTBXOEAOVRKTNQ-UHFFFAOYSA-N,L01XX35,Launched,phosphodiesterase inhibitor,thrombocythemia|myeloproliferative neoplasms,False,256.1,1.93,44.7,1.0,3.0,0.0,0.0,C10H7Cl2N3O,0.0,True,
CHEMBL761,NAPHAZOLINE,4.0,1971.0,c1ccc2c(CC3=NCCN3)cccc2c1,CNIIGCLFLJGOGP-UHFFFAOYSA-N,R01AA08;S01GA51;S01GA01;R01AB02,Launched,adrenergic receptor agonist,eye irritation,False,210.3,2.38,24.4,1.0,2.0,2.0,0.0,C14H14N2,4.0,True,
CHEMBL762,OXYMETAZOLINE,4.0,1986.0,Cc1cc(C(C)(C)C)c(O)c(C)c1CC1=NCCN1,WYWIFABBXFUGLM-UHFFFAOYSA-N,D11AX27;R01AA05;S01GA04;R01AB07,Launched,adrenergic receptor agonist,nasal congestion,False,260.4,2.85,44.6,2.0,3.0,2.0,0.0,C16H24N2O,8.0,True,
CHEMBL765,GUANETHIDINE,4.0,1960.0,N=C(N)NCCN1CCCCCCC1,ACGDKVXYNVEAGU-UHFFFAOYSA-N,S01EX01;C02CC02,Launched,adrenergic inhibitor,hypertension,False,198.3,0.74,65.1,3.0,2.0,3.0,0.0,C10H22N4,20.0,True,
CHEMBL766,CILASTATIN,4.0,1985.0,CC1(C)C[C@@H]1C(=O)N/C(=C\CCCCSC[C@H](N)C(=O)O)C(=O)O,DHSUYTOATWAVLW-WFVMDLQDSA-N,,Launched,dehydropeptidase inhibitor,,False,358.5,1.43,129.7,4.0,5.0,11.0,0.0,C16H26N2O5S,28.0,True,
CHEMBL768,ESMOLOL,4.0,1986.0,COC(=O)CCc1ccc(OCC(O)CNC(C)C)cc1,AQNDDEOPVVGCPG-UHFFFAOYSA-N,C07AB09,Launched,adrenergic receptor antagonist,ventricular tachycardia (VT)|hypertension,False,295.4,1.53,67.8,2.0,5.0,9.0,0.0,C16H25NO4,22.0,True,
CHEMBL770,TOLAZOLINE,4.0,1985.0,c1ccc(CC2=NCCN2)cc1,JIVZKJJQOZQXQB-UHFFFAOYSA-N,M02AX02;C04AB02,Launched,adrenergic receptor antagonist,reverse sedative,False,160.2,1.23,24.4,1.0,2.0,2.0,0.0,C10H12N2,4.0,True,
CHEMBL771,CYCLOSERINE,4.0,1964.0,N[C@@H]1CONC1=O,DYDCUQKUCUHJBH-UWTATZPHSA-N,J04AB01,,,,False,102.1,-1.62,64.3,2.0,3.0,0.0,0.0,C3H6N2O2,2.0,True,
CHEMBL148,IMIPENEM ANHYDROUS,4.0,1985.0,C[C@@H](O)[C@H]1C(=O)N2C(C(=O)O)=C(SCCNC=N)C[C@H]12,ZSKVGTPCRGIANV-ZXFLCMHBSA-N,,,,,False,299.4,-0.18,113.7,4.0,5.0,7.0,0.0,C12H17N3O4S,16.0,True,
CHEMBL772,RESERPINE,4.0,1960.0,COC(=O)[C@H]1[C@H]2C[C@@H]3c4[nH]c5cc(OC)ccc5c4CCN3C[C@H]2C[C@@H](OC(=O)c2cc(OC)c(OC)c(OC)c2)[C@@H]1OC,QEVHRUUCFGRFIF-MDEJGZGSSA-N,C02AA52;C02AA02,Launched,vesicular monoamine transporter inhibitor,hypertension,False,608.7,4.17,117.8,1.0,10.0,8.0,0.0,C33H40N2O9,20.0,True,
CHEMBL773,GLYCINE,4.0,1982.0,NCC(=O)O,DHMQDGOQFOQNFH-UHFFFAOYSA-N,B05CX03,,,,False,,,,,,,,,,False,F2_mw_75
CHEMBL776,METAPROTERENOL,4.0,1973.0,CC(C)NCC(O)c1cc(O)cc(O)c1,LMOINURANNBYCM-UHFFFAOYSA-N,R03AB03;R03CB03,Launched,adrenergic receptor agonist,bronchospasm|asthma|bronchitis|emphysema,False,211.3,1.13,72.7,4.0,4.0,4.0,0.0,C11H17NO3,14.0,True,
CHEMBL777,CLAVULANIC ACID,4.0,1984.0,O=C(O)[C@H]1/C(=C/CO)O[C@@H]2CC(=O)N21,HZZVJAQRINQKSD-PBFISZAISA-N,,,,,False,199.2,-1.1,87.1,2.0,4.0,2.0,0.0,C8H9NO5,8.0,True,
CHEMBL778,DEXMEDETOMIDINE,4.0,1999.0,Cc1cccc([C@H](C)c2c[nH]cn2)c1C,CUHVIMMYOGQXCV-NSHDSACASA-N,N05CM18,Launched,adrenergic receptor agonist,sedative,True,200.3,3.18,28.7,1.0,1.0,2.0,0.0,C13H16N2,4.0,True,
CHEMBL779,TADALAFIL,4.0,2002.0,CN1CC(=O)N2[C@H](c3ccc4c(c3)OCO4)c3[nH]c4ccccc4c3C[C@@H]2C1=O,WOXKDUGGOYFFRN-IIBYNOLFSA-N,G04BE08,Launched,phosphodiesterase inhibitor,erectile dysfunction,False,389.4,2.21,74.9,1.0,4.0,1.0,0.0,C22H19N3O4,2.0,True,
CHEMBL33986,BUTORPHANOL,4.0,1978.0,Oc1ccc2c(c1)[C@@]13CCCC[C@@]1(O)[C@@H](C2)N(CC1CCC1)CC3,IFKLAQQSCNILHL-QHAWAJNXSA-N,N02AF01,,,,False,327.5,3.37,43.7,2.0,3.0,2.0,0.0,C21H29NO2,8.0,True,
CHEMBL780,PENTETIC ACID,4.0,2004.0,O=C(O)CN(CCN(CC(=O)O)CC(=O)O)CCN(CC(=O)O)CC(=O)O,QPCDCPDFJACHGM-UHFFFAOYSA-N,,,,,False,393.3,-2.68,196.2,5.0,8.0,16.0,0.0,C14H23N3O10,42.0,True,
CHEMBL781,MAZINDOL,4.0,1973.0,OC1(c2ccc(Cl)cc2)c2ccccc2C2=NCCN21,ZPXSCAKFGYXMGA-UHFFFAOYSA-N,A08AA05,,,,False,284.7,2.61,35.8,1.0,3.0,1.0,0.0,C16H13ClN2O,4.0,True,
CHEMBL290106,BITHIONOL,4.0,,Oc1c(Cl)cc(Cl)cc1Sc1cc(Cl)cc(Cl)c1O,JFIOVJDNOJYLKP-UHFFFAOYSA-N,D10AB01;P02BX01,Withdrawn,autotaxin inhibitor,,False,356.1,5.86,40.5,2.0,3.0,2.0,0.0,C12H6Cl4O2S,8.0,True,
CHEMBL782,TOLBUTAMIDE,4.0,1961.0,CCCCNC(=O)NS(=O)(=O)c1ccc(C)cc1,JLRGJRBPOGGCBT-UHFFFAOYSA-N,V04CA01;A10BB03,Launched,ATP channel blocker,diabetes mellitus,False,270.4,1.78,75.3,2.0,3.0,5.0,0.0,C12H18N2O3S,10.0,True,
CHEMBL783,NATEGLINIDE,4.0,2000.0,CC(C)[C@H]1CC[C@H](C(=O)N[C@H](Cc2ccccc2)C(=O)O)CC1,OELFLUMRDSZNSF-BRWVUGGUSA-N,A10BX03,Launched,insulin secretagogue,diabetes mellitus,False,317.4,3.26,66.4,2.0,2.0,6.0,0.0,C19H27NO3,14.0,True,
CHEMBL32479,BROTIZOLAM,4.0,1984.0,Cc1nnc2n1-c1sc(Br)cc1C(c1ccccc1Cl)=NC2,UMSGKTJDUHERQW-UHFFFAOYSA-N,N05CD09,,,,False,393.7,4.4,43.1,0.0,4.0,1.0,0.0,C15H10BrClN4S,2.0,True,
CHEMBL786,TAMOXIFEN CITRATE,4.0,1977.0,CC/C(=C(\c1ccccc1)c1ccc(OCCN(C)C)cc1)c1ccccc1.O=C(O)CC(O)(CC(=O)O)C(=O)O,FQZYTYWMLGAPFJ-OQKDUQJOSA-N,,,,,False,371.5,6.0,12.5,0.0,2.0,8.0,0.0,C26H29NO,16.0,True,
CHEMBL787,MONTELUKAST,4.0,1998.0,CC(C)(O)c1ccccc1CC[C@@H](SCC1(CC(=O)O)CC1)c1cccc(/C=C/c2ccc3ccc(Cl)cc3n2)c1,UCHDWCPVSPXUMX-TZIWLTJVSA-N,R03DC53;R03DC03,Launched,leukotriene receptor antagonist,asthma|allergic rhinitis|exercise-induced bronchoconstriction (EIB),False,586.2,8.95,70.4,2.0,4.0,12.0,0.0,C35H36ClNO3S,28.0,True,
CHEMBL788,IDOXURIDINE,4.0,1963.0,O=c1[nH]c(=O)n([C@H]2C[C@H](O)[C@@H](CO)O2)cc1I,XQFRJNBWHJMXHO-RRKCRQDMSA-N,D06BB01;J05AB02;S01AD01,Launched,DNA directed DNA polymerase inhibitor|DNA synthesis inhibitor,virus herpes simplex (HSV),False,354.1,-1.22,104.6,3.0,5.0,2.0,0.0,C9H11IN2O5,8.0,True,
CHEMBL36506,NOVOBIOCIN,4.0,1964.0,CO[C@@H]1[C@@H](OC(N)=O)[C@@H](O)[C@H](Oc2ccc3c(O)c(NC(=O)c4ccc(O)c(CC=C(C)C)c4)c(=O)oc3c2C)OC1(C)C,YJQPYGGHQPGBLI-KGSXXDOSSA-N,,Launched,bacterial DNA gyrase inhibitor,mastitis,False,612.6,3.63,200.0,5.0,11.0,8.0,0.0,C31H36N2O11,24.0,True,
CHEMBL152,CIDOFOVIR ANHYDROUS,4.0,1996.0,Nc1ccn(C[C@@H](CO)OCP(=O)(O)O)c(=O)n1,VWFCHDSQECPREK-LURJTMIESA-N,,,,,False,279.2,-1.66,147.9,4.0,6.0,6.0,0.0,C8H14N3O6P,18.0,True,
CHEMBL790,CHLORHEXIDINE,4.0,1976.0,N=C(NCCCCCCNC(=N)NC(=N)Nc1ccc(Cl)cc1)NC(=N)Nc1ccc(Cl)cc1,GHXZTYHSJHQHIJ-UHFFFAOYSA-N,D08AC02;D09AA12;S01AX09;B05CA02;D08AC52;A01AB03;R02AA05;S02AA09;S03AA04,Launched,membrane integrity inhibitor,cosmetic|skin infections|gingivitis,False,505.5,4.18,167.6,10.0,4.0,9.0,0.0,C22H30Cl2N10,18.0,True,
CHEMBL32800,FENOTEROL,4.0,,CC(Cc1ccc(O)cc1)NCC(O)c1cc(O)cc(O)c1,LSLYOANBFKQKPT-UHFFFAOYSA-N,G02CA03;R03CC04;R03AC04,Withdrawn,adrenergic receptor agonist,,False,303.4,2.06,93.0,5.0,5.0,6.0,0.0,C17H21NO4,20.0,True,
CHEMBL796,METHYLPHENIDATE,4.0,1955.0,COC(=O)C(c1ccccc1)C1CCCCN1,DUGOZIWVEXMGBE-UHFFFAOYSA-N,N06BA04,,,,False,233.3,2.09,38.3,1.0,3.0,3.0,0.0,C14H19NO2,8.0,True,
CHEMBL285674,ESTAZOLAM,4.0,1990.0,Clc1ccc2c(c1)C(c1ccccc1)=NCc1nncn1-2,CDCHDCWJMGXXRH-UHFFFAOYSA-N,N05CD04,,,,False,294.7,3.27,43.1,0.0,3.0,1.0,0.0,C16H11ClN4,2.0,True,
CHEMBL797,PHENSUXIMIDE,4.0,1982.0,CN1C(=O)CC(c2ccccc2)C1=O,WLWFNJKHKGIJNW-UHFFFAOYSA-N,N03AD02,Launched,succinimide antiepileptic,seizures,False,189.2,1.16,37.4,0.0,2.0,1.0,0.0,C11H11NO2,2.0,True,
CHEMBL34259,METHOTREXATE,4.0,1953.0,CN(Cc1cnc2nc(N)nc(N)c2n1)c1ccc(C(=O)N[C@@H](CCC(=O)O)C(=O)O)cc1,FBOZXECLQNJBKD-ZDUSSCGKSA-N,L04AX03;L01BA01,Launched,dihydrofolate reductase inhibitor,gestational choriocarcinoma|hydatidiform mole|acute lymphoblastic leukemia (ALL)|psoriasis|rheumatoid arthritis,False,454.4,0.27,210.5,5.0,10.0,9.0,0.0,C20H22N8O5,26.0,True,
CHEMBL284092,GEPIRONE,4.0,2023.0,CC1(C)CC(=O)N(CCCCN2CCN(c3ncccn3)CC2)C(=O)C1,QOIGKGMMAGJZNZ-UHFFFAOYSA-N,N06AX19,,,,False,359.5,1.55,69.6,0.0,6.0,6.0,0.0,C19H29N5O2,12.0,True,
CHEMBL799,CILOSTAZOL,4.0,1999.0,O=C1CCc2cc(OCCCCc3nnnn3C3CCCCC3)ccc2N1,RRGUKTPIGVIEKM-UHFFFAOYSA-N,B01AC23,Launched,phosphodiesterase inhibitor,claudication,False,369.5,3.46,81.9,1.0,5.0,7.0,0.0,C20H27N5O2,14.0,True,
CHEMBL802,MINOXIDIL,4.0,1979.0,Nc1cc(N2CCCCC2)nc(N)[n+]1[O-],ZFMITUMMTDLWHR-UHFFFAOYSA-N,C02DC01;D11AX01,Launched,KATP activator|Kir6 channel (KATP) activator|vasodilator,androgenetic alopecia,False,209.3,-0.13,95.1,2.0,5.0,1.0,0.0,C9H15N5O,6.0,True,
CHEMBL154,NAPROXEN,4.0,1976.0,COc1ccc2cc([C@H](C)C(=O)O)ccc2c1,CMWTZPSULFXXJA-VIFPVBQESA-N,G02CC02;M01AE02;M02AA12,Launched,cyclooxygenase inhibitor,pain relief|rheumatoid arthritis|headache|toothache|backache|muscle pain|common cold|fever,False,230.3,3.04,46.5,1.0,2.0,3.0,0.0,C14H14O3,8.0,True,
CHEMBL416956,MEFLOQUINE,4.0,1989.0,OC(c1cc(C(F)(F)F)nc2c(C(F)(F)F)cccc12)C1CCCCN1,XEEQGYMUWCZPDN-UHFFFAOYSA-N,P01BC02,Launched,adenosine receptor antagonist|hemoglobin antagonist,malaria,False,378.3,4.45,45.2,2.0,3.0,2.0,0.0,C17H16F6N2O,10.0,True,
CHEMBL803,CYTARABINE,4.0,1969.0,Nc1ccn([C@@H]2O[C@H](CO)[C@@H](O)[C@@H]2O)c(=O)n1,UHDGCWIWMRVCDJ-CCXZUQQUSA-N,L01BC01,Launched,ribonucleotide reductase inhibitor,acute lymphoblastic leukemia (ALL)|chronic lymphocytic leukemia (CLL)|acute myeloid leukemia (AML)|non-Hodgkin lymphoma (NHL),False,243.2,-2.56,130.8,4.0,7.0,2.0,0.0,C9H13N3O5,10.0,True,
CHEMBL806,FLUTAMIDE,4.0,1989.0,CC(C)C(=O)Nc1ccc([N+](=O)[O-])c(C(F)(F)F)c1,MKXKFYHWDHIYRV-UHFFFAOYSA-N,L02BB01,Launched,androgen receptor antagonist,prostate cancer,False,276.2,3.21,72.2,1.0,3.0,3.0,0.0,C11H11F3N2O3,8.0,True,
CHEMBL807,MEMANTINE,4.0,2002.0,CC12CC3CC(C)(C1)CC(N)(C3)C2,BUGYDGFZZOZRHP-UHFFFAOYSA-N,N06DX01,Launched,glutamate receptor antagonist,Alzheimer's disease|senile dementia,True,179.3,2.69,26.0,1.0,1.0,0.0,0.0,C12H21N,2.0,True,
CHEMBL808,ECONAZOLE,4.0,1982.0,Clc1ccc(COC(Cn2ccnc2)c2ccc(Cl)cc2Cl)cc1,LEZWWPYKPKIXLL-UHFFFAOYSA-N,D01AC03;G01AF05,Launched,lanosterol demethylase inhibitor|sterol demethylase inhibitor,tinea pedis|tinea cruris|tinea corporis|tinea versicolor|cutaneous candidiasis,False,381.7,5.8,27.1,0.0,2.0,6.0,0.0,C18H15Cl3N2O,12.0,True,
CHEMBL809,SERTRALINE,4.0,1991.0,CN[C@H]1CC[C@@H](c2ccc(Cl)c(Cl)c2)c2ccccc21,VGKDLMBJGBXTGI-SJCJKPOMSA-N,N06AB06,Launched,selective serotonin reuptake inhibitor (SSRI),depression|obsessive compulsive disorder (OCD)|panic disorders|posttraumatic stress disorder|premenstrual syndrome|social anxiety disorder,False,306.2,5.18,12.0,1.0,1.0,2.0,0.0,C17H17Cl2N,4.0,True,
CHEMBL36715,PIRACETAM,4.0,,NC(=O)CN1CCCC1=O,GMZVRMREEHBGGF-UHFFFAOYSA-N,N06BX03,Launched,acetylcholine receptor agonist,senile dementia,False,142.2,-0.91,63.4,1.0,2.0,2.0,0.0,C6H10N2O2,4.0,True,
CHEMBL810,TEMOZOLOMIDE,4.0,1999.0,Cn1nnc2c(C(N)=O)ncn2c1=O,BPEGJWRSRHCHSN-UHFFFAOYSA-N,L01AX03,Launched,DNA alkylating agent,glioblastoma|astrocytoma,False,194.2,-2.08,108.2,1.0,5.0,1.0,0.0,C6H6N6O2,2.0,True,
CHEMBL811,BROMPHENIRAMINE,4.0,1957.0,CN(C)CCC(c1ccc(Br)cc1)c1ccccn1,ZDIGNSYAACHWNL-UHFFFAOYSA-N,R06AB51;R06AB01,Launched,histamine receptor antagonist,allergic rhinitis|common cold,False,319.2,3.93,16.1,0.0,2.0,5.0,0.0,C16H19BrN2,10.0,True,
CHEMBL37744,ZIMELDINE,4.0,,CN(C)C/C=C(/c1ccc(Br)cc1)c1cccnc1,OYPPVKRFBIWMSX-SXGWCWSVSA-N,N06AB02,,,,False,317.2,3.84,16.1,0.0,2.0,4.0,0.0,C16H17BrN2,8.0,True,
CHEMBL812,PYRIDOSTIGMINE BROMIDE,4.0,1955.0,CN(C)C(=O)Oc1ccc[n+](C)c1.[Br-],VNYBTNPBYXSMOO-UHFFFAOYSA-M,,,,,False,181.2,0.57,33.4,0.0,2.0,1.0,1.0,C9H13N2O2+,4.0,True,
CHEMBL813,EPROSARTAN,4.0,1997.0,CCCCc1ncc(/C=C(\Cc2cccs2)C(=O)O)n1Cc1ccc(C(=O)O)cc1,OROAFUQRIXKEMV-LDADJPATSA-N,C09CA02,Launched,angiotensin receptor antagonist,hypertension,False,424.5,4.74,92.4,2.0,4.0,10.0,0.0,C23H24N2O4S,24.0,True,
CHEMBL289469,GRANISETRON,4.0,1993.0,CN1C2CCCC1CC(NC(=O)c1nn(C)c3ccccc13)C2,MFWNKCLOYSRHCJ-UHFFFAOYSA-N,A04AA02,Launched,serotonin receptor antagonist,nausea|vomiting,False,312.4,2.32,50.2,1.0,3.0,2.0,0.0,C18H24N4O,4.0,True,
CHEMBL814,FLUVOXAMINE,4.0,1994.0,COCCCC/C(=N\OCCN)c1ccc(C(F)(F)F)cc1,CJOFXWAVKWHTFT-XSFVSMFZSA-N,N06AB08,Launched,selective serotonin reuptake inhibitor (SSRI),obsessive compulsive disorder (OCD),True,318.3,3.2,56.8,1.0,4.0,9.0,0.0,C15H21F3N2O2,22.0,True,
CHEMBL815,DINOPROST,4.0,1982.0,CCCCC[C@H](O)/C=C/[C@@H]1[C@@H](C/C=C\CCCC(=O)O)[C@@H](O)C[C@H]1O,PXGPLTODNUVGFL-YNNPMVKQSA-N,G02AD01,Launched,prostacyclin analog,labor induction,False,354.5,3.04,98.0,4.0,4.0,12.0,0.0,C20H34O5,32.0,True,
CHEMBL39736,BUFORMIN,4.0,,CCCCNC(=N)NC(=N)N,XSEUMFJMFFMCIU-UHFFFAOYSA-N,A10BA03,,,,False,157.2,-0.21,97.8,5.0,2.0,3.0,0.0,C6H15N5,6.0,True,
CHEMBL38827,LUMEFANTRINE,4.0,2009.0,CCCCN(CCCC)CC(O)c1cc(Cl)cc2c1-c1ccc(Cl)cc1/C2=C/c1ccc(Cl)cc1,DYLGFOYVTXJFJP-MYYYXRDXSA-N,,Launched,antimalarial agent,malaria,False,529.0,9.15,23.5,1.0,2.0,10.0,0.0,C30H32Cl3NO,22.0,True,
CHEMBL817,TOLAZAMIDE,4.0,1966.0,Cc1ccc(S(=O)(=O)NC(=O)NN2CCCCCC2)cc1,OUDSBRTVNLOZBN-UHFFFAOYSA-N,A10BB05,Launched,ATP channel blocker,diabetes mellitus,False,311.4,1.77,78.5,2.0,4.0,3.0,0.0,C14H21N3O3S,18.0,True,
CHEMBL818,IOBENGUANE,4.0,1994.0,N=C(N)NCc1cccc(I)c1,PDWUPXJEEYOOTR-UHFFFAOYSA-N,,Launched,antineoplastic agent,neuroblastoma|congestive heart failure|pheochromocytoma,False,275.1,1.27,61.9,3.0,1.0,2.0,0.0,C8H10IN3,4.0,True,
CHEMBL819,OXACILLIN,4.0,1971.0,Cc1onc(-c2ccccc2)c1C(=O)N[C@@H]1C(=O)N2[C@@H]1SC(C)(C)[C@@H]2C(=O)O,UWYHMGVUTGAWSP-JKIFEVAISA-N,J01CF04,Launched,bacterial cell wall synthesis inhibitor,staphylococcal infections,False,401.4,1.9,112.7,2.0,6.0,4.0,0.0,C19H19N3O5S,10.0,True,
CHEMBL290960,NIFURTIMOX,4.0,2020.0,CC1CS(=O)(=O)CCN1/N=C/c1ccc([N+](=O)[O-])o1,ARFHIAQFJWUCFH-IZZDOVSWSA-N,P01CC01,Launched,DNA inhibitor,Chagas disease|African trypanosomiasis,False,287.3,0.64,106.0,0.0,7.0,3.0,0.0,C10H13N3O5S,6.0,True,
CHEMBL820,BUSULFAN,4.0,1954.0,CS(=O)(=O)OCCCCOS(C)(=O)=O,COVZYZSDYWQREU-UHFFFAOYSA-N,L01AB01,Launched,DNA inhibitor,chronic myeloid leukemia (CML),False,246.3,-0.28,86.7,0.0,6.0,7.0,0.0,C6H14O6S2,14.0,True,
CHEMBL821,GUANIDINE,4.0,1939.0,N=C(N)N,ZRALSGWEFCBTJO-UHFFFAOYSA-N,,Launched,HSP inhibitor,Lambert-Eaton myasthenic syndrome (LEMS),False,,,,,,,,,,False,F2_mw_59
CHEMBL822,TERBINAFINE,4.0,1992.0,CN(C/C=C/C#CC(C)(C)C)Cc1cccc2ccccc12,DOMXUEMWDBAQBQ-WEVVVXLNSA-N,D01AE15;D01BA02,Launched,fungal squalene epoxidase inhibitor,tinea pedis|tinea cruris|tinea corporis,False,291.4,4.88,3.2,0.0,1.0,4.0,0.0,C21H25N,10.0,True,
CHEMBL826,ENOXACIN,4.0,1991.0,CCn1cc(C(=O)O)c(=O)c2cc(F)c(N3CCNCC3)nc21,IDYZIJYBMGIQMJ-UHFFFAOYSA-N,J01MA04,Launched,topoisomerase inhibitor,urinary tract infections|gonorrhea,False,320.3,0.66,87.5,2.0,5.0,3.0,0.0,C15H17FN4O3,8.0,True,
CHEMBL827,DEXMETHYLPHENIDATE,4.0,2001.0,COC(=O)[C@H](c1ccccc1)[C@H]1CCCCN1,DUGOZIWVEXMGBE-CHWSQXEVSA-N,N06BA11,,,,False,233.3,2.09,38.3,1.0,3.0,3.0,0.0,C14H19NO2,8.0,True,
CHEMBL829,METHYLPROMAZINE,4.0,1982.0,CC(CN(C)C)CN1c2ccccc2Sc2ccccc21,ZZHLYYDVIOPZBE-UHFFFAOYSA-N,R06AD01,,,,False,298.5,4.49,6.5,0.0,3.0,4.0,0.0,C18H22N2S,8.0,True,
CHEMBL43128,PRIMAQUINE PHOSPHATE,4.0,1952.0,COc1cc(NC(C)CCCN)c2ncccc2c1.O=P(O)(O)O.O=P(O)(O)O,GJOHLWZHWQUKAU-UHFFFAOYSA-N,,,,,False,259.4,2.78,60.2,2.0,4.0,6.0,0.0,C15H21N3O,14.0,True,
CHEMBL830,EFLORNITHINE,4.0,1990.0,NCCCC(N)(C(=O)O)C(F)F,VLCYCQAOQCDTCN-UHFFFAOYSA-N,D11AX16;L01XX79;P01CX03,Launched,ornithine decarboxylase inhibitor,facial hair reduction,False,182.2,-0.23,89.3,3.0,3.0,5.0,0.0,C6H12F2N2O2,16.0,True,
CHEMBL831,LOXAPINE,4.0,1975.0,CN1CCN(C2=Nc3ccccc3Oc3ccc(Cl)cc32)CC1,XJGVXQDUIWGIRW-UHFFFAOYSA-N,N05AH01,Launched,dopamine receptor antagonist|serotonin receptor antagonist,schizophrenia,False,327.8,3.77,28.1,0.0,4.0,0.0,0.0,C18H18ClN3O,0.0,True,
CHEMBL832,SULFINPYRAZONE,4.0,1959.0,O=C1C(CC[S+]([O-])c2ccccc2)C(=O)N(c2ccccc2)N1c1ccccc1,MBGGBVCUIVRRBF-UHFFFAOYSA-N,M04AB02,Launched,uricosuric blocker,gout,False,404.5,3.8,63.7,0.0,3.0,6.0,0.0,C23H20N2O3S,12.0,True,
CHEMBL288470,AMINOPYRINE,4.0,,Cc1c(N(C)C)c(=O)n(-c2ccccc2)n1C,RMMXTBMQSGEXHJ-UHFFFAOYSA-N,N02BB73;N02BB03;N02BB53,,,,False,231.3,1.55,30.2,0.0,2.0,2.0,0.0,C13H17N3O,4.0,True,
CHEMBL833,TICLOPIDINE,4.0,1991.0,Clc1ccccc1CN1CCc2sccc2C1,PHWBOXQYWZNQIN-UHFFFAOYSA-N,B01AC05,Launched,purinergic receptor antagonist,thrombosis|stroke,False,263.8,3.96,3.2,0.0,2.0,2.0,0.0,C14H14ClNS,4.0,True,
CHEMBL290916,EDARAVONE,4.0,2017.0,CC1=NN(c2ccccc2)C(=O)C1,QELUYTUMUWHWMC-UHFFFAOYSA-N,N07XX14,Launched,nootropic agent,stroke,False,174.2,1.8,32.7,0.0,2.0,1.0,0.0,C10H10N2O,2.0,True,
CHEMBL834,PAMIDRONIC ACID,4.0,1991.0,NCCC(O)(P(=O)(O)O)P(=O)(O)O,WRUUGTRCQOWXEG-UHFFFAOYSA-N,M05BA03,,,,False,235.1,-1.66,161.3,6.0,4.0,4.0,0.0,C3H11NO7P2,20.0,True,
CHEMBL289480,RILMENIDINE,4.0,1987.0,C1COC(NC(C2CC2)C2CC2)=N1,CQXADFVORZEARL-UHFFFAOYSA-N,C02AC06,Launched,adrenergic receptor agonist|imidazoline receptor agonist,hypertension,False,180.3,1.15,33.6,1.0,3.0,3.0,0.0,C10H16N2O,6.0,True,
CHEMBL836,TAMSULOSIN,4.0,1997.0,CCOc1ccccc1OCCN[C@H](C)Cc1ccc(OC)c(S(N)(=O)=O)c1,DRHKJLXJIQTDTD-OAHLLOKOSA-N,G04CA02,Launched,adrenergic receptor antagonist,benign prostatic hyperplasia (BPH),False,408.5,2.34,99.9,2.0,6.0,11.0,0.0,C20H28N2O5S,24.0,True,
CHEMBL158,AZTREONAM,4.0,1986.0,C[C@H]1[C@H](NC(=O)/C(=N\OC(C)(C)C(=O)O)c2csc(N)n2)C(=O)N1S(=O)(=O)O,WZPBZJONDBGPKJ-VEHQQRBSSA-N,J01DF01,Launched,bacterial cell wall synthesis inhibitor,urinary tract infections|respiratory tract infections|bacterial septicemia|skin infections|intra-abdominal infections|gynecologic infections,False,435.4,-1.17,201.6,4.0,10.0,7.0,0.0,C13H17N5O8S2,20.0,True,
CHEMBL44354,CEFTAZIDIME,4.0,1985.0,CC(C)(O/N=C(\C(=O)N[C@@H]1C(=O)N2C(C(=O)[O-])=C(C[n+]3ccccc3)CS[C@H]12)c1csc(N)n1)C(=O)O,ORFOPKXBNMVMKC-DWVKKRMSSA-N,J01DD02,Launched,bacterial cell wall synthesis inhibitor,respiratory tract infections|skin infections|bacterial septicemia|bone and joint infections|gynecologic infections|intra-abdominal infections|meningitis,False,546.6,-1.3,191.2,3.0,11.0,9.0,0.0,C22H22N6O7S2,22.0,True,
CHEMBL838,BENAZEPRIL,4.0,1991.0,CCOC(=O)[C@H](CCc1ccccc1)N[C@H]1CCc2ccccc2N(CC(=O)O)C1=O,XPCFTKFZXHTYIP-PMACEKPBSA-N,C09AA07,Launched,angiotensin converting enzyme inhibitor,hypertension,False,424.5,2.57,95.9,2.0,5.0,9.0,0.0,C24H28N2O5,32.0,True,
CHEMBL41355,EZOGABINE,4.0,2011.0,CCOC(=O)Nc1ccc(NCc2ccc(F)cc2)cc1N,PCOBBVZJEWWZFR-UHFFFAOYSA-N,N03AX21,,,,True,303.3,3.59,76.4,3.0,4.0,5.0,0.0,C16H18FN3O2,14.0,True,
CHEMBL288441,BOSUTINIB,4.0,2012.0,COc1cc(Nc2c(C#N)cnc3cc(OCCCN4CCN(C)CC4)c(OC)cc23)c(Cl)cc1Cl,UBPYILGKFZZVDX-UHFFFAOYSA-N,L01EA04,Launched,Abl kinase inhibitor|Bcr-Abl kinase inhibitor|SRC inhibitor,chronic myeloid leukemia (CML),False,530.5,5.19,82.9,1.0,8.0,9.0,0.0,C26H29Cl2N5O3,18.0,True,
CHEMBL839,CARTEOLOL,4.0,1988.0,CC(C)(C)NCC(O)COc1cccc2c1CCC(=O)N2,LWAFSWPYPHEXKX-UHFFFAOYSA-N,S01ED05;C07AA15;S01ED55,Launched,adrenergic receptor antagonist,intraocular pressure|glaucoma|ocular hypertension,False,292.4,1.7,70.6,3.0,4.0,5.0,0.0,C16H24N2O3,14.0,True,
CHEMBL841,LOPERAMIDE,4.0,1976.0,CN(C)C(=O)C(CCN1CCC(O)(c2ccc(Cl)cc2)CC1)(c1ccccc1)c1ccccc1,RDOIQAHITMMDAJ-UHFFFAOYSA-N,A07DA03;A07DA53,Launched,opioid receptor agonist,diarrhea,False,477.0,5.09,43.8,1.0,3.0,7.0,0.0,C29H33ClN2O2,16.0,True,
CHEMBL842,CHLOROTHIAZIDE,4.0,1958.0,NS(=O)(=O)c1cc2c(cc1Cl)N=CNS2(=O)=O,JBMKAUGHUNFTOL-UHFFFAOYSA-N,C03AA04;C03AH01,Launched,diuretic,hypertension,False,295.7,-0.06,118.7,2.0,5.0,1.0,0.0,C7H6ClN3O4S2,4.0,True,
CHEMBL843,ROSIGLITAZONE MALEATE,4.0,1999.0,CN(CCOc1ccc(CC2SC(=O)NC2=O)cc1)c1ccccn1.O=C(O)/C=C\C(=O)O,SUFUKZSWUHZXAV-BTJKTKAUSA-N,,,,,False,357.4,2.49,71.5,1.0,6.0,7.0,0.0,C18H19N3O3S,14.0,True,
CHEMBL844,BRIMONIDINE,4.0,1996.0,Brc1c(NC2=NCCN2)ccc2nccnc12,XYLJNLCSTIOKRM-UHFFFAOYSA-N,S01GA07;S01EA05;D11AX21,Launched,adrenergic receptor agonist,intraocular pressure|glaucoma|ocular hypertension,False,292.1,1.76,62.2,2.0,5.0,1.0,0.0,C11H10BrN5,2.0,True,
CHEMBL43452,POMALIDOMIDE,4.0,2013.0,Nc1cccc2c1C(=O)N(C1CCC(=O)NC1=O)C2=O,UVSMNLNDYGZFPF-UHFFFAOYSA-N,L04AX06,Launched,angiogenesis inhibitor|tumor necrosis factor production inhibitor,multiple myeloma,False,273.2,-0.33,109.6,2.0,5.0,1.0,0.0,C13H11N3O4,4.0,True,
CHEMBL846,CALCITRIOL,4.0,1978.0,C=C1/C(=C\C=C2/CCC[C@]3(C)[C@@H]([C@H](C)CCCC(C)(C)O)CC[C@@H]23)C[C@@H](O)C[C@@H]1O,GMRQFYUYWCNGIN-NKMMMXOESA-N,A11CC04;D05AX03,Launched,vitamin D receptor agonist,hypocalcemia|hypoparathyroidism|osteoporosis,False,416.6,5.7,60.7,3.0,3.0,6.0,0.0,C27H44O3,18.0,True,
CHEMBL847,OXAMNIQUINE,4.0,1980.0,CC(C)NCC1CCc2cc(CO)c([N+](=O)[O-])cc2N1,XCGYUJZMCCFSRP-UHFFFAOYSA-N,P02BA02,,,,False,279.3,1.81,87.4,3.0,5.0,5.0,0.0,C14H21N3O3,12.0,True,
CHEMBL848,LENALIDOMIDE,4.0,2005.0,Nc1cccc2c1CN(C1CCC(=O)NC1=O)C2=O,GOTYRUGSSMKFNF-UHFFFAOYSA-N,L04AX04,Launched,anticancer agent,multiple myeloma|mantle cell lymphoma (MCL)|myelodysplastic diseases (MDS),False,259.3,0.03,92.5,2.0,4.0,1.0,0.0,C13H13N3O3,4.0,True,
CHEMBL849,TRICLOSAN,4.0,1997.0,Oc1cc(Cl)ccc1Oc1ccc(Cl)cc1Cl,XEFQLINVKFYRCS-UHFFFAOYSA-N,D08AE04;D09AA06,Launched,antibacterial agent,first-aid antiseptic,False,289.5,5.14,29.5,1.0,2.0,2.0,0.0,C12H7Cl3O2,6.0,True,
CHEMBL850,SPARFLOXACIN,4.0,1996.0,C[C@@H]1CN(c2c(F)c(N)c3c(=O)c(C(=O)O)cn(C4CC4)c3c2F)C[C@H](C)N1,DZZWHBIBMUVIIW-DTORHVGOSA-N,J01MA09,Withdrawn,bacterial DNA gyrase inhibitor,,False,392.4,2.08,100.6,3.0,5.0,3.0,0.0,C19H22F2N4O3,10.0,True,
CHEMBL852,MELPHALAN,4.0,1964.0,N[C@@H](Cc1ccc(N(CCCl)CCCl)cc1)C(=O)O,SGDBTWWWUNNDEQ-LBPRGKRZSA-N,L01AA03,Launched,DNA alkylating agent|DNA inhibitor,multiple myeloma,False,305.2,1.93,66.6,2.0,3.0,8.0,0.0,C13H18Cl2N2O2,20.0,True,
CHEMBL297302,BENPERIDOL,4.0,,O=C(CCCN1CCC(n2c(=O)[nH]c3ccccc32)CC1)c1ccc(F)cc1,FEBOTPHFXYHVPL-UHFFFAOYSA-N,N05AD07,Launched,dopamine receptor antagonist,schizophrenia,False,381.5,3.77,58.1,1.0,3.0,6.0,0.0,C22H24FN3O2,12.0,True,
CHEMBL853,ZALCITABINE,4.0,1992.0,Nc1ccn([C@H]2CC[C@@H](CO)O2)c(=O)n1,WREGKURFCTUGRC-POYBYMJQSA-N,J05AF03,Launched,nucleoside reverse transcriptase inhibitor,human immunodeficiency virus (HIV-1),False,211.2,-0.5,90.4,2.0,5.0,2.0,0.0,C9H13N3O3,6.0,True,
CHEMBL855,TRIPROLIDINE,4.0,1982.0,Cc1ccc(/C(=C\CN2CCCC2)c2ccccn2)cc1,CBEQULMOCCWAQT-WOJGMQOQSA-N,R06AX07,Launched,histamine receptor antagonist,allergic rhinitis,False,278.4,3.92,16.1,0.0,2.0,4.0,0.0,C19H22N2,8.0,True,
CHEMBL45029,MEPHOBARBITAL,4.0,,CCC1(c2ccccc2)C(=O)NC(=O)N(C)C1=O,ALARQZQTBTVLJV-UHFFFAOYSA-N,N03AA01,,,,False,246.3,1.04,66.5,1.0,3.0,2.0,0.0,C13H14N2O3,4.0,True,
CHEMBL296419,ASTEMIZOLE,4.0,1988.0,COc1ccc(CCN2CCC(Nc3nc4ccccc4n3Cc3ccc(F)cc3)CC2)cc1,GXDALQBWZGODGZ-UHFFFAOYSA-N,R06AX11,Withdrawn,histamine receptor antagonist,,False,458.6,5.35,42.3,1.0,4.0,8.0,0.0,C28H31FN4O,16.0,True,
CHEMBL46740,BAZEDOXIFENE,4.0,2009.0,Cc1c(-c2ccc(O)cc2)n(Cc2ccc(OCCN3CCCCCC3)cc2)c2ccc(O)cc12,UCJGJABZCDBEDK-UHFFFAOYSA-N,G03XC02,Launched,selective estrogen receptor modulator (SERM),osteoporosis|menopause,False,470.6,6.33,57.9,2.0,4.0,7.0,0.0,C30H34N2O3,30.0,True,
CHEMBL856,PRIMIDONE,4.0,1954.0,CCC1(c2ccccc2)C(=O)NCNC1=O,DQMZLTXERSFNPB-UHFFFAOYSA-N,N03AA03,Launched,GABA receptor antagonist,seizures,False,218.3,0.54,58.2,2.0,2.0,2.0,0.0,C12H14N2O2,4.0,True,
CHEMBL857,BIOTIN,4.0,1985.0,O=C(O)CCCC[C@@H]1SC[C@@H]2NC(=O)N[C@@H]21,YBJHBAHKTGYVGT-ZKWXMUAHSA-N,A11HA05,Launched,vitamin B,,False,244.3,0.8,78.4,3.0,3.0,5.0,0.0,C10H16N2O3S,12.0,True,
CHEMBL861,MEPHENYTOIN,4.0,1946.0,CCC1(c2ccccc2)NC(=O)N(C)C1=O,GMHKMTDVRCWUDX-UHFFFAOYSA-N,N03AB04;N03AB54,Launched,hydantoin antiepileptic,seizures,False,218.3,1.47,49.4,1.0,2.0,2.0,0.0,C12H14N2O2,4.0,True,
CHEMBL46917,CARBARIL,4.0,,CNC(=O)Oc1cccc2ccccc12,CVXBEEMKQHEXEN-UHFFFAOYSA-N,,Launched,acetylcholinesterase inhibitor,,False,201.2,2.56,38.3,1.0,2.0,1.0,0.0,C12H11NO2,4.0,True,
CHEMBL862,GUANFACINE,4.0,1986.0,N=C(N)NC(=O)Cc1c(Cl)cccc1Cl,INJOMKTZOLKMBF-UHFFFAOYSA-N,C02AC02,Launched,adrenergic receptor agonist,hypertension,False,246.1,1.55,79.0,3.0,2.0,2.0,0.0,C9H9Cl2N3O,4.0,True,
CHEMBL863,CYSTEINE,4.0,1986.0,N[C@@H](CS)C(=O)O,XUJNEKJLAYXESH-REOHCLBHSA-N,,,,,False,121.2,-0.67,63.3,3.0,3.0,2.0,0.0,C3H7NO2S,10.0,True,
CHEMBL46516,FLUSPIRILENE,4.0,,O=C1NCN(c2ccccc2)C12CCN(CCCC(c1ccc(F)cc1)c1ccc(F)cc1)CC2,QOYHHIBFXOOADH-UHFFFAOYSA-N,N05AG01,Launched,dopamine receptor antagonist,schizophrenia,False,475.6,5.31,35.6,1.0,3.0,7.0,0.0,C29H31F2N3O,14.0,True,
CHEMBL864,CARBINOXAMINE,4.0,1982.0,CN(C)CCOC(c1ccc(Cl)cc1)c1ccccn1,OJFSXZCBGQGRNV-UHFFFAOYSA-N,R06AA08,Launched,histamine receptor antagonist,allergic rhinitis|conjunctivitis|vasomotor rhinitis|dermatographism,False,290.8,3.4,25.4,0.0,3.0,6.0,0.0,C16H19ClN2O,12.0,True,
CHEMBL43064,CINNARIZINE,4.0,,C(=C/c1ccccc1)\CN1CCN(C(c2ccccc2)c2ccccc2)CC1,DERZBLKQOCDDDZ-JLHYYAGUSA-N,N07CA02;N07CA52,,,,False,368.5,5.11,6.5,0.0,2.0,6.0,0.0,C26H28N2,12.0,True,
CHEMBL295124,BERBERINE,4.0,,COc1ccc2cc3[n+](cc2c1OC)CCc1cc2c(cc1-3)OCO2,YBHILYKTIRIUTE-UHFFFAOYSA-N,,Launched,LDL receptor activator,,False,336.4,3.1,40.8,0.0,4.0,2.0,1.0,C20H18NO4+,4.0,True,
CHEMBL865,VALDECOXIB,4.0,2001.0,Cc1onc(-c2ccccc2)c1-c1ccc(S(N)(=O)=O)cc1,LNPDTQAFDNKSHK-UHFFFAOYSA-N,M01AH03,Withdrawn,cyclooxygenase inhibitor,,False,314.4,2.96,86.2,1.0,4.0,3.0,0.0,C16H14N2O3S,8.0,True,
CHEMBL296913,PARECOXIB SODIUM,4.0,2002.0,CCC(=O)[N-]S(=O)(=O)c1ccc(-c2c(-c3ccccc3)noc2C)cc1.[Na+],HQPVVKXJNZEAFW-UHFFFAOYSA-M,,,,,False,369.4,4.32,91.3,0.0,5.0,5.0,-1.0,C19H17N2O4S-,12.0,True,
CHEMBL44884,ETHAMBUTOL,4.0,1967.0,CC[C@@H](CO)NCCN[C@@H](CC)CO,AEUTYOVWOVBAKS-UWVGGRQHSA-N,J04AK02,Launched,bacterial cell wall synthesis inhibitor,tuberculosis,False,204.3,-0.29,64.5,4.0,4.0,9.0,0.0,C10H24N2O2,22.0,True,
CHEMBL46058,ETHYL CHLORIDE,4.0,,CCCl,HRYZWHHZPQKTII-UHFFFAOYSA-N,N01BX01,,,,False,,,,,,,,,,False,F2_mw_65
CHEMBL44618,CHLOROFORM,4.0,,ClC(Cl)Cl,HEDRZPFGACZZDS-UHFFFAOYSA-N,N01AB02,,,,False,119.4,1.99,0.0,0.0,0.0,0.0,0.0,CHCl3,0.0,True,
CHEMBL866,MYCOPHENOLIC ACID,4.0,2004.0,COc1c(C)c2c(c(O)c1C/C=C(\C)CCC(=O)O)C(=O)OC2,HPNSFSBZBAHARI-RUDMXATFSA-N,L04AA06,,,,False,320.3,2.73,93.1,2.0,5.0,6.0,0.0,C17H20O6,16.0,True,
CHEMBL44657,ETOPOSIDE,4.0,1983.0,COc1cc([C@@H]2c3cc4c(cc3[C@@H](O[C@@H]3O[C@@H]5CO[C@@H](C)O[C@H]5[C@H](O)[C@H]3O)[C@H]3COC(=O)[C@H]23)OCO4)cc(OC)c1O,VJJPUSNTGOMMGY-MRVIYFEKSA-N,L01CB01,Launched,topoisomerase inhibitor,non-small cell lung cancer (NSCLC),False,588.6,1.34,160.8,3.0,13.0,5.0,0.0,C29H32O13,16.0,True,
CHEMBL867,IOPANOIC ACID,4.0,1951.0,CCC(Cc1c(I)cc(I)c(N)c1I)C(=O)O,OIRFJRBSRORBCM-UHFFFAOYSA-N,V08AC06,,,,False,570.9,3.74,63.3,2.0,2.0,4.0,0.0,C11H12I3NO2,12.0,True,
CHEMBL46286,OMACETAXINE MEPESUCCINATE,4.0,2009.0,COC(=O)C[C@](O)(CCCC(C)(C)O)C(=O)O[C@@H]1C(OC)=C[C@]23CCCN2CCc2cc4c(cc2[C@H]13)OCO4,HYFHYPWGAURHIV-JFIAXGOJSA-N,L01XX40,,,,False,545.6,2.58,124.0,2.0,10.0,9.0,0.0,C29H39NO9,32.0,True,
CHEMBL48449,CANTHARIDIN,4.0,2023.0,C[C@@]12C(=O)OC(=O)[C@]1(C)[C@H]1CC[C@@H]2O1,DHZBEENLJMYSHQ-XCVPVQRUSA-N,,Launched,protein phosphatase inhibitor,blisters,False,196.2,0.64,52.6,0.0,4.0,0.0,0.0,C10H12O4,0.0,True,
CHEMBL262777,VANCOMYCIN,4.0,1964.0,CN[C@H](CC(C)C)C(=O)N[C@H]1C(=O)N[C@@H](CC(N)=O)C(=O)N[C@H]2C(=O)N[C@H]3C(=O)N[C@H](C(=O)N[C@H](C(=O)O)c4cc(O)cc(O)c4-c4cc3ccc4O)[C@H](O)c3ccc(c(Cl)c3)Oc3cc2cc(c3O[C@@H]2O[C@H](CO)[C@@H](O)[C@H](O)[C@H]2O[C@H]2C[C@](C)(N)[C@H](O)[C@H](C)O2)Oc2ccc(cc2Cl)[C@H]1O,MYPYJXKWCTUITO-LYRMYLQWSA-N,S01AA28;A07AA09;J01XA01,Launched,bacterial cell wall synthesis inhibitor,endocarditis,False,,,,,,,,,,False,F2_mw_1449
CHEMBL869,NITROFURAZONE,4.0,1945.0,NC(=O)N/N=C/c1ccc([N+](=O)[O-])o1,IAIWVQXQOWNYOU-FPYGCLRLSA-N,B05CA03;P01CC02;S02AA02;D09AA03;D08AF01;S01AX04,Launched,bacterial DNA inhibitor,first-aid antibiotic,False,198.1,0.19,123.8,2.0,5.0,3.0,0.0,C6H6N4O4,6.0,True,
CHEMBL870,ALENDRONIC ACID,4.0,1995.0,NCCCC(O)(P(=O)(O)O)P(=O)(O)O,OGSPWJRAVKPPFI-UHFFFAOYSA-N,M05BA04,,,,False,249.1,-1.27,161.3,6.0,4.0,5.0,0.0,C4H13NO7P2,22.0,True,
CHEMBL871,ETIDRONIC ACID,4.0,1977.0,CC(O)(P(=O)(O)O)P(=O)(O)O,DBVJJBKOTRCVKF-UHFFFAOYSA-N,M05BA01,,,,False,206.0,-0.99,135.3,5.0,3.0,2.0,0.0,C2H8O7P2,14.0,True,
CHEMBL159,VINBLASTINE,4.0,1965.0,CC[C@]1(O)C[C@@H]2CN(CCc3c([nH]c4ccccc34)[C@@](C(=O)OC)(c3cc4c(cc3OC)N(C)[C@H]3[C@@](O)(C(=O)OC)[C@H](OC(C)=O)[C@]5(CC)C=CCN6CC[C@]43[C@@H]65)C2)C1,JXLYSJRDGCGARV-CFWMRBGOSA-N,L01CA01,Launched,microtubule inhibitor|tubulin polymerization inhibitor,Hodgkin's lymphoma|true histiocytic lymphoma (THL)|mycosis|small lymphocytic lymphoma (SLL)|testicular carcinoma|Kaposi sarcoma,False,811.0,3.99,154.1,3.0,12.0,7.0,0.0,C46H58N4O9,34.0,True,
CHEMBL45816,MIBEFRADIL,4.0,1997.0,COCC(=O)O[C@]1(CCN(C)CCCc2nc3ccccc3[nH]2)CCc2cc(F)ccc2[C@@H]1C(C)C,HBNPJJILLOYFJU-VMPREFPWSA-N,C08CX01,Withdrawn,T-type calcium channel blocker,,False,495.6,5.27,67.5,1.0,5.0,11.0,0.0,C29H38FN3O3,24.0,True,
CHEMBL295698,LEVOKETOCONAZOLE,4.0,2021.0,CC(=O)N1CCN(c2ccc(OC[C@@H]3CO[C@@](Cn4ccnc4)(c4ccc(Cl)cc4Cl)O3)cc2)CC1,XMAYWYJOQHXEEK-ZEQKJWHPSA-N,H02CA04,,,,False,531.4,4.21,69.1,0.0,6.0,7.0,0.0,C26H28Cl2N4O4,14.0,True,
CHEMBL298470,TAFENOQUINE,4.0,2018.0,COc1cc(C)c2c(Oc3cccc(C(F)(F)F)c3)c(OC)cc(NC(C)CCCN)c2n1,LBHLFPGPEGDCJG-UHFFFAOYSA-N,P01BA07,Launched,antimalarial agent,malaria,False,463.5,5.91,78.6,2.0,6.0,9.0,0.0,C24H28F3N3O3,22.0,True,
CHEMBL877,TRANEXAMIC ACID,4.0,1986.0,NC[C@H]1CC[C@H](C(=O)O)CC1,GYDJEQRTZSCIOI-LJGSYFOKSA-N,B02AA02,,,,False,157.2,0.84,63.3,2.0,2.0,2.0,0.0,C8H15NO2,8.0,True,
CHEMBL878,METOLAZONE,4.0,1973.0,Cc1ccccc1N1C(=O)c2cc(S(N)(=O)=O)c(Cl)cc2NC1C,AQCHWTWZEMGIFD-UHFFFAOYSA-N,C03BA08,Launched,carbonic anhydrase inhibitor,edema|hypertension,False,365.8,2.71,92.5,2.0,4.0,2.0,0.0,C16H16ClN3O3S,6.0,True,
CHEMBL880,FAMCICLOVIR,4.0,1994.0,CC(=O)OCC(CCn1cnc2cnc(N)nc21)COC(C)=O,GGXKWVWZWMLJEH-UHFFFAOYSA-N,J05AB09;S01AD07,Launched,DNA polymerase inhibitor,cold sore|genitial herpes|shingles,False,321.3,0.54,122.2,1.0,8.0,7.0,0.0,C14H19N5O4,20.0,True,
CHEMBL885,EMTRICITABINE,4.0,2003.0,Nc1nc(=O)n([C@@H]2CS[C@H](CO)O2)cc1F,XQSPYNMVSIKCOC-NTSWFWBYSA-N,J05AF09,Launched,nucleoside reverse transcriptase inhibitor,human immunodeficiency virus (HIV-1),False,247.3,-0.46,90.4,2.0,6.0,2.0,0.0,C8H10FN3O3S,6.0,True,
CHEMBL887,RASAGILINE,4.0,2005.0,C#CCN[C@@H]1CCc2ccccc21,RUOKEQAAGRXIBM-GFCCVEGCSA-N,N04BD02,Launched,monoamine oxidase inhibitor,Parkinson's Disease,False,171.2,1.9,12.0,1.0,1.0,2.0,0.0,C12H13N,4.0,True,
CHEMBL888,GEMCITABINE,4.0,1996.0,Nc1ccn([C@@H]2O[C@H](CO)[C@@H](O)C2(F)F)c(=O)n1,SDUQYLNIPVEERB-QPPQHZFASA-N,L01BC05,Launched,ribonucleotide reductase inhibitor,ovarian cancer|breast cancer|non-small cell lung cancer (NSCLC)|pancreatic cancer,False,263.2,-1.29,110.6,3.0,6.0,2.0,0.0,C9H11F2N3O4,8.0,True,
CHEMBL296306,LACTULOSE,4.0,1976.0,OC[C@H]1O[C@@H](O[C@@H]2[C@@H](CO)O[C@](O)(CO)[C@H]2O)[C@H](O)[C@@H](O)[C@H]1O,JCQLYHFGKNRPGE-FCVZTGTOSA-N,A06AD11;A06AD61,Launched,laxative,portal-systemic encephalopathy (PSE),False,342.3,-5.4,189.5,8.0,11.0,5.0,0.0,C12H22O11,26.0,True,
CHEMBL48582,SAFINAMIDE MESYLATE,4.0,2015.0,CS(=O)(=O)O.C[C@H](NCc1ccc(OCc2cccc(F)c2)cc1)C(N)=O,YKOCHIUQOBQIAC-YDALLXLXSA-N,,,,,False,302.3,2.37,64.3,2.0,3.0,7.0,0.0,C17H19FN2O2,14.0,True,
CHEMBL891,CLOXACILLIN,4.0,1974.0,Cc1onc(-c2ccccc2Cl)c1C(=O)N[C@@H]1C(=O)N2[C@@H]1SC(C)(C)[C@@H]2C(=O)O,LQOLIRLGBULYKD-JKIFEVAISA-N,J01CF02,Launched,bacterial cell wall synthesis inhibitor,gram-positive bacterial infections,False,435.9,2.55,112.7,2.0,6.0,4.0,0.0,C19H18ClN3O5S,10.0,True,
CHEMBL299400,BUTORPHANOL TARTRATE,4.0,1978.0,O=C(O)C(O)C(O)C(=O)O.Oc1ccc2c(c1)[C@@]13CCCC[C@@]1(O)[C@@H](C2)N(CC1CCC1)CC3,GMTYREVWZXJPLF-SXWPHCFWSA-N,,,,,False,327.5,3.37,43.7,2.0,3.0,2.0,0.0,C21H29NO2,8.0,True,
CHEMBL893,DICLOXACILLIN,4.0,1968.0,Cc1onc(-c2c(Cl)cccc2Cl)c1C(=O)N[C@@H]1C(=O)N2[C@@H]1SC(C)(C)[C@@H]2C(=O)O,YFAGHNZHGGCZAX-JKIFEVAISA-N,J01CF01,Launched,bacterial cell wall synthesis inhibitor,gram-positive bacterial infections,False,470.3,3.2,112.7,2.0,6.0,4.0,0.0,C19H17Cl2N3O5S,10.0,True,
CHEMBL894,BUPROPION,4.0,1985.0,CC(NC(C)(C)C)C(=O)c1cccc(Cl)c1,SNPPWIUOZRMYNY-UHFFFAOYSA-N,N06AX12,Launched,dopamine reuptake inhibitor,depression,False,239.7,3.3,29.1,1.0,2.0,3.0,0.0,C13H18ClNO,8.0,True,
CHEMBL50588,EMETINE,4.0,,CC[C@H]1CN2CCc3cc(OC)c(OC)cc3[C@@H]2C[C@@H]1C[C@H]1NCCc2cc(OC)c(OC)cc21,AUVVAXYIELKVAI-CKBKHPSWSA-N,P01AX52;P01AX02,Phase 2,protein synthesis inhibitor,,False,480.6,4.94,52.2,1.0,6.0,7.0,0.0,C29H40N2O4,14.0,True,
CHEMBL895,NALBUPHINE,4.0,1979.0,Oc1ccc2c3c1O[C@H]1[C@@H](O)CC[C@@]4(O)[C@@H](C2)N(CC2CCC2)CC[C@]314,NETZHAKZCGBWSS-CEDHKZHLSA-N,N02AF02,Launched,opioid receptor agonist|opioid receptor antagonist,pain relief,False,357.5,1.71,73.2,3.0,5.0,2.0,0.0,C21H27NO4,10.0,True,
CHEMBL52440,DEXTROMETHORPHAN,4.0,1982.0,COc1ccc2c(c1)[C@]13CCCC[C@@H]1[C@H](C2)N(C)CC3,MKXZASYAUGDDCJ-NJAFHUGGSA-N,N07XX59;R05DA09,Launched,glutamate receptor antagonist|sigma receptor agonist,cough suppressant,True,271.4,3.38,12.5,0.0,2.0,1.0,0.0,C18H25NO,2.0,True,
CHEMBL896,HYDROXYZINE,4.0,1956.0,OCCOCCN1CCN(C(c2ccccc2)c2ccc(Cl)cc2)CC1,ZQDWXGKKHFNSQK-UHFFFAOYSA-N,N05BB01;N05BB51,Launched,antihistamine,anxiety|urticaria|itching|dermatosis,False,374.9,3.06,35.9,1.0,4.0,8.0,0.0,C21H27ClN2O2,18.0,True,
CHEMBL897,PROBENECID,4.0,1951.0,CCCN(CCC)S(=O)(=O)c1ccc(C(=O)O)cc1,DBABZHXKTCFAPX-UHFFFAOYSA-N,M04AB01,Launched,uricosuric blocker,hyperuricemia|gout,False,285.4,2.2,74.7,1.0,3.0,7.0,0.0,C13H19NO4S,16.0,True,
CHEMBL898,DIFLUNISAL,4.0,1982.0,O=C(O)c1cc(-c2ccc(F)cc2F)ccc1O,HUPFGZXOMWLGNK-UHFFFAOYSA-N,N02BA11,Launched,prostanoid receptor antagonist,rheumatoid arthritis|osteoarthritis,False,250.2,3.04,57.5,2.0,2.0,2.0,0.0,C13H8F2O3,8.0,True,
CHEMBL900,ORPHENADRINE,4.0,1957.0,Cc1ccccc1C(OCCN(C)C)c1ccccc1,QVYRGXJJSLMXQH-UHFFFAOYSA-N,M03BC51,Launched,acetylcholine receptor antagonist,muscle pain,False,269.4,3.66,12.5,0.0,2.0,6.0,0.0,C18H23NO,12.0,True,
CHEMBL902,FAMOTIDINE,4.0,1986.0,NC(N)=Nc1nc(CSCC/C(N)=N/S(N)(=O)=O)cs1,XUFQPHANEAPEMJ-UHFFFAOYSA-N,A02BA03;A02BA53,Launched,histamine receptor antagonist,heartburn,False,337.5,-0.77,175.8,4.0,6.0,7.0,0.0,C8H15N7O2S3,16.0,True,
CHEMBL53292,ISOXICAM,4.0,,Cc1cc(NC(=O)C2=C(O)c3ccccc3S(=O)(=O)N2C)no1,YYUAYBYLJSNDCX-UHFFFAOYSA-N,,Withdrawn,cyclooxygenase inhibitor,,False,335.3,1.48,112.7,2.0,6.0,2.0,0.0,C14H13N3O5S,6.0,True,
CHEMBL53463,DOXORUBICIN,4.0,1974.0,COc1cccc2c1C(=O)c1c(O)c3c(c(O)c1C2=O)C[C@@](O)(C(=O)CO)C[C@@H]3O[C@H]1C[C@H](N)[C@H](O)[C@H](C)O1,AOJJSUZBOXZQNB-TZSSRYMLSA-N,L01DB01,Launched,topoisomerase inhibitor,acute lymphoblastic leukemia (ALL)|acute myeloid leukemia (AML)|Wilm's tumor|breast cancer|ovarian cancer|Hodgkin's lymphoma|bladder cancer|multiple myeloma,False,543.5,0.0,206.1,6.0,12.0,5.0,0.0,C27H29NO11,22.0,True,
CHEMBL904,DEXMETHYLPHENIDATE HYDROCHLORIDE,4.0,2001.0,COC(=O)[C@H](c1ccccc1)[C@H]1CCCCN1.Cl,JUMYIBMBTDDLNG-OJERSXHUSA-N,,,,,False,233.3,2.09,38.3,1.0,3.0,3.0,0.0,C14H19NO2,8.0,True,
CHEMBL905,RIZATRIPTAN,4.0,1998.0,CN(C)CCc1c[nH]c2ccc(Cn3cncn3)cc12,ULFRLSNUDGIQQP-UHFFFAOYSA-N,N02CC04,Launched,serotonin receptor agonist,migraine headache,False,269.4,1.91,49.7,1.0,3.0,5.0,0.0,C15H19N5,10.0,True,
CHEMBL908,CHLORPROTHIXENE,4.0,1967.0,CN(C)CC/C=C1/c2ccccc2Sc2ccc(Cl)cc21,WSPOMRSOLSGNFJ-AUWJEWJLSA-N,N05AF03,Launched,dopamine receptor antagonist,schizophrenia|bipolar disorder,False,315.9,5.19,3.2,0.0,2.0,3.0,0.0,C18H18ClNS,6.0,True,
CHEMBL911,ZOLPIDEM,4.0,1992.0,Cc1ccc(-c2nc3ccc(C)cn3c2CC(=O)N(C)C)cc1,ZAFYATHCZYHLPB-UHFFFAOYSA-N,N05CF02,,,,False,307.4,3.25,37.6,0.0,2.0,3.0,0.0,C19H21N3O,6.0,True,
CHEMBL914,FEXOFENADINE,4.0,1996.0,CC(C)(C(=O)O)c1ccc(C(O)CCCN2CCC(C(O)(c3ccccc3)c3ccccc3)CC2)cc1,RWTNPBWLLIMQHL-UHFFFAOYSA-N,R06AX26,Launched,histamine receptor antagonist,allergic rhinitis|urticaria,False,501.7,5.51,81.0,3.0,4.0,10.0,0.0,C32H39NO4,26.0,True,
CHEMBL915,NEDOCROMIL SODIUM,4.0,1992.0,CCCc1c2oc(C(=O)[O-])cc(=O)c2cc2c(=O)cc(C(=O)[O-])n(CC)c12.[Na+].[Na+],JQEKDNLKIVGXAU-UHFFFAOYSA-L,,,,,False,369.3,-0.19,132.5,0.0,7.0,5.0,-2.0,C19H15NO7-2,10.0,True,
CHEMBL916,TIROFIBAN,4.0,1998.0,CCCCS(=O)(=O)N[C@@H](Cc1ccc(OCCCCC2CCNCC2)cc1)C(=O)O,COKMIXFXJJXBQG-NRFANRHFSA-N,B01AC17,Launched,platelet aggregation inhibitor|structural glycoprotein antagonist,myocardial infarction|refactory angina,False,440.6,2.95,104.7,3.0,5.0,14.0,0.0,C22H36N2O5S,30.0,True,
CHEMBL53418,DANTHRON,4.0,,O=C1c2cccc(O)c2C(=O)c2c(O)cccc21,QBPFLULOKWLNNW-UHFFFAOYSA-N,A06AB53;A06AB03,,,,False,240.2,1.87,74.6,2.0,4.0,0.0,0.0,C14H8O4,4.0,True,
CHEMBL917,FLOXURIDINE,4.0,1970.0,O=c1[nH]c(=O)n([C@H]2C[C@H](O)[C@@H](CO)O2)cc1F,ODKNJVUHOIMIIZ-RRKCRQDMSA-N,L01BC09,Launched,DNA synthesis inhibitor,colorectal cancer,False,246.2,-1.68,104.6,3.0,5.0,2.0,0.0,C9H11FN2O5,8.0,True,
CHEMBL918,PHENACEMIDE,4.0,1951.0,NC(=O)NC(=O)Cc1ccccc1,XPFRXWCVYUEORT-UHFFFAOYSA-N,N03AX07,Launched,sodium channel blocker,epilepsy|seizures,False,178.2,0.42,72.2,2.0,2.0,2.0,0.0,C9H10N2O2,4.0,True,
CHEMBL919,FOSPHENYTOIN SODIUM,4.0,1996.0,O=C1NC(c2ccccc2)(c2ccccc2)C(=O)N1COP(=O)([O-])[O-].[Na+].[Na+],GQPXYJNXTAFDLT-UHFFFAOYSA-L,,,,,False,360.3,0.28,121.8,1.0,6.0,5.0,-2.0,C16H13N2O6P-2,10.0,True,
CHEMBL920,CHOLINE,4.0,2012.0,C[N+](C)(C)CCO,OEYIOHPDSNJKLS-UHFFFAOYSA-N,,Phase 3,acetylcholine precursor,,False,104.2,-0.32,20.2,1.0,1.0,2.0,1.0,C5H14NO+,6.0,True,
CHEMBL54349,ALPIDEM,4.0,,CCCN(CCC)C(=O)Cc1c(-c2ccc(Cl)cc2)nc2ccc(Cl)cn12,JRTIDHTUMYMPRU-UHFFFAOYSA-N,,Withdrawn,benzodiazepine receptor agonist,,False,404.3,5.5,37.6,0.0,2.0,7.0,0.0,C21H23Cl2N3O,14.0,True,
CHEMBL922,ADEFOVIR DIPIVOXIL,4.0,2002.0,CC(C)(C)C(=O)OCOP(=O)(COCCn1cnc2c(N)ncnc21)OCOC(=O)C(C)(C)C,WOZSCQDILHKSGG-UHFFFAOYSA-N,J05AF08,,,,False,501.5,2.7,167.0,1.0,12.0,11.0,0.0,C20H32N5O8P,32.0,True,
CHEMBL161,CEFTRIAXONE,4.0,1984.0,CO/N=C(\C(=O)N[C@@H]1C(=O)N2C(C(=O)O)=C(CSc3nc(=O)c(O)nn3C)CS[C@H]12)c1csc(N)n1,VAAUVRVFOQPIGI-SPQHTLEESA-N,J01DD04;J01DD54,Launched,bacterial cell wall synthesis inhibitor,gonorrhea|pneumonia|otitis|skin infections|urinary tract infections|pelvic inflammatory disease|bacterial septicemia|bone and joint infections|intra-abdominal infections|meningitis|surgical prophylaxis,False,554.6,-1.2,215.2,4.0,14.0,8.0,0.0,C18H18N8O7S3,22.0,True,
CHEMBL923,RISEDRONIC ACID,4.0,1998.0,O=P(O)(O)C(O)(Cc1cccnc1)P(=O)(O)O,IIDJRNMFWXDHID-UHFFFAOYSA-N,M05BA07,,,,False,283.1,-0.37,148.2,5.0,4.0,4.0,0.0,C7H11NO7P2,18.0,True,
CHEMBL924,ZOLEDRONIC ACID ANHYDROUS,4.0,2001.0,O=P(O)(O)C(O)(Cn1ccnc1)P(=O)(O)O,XRASPMIURGNCCH-UHFFFAOYSA-N,,,,,False,272.1,-1.12,153.1,5.0,4.0,4.0,0.0,C5H10N2O7P2,18.0,True,
CHEMBL264241,ANIDULAFUNGIN,4.0,2006.0,CCCCCOc1ccc(-c2ccc(-c3ccc(C(=O)N[C@H]4C[C@@H](O)[C@@H](O)NC(=O)[C@@H]5[C@@H](O)[C@@H](C)CN5C(=O)[C@H]([C@@H](C)O)NC(=O)[C@H]([C@H](O)[C@@H](O)c5ccc(O)cc5)NC(=O)[C@@H]5C[C@@H](O)CN5C(=O)[C@H]([C@@H](C)O)NC4=O)cc3)cc2)cc1,JHVAMHSQVVQIOT-MFAJLEFUSA-N,J02AX06,Launched,"fungal 1,3-beta-D-glucan synthase inhibitor",candidemia|fungal infection|esophageal candidiasis,False,,,,,,,,,,False,F2_mw_1140
CHEMBL925,TYROSINE,4.0,1982.0,N[C@@H](Cc1ccc(O)cc1)C(=O)O,OUYCCCASQSFEME-QMMMGPOBSA-N,,,,,False,181.2,0.35,83.5,3.0,3.0,3.0,0.0,C9H11NO3,12.0,True,
CHEMBL926,DOBUTAMINE,4.0,1978.0,CC(CCc1ccc(O)cc1)NCCc1ccc(O)c(O)c1,JRWZLRBJNMZMFE-UHFFFAOYSA-N,C01CA07,Launched,adrenergic receptor agonist,congestive heart failure,False,301.4,2.96,72.7,4.0,4.0,7.0,0.0,C18H23NO3,20.0,True,
CHEMBL56021,LEVACETYLLEUCINE,4.0,2024.0,CC(=O)N[C@@H](CC(C)C)C(=O)O,WXNXCEHXYPACJF-ZETCQYMHSA-N,,,,,False,173.2,0.62,66.4,2.0,2.0,4.0,0.0,C8H15NO3,10.0,True,
CHEMBL927,CEFDINIR,4.0,1997.0,C=CC1=C(C(=O)O)N2C(=O)[C@@H](NC(=O)/C(=N\O)c3csc(N)n3)[C@H]2SC1,RTXOFQZKPXMALH-GHXIOONMSA-N,J01DD15,Launched,bacterial cell wall synthesis inhibitor,pneumonia|tonsillitis|pharyngitis|bronchitis|skin infections|otitis|sinusitis,False,395.4,-0.17,158.2,4.0,9.0,5.0,0.0,C14H13N5O5S2,16.0,True,
CHEMBL54976,TRYPTOPHAN,4.0,,N[C@@H](Cc1c[nH]c2ccccc12)C(=O)O,QIVBCDIJIAJPQS-VIFPVBQESA-N,N06AX02,Launched,serotonin receptor partial agonist,anxiety|bloating|constipation|fatigue|sleeplessness,False,204.2,1.12,79.1,3.0,2.0,3.0,0.0,C11H12N2O2,10.0,True,
CHEMBL928,DANTROLENE SODIUM,4.0,1974.0,O=C1CN(/N=C/c2ccc(-c3ccc([N+](=O)[O-])cc3)o2)C(=O)[N-]1.[Na+],KSRLIXGNPXAZHD-HAZZGOGXSA-M,,,,,False,313.2,2.52,120.1,0.0,6.0,4.0,-1.0,C14H9N4O5-,8.0,True,
CHEMBL298734,LONAFARNIB,4.0,2020.0,NC(=O)N1CCC(CC(=O)N2CCC([C@H]3c4ncc(Br)cc4CCc4cc(Cl)cc(Br)c43)CC2)CC1,DHMTURDWPRKSOA-RUZDIDTESA-N,A16AX20,Phase 3,farnesyltransferase inhibitor,,False,638.8,5.91,79.5,1.0,3.0,3.0,0.0,C27H31Br2ClN4O2,14.0,True,
CHEMBL929,DELAVIRDINE MESYLATE,4.0,1997.0,CC(C)Nc1cccnc1N1CCN(C(=O)c2cc3cc(NS(C)(=O)=O)ccc3[nH]2)CC1.CS(=O)(=O)O,MEPNHSOMXMALDZ-UHFFFAOYSA-N,,,,,False,456.6,2.72,110.4,3.0,6.0,6.0,0.0,C22H28N6O3S,12.0,True,
CHEMBL930,GLUTAMINE,4.0,2004.0,NC(=O)CC[C@H](N)C(=O)O,ZDXPYRJPNDTMRX-VKHMYHEASA-N,A16AA03,,,,False,146.1,-1.34,106.4,3.0,3.0,4.0,0.0,C5H10N2O3,12.0,True,
CHEMBL56367,NIMESULIDE,4.0,,CS(=O)(=O)Nc1ccc([N+](=O)[O-])cc1Oc1ccccc1,HYWYRSMBCFDLJT-UHFFFAOYSA-N,M01AX17;M02AA26,Launched,cyclooxygenase inhibitor,osteoarthritis|menstrual pain,False,308.3,2.76,98.5,1.0,5.0,5.0,0.0,C13H12N2O5S,10.0,True,
CHEMBL931,HALOTHANE,4.0,1958.0,FC(F)(F)C(Cl)Br,BCQZXOMGPXTTIC-UHFFFAOYSA-N,N01AB01,Launched,glutamate receptor antagonist,general anaesthetic,False,197.4,2.51,0.0,0.0,0.0,0.0,0.0,C2HBrClF3,2.0,True,
CHEMBL932,DIPYRIDAMOLE,4.0,1961.0,OCCN(CCO)c1nc(N2CCCCC2)c2nc(N(CCO)CCO)nc(N3CCCCC3)c2n1,IZEKFCXSFNUWAM-UHFFFAOYSA-N,B01AC07,Launched,phosphodiesterase inhibitor,coronary artery disease (CAD)|peripheral artery disease (PAD)|hypertension,False,504.6,-0.02,145.4,4.0,12.0,12.0,0.0,C24H40N8O4,32.0,True,
CHEMBL934,METYRAPONE,4.0,1961.0,CC(C)(C(=O)c1cccnc1)c1cccnc1,FJLBFSROUSIWMA-UHFFFAOYSA-N,V04CD01,Launched,cytochrome P450 inhibitor,adrenal diagnostic agent,False,226.3,2.64,42.9,0.0,3.0,3.0,0.0,C14H14N2O,6.0,True,
CHEMBL936,DIPHENIDOL,4.0,1967.0,OC(CCCN1CCCCC1)(c1ccccc1)c1ccccc1,OGAKLTJNUQRZJU-UHFFFAOYSA-N,,Launched,acetylcholine receptor agonist,vertigo,False,309.5,4.19,23.5,1.0,2.0,6.0,0.0,C21H27NO,14.0,True,
CHEMBL937,DIETHYLCARBAMAZINE CITRATE,4.0,1950.0,CCN(CC)C(=O)N1CCN(C)CC1.O=C(O)CC(O)(CC(=O)O)C(=O)O,PGNKBEARDDELNB-UHFFFAOYSA-N,,,,,False,199.3,0.7,26.8,0.0,2.0,2.0,0.0,C10H21N3O,4.0,True,
CHEMBL163,RITONAVIR,4.0,1996.0,CC(C)c1nc(CN(C)C(=O)N[C@H](C(=O)N[C@@H](Cc2ccccc2)C[C@H](O)[C@H](Cc2ccccc2)NC(=O)OCc2cncs2)C(C)C)cs1,NCDNCNXCDXHOMX-XGKFQTDJSA-N,J05AE03,Launched,HIV protease inhibitor,human immunodeficiency virus (HIV-1),False,721.0,5.91,145.8,4.0,9.0,17.0,0.0,C37H48N6O5S2,40.0,True,
CHEMBL939,GEFITINIB,4.0,2003.0,COc1cc2ncnc(Nc3ccc(F)c(Cl)c3)c2cc1OCCCN1CCOCC1,XGALLCVXEZPNRQ-UHFFFAOYSA-N,L01EB01,Launched,EGFR inhibitor,non-small cell lung cancer (NSCLC),False,446.9,4.28,68.7,1.0,7.0,8.0,0.0,C22H24ClFN4O3,16.0,True,
CHEMBL940,GABAPENTIN,4.0,1993.0,NCC1(CC(=O)O)CCCCC1,UGJMXCAKCUNAIE-UHFFFAOYSA-N,N02BF01,Launched,calcium channel blocker,virus herpes simplex (HSV)|shingles|seizures|restless leg syndrome,True,171.2,1.37,63.3,2.0,2.0,3.0,0.0,C9H17NO2,10.0,True,
CHEMBL291338,"3,3',4',5-TETRACHLOROSALICYLANILIDE",4.0,,O=C(Nc1ccc(Cl)c(Cl)c1)c1cc(Cl)cc(Cl)c1O,SJQBHPJLLIJASD-UHFFFAOYSA-N,,,,,False,351.0,5.26,49.3,2.0,2.0,2.0,0.0,C13H7Cl4NO2,6.0,True,
CHEMBL58323,LACOSAMIDE,4.0,2008.0,COC[C@@H](NC(C)=O)C(=O)NCc1ccccc1,VPPJLAIAVCUEMN-GFCCVEGCSA-N,N03AX18,,,,True,250.3,0.45,67.4,2.0,3.0,6.0,0.0,C13H18N2O3,12.0,True,
CHEMBL941,IMATINIB,4.0,2001.0,Cc1ccc(NC(=O)c2ccc(CN3CCN(C)CC3)cc2)cc1Nc1nccc(-c2cccnc2)n1,KTUFNOKKBVMGRW-UHFFFAOYSA-N,L01EA01,Launched,Bcr-Abl kinase inhibitor|KIT inhibitor|PDGFR tyrosine kinase receptor inhibitor,chronic myeloid leukemia (CML)|acute lymphoblastic leukemia (ALL)|myelodysplastic diseases (MDS)|aggressive systemic mastocytosis (ASM)|hypereosinophilic syndrome (HES)|chronic eosinophilic leukemia (CEL)|dermatofibrosarcoma protuberans (DFSP)|gastrointestinal stromal tumors (GIST),False,493.6,4.59,86.3,2.0,7.0,7.0,0.0,C29H31N7O,14.0,True,
CHEMBL56564,TROPISETRON,4.0,,CN1[C@@H]2CC[C@H]1C[C@@H](OC(=O)c1c[nH]c3ccccc13)C2,ZNRGQMMCGHDTEI-ITGUQSILSA-N,A04AA03,Launched,serotonin receptor antagonist,nausea|vomiting,False,284.4,2.95,45.3,1.0,3.0,2.0,0.0,C17H20N2O2,6.0,True,
CHEMBL301265,PRAMIPEXOLE,4.0,1997.0,CCCN[C@H]1CCc2nc(N)sc2C1,FASDKYOPVNHBLU-ZETCQYMHSA-N,N04BC05,Launched,dopamine receptor agonist,Parkinson's Disease,False,211.3,1.58,50.9,2.0,4.0,3.0,0.0,C10H17N3S,8.0,True,
CHEMBL942,BISACODYL,4.0,2004.0,CC(=O)Oc1ccc(C(c2ccc(OC(C)=O)cc2)c2ccccn2)cc1,KHOITXIGCFIULA-UHFFFAOYSA-N,A06AB02;A06AG02;A06AB52,Launched,laxative,constipation,False,361.4,4.11,65.5,0.0,5.0,5.0,0.0,C22H19NO4,14.0,True,
CHEMBL56337,EPALRESTAT,4.0,1992.0,CC(/C=C1\SC(=S)N(CC(=O)O)C1=O)=C\c1ccccc1,CHNUOJQWGUIOLD-NFZZJPOKSA-N,,Launched,aldose reductase inhibitor,diabetic nephropathy,False,319.4,2.92,57.6,1.0,4.0,4.0,0.0,C15H13NO3S2,10.0,True,
CHEMBL944,CHLOROPROCAINE HYDROCHLORIDE,4.0,1955.0,CCN(CC)CCOC(=O)c1ccc(N)cc1Cl.Cl,SZKQYDBPUCZLRX-UHFFFAOYSA-N,,,,,False,270.8,2.42,55.6,1.0,4.0,6.0,0.0,C13H19ClN2O2,16.0,True,
CHEMBL945,AMILORIDE,4.0,1981.0,N=C(N)NC(=O)c1nc(Cl)c(N)nc1N,XSDQTOBWRPYKKA-UHFFFAOYSA-N,C03DB01,Launched,sodium channel blocker,hypertension|congestive heart failure,False,229.6,-1.08,156.8,5.0,6.0,1.0,0.0,C6H8ClN7O,6.0,True,
CHEMBL946,AZATADINE,4.0,1977.0,CN1CCC(=C2c3ccccc3CCc3cccnc32)CC1,SEBMTIQKRHYNIT-UHFFFAOYSA-N,R06AX09,Launched,histamine receptor antagonist,allergic rhinitis,False,290.4,3.71,16.1,0.0,2.0,0.0,0.0,C20H22N2,8.0,True,
CHEMBL58510,CHLOROQUINE PHOSPHATE,4.0,1949.0,CCN(CC)CCCC(C)Nc1ccnc2cc(Cl)ccc12.O=P(O)(O)O.O=P(O)(O)O,QKICWELGRMTQCR-UHFFFAOYSA-N,,,,,False,319.9,4.81,28.2,1.0,3.0,8.0,0.0,C18H26ClN3,16.0,True,
CHEMBL951,IOPHENDYLATE,4.0,1982.0,CCOC(=O)CCCCCCCCC(C)c1ccc(I)cc1,LAYLQVBQIBQVLL-UHFFFAOYSA-N,V08AD04,,,,False,416.3,6.08,26.3,0.0,2.0,11.0,0.0,C19H29IO2,24.0,True,
CHEMBL294199,CAPSAICIN,4.0,2009.0,COc1cc(CNC(=O)CCCC/C=C/C(C)C)ccc1O,YKPUWZUDDOIDPM-SOFGYWHQSA-N,N01BX04;M02AB01,Launched,TRPV agonist,muscle pain|rheumatoid arthritis,True,305.4,3.79,58.6,2.0,3.0,9.0,0.0,C18H27NO3,20.0,True,
CHEMBL953,ENTACAPONE,4.0,1998.0,CCN(CC)C(=O)/C(C#N)=C/c1cc(O)c(O)c([N+](=O)[O-])c1,JRURYQJSLYLRLN-BJMVGYQFSA-N,N04BX02,Launched,catechol O methyltransferase inhibitor,Parkinson's Disease,False,305.3,1.78,127.7,2.0,6.0,5.0,0.0,C14H15N3O5,14.0,True,
CHEMBL61593,CYCLOTHIAZIDE,4.0,1982.0,NS(=O)(=O)c1cc2c(cc1Cl)NC(C1CC3C=CC1C3)NS2(=O)=O,BOCUKUHCLICSIY-UHFFFAOYSA-N,C03AA09,Launched,glutamate receptor modulator,hypertension,False,389.9,1.23,118.4,3.0,5.0,2.0,0.0,C14H16ClN3O4S2,6.0,True,
CHEMBL956,SUPROFEN,4.0,1985.0,CC(C(=O)O)c1ccc(C(=O)c2cccs2)cc1,MDKGKXOCJGEUJW-UHFFFAOYSA-N,M01AE07,Withdrawn,cyclooxygenase inhibitor,,False,260.3,3.17,54.4,1.0,3.0,4.0,0.0,C14H12O3S,10.0,True,
CHEMBL957,BOSENTAN,4.0,2001.0,COc1ccccc1Oc1c(NS(=O)(=O)c2ccc(C(C)(C)C)cc2)nc(-c2ncccn2)nc1OCCO,GJPICJJJRGTNOD-UHFFFAOYSA-N,C02KX01,Launched,endothelin receptor antagonist,pulmonary arterial hypertension (PAH),False,551.6,4.2,145.7,2.0,10.0,10.0,0.0,C27H29N5O6S,24.0,True,
CHEMBL959,RIMANTADINE,4.0,1993.0,CC(N)C12CC3CC(CC(C3)C1)C2,UBCHPRBFMUDMNC-UHFFFAOYSA-N,J05AC02,Launched,antiviral|RNA synthesis inhibitor,influenza A virus infection,False,179.3,2.55,26.0,1.0,1.0,1.0,0.0,C12H21N,4.0,True,
CHEMBL960,LEFLUNOMIDE,4.0,1998.0,Cc1oncc1C(=O)Nc1ccc(C(F)(F)F)cc1,VHOGYURTWQBHIL-UHFFFAOYSA-N,L04AK01,Launched,dihydroorotate dehydrogenase inhibitor|PDGFR tyrosine kinase receptor inhibitor,rheumatoid arthritis,False,270.2,3.25,55.1,1.0,3.0,2.0,0.0,C12H9F3N2O2,6.0,True,
CHEMBL62193,SULFADIMETHOXINE,4.0,,COc1cc(NS(=O)(=O)c2ccc(N)cc2)nc(OC)n1,ZZORFUFYDOWNEF-UHFFFAOYSA-N,J01ED01,,,,False,310.3,0.88,116.4,2.0,7.0,5.0,0.0,C12H14N4O4S,12.0,True,
CHEMBL61006,PHENYLPROPANOLAMINE,4.0,1958.0,CC(N)C(O)c1ccccc1,DLNKOYKMWOXYQA-UHFFFAOYSA-N,R01BA01;R01BA51,,,,False,151.2,1.07,46.2,2.0,2.0,2.0,0.0,C9H13NO,8.0,True,
CHEMBL962,EPOPROSTENOL SODIUM,4.0,1995.0,CCCCC[C@H](O)/C=C/[C@@H]1[C@H]2C/C(=C/CCCC(=O)[O-])O[C@H]2C[C@H]1O.[Na+],LMHIPJMTZHDKEW-XQYLJSSYSA-M,,,,,False,351.5,2.07,89.8,2.0,5.0,10.0,-1.0,C20H31O5-,24.0,True,
CHEMBL963,OXYMORPHONE,4.0,1959.0,CN1CC[C@]23c4c5ccc(O)c4O[C@H]2C(=O)CC[C@@]3(O)[C@H]1C5,UQCNKQCJZOAFTQ-ISWURRPUSA-N,N02AA11,,,,False,301.3,0.75,70.0,2.0,5.0,0.0,0.0,C17H19NO4,4.0,True,
CHEMBL964,DISULFIRAM,4.0,1951.0,CCN(CC)C(=S)SSC(=S)N(CC)CC,AUZONCFQVSMFAP-UHFFFAOYSA-N,P03AA04;P03AA54;N07BB01,Launched,aldehyde dehydrogenase inhibitor|DNA methyltransferase inhibitor|TRPV agonist,abstinence from alcohol,False,296.6,3.62,6.5,0.0,4.0,4.0,0.0,C10H20N2S4,14.0,True,
CHEMBL965,CARBAMOYLCHOLINE,4.0,1972.0,C[N+](C)(C)CCOC(N)=O,VPJXQGSRWJZDOB-UHFFFAOYSA-O,,,,,False,147.2,-0.21,52.3,1.0,2.0,3.0,1.0,C6H15N2O2+,8.0,True,
CHEMBL967,TEMAZEPAM,4.0,1981.0,CN1C(=O)C(O)N=C(c2ccccc2)c2cc(Cl)ccc21,SEQDDYPDSLOBDC-UHFFFAOYSA-N,N05CD07,,,,False,300.7,2.47,52.9,1.0,3.0,1.0,0.0,C16H13ClN2O2,12.0,True,
CHEMBL968,FLURAZEPAM,4.0,1970.0,CCN(CC)CCN1C(=O)CN=C(c2ccccc2F)c2cc(Cl)ccc21,SAADBVWGJQAEFS-UHFFFAOYSA-N,N05CD01,,,,False,387.9,4.0,35.9,0.0,3.0,6.0,0.0,C21H23ClFN3O,20.0,True,
CHEMBL969,PRAZEPAM,4.0,1982.0,O=C1CN=C(c2ccccc2)c2cc(Cl)ccc2N1CC1CC1,MWQCHHACWWAQLJ-UHFFFAOYSA-N,N05BA11,,,,False,324.8,3.93,32.7,0.0,2.0,3.0,0.0,C19H17ClN2O,14.0,True,
CHEMBL970,HALAZEPAM,4.0,1981.0,O=C1CN=C(c2ccccc2)c2cc(Cl)ccc2N1CC(F)(F)F,WYCLKVQLVUQKNZ-UHFFFAOYSA-N,N05BA13,,,,False,352.7,4.09,32.7,0.0,2.0,2.0,0.0,C17H12ClF3N2O,14.0,True,
CHEMBL971,PENTOBARBITAL SODIUM,4.0,1973.0,CCCC(C)C1(CC)C(=O)N=C([O-])NC1=O.[Na+],QGMRQYFBGABWDR-UHFFFAOYSA-M,,,,,False,225.3,0.19,81.6,1.0,3.0,4.0,-1.0,C11H17N2O3-,8.0,True,
CHEMBL972,SELEGILINE,4.0,1989.0,C#CCN(C)[C@H](C)Cc1ccccc1,MEZLKOACVSPNER-GFCCVEGCSA-N,N04BD01,Launched,monoamine oxidase inhibitor,Parkinson's Disease,False,187.3,2.18,3.2,0.0,1.0,4.0,0.0,C13H17N,8.0,True,
CHEMBL973,TERIFLUNOMIDE,4.0,2012.0,C/C(O)=C(\C#N)C(=O)Nc1ccc(C(F)(F)F)cc1,UTNUDOFZCWSZMS-YFHOEESVSA-N,L04AK02,Launched,dihydroorotate dehydrogenase inhibitor,multiple sclerosis,False,270.2,3.0,73.1,2.0,3.0,2.0,0.0,C12H9F3N2O2,8.0,True,
CHEMBL975,MESNA,4.0,1988.0,O=S(=O)([O-])CCS.[Na+],XOGTZOOQQBDUSI-UHFFFAOYSA-M,V03AF01;R05CB05,Launched,antioxidant,hemorrhagic cystitis,False,141.2,-0.54,57.2,1.0,4.0,2.0,-1.0,C2H5O3S2-,6.0,True,
CHEMBL64391,ITRACONAZOLE,4.0,1992.0,CCC(C)n1ncn(-c2ccc(N3CCN(c4ccc(OCC5COC(Cn6cncn6)(c6ccc(Cl)cc6Cl)O5)cc4)CC3)cc2)c1=O,VHVPQPYKVGDNFY-UHFFFAOYSA-N,J02AC02,Launched,cytochrome P450 inhibitor,onychomycosis|histoplasmosis|blastomycosis|aspergillosis,False,705.6,5.58,104.7,0.0,9.0,11.0,0.0,C35H38Cl2N8O4,22.0,True,
CHEMBL64894,GENTIAN VIOLET,4.0,1982.0,CN(C)c1ccc(C(=C2C=CC(=[N+](C)C)C=C2)c2ccc(N(C)C)cc2)cc1.[Cl-],ZXJXZNDDNMQXFV-UHFFFAOYSA-M,,,,,False,372.5,4.46,9.5,0.0,2.0,4.0,1.0,C25H30N3+,8.0,True,
CHEMBL976,PRAZIQUANTEL,4.0,1982.0,O=C(C1CCCCC1)N1CC(=O)N2CCc3ccccc3C2C1,FSVJFNAIGNNGKK-UHFFFAOYSA-N,P02BA01,Launched,anthelmintic agent,gastrointestinal parasites|cystic hydatid disease|schistosomiasis,False,312.4,2.53,40.6,0.0,2.0,1.0,0.0,C19H24N2O2,4.0,True,
CHEMBL977,HYDROCORTISONE HEMISUCCINATE ANHYDROUS,4.0,1955.0,C[C@]12CCC(=O)C=C1CC[C@@H]1[C@@H]2[C@@H](O)C[C@@]2(C)[C@H]1CC[C@]2(O)C(=O)COC(=O)CCC(=O)O,VWQWXZAWFPZJDA-CGVGKPPMSA-N,,,,,False,462.5,2.2,138.2,3.0,7.0,6.0,0.0,C25H34O8,20.0,True,
CHEMBL978,METHACHOLINE,4.0,1986.0,CC(=O)OC(C)C[N+](C)(C)C,NZWOPGCLSHLLPA-UHFFFAOYSA-N,V04CX03,Launched,acetylcholine receptor agonist,bronchial hyperresponsiveness diagnostic,False,160.2,0.64,26.3,0.0,2.0,3.0,1.0,C8H18NO2+,8.0,True,
CHEMBL979,MEPROBAMATE,4.0,1955.0,CCCC(C)(COC(N)=O)COC(N)=O,NPPQSCRMBWNHMW-UHFFFAOYSA-N,N05BC01;N05BC51;N05CX01,,,,False,218.3,0.98,104.6,2.0,4.0,6.0,0.0,C9H18N2O4,16.0,True,
CHEMBL980,GUAIFENESIN,4.0,2002.0,COc1ccccc1OCC(O)CO,HSRJKNPTNIJEKV-UHFFFAOYSA-N,R05CA03,Launched,expectorant,cough suppressant,False,198.2,0.43,58.9,2.0,4.0,5.0,0.0,C10H14O4,14.0,True,
CHEMBL981,FENOFIBRIC ACID,4.0,2008.0,CC(C)(Oc1ccc(C(=O)c2ccc(Cl)cc2)cc1)C(=O)O,MQOBSOSZFYZQOK-UHFFFAOYSA-N,,,,,False,318.8,3.81,63.6,1.0,3.0,5.0,0.0,C17H15ClO4,12.0,True,
CHEMBL982,NALMEFENE,4.0,1995.0,C=C1CC[C@@]2(O)[C@H]3Cc4ccc(O)c5c4[C@@]2(CCN3CC2CC2)[C@H]1O5,WJBLNOPPDWQMCH-MBPVOVBZSA-N,N07BB05,Launched,opioid receptor antagonist,respiratory depression,True,339.4,2.51,52.9,2.0,4.0,2.0,0.0,C21H25NO3,8.0,True,
CHEMBL983,SUCCINYLCHOLINE CHLORIDE,4.0,1952.0,C[N+](C)(C)CCOC(=O)CCC(=O)OCC[N+](C)(C)C.[Cl-].[Cl-],YOEWQQVKRJEPAE-UHFFFAOYSA-L,,,,,False,290.4,0.27,52.6,0.0,4.0,9.0,2.0,C14H30N2O4+2,22.0,True,
CHEMBL984,MIVACURIUM CHLORIDE,4.0,1992.0,COc1cc2c(cc1OC)[C@@H](Cc1cc(OC)c(OC)c(OC)c1)[N+](C)(CCCOC(=O)CC/C=C/CCC(=O)OCCC[N+]1(C)CCc3cc(OC)c(OC)cc3[C@H]1Cc1cc(OC)c(OC)c(OC)c1)CC2.[Cl-].[Cl-],WMSYWJSZGVOIJW-ONUALHDOSA-L,M03AC10,,,,False,,,,,,,,,,False,F2_mw_1029
CHEMBL985,UREA,4.0,1982.0,NC(N)=O,XSQUKJJJFZCRTK-UHFFFAOYSA-N,D02AE01;B05BC02;D02AE51,Launched,hydroxy radical formation stimulant,psoriasis|xerosis cutis|ichthyosis vulgaris|eczema|keratosis|dermatitis,False,,,,,,,,,,False,F2_mw_60
CHEMBL65375,TIPIRACIL HYDROCHLORIDE,4.0,2015.0,Cl.N=C1CCCN1Cc1[nH]c(=O)[nH]c(=O)c1Cl,KGHYQYACJRXCAT-UHFFFAOYSA-N,,,,,False,242.7,0.29,92.8,3.0,3.0,2.0,0.0,C9H11ClN4O2,4.0,True,
CHEMBL291657,CRINECERFONT,4.0,2024.0,C#CCN(c1nc(-c2cc(C)c(OC)cc2Cl)c(C)s1)[C@@H](CC1CC1)c1ccc(C)c(F)c1,IEAKXXNRGSLYTQ-DEOSSOPVSA-N,,,,,False,483.1,7.52,25.4,0.0,4.0,8.0,0.0,C27H28ClFN2OS,16.0,True,
CHEMBL63857,PHENOLPHTHALEIN,4.0,,O=C1OC(c2ccc(O)cc2)(c2ccc(O)cc2)c2ccccc21,KJFMBFZCATUALV-UHFFFAOYSA-N,A06AB04,Withdrawn,indicator dye,,False,318.3,3.56,66.8,2.0,4.0,2.0,0.0,C20H14O4,8.0,True,
CHEMBL986,RETINOL,4.0,1982.0,CC1=C(/C=C/C(C)=C/C=C/C(C)=C/CO)C(C)(C)CCC1,FPIPGXGPPPQFEQ-OVSJKPMPSA-N,D10AD02;S01XA02;A11CA01;R01AX02,Launched,retinoid receptor ligand,cosmetic|acne vulgaris (AV)|keratosis,False,286.5,5.51,20.2,1.0,1.0,5.0,0.0,C20H30O,12.0,True,
CHEMBL65794,CEFPIROME,4.0,,CO/N=C(\C(=O)N[C@@H]1C(=O)N2C(C(=O)[O-])=C(C[n+]3cccc4c3CCC4)CS[C@H]12)c1csc(N)n1,DKOQGJHPHLTOJR-WHRDSVKCSA-N,J01DE02,Launched,bacterial cell wall synthesis inhibitor,gram-negative bacterial infections,False,514.6,-1.04,153.9,2.0,10.0,7.0,0.0,C22H22N6O5S2,16.0,True,
CHEMBL989,FLUOCINOLONE ACETONIDE,4.0,1963.0,CC1(C)O[C@@H]2C[C@H]3[C@@H]4C[C@H](F)C5=CC(=O)C=C[C@]5(C)[C@@]4(F)[C@@H](O)C[C@]3(C)[C@]2(C(=O)CO)O1,FEBLZLNTKCEFIT-VSXGLTOVSA-N,S01BA15;S02BA08;D07AC04;C05AA10,,,,False,452.5,2.37,93.1,2.0,6.0,2.0,0.0,C24H30F2O6,8.0,True,
CHEMBL990,BUTENAFINE,4.0,1996.0,CN(Cc1ccc(C(C)(C)C)cc1)Cc1cccc2ccccc12,ABJKWBDEJIDSJZ-UHFFFAOYSA-N,D01AE23,Launched,fungal squalene epoxidase inhibitor,tinea pedis|tinea cruris|tinea corporis,False,317.5,5.77,3.2,0.0,1.0,4.0,0.0,C23H27N,10.0,True,
CHEMBL70246,ACEFYLLINE,4.0,,Cn1c(=O)c2c(ncn2CC(=O)O)n(C)c1=O,HCYFGRCYSCXKNQ-UHFFFAOYSA-N,,Launched,adenosine receptor agonist,asthma,False,238.2,-1.48,99.1,1.0,4.0,2.0,0.0,C9H10N4O4,6.0,True,
CHEMBL991,STAVUDINE,4.0,1994.0,Cc1cn([C@H]2C=C[C@@H](CO)O2)c(=O)[nH]c1=O,XNKLLVCARDGLGL-JGVFFNPUSA-N,J05AF04,Launched,DNA directed DNA polymerase inhibitor|nucleoside reverse transcriptase inhibitor,human immunodeficiency virus (HIV-1),False,224.2,-0.71,84.3,2.0,4.0,2.0,0.0,C10H12N2O4,6.0,True,
CHEMBL995,LOSARTAN POTASSIUM,4.0,1995.0,CCCCc1nc(Cl)c(CO)n1Cc1ccc(-c2ccccc2-c2nnn[n-]2)cc1.[K+],OXCMYAYHXIHQOA-UHFFFAOYSA-N,,,,,False,421.9,3.9,90.8,1.0,5.0,8.0,-1.0,C22H22ClN6O-,18.0,True,
CHEMBL996,CEFOXITIN,4.0,1978.0,CO[C@@]1(NC(=O)Cc2cccs2)C(=O)N2C(C(=O)O)=C(COC(N)=O)CS[C@@H]21,WZOZEZRFJCJXNZ-ZBFHGGJFSA-N,J01DC01,Launched,bacterial cell wall synthesis inhibitor,respiratory tract infections|urinary tract infections|intra-abdominal infections|gynecologic infections|bacterial septicemia|bone and joint infections|skin infections,False,427.5,0.1,148.3,3.0,8.0,7.0,0.0,C16H17N3O7S2,18.0,True,
CHEMBL70046,SORIVUDINE,4.0,,O=c1[nH]c(=O)n([C@@H]2O[C@H](CO)[C@@H](O)[C@@H]2O)cc1/C=C/Br,GCQYYIHYQMVWLT-HQNLTJAPSA-N,,,,,False,349.1,-1.49,124.8,4.0,6.0,3.0,0.0,C11H13BrN2O6,12.0,True,
CHEMBL997,IBANDRONIC ACID,4.0,1996.0,CCCCCN(C)CCC(O)(P(=O)(O)O)P(=O)(O)O,MPBVHIBUJCELCL-UHFFFAOYSA-N,M05BA06,,,,False,319.2,0.5,138.5,5.0,4.0,9.0,0.0,C9H23NO7P2,28.0,True,
CHEMBL998,LORATADINE,4.0,1993.0,CCOC(=O)N1CCC(=C2c3ccc(Cl)cc3CCc3cccnc32)CC1,JCCNYMKQOSZNPW-UHFFFAOYSA-N,R06AX13,Launched,histamine receptor antagonist,allergic rhinitis|itching,False,382.9,4.89,42.4,0.0,3.0,1.0,0.0,C22H23ClN2O2,12.0,True,
CHEMBL71752,VINPOCETINE,4.0,,CCOC(=O)C1=C[C@]2(CC)CCCN3CCc4c(n1c1ccccc41)[C@@H]32,DDNCQMVWWZOMLN-IRLDBZIGSA-N,N06BX18,Launched,phosphodiesterase inhibitor|sodium channel blocker,stroke|senile dementia,False,350.5,4.15,34.5,0.0,3.0,3.0,0.0,C22H26N2O2,8.0,True,
CHEMBL305660,EBASTINE,4.0,1990.0,CC(C)(C)c1ccc(C(=O)CCCN2CCC(OC(c3ccccc3)c3ccccc3)CC2)cc1,MJJALKDDGIKVBE-UHFFFAOYSA-N,R06AX22,Launched,histamine receptor antagonist,allergic rhinitis|urticaria,False,469.7,7.22,29.5,0.0,3.0,9.0,0.0,C32H39NO2,20.0,True,
CHEMBL1000,CETIRIZINE,4.0,1995.0,O=C(O)COCCN1CCN(C(c2ccccc2)c2ccc(Cl)cc2)CC1,ZKLPARSLTMPFCP-UHFFFAOYSA-N,R06AE07;S01GX12,Launched,histamine receptor antagonist,allergic rhinitis,False,388.9,3.15,53.0,1.0,4.0,8.0,0.0,C21H25ClN2O3,18.0,True,
CHEMBL70418,CLOBAZAM,4.0,2005.0,CN1C(=O)CC(=O)N(c2ccccc2)c2cc(Cl)ccc21,CXOXHMZGEKVPMT-UHFFFAOYSA-N,N05BA09,,,,False,300.7,3.37,40.6,0.0,2.0,1.0,0.0,C16H13ClN2O2,12.0,True,
CHEMBL1002,LEVOSALBUTAMOL,4.0,1999.0,CC(C)(C)NC[C@H](O)c1ccc(O)c(CO)c1,NDAUXUAQIAJITI-LBPRGKRZSA-N,,,,,False,239.3,1.31,72.7,4.0,4.0,4.0,0.0,C13H21NO3,16.0,True,
CHEMBL1003,CLAVULANATE POTASSIUM,4.0,1984.0,O=C([O-])[C@H]1/C(=C/CO)O[C@@H]2CC(=O)N21.[K+],ABVRVIZBZKUTMK-JSYANWSFSA-M,,,,,False,198.2,-2.43,89.9,1.0,5.0,2.0,-1.0,C8H8NO5-,6.0,True,
CHEMBL1004,DOXYLAMINE,4.0,1948.0,CN(C)CCOC(C)(c1ccccc1)c1ccccn1,HCFDWZZGGLSKEP-UHFFFAOYSA-N,R06AA59;R06AA09,Launched,histamine receptor antagonist,sedative,False,270.4,2.92,25.4,0.0,3.0,6.0,0.0,C17H22N2O,12.0,True,
CHEMBL70972,SERATRODAST,4.0,1995.0,CC1=C(C)C(=O)C(C(CCCCCC(=O)O)c2ccccc2)=C(C)C1=O,ZBVKEHDGYSLCCC-UHFFFAOYSA-N,R03DX06,Launched,prostanoid receptor antagonist,asthma,False,354.4,4.61,71.4,1.0,3.0,8.0,0.0,C22H26O4,18.0,True,
CHEMBL1005,REMIFENTANIL,4.0,1996.0,CCC(=O)N(c1ccccc1)C1(C(=O)OC)CCN(CCC(=O)OC)CC1,ZTVQQQVZCWLTDF-UHFFFAOYSA-N,N01AH06,,,,True,376.5,2.0,76.2,0.0,6.0,7.0,0.0,C20H28N2O5,20.0,True,
CHEMBL70927,DEFERIPRONE,4.0,1999.0,Cc1c(O)c(=O)ccn1C,TZXKOCQBRNJULO-UHFFFAOYSA-N,V03AC02,Launched,chelating agent,transfusional hemosiderosis|thalassemia|iron overload,False,139.2,0.4,42.2,1.0,2.0,0.0,0.0,C7H9NO2,2.0,True,
CHEMBL1006,AMIFOSTINE,4.0,1995.0,NCCCNCCSP(=O)(O)O,JKOQGQFVAUAYPM-UHFFFAOYSA-N,V03AF05,Launched,reducing agent,renal toxicity,False,214.2,-0.25,95.6,4.0,4.0,7.0,0.0,C5H15N2O3PS,20.0,True,
CHEMBL1008,BEPRIDIL,4.0,1990.0,CC(C)COCC(CN(Cc1ccccc1)c1ccccc1)N1CCCC1,UIEATEWHFDRYRU-UHFFFAOYSA-N,C08EA02,Launched,calcium channel blocker,angina pectoris,False,366.5,4.83,15.7,0.0,3.0,10.0,0.0,C24H34N2O,20.0,True,
CHEMBL1009,LEVODOPA,4.0,1970.0,N[C@@H](Cc1ccc(O)c(O)c1)C(=O)O,WTDRDQBEARUVNC-LURJTMIESA-N,N04BA01,Launched,dopamine precursor,Parkinson's Disease,False,197.2,0.05,103.8,4.0,4.0,3.0,0.0,C9H11NO4,14.0,True,
CHEMBL1010,CEFOTAXIME SODIUM,4.0,1981.0,CO/N=C(\C(=O)N[C@@H]1C(=O)N2C(C(=O)[O-])=C(COC(C)=O)CS[C@H]12)c1csc(N)n1.[Na+],AZZMGZXNTDTSME-JUZDKLSSSA-M,,,,,False,454.5,-1.96,176.3,2.0,12.0,7.0,-1.0,C16H16N5O7S2-,18.0,True,
CHEMBL308954,ETRAVIRINE,4.0,2008.0,Cc1cc(C#N)cc(C)c1Oc1nc(Nc2ccc(C#N)cc2)nc(N)c1Br,PYGWGZALEOIKDF-UHFFFAOYSA-N,J05AG04,Launched,non-nucleoside reverse transcriptase inhibitor,human immunodeficiency virus (HIV-1),False,435.3,4.72,120.6,2.0,7.0,4.0,0.0,C20H15BrN6O,10.0,True,
CHEMBL306700,VILOXAZINE,4.0,2021.0,CCOc1ccccc1OCC1CNCCO1,YWPHCCPCQOJSGZ-UHFFFAOYSA-N,N06AX09,Launched,norepinephrine reuptake inhibitor,depression,False,237.3,1.45,39.7,1.0,4.0,5.0,0.0,C13H19NO3,10.0,True,
CHEMBL1013,LORACARBEF ANHYDROUS,4.0,1991.0,N[C@@H](C(=O)N[C@@H]1C(=O)N2C(C(=O)O)=C(Cl)CC[C@H]12)c1ccccc1,JAPHQRWPEGVNBT-UTUOFQBUSA-N,,,,,False,349.8,0.71,112.7,3.0,4.0,4.0,0.0,C16H16ClN3O4,12.0,True,
CHEMBL74632,MOXALACTAM,4.0,1982.0,CO[C@@]1(NC(=O)C(C(=O)O)c2ccc(O)cc2)C(=O)N2C(C(=O)O)=C(CSc3nnnn3C)CO[C@@H]21,JWCSIUVGFCSJCK-CAVRMKNVSA-N,J01DD06,Launched,bacterial cell wall synthesis inhibitor,gram-positive bacterial infections|gram-negative bacterial infections|skin infections|bone and joint infections|pneumonia|urinary tract infections|meningitis,False,520.5,-1.13,206.3,4.0,11.0,9.0,0.0,C20H20N6O9S,24.0,True,
CHEMBL312448,XYLOMETAZOLINE,4.0,,Cc1cc(C(C)(C)C)cc(C)c1CC1=NCCN1,HUCJFAOMUPXHDK-UHFFFAOYSA-N,S01GA53;R01AA07;R01AB06;S01GA03,Launched,adrenergic receptor agonist,nasal congestion|allergic rhinitis,False,244.4,3.15,24.4,1.0,2.0,2.0,0.0,C16H24N2,6.0,True,
CHEMBL1014,CANDESARTAN CILEXETIL,4.0,1998.0,CCOc1nc2cccc(C(=O)OC(C)OC(=O)OC3CCCCC3)c2n1Cc1ccc(-c2ccccc2-c2nn[nH]n2)cc1,GHOSNRCGJFBJIB-UHFFFAOYSA-N,,,,,False,610.7,6.32,143.3,1.0,10.0,10.0,0.0,C33H34N6O6,26.0,True,
CHEMBL1015,EVANS BLUE FREE ACID,4.0,1982.0,Cc1cc(-c2ccc(/N=N/c3ccc4c(S(=O)(=O)O)cc(S(=O)(=O)O)c(N)c4c3O)c(C)c2)ccc1/N=N/c1ccc2c(S(=O)(=O)O)cc(S(=O)(=O)O)c(N)c2c1O,COXVTLYNGOIATD-HVMBLDELSA-N,,,,,False,872.9,6.67,359.4,8.0,16.0,9.0,0.0,C34H28N6O14S4,,False,F3_druglikeness
CHEMBL1017,TELMISARTAN,4.0,1998.0,CCCc1nc2c(C)cc(-c3nc4ccccc4n3C)cc2n1Cc1ccc(-c2ccccc2C(=O)O)cc1,RMMXLENWKUUMAY-UHFFFAOYSA-N,C09CA07,Launched,angiotensin receptor antagonist,hypertension,False,514.6,7.26,72.9,1.0,3.0,7.0,0.0,C33H30N4O2,16.0,True,
CHEMBL1018,DIENESTROL,4.0,1947.0,C/C=C(C(=C/C)/c1ccc(O)cc1)\c1ccc(O)cc1,NFDFQCUYFHCNBW-SCGPFSFSSA-N,G03CB01;G03CC02,Launched,estrogen receptor agonist,menopause,False,266.3,4.6,40.5,2.0,2.0,3.0,0.0,C18H18O2,10.0,True,
CHEMBL75435,DEXKETOPROFEN,4.0,1994.0,C[C@H](C(=O)O)c1cccc(C(=O)c2ccccc2)c1,DKYWVDODHFEZIM-NSHDSACASA-N,M01AE17;M02AA27,,,,False,254.3,3.11,54.4,1.0,2.0,4.0,0.0,C16H14O3,10.0,True,
CHEMBL73234,CARBETAPENTANE,4.0,,CCN(CC)CCOCCOC(=O)C1(c2ccccc2)CCCC1,CFJMRBQWBDQYMK-UHFFFAOYSA-N,R05DB05,Launched,acetylcholine receptor antagonist,common cold|nasal congestion|bronchitis,False,333.5,3.4,38.8,0.0,4.0,10.0,0.0,C20H31NO3,22.0,True,
CHEMBL1020,TOLMETIN,4.0,1976.0,Cc1ccc(C(=O)c2ccc(CC(=O)O)n2C)cc1,UPSPUYADGBWSHF-UHFFFAOYSA-N,M02AA21;M01AB03,Launched,cyclooxygenase inhibitor,rheumatoid arthritis|osteoarthritis,False,257.3,2.19,59.3,1.0,2.0,4.0,0.0,C15H15NO3,10.0,True,
CHEMBL1021,NEPAFENAC,4.0,2005.0,NC(=O)Cc1cccc(C(=O)c2ccccc2)c1N,QEFAQIPZVLVERP-UHFFFAOYSA-N,S01BC10,Launched,cyclooxygenase inhibitor,eye inflammation,False,254.3,1.53,86.2,2.0,3.0,4.0,0.0,C15H14N2O2,10.0,True,
CHEMBL75880,PERHEXILINE,4.0,1974.0,C1CCC(C(CC2CCCCN2)C2CCCCC2)CC1,CYXKNKQEMFBLER-UHFFFAOYSA-N,C08EX02,Launched,carnitine palmitoyltransferase inhibitor,angina pectoris,False,277.5,5.3,12.0,1.0,1.0,4.0,0.0,C19H35N,8.0,True,
CHEMBL1023,BEXAROTENE,4.0,1999.0,C=C(c1ccc(C(=O)O)cc1)c1cc2c(cc1C)C(C)(C)CCC2(C)C,NAVMQTYZDKMPEU-UHFFFAOYSA-N,L01XF03,Launched,retinoid receptor agonist,cutaneous T-cell lymphoma (CTCL),False,348.5,6.1,37.3,1.0,1.0,3.0,0.0,C24H28O2,8.0,True,
CHEMBL1024,IFOSFAMIDE,4.0,1988.0,O=P1(NCCCl)OCCCN1CCCl,HOMGKSMUEGBAAB-UHFFFAOYSA-N,L01AA06,Launched,DNA alkylating agent,testicular carcinoma|hemorrhagic cystitis,False,261.1,1.88,41.6,1.0,2.0,5.0,0.0,C7H15Cl2N2O2P,10.0,True,
CHEMBL1025,ISOFLUROPHATE,4.0,1957.0,CC(C)OP(=O)(F)OC(C)C,MUCZHBLJLSDCSD-UHFFFAOYSA-N,S01EB07,Launched,cholinesterase inhibitor,glaucoma,False,184.1,2.91,35.5,0.0,3.0,4.0,0.0,C6H14FO3P,8.0,True,
CHEMBL307261,ARTENIMOL,4.0,,C[C@H]1[C@@H](O)O[C@@H]2O[C@@]3(C)CC[C@H]4[C@H](C)CC[C@@H]1[C@@]24OO3,BJDCWCLMFKKGEE-ISOSDAIHSA-N,P01BE05,,,,False,284.4,2.19,57.2,1.0,5.0,0.0,0.0,C15H24O5,6.0,True,
CHEMBL1026,FENOLDOPAM MESYLATE,4.0,1997.0,CS(=O)(=O)O.Oc1ccc(C2CNCCc3c2cc(O)c(O)c3Cl)cc1,CVKUMNRCIJMVAR-UHFFFAOYSA-N,,,,,False,305.8,2.73,72.7,4.0,4.0,1.0,0.0,C16H16ClNO3,18.0,True,
CHEMBL1027,TIAGABINE,4.0,1997.0,Cc1ccsc1C(=CCCN1CCC[C@@H](C(=O)O)C1)c1sccc1C,PBJUNZJWGZTSKL-MRXNPFEDSA-N,N03AG06,Launched,GABA uptake inhibitor,seizures,False,375.6,5.04,40.5,1.0,4.0,6.0,0.0,C20H25NO2S2,14.0,True,
CHEMBL76370,TEGASEROD,4.0,2002.0,CCCCCNC(=N)N/N=C/c1c[nH]c2ccc(OC)cc12,IKBKZGMPCYNSLU-RGVLZGJSSA-N,A06AX06,Withdrawn,serotonin receptor partial agonist,,False,301.4,2.81,85.3,4.0,3.0,7.0,0.0,C16H23N5O,14.0,True,
CHEMBL431770,ISTRADEFYLLINE,4.0,,CCn1c(=O)c2c(nc(/C=C/c3ccc(OC)c(OC)c3)n2C)n(CC)c1=O,IQVRBWUUXZMOPW-PKNBQFBNSA-N,N04CX01,Launched,adenosine receptor antagonist,Parkinson's Disease|dyskinesia,False,384.4,2.12,80.3,0.0,5.0,6.0,0.0,C20H24N4O4,12.0,True,
CHEMBL1029,MIGLUSTAT,4.0,2002.0,CCCCN1C[C@H](O)[C@@H](O)[C@H](O)[C@H]1CO,UQRORFVVSGFNRO-UTINFBMNSA-N,A16AX06,Launched,glycosyl transferase inhibitor,Gaucher disease,False,219.3,-1.45,84.2,4.0,5.0,4.0,0.0,C10H21NO4,16.0,True,
CHEMBL1034,DICLOFENAC SODIUM,4.0,1988.0,O=C([O-])Cc1ccccc1Nc1c(Cl)cccc1Cl.[Na+],KPHWPUGNDIVLNH-UHFFFAOYSA-M,,,,,False,295.1,3.03,52.2,1.0,3.0,4.0,-1.0,C14H10Cl2NO2-,8.0,True,
CHEMBL1037,GUANADREL,4.0,1982.0,N=C(N)NCC1COC2(CCCCC2)O1,HPBNRIOWIXYZFK-UHFFFAOYSA-N,,Launched,adrenergic inhibitor,hypertension,False,213.3,0.55,80.4,3.0,3.0,2.0,0.0,C10H19N3O2,4.0,True,
CHEMBL1040,CALCIFEDIOL ANHYDROUS,4.0,1980.0,C=C1CC[C@H](O)C/C1=C/C=C1\CCC[C@]2(C)[C@@H]([C@H](C)CCCC(C)(C)O)CC[C@@H]12,JWUBBDSIWDLEOM-DTOXIADCSA-N,,,,,False,400.6,6.73,40.5,2.0,2.0,6.0,0.0,C27H44O2,16.0,True,
CHEMBL1042,CHOLECALCIFEROL,4.0,1999.0,C=C1CC[C@H](O)C/C1=C/C=C1\CCC[C@]2(C)[C@@H]([C@H](C)CCCC(C)C)CC[C@@H]12,QYSXJUFSXHHAJI-YRZJJWOYSA-N,A11CC05,Launched,,vitamin D deficiency,False,384.6,7.62,20.2,1.0,1.0,6.0,0.0,C27H44O,14.0,True,
CHEMBL1043,DAPSONE,4.0,1979.0,Nc1ccc(S(=O)(=O)c2ccc(N)cc2)cc1,MQJKPEGWNLWLTK-UHFFFAOYSA-N,J04BA02;D10AX05,Launched,bacterial antifolate,dermatitis herpetiformis (DH)|leprosy,False,248.3,1.68,86.2,2.0,4.0,2.0,0.0,C12H12N2O2S,8.0,True,
CHEMBL1046,AMINOCAPROIC ACID,4.0,1964.0,NCCCCCC(=O)O,SLXKOJJOQWFEFD-UHFFFAOYSA-N,B02AA01,,,,False,131.2,0.59,63.3,2.0,2.0,5.0,0.0,C6H13NO2,14.0,True,
CHEMBL421701,DITHIAZANINE IODIDE,4.0,,CCN1/C(=C/C=C/C=C/c2sc3ccccc3[n+]2CC)Sc2ccccc21.[I-],MNQDKWZEUULFPX-UHFFFAOYSA-M,,,,,False,391.6,6.25,7.1,0.0,3.0,5.0,1.0,C23H23N2S2+,10.0,True,
CHEMBL311498,CIANIDANOL,4.0,1977.0,Oc1cc(O)c2c(c1)O[C@H](c1ccc(O)c(O)c1)[C@@H](O)C2,PFTAWBLQPZVEMU-DZGCQCFKSA-N,,Withdrawn,fatty acid synthase inhibitor,,False,290.3,1.55,110.4,5.0,6.0,1.0,0.0,C15H14O6,12.0,True,
CHEMBL420762,MOZAVAPTAN,4.0,2006.0,Cc1ccccc1C(=O)Nc1ccc(C(=O)N2CCCC(N(C)C)c3ccccc32)cc1,WRNXUQJJCIZICJ-UHFFFAOYSA-N,,Launched,vasopressin receptor antagonist,hyponatremia,False,427.5,5.29,52.7,1.0,3.0,4.0,0.0,C27H29N3O2,20.0,True,
CHEMBL1051,LATANOPROST,4.0,1996.0,CC(C)OC(=O)CCC/C=C\C[C@@H]1[C@@H](CC[C@@H](O)CCc2ccccc2)[C@H](O)C[C@@H]1O,GGXICVAJURFBLW-CEYXHVGTSA-N,S01EE01,Launched,prostanoid receptor agonist,ocular hypertension|glaucoma,False,432.6,4.19,87.0,3.0,5.0,13.0,0.0,C26H40O5,34.0,True,
CHEMBL1054,TRICHLORMETHIAZIDE,4.0,1960.0,NS(=O)(=O)c1cc2c(cc1Cl)NC(C(Cl)Cl)NS2(=O)=O,LMJSLTNSBFUCMU-UHFFFAOYSA-N,C03AA06,Launched,chloride channel blocker,hypertension|edema,False,380.7,0.82,118.4,3.0,5.0,2.0,0.0,C8H8Cl3N3O4S2,6.0,True,
CHEMBL1055,CHLORTHALIDONE,4.0,1960.0,NS(=O)(=O)c1cc(C2(O)NC(=O)c3ccccc32)ccc1Cl,JIVPVXMEBJLZRO-UHFFFAOYSA-N,C03BA04,Launched,carbonic anhydrase inhibitor,hypertension|edema|congestive heart failure|hepatic cirrhosis|nephrotic syndrome|acute glomerulonephritis (AGN)|chronic renal failure,False,338.8,0.92,109.5,3.0,4.0,2.0,0.0,C14H11ClN2O4S,8.0,True,
CHEMBL316157,CEPHALORIDINE,4.0,,O=C(Cc1cccs1)N[C@@H]1C(=O)N2C(C(=O)[O-])=C(C[n+]3ccccc3)CS[C@H]12,CZTQZXZIADLWOZ-CRAIPNDOSA-N,J01DB02,,,,False,415.5,-0.32,93.4,1.0,6.0,6.0,0.0,C19H17N3O4S2,12.0,True,
CHEMBL1057,FLUORESCEIN,4.0,1976.0,O=C1OC2(c3ccc(O)cc3Oc3cc(O)ccc32)c2ccccc21,GNBHRKFJIUUOQI-UHFFFAOYSA-N,S01JA51;S01JA01,Launched,,ophthalmology diagnostic,False,332.3,3.67,76.0,2.0,5.0,0.0,0.0,C20H12O5,4.0,True,
CHEMBL1059,PREGABALIN,4.0,2004.0,CC(C)C[C@H](CN)CC(=O)O,AYXYPKUFHZROOJ-ZETCQYMHSA-N,N02BF02,,,,True,159.2,1.08,63.3,2.0,2.0,5.0,0.0,C8H17NO2,14.0,True,
CHEMBL1060,"SODIUM PHOSPHATE, DIBASIC, ANHYDROUS",4.0,1957.0,O=P([O-])([O-])O.[Na+].[Na+],BNIILDVGGAEEIG-UHFFFAOYSA-L,B05XA09;A06AG01;V03AG05;A06AD17,,,,False,,,,,,,,,,False,F2_mw_96
CHEMBL1064,SIMVASTATIN,4.0,1991.0,CCC(C)(C)C(=O)O[C@H]1C[C@@H](C)C=C2C=C[C@H](C)[C@H](CC[C@@H]3C[C@@H](O)CC(=O)O3)[C@H]21,RYMZZMVNJRMUDD-HGQWONQESA-N,C10AA01,Launched,HMGCR inhibitor,hypercholesterolemia|coronary heart disease|myocardial infarction|stroke|hyperlipidemia,False,418.6,4.59,72.8,1.0,5.0,6.0,0.0,C25H38O5,16.0,True,
CHEMBL83063,RITODRINE,4.0,1982.0,CC(NCCc1ccc(O)cc1)C(O)c1ccc(O)cc1,IOVGROKTTNBUGK-UHFFFAOYSA-N,G02CA01,Withdrawn,adrenergic receptor agonist,premature labor,False,287.4,2.35,72.7,4.0,4.0,6.0,0.0,C17H21NO3,18.0,True,
CHEMBL1065,METHYSERGIDE,4.0,1962.0,CC[C@@H](CO)NC(=O)[C@@H]1C=C2c3cccc4c3c(cn4C)C[C@H]2N(C)C1,KPJZHOPZRAFDTN-ZRGWGRIASA-N,N02CA04,Launched,serotonin receptor antagonist,headache,False,353.5,1.94,57.5,2.0,3.0,4.0,0.0,C21H27N3O2,10.0,True,
CHEMBL1068,OXCARBAZEPINE,4.0,2000.0,NC(=O)N1c2ccccc2CC(=O)c2ccccc21,CTRLABGOLIVAIY-UHFFFAOYSA-N,N03AF02,Launched,sodium channel blocker,seizures,True,252.3,2.64,63.4,1.0,2.0,0.0,0.0,C15H12N2O2,10.0,True,
CHEMBL1069,VALSARTAN,4.0,1996.0,CCCCC(=O)N(Cc1ccc(-c2ccccc2-c2nnn[nH]2)cc1)[C@H](C(=O)O)C(C)C,ACWBQPMHZXGDFX-QFIPXVFZSA-N,C09CA03,Launched,angiotensin receptor antagonist,hypertension|congestive heart failure|congestive heart failure,False,435.5,4.16,112.1,2.0,5.0,10.0,0.0,C24H29N5O3,24.0,True,
CHEMBL315838,ENCAINIDE,4.0,1986.0,COc1ccc(C(=O)Nc2ccccc2CCC2CCCCN2C)cc1,PJWPNDMDCLXCOM-UHFFFAOYSA-N,C01BC08,,,,False,352.5,4.36,41.6,1.0,3.0,6.0,0.0,C22H28N2O2,12.0,True,
CHEMBL86304,MOCLOBEMIDE,4.0,1990.0,O=C(NCCN1CCOCC1)c1ccc(Cl)cc1,YHXISWVBGDMDLQ-UHFFFAOYSA-N,N06AG02,Launched,monoamine oxidase inhibitor,depression|anxiety,False,268.7,1.4,41.6,1.0,3.0,4.0,0.0,C13H17ClN2O2,8.0,True,
CHEMBL85231,MEDIFOXAMINE,4.0,,CN(C)CC(Oc1ccccc1)Oc1ccccc1,QNMGHBMGNRQPNL-UHFFFAOYSA-N,N06AX13,,,,False,257.3,3.03,21.7,0.0,3.0,6.0,0.0,C16H19NO2,12.0,True,
CHEMBL1070,NABUMETONE,4.0,1991.0,COc1ccc2cc(CCC(C)=O)ccc2c1,BLXXJMDCKKHMKV-UHFFFAOYSA-N,M01AX01,Launched,cyclooxygenase inhibitor,rheumatoid arthritis|osteoarthritis,False,228.3,3.37,26.3,0.0,2.0,4.0,0.0,C15H16O2,8.0,True,
CHEMBL1071,OXAPROZIN,4.0,1992.0,O=C(O)CCc1nc(-c2ccccc2)c(-c2ccccc2)o1,OFPXSFXSNFPTHF-UHFFFAOYSA-N,M01AE12,Launched,cyclooxygenase inhibitor,osteoarthritis|rheumatoid arthritis,False,293.3,4.03,63.3,1.0,3.0,5.0,0.0,C18H15NO3,12.0,True,
CHEMBL314437,MEPTAZINOL,4.0,,CCC1(c2cccc(O)c2)CCCCN(C)C1,JLICHNCFTLFZJN-UHFFFAOYSA-N,N02AX05,Launched,opioid receptor agonist,pain relief,False,233.4,3.16,23.5,1.0,2.0,2.0,0.0,C15H23NO,18.0,True,
CHEMBL86715,PROCYCLIDINE,4.0,1955.0,OC(CCN1CCCC1)(c1ccccc1)C1CCCCC1,WYDUSKDSKCASEF-UHFFFAOYSA-N,N04AA04,Launched,acetylcholine receptor antagonist,parkinsonism|Parkinson's Disease|akathisia|dystonia,False,287.4,3.94,23.5,1.0,2.0,5.0,0.0,C19H29NO,12.0,True,
CHEMBL1072,BUMETANIDE,4.0,1983.0,CCCCNc1cc(C(=O)O)cc(S(N)(=O)=O)c1Oc1ccccc1,MAEIEVLCKWDQJH-UHFFFAOYSA-N,C03CA02,Launched,solute carrier family member inhibitor,edema|congestive heart failure,False,364.4,3.04,118.7,3.0,5.0,8.0,0.0,C17H20N2O5S,20.0,True,
CHEMBL1073,GLIPIZIDE,4.0,1984.0,Cc1cnc(C(=O)NCCc2ccc(S(=O)(=O)NC(=O)NC3CCCCC3)cc2)cn1,ZJJXGWJIGJFDTL-UHFFFAOYSA-N,A10BB07,Launched,sulfonylurea,diabetes mellitus|hyperglycemia,False,445.5,2.08,130.1,3.0,6.0,7.0,0.0,C21H27N5O4S,14.0,True,
CHEMBL87708,LOFEPRAMINE,4.0,,CN(CCCN1c2ccccc2CCc2ccccc21)CC(=O)c1ccc(Cl)cc1,SAPNXPWPAUFAJU-UHFFFAOYSA-N,N06AA07,Launched,norepinephrine reuptake inhibitor|serotonin–norepinephrine reuptake inhibitor (SNRI),depression,False,419.0,5.78,23.6,0.0,3.0,7.0,0.0,C26H27ClN2O,22.0,True,
CHEMBL87493,FENFLURAMINE,4.0,1963.0,CCNC(C)Cc1cccc(C(F)(F)F)c1,DBGIVFWFUFKIQN-UHFFFAOYSA-N,N03AX26;A08AA02,,,,False,231.3,3.25,12.0,1.0,1.0,4.0,0.0,C12H16F3N,10.0,True,
CHEMBL315795,CLOMETHIAZOLE,4.0,,Cc1ncsc1CCCl,PCLITLDOTJTVDJ-UHFFFAOYSA-N,N05CM02;N05CX04,Launched,GABA receptor antagonist|GABA receptor modulator,Parkinson's Disease|sedative|muscle relaxant,False,161.7,2.23,12.9,0.0,2.0,2.0,0.0,C6H8ClNS,4.0,True,
CHEMBL315985,ESLICARBAZEPINE,4.0,,NC(=O)N1c2ccccc2C[C@H](O)c2ccccc21,BMPDWHIDQYTSHX-AWEZNQCLSA-N,N03AF04,,,,True,254.3,2.49,66.6,2.0,2.0,0.0,0.0,C15H14N2O2,12.0,True,
CHEMBL1075,MORICIZINE,4.0,1990.0,CCOC(=O)Nc1ccc2c(c1)N(C(=O)CCN1CCOCC1)c1ccccc1S2,FUBVWMNBEHXPSU-UHFFFAOYSA-N,C01BG01,,,,False,427.5,4.11,71.1,1.0,6.0,5.0,0.0,C22H25N3O4S,14.0,True,
CHEMBL87992,ESLICARBAZEPINE ACETATE,4.0,2009.0,CC(=O)O[C@H]1Cc2ccccc2N(C(N)=O)c2ccccc21,QIALRBLEEWJACW-INIZCTEOSA-N,,,,,False,296.3,3.06,72.6,1.0,3.0,1.0,0.0,C17H16N2O3,14.0,True,
CHEMBL1077,BROMFENAC,4.0,1997.0,Nc1c(CC(=O)O)cccc1C(=O)c1ccc(Br)cc1,ZBPLOVFIXSTCRZ-UHFFFAOYSA-N,S01BC11,Withdrawn,cyclooxygenase inhibitor,,False,334.2,2.89,80.4,2.0,3.0,4.0,0.0,C15H12BrNO3,12.0,True,
CHEMBL1079,TIZANIDINE,4.0,1996.0,Clc1ccc2nsnc2c1NC1=NCCN1,XFYDIVBRZNQMJC-UHFFFAOYSA-N,M03BX02,Launched,adrenergic receptor agonist,spasms,True,253.7,1.72,62.2,2.0,6.0,1.0,0.0,C9H8ClN5S,2.0,True,
CHEMBL89598,VIGABATRIN,4.0,2009.0,C=CC(N)CCC(=O)O,PJDFLNIOAUIZSL-UHFFFAOYSA-N,N03AG04,Launched,GABA aminotransferase inhibitor,seizures|spasms,False,129.2,0.36,63.3,2.0,2.0,4.0,0.0,C6H11NO2,12.0,True,
CHEMBL90555,VINCRISTINE,4.0,1963.0,CC[C@]1(O)C[C@H]2CN(CCc3c([nH]c4ccccc34)[C@@](C(=O)OC)(c3cc4c(cc3OC)N(C=O)[C@H]3[C@@](O)(C(=O)OC)[C@H](OC(C)=O)[C@]5(CC)C=CCN6CC[C@]43[C@@H]65)C2)C1,OGWKCGZFUXNPDA-XQKSVPLYSA-N,L01CA02,Launched,tubulin polymerization inhibitor,acute lymphoblastic leukemia (ALL),False,825.0,3.52,171.2,3.0,12.0,8.0,0.0,C46H56N4O10,36.0,True,
CHEMBL1082,AMOXICILLIN,4.0,1974.0,CC1(C)S[C@@H]2[C@H](NC(=O)[C@H](N)c3ccc(O)cc3)C(=O)N2[C@H]1C(=O)O,LSQZJLSUYDQPKJ-NJBDSQKTSA-N,J01CA04,Launched,penicillin binding protein inhibitor,skin infections|duodenal ulcer disease|gonorrhea|ear infections|throat infections|genitourinary tract infections|respiratory tract infections,False,365.4,0.02,133.0,4.0,6.0,4.0,0.0,C16H19N3O5S,14.0,True,
CHEMBL313972,MASOPROCOL,4.0,1992.0,C[C@H](Cc1ccc(O)c(O)c1)[C@@H](C)Cc1ccc(O)c(O)c1,HCZKYJDFEPMADG-TXEJJXNPSA-N,L01XX10,Launched,lipoxygenase inhibitor,actinic keratosis (AK),False,302.4,3.57,80.9,4.0,4.0,5.0,0.0,C18H22O4,18.0,True,
CHEMBL314854,FINGOLIMOD,4.0,2010.0,CCCCCCCCc1ccc(CCC(N)(CO)CO)cc1,KKGQTZUTZRNORY-UHFFFAOYSA-N,L04AE01,Launched,immunosuppressant|sphingosine 1-phosphate receptor agonist,multiple sclerosis,False,307.5,3.2,66.5,3.0,3.0,12.0,0.0,C19H33NO2,30.0,True,
CHEMBL91397,RUPATADINE,4.0,,Cc1cncc(CN2CCC(=C3c4ccc(Cl)cc4CCc4cccnc43)CC2)c1,WUZYKBABMWJHDL-UHFFFAOYSA-N,R06AX28,Launched,histamine receptor antagonist|platelet activating factor receptor antagonist,allergic rhinitis|urticaria,False,416.0,5.63,29.0,0.0,3.0,2.0,0.0,C26H26ClN3,12.0,True,
CHEMBL1085,ACETOPHENAZINE,4.0,1961.0,CC(=O)c1ccc2c(c1)N(CCCN1CCN(CCO)CC1)c1ccccc1S2,WNTYBHLDCKXEOT-UHFFFAOYSA-N,N05AB07,Launched,dopamine receptor antagonist,psychosis,False,411.6,3.49,47.0,1.0,6.0,7.0,0.0,C23H29N3O2S,16.0,True,
CHEMBL1086,DIBUCAINE,4.0,1982.0,CCCCOc1cc(C(=O)NCCN(CC)CC)c2ccccc2n1,PUFQVTATUTYEAL-UHFFFAOYSA-N,S02DA04;S01HA06;D04AB02;N01BB06;C05AD04,,,,False,343.5,3.49,54.5,1.0,4.0,10.0,0.0,C20H29N3O2,20.0,True,
CHEMBL1087,MEPIVACAINE,4.0,1960.0,Cc1cccc(C)c1NC(=O)C1CCCCN1C,INWLQCZOYSRPNW-UHFFFAOYSA-N,N01BB03;N01BB53,Launched,potassium channel blocker|sodium channel blocker,local anesthetic,False,246.4,2.73,32.3,1.0,2.0,2.0,0.0,C15H22N2O,4.0,True,
CHEMBL1088,MESORIDAZINE,4.0,1970.0,CN1CCCCC1CCN1c2ccccc2Sc2ccc([S+](C)[O-])cc21,SLVMESMUVMCQIY-UHFFFAOYSA-N,N05AC03,Launched,dopamine receptor antagonist,schizophrenia,False,386.6,4.9,29.5,0.0,4.0,4.0,0.0,C21H26N2OS2,8.0,True,
CHEMBL1089,PHENELZINE,4.0,1961.0,NNCCc1ccccc1,RMUCZJUITONUFY-UHFFFAOYSA-N,N06AF03,Launched,monoamine oxidase inhibitor,depression,False,136.2,0.69,38.0,2.0,2.0,3.0,0.0,C8H12N2,8.0,True,
CHEMBL1090,VIDARABINE,4.0,1976.0,Nc1ncnc2c1ncn2[C@@H]1O[C@H](CO)[C@@H](O)[C@@H]1O,OIRDTQYFTABQOQ-UHTZMRCNSA-N,S01AD06;J05AB03,Launched,antiviral,virus herpes simplex (HSV)|varicella-zoster virus (VZV),False,267.2,-1.98,139.5,4.0,8.0,2.0,0.0,C10H13N5O4,12.0,True,
CHEMBL90593,PRASTERONE,4.0,,C[C@]12CC[C@H](O)CC1=CC[C@@H]1[C@@H]2CC[C@]2(C)C(=O)CC[C@@H]12,FMGSKLZLMKYGDP-USOAJAOKSA-N,A14AA07;G03XX01,,,,False,288.4,3.88,37.3,1.0,2.0,0.0,0.0,C19H28O2,2.0,True,
CHEMBL1091,HYDROCORTISONE ACETATE,4.0,1951.0,CC(=O)OCC(=O)[C@@]1(O)CC[C@H]2[C@@H]3CCC4=CC(=O)CC[C@]4(C)[C@H]3[C@@H](O)C[C@@]21C,ALEXXDVDDISNDU-JZYPGELDSA-N,,,,,False,404.5,2.35,100.9,2.0,6.0,3.0,0.0,C23H32O6,12.0,True,
CHEMBL1092,TRIHEXYPHENIDYL HYDROCHLORIDE,4.0,1949.0,Cl.OC(CCN1CCCCC1)(c1ccccc1)C1CCCCC1,QDWJJTJNXAKQKD-UHFFFAOYSA-N,,,,,False,301.5,4.33,23.5,1.0,2.0,5.0,0.0,C20H31NO,12.0,True,
CHEMBL1093,ARTICAINE,4.0,2000.0,CCCNC(C)C(=O)Nc1c(C)csc1C(=O)OC,QTGIAADRBBLJGA-UHFFFAOYSA-N,N01BB58;N01BB08,Launched,local anesthetic,local anesthetic,False,284.4,2.17,67.4,2.0,5.0,6.0,0.0,C13H20N2O3S,14.0,True,
CHEMBL1094,FELBAMATE,4.0,1993.0,NC(=O)OCC(COC(N)=O)c1ccccc1,WKGXYQFOCVYPAC-UHFFFAOYSA-N,N03AX10,Launched,glutamate receptor antagonist,epilepsy,False,238.2,0.96,104.6,2.0,4.0,5.0,0.0,C11H14N2O4,14.0,True,
CHEMBL1095,ETHOTOIN,4.0,1957.0,CCN1C(=O)NC(c2ccccc2)C1=O,SZQIFWWUIBRPBZ-UHFFFAOYSA-N,N03AB01,Launched,hydantoin antiepileptic,seizures,False,204.2,1.3,49.4,1.0,2.0,2.0,0.0,C11H12N2O2,4.0,True,
CHEMBL1096,AMLEXANOX,4.0,1996.0,CC(C)c1ccc2oc3nc(N)c(C(=O)O)cc3c(=O)c2c1,SGRYPYWGNKJSDL-UHFFFAOYSA-N,A01AD07;R03DX01,Launched,histamine receptor modulator,aphthous ulcers|asthma|conjunctivitis|allergic rhinitis,False,298.3,2.75,106.4,2.0,5.0,2.0,0.0,C16H14N2O4,8.0,True,
CHEMBL94081,ALCLOFENAC,4.0,,C=CCOc1ccc(CC(=O)O)cc1Cl,ARHWPKZXBHOEEE-UHFFFAOYSA-N,M01AB06,Launched,cyclooxygenase inhibitor,rheumatoid arthritis,False,226.7,2.53,46.5,1.0,2.0,5.0,0.0,C11H11ClO3,12.0,True,
CHEMBL92401,IPRONIAZID,4.0,,CC(C)NNC(=O)c1ccncc1,NYMGNSNKLVNMIA-UHFFFAOYSA-N,N06AF05,Withdrawn,monoamine oxidase inhibitor,,False,179.2,0.72,54.0,2.0,3.0,3.0,0.0,C9H13N3O,6.0,True,
CHEMBL1098,BUPIVACAINE,4.0,1972.0,CCCCN1CCCCC1C(=O)Nc1c(C)cccc1C,LEBVLXFERQHONN-UHFFFAOYSA-N,N01BB01;N01BB51,Launched,sodium channel blocker,peripheral nerve block|caudal epidural block|lumbar epidural block,False,288.4,3.9,32.3,1.0,2.0,5.0,0.0,C18H28N2O,10.0,True,
CHEMBL93268,SODIUM NITRITE,4.0,2011.0,O=N[O-].[Na+],LPXPTNMVRIOKMN-UHFFFAOYSA-M,V03AB08,,,,False,,,,,,,,,,False,F2_mw_46
CHEMBL1100,PARAMETHADIONE,4.0,1949.0,CCC1(C)OC(=O)N(C)C1=O,VQASKUSHBVDKGU-UHFFFAOYSA-N,N03AC01,Launched,anticonvulsant,seizures,False,157.2,0.76,46.6,0.0,3.0,1.0,0.0,C7H11NO3,2.0,True,
CHEMBL1101,BIPERIDEN,4.0,1959.0,OC(CCN1CCCCC1)(c1ccccc1)C1CC2C=CC1C2,YSXKPIUOCJLQIE-UHFFFAOYSA-N,N04AA02,Launched,acetylcholine receptor antagonist,Parkinson's Disease,False,311.5,3.96,23.5,1.0,2.0,5.0,0.0,C21H29NO,12.0,True,
CHEMBL328560,SULTHIAME,4.0,,NS(=O)(=O)c1ccc(N2CCCCS2(=O)=O)cc1,HMHVCUVYZFYAJI-UHFFFAOYSA-N,N03AX03,,,,False,290.4,0.26,97.5,1.0,4.0,2.0,0.0,C10H14N2O4S2,6.0,True,
CHEMBL1102,GLUTETHIMIDE,4.0,1976.0,CCC1(c2ccccc2)CCC(=O)NC1=O,JMBQKKAJIKAWKF-UHFFFAOYSA-N,N05CE01,,,,False,217.3,1.77,46.2,1.0,2.0,2.0,0.0,C13H15NO2,4.0,True,
CHEMBL1103,FURAZOLIDONE,4.0,1958.0,O=C1OCCN1/N=C/c1ccc([N+](=O)[O-])o1,PLHJDBGFXBMTGZ-WEVVVXLNSA-N,G01AX06,Launched,bacterial DNA inhibitor,diarrhea|enteritis|cholera,False,225.2,0.97,98.2,0.0,6.0,3.0,0.0,C8H7N3O5,6.0,True,
CHEMBL1104,EDROPHONIUM,4.0,1951.0,CC[N+](C)(C)c1cccc(O)c1,VWLHWLSRQJQWRG-UHFFFAOYSA-O,V04CX07,Launched,acetylcholinesterase inhibitor,myasthenia gravis,False,166.2,1.98,20.2,1.0,1.0,2.0,1.0,C10H16NO+,6.0,True,
CHEMBL413965,FELBINAC,4.0,,O=C(O)Cc1ccc(-c2ccccc2)cc1,QRZAKQDHEVVFRX-UHFFFAOYSA-N,M02AA08,Launched,cyclooxygenase inhibitor,rheumatoid arthritis|muscle pain,False,212.2,2.98,37.3,1.0,1.0,3.0,0.0,C14H12O2,8.0,True,
CHEMBL1106,EPINASTINE,4.0,2003.0,NC1=NCC2c3ccccc3Cc3ccccc3N12,WHWZLSFABNNENI-UHFFFAOYSA-N,S01GX10;R06AX24,Launched,histamine receptor antagonist,conjunctivitis,False,249.3,2.47,41.6,1.0,3.0,0.0,0.0,C16H15N3,0.0,True,
CHEMBL1107,HALOFANTRINE,4.0,1992.0,CCCCN(CCCC)CCC(O)c1cc2c(Cl)cc(Cl)cc2c2cc(C(F)(F)F)ccc12,FOHHNHSLJDZUGQ-UHFFFAOYSA-N,P01BX01,Launched,antimalarial agent,malaria,False,500.4,8.64,23.5,1.0,2.0,10.0,0.0,C26H30Cl2F3NO,24.0,True,
CHEMBL1108,DROPERIDOL,4.0,1970.0,O=C(CCCN1CC=C(n2c(=O)[nH]c3ccccc32)CC1)c1ccc(F)cc1,RMEDXOLNCUSCGS-UHFFFAOYSA-N,N05AD08,Launched,dopamine receptor antagonist,nausea|vomiting,False,379.4,3.68,58.1,1.0,3.0,6.0,0.0,C22H22FN3O2,12.0,True,
CHEMBL94454,MIZOLASTINE,4.0,1998.0,CN(c1nccc(=O)[nH]1)C1CCN(c2nc3ccccc3n2Cc2ccc(F)cc2)CC1,PVLJETXTTWAYEW-UHFFFAOYSA-N,R06AX25,Launched,histamine receptor antagonist,urticaria|allergic rhinitis,False,432.5,3.41,70.1,1.0,5.0,5.0,0.0,C24H25FN6O,10.0,True,
CHEMBL1109,SULFAPHENAZOLE,4.0,1982.0,Nc1ccc(S(=O)(=O)Nc2ccnn2-c2ccccc2)cc1,QWCJHSGMANYXCW-UHFFFAOYSA-N,J01ED08;S01AB05,Launched,dihydropteroate synthetase inhibitor,urinary tract infections,False,314.4,2.26,90.0,2.0,4.0,4.0,0.0,C15H14N4O2S,10.0,True,
CHEMBL1110,ALOSETRON,4.0,2000.0,Cc1[nH]cnc1CN1CCc2c(c3ccccc3n2C)C1=O,JSWZEAMFRNKZNL-UHFFFAOYSA-N,A03AE01,Withdrawn,serotonin receptor antagonist,,False,294.4,2.41,53.9,1.0,2.0,2.0,0.0,C17H18N4O,4.0,True,
CHEMBL94394,BUFEXAMAC,4.0,,CCCCOc1ccc(CC(=O)NO)cc1,MXJWRABVEGLYDG-UHFFFAOYSA-N,M01AB17;M02AA09,Withdrawn,cyclooxygenase inhibitor,,False,223.3,1.91,58.6,2.0,3.0,6.0,0.0,C12H17NO3,14.0,True,
CHEMBL316561,PROGLUMIDE,4.0,,CCCN(CCC)C(=O)C(CCC(=O)O)NC(=O)c1ccccc1,DGMKFQYCZXERLX-UHFFFAOYSA-N,A02BX06,Withdrawn,CCK receptor antagonist,,False,334.4,2.3,86.7,2.0,3.0,10.0,0.0,C18H26N2O4,22.0,True,
CHEMBL1111,AMBRISENTAN,4.0,2007.0,COC(c1ccccc1)(c1ccccc1)[C@H](Oc1nc(C)cc(C)n1)C(=O)O,OUJTZYPIHDYQMC-LJQANCHMSA-N,C02KX02,Launched,endothelin receptor antagonist,pulmonary arterial hypertension (PAH),False,378.4,3.52,81.5,1.0,5.0,7.0,0.0,C22H22N2O4,16.0,True,
CHEMBL1112,ARIPIPRAZOLE,4.0,2002.0,O=C1CCc2ccc(OCCCCN3CCN(c4cccc(Cl)c4Cl)CC3)cc2N1,CEUORZQYGODEFX-UHFFFAOYSA-N,N05AX12,Launched,serotonin receptor agonist|serotonin receptor antagonist,depression|schizophrenia|bipolar disorder,False,448.4,4.86,44.8,1.0,4.0,7.0,0.0,C23H27Cl2N3O2,14.0,True,
CHEMBL1113,AMOXAPINE,4.0,1980.0,Clc1ccc2c(c1)C(N1CCNCC1)=Nc1ccccc1O2,QWGDMFLQWFTERH-UHFFFAOYSA-N,N06AA17,Launched,norepinephrine reputake inhibitor,depression,False,313.8,3.43,36.9,1.0,4.0,0.0,0.0,C17H16ClN3O,0.0,True,
CHEMBL1115,PYRIDOSTIGMINE,4.0,1955.0,CN(C)C(=O)Oc1ccc[n+](C)c1,RVOLLAQWKVFTGE-UHFFFAOYSA-N,N07AA02,,,,False,181.2,0.57,33.4,0.0,2.0,1.0,1.0,C9H13N2O2+,4.0,True,
CHEMBL1116,RALOXIFENE HYDROCHLORIDE,4.0,1997.0,Cl.O=C(c1ccc(OCCN2CCCCC2)cc1)c1c(-c2ccc(O)cc2)sc2cc(O)ccc12,BKXVVCILCIUCLG-UHFFFAOYSA-N,,,,,False,473.6,6.08,70.0,2.0,6.0,7.0,0.0,C28H27NO4S,18.0,True,
CHEMBL1117,IDARUBICIN,4.0,1990.0,CC(=O)[C@]1(O)Cc2c(O)c3c(c(O)c2[C@@H](O[C@H]2C[C@H](N)[C@H](O)[C@H](C)O2)C1)C(=O)c1ccccc1C3=O,XDXDZDZNSLXDNA-TZNDIEGXSA-N,L01DB06,Launched,topoisomerase inhibitor,acute myeloid leukemia (AML),False,497.5,1.02,176.6,5.0,10.0,3.0,0.0,C26H27NO9,16.0,True,
CHEMBL95889,BETAINE,4.0,1996.0,C[N+](C)(C)CC(=O)O,KWIUHFFTVRNATP-UHFFFAOYSA-O,A16AA06,Launched,nitric oxide donor,homocystinuria,False,118.2,-0.22,37.3,1.0,1.0,2.0,1.0,C5H12NO2+,6.0,True,
CHEMBL1118,DESVENLAFAXINE,4.0,2008.0,CN(C)CC(c1ccc(O)cc1)C1(O)CCCCC1,KYYIDSXMWOZKMP-UHFFFAOYSA-N,N06AX23,Launched,serotonin–norepinephrine reuptake inhibitor (SNRI),depression,False,263.4,2.73,43.7,2.0,3.0,4.0,0.0,C16H25NO2,12.0,True,
CHEMBL319144,MINODRONIC ACID,4.0,,O=P(O)(O)C(O)(Cc1cnc2ccccn12)P(=O)(O)O,VMMKGHQPQIEGSQ-UHFFFAOYSA-N,,,,,False,322.2,-0.12,152.6,5.0,4.0,4.0,0.0,C9H12N2O7P2,18.0,True,
CHEMBL328190,LASOFOXIFENE,4.0,2009.0,Oc1ccc2c(c1)CC[C@H](c1ccccc1)[C@@H]2c1ccc(OCCN2CCCC2)cc1,GXESHMAMLJKROZ-IAPPQJPRSA-N,G03XC03,Launched,selective estrogen receptor modulator (SERM),osteoporosis|breast cancer,False,413.6,5.73,32.7,1.0,3.0,6.0,0.0,C28H31NO2,14.0,True,
CHEMBL317052,REGADENOSON ANHYDROUS,4.0,2008.0,CNC(=O)c1cnn(-c2nc(N)c3ncn([C@@H]4O[C@H](CO)[C@@H](O)[C@H]4O)c3n2)c1,LZPZPHGJDAGEJZ-AKAIJSEGSA-N,,,,,False,390.4,-2.43,186.5,5.0,10.0,4.0,0.0,C15H18N8O5,16.0,True,
CHEMBL329522,EXIFONE,4.0,,O=C(c1cc(O)c(O)c(O)c1)c1ccc(O)c(O)c1O,XEDWWPGWIXPVRQ-UHFFFAOYSA-N,,Withdrawn,nootropic agent,,False,278.2,1.15,138.5,6.0,7.0,2.0,0.0,C13H10O7,16.0,True,
CHEMBL99946,LEVOMILNACIPRAN,4.0,2013.0,CCN(CC)C(=O)[C@@]1(c2ccccc2)C[C@H]1CN,GJJFMKBJSRMPLA-DZGCQCFKSA-N,N06AX28,,,,False,246.4,1.77,46.3,1.0,2.0,5.0,0.0,C15H22N2O,12.0,True,
CHEMBL317094,IMIDAPRIL,4.0,1993.0,CCOC(=O)[C@H](CCc1ccccc1)N[C@@H](C)C(=O)N1C(=O)N(C)C[C@H]1C(=O)O,KLZWOWYOHUKJIG-BPUTZDHNSA-N,C09AA16,Launched,angiotensin converting enzyme inhibitor,hypertension|congestive heart failure,False,405.5,0.88,116.3,2.0,6.0,9.0,0.0,C20H27N3O6,24.0,True,
CHEMBL100116,PENTAZOCINE,4.0,1967.0,CC(C)=CCN1CCC2(C)c3cc(O)ccc3CC1C2C,VOKSWYLNZZRQPF-UHFFFAOYSA-N,N02AD01,,,,False,285.4,3.88,23.5,1.0,2.0,2.0,0.0,C19H27NO,6.0,True,
CHEMBL1123,DICYCLOMINE,4.0,1950.0,CCN(CC)CCOC(=O)C1(C2CCCCC2)CCCCC1,CURUTKGFNZGFSE-UHFFFAOYSA-N,A03AA07,,,,False,309.5,4.4,29.5,0.0,3.0,7.0,0.0,C19H35NO2,16.0,True,
CHEMBL1126,PENICILLIN G SODIUM,4.0,1982.0,CC1(C)S[C@@H]2[C@H](NC(=O)Cc3ccccc3)C(=O)N2[C@H]1C(=O)[O-].[Na+],FCPVYOBCFFNJFS-LQDWTQKMSA-M,,,,,False,333.4,-0.47,89.5,1.0,5.0,4.0,-1.0,C16H17N2O4S-,8.0,True,
CHEMBL1128,EDROPHONIUM CHLORIDE,4.0,1951.0,CC[N+](C)(C)c1cccc(O)c1.[Cl-],BXKDSDJJOVIHMX-UHFFFAOYSA-N,,,,,False,166.2,1.98,20.2,1.0,1.0,2.0,1.0,C10H16NO+,6.0,True,
CHEMBL1129,TRIFLURIDINE,4.0,1980.0,O=c1[nH]c(=O)n([C@H]2C[C@H](O)[C@@H](CO)O2)cc1C(F)(F)F,VSQQQLOSPVPRAZ-RRKCRQDMSA-N,L01BC59;S01AD02,Launched,DNA directed DNA polymerase inhibitor|thymidylate synthase inhibitor,virus herpes simplex (HSV),False,296.2,-0.8,104.6,3.0,5.0,2.0,0.0,C10H11F3N2O5,10.0,True,
CHEMBL1131,ACITRETIN,4.0,1996.0,COc1cc(C)c(/C=C/C(C)=C/C=C/C(C)=C/C(=O)O)c(C)c1C,IHUNBGSDBOWDMA-AQFIFDHZSA-N,D05BB02,Launched,retinoid receptor agonist,psoriasis,False,326.4,5.17,46.5,1.0,2.0,6.0,0.0,C21H26O3,14.0,True,
CHEMBL1133,OXYBUTYNIN CHLORIDE,4.0,1975.0,CCN(CC)CC#CCOC(=O)C(O)(c1ccccc1)C1CCCCC1.Cl,SWIJYDAEGSIQPZ-UHFFFAOYSA-N,,,,,False,357.5,3.34,49.8,1.0,4.0,7.0,0.0,C22H31NO3,20.0,True,
CHEMBL1134,DECAMETHONIUM BROMIDE,4.0,1982.0,C[N+](C)(C)CCCCCCCCCC[N+](C)(C)C.[Br-].[Br-],HLXQFVXURMXRPU-UHFFFAOYSA-L,,,,,False,258.5,3.52,0.0,0.0,0.0,11.0,2.0,C16H38N2+2,22.0,True,
CHEMBL1136,TELITHROMYCIN,4.0,2001.0,CC[C@H]1OC(=O)[C@H](C)C(=O)[C@H](C)[C@@H](O[C@@H]2O[C@H](C)C[C@H](N(C)C)[C@H]2O)[C@](C)(OC)C[C@@H](C)C(=O)[C@H](C)[C@H]2N(CCCCn3cnc(-c4cccnc4)c3)C(=O)O[C@]12C,LJVAJPDWBABPEJ-PNUFFHFMSA-N,J01FA15,Launched,bacterial 30S ribosomal subunit inhibitor|bacterial 50S ribosomal subunit inhibitor,pneumonia,False,812.0,4.93,171.8,1.0,13.0,11.0,0.0,C43H65N5O10,48.0,True,
CHEMBL1138,EZETIMIBE,4.0,2002.0,O=C1[C@H](CC[C@H](O)c2ccc(F)cc2)[C@@H](c2ccc(O)cc2)N1c1ccc(F)cc1,OLNTVTPDXPETLC-XPWALMASSA-N,C10AX09,Launched,cholesterol inhibitor|Niemann-Pick C1-like 1 protein antagonist,hyperlipidemia|hypercholesterolemia|sitosterolemia,False,409.4,4.89,60.8,2.0,3.0,6.0,0.0,C24H21F2NO3,16.0,True,
CHEMBL1139,EPOPROSTENOL,4.0,1995.0,CCCCC[C@H](O)/C=C/[C@@H]1[C@H]2C/C(=C/CCCC(=O)O)O[C@H]2C[C@H]1O,KAQKFAOMNZTLHT-OZUDYXHBSA-N,B01AC09,Launched,prostacyclin analog,hypertension,False,352.5,3.41,87.0,3.0,4.0,10.0,0.0,C20H32O5,26.0,True,
CHEMBL1140,NIACINAMIDE,4.0,1982.0,NC(=O)c1cccnc1,DFPAKSUCGFBDDF-UHFFFAOYSA-N,A11HA01,,,,False,122.1,0.18,56.0,1.0,2.0,1.0,0.0,C6H6N2O,2.0,True,
CHEMBL418995,AMINEPTINE,4.0,,O=C(O)CCCCCCNC1c2ccccc2CCc2ccccc21,ONNOFKFOZAJDHT-UHFFFAOYSA-N,N06AA19,Withdrawn,dopamine receptor agonist,,False,337.5,4.5,49.3,2.0,2.0,8.0,0.0,C22H27NO2,26.0,True,
CHEMBL106258,AMINOREX,4.0,,NC1=NCC(c2ccccc2)O1,SYAKTDIEAPMBAL-UHFFFAOYSA-N,,,,,False,162.2,1.07,47.6,1.0,3.0,1.0,0.0,C9H10N2O,2.0,True,
CHEMBL110458,MIGALASTAT,4.0,2016.0,OC[C@H]1NC[C@H](O)[C@@H](O)[C@H]1O,LXBIFEVIBLOUGU-DPYQTVNSSA-N,A16AX14,,,,False,163.2,-2.97,93.0,5.0,5.0,1.0,0.0,C6H13NO4,10.0,True,
CHEMBL108545,METHYL SALICYLATE,4.0,2008.0,COC(=O)c1ccccc1O,OSWPMRLSEDHDFF-UHFFFAOYSA-N,,,,,False,152.1,1.18,46.5,1.0,3.0,1.0,0.0,C8H8O3,6.0,True,
CHEMBL1141,POTASSIUM IODIDE,4.0,1979.0,[I-].[K+],NLKNQRATVPKPDG-UHFFFAOYSA-M,R05CA02;V03AB21;S01XA04,,,,False,126.9,-3.0,0.0,0.0,0.0,0.0,-1.0,I-,0.0,True,
CHEMBL1144,PRAVASTATIN,4.0,1991.0,CC[C@H](C)C(=O)O[C@H]1C[C@H](O)C=C2C=C[C@H](C)[C@H](CC[C@@H](O)C[C@@H](O)CC(=O)O)[C@H]21,TUZYXOIXSAXUGO-PZAWKZKUSA-N,C10AA03,Launched,HMGCR inhibitor,hypercholesterolemia|myocardial infarction|hyperlipidemia,False,424.5,2.44,124.3,4.0,6.0,10.0,0.0,C23H36O7,30.0,True,
CHEMBL1146,CEFAMANDOLE,4.0,,Cn1nnnc1SCC1=C(C(=O)O)N2C(=O)[C@@H](NC(=O)[C@H](O)c3ccccc3)[C@H]2SC1,OLVCFLKTBJRLHI-AXAPSJFSSA-N,J01DC03,Launched,bacterial cell wall synthesis inhibitor,skin infections|urinary tract infections|respiratory tract infections,False,462.5,-0.23,150.5,3.0,9.0,7.0,0.0,C18H18N6O5S2,18.0,True,
CHEMBL1148,TORSEMIDE,4.0,1993.0,Cc1cccc(Nc2ccncc2S(=O)(=O)NC(=O)NC(C)C)c1,NGBFQHCMQULJNZ-UHFFFAOYSA-N,C03CA04,,,,False,348.4,2.53,100.2,3.0,5.0,5.0,0.0,C16H20N4O3S,10.0,True,
CHEMBL1149,LEVOCARNITINE,4.0,1985.0,C[N+](C)(C)C[C@H](O)CC(=O)[O-],PHIQHXFUZVPYII-ZCFIWIBFSA-N,A16AA01,Launched,,carnitine deficiency,False,161.2,-1.81,60.4,1.0,3.0,4.0,0.0,C7H15NO3,10.0,True,
CHEMBL1152,PREDNISOLONE ACETATE,4.0,1955.0,CC(=O)OCC(=O)[C@@]1(O)CC[C@H]2[C@@H]3CCC4=CC(=O)C=C[C@]4(C)[C@H]3[C@@H](O)C[C@@]21C,LRJOMUJRLNCICJ-JZYPGELDSA-N,,,,,False,402.5,2.13,100.9,2.0,6.0,3.0,0.0,C23H30O6,12.0,True,
CHEMBL110691,CHLORMADINONE ACETATE,4.0,,CC(=O)O[C@]1(C(C)=O)CC[C@H]2[C@@H]3C=C(Cl)C4=CC(=O)CC[C@]4(C)[C@H]3CC[C@@]21C,QMBJSIBWORFWQT-DFXBJWIESA-N,G03DB06,,,,False,404.9,4.75,60.4,0.0,4.0,2.0,0.0,C23H29ClO4,6.0,True,
CHEMBL113178,SELENOMETHIONINE,4.0,1973.0,C[Se]CC[C@H](N)C(=O)O,RJFAYQIBOAGBLC-BYPYZUCNSA-N,,Launched,,,False,196.1,-0.04,63.3,2.0,2.0,4.0,0.0,C5H11NO2Se,,False,"F5_pdbqt_fail:atom number 1 has None type, mol name: N"
CHEMBL325041,BORTEZOMIB,4.0,,CC(C)C[C@H](NC(=O)[C@H](Cc1ccccc1)NC(=O)c1cnccn1)B(O)O,GXJABQQUPOEUTA-RDJZCZTQSA-N,L01XG01,Launched,NFkB pathway inhibitor|proteasome inhibitor,multiple myeloma|mantle cell lymphoma (MCL),False,384.2,0.36,124.4,4.0,6.0,9.0,0.0,C19H25BN4O4,22.0,True,
CHEMBL1159,PINACIDIL ANHYDROUS,4.0,1989.0,CC(N/C(=N\C#N)Nc1ccncc1)C(C)(C)C,IVVNZDGDKPTYHK-UHFFFAOYSA-N,,,,,False,245.3,2.35,73.1,2.0,3.0,2.0,0.0,C13H19N5,6.0,True,
CHEMBL1161,MOMETASONE FUROATE,4.0,1987.0,C[C@@H]1C[C@H]2[C@@H]3CCC4=CC(=O)C=C[C@]4(C)[C@@]3(Cl)[C@@H](O)C[C@]2(C)[C@@]1(OC(=O)c1ccco1)C(=O)CCl,WOFMFGQZHJDGCX-ZULDAHANSA-N,D07AC13;D07XC03;R01AD09;R03BA07,,,,False,521.4,4.87,93.8,1.0,6.0,4.0,0.0,C27H30Cl2O6,12.0,True,
CHEMBL1162,NORETHINDRONE,4.0,1962.0,C#C[C@]1(O)CC[C@H]2[C@@H]3CCC4=CC(=O)CC[C@@H]4[C@H]3CC[C@@]21C,VIKNJXKGJWUCNN-XGXHKTLJSA-N,G03DC02;G03AC01,Launched,progesterone receptor agonist,endometriosis,False,298.4,3.49,37.3,1.0,2.0,0.0,0.0,C20H26O2,2.0,True,
CHEMBL1163,ATAZANAVIR,4.0,2003.0,COC(=O)N[C@H](C(=O)N[C@@H](Cc1ccccc1)[C@@H](O)CN(Cc1ccc(-c2ccccn2)cc1)NC(=O)[C@@H](NC(=O)OC)C(C)(C)C)C(C)(C)C,AXRYRYVKAWYZBR-GASGPIRDSA-N,J05AE08,Launched,HIV protease inhibitor,human immunodeficiency virus (HIV-1),False,704.9,4.21,171.2,5.0,9.0,14.0,0.0,C38H52N6O7,38.0,True,
CHEMBL1165,MOEXIPRIL,4.0,1995.0,CCOC(=O)[C@H](CCc1ccccc1)N[C@@H](C)C(=O)N1Cc2cc(OC)c(OC)cc2C[C@H]1C(=O)O,UWWDHYUMIORJTA-HSQYWUDLSA-N,C09AA13,Launched,angiotensin converting enzyme inhibitor,hypertension,False,498.6,2.58,114.4,2.0,7.0,11.0,0.0,C27H34N2O7,28.0,True,
CHEMBL1166,ARGATROBAN,4.0,2000.0,CC1CNc2c(cccc2S(=O)(=O)N[C@@H](CCCNC(=N)N)C(=O)N2CC[C@@H](C)C[C@@H]2C(=O)O)C1,KXNPVXPOPUZYGB-IOVMHBDKSA-N,B01AE03,Launched,thrombin inhibitor,heparin-induced thrombocytopenia (HIT),False,508.6,0.91,177.7,6.0,6.0,9.0,0.0,C23H36N6O5S,22.0,True,
CHEMBL1167,SPECTINOMYCIN,4.0,1971.0,CN[C@@H]1[C@H](O)[C@H](NC)[C@H]2O[C@@]3(O)C(=O)C[C@@H](C)O[C@H]3O[C@@H]2[C@H]1O,UNFWWIHTNXNPBV-WXKVUWSESA-N,J01XX04,Launched,bacterial 30S ribosomal subunit inhibitor,airsacculitis|chronic respiratory disease,False,332.4,-2.93,129.5,5.0,9.0,2.0,0.0,C14H24N2O7,10.0,True,
CHEMBL1168,RAMIPRIL,4.0,1991.0,CCOC(=O)[C@H](CCc1ccccc1)N[C@@H](C)C(=O)N1[C@H](C(=O)O)C[C@@H]2CCC[C@@H]21,HDACQVRGBOVJII-JBDAPHQKSA-N,C09AA05,Launched,angiotensin converting enzyme inhibitor,hypertension,False,416.5,2.38,95.9,2.0,5.0,9.0,0.0,C23H32N2O5,24.0,True,
CHEMBL419213,LISINOPRIL,4.0,1987.0,NCCCC[C@H](N[C@@H](CCc1ccccc1)C(=O)O)C(=O)N1CCC[C@H]1C(=O)O.O.O,CZRQXSDBMCMPNJ-ZUIPZQNBSA-N,C09AA03,Launched,angiotensin converting enzyme inhibitor,hypertension|congestive heart failure|diabetes mellitus,False,405.5,1.24,133.0,4.0,5.0,12.0,0.0,C21H31N3O5,32.0,True,
CHEMBL1169,AMINOSALICYLIC ACID,4.0,1950.0,Nc1ccc(C(=O)O)c(O)c1,WUBBRNOQWQTFEX-UHFFFAOYSA-N,J04AA01,,,,False,153.1,0.67,83.6,3.0,3.0,1.0,0.0,C7H7NO3,8.0,True,
CHEMBL1170,TESTOSTERONE PROPIONATE,4.0,1974.0,CCC(=O)O[C@H]1CC[C@H]2[C@@H]3CCC4=CC(=O)CC[C@]4(C)[C@H]3CC[C@]12C,PDMMFKSKQVNJMI-BLQWBTBKSA-N,,,,,False,344.5,4.84,43.4,0.0,3.0,2.0,0.0,C22H32O3,6.0,True,
CHEMBL117287,PRUCALOPRIDE,4.0,2009.0,COCCCN1CCC(NC(=O)c2cc(Cl)c(N)c3c2OCC3)CC1,ZPMNHBXQOOVQJL-UHFFFAOYSA-N,A06AX05,Launched,serotonin receptor agonist,constipation,False,367.9,2.09,76.8,2.0,5.0,6.0,0.0,C18H26ClN3O3,14.0,True,
CHEMBL1172,DESLORATADINE,4.0,2001.0,Clc1ccc2c(c1)CCc1cccnc1C2=C1CCNCC1,JAUOIFJMECXRGI-UHFFFAOYSA-N,R06AX27,Launched,histamine receptor antagonist,allergic rhinitis|urticaria,False,310.8,4.02,24.9,1.0,2.0,0.0,0.0,C19H19ClN2,8.0,True,
CHEMBL333826,DEQUALINIUM,4.0,,Cc1cc(N)c2ccccc2[n+]1CCCCCCCCCC[n+]1c(C)cc(N)c2ccccc21,PCSWXVJAIHCTMO-UHFFFAOYSA-P,G01AC05;D08AH01;R02AA02,Launched,PKC inhibitor,first-aid antiseptic,False,456.7,6.17,59.8,2.0,2.0,11.0,2.0,C30H40N4+2,26.0,True,
CHEMBL1175,DULOXETINE,4.0,2004.0,CNCC[C@H](Oc1cccc2ccccc12)c1cccs1,ZEUITGRIYCTCEM-KRWDZBQOSA-N,N06AX21,Launched,norepinephrine reuptake inhibitor|serotonin–norepinephrine reuptake inhibitor (SNRI),depression|generalized anxiety disorder (GAD)|muscle pain|peripheral neuropathy,True,297.4,4.63,21.3,1.0,3.0,6.0,0.0,C18H19NOS,12.0,True,
CHEMBL1177,PEMOLINE,4.0,1975.0,NC1=NC(=O)C(c2ccccc2)O1,NRNCYVBFPDDJNE-UHFFFAOYSA-N,N06BA05,,,,False,176.2,0.6,64.7,1.0,3.0,1.0,0.0,C9H8N2O2,2.0,True,
CHEMBL119423,TISOPURINE,4.0,,Sc1ncnc2[nH]ncc12,PYAOPMWCFSVFOT-UHFFFAOYSA-N,M04AA02,,,,False,152.2,0.64,54.5,2.0,4.0,0.0,0.0,C5H4N4S,2.0,True,
CHEMBL117785,TETRABENAZINE,4.0,2008.0,COc1cc2c(cc1OC)C1CC(=O)C(CC(C)C)CN1CC2,MKJIEFSOBYUXJB-UHFFFAOYSA-N,N07XX06,Launched,vesicular monoamine transporter inhibitor,cholera|Huntington's disease,False,317.4,3.24,38.8,0.0,4.0,4.0,0.0,C19H27NO3,8.0,True,
CHEMBL71595,HYDROGEN PEROXIDE,4.0,2017.0,OO,MHAJPDPJQMAIIY-UHFFFAOYSA-N,A01AB02;D11AX25;D08AX01;S02AA06,,,,False,,,,,,,,,,False,F2_mw_34
CHEMBL1184,ACETYLCHOLINE CHLORIDE,4.0,1973.0,CC(=O)OCC[N+](C)(C)C.[Cl-],JUGOREOARAHOCO-UHFFFAOYSA-M,,,,,False,146.2,0.26,26.3,0.0,2.0,3.0,1.0,C7H16NO2+,8.0,True,
CHEMBL1185,ZOLMITRIPTAN,4.0,1997.0,CN(C)CCc1c[nH]c2ccc(C[C@H]3COC(=O)N3)cc12,ULSDMUVEXKOYBU-ZDUSSCGKSA-N,N02CC03,Launched,serotonin receptor agonist,migraine headache,True,287.4,1.92,57.4,2.0,3.0,5.0,0.0,C16H21N3O2,10.0,True,
CHEMBL1187,PHOSPHORIC ACID,4.0,1982.0,O=P(O)(O)O,NBIIXXVUZAFLBC-UHFFFAOYSA-N,,,,,False,,,,,,,,,,False,F2_mw_98
CHEMBL338975,PHYSOSTIGMINE SALICYLATE,4.0,,CNC(=O)Oc1ccc2c(c1)[C@]1(C)CCN(C)[C@@H]1N2C.O=C(O)c1ccccc1O,HZOTZTANVBDFOF-PBCQUBLHSA-N,,,,,False,275.4,1.77,44.8,1.0,4.0,1.0,0.0,C15H21N3O2,4.0,True,
CHEMBL121663,DEQUALINIUM CHLORIDE,4.0,,Cc1cc(N)c2ccccc2[n+]1CCCCCCCCCC[n+]1c(C)cc(N)c2ccccc21.[Cl-].[Cl-],LTNZEXKYNRNOGT-UHFFFAOYSA-N,,,,,False,456.7,6.17,59.8,2.0,2.0,11.0,2.0,C30H40N4+2,26.0,True,
CHEMBL1190,DECAMETHONIUM,4.0,1982.0,C[N+](C)(C)CCCCCCCCCC[N+](C)(C)C,MTCUAOILFDZKCO-UHFFFAOYSA-N,,Launched,acetylcholine receptor agonist,muscle relaxant,False,258.5,3.52,0.0,0.0,0.0,11.0,2.0,C16H38N2+2,22.0,True,
CHEMBL339427,TUBOCURARINE,4.0,1945.0,COc1cc2c3cc1Oc1cc(ccc1O)C[C@@H]1c4c(cc(OC)c(O)c4Oc4ccc(cc4)C[C@@H]3N(C)CC2)CC[N+]1(C)C,JFJZZMVDLULRGK-URLMMPGGSA-O,M03AA02,Launched,acetylcholine receptor antagonist,anesthetic,False,609.7,6.7,80.6,2.0,7.0,2.0,1.0,C37H41N2O6+,22.0,True,
CHEMBL338802,SULFAGUANIDINE,4.0,,N=C(N)NS(=O)(=O)c1ccc(N)cc1,BRBKOPJOKNSWSG-UHFFFAOYSA-N,A07AB03,Launched,bacterial antifolate,urinary tract infections,False,214.2,-0.56,122.1,4.0,4.0,2.0,0.0,C7H10N4O2S,6.0,True,
CHEMBL1191,SULFAMETHIZOLE,4.0,1953.0,Cc1nnc(NS(=O)(=O)c2ccc(N)cc2)s1,VACCAVUAMIDAGB-UHFFFAOYSA-N,S01AB01;D06BA04;J01EB02;B05CA04,Launched,bacterial antifolate,urinary tract infections,False,270.3,1.23,98.0,2.0,6.0,3.0,0.0,C9H10N4O2S2,8.0,True,
CHEMBL1193,PHENIRAMINE,4.0,1994.0,CN(C)CCC(c1ccccc1)c1ccccn1,IJHNSHDBIRRJRN-UHFFFAOYSA-N,D04AA16;R06AB05,Launched,histamine receptor antagonist,allergic rhinitis|urticaria,False,240.4,3.17,16.1,0.0,2.0,5.0,0.0,C16H20N2,10.0,True,
CHEMBL1194,PRILOCAINE,4.0,1965.0,CCCNC(C)C(=O)Nc1ccccc1C,MVFGUOIZUNYYSO-UHFFFAOYSA-N,N01BB04;N01BB54,Launched,local anesthetic,anesthetic,False,220.3,2.32,41.1,2.0,2.0,5.0,0.0,C13H20N2O,10.0,True,
CHEMBL1195,PROPOXYCAINE,4.0,1982.0,CCCOc1cc(N)ccc1C(=O)OCCN(CC)CC,CAJIGINSTLKQMM-UHFFFAOYSA-N,,Launched,local anesthetic,anesthetic,False,294.4,2.56,64.8,1.0,5.0,9.0,0.0,C16H26N2O3,22.0,True,
CHEMBL1196,PROPARACAINE,4.0,1953.0,CCCOc1ccc(C(=O)OCCN(CC)CC)cc1N,KCLANYCVBBTKTO-UHFFFAOYSA-N,S01HA04,,,,False,294.4,2.56,64.8,1.0,5.0,9.0,0.0,C16H26N2O3,22.0,True,
CHEMBL1197,HEXYLCAINE,4.0,1982.0,CC(CNC1CCCCC1)OC(=O)c1ccccc1,DKLKMKYDWHYZTD-UHFFFAOYSA-N,,Launched,sodium channel blocker,local anesthetic,False,261.4,3.15,38.3,1.0,3.0,5.0,0.0,C16H23NO2,12.0,True,
CHEMBL1198,PRAMOXINE,4.0,1976.0,CCCCOc1ccc(OCCCN2CCOCC2)cc1,DQKXQSGTHWVTAD-UHFFFAOYSA-N,D04AB07;C05AD07,Launched,topical anesthetic,corticosteroid-responsive dermatoses,False,293.4,2.97,30.9,0.0,4.0,9.0,0.0,C17H27NO3,18.0,True,
CHEMBL1200,BENOXINATE,4.0,1982.0,CCCCOc1cc(C(=O)OCCN(CC)CC)ccc1N,CMHHMUWAYWTMGS-UHFFFAOYSA-N,D04AB03;S01HA02,,,,False,308.4,2.95,64.8,1.0,5.0,10.0,0.0,C17H28N2O3,24.0,True,
CHEMBL1201,THIOTHIXENE,4.0,1967.0,CN1CCN(CC/C=C2/c3ccccc3Sc3ccc(S(=O)(=O)N(C)C)cc32)CC1,GFBKORZTTCHDGY-UWVJOHFNSA-N,N05AF04,Launched,dopamine receptor antagonist,schizophrenia,False,443.6,3.47,43.9,0.0,5.0,5.0,0.0,C23H29N3O2S2,10.0,True,
CHEMBL126224,IPRINDOLE,4.0,,CN(C)CCCn1c2c(c3ccccc31)CCCCCC2,PLIGPBGDXASWPX-UHFFFAOYSA-N,N06AA13,,,,False,284.4,4.25,8.2,0.0,1.0,4.0,0.0,C19H28N2,20.0,True,
CHEMBL127516,BUTAMBEN,4.0,,CCCCOC(=O)c1ccc(N)cc1,IUWVALYLNVXWKX-UHFFFAOYSA-N,,Withdrawn,sodium channel blocker,,False,193.2,2.23,52.3,1.0,3.0,4.0,0.0,C11H15NO2,12.0,True,
CHEMBL1202,CIPROFLOXACIN HYDROCHLORIDE,4.0,1987.0,Cl.O=C(O)c1cn(C2CC2)c2cc(N3CCNCC3)c(F)cc2c1=O,DIOIOSKKIYDRIQ-UHFFFAOYSA-N,,,,,False,331.3,1.58,74.6,2.0,4.0,3.0,0.0,C17H18FN3O3,8.0,True,
CHEMBL1205,NELFINAVIR MESYLATE,4.0,1997.0,CS(=O)(=O)O.Cc1c(O)cccc1C(=O)N[C@@H](CSc1ccccc1)[C@H](O)CN1C[C@H]2CCCC[C@H]2C[C@H]1C(=O)NC(C)(C)C,NQHXCOAXSHGTIA-SKXNDZRYSA-N,,,,,False,567.8,4.75,101.9,4.0,6.0,9.0,0.0,C32H45N3O4S,24.0,True,
CHEMBL1206,ETHOPROPAZINE,4.0,1982.0,CCN(CC)C(C)CN1c2ccccc2Sc2ccccc21,CDOZDBSBBXSXLB-UHFFFAOYSA-N,N04AA05,,,,False,312.5,5.02,6.5,0.0,3.0,5.0,0.0,C19H24N2S,10.0,True,
CHEMBL1208,CINOXACIN,4.0,1980.0,CCn1nc(C(=O)O)c(=O)c2cc3c(cc21)OCO3,VDUWPHTZYNWKRN-UHFFFAOYSA-N,J01MB06,Launched,topoisomerase inhibitor,urinary tract infections,False,262.2,0.84,90.7,1.0,5.0,2.0,0.0,C12H10N2O5,6.0,True,
CHEMBL334966,CANGRELOR,4.0,2015.0,CSCCNc1nc(SCCC(F)(F)F)nc2c1ncn2[C@@H]1O[C@H](COP(=O)(O)OP(=O)(O)C(Cl)(Cl)P(=O)(O)O)[C@@H](O)[C@H]1O,PAEBIVWUMLRPSK-IDTAVKCVSA-N,B01AC25,Launched,purinergic receptor antagonist,myocardial infarction,False,776.4,2.85,255.9,7.0,14.0,15.0,0.0,C17H25Cl2F3N5O12P3S2,44.0,True,
CHEMBL1214,CARBENICILLIN,4.0,1982.0,CC1(C)S[C@@H]2[C@H](NC(=O)C(C(=O)O)c3ccccc3)C(=O)N2[C@H]1C(=O)O,FPPNZSSZRUTDAP-UWFZAAFLSA-N,J01CA03,Launched,bacterial cell wall synthesis inhibitor,gram-negative bacterial infections,False,378.4,0.49,124.0,3.0,5.0,5.0,0.0,C17H18N2O6S,14.0,True,
CHEMBL340978,BENOXAPROFEN,4.0,1982.0,CC(C(=O)O)c1ccc2oc(-c3ccc(Cl)cc3)nc2c1,MITFXPHMIHQXPI-UHFFFAOYSA-N,M01AE06,,,,False,301.7,4.34,63.3,1.0,3.0,3.0,0.0,C16H12ClNO3,8.0,True,
CHEMBL1215,PHENYLEPHRINE,4.0,1952.0,CNC[C@H](O)c1cccc(O)c1,SONNWYBIRXJNDC-VIFPVBQESA-N,R01AA04;R01BA53;R01BA03;S01FB01;S01GA05;C01CA06;S01GA55;C05AX06;R01AB01,Launched,adrenergic receptor agonist,nasal congestion|hemorrhoids|hypotension,False,167.2,0.65,52.5,3.0,3.0,3.0,0.0,C9H13NO2,10.0,True,
CHEMBL1218,RAMELTEON,4.0,2005.0,CCC(=O)NCC[C@@H]1CCc2ccc3c(c21)CCO3,YLXDSYKOBKBWJQ-LBPRGKRZSA-N,N05CH02,Launched,melatonin receptor agonist,insomnia,False,259.3,2.57,38.3,1.0,2.0,4.0,0.0,C16H21NO2,8.0,True,
CHEMBL1219,RABEPRAZOLE,4.0,1999.0,COCCCOc1ccnc(C[S+]([O-])c2nc3ccccc3[nH]2)c1C,YREYEVIYCVEVJK-UHFFFAOYSA-N,A02BC04;A02BC54,Launched,ATPase inhibitor|gastrin inhibitor,gastroesophageal reflux disease (GERD)|duodenal ulcer disease|Zollinger-Ellison syndrome,False,359.5,2.99,83.1,1.0,5.0,8.0,0.0,C18H21N3O3S,16.0,True,
CHEMBL1220,TINIDAZOLE,4.0,2004.0,CCS(=O)(=O)CCn1c([N+](=O)[O-])cnc1C,HJLSLZFTEKNLFI-UHFFFAOYSA-N,G01AF21;P01AB02;J01XD02,Launched,antiprotozoal agent,giardiasis|amebiasis|bacterial vaginosis|trichomoniasis,False,247.3,0.53,95.1,0.0,5.0,5.0,0.0,C8H13N3O4S,10.0,True,
CHEMBL1221,SULCONAZOLE,4.0,1985.0,Clc1ccc(CSC(Cn2ccnc2)c2ccc(Cl)cc2Cl)cc1,AFNXATANNDIXLG-UHFFFAOYSA-N,D01AC09,Launched,sterol demethylase inhibitor,tinea pedis|tinea cruris|tinea corporis,False,397.8,6.52,17.8,0.0,2.0,6.0,0.0,C18H15Cl3N2S,12.0,True,
CHEMBL135400,ZOPICLONE,4.0,,CN1CCN(C(=O)OC2c3nccnc3C(=O)N2c2ccc(Cl)cn2)CC1,GBBSUAFBMRNDJC-UHFFFAOYSA-N,N05CF01,,,,False,388.8,1.57,91.8,0.0,7.0,2.0,0.0,C17H17ClN6O3,6.0,True,
CHEMBL1223,PENICILLIN G POTASSIUM,4.0,1947.0,CC1(C)S[C@@H]2[C@H](NC(=O)Cc3ccccc3)C(=O)N2[C@H]1C(=O)[O-].[K+],IYNDLOXRXUOGIU-LQDWTQKMSA-M,,,,,False,333.4,-0.47,89.5,1.0,5.0,4.0,-1.0,C16H17N2O4S-,8.0,True,
CHEMBL1224,ACRIVASTINE,4.0,1994.0,Cc1ccc(/C(=C\CN2CCCC2)c2cccc(/C=C/C(=O)O)n2)cc1,PWACSDKDOHSSQD-IUTFFREVSA-N,R06AX18,Launched,histamine receptor antagonist,allergic rhinitis,False,348.4,4.02,53.4,1.0,3.0,6.0,0.0,C22H24N2O2,14.0,True,
CHEMBL344159,TOLVAPTAN,4.0,2009.0,Cc1ccccc1C(=O)Nc1ccc(C(=O)N2CCCC(O)c3cc(Cl)ccc32)c(C)c1,GYHCTFXIZSNGJT-UHFFFAOYSA-N,C03XA01,Launched,vasopressin receptor antagonist,hyponatremia|congestive heart failure|hepatic cirrhosis,False,449.0,5.68,69.6,2.0,3.0,3.0,0.0,C26H25ClN2O3,20.0,True,
CHEMBL1228,OXYPHENBUTAZONE ANHYDROUS,4.0,1960.0,CCCCC1C(=O)N(c2ccccc2)N(c2ccc(O)cc2)C1=O,HFHZKZSRXITVMK-UHFFFAOYSA-N,,,,,False,324.4,3.49,60.9,1.0,3.0,5.0,0.0,C19H20N2O3,12.0,True,
CHEMBL1229,OSELTAMIVIR,4.0,1999.0,CCOC(=O)C1=C[C@@H](OC(CC)CC)[C@H](NC(C)=O)[C@@H](N)C1,VSZGPKBBMSAYNT-RRFJBIMHSA-N,J05AH02,,,,False,312.4,1.29,90.6,2.0,5.0,7.0,0.0,C16H28N2O4,18.0,True,
CHEMBL139367,PERAMIVIR ANHYDROUS,4.0,2014.0,CCC(CC)[C@H](NC(C)=O)[C@@H]1[C@H](O)[C@@H](C(=O)O)C[C@H]1NC(=N)N,XRQDFNLINLXZLB-CKIKVBCHSA-N,J05AH03,,,,False,328.4,-0.14,148.5,6.0,4.0,7.0,0.0,C15H28N4O4,18.0,True,
CHEMBL341812,IBUFENAC,4.0,,CC(C)Cc1ccc(CC(=O)O)cc1,CYWFCPPBTWOZSF-UHFFFAOYSA-N,,,,,False,192.3,2.51,37.3,1.0,1.0,4.0,0.0,C12H16O2,10.0,True,
CHEMBL1231,OXYBUTYNIN,4.0,1975.0,CCN(CC)CC#CCOC(=O)C(O)(c1ccccc1)C1CCCCC1,XIQVNETUBQGFHX-UHFFFAOYSA-N,G04BD04,Launched,acetylcholine receptor antagonist,urinary incontinence,False,357.5,3.34,49.8,1.0,4.0,7.0,0.0,C22H31NO3,20.0,True,
CHEMBL1232,ERTAPENEM SODIUM,4.0,2001.0,C[C@@H](O)[C@H]1C(=O)N2C(C(=O)[O-])=C(S[C@@H]3CN[C@H](C(=O)Nc4cccc(C(=O)O)c4)C3)[C@H](C)[C@H]12.[Na+],ZXNAQFZBWUNWJM-HRXMHBOMSA-M,,,,,False,474.5,-0.39,159.1,4.0,8.0,7.0,-1.0,C22H24N3O7S-,18.0,True,
CHEMBL1233,CARISOPRODOL,4.0,1959.0,CCCC(C)(COC(N)=O)COC(=O)NC(C)C,OFZCIYFFPZCNJE-UHFFFAOYSA-N,M03BA72;M03BA02;M03BA52,,,,False,260.3,2.02,90.7,2.0,4.0,7.0,0.0,C12H24N2O4,18.0,True,
CHEMBL1234,DEFEROXAMINE MESYLATE,4.0,1968.0,CC(=O)N(O)CCCCCNC(=O)CCC(=O)N(O)CCCCCNC(=O)CCC(=O)N(O)CCCCCN.CS(=O)(=O)O,IDDIJAWJANBQLJ-UHFFFAOYSA-N,,,,,False,560.7,0.92,205.8,6.0,9.0,23.0,0.0,C25H48N6O8,,False,F3_druglikeness
CHEMBL1237,LISINOPRIL ANHYDROUS,4.0,1987.0,NCCCC[C@H](N[C@@H](CCc1ccccc1)C(=O)O)C(=O)N1CCC[C@H]1C(=O)O,RLAWWYSOJDYHDC-BZSNNMDCSA-N,,,,,False,405.5,1.24,133.0,4.0,5.0,12.0,0.0,C21H31N3O5,32.0,True,
CHEMBL1238,AZELAIC ACID,4.0,1995.0,O=C(O)CCCCCCCC(=O)O,BDJRBEYXGGNYIS-UHFFFAOYSA-N,D10AX03,,,,False,188.2,1.89,74.6,2.0,2.0,8.0,0.0,C9H16O4,20.0,True,
CHEMBL1239,BENZYL BENZOATE,4.0,1976.0,O=C(OCc1ccccc1)c1ccccc1,SESFRYSPDFLNCH-UHFFFAOYSA-N,P03AX01,,,,False,212.2,3.04,26.3,0.0,2.0,3.0,0.0,C14H12O2,8.0,True,
CHEMBL1240,PROPANTHELINE BROMIDE,4.0,1953.0,CC(C)[N+](C)(CCOC(=O)C1c2ccccc2Oc2ccccc21)C(C)C.[Br-],XLBIBBZXLMYSFF-UHFFFAOYSA-M,,,,,False,368.5,4.73,35.5,0.0,3.0,6.0,1.0,C23H30NO3+,14.0,True,
CHEMBL1241,TRIPELENNAMINE,4.0,1948.0,CN(C)CCN(Cc1ccccc1)c1ccccn1,UFLGIAIHIAPJJC-UHFFFAOYSA-N,R06AC04;D04AA04,Launched,histamine receptor antagonist,asthma|allergic rhinitis|urticaria,False,255.4,2.65,19.4,0.0,3.0,6.0,0.0,C16H21N3,12.0,True,
CHEMBL1242,PHENAZOPYRIDINE,4.0,1987.0,Nc1ccc(/N=N/c2ccccc2)c(N)n1,QPFYXYFORQJZEC-FOCLMDBBSA-N,G04BX06,Launched,local anesthetic,urinary tract infections,False,213.2,2.66,89.6,2.0,5.0,2.0,0.0,C11H11N5,8.0,True,
CHEMBL141305,CYCLOFENIL,4.0,,CC(=O)Oc1ccc(C(=C2CCCCC2)c2ccc(OC(C)=O)cc2)cc1,GVOUFPWUYJWQSK-UHFFFAOYSA-N,G03GB01,,,,False,364.4,5.3,52.6,0.0,4.0,4.0,0.0,C23H24O4,12.0,True,
CHEMBL139877,SULFACARBAMIDE,4.0,,NC(=O)NS(=O)(=O)c1ccc(N)cc1,WVAKABMNNSMCDK-UHFFFAOYSA-N,,Withdrawn,,,False,215.2,-0.37,115.3,3.0,4.0,2.0,0.0,C7H9N3O3S,6.0,True,
CHEMBL1243,SULFABENZAMIDE,4.0,1945.0,Nc1ccc(S(=O)(=O)NC(=O)c2ccccc2)cc1,PBCZLFBEBARBBI-UHFFFAOYSA-N,,Launched,bacterial antifolate,gram-negative bacterial infections|gram-positive bacterial infections,False,276.3,1.39,89.3,2.0,4.0,3.0,0.0,C13H12N2O3S,8.0,True,
CHEMBL142703,VILDAGLIPTIN,4.0,2007.0,N#C[C@@H]1CCCN1C(=O)CNC12CC3CC(CC(O)(C3)C1)C2,SYOKIDBDQMKNDQ-XWTIBIIYSA-N,A10BH02,Launched,dipeptidyl peptidase inhibitor,diabetes mellitus,False,303.4,1.17,76.4,2.0,4.0,3.0,0.0,C17H25N3O2,10.0,True,
CHEMBL1245,TRIMETHAPHAN CAMSYLATE,4.0,1982.0,CC1(C)C2CCC1(CS(=O)(=O)[O-])C(=O)C2.O=C1N(Cc2ccccc2)C2C[S+]3CCCC3C2N1Cc1ccccc1,HALWUDBBYKMYPW-UHFFFAOYSA-M,,,,,False,365.5,3.66,23.6,0.0,1.0,4.0,1.0,C22H25N2OS+,8.0,True,
CHEMBL142635,NAFTOPIDIL,4.0,1999.0,COc1ccccc1N1CCN(CC(O)COc2cccc3ccccc23)CC1,HRRBJVNMSRJFHQ-UHFFFAOYSA-N,,Launched,adrenergic receptor antagonist,benign prostatic hyperplasia (BPH),False,392.5,3.41,45.2,1.0,5.0,7.0,0.0,C24H28N2O3,16.0,True,
CHEMBL1256,ISOFLURANE,4.0,1979.0,FC(F)OC(Cl)C(F)(F)F,PIWKPBJCKXDKJR-UHFFFAOYSA-N,N01AB06,Launched,inhaled anaesthetic,general anaesthetic,False,184.5,2.35,9.2,0.0,1.0,2.0,0.0,C3H2ClF5O,6.0,True,
CHEMBL142438,NITROGEN,4.0,2015.0,N#N,IJGRMHOSHXDMSA-UHFFFAOYSA-N,V03AN04,,,,False,,,,,,,,,,False,F2_mw_28
CHEMBL1257,ENFLURANE,4.0,1972.0,FC(F)OC(F)(F)C(F)Cl,JPGQOUSTVILISH-UHFFFAOYSA-N,N01AB04,Launched,membrane permeability inhibitor,anesthetic,False,184.5,2.35,9.2,0.0,1.0,3.0,0.0,C3H2ClF5O,6.0,True,
CHEMBL1259,METOCURINE,4.0,1982.0,COc1ccc2cc1Oc1cc3c(cc1OC)CC[N+](C)(C)[C@H]3Cc1ccc(cc1)Oc1c(OC)c(OC)cc3c1[C@@H](C2)[N+](C)(C)CC3,JFXBEKISTKFVAB-AJQTZOPKSA-N,,Launched,acetylcholine receptor antagonist,muscle relaxant,False,652.8,7.45,55.4,0.0,6.0,4.0,2.0,C40H48N2O6+2,22.0,True,
CHEMBL1261,CITRIC ACID,4.0,1982.0,O=C(O)CC(O)(CC(=O)O)C(=O)O,KRKNYBCHXYNGOX-UHFFFAOYSA-N,A09AB04,,,,False,192.1,-1.25,132.1,4.0,4.0,5.0,0.0,C6H8O7,18.0,True,
CHEMBL144673,HEXETIDINE,4.0,,CCCCC(CC)CN1CN(CC(CC)CCCC)CC(C)(N)C1,DTOUUUZOYKYHEP-UHFFFAOYSA-N,G01AX16;A01AB12,Launched,local anesthetic,pharyngitis|meningitis|laryngitis|gingivitis|ulcerative colitis,False,339.6,4.71,32.5,1.0,3.0,12.0,0.0,C21H45N3,26.0,True,
CHEMBL1262,OXICONAZOLE,4.0,1988.0,Clc1ccc(CO/N=C(\Cn2ccnc2)c2ccc(Cl)cc2Cl)c(Cl)c1,QRJJEGAJXVEBNE-HKOYGPOVSA-N,G01AF17;D01AC11,Launched,bacterial cell wall synthesis inhibitor,tinea pedis|tinea cruris|tinea corporis,False,429.1,6.12,39.4,0.0,3.0,6.0,0.0,C18H13Cl4N3O,12.0,True,
CHEMBL1263,SALMETEROL,4.0,1994.0,OCc1cc(C(O)CNCCCCCCOCCCCc2ccccc2)ccc1O,GIIZNNXWQWCKIB-UHFFFAOYSA-N,R03AC12,Launched,adrenergic receptor agonist,asthma|chronic obstructive pulmonary disease (COPD)|bronchospasm,False,415.6,4.11,82.0,4.0,5.0,16.0,0.0,C25H37NO4,38.0,True,
CHEMBL1265,ADAPALENE,4.0,1996.0,COc1ccc(-c2ccc3cc(C(=O)O)ccc3c2)cc1C12CC3CC(CC(C3)C1)C2,LZCDAPDGXCYOEH-UHFFFAOYSA-N,D10AD53;D10AD03,Launched,retinoid receptor agonist,acne vulgaris (AV),False,412.5,6.68,46.5,1.0,2.0,4.0,0.0,C28H28O3,10.0,True,
CHEMBL146095,GLAFENINE,4.0,,O=C(OCC(O)CO)c1ccccc1Nc1ccnc2cc(Cl)ccc12,GWOFUCIGLDBNKM-UHFFFAOYSA-N,N02BG03,Withdrawn,DeltaF508-CFTR Correctors,,False,372.8,3.14,91.7,3.0,6.0,6.0,0.0,C19H17ClN2O4,18.0,True,
CHEMBL1266,TETRAHYDROZOLINE,4.0,1979.0,c1ccc2c(c1)CCCC2C1=NCCN1,BYJAVTDNIXVSPW-UHFFFAOYSA-N,S01GA52;R01AA06;R01AB03;S01GA02,Launched,adrenergic receptor agonist,eye irritation,False,200.3,2.11,24.4,1.0,2.0,1.0,0.0,C13H16N2,2.0,True,
CHEMBL1271,PENTOLINIUM,4.0,1982.0,C[N+]1(CCCCC[N+]2(C)CCCC2)CCCC1,XSBSKEQEUFOSDD-UHFFFAOYSA-N,,Launched,cholinergic receptor antagonist,hypertension,False,240.4,2.64,0.0,0.0,0.0,6.0,2.0,C15H32N2+2,12.0,True,
CHEMBL1272,REPAGLINIDE,4.0,1997.0,CCOc1cc(CC(=O)N[C@@H](CC(C)C)c2ccccc2N2CCCCC2)ccc1C(=O)O,FAEKWTJYAYMJKF-QHCPKHFHSA-N,A10BX02,Launched,insulin secretagogue,diabetes mellitus,False,452.6,5.22,78.9,2.0,4.0,10.0,0.0,C27H36N2O4,22.0,True,
CHEMBL1274,NILUTAMIDE,4.0,1996.0,CC1(C)NC(=O)N(c2ccc([N+](=O)[O-])c(C(F)(F)F)c2)C1=O,XWXYUMMDTVBTOU-UHFFFAOYSA-N,L02BB02,Launched,androgen receptor antagonist,prostate cancer,False,317.2,2.45,92.6,1.0,4.0,2.0,0.0,C12H10F3N3O4,6.0,True,
CHEMBL1275,PERGOLIDE MESYLATE,4.0,1988.0,CCCN1C[C@H](CSC)C[C@@H]2c3cccc4[nH]cc(c34)C[C@H]21.CS(=O)(=O)O,UWCVGPLTGZWHGS-ZORIOUSZSA-N,,,,,False,314.5,4.27,19.0,1.0,2.0,4.0,0.0,C19H26N2S,8.0,True,
CHEMBL1278,NARATRIPTAN,4.0,1998.0,CNS(=O)(=O)CCc1ccc2[nH]cc(C3CCN(C)CC3)c2c1,AMKVXSZCKVJAGH-UHFFFAOYSA-N,N02CC02,Launched,serotonin receptor agonist,migraine headache,False,335.5,2.07,65.2,2.0,3.0,5.0,0.0,C17H25N3O2S,10.0,True,
CHEMBL1279,FROVATRIPTAN,4.0,2001.0,CN[C@@H]1CCc2[nH]c3ccc(C(N)=O)cc3c2C1,XPSQPHWEGNHMSK-SECBINFHSA-N,N02CC07,Launched,serotonin receptor agonist,migraine headache,False,243.3,1.34,70.9,3.0,2.0,2.0,0.0,C14H17N3O,4.0,True,
CHEMBL1280,VERAPAMIL HYDROCHLORIDE,4.0,1981.0,COc1ccc(CCN(C)CCCC(C#N)(c2ccc(OC)c(OC)c2)C(C)C)cc1OC.Cl,DOQPXTMNIUCOSY-UHFFFAOYSA-N,,,,,False,454.6,5.09,64.0,0.0,6.0,13.0,0.0,C27H38N2O4,26.0,True,
CHEMBL149972,PHENOBARBITAL SODIUM,4.0,2022.0,CCC1(c2ccccc2)C(=O)N=C([O-])NC1=O.[Na+],WRLGYAWRGXKSKG-UHFFFAOYSA-M,,,,,False,231.2,-0.29,81.6,1.0,3.0,2.0,-1.0,C12H11N2O3-,4.0,True,
CHEMBL1282,IMIQUIMOD,4.0,1997.0,CC(C)Cn1cnc2c(N)nc3ccccc3c21,DOUYETYNHWVLEO-UHFFFAOYSA-N,D06BB10,Launched,interferon inducer|toll-like receptor agonist,actinic keratosis (AK)|genital warts|basal cell carcinoma (BCC),False,240.3,2.82,56.7,1.0,3.0,2.0,0.0,C14H16N4,6.0,True,
CHEMBL348000,CINCHOPHEN,4.0,,O=C(O)c1cc(-c2ccccc2)nc2ccccc12,YTRMTPPVNRALON-UHFFFAOYSA-N,M04AC02,Launched,analgesic agent,gout,False,249.3,3.6,50.2,1.0,2.0,2.0,0.0,C16H11NO2,6.0,True,
CHEMBL1286,LEVETIRACETAM,4.0,1999.0,CC[C@@H](C(N)=O)N1CCCC1=O,HPHUVLMMVZITSG-LURJTMIESA-N,N03AX14,Launched,calcium channel blocker,seizures,True,170.2,-0.13,63.4,1.0,2.0,3.0,0.0,C8H14N2O2,6.0,True,
CHEMBL1289,HALOPROGIN,4.0,1982.0,Clc1cc(Cl)c(OCC#CI)cc1Cl,CTETYYAZBPJBHE-UHFFFAOYSA-N,D01AE11,Launched,other antifungal,tinea pedis,False,361.4,4.42,9.2,0.0,1.0,2.0,0.0,C9H4Cl3IO,6.0,True,
CHEMBL1290,PENBUTOLOL,4.0,1987.0,CC(C)(C)NC[C@H](O)COc1ccccc1C1CCCC1,KQXKVJAGOJTNJS-HNNXBMFYSA-N,C07AA23,Launched,adrenergic receptor antagonist,hypertension,False,291.4,3.47,41.5,2.0,3.0,6.0,0.0,C18H29NO2,16.0,True,
CHEMBL345524,ANTRAFENINE,4.0,,O=C(OCCN1CCN(c2cccc(C(F)(F)F)c2)CC1)c1ccccc1Nc1ccnc2cc(C(F)(F)F)ccc12,NWGGKKGAFZIVBJ-UHFFFAOYSA-N,,,,,False,588.6,7.0,57.7,1.0,6.0,7.0,0.0,C30H26F6N4O2,20.0,True,
CHEMBL152684,BECLOBRATE,4.0,,CCOC(=O)C(C)(CC)Oc1ccc(Cc2ccc(Cl)cc2)cc1,YWQGBCXVCXMSLJ-UHFFFAOYSA-N,,,,,False,346.9,5.04,35.5,0.0,3.0,7.0,0.0,C20H23ClO3,16.0,True,
CHEMBL1291,METIPRANOLOL,4.0,1989.0,CC(=O)Oc1c(C)cc(OCC(O)CNC(C)C)c(C)c1C,BQIPXWYNLPYNHW-UHFFFAOYSA-N,S01ED04;S01ED54,Withdrawn,adrenergic receptor antagonist,,False,309.4,2.27,67.8,2.0,5.0,7.0,0.0,C17H27NO4,18.0,True,
CHEMBL1292,CLOFAZIMINE,4.0,1986.0,CC(C)/N=c1\cc2n(-c3ccc(Cl)cc3)c3ccccc3nc-2cc1Nc1ccc(Cl)cc1,WDQPAMHFFCXSNU-BGABXYSRSA-N,J04BA01,Launched,GK0582 inhibitor,leprosy,False,473.4,7.49,42.2,1.0,3.0,4.0,0.0,C27H22Cl2N4,8.0,True,
CHEMBL1293,BETA CAROTENE,4.0,1982.0,CC1=C(/C=C/C(C)=C/C=C/C(C)=C/C=C/C=C(C)/C=C/C=C(C)/C=C/C2=C(C)CCCC2(C)C)C(C)(C)CCC1,OENHQHLEOONYIE-JLTXGRSLSA-N,D02BB01;A11CA02,,,,False,536.9,12.61,0.0,0.0,0.0,10.0,0.0,C40H56,20.0,True,
CHEMBL1294,QUINIDINE,4.0,1950.0,C=C[C@H]1CN2CC[C@H]1C[C@@H]2[C@@H](O)c1ccnc2ccc(OC)cc12,LOUPRKONTZGTKE-LHHVKLHASA-N,C01BA01;C01BA51;C01BA71,Launched,sodium channel blocker,malaria|atrial fibrillation (AF)|ventricular arrhythmias,False,324.4,3.17,45.6,1.0,4.0,4.0,0.0,C20H24N2O2,10.0,True,
CHEMBL1295,BUTOCONAZOLE,4.0,1985.0,Clc1ccc(CCC(Cn2ccnc2)Sc2c(Cl)cccc2Cl)cc1,SWLMUYACZKCSHZ-UHFFFAOYSA-N,G01AF15,Launched,bacterial cell wall synthesis inhibitor,vulvovaginal candidiasis,False,411.8,6.64,17.8,0.0,2.0,7.0,0.0,C19H17Cl3N2S,14.0,True,
CHEMBL1296,CEFOTIAM,4.0,1988.0,CN(C)CCn1nnnc1SCC1=C(C(=O)O)N2C(=O)[C@@H](NC(=O)Cc3csc(N)n3)[C@H]2SC1,QYQDKDWGWDOFFU-IUODEOHRSA-N,J01DC07,Launched,bacterial cell wall synthesis inhibitor,bacterial septicemia|bone and joint infections|respiratory tract infections|skin infections|urinary tract infections,False,525.6,-0.65,172.5,3.0,12.0,10.0,0.0,C18H23N9O4S3,24.0,True,
CHEMBL1297,FENOPROFEN,4.0,1976.0,CC(C(=O)O)c1cccc(Oc2ccccc2)c1,RDJGLLICXDHJDY-UHFFFAOYSA-N,M01AE04,Launched,prostaglandin inhibitor,rheumatoid arthritis|osteoarthritis,False,242.3,3.67,46.5,1.0,2.0,4.0,0.0,C15H14O3,10.0,True,
CHEMBL345714,ACIPIMOX,4.0,,Cc1cnc(C(=O)O)c[n+]1[O-],DJQOOSBJCLSSEY-UHFFFAOYSA-N,C10AD06,Launched,cholesterol inhibitor,hyperlipidemia,False,154.1,-0.28,77.1,1.0,3.0,1.0,0.0,C6H6N2O3,4.0,True,
CHEMBL157101,KETOCONAZOLE,4.0,1981.0,CC(=O)N1CCN(c2ccc(OCC3COC(Cn4ccnc4)(c4ccc(Cl)cc4Cl)O3)cc2)CC1,XMAYWYJOQHXEEK-UHFFFAOYSA-N,D01AC08;G01AF11;H02CA03;J02AB02,Launched,sterol demethylase inhibitor,seborrheic dermatitis,False,531.4,4.21,69.1,0.0,6.0,7.0,0.0,C26H28Cl2N4O4,14.0,True,
CHEMBL170,QUININE,4.0,2005.0,C=C[C@H]1CN2CC[C@H]1C[C@H]2[C@H](O)c1ccnc2ccc(OC)cc12,LOUPRKONTZGTKE-WZBLMQSHSA-N,M09AA72;P01BC01,Launched,hemozoin biocrystallization inhibitor,malaria,False,324.4,3.17,45.6,1.0,4.0,4.0,0.0,C20H24N2O2,10.0,True,
CHEMBL346235,DIAMTHAZOLE DIHYDROCHLORIDE,4.0,,CCN(CC)CCOc1ccc2nc(N(C)C)sc2c1.Cl.Cl,FZNXAQMQVKBXDR-UHFFFAOYSA-N,,,,,False,293.4,3.08,28.6,0.0,5.0,7.0,0.0,C15H23N3OS,14.0,True,
CHEMBL1301,HYDROXYSTILBAMIDINE,4.0,1953.0,N=C(N)c1ccc(/C=C/c2ccc(C(=N)N)cc2O)cc1,TUESWZZJYCLFNL-DAFODLJHSA-N,,Launched,,,False,280.3,2.13,120.0,5.0,3.0,4.0,0.0,C16H16N4O,10.0,True,
CHEMBL1303,ROTIGOTINE,4.0,2006.0,CCCN(CCc1cccs1)[C@H]1CCc2c(O)cccc2C1,KFQYTPMOWPVWEJ-INIZCTEOSA-N,N04BC09,Launched,dopamine receptor agonist,Parkinson's Disease|restless leg syndrome,False,315.5,4.27,23.5,1.0,3.0,6.0,0.0,C19H25NOS,14.0,True,
CHEMBL349803,PIRETANIDE,4.0,,NS(=O)(=O)c1cc(C(=O)O)cc(N2CCCC2)c1Oc1ccccc1,UJEWTUDSLQGTOA-UHFFFAOYSA-N,C03CA03,Launched,glucocorticoid receptor agonist,hypertension|edema,False,362.4,2.42,109.9,2.0,5.0,5.0,0.0,C17H18N2O5S,14.0,True,
CHEMBL1305,ANTAZOLINE,4.0,1994.0,c1ccc(CN(CC2=NCCN2)c2ccccc2)cc1,REYFJDPCWQRWAA-UHFFFAOYSA-N,R01AC04;R06AX05,Launched,antihistamine,conjunctivitis|nasal congestion,False,265.4,2.69,27.6,1.0,3.0,5.0,0.0,C17H19N3,10.0,True,
CHEMBL1308,FOMEPIZOLE,4.0,1997.0,Cc1cn[nH]c1,RIKMMFOAQPJVMX-UHFFFAOYSA-N,V03AB34,Launched,alcohol dehydrogenase inhibitor,poison antidote,False,,,,,,,,,,False,F2_mw_82
CHEMBL1311,ISOSORBIDE MONONITRATE,4.0,1991.0,O=[N+]([O-])O[C@@H]1CO[C@H]2[C@@H]1OC[C@@H]2O,YWXYYJSYQOXTPL-SLPGGIOYSA-N,C01DA14,,,,False,191.1,-1.28,91.1,1.0,6.0,2.0,0.0,C6H9NO6,6.0,True,
CHEMBL1314,TIOPRONIN,4.0,1988.0,CC(S)C(=O)NCC(=O)O,YTGJWQPHMWSCST-UHFFFAOYSA-N,G04BX16,Launched,chelating agent|reducing agent,kidney stones,False,163.2,-0.49,66.4,3.0,3.0,3.0,0.0,C5H9NO3S,10.0,True,
CHEMBL1316,CARPROFEN,4.0,1987.0,CC(C(=O)O)c1ccc2c(c1)[nH]c1ccc(Cl)cc12,PUXBGTOOZJQSKH-UHFFFAOYSA-N,,Launched,cyclooxygenase inhibitor,osteoarthritis,False,273.7,4.16,53.1,2.0,1.0,2.0,0.0,C15H12ClNO2,6.0,True,
CHEMBL159226,MOXISYLYTE,4.0,,CC(=O)Oc1cc(C(C)C)c(OCCN(C)C)cc1C,VRYMTAVOXVTQEF-UHFFFAOYSA-N,G04BE06;C04AX10,Withdrawn,adrenergic receptor antagonist,,False,279.4,2.98,38.8,0.0,4.0,6.0,0.0,C16H25NO3,14.0,True,
CHEMBL1321,PROCARBAZINE,4.0,1969.0,CNNCc1ccc(C(=O)NC(C)C)cc1,CPTBDICYNRMXFX-UHFFFAOYSA-N,L01XB01,Launched,monoamine oxidase inhibitor,Hodgkin's lymphoma,False,221.3,1.05,53.2,3.0,3.0,5.0,0.0,C12H19N3O,10.0,True,
CHEMBL1323,DARUNAVIR,4.0,2006.0,CC(C)CN(C[C@@H](O)[C@H](Cc1ccccc1)NC(=O)O[C@H]1CO[C@H]2OCC[C@H]21)S(=O)(=O)c1ccc(N)cc1,CJBJHOAVZSMMDJ-HEXNFIEUSA-N,J05AE10,Launched,HIV protease inhibitor,human immunodeficiency virus (HIV-1),False,547.7,2.38,140.4,3.0,8.0,11.0,0.0,C27H37N3O7S,28.0,True,
CHEMBL1324,TOLCAPONE,4.0,1997.0,Cc1ccc(C(=O)c2cc(O)c(O)c([N+](=O)[O-])c2)cc1,MIQPIUSUKVNLNT-UHFFFAOYSA-N,N04BX01,Withdrawn,catechol O methyltransferase inhibitor,,False,273.2,2.55,100.7,2.0,5.0,3.0,0.0,C14H11NO5,10.0,True,
CHEMBL162036,BENORILATE,4.0,,CC(=O)Nc1ccc(OC(=O)c2ccccc2OC(C)=O)cc1,FEJKLNWAOXSSNR-UHFFFAOYSA-N,N02BA10,,,,False,313.3,2.79,81.7,1.0,5.0,4.0,0.0,C17H15NO5,12.0,True,
CHEMBL1328,PENTAGASTRIN,4.0,1974.0,CSCC[C@H](NC(=O)[C@H](Cc1c[nH]c2ccccc12)NC(=O)CCNC(=O)OC(C)(C)C)C(=O)N[C@@H](CC(=O)O)C(=O)N[C@@H](Cc1ccccc1)C(N)=O,NEYNJQRKHLUJRU-DZUOILHNSA-N,V04CG04,Launched,CCK receptor agonist,anacidity diagnostic|gastric hypersecretion diagnostic,False,767.9,1.52,250.9,8.0,9.0,20.0,0.0,C37H49N7O9S,46.0,True,
CHEMBL1336,SORAFENIB,4.0,2005.0,CNC(=O)c1cc(Oc2ccc(NC(=O)Nc3ccc(Cl)c(C(F)(F)F)c3)cc2)ccn1,MLDQJTXFUGDVEO-UHFFFAOYSA-N,L01EX02,Launched,FLT3 inhibitor|KIT inhibitor|PDGFR tyrosine kinase receptor inhibitor|RAF inhibitor|RET tyrosine kinase inhibitor|VEGFR inhibitor,renal cell carcinoma (RCC)|thyroid cancer|hepatocellular carcinoma (HCC),False,464.8,5.55,92.4,3.0,4.0,5.0,0.0,C21H16ClF3N4O3,12.0,True,
CHEMBL168815,CEVIMELINE,4.0,2000.0,CC1OC2(CS1)CN1CCC2CC1,WUTYZMFRCNBCHQ-UHFFFAOYSA-N,N07AX03,Launched,acetylcholine receptor agonist,sjogren's syndrome,False,199.3,1.56,12.5,0.0,3.0,0.0,0.0,C10H17NOS,0.0,True,
CHEMBL167731,PIXANTRONE,4.0,2012.0,NCCNc1ccc(NCCN)c2c1C(=O)c1ccncc1C2=O,PEZPMAYDXJQYRV-UHFFFAOYSA-N,L01DB11,Launched,topoisomerase inhibitor,non-Hodgkin lymphoma (NHL),False,325.4,0.6,123.1,4.0,7.0,6.0,0.0,C17H19N5O2,16.0,True,
CHEMBL1337,NITISINONE,4.0,2002.0,O=C1CCCC(=O)C1C(=O)c1ccc(C(F)(F)F)cc1[N+](=O)[O-],OUBCNLGXQFSTLU-UHFFFAOYSA-N,A16AX04,Launched,hydroxyphenylpyruvate dioxygenase inhibitor,tyrosinemia,False,329.2,2.73,94.3,0.0,5.0,3.0,0.0,C14H10F3NO5,8.0,True,
CHEMBL170988,PHENFORMIN,4.0,,N=C(N)NC(=N)NCCc1ccccc1,ICFJFFQQTFMIBG-UHFFFAOYSA-N,A10BA01,Withdrawn,AMPK activator,,False,205.3,0.24,97.8,5.0,2.0,3.0,0.0,C10H15N5,6.0,True,
CHEMBL169901,DEBRISOQUIN,4.0,,N=C(N)N1CCc2ccccc2C1,JWPGJSVJDAJRLW-UHFFFAOYSA-N,C02CC04,Launched,adrenergic neuron blocker,hypertension,False,175.2,0.94,53.1,2.0,1.0,0.0,0.0,C10H13N3,2.0,True,
CHEMBL354077,AMIFAMPRIDINE,4.0,2009.0,Nc1ccncc1N,OYTKINVCDFNREN-UHFFFAOYSA-N,N07XX05,Launched,potassium channel blocker,Lambert-Eaton myasthenic syndrome (LEMS),False,109.1,0.25,64.9,2.0,3.0,0.0,0.0,C5H7N3,4.0,True,
CHEMBL354541,LOMITAPIDE,4.0,2012.0,O=C(NC1CCN(CCCCC2(C(=O)NCC(F)(F)F)c3ccccc3-c3ccccc32)CC1)c1ccccc1-c1ccc(C(F)(F)F)cc1,MBBCVAKAJPKAKM-UHFFFAOYSA-N,C10AX12,Launched,microsomal trigylceride transfer protein inhibitor,hypercholesterolemia,False,693.7,8.38,61.4,2.0,3.0,10.0,0.0,C39H37F6N3O2,24.0,True,
CHEMBL1339,VARDENAFIL HYDROCHLORIDE,4.0,2003.0,CCCc1nc(C)c2c(O)nc(-c3cc(S(=O)(=O)N4CCN(CC)CC4)ccc3OCC)nn12.Cl,XCMULUAPJXCOHI-UHFFFAOYSA-N,,,,,False,488.6,2.48,113.2,1.0,8.0,8.0,0.0,C23H32N6O4S,18.0,True,
CHEMBL1341,METHOXYFLURANE,4.0,,COC(F)(F)C(Cl)Cl,RFKMCNOHBTXSMU-UHFFFAOYSA-N,N02BG09,Launched,membrane permeability inhibitor,general anaesthetic,False,165.0,2.03,9.2,0.0,1.0,2.0,0.0,C3H4Cl2F2O,4.0,True,
CHEMBL1342,OXYBATE,4.0,2002.0,O=C(O)CCCO,SJZRECIVHVDYJC-UHFFFAOYSA-N,,,,,False,104.1,-0.16,57.5,2.0,2.0,3.0,0.0,C4H8O3,10.0,True,
CHEMBL1345,GUANETHIDINE MONOSULFATE,4.0,1960.0,N=C(N)NCCN1CCCCCCC1.O=S(=O)(O)O,YUFWAVFNITUSHI-UHFFFAOYSA-N,,,,,False,198.3,0.74,65.1,3.0,2.0,3.0,0.0,C10H22N4,20.0,True,
CHEMBL1346,DARIFENACIN,4.0,2004.0,NC(=O)C(c1ccccc1)(c1ccccc1)[C@@H]1CCN(CCc2ccc3c(c2)CCO3)C1,HXGBXQDTNZMWGS-RUZDIDTESA-N,G04BD10,Launched,acetylcholine receptor antagonist,urinary incontinence,False,426.6,3.96,55.6,1.0,3.0,7.0,0.0,C28H30N2O2,14.0,True,
CHEMBL175247,ORLISTAT,4.0,1998.0,CCCCCCCCCCC[C@@H](C[C@@H]1OC(=O)[C@H]1CCCCCC)OC(=O)[C@H](CC(C)C)NC=O,AHLBNYSZXLDEJQ-FWEHEUNISA-N,A08AB01,Launched,lipase inhibitor,weight-loss aid,False,495.7,6.88,81.7,1.0,5.0,23.0,0.0,C29H53NO5,,False,F3_druglikeness
CHEMBL177367,SILVER NITRATE,4.0,,O=[N+]([O-])[O-].[Ag+],SQGYOTSLMSWVJD-UHFFFAOYSA-N,D08AL01,,,,False,,,,,,,,,,False,F2_mw_62
CHEMBL175691,RILPIVIRINE,4.0,2011.0,Cc1cc(/C=C/C#N)cc(C)c1Nc1ccnc(Nc2ccc(C#N)cc2)n1,YIBOMRUWOWDFLG-ONEGZZNKSA-N,J05AG05,Launched,non-nucleoside reverse transcriptase inhibitor,human immunodeficiency virus (HIV-1),False,366.4,4.99,97.4,2.0,6.0,5.0,0.0,C22H18N6,10.0,True,
CHEMBL1349,VALACYCLOVIR,4.0,1995.0,CC(C)[C@H](N)C(=O)OCCOCn1cnc2c(=O)nc(N)[nH]c21,HDOVUKNUBWVHOX-QMMMGPOBSA-N,J05AB11,,,,False,324.3,-0.8,151.1,3.0,8.0,7.0,0.0,C13H20N6O4,18.0,True,
CHEMBL539423,SPARSENTAN,4.0,2023.0,CCCCC1=NC2(CCCC2)C(=O)N1Cc1ccc(-c2ccccc2S(=O)(=O)Nc2noc(C)c2C)c(COCC)c1,WRFHGDPIDHPWIQ-UHFFFAOYSA-N,C09XX01,Phase 3,angiotensin receptor antagonist,,False,592.8,6.54,114.1,1.0,7.0,12.0,0.0,C32H40N4O5S,24.0,True,
CHEMBL180022,NERATINIB,4.0,2017.0,CCOc1cc2ncc(C#N)c(Nc3ccc(OCc4ccccn4)c(Cl)c3)c2cc1NC(=O)/C=C/CN(C)C,JWNPDZNEKVCWMY-VQHVLOKHSA-N,L01EH02,Launched,EGFR inhibitor,breast cancer,False,557.1,5.93,112.4,2.0,8.0,11.0,0.0,C30H29ClN6O3,22.0,True,
CHEMBL1350,TILUDRONIC ACID,4.0,1997.0,O=P(O)(O)C(Sc1ccc(Cl)cc1)P(=O)(O)O,DKJJVAGXPKPDRL-UHFFFAOYSA-N,M05BA05,,,,False,318.6,2.07,115.1,4.0,3.0,4.0,0.0,C7H9ClO6P2S,16.0,True,
CHEMBL178803,BLONANSERIN,4.0,,CCN1CCN(c2cc(-c3ccc(F)cc3)c3c(n2)CCCCCC3)CC1,XVGOZDAJGBALKS-UHFFFAOYSA-N,,Launched,dopamine receptor antagonist|serotonin receptor antagonist,schizophrenia,False,367.5,4.69,19.4,0.0,3.0,3.0,0.0,C23H30FN3,18.0,True,
CHEMBL360328,LORCASERIN,4.0,2012.0,C[C@H]1CNCCc2ccc(Cl)cc21,XTTZERNUQAFMOF-QMMMGPOBSA-N,A08AA11,,,,False,195.7,2.59,12.0,1.0,1.0,0.0,0.0,C11H14ClN,10.0,True,
CHEMBL361812,RAMATROBAN,4.0,2000.0,O=C(O)CCn1c2c(c3ccccc31)C[C@H](NS(=O)(=O)c1ccc(F)cc1)CC2,LDXDSHIEDAPSSA-OAHLLOKOSA-N,,Launched,prostanoid receptor antagonist,coronary artery disease (CAD)|asthma,False,416.5,3.09,88.4,2.0,3.0,6.0,0.0,C21H21FN2O4S,14.0,True,
CHEMBL1353,SODIUM BICARBONATE,4.0,1982.0,O=C([O-])O.[Na+],UIIMBOGNXHQVGW-UHFFFAOYSA-M,B05XA02;B05CB04,,,,False,,,,,,,,,,False,F2_mw_61
CHEMBL1354,SODIUM ACETATE,4.0,1982.0,CC(=O)[O-].[Na+],VMHLLURERBWHNL-UHFFFAOYSA-M,B05XA08,,,,False,,,,,,,,,,False,F2_mw_59
CHEMBL1355,SODIUM CITRATE,4.0,1983.0,O=C([O-])CC(O)(CC(=O)[O-])C(=O)[O-].[Na+].[Na+].[Na+],HRXKRNGNAMMEHJ-UHFFFAOYSA-K,B05CB02,,,,False,189.1,-5.25,140.6,1.0,7.0,5.0,-3.0,C6H5O7-3,,False,F3_druglikeness
CHEMBL1356,SODIUM BENZOATE,4.0,1987.0,O=C([O-])c1ccccc1.[Na+],WXMKPNITSTVMEF-UHFFFAOYSA-M,A16AX11,,,,False,121.1,0.05,40.1,0.0,2.0,1.0,-1.0,C7H5O2-,2.0,True,
CHEMBL1357,SODIUM LACTATE,4.0,1982.0,CC(O)C(=O)[O-].[Na+],NGSFWBMYFKHRBD-UHFFFAOYSA-M,,,,,False,,,,,,,,,,False,F2_mw_89
CHEMBL1358,FULVESTRANT,4.0,2002.0,C[C@]12CC[C@@H]3c4ccc(O)cc4C[C@@H](CCCCCCCCC[S+]([O-])CCCC(F)(F)C(F)(F)F)[C@H]3[C@@H]1CC[C@@H]2O,VWUXBMIQPBEWFH-WCCTWKNTSA-N,L02BA03,Launched,estrogen receptor antagonist,breast cancer,False,606.8,8.68,63.5,2.0,3.0,14.0,0.0,C32H47F5O3S,34.0,True,
CHEMBL1359,ERTAPENEM,4.0,2001.0,C[C@@H](O)[C@H]1C(=O)N2C(C(=O)O)=C(S[C@@H]3CN[C@H](C(=O)Nc4cccc(C(=O)O)c4)C3)[C@H](C)[C@H]12,JUZNIMUFDBIJCM-ANEDZVCMSA-N,J01DH03,Launched,bacterial cell wall synthesis inhibitor,intra-abdominal infections|skin infections|pneumonia|urinary tract infections|gynecologic infections|postpartum endomyometritis,False,475.5,0.94,156.3,5.0,7.0,7.0,0.0,C22H25N3O7S,20.0,True,
CHEMBL174,AMPICILLIN,4.0,1965.0,CC1(C)S[C@@H]2[C@H](NC(=O)[C@H](N)c3ccccc3)C(=O)N2[C@H]1C(=O)O,AVKUERGKIZMTKX-NJBDSQKTSA-N,J01CA01;J01CA51;S01AA19,Launched,bacterial cell wall synthesis inhibitor,respiratory tract infections|meningitis|bacterial septicemia|endocarditis|urinary tract infections|gastrointestinal infections,False,349.4,0.32,112.7,3.0,5.0,4.0,0.0,C16H19N3O4S,12.0,True,
CHEMBL360055,GALLAMINE,4.0,1982.0,CC[N+](CC)(CC)CCOc1cccc(OCC[N+](CC)(CC)CC)c1OCC[N+](CC)(CC)CC,OZLPUNFFCJDMJD-UHFFFAOYSA-N,M03AC02,,,,False,510.8,5.45,27.7,0.0,3.0,21.0,3.0,C30H60N3O3+3,,False,F3_druglikeness
CHEMBL1360,ATRACURIUM,4.0,1983.0,COc1ccc(CC2c3cc(OC)c(OC)cc3CC[N+]2(C)CCC(=O)OCCCCCOC(=O)CC[N+]2(C)CCc3cc(OC)c(OC)cc3C2Cc2ccc(OC)c(OC)c2)cc1OC,YXSLJKQTIDHPOT-UHFFFAOYSA-N,M03AC04,Launched,acetylcholine receptor antagonist,endotracheal intubation|muscle relaxant,False,,,,,,,,,,False,F2_mw_929
CHEMBL185073,PANCURONIUM,4.0,1972.0,CC(=O)O[C@H]1C[C@@H]2CC[C@@H]3[C@H](CC[C@@]4(C)[C@H]3C[C@H]([N+]3(C)CCCCC3)[C@@H]4OC(C)=O)[C@@]2(C)C[C@@H]1[N+]1(C)CCCCC1,GVEAYVLWDAFXET-XGHATYIMSA-N,M03AC01,Launched,acetylcholine receptor antagonist,endotracheal intubation|muscle relaxant,False,572.9,6.11,52.6,0.0,4.0,4.0,2.0,C35H60N2O4+2,12.0,True,
CHEMBL1363,ARFORMOTEROL,4.0,2006.0,COc1ccc(C[C@@H](C)NC[C@H](O)c2ccc(O)c(NC=O)c2)cc1,BPZSYCZIITTYBL-YJYMSZOUSA-N,,,,,False,344.4,2.22,90.8,4.0,5.0,9.0,0.0,C19H24N2O4,20.0,True,
CHEMBL1364,PYRIDOXINE,4.0,1982.0,Cc1ncc(CO)c(CO)c1O,LXNHXLLTXMVWPM-UHFFFAOYSA-N,A11HA02,Launched,vitamin B,vitamin B6 deficiency,False,169.2,0.08,73.6,3.0,4.0,2.0,0.0,C8H11NO3,10.0,True,
CHEMBL184412,DRONEDARONE,4.0,2009.0,CCCCc1oc2ccc(NS(C)(=O)=O)cc2c1C(=O)c1ccc(OCCCN(CCCC)CCCC)cc1,ZQTNQVWKHCQYLQ-UHFFFAOYSA-N,C01BD07,Launched,adrenergic receptor antagonist,atrial fibrillation (AF),False,556.8,7.05,88.8,1.0,6.0,18.0,0.0,C31H44N2O5S,36.0,True,
CHEMBL363295,TERODILINE,4.0,1986.0,CC(CC(c1ccccc1)c1ccccc1)NC(C)(C)C,UISARWKNNNHPGI-UHFFFAOYSA-N,G04BD05,Withdrawn,cholinergic receptor antagonist,,False,281.4,4.99,12.0,1.0,1.0,5.0,0.0,C20H27N,12.0,True,
CHEMBL1368,"SODIUM PHOSPHATE, MONOBASIC",4.0,1983.0,O=P([O-])(O)O.[Na+],AJPJDKMHJJGVTQ-UHFFFAOYSA-M,,,,,False,,,,,,,,,,False,F2_mw_97
CHEMBL186314,SODIUM CARBONATE,4.0,1982.0,O=C([O-])[O-].[Na+].[Na+],CDBYLPFSWZWCQE-UHFFFAOYSA-L,,,,,False,,,,,,,,,,False,F2_mw_60
CHEMBL439849,VILAZODONE,4.0,2011.0,N#Cc1ccc2[nH]cc(CCCCN3CCN(c4ccc5oc(C(N)=O)cc5c4)CC3)c2c1,SGEGOXDYSFKCPT-UHFFFAOYSA-N,N06AX24,Launched,serotonin reuptake inhibitor,depression,False,441.5,4.03,102.3,2.0,5.0,7.0,0.0,C26H27N5O2,14.0,True,
CHEMBL1370,BUDESONIDE,4.0,1994.0,CCCC1O[C@@H]2C[C@H]3[C@@H]4CCC5=CC(=O)C=C[C@]5(C)[C@H]4[C@@H](O)C[C@]3(C)[C@]2(C(=O)CO)O1,VOVIALXJUBGFJZ-KWVAZRHASA-N,A07EA06;R03BA02;D07AC09;R01AD05,Launched,glucocorticoid receptor agonist,Crohn's disease,False,430.5,2.72,93.1,2.0,6.0,4.0,0.0,C25H34O6,12.0,True,
CHEMBL361506,PENTAMIDINE ISETHIONATE,4.0,1984.0,N=C(N)c1ccc(OCCCCCOc2ccc(C(=N)N)cc2)cc1.O=S(=O)(O)CCO.O=S(=O)(O)CCO,YBVNFKZSMZGRAD-UHFFFAOYSA-N,P01CX01,,,,False,340.4,2.88,118.2,4.0,4.0,10.0,0.0,C19H24N4O2,20.0,True,
CHEMBL189171,ACEMETACIN,4.0,,COc1ccc2c(c1)c(CC(=O)OCC(=O)O)c(C)n2C(=O)c1ccc(Cl)cc1,FSQKKOOTNAMONP-UHFFFAOYSA-N,M01AB11,Launched,cyclooxygenase inhibitor,osteoarthritis,False,415.8,3.47,94.8,1.0,5.0,6.0,0.0,C21H18ClNO6,18.0,True,
CHEMBL188952,PIRPROFEN,4.0,1987.0,CC(C(=O)O)c1ccc(N2CC=CC2)c(Cl)c1,PIDSZXPFGCURGN-UHFFFAOYSA-N,M01AE08,,,,False,251.7,2.9,40.5,1.0,2.0,3.0,0.0,C13H14ClNO2,8.0,True,
CHEMBL1371,CHLORZOXAZONE,4.0,1958.0,O=c1[nH]c2cc(Cl)ccc2o1,TZFWDZFKRBELIQ-UHFFFAOYSA-N,M03BB53;M03BB03;M03BB73,Launched,bacterial 30S ribosomal subunit inhibitor,muscle relaxant,False,169.6,1.77,46.0,1.0,2.0,0.0,0.0,C7H4ClNO2,0.0,True,
CHEMBL361497,ARTESUNATE,4.0,2020.0,C[C@H]1[C@H](OC(=O)CCC(=O)O)O[C@@H]2O[C@@]3(C)CC[C@H]4[C@H](C)CC[C@@H]1[C@@]24OO3,FIHJKUPKCHIPAT-AHIGJZGOSA-N,P01BE03,Launched,DNA synthesis inhibitor,malaria,False,384.4,2.6,100.5,1.0,7.0,4.0,0.0,C19H28O8,16.0,True,
CHEMBL188921,BUFLOMEDIL,4.0,,COc1cc(OC)c(C(=O)CCCN2CCCC2)c(OC)c1,OWYLAEYXIQKAOL-UHFFFAOYSA-N,C04AX20,Launched,adrenergic receptor antagonist|calcium channel blocker,peripheral artery disease (PAD),False,307.4,2.77,48.0,0.0,5.0,8.0,0.0,C17H25NO4,16.0,True,
CHEMBL187709,TRIPARANOL,4.0,,CCN(CC)CCOc1ccc(C(O)(Cc2ccc(Cl)cc2)c2ccc(C)cc2)cc1,SYHDSBBKRLVLFF-UHFFFAOYSA-N,,,,,False,438.0,5.85,32.7,1.0,3.0,10.0,0.0,C27H32ClNO2,22.0,True,
CHEMBL191083,METHYLENE BLUE CATION,4.0,2011.0,CN(C)c1ccc2nc3ccc(=[N+](C)C)cc-3sc2c1,RBTBFTRPCNLSDE-UHFFFAOYSA-N,,,,,False,284.4,2.5,19.1,0.0,3.0,1.0,1.0,C16H18N3S+,2.0,True,
CHEMBL1372,OXIGLUTATIONE,4.0,1982.0,N[C@@H](CCC(=O)N[C@@H](CSSC[C@H](NC(=O)CC[C@H](N)C(=O)O)C(=O)NCC(=O)O)C(=O)NCC(=O)O)C(=O)O,YPZRWBKMTBYPTK-BJDJZHNGSA-N,,,,,False,612.6,-3.88,317.6,10.0,12.0,21.0,0.0,C20H32N6O12S2,,False,F3_druglikeness
CHEMBL1373,MODAFINIL,4.0,1998.0,NC(=O)C[S+]([O-])C(c1ccccc1)c1ccccc1,YFGHCGITMMYXAQ-UHFFFAOYSA-N,N06BA07,,,,False,273.4,2.01,66.2,1.0,2.0,5.0,0.0,C15H15NO2S,10.0,True,
CHEMBL365795,TIAPROFENIC ACID,4.0,,CC(C(=O)O)c1ccc(C(=O)c2ccccc2)s1,GUHPRPJDBZHYCJ-UHFFFAOYSA-N,M01AE11,,,,False,260.3,3.17,54.4,1.0,3.0,4.0,0.0,C14H12O3S,10.0,True,
CHEMBL435298,ESFLURBIPROFEN,4.0,2015.0,C[C@H](C(=O)O)c1ccc(-c2ccccc2)c(F)c1,SYTBZMRGLBWNTM-JTQLQIEISA-N,M02AA29,,,,False,244.3,3.68,37.3,1.0,1.0,3.0,0.0,C15H13FO2,8.0,True,
CHEMBL175,DEXIBUPROFEN,4.0,1994.0,CC(C)Cc1ccc([C@H](C)C(=O)O)cc1,HEFNNWSXXWATRW-JTQLQIEISA-N,M01AE14,,,,False,206.3,3.07,37.3,1.0,1.0,4.0,0.0,C13H18O2,10.0,True,
CHEMBL190461,CANNABIDIOL,4.0,2018.0,C=C(C)[C@@H]1CCC(C)=C[C@H]1c1c(O)cc(CCCCC)cc1O,QHMBSVQNZZTUGM-ZWKOTPCHSA-N,N03AX24,,,,True,314.5,5.85,40.5,2.0,2.0,6.0,0.0,C21H30O2,16.0,True,
CHEMBL189963,PALBOCICLIB,4.0,2015.0,CC(=O)c1c(C)c2cnc(Nc3ccc(N4CCNCC4)cn3)nc2n(C2CCCC2)c1=O,AHJRHEGDXFFMBM-UHFFFAOYSA-N,L01EF01,Launched,CDK inhibitor,breast cancer,False,447.5,2.97,105.0,2.0,8.0,5.0,0.0,C24H29N7O2,10.0,True,
CHEMBL364713,NOSCAPINE,4.0,,COc1ccc2c(c1OC)C(=O)O[C@@H]2[C@H]1c2c(cc3c(c2OC)OCO3)CCN1C,AKNNEGZIBPJZJG-MSOLQXFVSA-N,R05DA07,Launched,bradykinin receptor antagonist|tubulin polymerization inhibitor,cough suppressant,False,413.4,2.88,75.7,0.0,8.0,4.0,0.0,C22H23NO7,8.0,True,
CHEMBL1377,PROGUANIL,4.0,2000.0,CC(C)NC(=N)NC(=N)Nc1ccc(Cl)cc1,SSOLNOMRVKKSON-UHFFFAOYSA-N,P01BB01;P01BB51,Launched,dihydrofolate reductase inhibitor,malaria,False,253.7,2.21,83.8,5.0,2.0,2.0,0.0,C11H16ClN5,4.0,True,
CHEMBL1378,THIETHYLPERAZINE,4.0,1961.0,CCSc1ccc2c(c1)N(CCCN1CCN(C)CC1)c1ccccc1S2,XCTYLCDETUVOIP-UHFFFAOYSA-N,R06AD03,Launched,dopamine receptor antagonist,nausea,False,399.6,5.04,9.7,0.0,5.0,6.0,0.0,C22H29N3S2,12.0,True,
CHEMBL193240,ROFLUMILAST,4.0,2010.0,O=C(Nc1c(Cl)cncc1Cl)c1ccc(OC(F)F)c(OCC2CC2)c1,MNDBXUUTURYVHR-UHFFFAOYSA-N,R03DX07;D05AX06,Launched,phosphodiesterase inhibitor,chronic obstructive pulmonary disease (COPD)|bronchitis,False,403.2,5.03,60.5,1.0,4.0,7.0,0.0,C17H14Cl2F2N2O3,14.0,True,
CHEMBL1380,ABACAVIR,4.0,1998.0,Nc1nc(NC2CC2)c2ncn([C@H]3C=C[C@@H](CO)C3)c2n1,MCGSCOLBFJQGHM-SCZZXKLOSA-N,J05AF06,Launched,nucleoside reverse transcriptase inhibitor,human immunodeficiency virus (HIV-1),False,286.3,1.09,101.9,3.0,6.0,4.0,0.0,C14H18N6O,12.0,True,
CHEMBL1382,TOLTERODINE,4.0,1998.0,Cc1ccc(O)c([C@H](CCN(C(C)C)C(C)C)c2ccccc2)c1,OOGJQPCLVADCPB-HXUWFJFHSA-N,G04BD07,Launched,acetylcholine receptor antagonist,urinary incontinence|urinary frequency,False,325.5,5.34,23.5,1.0,2.0,7.0,0.0,C22H31NO,16.0,True,
CHEMBL426084,SAMIDORPHAN,4.0,2021.0,NC(=O)c1ccc2c(c1O)[C@]13CCN(CC4CC4)[C@H](C2)[C@]1(O)CCC(=O)C3,RYIDHLJADOKWFM-MAODMQOUSA-N,,,,,False,370.4,1.25,103.9,3.0,5.0,3.0,0.0,C21H26N2O4,10.0,True,
CHEMBL370143,PAROMOMYCIN,4.0,1969.0,NC[C@@H]1O[C@H](O[C@H]2[C@@H](O)[C@H](O[C@@H]3[C@@H](O)[C@H](N)C[C@H](N)[C@H]3O[C@H]3O[C@H](CO)[C@@H](O)[C@H](O)[C@H]3N)O[C@@H]2CO)[C@H](N)[C@@H](O)[C@@H]1O,UOZODPSAJZTQNH-LSWIJEOBSA-N,A07AA06,Launched,bacterial 30S ribosomal subunit inhibitor,amebiasis,False,615.6,-8.86,347.3,13.0,19.0,9.0,0.0,C23H45N5O14,,False,F3_druglikeness
CHEMBL1384,KANAMYCIN,4.0,1973.0,NC[C@H]1O[C@H](O[C@H]2[C@H](O)[C@@H](O[C@H]3O[C@H](CO)[C@@H](O)[C@H](N)[C@H]3O)[C@H](N)C[C@@H]2N)[C@H](O)[C@@H](O)[C@@H]1O,SBUJHOSQTJFQJX-NOAMYHISSA-N,J01GB04;S01AA24;A07AA08,Launched,bacterial 30S ribosomal subunit inhibitor,gram-negative bacterial infections,False,484.5,-7.29,282.6,11.0,15.0,6.0,0.0,C18H36N4O11,,False,F3_druglikeness
CHEMBL197084,TROFINETIDE,4.0,2023.0,C[C@@]1(C(=O)N[C@@H](CCC(=O)O)C(=O)O)CCCN1C(=O)CN,BUSXWGRAOZQTEY-SDBXPKJASA-N,N07XX24,Phase 2,cytokine production inhibitor,,False,315.3,-1.24,150.0,4.0,5.0,7.0,0.0,C13H21N3O6,22.0,True,
CHEMBL193482,ESTRIOL,4.0,2000.0,C[C@]12CC[C@@H]3c4ccc(O)cc4CC[C@H]3[C@@H]1C[C@@H](O)[C@@H]2O,PROQIPRRNZUXQM-ZXXIGWHRSA-N,G03CA04;G03CC06,Launched,estrogen receptor agonist,menopause|vaginal atrophy|urinary tract infections,False,288.4,2.58,60.7,3.0,3.0,0.0,0.0,C18H24O3,6.0,True,
CHEMBL1387,NORETHYNODREL,4.0,1961.0,C#C[C@]1(O)CC[C@H]2[C@@H]3CCC4=C(CCC(=O)C4)[C@H]3CC[C@@]21C,ICTXHFFSOAJUMG-SLHNCBLASA-N,,,,,False,298.4,3.64,37.3,1.0,2.0,0.0,0.0,C20H26O2,2.0,True,
CHEMBL1388,MONOBENZONE,4.0,1952.0,Oc1ccc(OCc2ccccc2)cc1,VYQNWZOUAUKGHI-UHFFFAOYSA-N,D11AX13,Launched,melanin inhibitor,skin depigmentation,False,200.2,2.97,29.5,1.0,2.0,3.0,0.0,C13H12O2,8.0,True,
CHEMBL1389,LEVONORGESTREL,4.0,1982.0,C#C[C@]1(O)CC[C@H]2[C@@H]3CCC4=CC(=O)CC[C@@H]4[C@H]3CC[C@@]21CC,WWYNJERNGUHSAO-XUDSTZEESA-N,G03AD01;G03AC03,Launched,estrogen receptor agonist|glucocorticoid receptor antagonist|progesterone receptor agonist|progesterone receptor antagonist,contraceptive,False,312.5,3.88,37.3,1.0,2.0,1.0,0.0,C21H28O2,4.0,True,
CHEMBL1393,SPIRONOLACTONE,4.0,1960.0,CC(=O)S[C@@H]1CC2=CC(=O)CC[C@]2(C)[C@H]2CC[C@@]3(C)[C@@H](CC[C@@]34CCC(=O)O4)[C@H]12,LXMSZDCAJNLERA-ZHYRCANASA-N,C03DA01,Launched,mineralocorticoid receptor antagonist,hyperaldosteronism|congestive heart failure|hepatic cirrhosis|nephrotic syndrome|hypertension|hypokalemia,False,416.6,4.85,60.4,0.0,5.0,1.0,0.0,C24H32O4S,4.0,True,
CHEMBL363392,MARALIXIBAT,4.0,2021.0,CCCCC1(CCCC)CS(=O)(=O)c2ccc(N(C)C)cc2[C@@H](c2ccc(OCc3ccc(C[N+]45CCN(CC4)CC5)cc3)cc2)[C@H]1O,STPKWKPURVSAJF-LJEWAXOPSA-N,,,,,False,675.0,6.62,70.1,1.0,6.0,13.0,1.0,C40H56N3O4S+,38.0,True,
CHEMBL1395,METHYLTESTOSTERONE,4.0,1973.0,C[C@]12CCC(=O)C=C1CC[C@@H]1[C@@H]2CC[C@@]2(C)[C@H]1CC[C@]2(C)O,GCKMFJBGXUYNAG-HLXURNFRSA-N,G03BA02;G03EK01,,,,False,302.5,4.27,37.3,1.0,2.0,0.0,0.0,C20H30O2,2.0,True,
CHEMBL198362,RIVAROXABAN,4.0,2008.0,O=C(NC[C@H]1CN(c2ccc(N3CCOCC3=O)cc2)C(=O)O1)c1ccc(Cl)s1,KGFYHTZWPPHNLQ-AWEZNQCLSA-N,B01AF01,Launched,coagulation factor inhibitor,stroke|systemic embolism|atrial fibrillation (AF)|deep vein thrombosis (DVT)|pulmonary embolism (PE),False,435.9,2.52,88.2,1.0,6.0,5.0,0.0,C19H18ClN3O5S,10.0,True,
CHEMBL177,AMIKACIN,4.0,1981.0,NCC[C@H](O)C(=O)N[C@@H]1C[C@H](N)[C@@H](O[C@H]2O[C@H](CN)[C@@H](O)[C@H](O)[C@H]2O)[C@H](O)[C@H]1O[C@H]1O[C@H](CO)[C@@H](O)[C@H](N)[C@H]1O,LKCWBDHBTVXHDL-RMDFUYIESA-N,S01AA21;D06AX12;J01GB06,Launched,bacterial 30S ribosomal subunit inhibitor,gram-negative bacterial infections,False,585.6,-8.42,331.9,13.0,17.0,10.0,0.0,C22H43N5O13,,False,F3_druglikeness
CHEMBL370805,COCAINE,4.0,2017.0,COC(=O)[C@H]1[C@@H](OC(=O)c2ccccc2)C[C@@H]2CC[C@H]1N2C,ZPUCINDJVBIVPJ-LJISPDSOSA-N,N01BC01;S02DA02;S01HA01;R02AD03,,,,False,303.4,1.87,55.8,0.0,5.0,3.0,0.0,C17H21NO4,10.0,True,
CHEMBL1397,POSACONAZOLE,4.0,2005.0,CC[C@@H]([C@H](C)O)n1ncn(-c2ccc(N3CCN(c4ccc(OC[C@@H]5CO[C@@](Cn6cncn6)(c6ccc(F)cc6F)C5)cc4)CC3)cc2)c1=O,RAGOYPUPXAKGKH-XAKZXMRKSA-N,J02AC04,Launched,sterol demethylase inhibitor,oropharyngeal candidiasis,False,700.8,4.57,115.7,1.0,9.0,12.0,0.0,C37H42F2N8O4,26.0,True,
CHEMBL372795,STREPTOMYCIN,4.0,1946.0,CN[C@@H]1[C@H](O[C@H]2[C@H](O[C@H]3[C@H](O)[C@@H](O)[C@H](N=C(N)N)[C@@H](O)[C@@H]3N=C(N)N)O[C@@H](C)[C@]2(O)C=O)O[C@@H](CO)[C@H](O)[C@H]1O,UCSJYZPVAKXKNQ-HZYVHMACSA-N,J01GA01;A07AA04;A07AA54,Launched,bacterial 30S ribosomal subunit inhibitor,tuberculosis,False,581.6,-8.16,336.4,12.0,15.0,9.0,0.0,C21H39N7O12,,False,F3_druglikeness
CHEMBL178,DAUNORUBICIN,4.0,1979.0,COc1cccc2c1C(=O)c1c(O)c3c(c(O)c1C2=O)C[C@@](O)(C(C)=O)C[C@@H]3O[C@H]1C[C@H](N)[C@H](O)[C@H](C)O1,STQGQHZAVUOBTE-VGBVRHCVSA-N,L01DB02,Launched,RNA synthesis inhibitor|topoisomerase inhibitor,acute myeloid leukemia (AML)|acute lymphoblastic leukemia (ALL),False,527.5,1.03,185.8,5.0,11.0,4.0,0.0,C27H29NO10,18.0,True,
CHEMBL1399,ANASTROZOLE,4.0,1995.0,CC(C)(C#N)c1cc(Cn2cncn2)cc(C(C)(C)C#N)c1,YBBLVLTVTVSKRW-UHFFFAOYSA-N,L02BG03,Launched,aromatase inhibitor,breast cancer,False,293.4,2.93,78.3,0.0,4.0,4.0,0.0,C17H19N5,8.0,True,
CHEMBL1401,NITAZOXANIDE,4.0,2002.0,CC(=O)Oc1ccccc1C(=O)Nc1ncc([N+](=O)[O-])s1,YQNQNVDNTFHQSW-UHFFFAOYSA-N,P01AX11,Launched,pyruvate ferredoxin oxidoreductase inhibitor,diarrhea,False,307.3,2.23,111.4,1.0,7.0,4.0,0.0,C12H9N3O5S,10.0,True,
CHEMBL201960,PYROVALERONE,4.0,,CCCC(C(=O)c1ccc(C)cc1)N1CCCC1,SWUVZKWCOBGPTH-UHFFFAOYSA-N,,,,,False,245.4,3.44,20.3,0.0,2.0,5.0,0.0,C16H23NO,10.0,True,
CHEMBL204656,ELVITEGRAVIR,4.0,2012.0,COc1cc2c(cc1Cc1cccc(Cl)c1F)c(=O)c(C(=O)O)cn2[C@H](CO)C(C)C,JUZYLCPPVHEVSV-LJQANCHMSA-N,J05AJ02,Launched,HIV integrase inhibitor,human immunodeficiency virus (HIV-1),False,447.9,4.28,88.8,2.0,4.0,7.0,0.0,C23H23ClFNO5,18.0,True,
CHEMBL203321,BRINCIDOFOVIR,4.0,2021.0,CCCCCCCCCCCCCCCCOCCCOP(=O)(O)CO[C@H](CO)Cn1ccc(N)nc1=O,WXJFKKQWPMNTIM-VWLOTQADSA-N,J05AB17,Phase 3,antiviral,,False,561.7,5.25,146.1,3.0,8.0,26.0,0.0,C27H52N3O7P,,False,F3_druglikeness
CHEMBL1404,RANOLAZINE,4.0,2006.0,COc1ccccc1OCC(O)CN1CCN(CC(=O)Nc2c(C)cccc2C)CC1,XKLMZUWKNUAPSZ-UHFFFAOYSA-N,C01EB18,Launched,sodium channel blocker,chronic stable angina,False,427.5,2.31,74.3,2.0,6.0,9.0,0.0,C24H33N3O4,20.0,True,
CHEMBL203266,TRIMETAZIDINE,4.0,,COc1ccc(CN2CCNCC2)c(OC)c1OC,UHWVSEOVJBQKBE-UHFFFAOYSA-N,C01EB15,Launched,3-ketoacyl CoA thiolase inhibitor,angina pectoris,False,266.3,1.12,43.0,1.0,5.0,5.0,0.0,C14H22N2O3,10.0,True,
CHEMBL206253,NETUPITANT,4.0,2014.0,Cc1ccccc1-c1cc(N2CCN(C)CC2)ncc1N(C)C(=O)C(C)(C)c1cc(C(F)(F)F)cc(C(F)(F)F)c1,WAXQNWCZJDTGBU-UHFFFAOYSA-N,,Launched,tachykinin antagonist,nausea|vomiting,False,578.6,6.79,39.7,0.0,4.0,5.0,0.0,C30H32F6N4O,16.0,True,
CHEMBL1405,ESTRONE,4.0,1979.0,C[C@]12CC[C@@H]3c4ccc(O)cc4CC[C@H]3[C@@H]1CCC2=O,DNXHEGUUPJUMQT-CBZIJGRNSA-N,G03CC04;G03CA07,Launched,estrogen receptor agonist|estrogenic hormone,menopause,False,270.4,3.82,37.3,1.0,2.0,0.0,0.0,C18H22O2,2.0,True,
CHEMBL205596,CHOLIC ACID,4.0,2013.0,C[C@H](CCC(=O)O)[C@H]1CC[C@H]2[C@@H]3[C@H](O)C[C@@H]4C[C@H](O)CC[C@]4(C)[C@H]3C[C@H](O)[C@]12C,BHQCQFFYRZLCQQ-OELDTZBJSA-N,A05AA03,,,,False,408.6,3.45,98.0,4.0,4.0,4.0,0.0,C24H40O5,16.0,True,
CHEMBL1409,FLUVOXAMINE MALEATE,4.0,1994.0,COCCCC/C(=N\OCCN)c1ccc(C(F)(F)F)cc1.O=C(O)/C=C\C(=O)O,LFMYNZPAVPMEGP-PIDGMYBPSA-N,,,,,False,318.3,3.2,56.8,1.0,4.0,9.0,0.0,C15H21F3N2O2,22.0,True,
CHEMBL1410,NONOXYNOL 9,4.0,1982.0,CCCCCCCCCc1ccc(OCCOCCOCCOCCOCCOCCOCCOCCOCCO)cc1,FBWNMEQMRUMQSO-UHFFFAOYSA-N,,,,,False,616.8,4.48,103.3,1.0,10.0,35.0,0.0,C33H60O10,,False,F3_druglikeness
CHEMBL427216,GLICLAZIDE,4.0,,Cc1ccc(S(=O)(=O)NC(=O)NN2CC3CCCC3C2)cc1,BOVGTQGAOIONJV-UHFFFAOYSA-N,A10BB09,Launched,ATP channel blocker|insulin secretagogue,diabetes mellitus,False,323.4,1.63,78.5,2.0,4.0,3.0,0.0,C15H21N3O3S,6.0,True,
CHEMBL207538,BREXANOLONE,4.0,2019.0,CC(=O)[C@H]1CC[C@H]2[C@@H]3CC[C@H]4C[C@H](O)CC[C@]4(C)[C@H]3CC[C@]12C,AURFZBICLPNKBZ-SYBPFIFISA-N,N06AX29,,,,False,318.5,4.6,37.3,1.0,2.0,1.0,0.0,C21H34O2,4.0,True,
CHEMBL211456,EPHEDRINE,4.0,2016.0,CN[C@@H](C)[C@H](O)c1ccccc1,KWGRBVOPPLSCSI-WPRPVWTQSA-N,C01CA26;R01AB05;A08AA56;R01AA03;S01FB02,Launched,adrenergic receptor agonist,hypotension|asthma|narcolepsy|obesity,False,165.2,1.33,32.3,2.0,2.0,3.0,0.0,C10H15NO,8.0,True,
CHEMBL1412,PIPERAZINE,4.0,,C1CNCCN1,GLUUGHFHXGJENI-UHFFFAOYSA-N,P02CB01,Launched,benzodiazepine receptor agonist,gastrointestinal roundworms,False,,,,,,,,,,False,F2_mw_86
CHEMBL1413,CICLOPIROX,4.0,1982.0,Cc1cc(C2CCCCC2)n(O)c(=O)c1,SCKYRAXSEDYPSA-UHFFFAOYSA-N,D01AE14;G01AX12,Launched,membrane integrity inhibitor,onychomycosis,False,207.3,2.44,42.2,1.0,2.0,1.0,0.0,C12H17NO2,4.0,True,
CHEMBL443052,TAVABOROLE,4.0,2014.0,OB1OCc2cc(F)ccc21,LFQDNHWZDQTITF-UHFFFAOYSA-N,D01AE24,Launched,leucyl-tRNA synthetase inhibitor,onychomycosis,False,151.9,0.04,29.5,1.0,2.0,0.0,0.0,C7H6BFO2,2.0,True,
CHEMBL211471,NEOSTIGMINE METHYLSULFATE,4.0,2013.0,CN(C)C(=O)Oc1cccc([N+](C)(C)C)c1.COS(=O)(=O)[O-],OSZNNLWOYWAHSS-UHFFFAOYSA-M,,,,,False,223.3,1.94,29.5,0.0,2.0,2.0,1.0,C12H19N2O2+,6.0,True,
CHEMBL378544,VINBLASTINE SULFATE,4.0,1965.0,CC[C@]1(O)C[C@@H]2CN(CCc3c([nH]c4ccccc34)[C@@](C(=O)OC)(c3cc4c(cc3OC)N(C)[C@H]3[C@@](O)(C(=O)OC)[C@H](OC(C)=O)[C@]5(CC)C=CCN6CC[C@]43[C@@H]65)C2)C1.O=S(=O)(O)O,KDQAABAKXDWYSZ-PNYVAJAMSA-N,,,,,False,811.0,3.99,154.1,3.0,12.0,7.0,0.0,C46H58N4O9,34.0,True,
CHEMBL1419,SIBUTRAMINE,4.0,1997.0,CC(C)CC(N(C)C)C1(c2ccc(Cl)cc2)CCC1,UNAANXDKBXWMLN-UHFFFAOYSA-N,A08AA10,,,,False,279.9,4.74,3.2,0.0,1.0,5.0,0.0,C17H26ClN,10.0,True,
CHEMBL1420,PRALIDOXIME,4.0,1964.0,C[n+]1ccccc1C=NO,JBKPUQTUERUYQE-UHFFFAOYSA-O,V03AB04,Launched,acetylcholinesterase inhibitor,organophosphate poisoning,False,137.2,0.32,36.5,1.0,2.0,1.0,1.0,C7H9N2O+,4.0,True,
CHEMBL218291,FORODESINE,4.0,2017.0,O=c1[nH]cnc2c([C@@H]3N[C@H](CO)[C@@H](O)[C@H]3O)c[nH]c12,IWKXDMQDITUYRK-KUBHLMPHSA-N,,Launched,purinergic receptor antagonist,peripheral T-cell lymphoma (PTCL),False,266.3,-2.02,134.3,6.0,6.0,2.0,0.0,C11H14N4O4,10.0,True,
CHEMBL215303,GARENOXACIN,4.0,2007.0,C[C@H]1NCc2cc(-c3ccc4c(=O)c(C(=O)O)cn(C5CC5)c4c3OC(F)F)ccc21,NJDRXTDGYFKORP-LLVKDONJSA-N,J01MA19,Launched,topoisomerase inhibitor,respiratory tract infections,False,426.4,4.47,80.6,2.0,4.0,5.0,0.0,C23H20F2N2O4,12.0,True,
CHEMBL218394,BOCEPREVIR,4.0,2011.0,CC(C)(C)NC(=O)N[C@H](C(=O)N1C[C@H]2[C@@H]([C@H]1C(=O)NC(CC1CCC1)C(=O)C(N)=O)C2(C)C)C(C)(C)C,LHHCSNFAOIFYRV-DOVBMPENSA-N,J05AP03,Launched,HCV inhibitor,hepatitis C,False,519.7,1.71,150.7,4.0,5.0,8.0,0.0,C27H45N5O5,22.0,True,
CHEMBL385517,SAXAGLIPTIN ANHYDROUS,4.0,2009.0,N#C[C@@H]1C[C@@H]2C[C@@H]2N1C(=O)[C@@H](N)C12CC3CC(CC(O)(C3)C1)C2,QGJUIPDUBHWZPV-SGTAVMJGSA-N,,,,,False,315.4,1.16,90.4,2.0,4.0,2.0,0.0,C18H25N3O2,10.0,True,
CHEMBL1421,DASATINIB ANHYDROUS,4.0,2006.0,Cc1nc(Nc2ncc(C(=O)Nc3c(C)cccc3Cl)s2)cc(N2CCN(CCO)CC2)n1,ZBNZXTGUTAYRHI-UHFFFAOYSA-N,L01EA02,,,,False,488.0,3.31,106.5,3.0,9.0,7.0,0.0,C22H26ClN7O2S,16.0,True,
CHEMBL1422,SITAGLIPTIN,4.0,2006.0,N[C@@H](CC(=O)N1CCn2c(nnc2C(F)(F)F)C1)Cc1cc(F)c(F)cc1F,MFFMDFFZMYYVKS-SECBINFHSA-N,A10BH01,Launched,dipeptidyl peptidase inhibitor,diabetes mellitus,False,407.3,2.02,77.0,1.0,4.0,4.0,0.0,C16H15F6N5O,14.0,True,
CHEMBL1423,PIMOZIDE,4.0,1984.0,O=c1[nH]c2ccccc2n1C1CCN(CCCC(c2ccc(F)cc2)c2ccc(F)cc2)CC1,YVUQSNJEYSNKRX-UHFFFAOYSA-N,N05AG02,Launched,dopamine receptor antagonist,Tourette's disorder,False,461.6,5.86,41.0,1.0,2.0,7.0,0.0,C28H29F2N3O,14.0,True,
CHEMBL386630,TESTOSTERONE,4.0,1972.0,C[C@]12CC[C@H]3[C@@H](CCC4=CC(=O)CC[C@@]43C)[C@@H]1CC[C@@H]2O,MUMGGOZAMZWBJJ-DYKIIFRCSA-N,G03BA03,,,,False,288.4,3.88,37.3,1.0,2.0,0.0,0.0,C19H28O2,2.0,True,
CHEMBL1425,MERCAPTOPURINE ANHYDROUS,4.0,1953.0,Sc1ncnc2nc[nH]c12,GLVAUDGFNGKCSF-UHFFFAOYSA-N,,,,,False,152.2,0.64,54.5,2.0,4.0,0.0,0.0,C5H4N4S,2.0,True,
CHEMBL219916,DOMPERIDONE,4.0,,O=c1[nH]c2ccccc2n1CCCN1CCC(n2c(=O)[nH]c3cc(Cl)ccc32)CC1,FGXWKSZFVQUSTL-UHFFFAOYSA-N,A03FA03,Launched,dopamine receptor antagonist,fescue toxicosis,False,425.9,3.35,78.8,2.0,3.0,5.0,0.0,C22H24ClN5O2,10.0,True,
CHEMBL181,DIAZOXIDE,4.0,1973.0,CC1=Nc2ccc(Cl)cc2S(=O)(=O)N1,GDLBFKVLRPITMI-UHFFFAOYSA-N,V03AH01;C02DA01,Launched,potassium channel activator,hypoglycemia,False,230.7,1.68,58.5,1.0,3.0,0.0,0.0,C8H7ClN2O2S,0.0,True,
CHEMBL374478,RIFAMPIN,4.0,1971.0,CO[C@H]1/C=C/O[C@@]2(C)Oc3c(C)c(O)c4c(O)c(c(/C=N/N5CCN(C)CC5)c(O)c4c3C2=O)NC(=O)/C(C)=C\C=C\[C@H](C)[C@H](O)[C@@H](C)[C@@H](O)[C@@H](C)[C@H](OC(C)=O)[C@@H]1C,JQXXHWHPUNPDRT-WLSIYKJHSA-N,J04AB02,Launched,RNA polymerase inhibitor,tuberculosis|meningitis,False,823.0,4.34,220.1,6.0,15.0,4.0,0.0,C43H58N4O12,46.0,True,
CHEMBL218650,DELAMANID,4.0,2014.0,C[C@]1(COc2ccc(N3CCC(Oc4ccc(OC(F)(F)F)cc4)CC3)cc2)Cn2cc([N+](=O)[O-])nc2O1,XDAOLTSRNUSPPH-XMMPIXPASA-N,J04AK06,Launched,bacterial cell wall synthesis inhibitor,tuberculosis,False,534.5,4.97,101.1,0.0,8.0,8.0,0.0,C25H25F3N4O6,18.0,True,
CHEMBL1428,NIMODIPINE,4.0,1988.0,COCCOC(=O)C1=C(C)NC(C)=C(C(=O)OC(C)C)C1c1cccc([N+](=O)[O-])c1,UIAGMCDKSXEBJQ-UHFFFAOYSA-N,C08CA06,Launched,calcium channel blocker,hemorrhage,False,418.4,2.97,117.0,1.0,8.0,8.0,0.0,C21H26N2O7,20.0,True,
CHEMBL384467,DEXAMETHASONE,4.0,1958.0,C[C@@H]1C[C@H]2[C@@H]3CCC4=CC(=O)C=C[C@]4(C)[C@@]3(F)[C@@H](O)C[C@]2(C)[C@@]1(O)C(=O)CO,UREBDLICKHMUKA-CXSFZGCWSA-N,A01AC02;R01AD03;S02BA06;S03BA01;D07AB19;D10AA03;S01CB01;C05AA09;D07XB05;H02AB02;S01BA01,Launched,glucocorticoid receptor agonist,hypercalcemia|rheumatoid arthritis|psoriatic arthritis|osteoarthritis|allergic rhinitis|ulcerative colitis|anemia|multiple sclerosis|enteritis|lupus|dermatitis herpetiformis (DH)|nephrotic syndrome|psoriasis,True,392.5,1.9,94.8,3.0,5.0,2.0,0.0,C22H29FO5,10.0,True,
CHEMBL182,GANCICLOVIR,4.0,1989.0,Nc1nc2c(ncn2COC(CO)CO)c(=O)[nH]1,IRSCQMHQWWYFCW-UHFFFAOYSA-N,S01AD09;J05AB06,Launched,DNA polymerase inhibitor,cytomegalovirus (CMV),False,255.2,-1.97,139.3,4.0,7.0,5.0,0.0,C9H13N5O4,14.0,True,
CHEMBL184,ACYCLOVIR,4.0,1982.0,Nc1nc2c(ncn2COCCO)c(=O)[nH]1,MKUXAQIIEYXACX-UHFFFAOYSA-N,J05AB01;S01AD03;D06BB53;D06BB03,Launched,DNA polymerase inhibitor,genitial herpes|shingles|chicken pox,False,225.2,-1.33,119.0,3.0,6.0,4.0,0.0,C8H11N5O3,10.0,True,
CHEMBL374731,TELBIVUDINE,4.0,2006.0,Cc1cn([C@@H]2C[C@@H](O)[C@H](CO)O2)c(=O)[nH]c1=O,IQFYYKKMVGJFEH-CSMHCCOUSA-N,J05AF11,Launched,DNA polymerase inhibitor,hepatitis B,False,242.2,-1.51,104.5,3.0,5.0,2.0,0.0,C10H14N2O5,8.0,True,
CHEMBL218490,DORZOLAMIDE,4.0,1994.0,CCN[C@H]1C[C@H](C)S(=O)(=O)c2sc(S(N)(=O)=O)cc21,IAVUPMFITXYVAF-XPUUQOCRSA-N,S01EC03,Launched,carbonic anhydrase inhibitor,intraocular pressure|glaucoma,False,324.4,0.61,106.3,2.0,6.0,3.0,0.0,C10H16N2O4S3,8.0,True,
CHEMBL220491,BRINZOLAMIDE,4.0,1998.0,CCN[C@H]1CN(CCCOC)S(=O)(=O)c2sc(S(N)(=O)=O)cc21,HCRKCZRJWPKOAR-JTQLQIEISA-N,S01EC04;S01EC54,Launched,carbonic anhydrase inhibitor,intraocular pressure|glaucoma|ocular hypertension,False,383.5,0.09,118.8,2.0,7.0,7.0,0.0,C12H21N3O5S3,16.0,True,
CHEMBL220492,TOPIRAMATE,4.0,1996.0,CC1(C)O[C@@H]2[C@@H](CO[C@@]3(COS(N)(=O)=O)OC(C)(C)O[C@@H]23)O1,KJADKKWYZYXHBB-XBWDGYHZSA-N,N03AX11,Launched,carbonic anhydrase inhibitor|glutamate receptor antagonist|kainate receptor antagonist,epilepsy|migraine headache,True,339.4,-0.4,115.5,1.0,8.0,3.0,0.0,C12H21NO8S,8.0,True,
CHEMBL426559,LAROPIPRANT,4.0,,CS(=O)(=O)c1cc(F)cc2c3c(n(Cc4ccc(Cl)cc4)c12)[C@@H](CC(=O)O)CC3,NXFFJDQHYLNEJK-CYBMUJFWSA-N,,Launched,prostanoid receptor antagonist,cholesterol,False,435.9,4.39,76.4,1.0,3.0,5.0,0.0,C21H19ClFNO4S,12.0,True,
CHEMBL221959,TOFACITINIB,4.0,2012.0,C[C@@H]1CCN(C(=O)CC#N)C[C@@H]1N(C)c1ncnc2[nH]ccc12,UJLAWZDWDVHWOW-YPMHNXCESA-N,L04AF01,Launched,JAK inhibitor,rheumatoid arthritis,False,312.4,1.54,88.9,1.0,5.0,3.0,0.0,C16H20N6O,8.0,True,
CHEMBL185,FLUOROURACIL,4.0,1962.0,O=c1[nH]cc(F)c(=O)[nH]1,GHASVSINZRGABV-UHFFFAOYSA-N,L01BC02;L01BC52,,,,False,130.1,-0.8,65.7,2.0,2.0,0.0,0.0,C4H3FN2O2,0.0,True,
CHEMBL1430,PENICILLAMINE,4.0,1970.0,CC(C)(S)[C@@H](N)C(=O)O,VVNCNSJFMMFHPL-VKHMYHEASA-N,M01CC01,,,,False,149.2,0.11,63.3,3.0,3.0,2.0,0.0,C5H11NO2S,10.0,True,
CHEMBL1431,METFORMIN,4.0,1995.0,CN(C)C(=N)NC(=N)N,XZWYZXLIPXDOLR-UHFFFAOYSA-N,A10BA02,Launched,insulin sensitizer,diabetes mellitus,False,129.2,-1.03,89.0,4.0,2.0,0.0,0.0,C4H11N5,0.0,True,
CHEMBL221326,DIQUAFOSOL,4.0,2010.0,O=c1ccn([C@@H]2O[C@H](COP(=O)(O)OP(=O)(O)OP(=O)(O)OP(=O)(O)OC[C@H]3O[C@@H](n4ccc(=O)[nH]c4=O)[C@H](O)[C@@H]3O)[C@@H](O)[C@H]2O)c(=O)[nH]1,NMLMACJWHPHKGR-NCOIDOBVSA-N,S01XA33,Phase 3,purinergic receptor activator,,False,790.3,-4.19,404.5,10.0,19.0,14.0,0.0,C18H26N4O23P4,,False,F3_druglikeness
CHEMBL376897,METHSCOPOLAMINE,4.0,1953.0,C[N+]1(C)[C@@H]2C[C@@H](OC(=O)[C@H](CO)c3ccccc3)C[C@H]1[C@@H]1O[C@@H]12,LZCOQTDXKCNBEE-IKIFYQGPSA-N,A03BB03;S01FA03,Launched,acetylcholine receptor antagonist,peptic ulcer disease (PUD),False,318.4,1.06,59.1,1.0,4.0,4.0,1.0,C18H24NO4+,12.0,True,
CHEMBL1433,DOXYCYCLINE ANHYDROUS,4.0,1967.0,C[C@H]1c2cccc(O)c2C(=O)C2=C(O)[C@]3(O)C(=O)C(C(N)=O)=C(O)[C@@H](N(C)C)[C@@H]3[C@@H](O)[C@@H]21,JBIWCJUYHHGXTC-AKNGSSGZSA-N,,,,,False,444.4,-0.35,181.6,6.0,9.0,2.0,0.0,C22H24N2O8,14.0,True,
CHEMBL1434,MINOCYCLINE,4.0,1971.0,CN(C)c1ccc(O)c2c1C[C@H]1C[C@H]3[C@H](N(C)C)C(O)=C(C(N)=O)C(=O)[C@@]3(O)C(O)=C1C2=O,DYKFCLLONBREIL-KVUCHLLUSA-N,A01AB23;D10AF07;J01AA08,Launched,bacterial 30S ribosomal subunit inhibitor,fever|respiratory tract infections|psittacosis|trachoma|conjunctivitis|urethritis|chancroid|tularemia|cholera|brucellosis,True,457.5,0.19,164.6,5.0,9.0,3.0,0.0,C23H27N3O7,14.0,True,
CHEMBL1435,CEFAZOLIN,4.0,1973.0,Cc1nnc(SCC2=C(C(=O)O)N3C(=O)[C@@H](NC(=O)Cn4cnnn4)[C@H]3SC2)s1,MLYYVTUWGNIJIB-BXKDBHETSA-N,J01DB04,Launched,bacterial cell wall synthesis inhibitor,urinary tract infections|skin infections|bacterial septicemia|endocarditis|surgical prophylaxis|bone and joint infections,False,454.5,-0.64,156.1,2.0,11.0,7.0,0.0,C14H14N8O4S3,16.0,True,
CHEMBL1436,CEFUROXIME,4.0,1983.0,CO/N=C(\C(=O)N[C@@H]1C(=O)N2C(C(=O)O)=C(COC(N)=O)CS[C@H]12)c1ccco1,JFPVXVDWJQMJEE-IZRZKJBUSA-N,J01DC02;S01AA27,Launched,bacterial cell wall synthesis inhibitor,gram-negative bacterial infections,False,424.4,-0.54,173.8,3.0,9.0,7.0,0.0,C16H16N4O8S,18.0,True,
CHEMBL186,CEFEPIME,4.0,1996.0,CO/N=C(\C(=O)N[C@@H]1C(=O)N2C(C(=O)[O-])=C(C[N+]3(C)CCCC3)CS[C@H]12)c1csc(N)n1,HVFLCNVBZFFHBT-ZKDACBOMSA-N,J01DE01,Launched,bacterial cell wall synthesis inhibitor,pneumonia|urinary tract infections|skin infections|intra-abdominal infections,False,480.6,-1.28,150.0,2.0,10.0,7.0,0.0,C19H24N6O5S2,16.0,True,
CHEMBL374975,FUSIDIC ACID,4.0,,CC(=O)O[C@H]1C[C@@]2(C)[C@@H](C[C@@H](O)[C@H]3[C@@]4(C)CC[C@@H](O)[C@@H](C)[C@@H]4CC[C@@]32C)/C1=C(\CCC=C(C)C)C(=O)O,IECPWNUMDGFDKC-MZJAQBGESA-N,J01XC01;S01AA13;D06AX01;D09AA02,,,,False,516.7,5.67,104.1,3.0,5.0,5.0,0.0,C31H48O6,18.0,True,
CHEMBL222559,TIPRANAVIR,4.0,2005.0,CCC[C@@]1(CCc2ccccc2)CC(O)=C([C@H](CC)c2cccc(NS(=O)(=O)c3ccc(C(F)(F)F)cn3)c2)C(=O)O1,SUJUHGSWHZTSEU-FYBSXPHGSA-N,J05AE09,Launched,HIV protease inhibitor,human immunodeficiency virus (HIV-1),False,602.7,7.33,105.6,2.0,6.0,11.0,0.0,C31H33F3N2O5S,26.0,True,
CHEMBL1437,NOREPINEPHRINE,4.0,1950.0,NC[C@H](O)c1ccc(O)c(O)c1,SFLSHLFXELFNJZ-QMMMGPOBSA-N,C01CA03,Launched,adrenergic receptor agonist,hypertension|urticaria|headache|seasonal affective disorder,False,169.2,0.09,86.7,4.0,4.0,2.0,0.0,C8H11NO3,12.0,True,
CHEMBL221722,FAVIPIRAVIR,4.0,2014.0,NC(=O)c1nc(F)cnc1O,ZCGNOVWYSGBHAU-UHFFFAOYSA-N,J05AX27,Phase 3,RNA polymerase inhibitor,,False,157.1,-0.58,89.1,2.0,4.0,1.0,0.0,C5H4FN3O2,4.0,True,
CHEMBL222813,ZANAMIVIR,4.0,1999.0,CC(=O)N[C@H]1[C@H]([C@H](O)[C@H](O)CO)OC(C(=O)O)=C[C@@H]1NC(=N)N,ARAIBEBZBOPLMB-UFGQHTETSA-N,J05AH01,Launched,neuraminidase inhibitor,influenza A virus infection,False,332.3,-3.58,198.2,8.0,7.0,6.0,0.0,C12H20N4O7,20.0,True,
CHEMBL1439,TAZOBACTAM SODIUM,4.0,1993.0,C[C@]1(Cn2ccnn2)[C@H](C(=O)[O-])N2C(=O)C[C@H]2S1(=O)=O.[Na+],RFMIKMMOLPNEDG-QVUDESDKSA-M,,,,,False,299.3,-2.86,125.3,0.0,7.0,3.0,-1.0,C10H11N4O5S-,6.0,True,
CHEMBL376140,TIGECYCLINE,4.0,2005.0,CN(C)c1cc(NC(=O)CNC(C)(C)C)c(O)c2c1C[C@H]1C[C@H]3[C@H](N(C)C)C(O)=C(C(N)=O)C(=O)[C@@]3(O)C(O)=C1C2=O,FPZLLRFZJZRHSY-HJYUBDRYSA-N,J01AA12,Launched,bacterial 30S ribosomal subunit inhibitor,skin infections|pneumonia|intra-abdominal infections,False,585.7,0.51,205.8,7.0,11.0,6.0,0.0,C29H39N5O8,22.0,True,
CHEMBL223448,BROXYQUINOLINE,4.0,,Oc1c(Br)cc(Br)c2cccnc12,ZDASUJMDVPTNTF-UHFFFAOYSA-N,G01AC06;A07AX01;P01AA01,Phase 1,antiprotozoal agent,,False,303.0,3.47,33.1,1.0,2.0,0.0,0.0,C9H5Br2NO,2.0,True,
CHEMBL376488,BEDAQUILINE,4.0,2012.0,COc1nc2ccc(Br)cc2cc1[C@@H](c1ccccc1)[C@@](O)(CCN(C)C)c1cccc2ccccc12,QUIJNHUBAXPXFS-XLJNKUFUSA-N,J04AK05,Launched,ATPase inhibitor,tuberculosis,False,555.5,7.13,45.6,1.0,4.0,8.0,0.0,C32H31BrN2O2,18.0,True,
CHEMBL1440,TETRACYCLINE,4.0,1953.0,CN(C)[C@@H]1C(O)=C(C(N)=O)C(=O)[C@@]2(O)C(O)=C3C(=O)c4c(O)cccc4[C@@](C)(O)[C@H]3C[C@@H]12,OFVLGDICTFRJMM-WESIUVDSSA-N,D06AA04;S03AA02;S01AA09;S02AA08;A01AB13;J01AA07,Launched,bacterial 30S ribosomal subunit inhibitor,respiratory tract infections|pneumonia|skin infections|urinary tract infections|acne vulgaris (AV)|plague|psittacosis,False,444.4,-0.21,181.6,6.0,9.0,2.0,0.0,C22H24N2O8,14.0,True,
CHEMBL1441,ETHIONAMIDE,4.0,1965.0,CCc1cc(C(N)=S)ccn1,AEOCXXJPGCBFJA-UHFFFAOYSA-N,J04AD03,Launched,mycolic synthesis inhibitor,tuberculosis,False,166.2,1.28,38.9,1.0,2.0,2.0,0.0,C8H10N2S,4.0,True,
CHEMBL225071,RALTITREXED,4.0,,Cc1nc(=O)c2cc(CN(C)c3ccc(C(=O)N[C@@H](CCC(=O)O)C(=O)O)s3)ccc2[nH]1,IVTVGDXNLFLDRM-HNNXBMFYSA-N,L01BA03,Launched,thymidylate synthase inhibitor,mesothelioma,False,458.5,1.98,152.7,4.0,7.0,9.0,0.0,C21H22N4O6S,22.0,True,
CHEMBL225072,PEMETREXED,4.0,2004.0,Nc1nc2[nH]cc(CCc3ccc(C(=O)N[C@@H](CCC(=O)O)C(=O)O)cc3)c2c(=O)[nH]1,WBXPDJSOTKVWSJ-ZDUSSCGKSA-N,L01BA04,Launched,dihydrofolate reductase inhibitor|thymidylate synthase inhibitor,non-small cell lung cancer (NSCLC)|mesothelioma,False,427.4,0.67,191.3,6.0,6.0,9.0,0.0,C20H21N5O6,22.0,True,
CHEMBL387675,DAPTOMYCIN,4.0,2003.0,CCCCCCCCCC(=O)N[C@@H](Cc1c[nH]c2ccccc12)C(=O)N[C@@H](CC(N)=O)C(=O)N[C@@H](CC(=O)O)C(=O)N[C@@H]1C(=O)NCC(=O)N[C@@H](CCCN)C(=O)N[C@@H](CC(=O)O)C(=O)N[C@H](C)C(=O)N[C@@H](CC(=O)O)C(=O)NCC(=O)N[C@H](CO)C(=O)N[C@@H]([C@H](C)CC(=O)O)C(=O)N[C@@H](CC(=O)c2ccccc2N)C(=O)O[C@@H]1C,DOAKLVKFURWEDJ-RWDRXURGSA-N,J01XX09,Launched,bacterial cell wall synthesis inhibitor,skin infections|endocarditis,False,,,,,,,,,,False,F2_mw_1621
CHEMBL389621,HYDROCORTISONE,4.0,1952.0,C[C@]12CCC(=O)C=C1CC[C@@H]1[C@@H]2[C@@H](O)C[C@@]2(C)[C@H]1CC[C@]2(O)C(=O)CO,JYGXADMDTFJGBT-VWUMJDOOSA-N,A07EA02;S01CB03;D07XA01;S01BA02;D07AA02;A01AC03;R01AD60;C05AA01;H02AB09;S02BA01,Launched,glucocorticoid receptor agonist,eczema|psoriasis|seborrheic dermatitis|itching,False,362.5,1.78,94.8,3.0,5.0,2.0,0.0,C21H30O5,10.0,True,
CHEMBL1443,NAFCILLIN,4.0,1965.0,CCOc1ccc2ccccc2c1C(=O)N[C@@H]1C(=O)N2[C@@H]1SC(C)(C)[C@@H]2C(=O)O,GPXLMGHLHQJAGZ-JTDSTZFVSA-N,J01CF06,Launched,bacterial cell wall synthesis inhibitor,gram-positive bacterial infections,False,414.5,2.48,95.9,2.0,5.0,5.0,0.0,C21H22N2O5S,12.0,True,
CHEMBL388590,BENZBROMARONE,4.0,,CCc1oc2ccccc2c1C(=O)c1cc(Br)c(O)c(Br)c1,WHQCHUCQKNIQEC-UHFFFAOYSA-N,M04AB03,Launched,chloride channel blocker,gout,False,424.1,5.46,50.4,1.0,3.0,3.0,0.0,C17H12Br2O3,8.0,True,
CHEMBL1444,LETROZOLE,4.0,1997.0,N#Cc1ccc(C(c2ccc(C#N)cc2)n2cncn2)cc1,HPJKCIUCZWXJDR-UHFFFAOYSA-N,L02BG04,Launched,aromatase inhibitor,breast cancer,False,285.3,2.66,78.3,0.0,4.0,3.0,0.0,C17H11N5,6.0,True,
CHEMBL223228,EFAVIRENZ,4.0,1998.0,O=C1Nc2ccc(Cl)cc2[C@@](C#CC2CC2)(C(F)(F)F)O1,XPOQHMRABVBWPR-ZDUSSCGKSA-N,J05AG03,Launched,HIV protease inhibitor,human immunodeficiency virus (HIV-1),False,315.7,4.07,38.3,1.0,2.0,0.0,0.0,C14H9ClF3NO2,4.0,True,
CHEMBL227529,ALOGLIPTIN BENZOATE,4.0,2013.0,Cn1c(=O)cc(N2CCC[C@@H](N)C2)n(Cc2ccccc2C#N)c1=O.O=C(O)c1ccccc1,KEJICOXJTRHYAK-XFULWGLBSA-N,,,,,False,339.4,0.39,97.1,1.0,5.0,3.0,0.0,C18H21N5O2,8.0,True,
CHEMBL1445,FLUOXYMESTERONE,4.0,1956.0,C[C@]1(O)CC[C@H]2[C@@H]3CCC4=CC(=O)CC[C@]4(C)[C@@]3(F)[C@@H](O)C[C@@]21C,YLRFCQOZQXIBAB-RBZZARIASA-N,G03BA01,,,,False,336.4,3.33,57.5,2.0,3.0,0.0,0.0,C20H29FO3,4.0,True,
CHEMBL376359,ALOGLIPTIN,4.0,2013.0,Cn1c(=O)cc(N2CCC[C@@H](N)C2)n(Cc2ccccc2C#N)c1=O,ZSBOMTDTBDDKMP-OAHLLOKOSA-N,A10BH04,Launched,dipeptidyl peptidase inhibitor,diabetes mellitus,False,339.4,0.39,97.1,1.0,5.0,3.0,0.0,C18H21N5O2,8.0,True,
CHEMBL1446,KANAMYCIN SULFATE,4.0,1973.0,NC[C@H]1O[C@H](O[C@H]2[C@H](O)[C@@H](O[C@H]3O[C@H](CO)[C@@H](O)[C@H](N)[C@H]3O)[C@H](N)C[C@@H]2N)[C@H](O)[C@@H](O)[C@@H]1O.O=S(=O)(O)O,OOYGSFOGFJDDHP-KMCOLRRFSA-N,,,,,False,484.5,-7.29,282.6,11.0,15.0,6.0,0.0,C18H36N4O11,,False,F3_druglikeness
CHEMBL1447,LINCOMYCIN,4.0,1964.0,CCC[C@@H]1C[C@@H](C(=O)N[C@@H]([C@H]2O[C@H](SC)[C@H](O)[C@@H](O)[C@H]2O)[C@@H](C)O)N(C)C1,OJMMVQQUTAEWLP-KIDUDLJLSA-N,J01FF02,Launched,bacterial 30S ribosomal subunit inhibitor,enteritis,False,406.5,-0.86,122.5,5.0,8.0,7.0,0.0,C18H34N2O6S,22.0,True,
CHEMBL227875,PRETOMANID,4.0,2019.0,O=[N+]([O-])c1cn2c(n1)OC[C@@H](OCc1ccc(OC(F)(F)F)cc1)C2,ZLHZLMOSPGACSZ-NSHDSACASA-N,J04AK08,Launched,nitric oxide donor,,False,359.3,2.67,88.7,0.0,6.0,5.0,0.0,C14H12F3N3O5,12.0,True,
CHEMBL1448,NICLOSAMIDE,4.0,1982.0,O=C(Nc1ccc([N+](=O)[O-])cc1Cl)c1cc(Cl)ccc1O,RJMUSRYZPJIFPJ-UHFFFAOYSA-N,P02DA01,Launched,DNA replication inhibitor|STAT inhibitor,tapeworm,False,327.1,3.86,92.5,2.0,4.0,3.0,0.0,C13H8Cl2N2O4,8.0,True,
CHEMBL1449,TICARCILLIN,4.0,1976.0,CC1(C)S[C@@H]2[C@H](NC(=O)[C@H](C(=O)O)c3ccsc3)C(=O)N2[C@H]1C(=O)O,OHKOGUYZJXTSFX-KZFFXBSXSA-N,J01CA13,Launched,lactamase inhibitor,gram-negative bacterial infections,False,384.4,0.55,124.0,3.0,6.0,5.0,0.0,C15H16N2O6S2,14.0,True,
CHEMBL1450,ATOVAQUONE,4.0,1992.0,O=C1C(O)=C([C@H]2CC[C@H](c3ccc(Cl)cc3)CC2)C(=O)c2ccccc21,KUCQYCKVKVOKAY-CTYIDZIISA-N,P01AX06,Launched,mitochondrial electron transport inhibitor,pneumonia,False,366.8,5.51,54.4,1.0,3.0,2.0,0.0,C22H19ClO3,6.0,True,
CHEMBL229128,MEPHENESIN,4.0,,Cc1ccccc1OCC(O)CO,JWDYCNIAQWPBHD-UHFFFAOYSA-N,M03BX06,Launched,muscle relaxant,muscle relaxant,False,182.2,0.73,49.7,2.0,3.0,4.0,0.0,C10H14O3,12.0,True,
CHEMBL189,MILRINONE,4.0,1987.0,Cc1[nH]c(=O)c(C#N)cc1-c1ccncc1,PZRHRDRVRGEVNW-UHFFFAOYSA-N,C01CE02,Launched,phosphodiesterase inhibitor,congestive heart failure,False,211.2,1.62,69.5,1.0,3.0,1.0,0.0,C12H9N3O,2.0,True,
CHEMBL1451,TRIAMCINOLONE,4.0,1957.0,C[C@]12C=CC(=O)C=C1CC[C@H]1[C@@H]3C[C@@H](O)[C@](O)(C(=O)CO)[C@@]3(C)C[C@H](O)[C@@]12F,GFNANZIMVAIWHM-OBYCQNJPSA-N,H02AB08;R03BA06;R01AD11;D07XB02;S01BA05;C05AA12;D07AB09;A01AC01,Launched,glucocorticoid receptor agonist,corticosteroid-responsive dermatoses,False,394.4,0.62,115.1,4.0,6.0,2.0,0.0,C21H27FO6,12.0,True,
CHEMBL230158,SELADELPAR,4.0,2024.0,CCO[C@H](COc1ccc(C(F)(F)F)cc1)CSc1ccc(OCC(=O)O)c(C)c1,JWHYSEDOYMYMNM-QGZVFWFLSA-N,A05AX07,Phase 3,PPAR receptor agonist,,False,444.5,5.05,65.0,1.0,5.0,11.0,0.0,C21H23F3O5S,26.0,True,
CHEMBL1454,LEVAMISOLE,4.0,1990.0,c1ccc([C@H]2CN3CCSC3=N2)cc1,HLFSDGLLUJUHTE-SNVBAGLBSA-N,P02CE01,Withdrawn,acetylcholine receptor agonist,,False,204.3,2.15,15.6,0.0,3.0,1.0,0.0,C11H12N2S,2.0,True,
CHEMBL1455,ALTRETAMINE,4.0,1990.0,CN(C)c1nc(N(C)C)nc(N(C)C)n1,UUVWYPNAQBNQJQ-UHFFFAOYSA-N,L01XX03,Launched,DNA synthesis inhibitor,ovarian cancer,False,210.3,0.07,48.4,0.0,6.0,3.0,0.0,C9H18N6,6.0,True,
CHEMBL1456,MYCOPHENOLATE MOFETIL,4.0,1995.0,COc1c(C)c2c(c(O)c1C/C=C(\C)CCC(=O)OCCN1CCOCC1)C(=O)OC2,RTGDFNSFWBGLEC-SYZQJQIISA-N,,,,,False,433.5,2.52,94.5,1.0,8.0,9.0,0.0,C23H31NO7,22.0,True,
CHEMBL1457,HYDROCODONE,4.0,1943.0,COc1ccc2c3c1O[C@H]1C(=O)CC[C@H]4[C@@H](C2)N(C)CC[C@]314,LLPOLZWFYMWNKH-CMKMFDCUSA-N,R05DA03,,,,False,299.4,1.93,38.8,0.0,4.0,1.0,0.0,C18H21NO3,2.0,True,
CHEMBL396778,SAFINAMIDE,4.0,2015.0,C[C@H](NCc1ccc(OCc2cccc(F)c2)cc1)C(N)=O,NEMGRZFTLSKBAP-LBPRGKRZSA-N,N04BD03,Launched,dopamine reuptake inhibitor|glutamate inhibitor|monoamine oxidase inhibitor,Parkinson's Disease,False,302.3,2.37,64.3,2.0,3.0,7.0,0.0,C17H19FN2O2,14.0,True,
CHEMBL231068,FLIBANSERIN,4.0,2015.0,O=c1[nH]c2ccccc2n1CCN1CCN(c2cccc(C(F)(F)F)c2)CC1,PPRRDFIXUUSXRA-UHFFFAOYSA-N,G02CX02,Launched,serotonin receptor agonist,hypoactive sexual desire disorder,False,390.4,3.17,44.3,1.0,3.0,4.0,0.0,C20H21F3N4O,10.0,True,
CHEMBL243712,AMISULPRIDE,4.0,1986.0,CCN1CCCC1CNC(=O)c1cc(S(=O)(=O)CC)c(N)cc1OC,NTJOBXMMWNYJFB-UHFFFAOYSA-N,N05AL05,Launched,dopamine receptor antagonist,psychosis|bipolar disorder|schizophrenia,False,369.5,1.29,101.7,2.0,6.0,7.0,0.0,C17H27N3O4S,16.0,True,
CHEMBL395091,ESKETAMINE,4.0,2019.0,CN[C@]1(c2ccccc2Cl)CCCCC1=O,YQEZLKZALYSWHR-ZDUSSCGKSA-N,N06AX27;N01AX14,,,,True,237.7,2.9,29.1,1.0,2.0,2.0,0.0,C13H16ClNO,4.0,True,
CHEMBL1460,DIDANOSINE,4.0,1991.0,O=c1[nH]cnc2c1ncn2[C@H]1CC[C@@H](CO)O1,BXZVVICBKDXVGW-NKWVEPMBSA-N,J05AF02,Launched,nucleoside reverse transcriptase inhibitor,human immunodeficiency virus (HIV-1),False,236.2,-0.21,93.0,2.0,5.0,2.0,0.0,C10H12N4O3,6.0,True,
CHEMBL231884,DIOSMIN,4.0,,COc1ccc(-c2cc(=O)c3c(O)cc(O[C@@H]4O[C@H](CO[C@@H]5O[C@@H](C)[C@H](O)[C@@H](O)[C@H]5O)[C@@H](O)[C@H](O)[C@H]4O)cc3o2)cc1O,GZSOSUNBTXMUFQ-YFAPSIMESA-N,C05CA53;C05CA03,Launched,aryl hydrocarbon receptor agonist|capillary stabilizing agent,chronic venous insufficiency (CVI)|edema|deep vein thrombosis (DVT)|statis dermatitis|heavy leg syndrome,False,608.5,-1.09,238.2,8.0,15.0,7.0,0.0,C28H32O15,30.0,True,
CHEMBL1463,FLUCYTOSINE,4.0,1971.0,Nc1nc(=O)[nH]cc1F,XRECTZIEBJDKEO-UHFFFAOYSA-N,J02AX01;D01AE21,Launched,other antifungal,bacterial septicemia|endocarditis|urinary tract infections|meningitis,False,129.1,-0.51,71.8,2.0,3.0,0.0,0.0,C4H4FN3O,0.0,True,
CHEMBL1464,WARFARIN,4.0,1954.0,CC(=O)CC(c1ccccc1)c1c(O)c2ccccc2oc1=O,PJVWKTKQMONHTI-UHFFFAOYSA-N,B01AA03,Launched,vitamin K antagonist,deep vein thrombosis (DVT)|pulmonary embolism (PE)|atrial fibrillation (AF)|myocardial infarction,False,308.3,3.61,67.5,1.0,4.0,4.0,0.0,C19H16O4,10.0,True,
CHEMBL397420,ACENOCOUMAROL,4.0,,CC(=O)CC(c1ccc([N+](=O)[O-])cc1)c1c(O)c2ccccc2oc1=O,VABCILAOYCMVPS-UHFFFAOYSA-N,B01AA07,Launched,vitamin K antagonist,deep vein thrombosis (DVT),False,353.3,3.52,110.7,1.0,6.0,5.0,0.0,C19H15NO6,12.0,True,
CHEMBL1465,PHENPROCOUMON,4.0,1957.0,CCC(c1ccccc1)c1c(O)c2ccccc2oc1=O,DQDAYGNAKTZFIW-UHFFFAOYSA-N,B01AA04,Launched,vitamin K antagonist,thrombosis|pulmonary embolism (PE),False,280.3,4.04,50.4,1.0,3.0,3.0,0.0,C18H16O3,8.0,True,
CHEMBL1466,DICUMAROL,4.0,1944.0,O=c1oc2ccccc2c(O)c1Cc1c(O)c2ccccc2oc1=O,DOBMPNYZJYQDGZ-UHFFFAOYSA-N,B01AA01,,,,False,336.3,2.9,100.9,2.0,6.0,2.0,0.0,C19H12O6,8.0,True,
CHEMBL233406,SODIUM SULFATE ANHYDROUS,4.0,1984.0,O=S(=O)([O-])[O-].[Na+].[Na+],PMZURENOXWZQFD-UHFFFAOYSA-L,,,,,False,,,,,,,,,,False,F2_mw_96
CHEMBL231813,TELAPREVIR,4.0,2011.0,CCC[C@H](NC(=O)[C@@H]1[C@H]2CCC[C@H]2CN1C(=O)[C@@H](NC(=O)[C@@H](NC(=O)c1cnccn1)C1CCCCC1)C(C)(C)C)C(=O)C(=O)NC1CC1,BBAWEDCPNXPBQM-GDEBMMAJSA-N,J05AP02,Launched,HCV inhibitor,hepatitis C,False,679.9,2.45,179.6,4.0,8.0,13.0,0.0,C36H53N7O6,30.0,True,
CHEMBL1467,ALLOPURINOL,4.0,1966.0,Oc1ncnc2[nH]ncc12,OFCNXPDARWKPPY-UHFFFAOYSA-N,M04AA01;M04AA51,Launched,xanthine oxidase inhibitor,gout|kidney stones,False,136.1,0.06,74.7,2.0,4.0,0.0,0.0,C5H4N4O,2.0,True,
CHEMBL232201,BENZIODARONE,4.0,,CCc1oc2ccccc2c1C(=O)c1cc(I)c(O)c(I)c1,CZCHIEJNWPNBDE-UHFFFAOYSA-N,C01DX04;C01DX54,,,,False,518.1,5.14,50.4,1.0,3.0,3.0,0.0,C17H12I2O3,8.0,True,
CHEMBL395110,MEPAZINE,4.0,,CN1CCCC(CN2c3ccccc3Sc3ccccc32)C1,CBHCDHNUZWWAPP-UHFFFAOYSA-N,,Phase 2,MALT1 inhibitor (JH),,False,310.5,4.63,6.5,0.0,3.0,2.0,0.0,C19H22N2S,4.0,True,
CHEMBL444633,RIFABUTIN,4.0,1992.0,CO[C@H]1/C=C/O[C@@]2(C)Oc3c(C)c(O)c4c(c3C2=O)C2=NC3(CCN(CC(C)C)CC3)NC2=C(NC(=O)/C(C)=C\C=C\[C@H](C)[C@H](O)[C@@H](C)[C@@H](O)[C@@H](C)[C@H](OC(C)=O)[C@@H]1C)C4=O,ATEBXHFBFRCZMA-VXTBVIBXSA-N,J04AB04,Launched,protein synthesis inhibitor,human immunodeficiency virus (HIV-1),False,847.0,4.62,205.5,5.0,14.0,4.0,0.0,C46H62N4O11,42.0,True,
CHEMBL231779,APIXABAN,4.0,2011.0,COc1ccc(-n2nc(C(N)=O)c3c2C(=O)N(c2ccc(N4CCCCC4=O)cc2)CC3)cc1,QNZCBYKSOIHPEH-UHFFFAOYSA-N,B01AF02,Launched,coagulation factor inhibitor,stroke|systemic embolism|pulmonary embolism (PE)|atrial fibrillation (AF)|deep vein thrombosis (DVT),False,459.5,2.7,110.8,1.0,5.0,5.0,0.0,C25H25N5O4,10.0,True,
CHEMBL1469,PHENYLBUTANOIC ACID,4.0,1996.0,O=C(O)CCCc1ccccc1,OBKXEAXTFZPCHS-UHFFFAOYSA-N,,,,,False,164.2,2.09,37.3,1.0,1.0,4.0,0.0,C10H12O2,10.0,True,
CHEMBL437765,RIFAMYCIN,4.0,2018.0,CO[C@H]1/C=C/O[C@@]2(C)Oc3c(C)c(O)c4c(O)c(cc(O)c4c3C2=O)NC(=O)/C(C)=C\C=C\[C@H](C)[C@H](O)[C@@H](C)[C@@H](O)[C@@H](C)[C@H](OC(C)=O)[C@@H]1C,HJYYPODYNSCCOU-ODRIEIDWSA-N,S02AA12;A07AA13;J04AB03;D06AX15;S01AA16,Launched,DNA directed RNA polymerase inhibitor,tuberculosis|leprosy,False,697.8,4.75,201.3,6.0,12.0,2.0,0.0,C37H47NO12,42.0,True,
CHEMBL235668,TIPIRACIL,4.0,2015.0,N=C1CCCN1Cc1[nH]c(=O)[nH]c(=O)c1Cl,QQHMKNYGKVVGCZ-UHFFFAOYSA-N,,Launched,thymidine phosphorylase inhibitor,colorectal cancer,False,242.7,0.29,92.8,3.0,3.0,2.0,0.0,C9H11ClN4O2,4.0,True,
CHEMBL1471,APREPITANT,4.0,2003.0,C[C@@H](O[C@H]1OCCN(Cc2n[nH]c(=O)[nH]2)[C@H]1c1ccc(F)cc1)c1cc(C(F)(F)F)cc(C(F)(F)F)c1,ATALOFNDEOCMKK-OITMNORJSA-N,A04AD12,Launched,tachykinin antagonist,nausea|vomiting,False,534.4,4.95,83.2,2.0,5.0,6.0,0.0,C23H21F7N4O3,16.0,True,
CHEMBL237500,LINAGLIPTIN,4.0,2011.0,CC#CCn1c(N2CCC[C@@H](N)C2)nc2c1c(=O)n(Cc1nc(C)c3ccccc3n1)c(=O)n2C,LTXREWYXXSTFRX-QGZVFWFLSA-N,A10BH05,Launched,dipeptidyl peptidase inhibitor,diabetes mellitus,False,472.6,1.15,116.9,1.0,7.0,4.0,0.0,C25H28N8O2,12.0,True,
CHEMBL1473,FLUTICASONE PROPIONATE,4.0,1990.0,CCC(=O)O[C@]1(C(=O)SCF)[C@H](C)C[C@H]2[C@@H]3C[C@H](F)C4=CC(=O)C=C[C@]4(C)[C@@]3(F)[C@@H](O)C[C@@]21C,WMWTYOKRWGGJOA-CENSZEJFSA-N,D07AC17;R01AD08;R03BA05;R01AD58,,,,False,500.6,4.43,80.7,1.0,6.0,4.0,0.0,C25H31F3O5S,14.0,True,
CHEMBL238071,VINDESINE,4.0,,CC[C@]1(O)C[C@@H]2CN(CCc3c([nH]c4ccccc34)[C@@](C(=O)OC)(c3cc4c(cc3OC)N(C)[C@H]3[C@@](O)(C(N)=O)[C@H](O)[C@]5(CC)C=CCN6CC[C@]43[C@@H]65)C2)C1,HHJUWIANJFBDHT-ZVTSDNJWSA-N,L01CA03,Launched,tubulin polymerization inhibitor,breast cancer|non-small cell lung cancer (NSCLC)|melanoma,False,753.9,2.73,164.8,5.0,10.0,6.0,0.0,C43H55N5O7,30.0,True,
CHEMBL1475,TRIOXSALEN,4.0,1964.0,Cc1cc2cc3c(C)cc(=O)oc3c(C)c2o1,FMHHVULEAZTJMA-UHFFFAOYSA-N,D05AD01;D05BA01,Launched,DNA synthesis inhibitor,vitiligo|eczema,False,228.2,3.46,43.4,0.0,3.0,0.0,0.0,C14H12O3,0.0,True,
CHEMBL1477,CERIVASTATIN,4.0,1997.0,COCc1c(C(C)C)nc(C(C)C)c(/C=C/[C@@H](O)C[C@@H](O)CC(=O)O)c1-c1ccc(F)cc1,SEERZIQQUAZTOL-ANMDKAQQSA-N,C10AA06,,,,False,459.6,4.88,99.9,3.0,5.0,11.0,0.0,C26H34FNO5,28.0,True,
CHEMBL240597,CHENODIOL,4.0,1983.0,C[C@H](CCC(=O)O)[C@H]1CC[C@H]2[C@@H]3[C@H](O)C[C@@H]4C[C@H](O)CC[C@]4(C)[C@H]3CC[C@]12C,RUDATBOHQWOJDD-BSWAIDMHSA-N,A05AA01,,,,False,392.6,4.48,77.8,3.0,3.0,4.0,0.0,C24H40O4,14.0,True,
CHEMBL1479,DANAZOL,4.0,1976.0,C#C[C@]1(O)CC[C@H]2[C@@H]3CCC4=Cc5oncc5C[C@]4(C)[C@H]3CC[C@@]21C,POZRVZJJTULAOH-LHZXLZLDSA-N,G03XA01,Launched,estrogen receptor antagonist|progesterone receptor agonist,endometriosis|angioedema,False,337.5,4.22,46.3,1.0,3.0,0.0,0.0,C22H27NO2,2.0,True,
CHEMBL1480,FELODIPINE,4.0,1991.0,CCOC(=O)C1=C(C)NC(C)=C(C(=O)OC)C1c1cccc(Cl)c1Cl,RZTAMFZIAATZDJ-UHFFFAOYSA-N,C08CA02,Launched,calcium channel blocker,hypertension,False,384.3,3.96,64.6,1.0,5.0,4.0,0.0,C18H19Cl2NO4,12.0,True,
CHEMBL1481,GLIMEPIRIDE,4.0,1995.0,CCC1=C(C)CN(C(=O)NCCc2ccc(S(=O)(=O)NC(=O)N[C@H]3CC[C@H](C)CC3)cc2)C1=O,WIGIZIANZCJQQY-RUCARUNLSA-N,A10BB12,Launched,insulin secretagogue,diabetes mellitus,False,490.6,3.07,124.7,3.0,5.0,7.0,0.0,C24H34N4O5S,16.0,True,
CHEMBL238804,SELEXIPAG,4.0,2015.0,CC(C)N(CCCCOCC(=O)NS(C)(=O)=O)c1cnc(-c2ccccc2)c(-c2ccccc2)n1,QXWZQTURMXZVHJ-UHFFFAOYSA-N,B01AC27,Launched,IP1 prostacyclin receptor agonist|platelet aggregation inhibitor,pulmonary arterial hypertension (PAH),False,496.6,3.9,101.5,1.0,7.0,12.0,0.0,C26H32N4O4S,24.0,True,
CHEMBL1482,BETHANECHOL,4.0,1948.0,CC(C[N+](C)(C)C)OC(N)=O,NZUPCNDJBJXXRF-UHFFFAOYSA-O,N07AB02,Launched,acetylcholine receptor agonist,urinary retention,False,161.2,0.18,52.3,1.0,2.0,3.0,1.0,C7H17N2O2+,8.0,True,
CHEMBL1483,ALBENDAZOLE,4.0,1996.0,CCCSc1ccc2[nH]c(NC(=O)OC)nc2c1,HXHWSAZORRCQMX-UHFFFAOYSA-N,P02CA03,Launched,tubulin polymerization inhibitor,cystic hydatid disease|parenchymal neurocysticercosis,False,265.3,3.24,67.0,2.0,4.0,4.0,0.0,C12H15N3O2S,10.0,True,
CHEMBL393220,ATORVASTATIN CALCIUM,4.0,1996.0,CC(C)c1c(C(=O)Nc2ccccc2)c(-c2ccccc2)c(-c2ccc(F)cc2)n1CC[C@@H](O)C[C@@H](O)CC(=O)[O-].CC(C)c1c(C(=O)Nc2ccccc2)c(-c2ccccc2)c(-c2ccc(F)cc2)n1CC[C@@H](O)C[C@@H](O)CC(=O)[O-].[Ca+2],FQCKMBLVYCEXJB-MNSAWQCASA-L,,,,,False,557.6,4.98,114.6,3.0,5.0,12.0,-1.0,C33H34FN2O5-,28.0,True,
CHEMBL1484,NICARDIPINE,4.0,1988.0,COC(=O)C1=C(C)NC(C)=C(C(=O)OCCN(C)Cc2ccccc2)C1c1cccc([N+](=O)[O-])c1,ZBBHBTPTTSWHBA-UHFFFAOYSA-N,C08CA04,Launched,calcium channel blocker,chronic stable angina|hypertension,False,479.5,3.68,111.0,1.0,8.0,9.0,0.0,C26H29N3O6,22.0,True,
CHEMBL245807,OXYPHENISATINE,4.0,,O=C1Nc2ccccc2C1(c1ccc(O)cc1)c1ccc(O)cc1,SJDACOMXKWHBOW-UHFFFAOYSA-N,A06AB01,,,,False,317.3,3.38,69.6,3.0,3.0,2.0,0.0,C20H15NO3,8.0,True,
CHEMBL191,LOSARTAN,4.0,1995.0,CCCCc1nc(Cl)c(CO)n1Cc1ccc(-c2ccccc2-c2nnn[nH]2)cc1,PSIFNNKUMBGKDQ-UHFFFAOYSA-N,C09CA01,Launched,angiotensin receptor antagonist,hypertension|diabetic nephropathy|hypertension,False,422.9,4.27,92.5,2.0,5.0,8.0,0.0,C22H23ClN6O,18.0,True,
CHEMBL192,SILDENAFIL,4.0,1998.0,CCCc1nn(C)c2c(=O)[nH]c(-c3cc(S(=O)(=O)N4CCN(C)CC4)ccc3OCC)nc12,BNRNXUUZRGQAQC-UHFFFAOYSA-N,G04BE03,Launched,phosphodiesterase inhibitor,erectile dysfunction,False,474.6,1.61,113.4,1.0,7.0,7.0,0.0,C22H30N6O4S,14.0,True,
CHEMBL247951,PEMAFIBRATE,4.0,2017.0,CC[C@@H](Oc1cccc(CN(CCCOc2ccc(OC)cc2)c2nc3ccccc3o2)c1)C(=O)O,ZHKNLJLMDFQVHJ-RUZDIDTESA-N,C10AB12,Phase 3,PPAR receptor agonist,,False,490.6,5.55,94.3,1.0,7.0,13.0,0.0,C28H30N2O6,28.0,True,
CHEMBL398435,TICAGRELOR,4.0,2010.0,CCCSc1nc(N[C@@H]2C[C@H]2c2ccc(F)c(F)c2)c2nnn([C@@H]3C[C@H](OCCO)[C@@H](O)[C@H]3O)c2n1,OEKWJQXRCDYSHL-FNOIDJSQSA-N,B01AC24,Launched,purinergic receptor antagonist,acute coronary syndrome (ACS)|myocardial infarction,False,522.6,2.01,138.4,4.0,10.0,10.0,0.0,C23H28F2N6O4S,26.0,True,
CHEMBL1486,TENOFOVIR DISOPROXIL FUMARATE,4.0,2001.0,CC(C)OC(=O)OCOP(=O)(CO[C@H](C)Cn1cnc2c(N)ncnc21)OCOC(=O)OC(C)C.O=C(O)/C=C/C(=O)O,VCMJCVGFSROFHV-WZGZYPNHSA-N,,,,,False,519.4,3.04,185.4,1.0,14.0,13.0,0.0,C19H30N5O10P,36.0,True,
CHEMBL1487,ATORVASTATIN,4.0,1996.0,CC(C)c1c(C(=O)Nc2ccccc2)c(-c2ccccc2)c(-c2ccc(F)cc2)n1CC[C@@H](O)C[C@@H](O)CC(=O)O,XUKUURHRXDUEBC-KAYWLYCHSA-N,C10AA05,Launched,HMGCR inhibitor,stroke|heart attack,False,558.7,6.31,111.8,4.0,4.0,12.0,0.0,C33H35FN2O5,30.0,True,
CHEMBL1488,URACIL MUSTARD,4.0,1962.0,Oc1ncc(N(CCCl)CCCl)c(O)n1,IDPUKCWIGUEADI-UHFFFAOYSA-N,L01AD08,,,,False,252.1,1.17,69.5,2.0,5.0,5.0,0.0,C8H11Cl2N3O2,14.0,True,
CHEMBL1489,AZACITIDINE,4.0,2004.0,Nc1ncn([C@@H]2O[C@H](CO)[C@@H](O)[C@H]2O)c(=O)n1,NMUSYJAQQFHJEW-KVTDHHQDSA-N,L01BC07,Launched,DNA methyltransferase inhibitor,myelodysplastic diseases (MDS)|anemia|chronic myelomonocytic leukemia (CMMoL),False,244.2,-3.17,143.7,4.0,8.0,2.0,0.0,C8H12N4O5,10.0,True,
CHEMBL251940,PERICIAZINE,4.0,,N#Cc1ccc2c(c1)N(CCCN1CCC(O)CC1)c1ccccc1S2,LUALIOATIOESLM-UHFFFAOYSA-N,N05AC01,,,,False,365.5,4.01,50.5,1.0,5.0,4.0,0.0,C21H23N3OS,10.0,True,
CHEMBL1490,TRIHEXYPHENIDYL,4.0,1949.0,OC(CCN1CCCCC1)(c1ccccc1)C1CCCCC1,HWHLPVGTWGOCJO-UHFFFAOYSA-N,N04AA01,Launched,acetylcholine receptor antagonist,parkinsonism,False,301.5,4.33,23.5,1.0,2.0,5.0,0.0,C20H31NO,12.0,True,
CHEMBL1491,AMLODIPINE,4.0,1992.0,CCOC(=O)C1=C(COCCN)NC(C)=C(C(=O)OC)C1c1ccccc1Cl,HTIQEAQVCYTUBX-UHFFFAOYSA-N,C08CA01,Launched,calcium channel blocker,hypertension|chronic stable angina|vasospastic angina|coronary artery disease (CAD),False,408.9,2.27,99.9,2.0,7.0,8.0,0.0,C20H25ClN2O5,22.0,True,
CHEMBL400599,BENFLUOREX,4.0,1974.0,CC(Cc1cccc(C(F)(F)F)c1)NCCOC(=O)c1ccccc1,CJAVTWRYCDNHSM-UHFFFAOYSA-N,A10BX06,Withdrawn,gluconeogenesis inhibitor,,False,351.4,4.08,38.3,1.0,3.0,7.0,0.0,C19H20F3NO2,18.0,True,
CHEMBL253376,BROMHEXINE,4.0,,CN(Cc1cc(Br)cc(Br)c1N)C1CCCCC1,OJGDCBLYJGHCIH-UHFFFAOYSA-N,R05CB02,Launched,mucolytic agent,chest congestion,False,376.1,4.56,29.3,1.0,2.0,3.0,0.0,C14H20Br2N2,8.0,True,
CHEMBL254857,FIPEXIDE,4.0,,O=C(COc1ccc(Cl)cc1)N1CCN(Cc2ccc3c(c2)OCO3)CC1,BFUJHVVEMMWLHC-UHFFFAOYSA-N,N06BX05,Withdrawn,psychoactive drug,,False,388.9,2.79,51.2,0.0,5.0,5.0,0.0,C20H21ClN2O4,10.0,True,
CHEMBL1492,DIPHENYLPYRALINE,4.0,1982.0,CN1CCC(OC(c2ccccc2)c2ccccc2)CC1,OWQUZNMMYNAXSL-UHFFFAOYSA-N,R06AA07;R06AA57,Launched,dopamine reuptake inhibitor,allergic rhinitis,False,281.4,3.89,12.5,0.0,2.0,4.0,0.0,C19H23NO,8.0,True,
CHEMBL1493,FLAVOXATE,4.0,1970.0,Cc1c(-c2ccccc2)oc2c(C(=O)OCCN3CCCCC3)cccc2c1=O,SPIUTQOUKAMGCX-UHFFFAOYSA-N,G04BD02,Launched,acetylcholine receptor antagonist,urinary incontinence|interstitial cystitis (IC)|urethritis|prostatitis,False,391.5,4.41,59.8,0.0,5.0,5.0,0.0,C24H25NO4,12.0,True,
CHEMBL255044,FLUPIRTINE,4.0,,CCOC(=O)Nc1ccc(NCc2ccc(F)cc2)nc1N,JUUFBMODXQKSTD-UHFFFAOYSA-N,N02BG07,Launched,glutamate receptor antagonist,pain relief,True,304.3,2.98,89.3,3.0,5.0,5.0,0.0,C15H17FN4O2,14.0,True,
CHEMBL1495,OXYPHENCYCLIMINE,4.0,1982.0,CN1CCCN=C1COC(=O)C(O)(c1ccccc1)C1CCCCC1,DUDKAZCAISNGQN-UHFFFAOYSA-N,A03AA01,Launched,cholinergic receptor antagonist,peptic ulcer disease (PUD),False,344.5,2.73,62.1,1.0,5.0,5.0,0.0,C20H28N2O3,14.0,True,
CHEMBL404849,SULOCTIDIL,4.0,1979.0,CCCCCCCCNC(C)C(O)c1ccc(SC(C)C)cc1,BFCDFTHTSVTWOG-UHFFFAOYSA-N,C04AX19,Withdrawn,adrenergic receptor antagonist,,False,337.6,5.56,32.3,2.0,3.0,12.0,0.0,C20H35NOS,26.0,True,
CHEMBL252556,IDEBENONE,4.0,2015.0,COC1=C(OC)C(=O)C(CCCCCCCCCCO)=C(C)C1=O,JGPMMRGNQUBGND-UHFFFAOYSA-N,N06BX13,Launched,calcium channel modulator,Alzheimer's disease|Friedreich's ataxia|Leber hereditary optic neuropathy (LHON),False,338.4,3.46,72.8,1.0,5.0,12.0,0.0,C19H30O5,26.0,True,
CHEMBL1496,ROSUVASTATIN,4.0,2003.0,CC(C)c1nc(N(C)S(C)(=O)=O)nc(-c2ccc(F)cc2)c1/C=C/[C@@H](O)C[C@@H](O)CC(=O)O,BPRHUIZQVSMCRT-VEUZHWNKSA-N,C10AA07,Launched,HMGCR inhibitor,hyperlipidemia|dyslipidemia|hypertriglyceridemia|hypercholesterolemia|atherosclerosis,False,481.5,2.4,140.9,3.0,7.0,10.0,0.0,C22H28FN3O6S,26.0,True,
CHEMBL1497,BETAMETHASONE VALERATE,4.0,1967.0,CCCCC(=O)O[C@]1(C(=O)CO)[C@@H](C)C[C@H]2[C@@H]3CCC4=CC(=O)C=C[C@]4(C)[C@@]3(F)[C@@H](O)C[C@@]21C,SNHRLVCMMWUAJD-SUYDQAKGSA-N,,,,,False,476.6,3.64,100.9,2.0,6.0,6.0,0.0,C27H37FO6,18.0,True,
CHEMBL254219,DIGITOXIN,4.0,1982.0,C[C@H]1O[C@@H](O[C@H]2[C@@H](O)C[C@H](O[C@H]3[C@@H](O)C[C@H](O[C@H]4CC[C@@]5(C)[C@H](CC[C@@H]6[C@@H]5CC[C@]5(C)[C@@H](C7=CC(=O)OC7)CC[C@]65O)C4)O[C@@H]3C)O[C@@H]2C)C[C@H](O)[C@@H]1O,WDJUZGPOPHTGOT-XUDUSOBPSA-N,C01AA04,Launched,ATPase inhibitor,congestive heart failure|cardiac arrythmia,False,765.0,3.25,182.8,5.0,13.0,7.0,0.0,C41H64O13,24.0,True,
CHEMBL1501,FLUOCINONIDE,4.0,1971.0,CC(=O)OCC(=O)[C@@]12OC(C)(C)O[C@@H]1C[C@H]1[C@@H]3C[C@H](F)C4=CC(=O)C=C[C@]4(C)[C@@]3(F)[C@@H](O)C[C@@]12C,WJOHZNCJWYWUJD-IUGZLZTKSA-N,C05AA11;D07AC08,Launched,glucocorticoid receptor agonist,seborrheic dermatitis|eczema,False,494.5,2.94,99.1,1.0,7.0,3.0,0.0,C26H32F2O7,10.0,True,
CHEMBL398707,HYDROMORPHONE,4.0,1984.0,CN1CC[C@]23c4c5ccc(O)c4O[C@H]2C(=O)CC[C@H]3[C@H]1C5,WVLOADHCBXTIJK-YNHQPCIGSA-N,N02AA03,,,,True,285.3,1.63,49.8,1.0,4.0,0.0,0.0,C17H19NO3,2.0,True,
CHEMBL193,NIFEDIPINE,4.0,1981.0,COC(=O)C1=C(C)NC(C)=C(C(=O)OC)C1c1ccccc1[N+](=O)[O-],HYIMSNHJOBLJNT-UHFFFAOYSA-N,C08CA05;C08CA55,Launched,calcium channel blocker,vasospastic angina|chronic stable angina,False,346.3,2.18,107.8,1.0,7.0,4.0,0.0,C17H18N2O6,12.0,True,
CHEMBL1502,PANTOPRAZOLE,4.0,2000.0,COc1ccnc(C[S+]([O-])c2nc3cc(OC(F)F)ccc3[nH]2)c1OC,IQPSEEYGBUAQFF-UHFFFAOYSA-N,A02BC02,Launched,ATPase inhibitor,gastroesophageal reflux disease (GERD)|erosive esophagitis (EE)|Zollinger-Ellison syndrome,False,383.4,2.88,92.3,1.0,6.0,7.0,0.0,C16H15F2N3O4S,14.0,True,
CHEMBL1503,OMEPRAZOLE,4.0,1989.0,COc1ccc2[nH]c([S+]([O-])Cc3ncc(C)c(OC)c3C)nc2c1,SUBDBMMJDZJVOS-UHFFFAOYSA-N,A02BC01,Launched,ATPase inhibitor,heartburn,False,345.4,2.9,83.1,1.0,5.0,5.0,0.0,C17H19N3O3S,10.0,True,
CHEMBL1504,TRIAMCINOLONE ACETONIDE,4.0,1960.0,CC1(C)O[C@@H]2C[C@H]3[C@@H]4CCC5=CC(=O)C=C[C@]5(C)[C@@]4(F)[C@@H](O)C[C@]3(C)[C@]2(C(=O)CO)O1,YNDXUCZADRHECN-JNQJZLCISA-N,,,,,False,434.5,2.42,93.1,2.0,6.0,2.0,0.0,C24H31FO6,8.0,True,
CHEMBL1505,ALMOTRIPTAN,4.0,2001.0,CN(C)CCc1c[nH]c2ccc(CS(=O)(=O)N3CCCC3)cc12,WKEMJKQOLOHJLZ-UHFFFAOYSA-N,N02CC05,Launched,serotonin receptor agonist,migraine headache,False,335.5,2.2,56.4,1.0,3.0,6.0,0.0,C17H25N3O2S,12.0,True,
CHEMBL1508,ESCITALOPRAM,4.0,2002.0,CN(C)CCC[C@@]1(c2ccc(F)cc2)OCc2cc(C#N)ccc21,WSEQXVZVJXJVFP-FQEVSTJZSA-N,N06AB10,Launched,selective serotonin reuptake inhibitor (SSRI),depression|generalized anxiety disorder (GAD),False,324.4,3.81,36.3,0.0,3.0,5.0,0.0,C20H21FN2O,10.0,True,
CHEMBL1509,DROSPIRENONE,4.0,2001.0,C[C@]12CCC(=O)C=C1[C@@H]1C[C@@H]1[C@H]1[C@@H]3[C@@H]4C[C@@H]4[C@@]4(CCC(=O)O4)[C@@]3(C)CC[C@@H]12,METQSPRSQINEEU-HXCATZOESA-N,G03AC10,Launched,mineralocorticoid receptor antagonist,contraceptive,False,366.5,4.31,43.4,0.0,3.0,0.0,0.0,C24H30O3,0.0,True,
CHEMBL1510,ELETRIPTAN,4.0,2002.0,CN1CCC[C@@H]1Cc1c[nH]c2ccc(CCS(=O)(=O)c3ccccc3)cc12,PWVXXGRKLHYWKM-LJQANCHMSA-N,N02CC06,Launched,serotonin receptor agonist,migraine headache,False,382.5,3.82,53.2,1.0,3.0,6.0,0.0,C22H26N2O2S,12.0,True,
CHEMBL1511,ESTRADIOL VALERATE,4.0,1982.0,CCCCC(=O)O[C@H]1CC[C@H]2[C@@H]3CCc4cc(O)ccc4[C@H]3CC[C@]12C,RSEPBGGWRJCQGY-RBRWEJTLSA-N,,,,,False,356.5,5.35,46.5,1.0,3.0,4.0,0.0,C23H32O3,12.0,True,
CHEMBL1512,FLUNISOLIDE,4.0,1981.0,CC1(C)O[C@@H]2C[C@H]3[C@@H]4C[C@H](F)C5=CC(=O)C=C[C@]5(C)[C@H]4[C@@H](O)C[C@]3(C)[C@]2(C(=O)CO)O1,XSFJVAJPIHIPKU-XWCQMRHXSA-N,R01AD04;R03BA03,Launched,cytochrome P450 inhibitor,allergic rhinitis,False,434.5,2.27,93.1,2.0,6.0,2.0,0.0,C24H31FO6,8.0,True,
CHEMBL251634,FLUOCORTOLONE,4.0,,C[C@@H]1C[C@H]2[C@@H]3C[C@H](F)C4=CC(=O)C=C[C@]4(C)[C@H]3[C@@H](O)C[C@]2(C)[C@H]1C(=O)CO,GAKMQHDJQHZUTJ-ULHLPKEOSA-N,D07AC05;H02AB03;C05AA08;D07XC05,,,,False,376.5,2.64,74.6,2.0,4.0,2.0,0.0,C22H29FO4,8.0,True,
CHEMBL1513,IRBESARTAN,4.0,1997.0,CCCCC1=NC2(CCCC2)C(=O)N1Cc1ccc(-c2ccccc2-c2nnn[nH]2)cc1,YOSHYTLCDANDAN-UHFFFAOYSA-N,C09CA04,Launched,angiotensin receptor antagonist,hypertension|diabetic nephropathy,False,428.5,4.78,87.1,1.0,5.0,7.0,0.0,C25H28N6O,14.0,True,
CHEMBL1514,LEVOMETHADYL ACETATE,4.0,1993.0,CC[C@H](OC(C)=O)C(C[C@H](C)N(C)C)(c1ccccc1)c1ccccc1,XBMIVRRWGCYBTQ-AVRDEDQJSA-N,N07BC03,,,,False,353.5,4.65,29.5,0.0,3.0,8.0,0.0,C23H31NO2,18.0,True,
CHEMBL249837,METHACYCLINE,4.0,1982.0,C=C1c2cccc(O)c2C(=O)C2=C(O)[C@]3(O)C(=O)C(C(N)=O)=C(O)[C@@H](N(C)C)[C@@H]3[C@@H](O)[C@H]12,MHIGBKBJSQVXNH-IWVLMIASSA-N,J01AA05,Preclinical,protein synthesis inhibitor,bronchitis,False,442.4,-0.44,181.6,6.0,9.0,2.0,0.0,C22H22N2O8,14.0,True,
CHEMBL1515,METHIMAZOLE,4.0,1950.0,Cn1ccnc1S,PMRYVIKBURPHAH-UHFFFAOYSA-N,H03BB52;H03BB02,Launched,antithyroid agent,hyperthyroidism,False,114.2,0.71,17.8,1.0,2.0,0.0,0.0,C4H6N2S,2.0,True,
CHEMBL1517,OXYTETRACYCLINE,4.0,1964.0,CN(C)[C@@H]1C(O)=C(C(N)=O)C(=O)[C@@]2(O)C(O)=C3C(=O)c4c(O)cccc4[C@@](C)(O)[C@H]3[C@H](O)[C@@H]12,IWVCMVBTMGNXQD-PXOLEDIWSA-N,J01AA06;D06AA03;A01AB25;S01AA04;G01AA07;J01AA56,Launched,bacterial 30S ribosomal subunit inhibitor,chlamydia|urinary tract infections|skin infections|ear infections|gonorrhea|urethritis|Lyme disease,False,460.4,-1.24,201.8,7.0,10.0,2.0,0.0,C22H24N2O9,16.0,True,
CHEMBL1518,PROPYLTHIOURACIL,4.0,1947.0,CCCc1cc(=O)[nH]c(=S)[nH]1,KNAHARQHSZJURB-UHFFFAOYSA-N,H03BA02,Launched,thyroid peroxidase inhibitor,hyperthyroidism|Grave's disease|goiter,False,170.2,1.38,48.6,2.0,2.0,2.0,0.0,C7H10N2OS,4.0,True,
CHEMBL1519,TRANDOLAPRIL,4.0,1996.0,CCOC(=O)[C@H](CCc1ccccc1)N[C@@H](C)C(=O)N1[C@H](C(=O)O)C[C@H]2CCCC[C@@H]21,VXFJYXUZANRPDJ-WTNASJBWSA-N,C09AA10,Launched,angiotensin converting enzyme inhibitor,hypertension|myocardial infarction,False,430.5,2.77,95.9,2.0,5.0,9.0,0.0,C24H34N2O5,24.0,True,
CHEMBL1520,VARDENAFIL,4.0,2003.0,CCCc1nc(C)c2c(=O)nc(-c3cc(S(=O)(=O)N4CCN(CC)CC4)ccc3OCC)[nH]n12,SECKRCOLJRRGGV-UHFFFAOYSA-N,G04BE09,Launched,phosphodiesterase inhibitor,erectile dysfunction,False,488.6,2.07,112.9,1.0,7.0,8.0,0.0,C23H32N6O4S,16.0,True,
CHEMBL1521,ZALEPLON,4.0,1999.0,CCN(C(C)=O)c1cccc(-c2ccnc3c(C#N)cnn23)c1,HUNXMJYCHXQEGX-UHFFFAOYSA-N,N05CF03,,,,False,305.3,2.64,74.3,0.0,4.0,3.0,0.0,C17H15N5O,8.0,True,
CHEMBL1522,ESZOPICLONE,4.0,2004.0,CN1CCN(C(=O)O[C@H]2c3nccnc3C(=O)N2c2ccc(Cl)cn2)CC1,GBBSUAFBMRNDJC-INIZCTEOSA-N,N05CF04,,,,False,388.8,1.57,91.8,0.0,7.0,2.0,0.0,C17H17ClN6O3,6.0,True,
CHEMBL248702,DEXFENFLURAMINE,4.0,,CCN[C@@H](C)Cc1cccc(C(F)(F)F)c1,DBGIVFWFUFKIQN-VIFPVBQESA-N,A08AA04,,,,False,231.3,3.25,12.0,1.0,1.0,4.0,0.0,C12H16F3N,10.0,True,
CHEMBL249856,ENOXIMONE,4.0,,CSc1ccc(C(=O)c2[nH]c(=O)[nH]c2C)cc1,ZJKNESGOIKRXQY-UHFFFAOYSA-N,C01CE03,Launched,phosphodiesterase inhibitor,congestive heart failure,False,248.3,1.96,65.7,2.0,3.0,3.0,0.0,C12H12N2O2S,6.0,True,
CHEMBL1525,PERMETHRIN,4.0,1986.0,CC1(C)C(C=C(Cl)Cl)C1C(=O)OCc1cccc(Oc2ccccc2)c1,RLLPVAHGXHCWKJ-UHFFFAOYSA-N,P03AC04;P03AC54,Launched,,lice,False,391.3,6.11,35.5,0.0,3.0,6.0,0.0,C21H20Cl2O3,14.0,True,
CHEMBL254328,ABIRATERONE,4.0,,C[C@]12CC[C@H](O)CC1=CC[C@@H]1[C@@H]2CC[C@]2(C)C(c3cccnc3)=CC[C@@H]12,GZOSMCIZMLWJML-VJLLXTKPSA-N,L02BX03,Launched,androgen biosynthesis inhibitor,prostate cancer,False,349.5,5.4,33.1,1.0,2.0,1.0,0.0,C24H31NO,4.0,True,
CHEMBL254316,RALTEGRAVIR,4.0,2007.0,Cc1nnc(C(=O)NC(C)(C)c2nc(C(=O)NCc3ccc(F)cc3)c(O)c(=O)n2C)o1,CZFFBEXEKNGXKS-UHFFFAOYSA-N,J05AJ01,Launched,HIV integrase inhibitor,human immunodeficiency virus (HIV-1),False,444.4,0.91,152.2,3.0,8.0,6.0,0.0,C20H21FN6O5,14.0,True,
CHEMBL254468,FLUCICLOVINE F18,4.0,2016.0,N[C@]1(C(=O)O)C[C@@H]([18F])C1,NTEDWGYJNHZKQW-DGMDOPGDSA-N,V09IX12,,,,False,132.1,-0.1,63.3,2.0,2.0,1.0,0.0,C5H8FNO2,6.0,True,
CHEMBL404108,LUMIRACOXIB,4.0,2005.0,Cc1ccc(Nc2c(F)cccc2Cl)c(CC(=O)O)c1,KHPKQFYUPIUARC-UHFFFAOYSA-N,M01AH06,Withdrawn,cyclooxygenase inhibitor,,False,293.7,4.16,49.3,2.0,2.0,4.0,0.0,C15H13ClFNO2,10.0,True,
CHEMBL256087,MENTHOL,4.0,2008.0,CC1CCC(C(C)C)C(O)C1,NOOLISFMXDJSKH-UHFFFAOYSA-N,,,,,False,156.3,2.44,20.2,1.0,1.0,1.0,0.0,C10H20O,4.0,True,
CHEMBL1528,SODIUM FLUORIDE,4.0,1972.0,[F-].[Na+],PUZPDOWCWNUUKD-UHFFFAOYSA-M,A01AA51;A12CD01;A01AA01,,,,False,,,,,,,,,,False,F2_metal
CHEMBL1529,DIPHENIDOL HYDROCHLORIDE,4.0,1967.0,Cl.OC(CCCN1CCCCC1)(c1ccccc1)c1ccccc1,AVZIYZHXZAYGJS-UHFFFAOYSA-N,,,,,False,309.5,4.19,23.5,1.0,2.0,6.0,0.0,C21H27NO,14.0,True,
CHEMBL256997,ATALUREN,4.0,2014.0,O=C(O)c1cccc(-c2noc(-c3ccccc3F)n2)c1,OOUGLTULBSNHNF-UHFFFAOYSA-N,M09AX03,Launched,CFTR channel agonist|dystrophin stimulant,duchenne muscular dystrophy (DMD)|cystic fibrosis,False,284.2,3.24,76.2,1.0,4.0,3.0,0.0,C15H9FN2O3,8.0,True,
CHEMBL256105,MONENSIN,4.0,,CC[C@@]1([C@@H]2O[C@@H]([C@H]3O[C@@](O)(CO)[C@H](C)C[C@@H]3C)C[C@@H]2C)CC[C@H]([C@]2(C)CC[C@]3(C[C@H](O)[C@@H](C)[C@@H]([C@@H](C)[C@@H](OC)[C@H](C)C(=O)O)O3)O2)O1,GAOZTHIDHYLHMS-KEOBGNEYSA-N,,Launched,bacterial permeability inducer,gastrointestinal parasites,False,670.9,4.27,153.4,4.0,10.0,10.0,0.0,C36H62O11,28.0,True,
CHEMBL255863,NILOTINIB,4.0,2007.0,Cc1cn(-c2cc(NC(=O)c3ccc(C)c(Nc4nccc(-c5cccnc5)n4)c3)cc(C(F)(F)F)c2)cn1,HHZIURLSWUIHRB-UHFFFAOYSA-N,L01EA03,Launched,Abl kinase inhibitor|Bcr-Abl kinase inhibitor,chronic myeloid leukemia (CML),False,529.5,6.36,97.6,2.0,6.0,6.0,0.0,C28H22F3N7O,14.0,True,
CHEMBL259209,MILNACIPRAN,4.0,2009.0,CCN(CC)C(=O)C1(c2ccccc2)CC1CN,GJJFMKBJSRMPLA-UHFFFAOYSA-N,N06AX17,Launched,serotonin–norepinephrine reuptake inhibitor (SNRI),fibromyalgia,True,246.4,1.77,46.3,1.0,2.0,5.0,0.0,C15H22N2O,12.0,True,
CHEMBL259571,TAPINAROF,4.0,2022.0,CC(C)c1c(O)cc(/C=C/c2ccccc2)cc1O,ZISJNXNHJRQYJO-CMDGGOBGSA-N,D05AX07,Phase 3,aryl hydrocarbon receptor agonist,,False,254.3,4.39,40.5,2.0,2.0,3.0,0.0,C17H18O2,10.0,True,
CHEMBL1531,ETONOGESTREL,4.0,2001.0,C#C[C@]1(O)CC[C@H]2[C@@H]3CCC4=CC(=O)CC[C@@H]4[C@H]3C(=C)C[C@@]21CC,GCKFUYQCUCGESZ-BPIQYHPVSA-N,G03AC08,Launched,progesterone receptor agonist,contraceptive,False,324.5,4.05,37.3,1.0,2.0,1.0,0.0,C22H28O2,4.0,True,
CHEMBL1532,QUINETHAZONE,4.0,1963.0,CCC1NC(=O)c2cc(S(N)(=O)=O)c(Cl)cc2N1,AGMMTXLNIQSRCG-UHFFFAOYSA-N,C03BA02,Launched,thiazide diuretic,hypertension,False,289.7,0.88,101.3,3.0,4.0,2.0,0.0,C10H12ClN3O3S,6.0,True,
CHEMBL1533,DESOGESTREL,4.0,1992.0,C#C[C@]1(O)CC[C@H]2[C@@H]3CCC4=CCCC[C@@H]4[C@H]3C(=C)C[C@@]21CC,RPLCPCMSCLEKRS-BPIQYHPVSA-N,G03AC09,Launched,progesterone receptor agonist,contraceptive,False,310.5,4.87,20.2,1.0,1.0,1.0,0.0,C22H30O,4.0,True,
CHEMBL1534,RIBOFLAVIN,4.0,1993.0,Cc1cc2nc3c(=O)[nH]c(=O)nc-3n(C[C@H](O)[C@H](O)[C@H](O)CO)c2cc1C,AUNGANRZJHBGPY-SCRDCRAPSA-N,A11HA04;S01XA26,Launched,vitamin B,jaundice,False,376.4,-1.72,161.6,5.0,8.0,5.0,0.0,C17H20N4O6,18.0,True,
CHEMBL258918,MESTEROLONE,4.0,,C[C@H]1CC(=O)C[C@@H]2CC[C@H]3[C@@H]4CC[C@H](O)[C@@]4(C)CC[C@@H]3[C@]21C,UXYRZJKIQKRJCF-TZPFWLJSSA-N,G03BB01,,,,False,304.5,4.21,37.3,1.0,2.0,0.0,0.0,C20H32O2,2.0,True,
CHEMBL259972,MOFEZOLAC,4.0,1994.0,COc1ccc(-c2noc(CC(=O)O)c2-c2ccc(OC)cc2)cc1,DJEIHHYCDCTAAH-UHFFFAOYSA-N,,Launched,cyclooxygenase inhibitor,rheumatoid arthritis|osteoporosis,False,339.3,3.65,81.8,1.0,5.0,6.0,0.0,C19H17NO5,14.0,True,
CHEMBL1535,HYDROXYCHLOROQUINE,4.0,1955.0,CCN(CCO)CCCC(C)Nc1ccnc2cc(Cl)ccc12,XXSMGPRMXLTPCZ-UHFFFAOYSA-N,P01BA02,Launched,antimalarial agent,malaria,False,335.9,3.78,48.4,2.0,4.0,9.0,0.0,C18H26ClN3O,20.0,True,
CHEMBL1536,ERGOCALCIFEROL,4.0,1941.0,C=C1CC[C@H](O)C/C1=C/C=C1\CCC[C@]2(C)[C@@H]([C@H](C)/C=C/[C@H](C)C(C)C)CC[C@@H]12,MECHNRXZTMCUDQ-RKHKHRCZSA-N,A11CC01,Launched,vitamin analog,hypoparathyroidism|rickets|hypophosphatemia,False,396.7,7.64,20.2,1.0,1.0,5.0,0.0,C28H44O,12.0,True,
CHEMBL261772,MECLOCYCLINE SULFOSALICYLATE,4.0,1982.0,C=C1c2c(Cl)ccc(O)c2C(=O)C2=C(O)[C@]3(O)C(=O)C(C(N)=O)=C(O)[C@@H](N(C)C)[C@@H]3[C@@H](O)[C@H]12.O=C(O)c1cc(S(=O)(=O)O)ccc1O,FYSVKUUNXYGFLA-CCHMMTNSSA-N,,,,,False,476.9,0.22,181.6,6.0,9.0,2.0,0.0,C22H21ClN2O8,14.0,True,
CHEMBL1537,AZLOCILLIN,4.0,1982.0,CC1(C)S[C@@H]2[C@H](NC(=O)[C@H](NC(=O)N3CCNC3=O)c3ccccc3)C(=O)N2[C@H]1C(=O)O,JTWOMNBEOCYFNV-NFFDBFGFSA-N,J01CA09,Launched,bacterial cell wall synthesis inhibitor,gram-positive bacterial infections|gram-negative bacterial infections,False,461.5,0.09,148.1,4.0,6.0,5.0,0.0,C20H23N5O6S,14.0,True,
CHEMBL1538,TENOFOVIR DISOPROXIL,4.0,2001.0,CC(C)OC(=O)OCOP(=O)(CO[C@H](C)Cn1cnc2c(N)ncnc21)OCOC(=O)OC(C)C,JFVZFKDSXNQEJW-CQSZACIVSA-N,J05AF07,,,,False,519.4,3.04,185.4,1.0,14.0,13.0,0.0,C19H30N5O10P,36.0,True,
CHEMBL1539,SULFADOXINE,4.0,1981.0,COc1ncnc(NS(=O)(=O)c2ccc(N)cc2)c1OC,PJSFRIWCGOHTNF-UHFFFAOYSA-N,,Launched,dihydropteroate synthase inhibitor,malaria,False,310.3,0.88,116.4,2.0,7.0,5.0,0.0,C12H14N4O4S,12.0,True,
CHEMBL1540,PENCICLOVIR,4.0,1996.0,Nc1nc(O)c2ncn(CCC(CO)CO)c2n1,JNTOCHDNEULJHD-UHFFFAOYSA-N,J05AB13;D06BB06,Launched,DNA directed DNA polymerase inhibitor,cold sore,False,253.3,-0.9,130.3,4.0,7.0,5.0,0.0,C10H15N5O3,18.0,True,
CHEMBL1541,CEFIXIME,4.0,1989.0,C=CC1=C(C(=O)O)N2C(=O)[C@@H](NC(=O)/C(=N\OCC(=O)O)c3csc(N)n3)[C@H]2SC1,OKBVVJOGVLARMR-QSWIMTSFSA-N,J01DD08,Launched,bacterial cell wall synthesis inhibitor,urinary tract infections|otitis|pharyngitis|tonsillitis|gonorrhea|bronchitis,False,453.5,-0.54,184.5,4.0,10.0,8.0,0.0,C16H15N5O7S2,22.0,True,
CHEMBL1542,AZATHIOPRINE,4.0,1968.0,Cn1cnc([N+](=O)[O-])c1Sc1ncnc2[nH]cnc12,LMEKQMALGUDUQG-UHFFFAOYSA-N,L04AX01,Launched,dehydrogenase inhibitor,renal homotransplantation|rheumatoid arthritis,False,277.3,1.15,115.4,1.0,7.0,3.0,0.0,C9H7N7O2S,6.0,True,
CHEMBL260538,ULIPRISTAL ACETATE,4.0,2009.0,CC(=O)O[C@]1(C(C)=O)CC[C@H]2[C@@H]3CCC4=CC(=O)CCC4=C3[C@@H](c3ccc(N(C)C)cc3)C[C@@]21C,OOLLAFOLCSJHRE-ZHAKMVSLSA-N,,,,,False,475.6,5.54,63.7,0.0,5.0,4.0,0.0,C30H37NO4,10.0,True,
CHEMBL405110,METHYLENE BLUE ANHYDROUS,4.0,2011.0,CN(C)c1ccc2nc3ccc(N(C)C)cc3[s+]c2c1.[Cl-],CXKWCBBOMKCUKX-UHFFFAOYSA-M,V04CG05;V03AB17,,,,False,284.4,3.86,19.4,0.0,3.0,2.0,1.0,C16H18N3S+,4.0,True,
CHEMBL1544,LIOTHYRONINE,4.0,1956.0,N[C@@H](Cc1cc(I)c(Oc2ccc(O)c(I)c2)c(I)c1)C(=O)O,AUYYCJSJGJYCDS-LBPRGKRZSA-N,,Launched,thyroid hormone stimulant,hypothyroidism|myxedema coma,False,651.0,3.95,92.8,3.0,4.0,5.0,0.0,C15H12I3NO4,16.0,True,
CHEMBL408513,BELINOSTAT,4.0,2014.0,O=C(/C=C/c1cccc(S(=O)(=O)Nc2ccccc2)c1)NO,NCNRHFGMJRPRSK-MDZDMXLPSA-N,L01XH04,Launched,HDAC inhibitor,peripheral T-cell lymphoma (PTCL),False,318.4,2.01,95.5,3.0,4.0,5.0,0.0,C15H14N2O4S,12.0,True,
CHEMBL270190,ALVIMOPAN,4.0,2008.0,C[C@H]1CN(C[C@H](Cc2ccccc2)C(=O)NCC(=O)O)CC[C@@]1(C)c1cccc(O)c1,UPNUIXSCZBYVBB-JVFUWBCBSA-N,A06AH02,Launched,opioid receptor antagonist,postoperative ileus,False,424.5,3.05,89.9,3.0,4.0,8.0,0.0,C25H32N2O4,20.0,True,
CHEMBL1546,HYDROXYAMPHETAMINE,4.0,1969.0,CC(N)Cc1ccc(O)cc1,GIKNHHRFLCDOEU-UHFFFAOYSA-N,,Launched,trace amine associated receptor agonist,mydriasis,False,151.2,1.28,46.2,2.0,2.0,2.0,0.0,C9H13NO,8.0,True,
CHEMBL1547,THIAMINE ION,4.0,1982.0,Cc1ncc(C[n+]2csc(CCO)c2C)c(N)n1,JZRWCGZRTZMZEH-UHFFFAOYSA-N,,,,,False,265.4,0.61,75.9,2.0,5.0,4.0,1.0,C12H17N4OS+,12.0,True,
CHEMBL256907,MARAVIROC,4.0,2007.0,Cc1nnc(C(C)C)n1[C@H]1C[C@H]2CC[C@@H](C1)N2CC[C@H](NC(=O)C1CCC(F)(F)CC1)c1ccccc1,GSNHKUDZZFZSJB-QUMGSSFMSA-N,J05AX09,Launched,CC chemokine receptor antagonist,human immunodeficiency virus (HIV-1),False,513.7,5.95,63.1,1.0,4.0,8.0,0.0,C29H41F2N5O,16.0,True,
CHEMBL271227,ABIRATERONE ACETATE,4.0,2011.0,CC(=O)O[C@H]1CC[C@@]2(C)C(=CC[C@@H]3[C@@H]2CC[C@]2(C)C(c4cccnc4)=CC[C@@H]32)C1,UVIQSJCZCSLXRZ-UBUQANBQSA-N,,,,,False,391.6,5.97,39.2,0.0,3.0,2.0,0.0,C26H33NO2,6.0,True,
CHEMBL404520,CHLORTETRACYCLINE,4.0,1950.0,CN(C)[C@@H]1C(O)=C(C(N)=O)C(=O)[C@@]2(O)C(O)=C3C(=O)c4c(O)ccc(Cl)c4[C@@](C)(O)[C@H]3C[C@@H]12,CYDMQBQPVICBEU-XRNKAMNCSA-N,D06AA02;J01AA03;S01AA02;A01AB21,Launched,protein synthesis inhibitor,conjunctivitis,False,478.9,0.44,181.6,6.0,9.0,2.0,0.0,C22H23ClN2O8,14.0,True,
CHEMBL267495,NALFURAFINE,4.0,2009.0,CN(C(=O)/C=C/c1ccoc1)[C@@H]1CC[C@@]2(O)[C@H]3Cc4ccc(O)c5c4[C@@]2(CCN3CC2CC2)[C@H]1O5,XGZZHZMWIXFATA-UEZBDDGYSA-N,V03AX02,Launched,opioid receptor agonist,uremic pruritus,False,476.6,3.09,86.4,2.0,6.0,5.0,0.0,C28H32N2O5,16.0,True,
CHEMBL1549,HYDROCORTISONE CYPIONATE,4.0,1955.0,C[C@]12CCC(=O)C=C1CC[C@@H]1[C@@H]2[C@@H](O)C[C@@]2(C)[C@H]1CC[C@]2(O)C(=O)COC(=O)CCC1CCCC1,DLVOSEUFIRPIRM-KAQKJVHQSA-N,,,,,False,486.6,4.3,100.9,2.0,6.0,6.0,0.0,C29H42O6,18.0,True,
CHEMBL1550,PHYTONADIONE,4.0,1982.0,CC1=C(C/C=C(\C)CCC[C@H](C)CCC[C@H](C)CCCC(C)C)C(=O)c2ccccc2C1=O,MBWXNTAXLNYFJB-NKFFZRIASA-N,B02BA01,Launched,,vitamin K deficiency|anticoagulation reversal,False,450.7,9.16,34.1,0.0,2.0,14.0,0.0,C31H46O2,28.0,True,
CHEMBL429910,DAPAGLIFLOZIN,4.0,2012.0,CCOc1ccc(Cc2cc([C@@H]3O[C@H](CO)[C@@H](O)[C@H](O)[C@H]3O)ccc2Cl)cc1,JVHXJTBJCFBINQ-ADAARDCZSA-N,A10BK01,Launched,sodium/glucose cotransporter inhibitor,diabetes mellitus,False,408.9,1.84,99.4,4.0,6.0,6.0,0.0,C21H25ClO6,20.0,True,
CHEMBL1551,URSODIOL,4.0,1987.0,C[C@H](CCC(=O)O)[C@H]1CC[C@H]2[C@@H]3[C@@H](O)C[C@@H]4C[C@H](O)CC[C@]4(C)[C@H]3CC[C@]12C,RUDATBOHQWOJDD-UZVSRGJWSA-N,A05AA02,Launched,nuclear factor erythroid derived|like (NRF2) activator,gallstones,False,392.6,4.48,77.8,3.0,3.0,4.0,0.0,C24H40O4,14.0,True,
CHEMBL406393,DEOXYCHOLIC ACID,4.0,2015.0,C[C@H](CCC(=O)O)[C@H]1CC[C@H]2[C@@H]3CC[C@@H]4C[C@H](O)CC[C@]4(C)[C@H]3C[C@H](O)[C@]12C,KXGVEGMKQFWNSR-LLQZFEROSA-N,D11AX24,,,,False,392.6,4.48,77.8,3.0,3.0,4.0,0.0,C24H40O4,14.0,True,
CHEMBL272427,TAURURSODIOL,4.0,2022.0,C[C@H](CCC(=O)NCCS(=O)(=O)O)[C@H]1CC[C@H]2[C@@H]3[C@@H](O)C[C@@H]4C[C@H](O)CC[C@]4(C)[C@H]3CC[C@]12C,BHTRKEVKTKCXOH-LBSADWJPSA-N,A05AA05,,,,False,499.7,3.4,123.9,4.0,5.0,7.0,0.0,C26H45NO6S,20.0,True,
CHEMBL1555,GALANTAMINE HYDROBROMIDE,4.0,2001.0,Br.COc1ccc2c3c1O[C@H]1C[C@@H](O)C=C[C@@]31CCN(C)C2,QORVDGQLPPAFRS-XPSHAMGMSA-N,,,,,False,287.4,1.85,41.9,1.0,4.0,1.0,0.0,C17H21NO3,12.0,True,
CHEMBL196,ASCORBIC ACID,4.0,1985.0,O=C1O[C@H]([C@@H](O)CO)C(O)=C1O,CIWBSHSKHKDKBQ-JLAZNSOCSA-N,G01AD03;A11GA01;S01XA15,,,,False,176.1,-1.41,107.2,4.0,6.0,2.0,0.0,C6H8O6,12.0,True,
CHEMBL1557,DOPAMINE HYDROCHLORIDE,4.0,1974.0,Cl.NCCc1ccc(O)c(O)c1,CTENFNNZBMHDDG-UHFFFAOYSA-N,,,,,False,153.2,0.6,66.5,3.0,3.0,2.0,0.0,C8H11NO2,10.0,True,
CHEMBL1558,PRAZOSIN HYDROCHLORIDE,4.0,1976.0,COc1cc2nc(N3CCN(C(=O)c4ccco4)CC3)nc(N)c2cc1OC.Cl,WFXFYZULCQKPIP-UHFFFAOYSA-N,,,,,False,383.4,1.78,107.0,1.0,8.0,4.0,0.0,C19H21N5O4,10.0,True,
CHEMBL1559,MICONAZOLE NITRATE,4.0,1974.0,Clc1ccc(COC(Cn2ccnc2)c2ccc(Cl)cc2Cl)c(Cl)c1.O=[N+]([O-])O,MCCACAIVAXEFAL-UHFFFAOYSA-N,,,,,False,416.1,6.45,27.1,0.0,2.0,6.0,0.0,C18H14Cl4N2O,12.0,True,
CHEMBL1560,CAPTOPRIL,4.0,1981.0,C[C@H](CS)C(=O)N1CCC[C@H]1C(=O)O,FAKRSMQSSFJEIM-RQJHMYQMSA-N,C09AA01,Launched,angiotensin converting enzyme inhibitor,hypertension|congestive heart failure|myocardial infarction|diabetes mellitus|diabetic nephropathy,False,217.3,0.63,57.6,2.0,3.0,3.0,0.0,C9H15NO3S,12.0,True,
CHEMBL517712,ATROPINE,4.0,1960.0,CN1[C@@H]2CC[C@H]1C[C@@H](OC(=O)C(CO)c1ccccc1)C2,RKUNBYITZUJHSG-SPUOUPEWSA-N,A03BA01;S01FA01,Launched,acetylcholine receptor antagonist,cycloplegia|mydriasis|amblyopia,False,289.4,1.93,49.8,1.0,4.0,4.0,0.0,C17H23NO3,12.0,True,
CHEMBL1561,MIGLITOL,4.0,1996.0,OCCN1C[C@H](O)[C@@H](O)[C@H](O)[C@H]1CO,IBAQFPQHRJAVAV-ULAWRXDQSA-N,A10BF02,Launched,glucosidase inhibitor,diabetes mellitus,False,207.2,-3.26,104.4,5.0,6.0,3.0,0.0,C8H17NO5,16.0,True,
CHEMBL1563,DAUNORUBICIN HYDROCHLORIDE,4.0,1979.0,COc1cccc2c1C(=O)c1c(O)c3c(c(O)c1C2=O)C[C@@](O)(C(C)=O)C[C@@H]3O[C@H]1C[C@H](N)[C@H](O)[C@H](C)O1.Cl,GUGHGUXZJWAIAS-QQYBVWGSSA-N,,,,,False,527.5,1.03,185.8,5.0,11.0,4.0,0.0,C27H29NO10,18.0,True,
CHEMBL511142,BUPRENORPHINE,4.0,1981.0,CO[C@@]12CC[C@@]3(C[C@@H]1[C@](C)(O)C(C)(C)C)[C@H]1Cc4ccc(O)c5c4[C@@]3(CCN1CC1CC1)[C@H]2O5,RMRJXGBAOAMLHD-CTAPUXPBSA-N,N07BC01;N07BC51;N02AE01,,,,True,467.7,4.41,62.2,2.0,5.0,4.0,0.0,C29H41NO4,,False,F4_embed_fail
CHEMBL1564,DIPHENYLPYRALINE HYDROCHLORIDE,4.0,1982.0,CN1CCC(OC(c2ccccc2)c2ccccc2)CC1.Cl,LPRLDRXGWKXRMQ-UHFFFAOYSA-N,,,,,False,281.4,3.89,12.5,0.0,2.0,4.0,0.0,C19H23NO,8.0,True,
CHEMBL529437,COCAINE HYDROCHLORIDE,4.0,2017.0,COC(=O)[C@H]1[C@@H](OC(=O)c2ccccc2)C[C@@H]2CC[C@H]1N2C.Cl,PIQVDUKEQYOJNR-VZXSFKIWSA-N,,,,,False,303.4,1.87,55.8,0.0,5.0,3.0,0.0,C17H21NO4,10.0,True,
CHEMBL471737,IVABRADINE,4.0,2005.0,COc1cc2c(cc1OC)CC(=O)N(CCCN(C)C[C@H]1Cc3cc(OC)c(OC)cc31)CC2,ACRHBAYQBXXRTO-OAQYLSRUSA-N,C01EB17,Launched,HCN channel blocker|potassium channel blocker|sodium channel blocker,angina pectoris,False,468.6,3.31,60.5,0.0,6.0,10.0,0.0,C27H36N2O5,30.0,True,
CHEMBL1567,SUNITINIB MALATE,4.0,2006.0,CCN(CC)CCNC(=O)c1c(C)[nH]c(/C=C2\C(=O)Nc3ccc(F)cc32)c1C.O=C(O)C[C@H](O)C(=O)O,LBWFXVZLPYTWQI-IPOVEDGCSA-N,,,,,False,398.5,3.33,77.2,3.0,3.0,7.0,0.0,C22H27FN4O2,14.0,True,
CHEMBL501849,SIMEPREVIR,4.0,2013.0,COc1ccc2c(O[C@@H]3C[C@H]4C(=O)N[C@]5(C(=O)NS(=O)(=O)C6CC6)C[C@H]5/C=C\CCCCN(C)C(=O)[C@@H]4C3)cc(-c3nc(C(C)C)cs3)nc2c1C,JTZZSQYMACOLNN-VDWJNHBNSA-N,J05AP05,Launched,HCV inhibitor,hepatitis C,False,750.0,5.25,156.9,2.0,10.0,8.0,0.0,C38H47N5O7S2,34.0,True,
CHEMBL455186,TREOSULFAN,4.0,2019.0,CS(=O)(=O)OC[C@H](O)[C@@H](O)COS(C)(=O)=O,YCPOZVAOBBQLRI-WDSKDSINSA-N,L01AB02,Launched,DNA synthesis inhibitor,ovarian cancer,False,278.3,-2.34,127.2,2.0,8.0,7.0,0.0,C6H14O8S2,18.0,True,
CHEMBL462547,URETHANE,4.0,,CCOC(N)=O,JOYRKODLDBILNP-UHFFFAOYSA-N,,Preclinical,local anesthetic,,False,,,,,,,,,,False,F2_mw_89
CHEMBL1569,AMANTADINE HYDROCHLORIDE,4.0,1968.0,Cl.NC12CC3CC(CC(C3)C1)C2,WOLHOYHSEKDWQH-UHFFFAOYSA-N,,,,,False,151.3,1.91,26.0,1.0,1.0,0.0,0.0,C10H17N,2.0,True,
CHEMBL529888,GLIBORNURIDE,4.0,,Cc1ccc(S(=O)(=O)NC(=O)N[C@H]2[C@H]3CC[C@@](C)([C@H]2O)C3(C)C)cc1,RMTYNAPTNBJHQI-LLDVTBCESA-N,A10BB04,,,,False,366.5,2.17,95.5,3.0,4.0,3.0,0.0,C18H26N2O4S,8.0,True,
CHEMBL1570,SULFOXONE,4.0,1982.0,O=S(O)CNc1ccc(S(=O)(=O)c2ccc(NCS(=O)O)cc2)cc1,NEDPPCHNEOMTJV-UHFFFAOYSA-N,,,,,False,404.5,1.7,132.8,4.0,6.0,8.0,0.0,C14H16N2O6S3,20.0,True,
CHEMBL452231,TENIPOSIDE,4.0,1992.0,COc1cc([C@@H]2c3cc4c(cc3[C@@H](O[C@@H]3O[C@@H]5CO[C@@H](c6cccs6)O[C@H]5[C@H](O)[C@H]3O)[C@H]3COC(=O)[C@H]23)OCO4)cc(OC)c1O,NRUKOCRGYNPUPR-QBPJDGROSA-N,L01CB02,Launched,topoisomerase inhibitor,acute lymphoblastic leukemia (ALL),False,656.7,2.75,160.8,3.0,14.0,6.0,0.0,C32H32O13S,18.0,True,
CHEMBL1571,TESTOLACTONE,4.0,1969.0,C[C@]12C=CC(=O)C=C1CC[C@@H]1[C@@H]2CC[C@]2(C)OC(=O)CC[C@@H]12,BPEWUONYVDABNZ-DZBHQSCQSA-N,,,,,False,300.4,3.59,43.4,0.0,3.0,0.0,0.0,C19H24O3,0.0,True,
CHEMBL461522,METAMIZOLE,4.0,,Cc1c(N(C)CS(=O)(=O)O)c(=O)n(-c2ccccc2)n1C,LVWZTYCIRDMTEY-UHFFFAOYSA-N,,Withdrawn,cyclooxygenase inhibitor|opioid receptor agonist,,False,311.4,0.77,84.5,1.0,4.0,4.0,0.0,C13H17N3O4S,10.0,True,
CHEMBL462394,METRIZAMIDE,4.0,1978.0,CC(=O)Nc1c(I)c(C(=O)N[C@H]2C(O)O[C@H](CO)[C@@H](O)[C@@H]2O)c(I)c(N(C)C(C)=O)c1I,BAQCROVBDNBEEB-UBYUBLNFSA-N,V08AB01,Launched,radiopaque medium,contrast agent,False,789.1,-0.03,168.7,6.0,8.0,5.0,0.0,C18H22I3N3O8,20.0,True,
CHEMBL1572,NETILMICIN,4.0,1983.0,CCN[C@@H]1C[C@H](N)[C@@H](O[C@H]2OC(CN)=CC[C@H]2N)[C@H](O)[C@H]1O[C@H]1OC[C@](C)(O)[C@H](NC)[C@H]1O,CIDUJQMULVCIBT-MQDUPKMGSA-N,J01GB07;S01AA23,Launched,protein synthesis inhibitor,gram-negative bacterial infections,False,475.6,-3.2,199.7,8.0,12.0,8.0,0.0,C21H41N5O7,28.0,True,
CHEMBL1574,PHENTERMINE,4.0,1959.0,CC(C)(N)Cc1ccccc1,DHHVAGZRUROJKS-UHFFFAOYSA-N,A08AA01,,,,False,149.2,1.97,26.0,1.0,1.0,2.0,0.0,C10H15N,6.0,True,
CHEMBL1576,ETHINAMATE,4.0,1982.0,C#CC1(OC(N)=O)CCCCC1,GXRZIMHKGDIBEW-UHFFFAOYSA-N,,,,,False,167.2,1.42,52.3,1.0,2.0,1.0,0.0,C9H13NO2,4.0,True,
CHEMBL1577,METHYCLOTHIAZIDE,4.0,1960.0,CN1C(CCl)Nc2cc(Cl)c(S(N)(=O)=O)cc2S1(=O)=O,CESYKOGBSMNBPD-UHFFFAOYSA-N,C03AA08,Launched,chloride reabsorption inhibitor,hypertension|edema,False,360.2,0.6,109.6,2.0,5.0,2.0,0.0,C9H11Cl2N3O4S2,6.0,True,
CHEMBL1578,ANISOTROPINE METHYLBROMIDE,4.0,1962.0,CCCC(CCC)C(=O)O[C@H]1C[C@H]2CC[C@@H](C1)[N+]2(C)C.[Br-],QSFKGMJOKUZAJM-CNKDKAJDSA-M,,,,,False,282.4,3.52,26.3,0.0,2.0,6.0,1.0,C17H32NO2+,14.0,True,
CHEMBL1580,PENTOSTATIN,4.0,1991.0,OC[C@H]1O[C@@H](n2cnc3c2N=CNC[C@H]3O)C[C@@H]1O,FPVKHBSQESCIEP-JQCXWYLXSA-N,L01XX08,Launched,adenosine deaminase inhibitor|ribonucleotide reductase inhibitor,hairy cell leukemia,False,268.3,-1.18,112.1,4.0,7.0,2.0,0.0,C11H16N4O4,16.0,True,
CHEMBL1581,PERINDOPRIL,4.0,1993.0,CCC[C@H](N[C@@H](C)C(=O)N1[C@H](C(=O)O)C[C@@H]2CCCC[C@@H]21)C(=O)OCC,IPVQLZZIHOAWMC-QXKUPLGCSA-N,C09AA04,Launched,angiotensin converting enzyme inhibitor,hypertension|myocardial infarction|coronary artery disease (CAD),False,368.5,1.94,95.9,2.0,5.0,8.0,0.0,C19H32N2O5,22.0,True,
CHEMBL515914,AZARIBINE,4.0,,CC(=O)OC[C@H]1O[C@@H](n2ncc(=O)[nH]c2=O)[C@H](OC(C)=O)[C@@H]1OC(C)=O,QQOBRRFOVWGIMD-OJAKKHQRSA-N,,,,,False,371.3,-1.74,155.9,1.0,10.0,5.0,0.0,C14H17N3O9,16.0,True,
CHEMBL455917,CHLORAL HYDRATE,4.0,,OC(O)C(Cl)(Cl)Cl,RNFNDJAIBTYOQL-UHFFFAOYSA-N,N05CC01,,,,False,165.4,0.67,40.5,2.0,2.0,0.0,0.0,C2H3Cl3O2,6.0,True,
CHEMBL515606,CILAZAPRIL,4.0,,CCOC(=O)[C@H](CCc1ccccc1)N[C@H]1CCCN2CCC[C@@H](C(=O)O)N2C1=O,HHHKFGXWKKUNCY-FHWLQOOXSA-N,C09AA08,Launched,angiotensin converting enzyme inhibitor,hypertension|congestive heart failure,False,417.5,1.6,99.2,2.0,6.0,8.0,0.0,C22H31N3O5,30.0,True,
CHEMBL1583,BACAMPICILLIN,4.0,1980.0,CCOC(=O)OC(C)OC(=O)[C@@H]1N2C(=O)[C@@H](NC(=O)[C@H](N)c3ccccc3)[C@H]2SC1(C)C,PFOLLRNADZZWEX-FFGRCDKISA-N,J01CA06,Launched,bacterial cell wall synthesis inhibitor,gram-positive bacterial infections|gram-negative bacterial infections,False,465.5,1.3,137.3,2.0,9.0,7.0,0.0,C21H27N3O7S,22.0,True,
CHEMBL1584,PIPERACETAZINE,4.0,1969.0,CC(=O)c1ccc2c(c1)N(CCCN1CCC(CCO)CC1)c1ccccc1S2,BTFMCMVEUCGQDX-UHFFFAOYSA-N,,Launched,dopamine receptor antagonist,schizophrenia,False,410.6,4.98,43.8,1.0,5.0,7.0,0.0,C24H30N2O2S,16.0,True,
CHEMBL1585,PIPOBROMAN,4.0,1966.0,O=C(CCBr)N1CCN(C(=O)CCBr)CC1,NJBFOOCLYDNZJN-UHFFFAOYSA-N,L01AX02,Launched,DNA alkylating agent,polycythemia vera|thrombocythemia,False,356.1,1.23,40.6,0.0,2.0,4.0,0.0,C10H16Br2N2O2,8.0,True,
CHEMBL488093,PYRITINOL,4.0,,Cc1ncc(CSSCc2cnc(C)c(O)c2CO)c(CO)c1O,SIXLXDIJGIWWFU-UHFFFAOYSA-N,N06BX02,Launched,,rheumatoid arthritis|senile dementia,False,368.5,2.57,106.7,4.0,8.0,7.0,0.0,C16H20N2O4S2,22.0,True,
CHEMBL1587,POLYTHIAZIDE,4.0,1961.0,CN1C(CSCC(F)(F)F)Nc2cc(Cl)c(S(N)(=O)=O)cc2S1(=O)=O,CYLWJCABXYDINA-UHFFFAOYSA-N,C03AA05,Launched,sodium/chloride cotransporter inhibitor,edema|congestive heart failure|hepatic cirrhosis|nephrotic syndrome|acute glomerulonephritis (AGN)|chronic renal failure|hypertension,False,439.9,1.66,109.6,2.0,6.0,4.0,0.0,C11H13ClF3N3O4S3,12.0,True,
CHEMBL487253,BENDAMUSTINE,4.0,2008.0,Cn1c(CCCC(=O)O)nc2cc(N(CCCl)CCCl)ccc21,YTKUWDBFDASYHO-UHFFFAOYSA-N,L01AA09,Launched,DNA inhibitor,chronic lymphocytic leukemia (CLL)|non-Hodgkin lymphoma (NHL),False,358.3,3.26,58.4,1.0,3.0,9.0,0.0,C16H21Cl2N3O2,20.0,True,
CHEMBL1588,THIAMINE,4.0,1985.0,Cc1ncc(C[n+]2csc(CCO)c2C)c(N)n1.[Cl-],MYVIATVLJGTBFV-UHFFFAOYSA-M,A11DA01,Launched,vitamin B,thiamine deficiency,False,265.4,0.61,75.9,2.0,5.0,4.0,1.0,C12H17N4OS+,12.0,True,
CHEMBL1589,ACETOHEXAMIDE,4.0,1964.0,CC(=O)c1ccc(S(=O)(=O)NC(=O)NC2CCCCC2)cc1,VGZSUPCWNCWDAN-UHFFFAOYSA-N,A10BB31,Launched,ATP channel blocker,diabetes mellitus,False,324.4,2.21,92.3,2.0,4.0,4.0,0.0,C15H20N2O4S,8.0,True,
CHEMBL1590,PSEUDOEPHEDRINE,4.0,1963.0,CN[C@@H](C)[C@@H](O)c1ccccc1,KWGRBVOPPLSCSI-WCBMZHEXSA-N,R01BA52;R01BA02,,,,False,165.2,1.33,32.3,2.0,2.0,3.0,0.0,C10H15NO,8.0,True,
CHEMBL1591,DEMECLOCYCLINE,4.0,1960.0,CN(C)[C@@H]1C(O)=C(C(N)=O)C(=O)[C@@]2(O)C(O)=C3C(=O)c4c(O)ccc(Cl)c4[C@@H](O)[C@H]3C[C@@H]12,FMTDIUIBLCQGJB-SEYHBJAFSA-N,D06AA01;J01AA01,Launched,bacterial 30S ribosomal subunit inhibitor,fever|respiratory tract infections|psittacosis|trachoma|conjunctivitis|urethritis|chancroid|cholera|syphilis|listeria|anthrax|actinomycosis|tularemia|brucellosis,False,464.9,0.26,181.6,6.0,9.0,2.0,0.0,C21H21ClN2O8,14.0,True,
CHEMBL1592,QUINAPRIL,4.0,1991.0,CCOC(=O)[C@H](CCc1ccccc1)N[C@@H](C)C(=O)N1Cc2ccccc2C[C@H]1C(=O)O,JSDRRTOADPPCHY-HSQYWUDLSA-N,C09AA06,Launched,angiotensin converting enzyme inhibitor,hypertension|congestive heart failure|angioedema,False,438.5,2.57,95.9,2.0,5.0,9.0,0.0,C25H30N2O5,24.0,True,
CHEMBL1594,PANTOTHENIC ACID,4.0,1993.0,CC(C)(CO)[C@@H](O)C(=O)NCCC(=O)O,GHOKWGTUZJEAQD-ZETCQYMHSA-N,,,,,False,219.2,-1.04,106.9,4.0,4.0,6.0,0.0,C9H17NO5,18.0,True,
CHEMBL499915,CARBENOXOLONE,4.0,,CC1(C)[C@@H](OC(=O)CCC(=O)O)CC[C@]2(C)[C@H]3C(=O)C=C4[C@@H]5C[C@@](C)(C(=O)O)CC[C@]5(C)CC[C@@]4(C)[C@]3(C)CC[C@@H]12,OBZHEBDUNPOCJG-WBXJDKIVSA-N,A02BX51;A02BX01;A02BX71,Launched,11-beta hydroxysteroid dehydrogenase inhibitor,peptic ulcer disease (PUD)|mouth inflammation,False,570.8,6.83,118.0,2.0,5.0,5.0,0.0,C34H50O7,16.0,True,
CHEMBL1595,DIHYDROCODEINE,4.0,1983.0,COc1ccc2c3c1O[C@H]1[C@@H](O)CC[C@H]4[C@@H](C2)N(C)CC[C@@]341,RBOXVHNMENFORY-DNJOTXNNSA-N,N02AA08;N02AA58,,,,False,301.4,1.73,41.9,1.0,4.0,1.0,0.0,C18H23NO3,4.0,True,
CHEMBL462605,PITOLISANT,4.0,2016.0,Clc1ccc(CCCOCCCN2CCCCC2)cc1,NNACHAUCXXVJSP-UHFFFAOYSA-N,N07XX11,Launched,histamine receptor antagonist,,False,295.9,4.17,12.5,0.0,2.0,8.0,0.0,C17H26ClNO,16.0,True,
CHEMBL1596,CARBENICILLIN INDANYL,4.0,1972.0,CC1(C)S[C@@H]2[C@H](NC(=O)C(C(=O)Oc3ccc4c(c3)CCC4)c3ccccc3)C(=O)N2[C@H]1C(=O)O,JIRBAUWICKGBFE-MNRDOXJOSA-N,J01CA05,,,,False,494.6,2.5,113.0,2.0,6.0,6.0,0.0,C26H26N2O6S,16.0,True,
CHEMBL1597,DIMERCAPROL,4.0,1946.0,OCC(S)CS,WQABCVAJNWAXTE-UHFFFAOYSA-N,V03AB09,Launched,chelating agent,metal toxicity,False,124.2,0.21,20.2,3.0,3.0,2.0,0.0,C3H8OS2,10.0,True,
CHEMBL1599,CEPHAPIRIN,4.0,1974.0,CC(=O)OCC1=C(C(=O)O)N2C(=O)[C@@H](NC(=O)CSc3ccncc3)[C@H]2SC1,UQLLWWBDSUHNEB-CZUORRHYSA-N,J01DB08,Launched,bacterial cell wall synthesis inhibitor,mastitis,False,423.5,0.48,125.9,2.0,8.0,7.0,0.0,C17H17N3O6S2,18.0,True,
CHEMBL1601,CEFONICID,4.0,1984.0,O=C(O)C1=C(CSc2nnnn2CS(=O)(=O)O)CS[C@@H]2[C@H](NC(=O)[C@H](O)c3ccccc3)C(=O)N12,DYAIAHUQIPBDIP-AXAPSJFSSA-N,J01DC06,Launched,bacterial cell wall synthesis inhibitor,gram-positive bacterial infections,False,542.6,-0.92,204.9,4.0,11.0,9.0,0.0,C18H18N6O8S3,24.0,True,
CHEMBL1604,CEPHRADINE,4.0,1974.0,CC1=C(C(=O)O)N2C(=O)[C@@H](NC(=O)[C@H](N)C3=CCC=CC3)[C@H]2SC1,RDLPVSKMFDYCOR-UEKVPHQBSA-N,J01DB09,Launched,bacterial cell wall synthesis inhibitor,skin infections|respiratory tract infections|urinary tract infections,False,349.4,0.35,112.7,3.0,5.0,4.0,0.0,C16H19N3O4S,12.0,True,
CHEMBL1605,CEFTIBUTEN,4.0,1995.0,Nc1nc(/C(=C/CC(=O)O)C(=O)N[C@@H]2C(=O)N3C(C(=O)O)=CCS[C@H]23)cs1,UNJFKXSSGBWRBZ-BJCIPQKHSA-N,J01DD14,Launched,bacterial cell wall synthesis inhibitor,bronchitis|otitis|pharyngitis|tonsillitis,False,410.4,-0.05,162.9,4.0,8.0,6.0,0.0,C15H14N4O6S2,18.0,True,
CHEMBL454950,TETRACYCLINE HYDROCHLORIDE,4.0,1953.0,CN(C)[C@@H]1C(O)=C(C(N)=O)C(=O)[C@@]2(O)C(O)=C3C(=O)c4c(O)cccc4[C@@](C)(O)[C@H]3C[C@@H]12.Cl,XMEVHPAGJVLHIG-FMZCEJRJSA-N,,,,,False,444.4,-0.21,181.6,6.0,9.0,2.0,0.0,C22H24N2O8,14.0,True,
CHEMBL1607,TOPOTECAN HYDROCHLORIDE,4.0,1996.0,CC[C@@]1(O)C(=O)OCc2c1cc1n(c2=O)Cc2cc3c(CN(C)C)c(O)ccc3nc2-1.Cl,DGHHQBMTXTWTJV-BQAIUKQQSA-N,,,,,False,421.5,1.85,104.9,2.0,7.0,3.0,0.0,C23H23N3O5,10.0,True,
CHEMBL461101,ELTROMBOPAG,4.0,2008.0,CC1=NN(c2ccc(C)c(C)c2)C(=O)/C1=N\Nc1cccc(-c2cccc(C(=O)O)c2)c1O,XDXWLKQMMKQXPV-QYQHSDTDSA-N,B02BX05,Launched,thrombopoietin receptor agonist,anemia|hepatitis C|thrombocytopenia,False,442.5,4.56,114.6,3.0,6.0,5.0,0.0,C25H22N4O4,14.0,True,
CHEMBL465026,NEFOPAM,4.0,,CN1CCOC(c2ccccc2)c2ccccc2C1,RGPDEAGGEXEMMM-UHFFFAOYSA-N,N02BG06,Launched,cyclooxygenase inhibitor,pain relief,True,253.3,3.24,12.5,0.0,2.0,1.0,0.0,C17H19NO,14.0,True,
CHEMBL474579,CEFOTETAN,4.0,1985.0,CO[C@@]1(NC(=O)C2SC(=C(C(N)=O)C(=O)O)S2)C(=O)N2C(C(=O)O)=C(CSc3nnnn3C)CS[C@@H]21,SRZNHPXWXCNNDU-IXOPCIAXSA-N,J01DC05,Launched,bacterial cell wall synthesis inhibitor,urinary tract infections|respiratory tract infections|skin infections|gynecologic infections|chlamydia|intra-abdominal infections|bone and joint infections|surgical prophylaxis,False,575.6,-1.4,219.9,4.0,13.0,9.0,0.0,C17H17N7O8S4,22.0,True,
CHEMBL514800,APREMILAST,4.0,2014.0,CCOc1cc([C@@H](CS(C)(=O)=O)N2C(=O)c3cccc(NC(C)=O)c3C2=O)ccc1OC,IMOZEMNVLZVGJZ-QGZVFWFLSA-N,L04AA32,Launched,phosphodiesterase inhibitor,psoriasis|psoriatic arthritis,False,460.5,2.43,119.1,1.0,7.0,8.0,0.0,C22H24N2O7S,16.0,True,
CHEMBL1611,PHENYTOIN SODIUM,4.0,1956.0,O=C1N=C([O-])NC1(c1ccccc1)c1ccccc1.[Na+],FJPYVLNWWICYDW-UHFFFAOYSA-M,,,,,True,251.3,0.78,64.5,1.0,3.0,2.0,-1.0,C15H11N2O2-,4.0,True,
CHEMBL512351,BETRIXABAN,4.0,2017.0,COc1ccc(NC(=O)c2ccc(C(=N)N(C)C)cc2)c(C(=O)Nc2ccc(Cl)cn2)c1,XHOLNRLADUSQLD-UHFFFAOYSA-N,B01AF04,Launched,coagulation factor inhibitor,deep vein thrombosis (DVT),False,451.9,4.14,107.4,3.0,5.0,6.0,0.0,C23H22ClN5O3,12.0,True,
CHEMBL515387,GOSOGLIPTIN,4.0,2016.0,O=C([C@@H]1C[C@H](N2CCN(c3ncccn3)CC2)CN1)N1CCC(F)(F)C1,QWEWGXUTRTXFRF-KBPBESRZSA-N,,,,,False,366.4,0.2,64.6,1.0,6.0,3.0,0.0,C17H24F2N6O,8.0,True,
CHEMBL473417,VISMODEGIB,4.0,2012.0,CS(=O)(=O)c1ccc(C(=O)Nc2ccc(Cl)c(-c3ccccn3)c2)c(Cl)c1,BPQMGSKTAYIVFO-UHFFFAOYSA-N,L01XJ01,Launched,hedgehog pathway inhibitor|smoothened receptor antagonist,basal cell carcinoma (BCC),False,421.3,4.71,76.1,1.0,4.0,4.0,0.0,C19H14Cl2N2O3S,8.0,True,
CHEMBL491571,DORIPENEM,4.0,2007.0,C[C@@H](O)[C@H]1C(=O)N2C(C(=O)O)=C(S[C@@H]3CN[C@H](CNS(N)(=O)=O)C3)[C@H](C)[C@H]12,AVAACINZEOAHHE-VFZPANTDSA-N,J01DH04,Launched,bacterial cell wall synthesis inhibitor,intra-abdominal infections|urinary tract infections|pyelonephritis,False,420.5,-1.6,162.1,5.0,7.0,7.0,0.0,C15H24N4O6S2,20.0,True,
CHEMBL521606,NADOLOL,4.0,1979.0,CC(C)(C)NCC(O)COc1cccc2c1CC(O)C(O)C2,VWPOSFSPZNDTMJ-UHFFFAOYSA-N,C07AA12,Launched,adrenergic receptor antagonist,angina pectoris|hypertension,False,309.4,0.63,82.0,4.0,5.0,5.0,0.0,C17H27NO4,18.0,True,
CHEMBL359744,DOXORUBICIN HYDROCHLORIDE,4.0,1974.0,COc1cccc2c1C(=O)c1c(O)c3c(c(O)c1C2=O)C[C@@](O)(C(=O)CO)C[C@@H]3O[C@H]1C[C@H](N)[C@H](O)[C@H](C)O1.Cl,MWWSFMDVAYGXBV-RUELKSSGSA-N,,,,,False,543.5,0.0,206.1,6.0,12.0,5.0,0.0,C27H29NO11,22.0,True,
CHEMBL1614,DESLANOSIDE,4.0,1982.0,C[C@H]1O[C@@H](O[C@H]2CC[C@@]3(C)[C@H](CC[C@@H]4[C@@H]3C[C@@H](O)[C@]3(C)[C@@H](C5=CC(=O)OC5)CC[C@]43O)C2)C[C@H](O)[C@@H]1O[C@H]1C[C@H](O)[C@H](O[C@H]2C[C@H](O)[C@H](O[C@@H]3O[C@H](CO)[C@@H](O)[C@H](O)[C@H]3O)[C@@H](C)O2)[C@@H](C)O1,OBATZBGFDSVCJD-LALPQLPRSA-N,C01AA07,Launched,Na/K-ATPase inhibitor,congestive heart failure|cardiac arrythmia,False,,,,,,,,,,False,F2_mw_943
CHEMBL1617,RIFAXIMIN,4.0,2004.0,CO[C@H]1/C=C/O[C@@]2(C)Oc3c(C)c(O)c4c(O)c(c5c(nc6cc(C)ccn65)c4c3C2=O)NC(=O)/C(C)=C\C=C\[C@H](C)[C@H](O)[C@@H](C)[C@@H](O)[C@@H](C)[C@H](OC(C)=O)[C@@H]1C,NZCRJKRKKOLAOJ-XRCRFVBUSA-N,D06AX11;A07AA11,Launched,RNA synthesis inhibitor,diarrhea|irritable bowel syndrome|hepatic encephalopathy (HE),False,785.9,6.16,198.4,5.0,12.0,2.0,0.0,C43H51N3O11,40.0,True,
CHEMBL1618,CEFAMANDOLE NAFATE,4.0,1978.0,Cn1nnnc1SCC1=C(C(=O)[O-])N2C(=O)[C@@H](NC(=O)[C@H](OC=O)c3ccccc3)[C@H]2SC1.[Na+],ICZOIXFFVKYXOM-YCLOEFEOSA-M,,,,,False,489.5,-1.38,159.4,1.0,11.0,9.0,-1.0,C19H17N6O6S2-,18.0,True,
CHEMBL1619,CLADRIBINE,4.0,1993.0,Nc1nc(Cl)nc2c1ncn2[C@H]1C[C@H](O)[C@@H](CO)O1,PTOAARAWEBMLNO-KVQBGUIXSA-N,L01BB04;L04AA40,Launched,adenosine deaminase inhibitor|ribonucleotide reductase inhibitor,hairy cell leukemia,False,285.7,-0.3,119.3,3.0,7.0,2.0,0.0,C10H12ClN5O3,10.0,True,
CHEMBL1620,DIPHENHYDRAMINE HYDROCHLORIDE,4.0,1946.0,CN(C)CCOC(c1ccccc1)c1ccccc1.Cl,PCHPORCSPXIHLZ-UHFFFAOYSA-N,,,,,False,255.4,3.35,12.5,0.0,2.0,6.0,0.0,C17H21NO,12.0,True,
CHEMBL1621,PALIPERIDONE,4.0,2006.0,Cc1nc2n(c(=O)c1CCN1CCC(c3noc4cc(F)ccc34)CC1)CCCC2O,PMXMIIMHBWHSKN-UHFFFAOYSA-N,N05AX13,Launched,dopamine receptor antagonist|serotonin receptor antagonist,schizophrenia,False,426.5,3.08,84.4,1.0,6.0,4.0,0.0,C23H27FN4O3,10.0,True,
CHEMBL1622,FOLIC ACID,4.0,1982.0,Nc1nc(=O)c2nc(CNc3ccc(C(=O)N[C@@H](CCC(=O)O)C(=O)O)cc3)cnc2[nH]1,OVBPIULPVIDEAO-LBPRGKRZSA-N,V04CX02;B03BB01;B03BB51,,,,False,441.4,-0.04,213.3,6.0,9.0,9.0,0.0,C19H19N7O6,22.0,True,
CHEMBL524004,MEPENZOLATE,4.0,1956.0,C[N+]1(C)CCCC(OC(=O)C(O)(c2ccccc2)c2ccccc2)C1,GKNPSSNBBWDAGH-UHFFFAOYSA-N,A03AB12,Launched,acetylcholine receptor antagonist,peptic ulcer disease (PUD),False,340.4,2.7,46.5,1.0,3.0,4.0,1.0,C21H26NO3+,12.0,True,
CHEMBL1623,MECLIZINE,4.0,1957.0,Cc1cccc(CN2CCN(C(c3ccccc3)c3ccc(Cl)cc3)CC2)c1,OCJYIGYOJCODJL-UHFFFAOYSA-N,R06AE55;R06AE05,Launched,constitutive androstane receptor (CAR) agonist,nausea|vomiting|motion sickness,False,391.0,5.56,6.5,0.0,2.0,5.0,0.0,C25H27ClN2,10.0,True,
CHEMBL1624,LEVOTHYROXINE,4.0,1982.0,N[C@@H](Cc1cc(I)c(Oc2cc(I)c(O)c(I)c2)c(I)c1)C(=O)O,XUIIKFGFIJCVMT-LBPRGKRZSA-N,,Launched,thyroid hormone stimulant,myxedema coma,False,776.9,4.56,92.8,3.0,4.0,5.0,0.0,C15H11I4NO4,16.0,True,
CHEMBL500576,TEMOPORFIN,4.0,2001.0,Oc1cccc(-c2c3nc(c(-c4cccc(O)c4)c4ccc([nH]4)c(-c4cccc(O)c4)c4nc(c(-c5cccc(O)c5)c5ccc2[nH]5)CC4)C=C3)c1,LYPFDBRUNKHDGX-LWQDQPMZSA-N,L01XD05,Launched,radical formation stimulant,head and neck squamous cell carcinoma (HNSCC),False,680.8,9.76,138.3,6.0,6.0,4.0,0.0,C44H32N4O4,16.0,True,
CHEMBL1625,OXYBENZONE,4.0,1992.0,COc1ccc(C(=O)c2ccccc2)c(O)c1,DXGLGDHPHMLXJC-UHFFFAOYSA-N,,Launched,lipase inhibitor,sunscreen lotion,False,228.2,2.63,46.5,1.0,3.0,3.0,0.0,C14H12O3,8.0,True,
CHEMBL1626,CLEMASTINE,4.0,1977.0,CN1CCC[C@@H]1CCO[C@](C)(c1ccccc1)c1ccc(Cl)cc1,YNNUSGIPVFPVBX-NHCUHLMSSA-N,R06AA54;R06AA04;D04AA14,Launched,histamine receptor antagonist,allergic rhinitis|urticaria,False,343.9,5.1,12.5,0.0,2.0,6.0,0.0,C21H26ClNO,12.0,True,
CHEMBL521686,OLAPARIB,4.0,2014.0,O=C(c1cc(Cc2n[nH]c(=O)c3ccccc23)ccc1F)N1CCN(C(=O)C2CC2)CC1,FDLYAMZZIXQODN-UHFFFAOYSA-N,L01XK01,Launched,PARP inhibitor,ovarian cancer,False,434.5,2.35,86.4,1.0,4.0,4.0,0.0,C24H23FN4O3,8.0,True,
CHEMBL493287,GLUCOSAMINE,4.0,,N[C@H]1C(O)O[C@H](CO)[C@@H](O)[C@@H]1O,MSWZFWKMSRAUBD-IVMDWMLBSA-N,M01AX05,Launched,glycosylated protein precursor,muscle pain|rheumatoid arthritis|joint pain|backache,False,179.2,-3.25,116.2,5.0,6.0,1.0,0.0,C6H13NO5,12.0,True,
CHEMBL518520,RALTEGRAVIR POTASSIUM,4.0,2007.0,Cc1nnc(C(=O)NC(C)(C)c2nc(C(=O)NCc3ccc(F)cc3)c([O-])c(=O)n2C)o1.[K+],IFUKBHBISRAZTF-UHFFFAOYSA-M,,,,,False,443.4,0.28,155.1,2.0,8.0,6.0,-1.0,C20H20FN6O5-,12.0,True,
CHEMBL443605,HEXYLRESORCINOL,4.0,2004.0,CCCCCCc1ccc(O)cc1O,WFJIVOKAWHGMBH-UHFFFAOYSA-N,R02AA12,Launched,local anesthetic,skin infections|first-aid antiseptic,False,194.3,3.22,40.5,2.0,2.0,5.0,0.0,C12H18O2,14.0,True,
CHEMBL522038,XIMELAGATRAN,4.0,,CCOC(=O)CN[C@@H](C(=O)N1CC[C@H]1C(=O)NCc1ccc(/C(N)=N\O)cc1)C1CCCCC1,ZXIBCJHYVWYIKI-PZJWPPBQSA-N,B01AE05,,,,False,473.6,1.1,146.3,4.0,7.0,10.0,0.0,C24H35N5O5,26.0,True,
CHEMBL1632,CEPHALOTHIN SODIUM,4.0,1974.0,CC(=O)OCC1=C(C(=O)[O-])N2C(=O)[C@@H](NC(=O)Cc3cccs3)[C@H]2SC1.[Na+],VUFGUVLLDPOSBC-XRZFDKQNSA-M,,,,,False,395.4,-0.74,115.8,1.0,8.0,6.0,-1.0,C16H15N2O6S2-,14.0,True,
CHEMBL1633,KETOTIFEN FUMARATE,4.0,1999.0,CN1CCC(=C2c3ccccc3CC(=O)c3sccc32)CC1.O=C(O)/C=C/C(=O)O,YNQQEYBLVYAWNX-WLHGVMLRSA-N,,,,,False,309.4,4.01,20.3,0.0,3.0,0.0,0.0,C19H19NOS,8.0,True,
CHEMBL467058,LANINAMIVIR OCTANOATE,4.0,2010.0,CCCCCCCC(=O)OC[C@@H](O)[C@@H](OC)[C@@H]1OC(C(=O)O)=C[C@H](NC(=N)N)[C@H]1NC(C)=O,UKTIJASCFRNWCB-RMIBSVFLSA-N,,,,,False,472.5,-0.01,193.3,6.0,8.0,14.0,0.0,C21H36N4O8,34.0,True,
CHEMBL1637,GEMCITABINE HYDROCHLORIDE,4.0,1996.0,Cl.Nc1ccn([C@@H]2O[C@H](CO)[C@@H](O)C2(F)F)c(=O)n1,OKKDEIYWILRZIA-OSZBKLCCSA-N,,,,,False,263.2,-1.29,110.6,3.0,6.0,2.0,0.0,C9H11F2N3O4,8.0,True,
CHEMBL1639,ALISKIREN,4.0,2007.0,COCCCOc1cc(C[C@@H](C[C@H](N)[C@@H](O)C[C@H](C(=O)NCC(C)(C)C(N)=O)C(C)C)C(C)C)ccc1OC,UXOWGYHJODZGMF-QORCZRPOSA-N,C09XA02,,,,False,551.8,3.29,146.1,4.0,7.0,19.0,0.0,C30H53N3O6,42.0,True,
CHEMBL1640,TRYPAN BLUE,4.0,2004.0,Cc1cc(-c2ccc(/N=N/c3c(S(=O)(=O)[O-])cc4cc(S(=O)(=O)[O-])cc(N)c4c3O)c(C)c2)ccc1/N=N/c1c(S(=O)(=O)[O-])cc2cc(S(=O)(=O)[O-])cc(N)c2c1O.[Na+].[Na+].[Na+].[Na+],GLNADSQYFUSGOU-GPTZEZBUSA-J,S01KX02,,,,False,868.9,5.3,370.7,4.0,20.0,9.0,-4.0,C34H24N6O14S4-4,,False,F3_druglikeness
CHEMBL1641,HYDROCORTISONE PHOSPHORIC ACID,4.0,1960.0,C[C@]12CCC(=O)C=C1CC[C@@H]1[C@@H]2[C@@H](O)C[C@@]2(C)[C@H]1CC[C@]2(O)C(=O)COP(=O)(O)O,BGSOJVFOEQLVMH-VWUMJDOOSA-N,,,,,False,442.4,1.9,141.4,4.0,6.0,4.0,0.0,C21H31O8P,16.0,True,
CHEMBL451930,PLITIDEPSIN,4.0,2018.0,CC[C@H](C)[C@H]1NC(=O)[C@@H](NC(=O)[C@@H](CC(C)C)N(C)C(=O)[C@@H]2CCCN2C(=O)C(C)=O)[C@@H](C)OC(=O)[C@H](Cc2ccc(OC)cc2)N(C)C(=O)[C@@H]2CCCN2C(=O)[C@H](CC(C)C)NC(=O)[C@@H](C)C(=O)[C@H](C(C)C)OC(=O)C[C@@H]1O,UUSZLLQJYRSZIS-LXNNNBEUSA-N,L01XX57,,,,False,,,,,,,,,,False,F2_mw_1110
CHEMBL1642,IMATINIB MESYLATE,4.0,2001.0,CS(=O)(=O)O.Cc1ccc(NC(=O)c2ccc(CN3CCN(C)CC3)cc2)cc1Nc1nccc(-c2cccnc2)n1,YLMAHDNUQAMNNX-UHFFFAOYSA-N,,,,,False,493.6,4.59,86.3,2.0,7.0,7.0,0.0,C29H31N7O,14.0,True,
CHEMBL1643,RIBAVIRIN,4.0,1985.0,NC(=O)c1ncn([C@@H]2O[C@H](CO)[C@@H](O)[C@H]2O)n1,IWUCXVSUMQZMFG-AFCXAGJDSA-N,J05AP01,Launched,antiviral,hepatitis C,False,244.2,-3.01,143.7,4.0,7.0,3.0,0.0,C8H12N4O5,12.0,True,
CHEMBL1644,CEFADROXIL,4.0,1978.0,CC1=C(C(=O)O)N2C(=O)[C@@H](NC(=O)[C@H](N)c3ccc(O)cc3)[C@H]2SC1,BOEGTKLJZSQCCD-UEKVPHQBSA-N,J01DB05,Launched,bacterial cell wall synthesis inhibitor,urinary tract infections|skin infections|tonsillitis|pharyngitis,False,363.4,0.15,133.0,4.0,6.0,4.0,0.0,C16H17N3O5S,14.0,True,
CHEMBL494753,ESTRONE SULFURIC ACID,4.0,1977.0,C[C@]12CC[C@@H]3c4ccc(OS(=O)(=O)O)cc4CC[C@H]3[C@@H]1CCC2=O,JKKFKPJIXZFSSB-CBZIJGRNSA-N,,,,,False,350.4,3.29,80.7,1.0,4.0,2.0,0.0,C18H22O5S,6.0,True,
CHEMBL494622,FLURPIRIDAZ,4.0,2024.0,CC(C)(C)n1ncc(OCc2ccc(COCCF)cc2)c(Cl)c1=O,RMXZKEPDYBTFOS-UHFFFAOYSA-N,,,,,False,368.8,3.72,53.4,0.0,4.0,7.0,0.0,C18H22ClFN2O3,16.0,True,
CHEMBL1646,INDOCYANINE GREEN,4.0,1959.0,CC1(C)C(/C=C/C=C/C=C/C=C2\N(CCCCS(=O)(=O)[O-])c3ccc4ccccc4c3C2(C)C)=[N+](CCCCS(=O)(=O)[O-])c2ccc3ccccc3c21.[Na+],MOFVSTNWEDAEEK-UHFFFAOYSA-M,,,,,False,752.0,8.37,120.7,0.0,7.0,14.0,-1.0,C43H47N2O6S2-,28.0,True,
CHEMBL1648,ISRADIPINE,4.0,1990.0,COC(=O)C1=C(C)NC(C)=C(C(=O)OC(C)C)C1c1cccc2nonc12,HMJIYCCIJYRONP-UHFFFAOYSA-N,C08CA03,Launched,calcium channel blocker,hypertension,False,371.4,2.58,103.5,1.0,8.0,4.0,0.0,C19H21N3O5,12.0,True,
CHEMBL493982,VORAPAXAR,4.0,2014.0,CCOC(=O)N[C@@H]1CC[C@@H]2[C@@H](C1)C[C@H]1C(=O)O[C@H](C)[C@H]1[C@H]2/C=C/c1ccc(-c2cccc(F)c2)cn1,ZBGXUVOIWDMMJE-QHNZEKIYSA-N,B01AC26,Launched,thrombin inhibitor,myocardial infarction|peripheral artery disease (PAD),False,492.6,5.63,77.5,1.0,5.0,5.0,0.0,C29H33FN2O4,12.0,True,
CHEMBL1650,CORTISONE ACETATE,4.0,1950.0,CC(=O)OCC(=O)[C@@]1(O)CC[C@H]2[C@@H]3CCC4=CC(=O)CC[C@]4(C)[C@H]3C(=O)C[C@@]21C,ITRJWOMZKQRYTA-RFZYENFJSA-N,S01BA03;H02AB10,,,,False,402.5,2.56,97.7,1.0,6.0,3.0,0.0,C23H30O6,10.0,True,
CHEMBL503565,VINBARBITAL,4.0,,CC/C=C(\C)C1(CC)C(=O)NC(=O)NC1=O,RAFOHKSPUDGZPR-VOTSOKGWSA-N,N05CA09,,,,False,224.3,1.11,75.3,2.0,3.0,3.0,0.0,C11H16N2O3,6.0,True,
CHEMBL468837,HEPTABARBITAL,4.0,,CCC1(C2=CCCCCC2)C(=O)NC(=O)NC1=O,PAZQYDJGLKSCSI-UHFFFAOYSA-N,N05CA11,,,,False,250.3,1.64,75.3,2.0,3.0,2.0,0.0,C13H18N2O3,14.0,True,
CHEMBL477772,PAZOPANIB,4.0,2009.0,Cc1ccc(Nc2nccc(N(C)c3ccc4c(C)n(C)nc4c3)n2)cc1S(N)(=O)=O,CUIHSIWYWATEQL-UHFFFAOYSA-N,L01EX03,Launched,KIT inhibitor|PDGFR tyrosine kinase receptor inhibitor|VEGFR inhibitor,renal cell carcinoma (RCC)|soft tissue sarcoma (STS),False,437.5,3.14,119.0,2.0,7.0,5.0,0.0,C21H23N7O2S,12.0,True,
CHEMBL1652,AMBENONIUM,4.0,1956.0,CC[N+](CC)(CCNC(=O)C(=O)NCC[N+](CC)(CC)Cc1ccccc1Cl)Cc1ccccc1Cl,OMHBPUNFVFNHJK-UHFFFAOYSA-P,N07AA30,Launched,cholinesterase inhibitor,myasthenia gravis,False,537.6,4.64,58.2,2.0,2.0,14.0,2.0,C28H42Cl2N4O2+2,30.0,True,
CHEMBL476960,VOGLIBOSE,4.0,1994.0,OCC(CO)N[C@H]1C[C@](O)(CO)[C@@H](O)[C@H](O)[C@H]1O,FZNCGRZWXLXZSZ-CIQUZCHMSA-N,A10BF03,Launched,glucosidase inhibitor,diabetes mellitus|hyperglycemia,False,267.3,-4.49,153.6,8.0,8.0,5.0,0.0,C10H21NO7,24.0,True,
CHEMBL501867,VINCRISTINE SULFATE,4.0,1963.0,CC[C@]1(O)C[C@H]2CN(CCc3c([nH]c4ccccc34)[C@@](C(=O)OC)(c3cc4c(cc3OC)N(C=O)[C@H]3[C@@](O)(C(=O)OC)[C@H](OC(C)=O)[C@]5(CC)C=CCN6CC[C@]43[C@@H]65)C2)C1.O=S(=O)(O)O,AQTQHPDCURKLKT-JKDPCDLQSA-N,,,,,False,825.0,3.52,171.2,3.0,12.0,8.0,0.0,C46H56N4O10,36.0,True,
CHEMBL1653,PHENIRAMINE MALEATE,4.0,1994.0,CN(C)CCC(c1ccccc1)c1ccccn1.O=C(O)/C=C\C(=O)O,SSOXZAQUVINQSA-BTJKTKAUSA-N,,,,,False,240.4,3.17,16.1,0.0,2.0,5.0,0.0,C16H20N2,10.0,True,
CHEMBL450449,TRABECTEDIN,4.0,2007.0,COc1cc2c(cc1O)CCN[C@]21CS[C@@H]2c3c(OC(C)=O)c(C)c4c(c3[C@H](COC1=O)N1[C@@H]2[C@H]2c3c(cc(C)c(OC)c3O)C[C@@H]([C@@H]1O)N2C)OCO4,PKVRCIRHQMSYJX-AIFWHQITSA-N,L01CX01,Phase 3,antitumor agent,,False,761.9,3.41,168.7,4.0,15.0,3.0,0.0,C39H43N3O11S,26.0,True,
CHEMBL1654,RISEDRONATE SODIUM,4.0,1998.0,O=P([O-])(O)C(O)(Cc1cccnc1)P(=O)(O)O.[Na+],DRFDPXKCEWYIAW-UHFFFAOYSA-M,,,,,False,282.1,-1.01,151.0,4.0,5.0,4.0,-1.0,C7H10NO7P2-,16.0,True,
CHEMBL1655,TOREMIFENE,4.0,1996.0,CN(C)CCOc1ccc(/C(=C(/CCCl)c2ccccc2)c2ccccc2)cc1,XFCLJVABOIYOMF-QPLCGJKRSA-N,L02BA02,Launched,estrogen receptor antagonist|selective estrogen receptor modulator (SERM),breast cancer,False,406.0,6.22,12.5,0.0,2.0,9.0,0.0,C26H28ClNO,18.0,True,
CHEMBL1657,TAZAROTENE,4.0,1997.0,CCOC(=O)c1ccc(C#Cc2ccc3c(c2)C(C)(C)CCS3)nc1,OGQICQVSFDPSEI-UHFFFAOYSA-N,D05AX05,Launched,retinoid receptor agonist,cosmetic|sunscreen lotion,False,351.5,4.43,39.2,0.0,4.0,2.0,0.0,C21H21NO2S,8.0,True,
CHEMBL1658,RETAPAMULIN,4.0,2007.0,C=C[C@]1(C)C[C@@H](OC(=O)CS[C@@H]2C[C@H]3CC[C@@H](C2)N3C)[C@]2(C)[C@H](C)CC[C@]3(CCC(=O)[C@H]32)[C@@H](C)[C@@H]1O,STZYTFJPGGDRJD-NHUWBDDWSA-N,D06AX13,Launched,protein synthesis inhibitor,impetigo,False,517.8,5.25,66.8,1.0,6.0,5.0,0.0,C30H47NO4S,24.0,True,
CHEMBL1659,CHLORPHENIRAMINE MALEATE,4.0,1950.0,CN(C)CCC(c1ccc(Cl)cc1)c1ccccn1.O=C(O)/C=C\C(=O)O,DBAKFASWICGISY-BTJKTKAUSA-N,,,,,False,274.8,3.82,16.1,0.0,2.0,5.0,0.0,C16H19ClN2,10.0,True,
CHEMBL501122,CEFTAROLINE FOSAMIL,4.0,2010.0,CCO/N=C(\C(=O)N[C@@H]1C(=O)N2C(C(=O)[O-])=C(Sc3nc(-c4cc[n+](C)cc4)cs3)CS[C@H]12)c1nsc(NP(=O)(O)O)n1,ZCCUWMICIWSJIX-NQJJCJBVSA-N,J01DI02,,,,False,684.7,-0.11,223.2,4.0,14.0,11.0,0.0,C22H21N8O8PS4,26.0,True,
CHEMBL1660,RIFAPENTINE,4.0,1998.0,CO[C@H]1/C=C/O[C@@]2(C)Oc3c(C)c(O)c4c(O)c(c(/C=N/N5CCN(C6CCCC6)CC5)c(O)c4c3C2=O)NC(=O)/C(C)=C\C=C\[C@H](C)[C@H](O)[C@@H](C)[C@@H](O)[C@@H](C)[C@H](OC(C)=O)[C@@H]1C,WDZCUPBHRAEYDL-GZAUEHORSA-N,J04AB05,Launched,RNA polymerase inhibitor,tuberculosis,False,877.0,5.65,220.1,6.0,15.0,5.0,0.0,C47H64N4O12,48.0,True,
CHEMBL1661,LACTITOL,4.0,2020.0,OC[C@@H](O)[C@@H](O[C@@H]1O[C@H](CO)[C@H](O)[C@H](O)[C@H]1O)[C@H](O)[C@@H](O)CO,VQHSOMBJVWLPSR-JVCRWLNRSA-N,A06AD12,,,,False,344.3,-5.76,200.5,9.0,11.0,8.0,0.0,C12H24O11,34.0,True,
CHEMBL498847,SECNIDAZOLE,4.0,2017.0,Cc1ncc([N+](=O)[O-])n1CC(C)O,KPQZUUQMTUIKBP-UHFFFAOYSA-N,P01AB07,Launched,acetylcholinesterase inhibitor|microtubule inhibitor,protozoan infection,False,185.2,0.48,81.2,1.0,4.0,3.0,0.0,C7H11N3O3,8.0,True,
CHEMBL1663,PERFLUTREN,4.0,1998.0,FC(F)(F)C(F)(F)C(F)(F)F,QYSGYZVSCZSLHT-UHFFFAOYSA-N,,,,,False,188.0,2.75,0.0,0.0,0.0,0.0,0.0,C3F8,4.0,True,
CHEMBL523299,UMECLIDINIUM BROMIDE,4.0,2013.0,OC(c1ccccc1)(c1ccccc1)C12CC[N+](CCOCc3ccccc3)(CC1)CC2.[Br-],PEJHHXHHNGORMP-UHFFFAOYSA-M,R03BB07,,,,False,428.6,5.14,29.5,1.0,2.0,8.0,1.0,C29H34NO2+,18.0,True,
CHEMBL483254,PANOBINOSTAT,4.0,2015.0,Cc1[nH]c2ccccc2c1CCNCc1ccc(/C=C/C(=O)NO)cc1,FPOHNWQLNRZRFC-ZHACJKMWSA-N,L01XH03,Launched,HDAC inhibitor,multiple myeloma,False,349.4,3.33,77.2,4.0,3.0,7.0,0.0,C21H23N3O2,16.0,True,
CHEMBL489411,AMOROLFINE,4.0,,CCC(C)(C)c1ccc(CC(C)CN2C[C@@H](C)O[C@@H](C)C2)cc1,MQHLMHIZUIDKOO-AYHJJNSGSA-N,D01AE16,Launched,membrane integrity inhibitor,onychomycosis,False,317.5,4.66,12.5,0.0,2.0,6.0,0.0,C21H35NO,12.0,True,
CHEMBL1664,FOSAMPRENAVIR,4.0,2003.0,CC(C)CN(C[C@@H](OP(=O)(O)O)[C@H](Cc1ccccc1)NC(=O)O[C@H]1CCOC1)S(=O)(=O)c1ccc(N)cc1,MLBVMOWEQCZNCC-OEMFJLHTSA-N,J05AE07,Launched,HIV protease inhibitor,human immunodeficiency virus (HIV-1),False,585.6,2.52,177.7,4.0,8.0,13.0,0.0,C25H36N3O9PS,34.0,True,
CHEMBL457547,MICAFUNGIN,4.0,2005.0,CCCCCOc1ccc(-c2cc(-c3ccc(C(=O)N[C@H]4C[C@@H](O)[C@@H](O)NC(=O)[C@@H]5[C@@H](O)[C@@H](C)CN5C(=O)[C@H]([C@H](O)CC(N)=O)NC(=O)[C@H]([C@H](O)[C@@H](O)c5ccc(O)c(OS(=O)(=O)O)c5)NC(=O)[C@@H]5C[C@@H](O)CN5C(=O)[C@H]([C@@H](C)O)NC4=O)cc3)no2)cc1,PIEUQSKUWLMALL-YABMTYFHSA-N,J02AX05,Launched,"fungal 1,3-beta-D-glucan synthase inhibitor",candidemia|peritonitis|esophageal candidiasis,False,,,,,,,,,,False,F2_mw_1270
CHEMBL1668,RESCINNAMINE,4.0,1956.0,COC(=O)[C@H]1[C@H]2C[C@@H]3c4[nH]c5cc(OC)ccc5c4CCN3C[C@H]2C[C@@H](OC(=O)/C=C/c2cc(OC)c(OC)c(OC)c2)[C@@H]1OC,SZLZWPPUNLXJEA-QEGASFHISA-N,C02AA01,,,,False,634.7,4.57,117.8,1.0,10.0,9.0,0.0,C35H42N2O9,22.0,True,
CHEMBL459265,HEXAMETHYL PARAROSANILINE,4.0,1982.0,CN(C)c1ccc(C(=C2C=CC(=[N+](C)C)C=C2)c2ccc(N(C)C)cc2)cc1,LGLFFNDHMLKUMI-UHFFFAOYSA-N,,,,,False,372.5,4.46,9.5,0.0,2.0,4.0,1.0,C25H30N3+,8.0,True,
CHEMBL1670,MITOTANE,4.0,1970.0,Clc1ccc(C(c2ccccc2Cl)C(Cl)Cl)cc1,JWBOIMRXGHLCPP-UHFFFAOYSA-N,L01XX23,Launched,antineoplastic agent,adrenal cortical carcinoma,False,320.0,5.93,0.0,0.0,0.0,3.0,0.0,C14H10Cl4,6.0,True,
CHEMBL1671,PROPRANOLOL HYDROCHLORIDE,4.0,1967.0,CC(C)NCC(O)COc1cccc2ccccc12.Cl,ZMRUPTIKESYGQW-UHFFFAOYSA-N,,,,,False,259.3,2.58,41.5,2.0,3.0,6.0,0.0,C16H21NO2,14.0,True,
CHEMBL1672,CEFPODOXIME,4.0,,COCC1=C(C(=O)O)N2C(=O)[C@@H](NC(=O)/C(=N\OC)c3csc(N)n3)[C@H]2SC1,WYUSVOMTXWRGEK-HBWVYFAYSA-N,J01DD13,Launched,bacterial cell wall synthesis inhibitor,pharyngitis|pneumonia|bronchitis|gonorrhea|skin infections|urinary tract infections|sinusitis|tonsillitis,False,427.5,-0.54,156.4,3.0,10.0,7.0,0.0,C15H17N5O6S2,18.0,True,
CHEMBL454446,CEFDITOREN PIVOXIL,4.0,2001.0,CO/N=C(\C(=O)N[C@@H]1C(=O)N2C(C(=O)OCOC(=O)C(C)(C)C)=C(/C=C\c3scnc3C)CS[C@H]12)c1csc(N)n1,AFZFFLVORLEPPO-UVYJNCLZSA-N,,,,,False,620.7,2.3,175.4,2.0,14.0,9.0,0.0,C25H28N6O7S3,26.0,True,
CHEMBL518924,MAVORIXAFOR,4.0,2024.0,NCCCCN(Cc1nc2ccccc2[nH]1)[C@H]1CCCc2cccnc21,WVLHHLRVNDMIAR-IBGZPJMESA-N,L03AX24,,,,False,349.5,3.58,70.8,2.0,4.0,7.0,0.0,C21H27N5,16.0,True,
CHEMBL1675,VITAMIN A PALMITATE,4.0,1982.0,CCCCCCCCCCCCCCCC(=O)OC/C=C(C)/C=C/C=C(C)/C=C/C1=C(C)CCCC1(C)C,VYGQUTWHTHXGQB-FFHKNEKCSA-N,,,,,False,524.9,11.54,26.3,0.0,2.0,20.0,0.0,C36H60O2,42.0,True,
CHEMBL1676,FLUTICASONE FUROATE,4.0,2007.0,C[C@@H]1C[C@H]2[C@@H]3C[C@H](F)C4=CC(=O)C=C[C@]4(C)[C@@]3(F)[C@@H](O)C[C@]2(C)[C@@]1(OC(=O)c1ccco1)C(=O)SCF,XTULMSXFIHGYFS-VLSRWLAYSA-N,R01AD12;R03BA09,,,,False,538.6,4.93,93.8,1.0,7.0,4.0,0.0,C27H29F3O6S,14.0,True,
CHEMBL1677,TACRINE HYDROCHLORIDE,4.0,1993.0,Cl.Nc1c2c(nc3ccccc13)CCCC2,ZUFVXZVXEJHHBN-UHFFFAOYSA-N,,,,,False,198.3,2.7,38.9,1.0,2.0,0.0,0.0,C13H14N2,2.0,True,
CHEMBL1678,DONEPEZIL HYDROCHLORIDE,4.0,1996.0,COc1cc2c(cc1OC)C(=O)C(CC1CCN(Cc3ccccc3)CC1)C2.Cl,XWAIAVWHZJNZQQ-UHFFFAOYSA-N,,,,,False,379.5,4.36,38.8,0.0,4.0,6.0,0.0,C24H29NO3,12.0,True,
CHEMBL507674,CEFOPERAZONE,4.0,1982.0,CCN1CCN(C(=O)N[C@@H](C(=O)N[C@@H]2C(=O)N3C(C(=O)O)=C(CSc4nnnn4C)CS[C@H]23)c2ccc(O)cc2)C(=O)C1=O,GCFBRXLSHGKWDP-XCGNWRKASA-N,J01DD12,Launched,bacterial cell wall synthesis inhibitor,gram-negative bacterial infections,False,645.7,-1.11,220.3,4.0,12.0,9.0,0.0,C25H27N9O8S2,24.0,True,
CHEMBL1679,LEUCOVORIN,4.0,1952.0,Nc1nc(=O)c2c([nH]1)NCC(CNc1ccc(C(=O)N[C@@H](CCC(=O)O)C(=O)O)cc1)N2C=O,VVIAGPKUTFNRDU-ABLWVSNPSA-N,,Launched,folate receptor ligand,osteosarcoma,False,473.4,-0.73,219.8,7.0,9.0,10.0,0.0,C20H23N7O7,24.0,True,
CHEMBL1681,IODOHIPPURATE,4.0,1982.0,O=C(O)CNC(=O)c1ccccc1I,CORFWQGVBFFZHF-UHFFFAOYSA-N,,,,,False,305.1,1.11,66.4,2.0,2.0,3.0,0.0,C9H8INO3,8.0,True,
CHEMBL1682,SORBITOL,4.0,1982.0,OC[C@@H](O)[C@@H](O)[C@H](O)[C@@H](O)CO,FBPFZTCFMRRESA-JGWLITMVSA-N,V04CC01;B05CX02;A06AD18;A06AG07,Launched,mucolytic agent,constipation,False,182.2,-3.59,121.4,6.0,6.0,5.0,0.0,C6H14O6,22.0,True,
CHEMBL490665,NALFURAFINE HYDROCHLORIDE,4.0,2009.0,CN(C(=O)/C=C/c1ccoc1)[C@@H]1CC[C@@]2(O)[C@H]3Cc4ccc(O)c5c4[C@@]2(CCN3CC2CC2)[C@H]1O5.Cl,DJSFYNINGIMKAG-FQJQBBMWSA-N,,,,,False,476.6,3.09,86.4,2.0,6.0,5.0,0.0,C28H32N2O5,16.0,True,
CHEMBL1683,HYDROCORTISONE BUTYRATE,4.0,1982.0,CCCC(=O)O[C@]1(C(=O)CO)CC[C@H]2[C@@H]3CCC4=CC(=O)CC[C@]4(C)[C@H]3[C@@H](O)C[C@@]21C,BMCQMVFGOVHVNG-TUFAYURCSA-N,D07AB02,,,,False,432.6,3.13,100.9,2.0,6.0,5.0,0.0,C25H36O6,16.0,True,
CHEMBL502182,ELAGOLIX SODIUM,4.0,2018.0,COc1cccc(-c2c(C)n(Cc3c(F)cccc3C(F)(F)F)c(=O)n(C[C@H](NCCCC(=O)[O-])c3ccccc3)c2=O)c1F.[Na+],DQYGXRQUFSRDCH-UQIIZPHYSA-M,,,,,False,630.6,4.2,105.4,1.0,6.0,12.0,-1.0,C32H29F5N3O5-,26.0,True,
CHEMBL1684,BENDROFLUMETHIAZIDE,4.0,1959.0,NS(=O)(=O)c1cc2c(cc1C(F)(F)F)NC(Cc1ccccc1)NS2(=O)=O,HDWIHXWEUNVBIY-UHFFFAOYSA-N,C03AA01,Launched,sodium/potassium/chloride transporter inhibitor,hypertension,False,421.4,1.63,118.4,3.0,5.0,3.0,0.0,C15H14F3N3O4S2,10.0,True,
CHEMBL485696,SULFISOMIDINE,4.0,,Cc1cc(NS(=O)(=O)c2ccc(N)cc2)nc(C)n1,YZMCKZRAOLZXAZ-UHFFFAOYSA-N,J01EB01,,,,False,278.3,1.48,98.0,2.0,5.0,3.0,0.0,C12H14N4O2S,8.0,True,
CHEMBL508102,CARBIMAZOLE,4.0,,CCOC(=O)n1ccn(C)c1=S,CFOYWRHIYXMDOT-UHFFFAOYSA-N,H03BB01,Launched,antithyroid agent,hyperthyroidism,False,186.2,1.56,36.2,0.0,3.0,1.0,0.0,C7H10N2O2S,6.0,True,
CHEMBL1685,DEZOCINE,4.0,1989.0,C[C@@]12CCCCC[C@@H](Cc3ccc(O)cc31)[C@@H]2N,VTMVHDZWSFQSQP-VBNZEHGJSA-N,N02AX03,,,,False,245.4,3.11,46.2,2.0,2.0,0.0,0.0,C16H23NO,14.0,True,
CHEMBL515408,MARIBAVIR,4.0,2021.0,CC(C)Nc1nc2cc(Cl)c(Cl)cc2n1[C@H]1O[C@@H](CO)[C@H](O)[C@@H]1O,KJFBVJALEQWJBS-XUXIUFHCSA-N,J05AX10,Phase 3,cytomegalovirus inhibitor|protein kinase inhibitor,,False,376.2,1.77,99.8,4.0,6.0,4.0,0.0,C15H19Cl2N3O4,14.0,True,
CHEMBL484785,CRISABOROLE,4.0,2016.0,N#Cc1ccc(Oc2ccc3c(c2)COB3O)cc1,USZAGAREISWJDP-UHFFFAOYSA-N,D11AH06,Launched,phosphodiesterase inhibitor,dermatitis,False,251.0,1.57,62.5,1.0,4.0,2.0,0.0,C14H10BNO3,6.0,True,
CHEMBL502835,NINTEDANIB,4.0,2014.0,COC(=O)c1ccc2c(c1)NC(=O)/C2=C(\Nc1ccc(N(C)C(=O)CN2CCN(C)CC2)cc1)c1ccccc1,XZXHXSATPCNXJR-ZIADKAODSA-N,L01EX09,Launched,FGFR inhibitor|PDGFR tyrosine kinase receptor inhibitor|VEGFR inhibitor,idiopathic pulmonary fibrosis (IPF),False,539.6,3.62,94.2,2.0,7.0,7.0,0.0,C31H33N5O4,18.0,True,
CHEMBL1689,TOLAZOLINE HYDROCHLORIDE,4.0,1985.0,Cl.c1ccc(CC2=NCCN2)cc1,RHTNTTODYGNRSP-UHFFFAOYSA-N,,,,,False,160.2,1.23,24.4,1.0,2.0,2.0,0.0,C10H12N2,4.0,True,
CHEMBL1690,HYDROXYCHLOROQUINE SULFATE,4.0,1955.0,CCN(CCO)CCCC(C)Nc1ccnc2cc(Cl)ccc12.O=S(=O)(O)O,JCBIVZZPXRZKTI-UHFFFAOYSA-N,,,,,False,335.9,3.78,48.4,2.0,4.0,9.0,0.0,C18H26ClN3O,20.0,True,
CHEMBL535650,MEFLOQUINE HYDROCHLORIDE,4.0,1989.0,Cl.OC(c1cc(C(F)(F)F)nc2c(C(F)(F)F)cccc12)C1CCCCN1,WESWYMRNZNDGBX-UHFFFAOYSA-N,,,,,False,378.3,4.45,45.2,2.0,3.0,2.0,0.0,C17H16F6N2O,10.0,True,
CHEMBL1691,BETAXOLOL HYDROCHLORIDE,4.0,1985.0,CC(C)NCC(O)COc1ccc(CCOCC2CC2)cc1.Cl,CHDPSNLJFOQTRK-UHFFFAOYSA-N,,,,,False,307.4,2.39,50.7,2.0,4.0,11.0,0.0,C18H29NO3,24.0,True,
CHEMBL542541,HYDRALAZINE HYDROCHLORIDE,4.0,1953.0,Cl.NNc1nncc2ccccc12,ZUXNZUWOTSUBMN-UHFFFAOYSA-N,,,,,False,160.2,0.92,63.8,2.0,4.0,1.0,0.0,C8H8N4,4.0,True,
CHEMBL544665,FINGOLIMOD HYDROCHLORIDE,4.0,2010.0,CCCCCCCCc1ccc(CCC(N)(CO)CO)cc1.Cl,SWZTYAVBMYWFGS-UHFFFAOYSA-N,,,,,False,307.5,3.2,66.5,3.0,3.0,12.0,0.0,C19H33NO2,30.0,True,
CHEMBL1692,IMIPRAMINE HYDROCHLORIDE,4.0,1959.0,CN(C)CCCN1c2ccccc2CCc2ccccc21.Cl,XZZXIYZZBJDEEP-UHFFFAOYSA-N,,,,,False,280.4,3.88,6.5,0.0,2.0,4.0,0.0,C19H24N2,16.0,True,
CHEMBL1693,DIETHYLPROPION HYDROCHLORIDE,4.0,1959.0,CCN(CC)C(C)C(=O)c1ccccc1.Cl,ICFXZZFWRWNZMA-UHFFFAOYSA-N,,,,,False,205.3,2.6,20.3,0.0,2.0,5.0,0.0,C13H19NO,10.0,True,
CHEMBL1694,BENAZEPRIL HYDROCHLORIDE,4.0,1991.0,CCOC(=O)[C@H](CCc1ccccc1)N[C@H]1CCc2ccccc2N(CC(=O)O)C1=O.Cl,VPSRQEHTHIMDQM-FKLPMGAJSA-N,,,,,False,424.5,2.57,95.9,2.0,5.0,9.0,0.0,C24H28N2O5,32.0,True,
CHEMBL1695,TIAGABINE HYDROCHLORIDE,4.0,1997.0,Cc1ccsc1C(=CCCN1CCC[C@@H](C(=O)O)C1)c1sccc1C.Cl,YUKARLAABCGMCN-PKLMIRHRSA-N,,,,,False,375.6,5.04,40.5,1.0,4.0,6.0,0.0,C20H25NO2S2,14.0,True,
CHEMBL1696,DESIPRAMINE HYDROCHLORIDE,4.0,1964.0,CNCCCN1c2ccccc2CCc2ccccc21.Cl,XAEWZDYWZHIUCT-UHFFFAOYSA-N,,,,,False,266.4,3.53,15.3,1.0,2.0,4.0,0.0,C18H22N2,16.0,True,
CHEMBL1697,DILTIAZEM HYDROCHLORIDE,4.0,1982.0,COc1ccc([C@@H]2Sc3ccccc3N(CCN(C)C)C(=O)[C@@H]2OC(C)=O)cc1.Cl,HDRXZJPWHTXQRI-BHDTVMLSSA-N,,,,,False,414.5,3.37,59.1,0.0,6.0,6.0,0.0,C22H26N2O4S,24.0,True,
CHEMBL1698,BUPROPION HYDROCHLORIDE,4.0,1985.0,CC(NC(C)(C)C)C(=O)c1cccc(Cl)c1.Cl,HEYVINCGKDONRU-UHFFFAOYSA-N,,,,,False,239.7,3.3,29.1,1.0,2.0,3.0,0.0,C13H18ClNO,8.0,True,
CHEMBL1699,MEMANTINE HYDROCHLORIDE,4.0,2002.0,CC12CC3CC(C)(C1)CC(N)(C3)C2.Cl,LDDHMLJTFXJGPI-UHFFFAOYSA-N,,,,,False,179.3,2.69,26.0,1.0,1.0,0.0,0.0,C12H21N,2.0,True,
CHEMBL1700,SOTALOL HYDROCHLORIDE,4.0,1992.0,CC(C)NCC(O)c1ccc(NS(C)(=O)=O)cc1.Cl,VIDRYROWYFWGSY-UHFFFAOYSA-N,,,,,False,272.4,1.09,78.4,3.0,4.0,6.0,0.0,C12H20N2O3S,14.0,True,
CHEMBL1701,MEPERIDINE HYDROCHLORIDE,4.0,1942.0,CCOC(=O)C1(c2ccccc2)CCN(C)CC1.Cl,WCNLCIJMFAJCPX-UHFFFAOYSA-N,,,,,False,247.3,2.21,29.5,0.0,3.0,3.0,0.0,C15H21NO2,8.0,True,
CHEMBL1702,ATOMOXETINE HYDROCHLORIDE,4.0,2002.0,CNCC[C@@H](Oc1ccccc1C)c1ccccc1.Cl,LUCXVPAZUDVVBT-UNTBIKODSA-N,,,,,False,255.4,3.72,21.3,1.0,2.0,6.0,0.0,C17H21NO,12.0,True,
CHEMBL1703,METFORMIN HYDROCHLORIDE,4.0,1995.0,CN(C)C(=N)NC(=N)N.Cl,OETHQSJEHLVLGH-UHFFFAOYSA-N,,,,,False,129.2,-1.03,89.0,4.0,2.0,0.0,0.0,C4H11N5,0.0,True,
CHEMBL1705,CLONIDINE HYDROCHLORIDE,4.0,1974.0,Cl.Clc1cccc(Cl)c1NC1=NCCN1,ZNIFSRGNXRYGHF-UHFFFAOYSA-N,,,,,False,230.1,2.36,36.4,2.0,3.0,1.0,0.0,C9H9Cl2N3,2.0,True,
CHEMBL1706,NAPHAZOLINE HYDROCHLORIDE,4.0,1971.0,Cl.c1ccc2c(CC3=NCCN3)cccc2c1,DJDFFEBSKJCGHC-UHFFFAOYSA-N,,,,,False,210.3,2.38,24.4,1.0,2.0,2.0,0.0,C14H14N2,4.0,True,
CHEMBL1707,LOPERAMIDE HYDROCHLORIDE,4.0,1976.0,CN(C)C(=O)C(CCN1CCC(O)(c2ccc(Cl)cc2)CC1)(c1ccccc1)c1ccccc1.Cl,PGYPOBZJRVSMDS-UHFFFAOYSA-N,,,,,False,477.0,5.09,43.8,1.0,3.0,7.0,0.0,C29H33ClN2O2,16.0,True,
CHEMBL1709,SERTRALINE HYDROCHLORIDE,4.0,1991.0,CN[C@H]1CC[C@@H](c2ccc(Cl)c(Cl)c2)c2ccccc21.Cl,BLFQGGGGFNSJKA-XHXSRVRCSA-N,,,,,False,306.2,5.18,12.0,1.0,1.0,2.0,0.0,C17H17Cl2N,4.0,True,
CHEMBL535396,RIMANTADINE HYDROCHLORIDE,4.0,1993.0,CC(N)C12CC3CC(CC(C3)C1)C2.Cl,OZBDFBJXRJWNAV-UHFFFAOYSA-N,,,,,False,179.3,2.55,26.0,1.0,1.0,1.0,0.0,C12H21N,4.0,True,
CHEMBL1711,ISOPROTERENOL HYDROCHLORIDE,4.0,1956.0,CC(C)NCC(O)c1ccc(O)c(O)c1.Cl,IROWCYIEJAOFOW-UHFFFAOYSA-N,,,,,False,211.3,1.13,72.7,4.0,4.0,4.0,0.0,C11H17NO3,14.0,True,
CHEMBL1713,CHLORPROMAZINE HYDROCHLORIDE,4.0,1957.0,CN(C)CCCN1c2ccccc2Sc2ccc(Cl)cc21.Cl,FBSMERQALIEGJT-UHFFFAOYSA-N,,,,,False,318.9,4.89,6.5,0.0,3.0,4.0,0.0,C17H19ClN2S,8.0,True,
CHEMBL1714,KETAMINE HYDROCHLORIDE,4.0,1970.0,CNC1(c2ccccc2Cl)CCCCC1=O.Cl,VCMGMSHEPQENPE-UHFFFAOYSA-N,,,,,False,237.7,2.9,29.1,1.0,2.0,2.0,0.0,C13H16ClNO,4.0,True,
CHEMBL1715,PIOGLITAZONE HYDROCHLORIDE,4.0,1999.0,CCc1ccc(CCOc2ccc(CC3SC(=O)NC3=O)cc2)nc1.Cl,GHUUBYQTCDQWRA-UHFFFAOYSA-N,,,,,False,356.4,3.16,68.3,1.0,5.0,7.0,0.0,C19H20N2O3S,14.0,True,
CHEMBL1716,CYPROHEPTADINE HYDROCHLORIDE,4.0,1961.0,CN1CCC(=C2c3ccccc3C=Cc3ccccc32)CC1.Cl,ZPMVNZLARAEGHB-UHFFFAOYSA-N,,,,,False,287.4,4.7,3.2,0.0,1.0,0.0,0.0,C21H21N,0.0,True,
CHEMBL1717,TICLOPIDINE HYDROCHLORIDE,4.0,1991.0,Cl.Clc1ccccc1CN1CCc2sccc2C1,MTKNGOHFNXIVOS-UHFFFAOYSA-N,,,,,False,263.8,3.96,3.2,0.0,2.0,2.0,0.0,C14H14ClNS,4.0,True,
CHEMBL1718,NALOXONE HYDROCHLORIDE,4.0,1971.0,C=CCN1CC[C@]23c4c5ccc(O)c4O[C@H]2C(=O)CC[C@@]3(O)[C@H]1C5.Cl,RGPDIGOSVORSAK-STHHAXOLSA-N,,,,,False,327.4,1.3,70.0,2.0,5.0,2.0,0.0,C19H21NO4,8.0,True,
CHEMBL539770,TERODILINE HYDROCHLORIDE,4.0,1986.0,CC(CC(c1ccccc1)c1ccccc1)NC(C)(C)C.Cl,RNGHAJVBYQPLAZ-UHFFFAOYSA-N,,,,,False,281.4,4.99,12.0,1.0,1.0,5.0,0.0,C20H27N,12.0,True,
CHEMBL1719,OLOPATADINE HYDROCHLORIDE,4.0,1996.0,CN(C)CC/C=C1/c2ccccc2COc2ccc(CC(=O)O)cc21.Cl,HVRLZEKDTUEKQH-NOILCQHBSA-N,,,,,False,337.4,3.59,49.8,1.0,3.0,5.0,0.0,C21H23NO3,12.0,True,
CHEMBL1720,PALONOSETRON HYDROCHLORIDE,4.0,2003.0,Cl.O=C1c2cccc3c2[C@H](CCC3)CN1[C@@H]1CN2CCC1CC2,OLDRWYVIKMSFFB-SSPJITILSA-N,,,,,False,296.4,2.66,23.6,0.0,2.0,1.0,0.0,C19H24N2O,2.0,True,
CHEMBL1722,METHYLPHENIDATE HYDROCHLORIDE,4.0,1955.0,COC(=O)C(c1ccccc1)C1CCCCN1.Cl,JUMYIBMBTDDLNG-UHFFFAOYSA-N,,,,,False,233.3,2.09,38.3,1.0,3.0,3.0,0.0,C14H19NO2,8.0,True,
CHEMBL1723,ALFUZOSIN HYDROCHLORIDE,4.0,2003.0,COc1cc2nc(N(C)CCCNC(=O)C3CCCO3)nc(N)c2cc1OC.Cl,YTNKWDJILNVLGX-UHFFFAOYSA-N,,,,,False,389.5,1.35,111.8,2.0,8.0,8.0,0.0,C19H27N5O4,18.0,True,
CHEMBL1724,MEPENZOLATE BROMIDE,4.0,1956.0,C[N+]1(C)CCCC(OC(=O)C(O)(c2ccccc2)c2ccccc2)C1.[Br-],JRRNZNSGDSFFIR-UHFFFAOYSA-M,,,,,False,340.4,2.7,46.5,1.0,3.0,4.0,1.0,C21H26NO3+,12.0,True,
CHEMBL1725,IOPROMIDE,4.0,1995.0,COCC(=O)Nc1c(I)c(C(=O)NCC(O)CO)c(I)c(C(=O)N(C)CC(O)CO)c1I,DGAIEPBNLOQYER-UHFFFAOYSA-N,V08AB05,Launched,radiopaque medium,contrast agent,False,791.1,-0.41,168.7,6.0,8.0,11.0,0.0,C18H24I3N3O8,32.0,True,
CHEMBL1726,NISOLDIPINE,4.0,1995.0,COC(=O)C1=C(C)NC(C)=C(C(=O)OCC(C)C)C1c1ccccc1[N+](=O)[O-],VKQFCGNPDRICFG-UHFFFAOYSA-N,C08CA07,Launched,calcium channel blocker,hypertension,False,388.4,3.2,107.8,1.0,7.0,6.0,0.0,C20H24N2O6,16.0,True,
CHEMBL1727,CEPHALEXIN ANHYDROUS,4.0,1971.0,CC1=C(C(=O)O)N2C(=O)[C@@H](NC(=O)[C@H](N)c3ccccc3)[C@H]2SC1,ZAIPMKNFIOOWCQ-UEKVPHQBSA-N,,,,,False,347.4,0.44,112.7,3.0,5.0,4.0,0.0,C16H17N3O4S,12.0,True,
CHEMBL1728,LOMEFLOXACIN HYDROCHLORIDE,4.0,1992.0,CCn1cc(C(=O)O)c(=O)c2cc(F)c(N3CCNC(C)C3)c(F)c21.Cl,KXEBLAPZMOQCKO-UHFFFAOYSA-N,,,,,False,351.4,1.8,74.6,2.0,4.0,3.0,0.0,C17H19F2N3O3,8.0,True,
CHEMBL1729,CISAPRIDE,4.0,1993.0,COc1cc(N)c(Cl)cc1C(=O)NC1CCN(CCCOc2ccc(F)cc2)CC1OC,DCSUBABJRXZOMT-UHFFFAOYSA-N,A03FA02,Withdrawn,serotonin receptor agonist,,False,466.0,3.36,86.0,2.0,6.0,9.0,0.0,C23H29ClFN3O4,20.0,True,
CHEMBL561157,TREPROSTINIL SODIUM,4.0,2020.0,CCCCC[C@H](O)CC[C@@H]1[C@H]2Cc3cccc(OCC(=O)[O-])c3C[C@H]2C[C@H]1O.[Na+],IQKAWAUTOKVMLE-ZSESPEEFSA-M,,,,,False,389.5,2.25,89.8,2.0,5.0,10.0,-1.0,C23H33O5-,24.0,True,
CHEMBL1730,CEFOTAXIME,4.0,1981.0,CO/N=C(\C(=O)N[C@@H]1C(=O)N2C(C(=O)O)=C(COC(C)=O)CS[C@H]12)c1csc(N)n1,GPRBEKHLDVQUJE-QSWIMTSFSA-N,J01DD01,Launched,bacterial cell wall synthesis inhibitor,respiratory tract infections|bone and joint infections|pelvic inflammatory disease|intra-abdominal infections|skin infections|meningitis|urinary tract infections|bacterial septicemia|gynecologic infections,False,455.5,-0.62,173.5,3.0,11.0,7.0,0.0,C16H17N5O7S2,20.0,True,
CHEMBL1731,MEZLOCILLIN,4.0,1981.0,CC1(C)S[C@@H]2[C@H](NC(=O)[C@H](NC(=O)N3CCN(S(C)(=O)=O)C3=O)c3ccccc3)C(=O)N2[C@H]1C(=O)O,YPBATNHYBCGSSN-VWPFQQQWSA-N,J01CA10,Launched,bacterial cell wall synthesis inhibitor,gram-negative bacterial infections|gram-positive bacterial infections,False,539.6,-0.23,173.5,3.0,8.0,6.0,0.0,C21H25N5O8S2,16.0,True,
CHEMBL1732,DIHYDROERGOTAMINE,4.0,1946.0,CN1C[C@H](C(=O)N[C@]2(C)O[C@@]3(O)[C@@H]4CCCN4C(=O)[C@H](Cc4ccccc4)N3C2=O)C[C@@H]2c3cccc4[nH]cc(c34)C[C@H]21,LUZRJRNZXALNLM-JGRZULCMSA-N,N02CA01;N02CA51,Launched,serotonin receptor agonist,migraine headache,False,583.7,2.08,118.2,3.0,6.0,4.0,0.0,C33H37N5O5,10.0,True,
CHEMBL564085,TROLEANDOMYCIN,4.0,1969.0,CO[C@H]1C[C@H](O[C@H]2[C@H](C)[C@@H](O[C@@H]3O[C@H](C)C[C@H](N(C)C)[C@H]3OC(C)=O)[C@@H](C)C[C@@]3(CO3)C(=O)[C@H](C)[C@@H](OC(C)=O)[C@@H](C)[C@@H](C)OC(=O)[C@@H]2C)O[C@@H](C)[C@@H]1OC(C)=O,LQCLVBQBTUVCEQ-QTFUVMRISA-N,J01FA08,Launched,protein synthesis inhibitor,pneumonia|bronchitis|tonsillitis|sinusitis,False,814.0,3.62,184.2,0.0,16.0,9.0,0.0,C41H67NO15,,False,F3_druglikeness
CHEMBL553025,VINORELBINE,4.0,1994.0,CCC1=C[C@@H]2CN(C1)Cc1c([nH]c3ccccc13)[C@@](C(=O)OC)(c1cc3c(cc1OC)N(C)[C@H]1[C@@](O)(C(=O)OC)[C@H](OC(C)=O)[C@]4(CC)C=CCN5CC[C@]31[C@@H]54)C2,GBABOYUKABKIAF-IELIFDKJSA-N,L01CA04,Launched,tubulin polymerization inhibitor,non-small cell lung cancer (NSCLC),False,778.9,4.75,133.9,2.0,11.0,7.0,0.0,C45H54N4O8,30.0,True,
CHEMBL539697,DABIGATRAN ETEXILATE,4.0,2008.0,CCCCCCOC(=O)NC(=N)c1ccc(NCc2nc3cc(C(=O)N(CCC(=O)OCC)c4ccccn4)ccc3n2C)cc1,KSGXQBZTULBEEQ-UHFFFAOYSA-N,B01AE07,,,,False,627.7,5.81,151.5,3.0,9.0,15.0,0.0,C34H41N7O5,36.0,True,
CHEMBL1734,SOLIFENACIN,4.0,2004.0,O=C(O[C@H]1CN2CCC1CC2)N1CCc2ccccc2[C@@H]1c1ccccc1,FBOUYBDGKBSUES-VXKWHMMOSA-N,G04BD08,,,,False,362.5,3.86,32.8,0.0,3.0,2.0,0.0,C23H26N2O2,8.0,True,
CHEMBL551466,ACLIDINIUM BROMIDE,4.0,2012.0,O=C(O[C@H]1C[N+]2(CCCOc3ccccc3)CCC1CC2)C(O)(c1cccs1)c1cccs1.[Br-],XLAKJQPTOJHYDR-QTQXQZBYSA-M,R03BB05,,,,False,484.7,4.67,55.8,1.0,6.0,9.0,1.0,C26H30NO4S2+,22.0,True,
CHEMBL1735,INDINAVIR SULFATE,4.0,1996.0,CC(C)(C)NC(=O)[C@@H]1CN(Cc2cccnc2)CCN1C[C@@H](O)C[C@@H](Cc1ccccc1)C(=O)N[C@H]1c2ccccc2C[C@H]1O.O=S(=O)(O)O,NUBQKPWHXMGDLP-BDEHJDMKSA-N,,,,,False,613.8,2.87,118.0,4.0,7.0,11.0,0.0,C36H47N5O4,28.0,True,
CHEMBL550495,METHYLENE BLUE,4.0,2016.0,CN(C)c1ccc2nc3ccc(=[N+](C)C)cc-3sc2c1.O.O.O.[Cl-],XQAXGZLFSSPBMK-UHFFFAOYSA-M,,,,,False,284.4,2.5,19.1,0.0,3.0,1.0,1.0,C16H18N3S+,2.0,True,
CHEMBL1736,METRIZOIC ACID,4.0,1982.0,CC(=O)Nc1c(I)c(C(=O)O)c(I)c(N(C)C(C)=O)c1I,GGGDNPWHMNJRFN-UHFFFAOYSA-N,V08AA02,,,,False,627.9,3.14,86.7,2.0,3.0,3.0,0.0,C12H11I3N2O4,10.0,True,
CHEMBL557555,CIPROFIBRATE,4.0,1985.0,CC(C)(Oc1ccc(C2CC2(Cl)Cl)cc1)C(=O)O,KPSRODZRAIWAKH-UHFFFAOYSA-N,C10AB08,Launched,PPAR receptor agonist,hyperlipidemia,False,289.2,3.59,46.5,1.0,2.0,4.0,0.0,C13H14Cl2O3,10.0,True,
CHEMBL538943,VINORELBINE TARTRATE,4.0,1994.0,CCC1=C[C@@H]2CN(C1)Cc1c([nH]c3ccccc13)[C@@](C(=O)OC)(c1cc3c(cc1OC)N(C)[C@H]1[C@@](O)(C(=O)OC)[C@H](OC(C)=O)[C@]4(CC)C=CCN5CC[C@]31[C@@H]54)C2.O=C(O)C(O)C(O)C(=O)O.O=C(O)C(O)C(O)C(=O)O,CILBMBUYJCWATM-UDRBCWGGSA-N,,,,,False,778.9,4.75,133.9,2.0,11.0,7.0,0.0,C45H54N4O8,30.0,True,
CHEMBL1737,SILDENAFIL CITRATE,4.0,1998.0,CCCc1nn(C)c2c(=O)[nH]c(-c3cc(S(=O)(=O)N4CCN(C)CC4)ccc3OCC)nc12.O=C(O)CC(O)(CC(=O)O)C(=O)O,DEIYFTQMQPDXOT-UHFFFAOYSA-N,,,,,False,474.6,1.61,113.4,1.0,7.0,7.0,0.0,C22H30N6O4S,14.0,True,
CHEMBL550348,DEFERASIROX,4.0,2005.0,O=C(O)c1ccc(-n2nc(-c3ccccc3O)nc2-c2ccccc2O)cc1,BOFQWVMAQOTZIW-UHFFFAOYSA-N,V03AC03,Launched,chelating agent,transfusional hemosiderosis|thalassemia|iron overload,False,373.4,3.71,108.5,3.0,5.0,4.0,0.0,C21H15N3O4,14.0,True,
CHEMBL550755,FORODESINE HYDROCHLORIDE,4.0,2017.0,Cl.O=c1[nH]cnc2c([C@@H]3N[C@H](CO)[C@@H](O)[C@H]3O)c[nH]c12,WEIAMZKHBCLFOG-QPAIBFMUSA-N,,,,,False,266.3,-2.02,134.3,6.0,6.0,2.0,0.0,C11H14N4O4,10.0,True,
CHEMBL1738,DEXRAZOXANE,4.0,1995.0,C[C@@H](CN1CC(=O)NC(=O)C1)N1CC(=O)NC(=O)C1,BMKDZUISNHGIBY-ZETCQYMHSA-N,V03AF02,Launched,chelating agent|topoisomerase inhibitor,cardiomyopathy,False,268.3,-2.71,98.8,2.0,6.0,3.0,0.0,C11H16N4O4,6.0,True,
CHEMBL1739,METOCURINE IODIDE,4.0,1982.0,COc1ccc2cc1Oc1cc3c(cc1OC)CC[N+](C)(C)[C@H]3Cc1ccc(cc1)Oc1c(OC)c(OC)cc3c1[C@@H](C2)[N+](C)(C)CC3.[I-].[I-],DIGFQJFCDPKEPF-OIUSMDOTSA-L,,,,,False,652.8,7.45,55.4,0.0,6.0,4.0,2.0,C40H48N2O6+2,22.0,True,
CHEMBL1741,CLARITHROMYCIN,4.0,1991.0,CC[C@H]1OC(=O)[C@H](C)[C@@H](O[C@H]2C[C@@](C)(OC)[C@@H](O)[C@H](C)O2)[C@H](C)[C@@H](O[C@@H]2O[C@H](C)C[C@H](N(C)C)[C@H]2O)[C@](C)(OC)C[C@@H](C)C(=O)[C@H](C)[C@@H](O)[C@]1(C)O,AGOYDEPGAOXOCK-KCBOHYOISA-N,J01FA09,Launched,bacterial 50S ribosomal subunit inhibitor,pharyngitis|tonsillitis|sinusitis|bronchitis|pneumonia|skin infections|otitis,False,748.0,2.44,182.9,4.0,14.0,8.0,0.0,C38H69NO13,50.0,True,
CHEMBL576982,QUIZARTINIB,4.0,2023.0,CC(C)(C)c1cc(NC(=O)Nc2ccc(-c3cn4c(n3)sc3cc(OCCN5CCOCC5)ccc34)cc2)no1,CVWXJKQAOSCOAB-UHFFFAOYSA-N,L01EX11,Phase 3,FLT3 inhibitor,,False,560.7,5.86,106.2,2.0,8.0,7.0,0.0,C29H32N6O4S,16.0,True,
CHEMBL566534,ARTEMETHER,4.0,2009.0,CO[C@H]1O[C@@H]2O[C@@]3(C)CC[C@H]4[C@H](C)CC[C@@H]([C@H]1C)[C@@]24OO3,SXYIRMFQILZOAM-HVNFFKDJSA-N,P01BE02,Launched,antimalarial agent,malaria,False,298.4,2.84,46.2,0.0,5.0,1.0,0.0,C16H26O5,6.0,True,
CHEMBL566315,OBETICHOLIC ACID,4.0,2016.0,CC[C@H]1[C@@H](O)[C@@H]2[C@H](CC[C@]3(C)[C@@H]([C@H](C)CCC(=O)O)CC[C@@H]23)[C@@]2(C)CC[C@@H](O)C[C@@H]12,ZXERDUOLZKYMJM-ZWECCWDJSA-N,A05AA04,,,,False,420.6,5.11,77.8,3.0,3.0,5.0,0.0,C26H44O4,16.0,True,
CHEMBL566752,FLORBETABEN F18,4.0,2014.0,CNc1ccc(/C=C/c2ccc(OCCOCCOCC[18F])cc2)cc1,NCWZOASIUQVOFA-FWZJPQCDSA-N,V09AX06,,,,False,358.4,4.28,39.7,1.0,4.0,12.0,0.0,C21H26FNO3,24.0,True,
CHEMBL578767,FLUMEXADOL,4.0,,FC(F)(F)c1cccc(C2CNCCO2)c1,GXPYCYWPUGKQIJ-UHFFFAOYSA-N,,Preclinical,,,False,231.2,2.37,21.3,1.0,2.0,1.0,0.0,C11H12F3NO,4.0,True,
CHEMBL1746,SODIUM PHENYLBUTYRATE,4.0,1996.0,O=C([O-])CCCc1ccccc1.[Na+],VPZRWNZGLKXFOE-UHFFFAOYSA-M,A16AX03,,,,False,163.2,0.76,40.1,0.0,2.0,4.0,-1.0,C10H11O2-,8.0,True,
CHEMBL579205,FLUTEMETAMOL,4.0,2013.0,CNc1ccc(-c2nc3ccc(O)cc3s2)cc1F,VVECGOCJFKTUAX-UHFFFAOYSA-N,,,,,False,274.3,3.85,45.2,2.0,4.0,2.0,0.0,C14H11FN2OS,6.0,True,
CHEMBL1747,TOBRAMYCIN,4.0,1975.0,NC[C@H]1O[C@H](O[C@H]2[C@H](O)[C@@H](O[C@H]3O[C@H](CO)[C@@H](O)[C@H](N)[C@H]3O)[C@H](N)C[C@@H]2N)[C@H](N)C[C@@H]1O,NLVFBUXFDBBNBW-PBSUHMDJSA-N,J01GB01;S01AA12,Launched,bacterial 30S ribosomal subunit inhibitor,bacterial septicemia|respiratory tract infections|meningitis|skin infections|urinary tract infections,False,467.5,-6.3,268.2,10.0,14.0,6.0,0.0,C18H37N5O9,32.0,True,
CHEMBL569713,SCOPOLAMINE,4.0,1979.0,CN1[C@@H]2C[C@@H](OC(=O)[C@H](CO)c3ccccc3)C[C@H]1[C@@H]1O[C@@H]12,STECJAGHUSJQJN-FWXGHANASA-N,S01FA02;A04AD01;A04AD51;N05CM05,Launched,acetylcholine receptor antagonist,motion sickness|vomiting|nausea,False,303.4,0.92,62.3,1.0,5.0,4.0,0.0,C17H21NO4,12.0,True,
CHEMBL571546,TIRBANIBULIN,4.0,2020.0,O=C(Cc1ccc(-c2ccc(OCCN3CCOCC3)cc2)cn1)NCc1ccccc1,HUNGUWOZPQBXGX-UHFFFAOYSA-N,D06BX03,,,,False,431.5,3.32,63.7,1.0,5.0,9.0,0.0,C26H29N3O3,18.0,True,
CHEMBL1749,EDETATE DISODIUM ANHYDROUS,4.0,1982.0,O=C([O-])CN(CCN(CC(=O)[O-])CC(=O)O)CC(=O)O.[Na+].[Na+],ZGTMUACCHSMWAC-UHFFFAOYSA-L,,,,,False,290.2,-4.74,161.3,2.0,8.0,11.0,-2.0,C10H14N2O8-2,26.0,True,
CHEMBL1750,CLOFARABINE,4.0,2004.0,Nc1nc(Cl)nc2c1ncn2[C@@H]1O[C@H](CO)[C@@H](O)[C@@H]1F,WDDPHFBMKLOVOX-AYQXTPAHSA-N,L01BB06,Launched,ribonucleotide reductase inhibitor,acute lymphoblastic leukemia (ALL),False,303.7,-0.35,119.3,3.0,7.0,2.0,0.0,C10H11ClFN5O3,10.0,True,
CHEMBL576127,FENSPIRIDE,4.0,,O=C1NCC2(CCN(CCc3ccccc3)CC2)O1,FVNFBBAOMBJTST-UHFFFAOYSA-N,R03DX03;R03BX01,Launched,bronchodilator,asthma|otitis|sinusitis|rhinopharyngitis|laryngitis,False,260.3,1.8,41.6,1.0,3.0,3.0,0.0,C15H20N2O2,6.0,True,
CHEMBL1751,DIGOXIN,4.0,1975.0,C[C@H]1O[C@@H](O[C@H]2[C@@H](O)C[C@H](O[C@H]3[C@@H](O)C[C@H](O[C@H]4CC[C@@]5(C)[C@H](CC[C@@H]6[C@@H]5C[C@@H](O)[C@]5(C)[C@@H](C7=CC(=O)OC7)CC[C@]65O)C4)O[C@@H]3C)O[C@@H]2C)C[C@H](O)[C@@H]1O,LTMHDMANZUZIPE-PUGKRICDSA-N,C01AA05,Launched,ATPase inhibitor,congestive heart failure|atrial fibrillation (AF),False,780.9,2.22,203.1,6.0,14.0,7.0,0.0,C41H64O14,26.0,True,
CHEMBL1752,DYPHYLLINE,4.0,1951.0,Cn1c(=O)c2c(ncn2CC(O)CO)n(C)c1=O,KSCFJBIXMNOVSH-UHFFFAOYSA-N,R03DA51;R03DA01,Launched,adenosine receptor antagonist|phosphodiesterase inhibitor,asthma|bronchitis|emphysema,False,254.2,-2.21,102.3,2.0,5.0,3.0,0.0,C10H14N4O4,10.0,True,
CHEMBL1753,CLINDAMYCIN,4.0,1970.0,CCC[C@@H]1C[C@@H](C(=O)N[C@@H]([C@H]2O[C@H](SC)[C@H](O)[C@@H](O)[C@H]2O)[C@H](C)Cl)N(C)C1,KDLRVYVGXIQJDK-AWPVFWJPSA-N,G01AA10;D10AF01;J01FF01,Launched,protein synthesis inhibitor,respiratory tract infections|pneumonia|skin infections|gynecologic infections|intra-abdominal infections|bacterial septicemia|bone and joint infections,False,425.0,0.39,102.3,4.0,7.0,7.0,0.0,C18H33ClN2O5S,20.0,True,
CHEMBL1754,DOXAPRAM,4.0,1965.0,CCN1CC(CCN2CCOCC2)C(c2ccccc2)(c2ccccc2)C1=O,XFDJYSQDBULQSI-UHFFFAOYSA-N,R07AB01,Launched,potassium channel blocker,respiratory depression|central nervous system depression|acute hypercapnia (AHC),False,378.5,3.17,32.8,0.0,3.0,6.0,0.0,C24H30N2O2,12.0,True,
CHEMBL1755,CONIVAPTAN,4.0,2005.0,Cc1nc2c([nH]1)-c1ccccc1N(C(=O)c1ccc(NC(=O)c3ccccc3-c3ccccc3)cc1)CC2,IKENVDNFQMCRTR-UHFFFAOYSA-N,C03XA02,Launched,vasopressin receptor antagonist,hyponatremia,False,498.6,6.51,78.1,2.0,3.0,4.0,0.0,C32H26N4O2,18.0,True,
CHEMBL1756,ESTRAMUSTINE PHOSPHATE,4.0,1981.0,C[C@]12CC[C@@H]3c4ccc(OC(=O)N(CCCl)CCCl)cc4CC[C@H]3[C@@H]1CC[C@@H]2OP(=O)(O)O,ADFOJJHRTBFFOF-RBRWEJTLSA-N,,,,,False,520.4,5.3,96.3,2.0,4.0,7.0,0.0,C23H32Cl2NO6P,20.0,True,
CHEMBL1757,FOSFOMYCIN,4.0,1996.0,C[C@@H]1O[C@@H]1P(=O)(O)O,YMDXZJFXQJVXBF-STHAYSLISA-N,S02AA17;J01XX01,Launched,bacterial cell wall synthesis inhibitor,urinary tract infections,False,138.1,-0.09,70.1,2.0,2.0,1.0,0.0,C3H7O4P,6.0,True,
CHEMBL1760,TERBUTALINE,4.0,1974.0,CC(C)(C)NCC(O)c1cc(O)cc(O)c1,XWTYSIMOBUGWOL-UHFFFAOYSA-N,R03CC53;R03AC03;R03CC03,Launched,adrenergic receptor agonist,bronchospasm|bronchitis|emphysema,False,225.3,1.52,72.7,4.0,4.0,3.0,0.0,C12H19NO3,14.0,True,
CHEMBL1761,PROCYCLIDINE HYDROCHLORIDE,4.0,1955.0,Cl.OC(CCN1CCCC1)(c1ccccc1)C1CCCCC1,ZFSPFXJSEHCTTR-UHFFFAOYSA-N,,,,,False,287.4,3.94,23.5,1.0,2.0,5.0,0.0,C19H29NO,12.0,True,
CHEMBL1762,TOCAINIDE,4.0,1984.0,Cc1cccc(C)c1NC(=O)C(C)N,BUJAGSGYPOAWEI-UHFFFAOYSA-N,C01BB03,Launched,sodium channel blocker,cardiac arrythmia,False,192.3,1.59,55.1,2.0,2.0,2.0,0.0,C11H16N2O,6.0,True,
CHEMBL1763,HYDROFLUMETHIAZIDE,4.0,1959.0,NS(=O)(=O)c1cc2c(cc1C(F)(F)F)NCNS2(=O)=O,DMDGGSIALPNSEE-UHFFFAOYSA-N,C03AA02;C03AH02,Launched,sodium/potassium/chloride transporter inhibitor,edema|congestive heart failure|hepatic cirrhosis|nephrotic syndrome|chronic renal failure|acute glomerulonephritis (AGN)|hypertension,False,331.3,0.01,118.4,3.0,5.0,1.0,0.0,C8H8F3N3O4S2,6.0,True,
CHEMBL1764,LEVOMEPROMAZINE,4.0,1982.0,COc1ccc2c(c1)N(C[C@H](C)CN(C)C)c1ccccc1S2,VRQVVMDWGGWHTJ-CQSZACIVSA-N,N05AA02,Launched,dopamine receptor antagonist,psychosis|schizophrenia|bipolar disorder|nausea|insomnia,False,328.5,4.5,15.7,0.0,4.0,5.0,0.0,C19H24N2OS,10.0,True,
CHEMBL1766,DESOXIMETASONE,4.0,1977.0,C[C@@H]1C[C@H]2[C@@H]3CCC4=CC(=O)C=C[C@]4(C)[C@@]3(F)[C@@H](O)C[C@]2(C)[C@H]1C(=O)CO,VWVSBHGCDBMOOT-IIEHVVJPSA-N,D07AC03;D07XC02,Launched,glucocorticoid receptor agonist,corticosteroid-responsive dermatoses,False,376.5,2.78,74.6,2.0,4.0,2.0,0.0,C22H29FO4,8.0,True,
CHEMBL1768,BETHANECHOL CHLORIDE,4.0,1948.0,CC(C[N+](C)(C)C)OC(N)=O.[Cl-],XXRMYXBSBOVVBH-UHFFFAOYSA-N,,,,,False,161.2,0.18,52.3,1.0,2.0,3.0,1.0,C7H17N2O2+,8.0,True,
CHEMBL1769,PROPOXYCAINE HYDROCHLORIDE,4.0,1982.0,CCCOc1cc(N)ccc1C(=O)OCCN(CC)CC.Cl,GITPCGSPKUQZTE-UHFFFAOYSA-N,,,,,False,294.4,2.56,64.8,1.0,5.0,9.0,0.0,C16H26N2O3,22.0,True,
CHEMBL1770,LEVAMISOLE HYDROCHLORIDE,4.0,1990.0,Cl.c1ccc([C@H]2CN3CCSC3=N2)cc1,LAZPBGZRMVRFKY-HNCPQSOCSA-N,,,,,False,204.3,2.15,15.6,0.0,3.0,1.0,0.0,C11H12N2S,2.0,True,
CHEMBL591665,SODIUM ASCORBATE,4.0,2006.0,O=C1O[C@H]([C@@H](O)CO)C([O-])=C1O.[Na+],PPASLZSBLFJQEF-RXSVEWSESA-M,,,,,False,175.1,-2.61,110.1,3.0,6.0,2.0,-1.0,C6H7O6-,10.0,True,
CHEMBL1771,CLOPIDOGREL,4.0,1997.0,COC(=O)[C@H](c1ccccc1Cl)N1CCc2sccc2C1,GKTWGGQPFAXNFI-HNNXBMFYSA-N,B01AC04,Launched,purinergic receptor antagonist,myocardial infarction|stroke|peripheral artery disease (PAD)|acute coronary syndrome (ACS),False,321.8,3.67,29.5,0.0,4.0,3.0,0.0,C16H16ClNO2S,8.0,True,
CHEMBL1773,CAPECITABINE,4.0,1998.0,CCCCCOC(=O)Nc1nc(=O)n([C@@H]2O[C@H](C)[C@@H](O)[C@H]2O)cc1F,GAGWJHPBXLXJQN-UORFTKCHSA-N,L01BC06,Launched,DNA synthesis inhibitor|thymidylate synthase inhibitor,breast cancer|colorectal cancer,False,359.4,0.76,122.9,3.0,7.0,6.0,0.0,C15H22FN3O6,16.0,True,
CHEMBL589586,MONOMETHYL FUMARATE,4.0,2020.0,COC(=O)/C=C/C(=O)O,NKHAVTQWNUWKEO-NSCUHMNNSA-N,,,,,False,130.1,-0.2,63.6,1.0,3.0,2.0,0.0,C5H6O4,8.0,True,
CHEMBL601719,CRIZOTINIB,4.0,2011.0,C[C@@H](Oc1cc(-c2cnn(C3CCNCC3)c2)cnc1N)c1c(Cl)ccc(F)c1Cl,KTEIFNKAUNYNJU-GFCCVEGCSA-N,L01ED01,Launched,ALK tyrosine kinase receptor inhibitor,non-small cell lung cancer (NSCLC),False,450.3,5.04,78.0,2.0,5.0,5.0,0.0,C21H22Cl2FN5O,12.0,True,
CHEMBL605846,OLODATEROL,4.0,2014.0,COc1ccc(CC(C)(C)NC[C@H](O)c2cc(O)cc3c2OCC(=O)N3)cc1,COUYJEVMBVSIHV-SFHVURJKSA-N,R03AC19,,,,False,386.4,2.38,100.1,4.0,6.0,7.0,0.0,C21H26N2O5,18.0,True,
CHEMBL607710,CHLORPHENESIN CARBAMATE,4.0,1965.0,NC(=O)OCC(O)COc1ccc(Cl)cc1,SKPLBLUECSEIFO-UHFFFAOYSA-N,D01AE07,,,,False,245.7,1.18,81.8,2.0,4.0,5.0,0.0,C10H12ClNO4,14.0,True,
CHEMBL606260,CARBENICILLIN DISODIUM,4.0,1982.0,CC1(C)S[C@@H]2[C@H](NC(=O)C(C(=O)[O-])c3ccccc3)C(=O)N2[C@H]1C(=O)[O-].[Na+].[Na+],RTYJTGSCYUUYAL-YCAHSCEMSA-L,,,,,False,376.4,-2.18,129.7,1.0,7.0,5.0,-2.0,C17H16N2O6S-2,10.0,True,
CHEMBL608533,MIDOSTAURIN,4.0,2017.0,CO[C@@H]1[C@H](N(C)C(=O)c2ccccc2)C[C@H]2O[C@]1(C)n1c3ccccc3c3c4c(c5c6ccccc6n2c5c31)C(=O)NC4,BMGQWWVMWDBQGC-IIFHNQTCSA-N,L01EX10,Launched,FLT3 inhibitor|KIT inhibitor|PKC inhibitor,acute myeloid leukemia (AML),False,570.6,5.91,77.7,1.0,4.0,3.0,0.0,C35H30N4O4,8.0,True,
CHEMBL607400,BRIVARACETAM,4.0,2016.0,CCC[C@@H]1CC(=O)N([C@@H](CC)C(N)=O)C1,MSYKRHVOOPPJKU-BDAKNGLRSA-N,N03AX23,,,,False,212.3,0.9,63.4,1.0,2.0,5.0,0.0,C11H20N2O2,10.0,True,
CHEMBL43708,IMIPENEM,4.0,1985.0,C[C@@H](O)[C@H]1C(=O)N2C(C(=O)O)=C(SCCNC=N)C[C@H]12.O,GSOSVVULSKVSLQ-JJVRHELESA-N,,Launched,bacterial cell wall synthesis inhibitor,pneumonia|urinary tract infections|intra-abdominal infections|gynecologic infections|bacterial septicemia|bone and joint infections|skin infections|endocarditis,False,299.4,-0.18,113.7,4.0,5.0,7.0,0.0,C12H17N3O4S,16.0,True,
CHEMBL1079742,ERLOTINIB HYDROCHLORIDE,4.0,2004.0,C#Cc1cccc(Nc2ncnc3cc(OCCOC)c(OCCOC)cc23)c1.Cl,GTTBEUCJPZQMDZ-UHFFFAOYSA-N,,,,,False,393.4,3.41,74.7,1.0,7.0,10.0,0.0,C22H23N3O4,20.0,True,
CHEMBL1079604,METAXALONE,4.0,1962.0,Cc1cc(C)cc(OCC2CNC(=O)O2)c1,IMWZZHHPURKASS-UHFFFAOYSA-N,,Launched,muscle relaxant,muscle pain,False,221.3,1.79,47.6,1.0,3.0,3.0,0.0,C12H15NO3,6.0,True,
CHEMBL1076903,VARENICLINE,4.0,2006.0,c1cnc2cc3c(cc2n1)[C@@H]1CNC[C@H]3C1,JQSHBVHOMNKWFT-DTORHVGOSA-N,N07BA03;S01XA28,Launched,acetylcholine receptor agonist,smoking cessation,False,211.3,1.8,37.8,1.0,3.0,0.0,0.0,C13H13N3,0.0,True,
CHEMBL1078178,MOMELOTINIB,4.0,2023.0,N#CCNC(=O)c1ccc(-c2ccnc(Nc3ccc(N4CCOCC4)cc3)n2)cc1,ZVHNDZWQTBEVRY-UHFFFAOYSA-N,L01EJ04,,,,False,414.5,2.98,103.2,2.0,7.0,6.0,0.0,C23H22N6O2,12.0,True,
CHEMBL1078261,PROPIVERINE,4.0,,CCCOC(C(=O)OC1CCN(C)CC1)(c1ccccc1)c1ccccc1,QPCVHQBVMYCJOM-UHFFFAOYSA-N,G04BD06,Launched,acetylcholine receptor antagonist,urinary incontinence,False,367.5,3.99,38.8,0.0,4.0,7.0,0.0,C23H29NO3,16.0,True,
CHEMBL1077896,ROPIVACAINE,4.0,1996.0,CCCN1CCCC[C@H]1C(=O)Nc1c(C)cccc1C,ZKMNUMMKYBVTFN-HNNXBMFYSA-N,N01BB09,Launched,sodium channel blocker,anesthetic,False,274.4,3.51,32.3,1.0,2.0,4.0,0.0,C17H26N2O,8.0,True,
CHEMBL1089221,BENDAZAC,4.0,1984.0,O=C(O)COc1nn(Cc2ccccc2)c2ccccc12,BYFMCKSPFYVMOU-UHFFFAOYSA-N,M02AA11;S01BC07,Launched,cyclooxygenase inhibitor,muscle pain|joint pain,False,282.3,2.55,64.3,1.0,3.0,5.0,0.0,C16H14N2O3,12.0,True,
CHEMBL1089318,OPICAPONE,4.0,2016.0,Cc1c(Cl)c(C)[n+]([O-])c(Cl)c1-c1noc(-c2cc(O)c(O)c([N+](=O)[O-])c2)n1,ASOADIZOVZTJSR-UHFFFAOYSA-N,N04BX04,Phase 3,catechol O methyltransferase inhibitor,,False,413.2,3.28,149.5,2.0,8.0,3.0,0.0,C15H10Cl2N4O6,10.0,True,
CHEMBL1089641,TRYPAN BLUE FREE ACID,4.0,2004.0,Cc1cc(-c2ccc(/N=N/c3c(S(=O)(=O)O)cc4cc(S(=O)(=O)O)cc(N)c4c3O)c(C)c2)ccc1/N=N/c1c(S(=O)(=O)O)cc2cc(S(=O)(=O)O)cc(N)c2c1O,ZBNARPCCDMHDDV-HVMBLDELSA-N,,,,,False,872.9,6.67,359.4,8.0,16.0,9.0,0.0,C34H28N6O14S4,,False,F3_druglikeness
CHEMBL1091250,INDIGOTINDISULFONATE,4.0,2022.0,O=C1/C(=C2\Nc3ccc(S(=O)(=O)O)cc3C2=O)Nc2ccc(S(=O)(=O)O)cc21,CFZXDJWFRVEWSR-BUHFOSPRSA-N,,,,,False,422.4,1.31,166.9,4.0,8.0,2.0,0.0,C16H10N2O8S2,8.0,True,
CHEMBL1096562,METHYL AMINOLEVULINATE,4.0,2004.0,COC(=O)CCC(=O)CN,YUUAYBAIHCDHHD-UHFFFAOYSA-N,L01XD03,,,,False,145.2,-0.53,69.4,1.0,4.0,4.0,0.0,C6H11NO3,12.0,True,
CHEMBL1096882,FLUDARABINE PHOSPHATE,4.0,1991.0,Nc1nc(F)nc2c1ncn2[C@@H]1O[C@H](COP(=O)(O)O)[C@@H](O)[C@@H]1O,GIUYCYHIANZCFB-FJFJXFQQSA-N,L01BB05,,,,False,365.2,-1.72,186.1,5.0,9.0,4.0,0.0,C10H13FN5O7P,18.0,True,
CHEMBL1097620,IOTHALAMATE SODIUM,4.0,1982.0,CNC(=O)c1c(I)c(NC(C)=O)c(I)c(C(=O)[O-])c1I.[Na+],WCIMWHNSWLLELS-UHFFFAOYSA-M,,,,,False,612.9,1.18,98.3,2.0,4.0,3.0,-1.0,C11H8I3N2O4-,6.0,True,
CHEMBL1094966,PIRBUTEROL,4.0,1986.0,CC(C)(C)NCC(O)c1ccc(O)c(CO)n1,VQDBNKDJNJQRDG-UHFFFAOYSA-N,R03CC07;R03AC08,,,,False,240.3,0.7,85.6,4.0,5.0,4.0,0.0,C12H20N2O3,16.0,True,
CHEMBL1096885,VALRUBICIN,4.0,1998.0,CCCCC(=O)OCC(=O)[C@]1(O)Cc2c(O)c3c(c(O)c2[C@@H](O[C@H]2C[C@H](NC(=O)C(F)(F)F)[C@H](O)[C@H](C)O2)C1)C(=O)c1c(OC)cccc1C3=O,ZOCKGBMQLCSHFP-KQRAQHLDSA-N,L01DB09,Launched,DNA inhibitor|topoisomerase inhibitor,bladder cancer,False,723.6,2.46,215.2,5.0,13.0,10.0,0.0,C34H36F3NO13,32.0,True,
CHEMBL1094636,NIRAPARIB,4.0,2017.0,NC(=O)c1cccc2cn(-c3ccc([C@@H]4CCCNC4)cc3)nc12,PCHKPVIQAHNQLW-CQSZACIVSA-N,L01XK02,Launched,PARP inhibitor,primary peritoneal cancer (PPC),False,320.4,2.59,72.9,2.0,3.0,3.0,0.0,C19H20N4O,6.0,True,
CHEMBL1095292,BRETYLIUM TOSYLATE,4.0,1982.0,CC[N+](C)(C)Cc1ccccc1Br.Cc1ccc(S(=O)(=O)[O-])cc1,KVWNWTZZBKCOPM-UHFFFAOYSA-M,C01BD02,,,,False,243.2,3.05,0.0,0.0,0.0,3.0,1.0,C11H17BrN+,6.0,True,
CHEMBL1095930,CEFUROXIME AXETIL,4.0,1987.0,CO/N=C(\C(=O)N[C@@H]1C(=O)N2C(C(=O)OC(C)OC(C)=O)=C(COC(N)=O)CS[C@H]12)c1ccco1,KEJCWVGMRLCZQQ-YJBYXUATSA-N,,,,,False,510.5,-0.17,189.1,2.0,12.0,9.0,0.0,C20H22N4O10S,24.0,True,
CHEMBL1098319,2-MERCAPTOETHANESULFONIC ACID,4.0,1988.0,O=S(=O)(O)CCS,ZNEWHQLOPFWXOF-UHFFFAOYSA-N,,,,,False,142.2,-0.2,54.4,2.0,3.0,2.0,0.0,C2H6O3S2,8.0,True,
CHEMBL1098285,DISTIGMINE BROMIDE,4.0,,CN(CCCCCCN(C)C(=O)Oc1ccc[n+](C)c1)C(=O)Oc1ccc[n+](C)c1.[Br-].[Br-],GJHSNEVFXQVOHR-UHFFFAOYSA-L,,,,,False,416.5,2.46,66.8,0.0,4.0,9.0,2.0,C22H32N4O4+2,26.0,True,
CHEMBL1095777,INDACATEROL,4.0,2009.0,CCc1cc2c(cc1CC)CC(NC[C@H](O)c1ccc(O)c3[nH]c(=O)ccc13)C2,QZZUEBNBZAPZLX-QFIPXVFZSA-N,R03AC18,Launched,adrenergic receptor agonist,chronic obstructive pulmonary disease (COPD),False,392.5,3.15,85.3,4.0,4.0,6.0,0.0,C24H28N2O3,16.0,True,
CHEMBL1097279,CANGRELOR TETRASODIUM,4.0,2015.0,CSCCNc1nc(SCCC(F)(F)F)nc2c1ncn2[C@@H]1O[C@H](COP(=O)([O-])OP(=O)([O-])C(Cl)(Cl)P(=O)([O-])[O-])[C@@H](O)[C@H]1O.[Na+].[Na+].[Na+].[Na+],COWWROCHWNGJHQ-OPKBHZIBSA-J,,,,,False,772.3,0.32,267.2,3.0,18.0,15.0,-4.0,C17H21Cl2F3N5O12P3S2-4,,False,F3_druglikeness
CHEMBL1095097,EPLERENONE,4.0,2002.0,COC(=O)[C@@H]1CC2=CC(=O)CC[C@]2(C)[C@@]23O[C@@H]2C[C@@]2(C)[C@@H](CC[C@@]24CCC(=O)O4)[C@H]13,JUKPWJGBANNWMW-VWBFHTRKSA-N,C03DA04,Launched,cytochrome P450 inhibitor,congestive heart failure|hypertension,False,414.5,3.12,82.2,0.0,6.0,1.0,0.0,C24H30O6,4.0,True,
CHEMBL1098659,WATER,4.0,1982.0,O,XLYOFNOQVPJJNP-UHFFFAOYSA-N,,,,,False,,,,,,,,,,False,F2_mw_18
CHEMBL1096146,PONESIMOD,4.0,2021.0,CCC/N=C1\S/C(=C\c2ccc(OC[C@H](O)CO)c(Cl)c2)C(=O)N1c1ccccc1C,LPAUOXUZGSBGDU-STDDISTJSA-N,L04AE04,Phase 3,sphingosine 1-phosphate receptor agonist,,False,461.0,4.27,82.4,2.0,6.0,8.0,0.0,C23H25ClN2O4S,20.0,True,
CHEMBL1083659,SUVOREXANT,4.0,2014.0,Cc1ccc(-n2nccn2)c(C(=O)N2CCN(c3nc4cc(Cl)ccc4o3)CC[C@H]2C)c1,JYTNQNCOQXFQPK-MRXNPFEDSA-N,N05CJ01,,,,False,450.9,4.11,80.3,0.0,6.0,3.0,0.0,C23H23ClN6O2,20.0,True,
CHEMBL1083385,CLOPIDOGREL BISULFATE,4.0,1997.0,COC(=O)[C@H](c1ccccc1Cl)N1CCc2sccc2C1.O=S(=O)(O)O,FDEODCTUSIWGLK-RSAXXLAASA-N,,,,,False,321.8,3.67,29.5,0.0,4.0,3.0,0.0,C16H16ClNO2S,8.0,True,
CHEMBL1083993,AMIODARONE HYDROCHLORIDE,4.0,1985.0,CCCCc1oc2ccccc2c1C(=O)c1cc(I)c(OCCN(CC)CC)c(I)c1.Cl,ITPDYQOUSLNIHG-UHFFFAOYSA-N,,,,,False,645.3,6.94,42.7,0.0,4.0,11.0,0.0,C25H29I2NO3,22.0,True,
CHEMBL1086440,TRICLABENDAZOLE,4.0,2019.0,CSc1nc2cc(Cl)c(Oc3cccc(Cl)c3Cl)cc2[nH]1,NQPDXQQQCQDHHW-UHFFFAOYSA-N,P02BX04,Launched,microtubule inhibitor,tapeworm,False,359.7,6.04,37.9,1.0,3.0,3.0,0.0,C14H9Cl3N2OS,6.0,True,
CHEMBL1082407,ENZALUTAMIDE,4.0,2012.0,CNC(=O)c1ccc(N2C(=S)N(c3ccc(C#N)c(C(F)(F)F)c3)C(=O)C2(C)C)cc1F,WXCXUHSOUPDCQV-UHFFFAOYSA-N,L02BB04,Launched,androgen receptor antagonist,prostate cancer,False,464.4,3.99,76.4,1.0,4.0,3.0,0.0,C21H16F4N4O2S,8.0,True,
CHEMBL1082607,SALMETEROL XINAFOATE,4.0,1994.0,O=C(O)c1ccc2ccccc2c1O.OCc1cc(C(O)CNCCCCCCOCCCCc2ccccc2)ccc1O,XTZNCVSCVHTPAI-UHFFFAOYSA-N,,,,,False,415.6,4.11,82.0,4.0,5.0,16.0,0.0,C25H37NO4,38.0,True,
CHEMBL1084172,VILANTEROL TRIFENATATE,4.0,2013.0,O=C(O)C(c1ccccc1)(c1ccccc1)c1ccccc1.OCc1cc([C@@H](O)CNCCCCCCOCCOCc2c(Cl)cccc2Cl)ccc1O,KLOLZALDXGTNQE-JIDHJSLPSA-N,,,,,False,486.4,4.61,91.2,4.0,6.0,16.0,0.0,C24H33Cl2NO5,38.0,True,
CHEMBL1159650,CLOBETASOL PROPIONATE,4.0,1985.0,CCC(=O)O[C@]1(C(=O)CCl)[C@@H](C)C[C@H]2[C@@H]3CCC4=CC(=O)C=C[C@]4(C)[C@@]3(F)[C@@H](O)C[C@@]21C,CBGUOGMQLZIXBE-XGQKBEPLSA-N,D07AD01,,,,False,467.0,4.1,80.7,1.0,5.0,4.0,0.0,C25H32ClFO5,12.0,True,
CHEMBL1160819,"AMMONIA SOLUTION, STRONG",4.0,2007.0,N,QGZKDVFQNNGYKY-UHFFFAOYSA-N,,,,,False,,,,,,,,,,False,F2_mw_17
CHEMBL1161681,NITROUS ACID,4.0,2011.0,O=NO,IOVCWXUNBOPUCH-UHFFFAOYSA-N,,,,,False,,,,,,,,,,False,F2_mw_47
CHEMBL1165342,VINCAMINE,4.0,,CC[C@]12CCCN3CCc4c(n(c5ccccc45)[C@@](O)(C(=O)OC)C1)[C@@H]32,RXPRRQLKFXBCSJ-GIVPXCGWSA-N,C04AX07,Withdrawn,adrenergic receptor antagonist,,False,354.5,2.95,54.7,1.0,4.0,2.0,0.0,C21H26N2O3,8.0,True,
CHEMBL1165268,IODIPAMIDE,4.0,1982.0,O=C(CCCCC(=O)Nc1c(I)cc(I)c(C(=O)O)c1I)Nc1c(I)cc(I)c(C(=O)O)c1I,FFINMCNLQNTKLU-UHFFFAOYSA-N,V08AC04,Launched,radiopaque medium,contrast agent,False,,,,,,,,,,False,F2_mw_1140
CHEMBL1164729,FEBUXOSTAT,4.0,2008.0,Cc1nc(-c2ccc(OCC(C)C)c(C#N)c2)sc1C(=O)O,BQSJTQLCZDPROO-UHFFFAOYSA-N,M04AA03,Launched,xanthine oxidase inhibitor,hyperuricemia,False,316.4,3.72,83.2,1.0,5.0,5.0,0.0,C16H16N2O3S,12.0,True,
CHEMBL1171837,PONATINIB,4.0,2012.0,Cc1ccc(C(=O)Nc2ccc(CN3CCN(C)CC3)c(C(F)(F)F)c2)cc1C#Cc1cnc2cccnn12,PHXJVRSECIGDHY-UHFFFAOYSA-N,L01EA05,Launched,Bcr-Abl kinase inhibitor|FLT3 inhibitor|PDGFR tyrosine kinase receptor inhibitor,chronic myeloid leukemia (CML)|acute lymphoblastic leukemia (ALL),False,532.6,4.46,65.8,1.0,5.0,4.0,0.0,C29H27F3N6O,12.0,True,
CHEMBL1173655,AFATINIB,4.0,2013.0,CN(C)C/C=C/C(=O)Nc1cc2c(Nc3ccc(F)c(Cl)c3)ncnc2cc1O[C@H]1CCOC1,ULXXDDBFHOBEHA-CWDCEQMOSA-N,L01EB03,Launched,EGFR inhibitor,non-small cell lung cancer (NSCLC),False,485.9,4.39,88.6,2.0,7.0,8.0,0.0,C24H25ClFN5O3,16.0,True,
CHEMBL1173055,RUCAPARIB,4.0,2016.0,CNCc1ccc(-c2[nH]c3cc(F)cc4c3c2CCNC4=O)cc1,HMABYWSNWIZPAG-UHFFFAOYSA-N,L01XK03,Phase 3,PARP inhibitor,,False,323.4,2.98,56.9,3.0,2.0,3.0,0.0,C19H18FN3O,12.0,True,
CHEMBL1179047,CHLOROPROCAINE,4.0,1955.0,CCN(CC)CCOC(=O)c1ccc(N)cc1Cl,VDANGULDQQJODZ-UHFFFAOYSA-N,S01HA08;N01BA04,Launched,sodium channel blocker,local anesthetic,False,270.8,2.42,55.6,1.0,4.0,6.0,0.0,C13H19ClN2O2,16.0,True,
CHEMBL1180725,PROPANTHELINE,4.0,1953.0,CC(C)[N+](C)(CCOC(=O)C1c2ccccc2Oc2ccccc21)C(C)C,VVWYOYDLCMFIEM-UHFFFAOYSA-N,A03AB05,Launched,acetylcholine receptor antagonist,peptic ulcer disease (PUD),False,368.5,4.73,35.5,0.0,3.0,6.0,1.0,C23H30NO3+,14.0,True,
CHEMBL1182833,MIVACURIUM,4.0,1992.0,COc1cc2c(cc1OC)[C@@H](Cc1cc(OC)c(OC)c(OC)c1)[N+](C)(CCCOC(=O)CC/C=C/CCC(=O)OCCC[N+]1(C)CCc3cc(OC)c(OC)cc3[C@H]1Cc1cc(OC)c(OC)c(OC)c1)CC2,ILVYCEVXHALBSC-OTBYEXOQSA-N,,Launched,acetylcholine receptor antagonist,endotracheal intubation|muscle relaxant,False,,,,,,,,,,False,F2_mw_1029
CHEMBL1183349,ISAVUCONAZONIUM,4.0,2015.0,CNCC(=O)OCc1cccnc1N(C)C(=O)OC(C)[n+]1cnn(C[C@](O)(c2cc(F)ccc2F)[C@@H](C)c2nc(-c3ccc(C#N)cc3)cs2)c1,RSWOJTICKMKTER-QXLBVTBOSA-N,,,,,False,717.8,4.58,159.4,2.0,11.0,13.0,1.0,C35H35F2N8O5S+,34.0,True,
CHEMBL1183717,ALMITRINE,4.0,,C=CCNc1nc(NCC=C)nc(N2CCN(C(c3ccc(F)cc3)c3ccc(F)cc3)CC2)n1,OBDOVFRMEYHSQB-UHFFFAOYSA-N,R07AB07,Launched,neurotransmitter agonist,chronic obstructive pulmonary disease (COPD),False,477.6,4.26,69.2,2.0,7.0,10.0,0.0,C26H29F2N7,20.0,True,
CHEMBL1184360,DIAMTHAZOLE,4.0,,CCN(CC)CCOc1ccc2nc(N(C)C)sc2c1,WGMYEOIMVYADRJ-UHFFFAOYSA-N,D01AE17,,,,False,293.4,3.08,28.6,0.0,5.0,7.0,0.0,C15H23N3OS,14.0,True,
CHEMBL1185568,DITHIAZANINE,4.0,,CCN1C(=CC=CC=Cc2sc3ccccc3[n+]2CC)Sc2ccccc21,FYXWDSGGZAMYFZ-UHFFFAOYSA-N,,,,,False,391.6,6.25,7.1,0.0,3.0,5.0,1.0,C23H23N2S2+,10.0,True,
CHEMBL1186579,METHYLNALTREXONE,4.0,2008.0,C[N+]1(CC2CC2)CC[C@]23c4c5ccc(O)c4O[C@H]2C(=O)CC[C@@]3(O)[C@H]1C5,JVLBPIPGETUEET-GAAHOAFPSA-O,,Launched,opioid receptor antagonist,constipation,False,356.4,1.67,66.8,2.0,4.0,2.0,1.0,C21H26NO4+,8.0,True,
CHEMBL1186610,ANISOTROPINE,4.0,1962.0,CCCC(CCC)C(=O)O[C@H]1C[C@H]2CC[C@@H](C1)[N+]2(C)C,XGGHHHBGPSNXFE-ZSHCYNCHSA-N,,Launched,acetylcholine receptor antagonist,peptic ulcer disease (PUD),False,282.4,3.52,26.3,0.0,2.0,6.0,1.0,C17H32NO2+,14.0,True,
CHEMBL1187833,UMECLIDINIUM,4.0,2013.0,OC(c1ccccc1)(c1ccccc1)C12CC[N+](CCOCc3ccccc3)(CC1)CC2,FVTWTVQXNAJTQP-UHFFFAOYSA-N,,Launched,acetylcholine receptor antagonist,chronic obstructive pulmonary disease (COPD)|bronchitis|emphysema,False,428.6,5.14,29.5,1.0,2.0,8.0,1.0,C29H34NO2+,18.0,True,
CHEMBL1189432,OLOPATADINE,4.0,1996.0,CN(C)CC/C=C1/c2ccccc2COc2ccc(CC(=O)O)cc21,JBIMVDZLSHOPLA-LSCVHKIXSA-N,R01AC08;S01GX09,Launched,histamine receptor antagonist,conjunctivitis,False,337.4,3.59,49.8,1.0,3.0,5.0,0.0,C21H23NO3,12.0,True,
CHEMBL1189679,PALONOSETRON,4.0,2003.0,O=C1c2cccc3c2[C@H](CCC3)CN1[C@@H]1CN2CCC1CC2,CPZBLNMUGSZIPR-NVXWUHKLSA-N,A04AA55;A04AA05,Launched,serotonin receptor antagonist,nausea|vomiting,False,296.4,2.66,23.6,0.0,2.0,1.0,0.0,C19H24N2O,2.0,True,
CHEMBL1194325,ACLIDINIUM,4.0,2012.0,O=C(O[C@H]1C[N+]2(CCCOc3ccccc3)CCC1CC2)C(O)(c1cccs1)c1cccs1,ASMXXROZKSBQIH-VITNCHFBSA-N,,Launched,acetylcholine receptor antagonist,bronchitis|emphysema|chronic obstructive pulmonary disease (COPD),False,484.7,4.67,55.8,1.0,6.0,9.0,1.0,C26H30NO4S2+,22.0,True,
CHEMBL1194666,DIETHYLPROPION,4.0,1959.0,CCN(CC)C(C)C(=O)c1ccccc1,XXEPPPIWZFICOJ-UHFFFAOYSA-N,A08AA03,,,,False,205.3,2.6,20.3,0.0,2.0,5.0,0.0,C13H19NO,10.0,True,
CHEMBL1198857,VILANTEROL,4.0,2013.0,OCc1cc([C@@H](O)CNCCCCCCOCCOCc2c(Cl)cccc2Cl)ccc1O,DAFYYTQWSAWIGS-DEOSSOPVSA-N,,Launched,adrenergic receptor agonist,chronic obstructive pulmonary disease (COPD),False,486.4,4.61,91.2,4.0,6.0,16.0,0.0,C24H33Cl2NO5,38.0,True,
CHEMBL1199080,BRETYLIUM,4.0,1982.0,CC[N+](C)(C)Cc1ccccc1Br,AAQOQKQBGPPFNS-UHFFFAOYSA-N,,Launched,norepinephrine inhibitor,ventricular arrhythmias|ventricular fibrillation (VF)|ventricular tachycardia (VT),False,243.2,3.05,0.0,0.0,0.0,3.0,1.0,C11H17BrN+,6.0,True,
CHEMBL1199307,DISTIGMINE,4.0,,CN(CCCCCCN(C)C(=O)Oc1ccc[n+](C)c1)C(=O)Oc1ccc[n+](C)c1,AHZBEVXBKNYXPU-UHFFFAOYSA-N,N07AA03,,,,False,416.5,2.46,66.8,0.0,4.0,9.0,2.0,C22H32N4O4+2,26.0,True,
CHEMBL1199324,FOSAPREPITANT,4.0,2008.0,C[C@@H](O[C@H]1OCCN(Cc2nn(P(=O)(O)O)c(=O)[nH]2)[C@H]1c1ccc(F)cc1)c1cc(C(F)(F)F)cc(C(F)(F)F)c1,BARDROPHSZEBKC-OITMNORJSA-N,,,,,False,614.4,4.37,129.9,3.0,6.0,7.0,0.0,C23H22F7N4O6P,22.0,True,
CHEMBL1200321,SULFISOXAZOLE DIOLAMINE,4.0,1982.0,Cc1noc(NS(=O)(=O)c2ccc(N)cc2)c1C.OCCNCCO,FEPTXVIRMZIGFY-UHFFFAOYSA-N,,,,,False,267.3,1.67,98.2,2.0,5.0,3.0,0.0,C11H13N3O3S,8.0,True,
CHEMBL1200322,ESCITALOPRAM OXALATE,4.0,2002.0,CN(C)CCC[C@@]1(c2ccc(F)cc2)OCc2cc(C#N)ccc21.O=C(O)C(=O)O,KTGRHKOEFSJQNS-BDQAORGHSA-N,,,,,False,324.4,3.81,36.3,0.0,3.0,5.0,0.0,C20H21FN2O,10.0,True,
CHEMBL1200323,LABETALOL HYDROCHLORIDE,4.0,1984.0,CC(CCc1ccccc1)NCC(O)c1ccc(O)c(C(N)=O)c1.Cl,WQVZLXWQESQGIF-UHFFFAOYSA-N,,,,,False,328.4,2.14,95.6,4.0,4.0,8.0,0.0,C19H24N2O3,20.0,True,
CHEMBL1200326,NICARDIPINE HYDROCHLORIDE,4.0,1988.0,COC(=O)C1=C(C)NC(C)=C(C(=O)OCCN(C)Cc2ccccc2)C1c1cccc([N+](=O)[O-])c1.Cl,AIKVCUNQWYTVTO-UHFFFAOYSA-N,,,,,False,479.5,3.68,111.0,1.0,8.0,9.0,0.0,C26H29N3O6,22.0,True,
CHEMBL1200328,DULOXETINE HYDROCHLORIDE,4.0,2004.0,CNCC[C@H](Oc1cccc2ccccc12)c1cccs1.Cl,BFFSMCNJSOPUAY-LMOVPXPDSA-N,,,,,False,297.4,4.63,21.3,1.0,3.0,6.0,0.0,C18H19NOS,12.0,True,
CHEMBL1200329,TIZANIDINE HYDROCHLORIDE,4.0,1996.0,Cl.Clc1ccc2nsnc2c1NC1=NCCN1,ZWUKMNZJRDGCTQ-UHFFFAOYSA-N,,,,,False,253.7,1.72,62.2,2.0,6.0,1.0,0.0,C9H8ClN5S,2.0,True,
CHEMBL1200330,PILOCARPINE HYDROCHLORIDE,4.0,1984.0,CC[C@@H]1C(=O)OC[C@@H]1Cc1cncn1C.Cl,RNAICSBVACLLGM-GNAZCLTHSA-N,,,,,False,208.3,1.16,44.1,0.0,3.0,3.0,0.0,C11H16N2O2,6.0,True,
CHEMBL1200331,FOSFOMYCIN TROMETHAMINE,4.0,1996.0,C[C@@H]1O[C@@H]1P(=O)(O)O.NC(CO)(CO)CO,QZJIMDIBFFHQDW-LMLSDSMGSA-N,,,,,False,121.1,-2.34,86.7,4.0,4.0,3.0,0.0,C4H11NO3,14.0,True,
CHEMBL1200332,PROTRIPTYLINE HYDROCHLORIDE,4.0,1967.0,CNCCCC1c2ccccc2C=Cc2ccccc21.Cl,OGQDIIKRQRZXJH-UHFFFAOYSA-N,,,,,False,263.4,4.3,12.0,1.0,1.0,4.0,0.0,C19H21N,8.0,True,
CHEMBL1200334,MORICIZINE HYDROCHLORIDE,4.0,1990.0,CCOC(=O)Nc1ccc2c(c1)N(C(=O)CCN1CCOCC1)c1ccccc1S2.Cl,GAQAKFHSULJNAK-UHFFFAOYSA-N,,,,,False,427.5,4.11,71.1,1.0,6.0,5.0,0.0,C22H25N3O4S,14.0,True,
CHEMBL1200335,TESTOSTERONE ENANTHATE,4.0,1953.0,CCCCCCC(=O)O[C@H]1CC[C@H]2[C@@H]3CCC4=CC(=O)CC[C@]4(C)[C@H]3CC[C@]12C,VOCBWIIFXDYGNZ-IXKNJLPQSA-N,,,,,False,400.6,6.4,43.4,0.0,3.0,6.0,0.0,C26H40O3,14.0,True,
CHEMBL1200338,PINACIDIL,4.0,1989.0,CC(N/C(=N\C#N)Nc1ccncc1)C(C)(C)C.O,AFJCNBBHEVLGCZ-UHFFFAOYSA-N,C02DG01,Launched,ATP channel activator|potassium channel activator,hypertension,False,245.3,2.35,73.1,2.0,3.0,2.0,0.0,C13H19N5,6.0,True,
CHEMBL1200339,PHENYLEPHRINE HYDROCHLORIDE,4.0,1952.0,CNC[C@H](O)c1cccc(O)c1.Cl,OCYSGIYOVXAGKQ-FVGYRXGTSA-N,,,,,False,167.2,0.65,52.5,3.0,3.0,3.0,0.0,C9H13NO2,10.0,True,
CHEMBL1200340,OSELTAMIVIR PHOSPHATE,4.0,1999.0,CCOC(=O)C1=C[C@@H](OC(CC)CC)[C@H](NC(C)=O)[C@@H](N)C1.O=P(O)(O)O,PGZUMBJQJWIWGJ-ONAKXNSWSA-N,,,,,False,312.4,1.29,90.6,2.0,5.0,7.0,0.0,C16H28N2O4,18.0,True,
CHEMBL1200341,INDECAINIDE HYDROCHLORIDE,4.0,1989.0,CC(C)NCCCC1(C(N)=O)c2ccccc2-c2ccccc21.Cl,NXNSCUZKMVYAJQ-UHFFFAOYSA-N,,,,,False,308.4,3.22,55.1,2.0,2.0,6.0,0.0,C20H24N2O,12.0,True,
CHEMBL1200342,PARAMETHASONE ACETATE,4.0,1982.0,CC(=O)OCC(=O)[C@@]1(O)[C@H](C)C[C@H]2[C@@H]3C[C@H](F)C4=CC(=O)C=C[C@]4(C)[C@H]3[C@@H](O)C[C@@]21C,HYRKAAMZBDSJFJ-LFDBJOOHSA-N,H02AB05,,,,False,434.5,2.32,100.9,2.0,6.0,3.0,0.0,C24H31FO6,12.0,True,
CHEMBL1200343,PERINDOPRIL ERBUMINE,4.0,1993.0,CC(C)(C)N.CCC[C@H](N[C@@H](C)C(=O)N1[C@H](C(=O)O)C[C@@H]2CCCC[C@@H]21)C(=O)OCC,IYNMDWMQHSMDDE-MHXJNQAMSA-N,,,,,False,368.5,1.94,95.9,2.0,5.0,8.0,0.0,C19H32N2O5,22.0,True,
CHEMBL1200345,SODIUM SUCCINATE,4.0,1982.0,O=C([O-])CCC(=O)O.[Na+],KZQSXALQTHVPDQ-UHFFFAOYSA-M,,,,,False,117.1,-1.4,77.4,1.0,3.0,3.0,-1.0,C4H5O4-,8.0,True,
CHEMBL1200347,ISOPROPAMIDE IODIDE,4.0,1957.0,CC(C)[N+](C)(CCC(C(N)=O)(c1ccccc1)c1ccccc1)C(C)C.[I-],BFSMWENDZZIWPW-UHFFFAOYSA-N,,,,,False,353.5,4.11,43.1,1.0,1.0,8.0,1.0,C23H33N2O+,16.0,True,
CHEMBL1200348,SULCONAZOLE NITRATE,4.0,1985.0,Clc1ccc(CSC(Cn2ccnc2)c2ccc(Cl)cc2Cl)cc1.O=[N+]([O-])O,CRKGMGQUHDNAPB-UHFFFAOYSA-N,,,,,False,397.8,6.52,17.8,0.0,2.0,6.0,0.0,C18H15Cl3N2S,12.0,True,
CHEMBL1200350,IODIPAMIDE SODIUM,4.0,1982.0,O=C(CCCCC(=O)Nc1c(I)cc(I)c(C(=O)[O-])c1I)Nc1c(I)cc(I)c(C(=O)[O-])c1I.[Na+].[Na+],SIZXNBZGPPPFHM-UHFFFAOYSA-L,,,,,False,,,,,,,,,,False,F2_mw_1138
CHEMBL1200351,SULFADIAZINE SODIUM,4.0,1941.0,Nc1ccc(S(=O)(=O)[N-]c2ncccn2)cc1.[Na+],JLDCNMJPBBKAHH-UHFFFAOYSA-N,,,,,False,249.3,1.45,100.0,1.0,5.0,3.0,-1.0,C10H9N4O2S-,8.0,True,
CHEMBL1200353,MEGLUMINE METRIZOATE,4.0,1982.0,CC(=O)Nc1c(I)c(C(=O)O)c(I)c(N(C)C(C)=O)c1I.CNC[C@H](O)[C@@H](O)[C@H](O)[C@H](O)CO,TXKOGNLDVKUFSI-WZTVWXICSA-N,,,,,False,627.9,3.14,86.7,2.0,3.0,3.0,0.0,C12H11I3N2O4,10.0,True,
CHEMBL1200354,SODIUM TETRADECYL SULFATE,4.0,1946.0,CCCCC(CC)CCC(CC(C)C)OS(=O)(=O)[O-].[Na+],FVEFRICMTUKAML-UHFFFAOYSA-M,C05BB04,,,,False,293.4,3.87,66.4,0.0,4.0,11.0,-1.0,C14H29O4S-,22.0,True,
CHEMBL1200356,CYCLACILLIN,4.0,1979.0,CC1(C)S[C@@H]2[C@H](NC(=O)C3(N)CCCCC3)C(=O)N2[C@H]1C(=O)O,HGBLNBBNRORJKI-WCABBAIRSA-N,,,,,False,341.4,0.28,112.7,3.0,5.0,3.0,0.0,C15H23N3O4S,10.0,True,
CHEMBL1200357,MOXALACTAM DISODIUM,4.0,1982.0,CO[C@@]1(NC(=O)C(C(=O)[O-])c2ccc(O)cc2)C(=O)N2C(C(=O)[O-])=C(CSc3nnnn3C)CO[C@@H]21.[Na+].[Na+],GRIXGZQULWMCLU-HUTAOCTPSA-L,,,,,False,518.5,-3.8,212.0,2.0,13.0,9.0,-2.0,C20H18N6O9S-2,20.0,True,
CHEMBL1200358,SODIUM PHENYLACETATE,4.0,1987.0,O=C([O-])Cc1ccccc1.[Na+],HZOREEUASZHZBI-UHFFFAOYSA-M,,,,,False,135.1,-0.02,40.1,0.0,2.0,2.0,-1.0,C8H7O2-,4.0,True,
CHEMBL1200359,SULFAMETER,4.0,1966.0,COc1cnc(NS(=O)(=O)c2ccc(N)cc2)nc1,GPTONYMQFTZPKC-UHFFFAOYSA-N,J01ED04,Launched,dihydrofolate reductase inhibitor,urinary tract infections,False,280.3,0.87,107.2,2.0,6.0,4.0,0.0,C11H12N4O3S,10.0,True,
CHEMBL1200360,IOFETAMINE HYDROCHLORIDE I 123,4.0,1987.0,CC(C)NC(C)Cc1ccc([123I])cc1.Cl,AFLDFEASYWNJGX-FOHXBPHZSA-N,V09AB01,,,,False,299.2,3.22,12.0,1.0,1.0,4.0,0.0,C12H18IN,8.0,True,
CHEMBL1200365,AMINOHIPPURATE SODIUM,4.0,1982.0,Nc1ccc(C(=O)NCC(=O)[O-])cc1.[Na+],UNZMYCAEMNVPHX-UHFFFAOYSA-M,,,,,False,193.2,-1.25,95.2,2.0,4.0,3.0,-1.0,C9H9N2O3-,8.0,True,
CHEMBL1200366,CEPHALEXIN HYDROCHLORIDE,4.0,1987.0,CC1=C(C(=O)O)N2C(=O)[C@@H](NC(=O)[C@H](N)c3ccccc3)[C@H]2SC1.Cl.O,YHJDZIQOCSDIQU-OEDJVVDHSA-N,,,,,False,347.4,0.44,112.7,3.0,5.0,4.0,0.0,C16H17N3O4S,12.0,True,
CHEMBL1200367,ECHOTHIOPHATE IODIDE,4.0,1960.0,CCOP(=O)(OCC)SCC[N+](C)(C)C.[I-],OVXQHPWHMXOFRD-UHFFFAOYSA-M,,,,,False,256.3,2.61,35.5,0.0,4.0,8.0,1.0,C9H23NO3PS+,16.0,True,
CHEMBL1200368,BENTIROMIDE,4.0,1983.0,O=C(O)c1ccc(NC(=O)[C@H](Cc2ccc(O)cc2)NC(=O)c2ccccc2)cc1,SPPTWHFVYKCNNK-FQEVSTJZSA-N,V04CK03,Launched,,pancreas diagnostic agent,False,404.4,3.07,115.7,4.0,4.0,7.0,0.0,C23H20N2O5,18.0,True,
CHEMBL1200370,BENZOYL PEROXIDE,4.0,1984.0,O=C(OOC(=O)c1ccccc1)c1ccccc1,OMPJBNCRMGITSC-UHFFFAOYSA-N,D10AE01;D10AE51,,,,False,242.2,2.62,52.6,0.0,4.0,2.0,0.0,C14H10O4,10.0,True,
CHEMBL1200374,EXEMESTANE,4.0,1999.0,C=C1C[C@@H]2[C@H](CC[C@]3(C)C(=O)CC[C@@H]23)[C@@]2(C)C=CC(=O)C=C12,BFYIZQONLCFLEV-DAELLWKTSA-N,L02BG06,Launched,aromatase inhibitor,breast cancer,False,296.4,4.03,34.1,0.0,2.0,0.0,0.0,C20H24O2,0.0,True,
CHEMBL1200375,EDETATE CALCIUM DISODIUM ANHYDROUS,4.0,1953.0,O=C([O-])CN(CCN(CC(=O)[O-])CC(=O)[O-])CC(=O)[O-].[Ca+2].[Na+].[Na+],SHWNNYZBHZIQQV-UHFFFAOYSA-J,,,,,False,288.2,-7.41,167.0,0.0,10.0,11.0,-4.0,C10H12N2O8-4,,False,F3_druglikeness
CHEMBL1200376,BETAMETHASONE BENZOATE,4.0,1982.0,C[C@H]1C[C@H]2[C@@H]3CCC4=CC(=O)C=C[C@]4(C)[C@@]3(F)[C@@H](O)C[C@]2(C)[C@@]1(OC(=O)c1ccccc1)C(=O)CO,SOQJPQZCPBDOMF-YCUXZELOSA-N,,,,,False,496.6,3.76,100.9,2.0,6.0,4.0,0.0,C29H33FO6,14.0,True,
CHEMBL1200377,AMPHETAMINE ASPARTATE,4.0,1996.0,CC(N)Cc1ccccc1.NC(CC(=O)O)C(=O)O,DYOBNLAYPQSBLB-UHFFFAOYSA-N,,,,,False,135.2,1.58,26.0,1.0,1.0,2.0,0.0,C9H13N,6.0,True,
CHEMBL1200379,APRACLONIDINE HYDROCHLORIDE,4.0,1987.0,Cl.Nc1cc(Cl)c(N=C2NCCN2)c(Cl)c1,OTQYGBJVDRBCHC-UHFFFAOYSA-N,,,,,False,245.1,1.76,62.4,3.0,2.0,1.0,0.0,C9H10Cl2N4,4.0,True,
CHEMBL1200380,ACYCLOVIR SODIUM,4.0,1982.0,Nc1nc([O-])c2ncn(COCCO)c2n1.[Na+],RMLUKZWYIKEASN-UHFFFAOYSA-M,,,,,False,224.2,-1.55,122.1,2.0,7.0,4.0,-1.0,C8H10N5O3-,12.0,True,
CHEMBL1200381,ARGININE HYDROCHLORIDE,4.0,1982.0,Cl.N=C(N)NCCC[C@H](N)C(=O)O,KWTQSFXGGICVPE-WCCKRBBISA-N,B05XB01,,,,False,174.2,-1.34,125.2,5.0,3.0,5.0,0.0,C6H14N4O2,14.0,True,
CHEMBL1200382,BEPRIDIL HYDROCHLORIDE,4.0,1990.0,CC(C)COCC(CN(Cc1ccccc1)c1ccccc1)N1CCCC1.Cl.O,UEECHQPWQHYEDE-UHFFFAOYSA-N,,,,,False,366.5,4.83,15.7,0.0,3.0,10.0,0.0,C24H34N2O,20.0,True,
CHEMBL1200383,BENZTROPINE MESYLATE,4.0,1954.0,CN1[C@@H]2CC[C@H]1C[C@@H](OC(c1ccccc1)c1ccccc1)C2.CS(=O)(=O)O,CPFJLLXFNPCTDW-BWSPSPBFSA-N,,,,,False,307.4,4.42,12.5,0.0,2.0,4.0,0.0,C21H25NO,8.0,True,
CHEMBL1200384,BETAMETHASONE DIPROPIONATE,4.0,1975.0,CCC(=O)OCC(=O)[C@@]1(OC(=O)CC)[C@@H](C)C[C@H]2[C@@H]3CCC4=CC(=O)C=C[C@]4(C)[C@@]3(F)[C@@H](O)C[C@@]21C,CIWBQSYVNNPZIQ-XYWKZLDCSA-N,,,,,False,504.6,3.82,107.0,1.0,7.0,6.0,0.0,C28H37FO7,18.0,True,
CHEMBL1200385,ARBUTAMINE HYDROCHLORIDE,4.0,1997.0,Cl.Oc1ccc(CCCCNC[C@H](O)c2ccc(O)c(O)c2)cc1,ATBUNPBAFFCFKY-FERBBOLQSA-N,,,,,False,317.4,2.45,93.0,5.0,5.0,8.0,0.0,C18H23NO4,24.0,True,
CHEMBL1200386,PREDNICARBATE,4.0,1991.0,CCOC(=O)O[C@]1(C(=O)COC(=O)CC)CC[C@H]2[C@@H]3CCC4=CC(=O)C=C[C@]4(C)[C@H]3[C@@H](O)C[C@@]21C,FNPXMHRZILFCKX-KAJVQRHHSA-N,D07AC18,Launched,phospholipase activator,eczema|contact dermatitis|itching,False,488.6,3.7,116.2,1.0,8.0,6.0,0.0,C27H36O8,20.0,True,
CHEMBL1200387,AMPHETAMINE ADIPATE,4.0,1975.0,CC(N)Cc1ccccc1.O=C(O)CCCCC(=O)O,OFCJKOOVFDGTLY-UHFFFAOYSA-N,,,,,False,135.2,1.58,26.0,1.0,1.0,2.0,0.0,C9H13N,6.0,True,
CHEMBL1200388,CLOXACILLIN SODIUM,4.0,1974.0,Cc1onc(-c2ccccc2Cl)c1C(=O)N[C@@H]1C(=O)N2[C@@H]1SC(C)(C)[C@@H]2C(=O)[O-].O.[Na+],KCUWTKOTPIUBRI-VICXVTCVSA-M,,,,,False,434.9,1.21,115.6,1.0,7.0,4.0,-1.0,C19H17ClN3O5S-,8.0,True,
CHEMBL1200389,BRIMONIDINE TARTRATE,4.0,1996.0,Brc1c(NC2=NCCN2)ccc2nccnc12.O=C(O)[C@H](O)[C@@H](O)C(=O)O,QZHBYNSSDLTCRG-LREBCSMRSA-N,,,,,False,292.1,1.76,62.2,2.0,5.0,1.0,0.0,C11H10BrN5,2.0,True,
CHEMBL1200391,TROMETHAMINE,4.0,1965.0,NC(CO)(CO)CO,LENZDBCJOHFCAS-UHFFFAOYSA-N,B05BB03;B05XX02,,,,False,121.1,-2.34,86.7,4.0,4.0,3.0,0.0,C4H11NO3,14.0,True,
CHEMBL1200392,DOXYLAMINE SUCCINATE,4.0,1948.0,CN(C)CCOC(C)(c1ccccc1)c1ccccn1.O=C(O)CCC(=O)O,KBAUFVUYFNWQFM-UHFFFAOYSA-N,,,,,False,270.4,2.92,25.4,0.0,3.0,6.0,0.0,C17H22N2O,12.0,True,
CHEMBL1200393,GREPAFLOXACIN HYDROCHLORIDE,4.0,1997.0,Cc1c(F)c(N2CCNC(C)C2)cc2c1c(=O)c(C(=O)O)cn2C1CC1.Cl,IEPMBYOIQGCVHO-UHFFFAOYSA-N,,,,,False,359.4,2.28,74.6,2.0,4.0,3.0,0.0,C19H22FN3O3,8.0,True,
CHEMBL1200395,ORPHENADRINE CITRATE,4.0,1959.0,Cc1ccccc1C(OCCN(C)C)c1ccccc1.O=C(O)CC(O)(CC(=O)O)C(=O)O,MMMNTDFSPSQXJP-UHFFFAOYSA-N,M03BC01,,,,False,269.4,3.66,12.5,0.0,2.0,6.0,0.0,C18H23NO,12.0,True,
CHEMBL1200396,BUPIVACAINE HYDROCHLORIDE,4.0,1972.0,CCCCN1CCCCC1C(=O)Nc1c(C)cccc1C.Cl,SIEYLFHKZGLBNX-UHFFFAOYSA-N,,,,,False,288.4,3.9,32.3,1.0,2.0,5.0,0.0,C18H28N2O,10.0,True,
CHEMBL1200397,BUTENAFINE HYDROCHLORIDE,4.0,1996.0,CN(Cc1ccc(C(C)(C)C)cc1)Cc1cccc2ccccc12.Cl,LJBSAUIFGPSHCN-UHFFFAOYSA-N,,,,,False,317.5,5.77,3.2,0.0,1.0,4.0,0.0,C23H27N,10.0,True,
CHEMBL1200398,BUTOCONAZOLE NITRATE,4.0,1985.0,Clc1ccc(CCC(Cn2ccnc2)Sc2c(Cl)cccc2Cl)cc1.O=[N+]([O-])O,ZHPWRQIPPNZNML-UHFFFAOYSA-N,,,,,False,411.8,6.64,17.8,0.0,2.0,7.0,0.0,C19H17Cl3N2S,14.0,True,
CHEMBL1200399,BUSPIRONE HYDROCHLORIDE,4.0,1986.0,Cl.O=C1CC2(CCCC2)CC(=O)N1CCCCN1CCN(c2ncccn2)CC1,RICLFGYGYQXUFH-UHFFFAOYSA-N,,,,,False,385.5,2.09,69.6,0.0,6.0,6.0,0.0,C21H31N5O2,12.0,True,
CHEMBL1200400,AZATHIOPRINE SODIUM,4.0,1974.0,Cn1cnc([N+](=O)[O-])c1Sc1ncnc2nc[n-]c12.[Na+],WISNYKIQFMKSDQ-UHFFFAOYSA-N,,,,,False,276.3,0.77,113.7,0.0,7.0,3.0,-1.0,C9H6N7O2S-,6.0,True,
CHEMBL1200402,AMLODIPINE BESYLATE,4.0,1992.0,CCOC(=O)C1=C(COCCN)NC(C)=C(C(=O)OC)C1c1ccccc1Cl.O=S(=O)(O)c1ccccc1,ZPBWCRDSRKPIDG-UHFFFAOYSA-N,,,,,False,408.9,2.27,99.9,2.0,7.0,8.0,0.0,C20H25ClN2O5,22.0,True,
CHEMBL1200405,BITOLTEROL MESYLATE,4.0,1984.0,CS(=O)(=O)O.Cc1ccc(C(=O)Oc2ccc(C(O)CNC(C)(C)C)cc2OC(=O)c2ccc(C)cc2)cc1,HODFCFXCOMKRCG-UHFFFAOYSA-N,,,,,False,461.6,5.16,84.9,2.0,6.0,7.0,0.0,C28H31NO5,22.0,True,
CHEMBL1200406,DIMENHYDRINATE,4.0,1972.0,CN(C)CCOC(c1ccccc1)c1ccccc1.Cn1c(=O)c2[nH]c(Cl)nc2n(C)c1=O,NFLLKCVHYJRNRH-UHFFFAOYSA-N,R06AA11,Launched,histamine receptor antagonist,motion sickness|nausea|vomiting,False,255.4,3.35,12.5,0.0,2.0,6.0,0.0,C17H21NO,12.0,True,
CHEMBL1200409,LIDOCAINE HYDROCHLORIDE,4.0,1948.0,CCN(CC)CC(=O)Nc1c(C)cccc1C.Cl.O,YECIFGHRMFEPJK-UHFFFAOYSA-N,,,,,False,234.3,2.58,32.3,1.0,2.0,5.0,0.0,C14H22N2O,10.0,True,
CHEMBL1200410,PROCARBAZINE HYDROCHLORIDE,4.0,1969.0,CNNCc1ccc(C(=O)NC(C)C)cc1.Cl,DERJYEZSLHIUKF-UHFFFAOYSA-N,,,,,False,221.3,1.05,53.2,3.0,3.0,5.0,0.0,C12H19N3O,10.0,True,
CHEMBL1200411,ROPINIROLE HYDROCHLORIDE,4.0,1997.0,CCCN(CCC)CCc1cccc2c1CC(=O)N2.Cl,XDXHAEQXIBQUEZ-UHFFFAOYSA-N,,,,,False,260.4,2.85,32.3,1.0,2.0,7.0,0.0,C16H24N2O,14.0,True,
CHEMBL1200412,NANDROLONE PHENPROPIONATE,4.0,1959.0,C[C@]12CC[C@H]3[C@@H](CCC4=CC(=O)CC[C@@H]43)[C@@H]1CC[C@@H]2OC(=O)CCc1ccccc1,UBWXUGDQUBIEIZ-QNTYDACNSA-N,,,,,False,406.6,5.67,43.4,0.0,3.0,4.0,0.0,C27H34O3,10.0,True,
CHEMBL1200413,TETRAHYDROZOLINE HYDROCHLORIDE,4.0,1979.0,Cl.c1ccc2c(c1)CCCC2C1=NCCN1,BJORNXNYWNIWEY-UHFFFAOYSA-N,,,,,False,200.3,2.11,24.4,1.0,2.0,1.0,0.0,C13H16N2,2.0,True,
CHEMBL1200418,DOBUTAMINE HYDROCHLORIDE,4.0,1978.0,CC(CCc1ccc(O)cc1)NCCc1ccc(O)c(O)c1.Cl,BQKADKWNRWCIJL-UHFFFAOYSA-N,,,,,False,301.4,2.96,72.7,4.0,4.0,7.0,0.0,C18H23NO3,20.0,True,
CHEMBL1200419,MOLINDONE HYDROCHLORIDE,4.0,1974.0,CCc1c(C)[nH]c2c1C(=O)C(CN1CCOCC1)CC2.Cl,GQWNECFJGBQMBO-UHFFFAOYSA-N,,,,,False,276.4,1.96,45.3,1.0,3.0,3.0,0.0,C16H24N2O2,6.0,True,
CHEMBL1200420,MIDAZOLAM HYDROCHLORIDE,4.0,1985.0,Cc1ncc2n1-c1ccc(Cl)cc1C(c1ccccc1F)=NC2.Cl,PLYSCVSCYOQVRP-UHFFFAOYSA-N,,,,,False,325.8,4.32,30.2,0.0,2.0,1.0,0.0,C18H13ClFN3,2.0,True,
CHEMBL1200423,METRIZOATE SODIUM,4.0,1982.0,CC(=O)Nc1c(I)c(C(=O)[O-])c(I)c(N(C)C(C)=O)c1I.[Na+],UKIYDXCFKFLIMU-UHFFFAOYSA-M,,,,,False,626.9,1.8,89.5,1.0,4.0,3.0,-1.0,C12H10I3N2O4-,8.0,True,
CHEMBL1200424,PENTETATE ZINC TRISODIUM,4.0,2004.0,O=C([O-])CN(CCN(CC(=O)[O-])CC(=O)[O-])CCN(CC(=O)[O-])CC(=O)[O-].[Na+].[Na+].[Na+].[Zn+2],HVASDHJNLYRZEA-UHFFFAOYSA-I,,,,,False,388.3,-9.36,210.4,0.0,13.0,16.0,-5.0,C14H18N3O10-5,,False,F3_druglikeness
CHEMBL1200425,PARGYLINE HYDROCHLORIDE,4.0,1982.0,C#CCN(C)Cc1ccccc1.Cl,BCXCABRDBBWWGY-UHFFFAOYSA-N,,,,,False,159.2,1.75,3.2,0.0,1.0,3.0,0.0,C11H13N,6.0,True,
CHEMBL1200426,METHIXENE HYDROCHLORIDE,4.0,1982.0,CN1CCCC(CC2c3ccccc3Sc3ccccc32)C1.Cl.O,RAOHHYUBMJLHNC-UHFFFAOYSA-N,,,,,False,309.5,5.02,3.2,0.0,2.0,2.0,0.0,C20H23NS,4.0,True,
CHEMBL1200430,ESTRADIOL ACETATE,4.0,2003.0,CC(=O)Oc1ccc2c(c1)CC[C@@H]1[C@@H]2CC[C@]2(C)[C@@H](O)CC[C@@H]12,FHXBMXJMKMWVRG-SLHNCBLASA-N,,,,,False,314.4,3.83,46.5,1.0,3.0,1.0,0.0,C20H26O3,6.0,True,
CHEMBL1200432,METHYLDOPATE HYDROCHLORIDE,4.0,1962.0,CCOC(=O)[C@@](C)(N)Cc1ccc(O)c(O)c1.Cl,QSRVZCCJDKYRRF-YDALLXLXSA-N,,,,,False,239.3,0.92,92.8,3.0,5.0,4.0,0.0,C12H17NO4,16.0,True,
CHEMBL1200434,OXTRIPHYLLINE,4.0,1981.0,C[N+](C)(C)CCO.Cn1c(=O)c2[n-]cnc2n(C)c1=O,RLANKEDHRWMNRO-UHFFFAOYSA-M,R03DA02,,,,False,104.2,-0.32,20.2,1.0,1.0,2.0,1.0,C5H14NO+,6.0,True,
CHEMBL1200436,OXANDROLONE,4.0,1964.0,C[C@]12COC(=O)C[C@@H]1CC[C@@H]1[C@@H]2CC[C@@]2(C)[C@H]1CC[C@]2(C)O,QSLJIVKCVHQPLV-PEMPUTJUSA-N,A14AA08,,,,False,306.4,3.54,46.5,1.0,3.0,0.0,0.0,C19H30O3,2.0,True,
CHEMBL1200437,QUINIDINE GLUCONATE,4.0,1950.0,C=C[C@H]1CN2CC[C@H]1C[C@@H]2[C@@H](O)c1ccnc2ccc(OC)cc12.O=C(O)[C@H](O)[C@@H](O)[C@H](O)[C@H](O)CO,XHKUDCCTVQUHJQ-LCYSNFERSA-N,,,,,False,324.4,3.17,45.6,1.0,4.0,4.0,0.0,C20H24N2O2,10.0,True,
CHEMBL1200438,TIOCONAZOLE,4.0,1983.0,Clc1ccc(C(Cn2ccnc2)OCc2ccsc2Cl)c(Cl)c1,QXHHHPZILQDDPS-UHFFFAOYSA-N,G01AF08;D01AC07,Launched,sterol demethylase inhibitor,yeast infection,False,387.7,5.86,27.1,0.0,3.0,6.0,0.0,C16H13Cl3N2OS,12.0,True,
CHEMBL1200439,IODOHIPPURATE SODIUM I 123,4.0,1984.0,O=C([O-])CNC(=O)c1ccccc1[123I].[Na+],XYITYKDGJLHYPW-TWDNZPFZSA-M,V09CX01,,,,False,300.1,-0.23,69.2,1.0,3.0,3.0,-1.0,C9H7INO3-,6.0,True,
CHEMBL1200440,MEPIVACAINE HYDROCHLORIDE,4.0,1960.0,Cc1cccc(C)c1NC(=O)C1CCCCN1C.Cl,RETIMRUQNCDCQB-UHFFFAOYSA-N,,,,,False,246.4,2.73,32.3,1.0,2.0,2.0,0.0,C15H22N2O,4.0,True,
CHEMBL1200444,PIRBUTEROL ACETATE,4.0,1986.0,CC(=O)O.CC(C)(C)NCC(O)c1ccc(O)c(CO)n1,QSXMZJGGEWYVCN-UHFFFAOYSA-N,,,,,False,240.3,0.7,85.6,4.0,5.0,4.0,0.0,C12H20N2O3,16.0,True,
CHEMBL1200446,TRIPELENNAMINE HYDROCHLORIDE,4.0,1948.0,CN(C)CCN(Cc1ccccc1)c1ccccn1.Cl,FSSICIQKZGUEAE-UHFFFAOYSA-N,,,,,False,255.4,2.65,19.4,0.0,3.0,6.0,0.0,C16H21N3,12.0,True,
CHEMBL1200448,TILUDRONATE DISODIUM,4.0,1997.0,O=P([O-])(O)C(Sc1ccc(Cl)cc1)P(=O)([O-])O.[Na+].[Na+],SKUHWSDHMJMHIW-UHFFFAOYSA-L,,,,,False,316.6,0.81,120.7,2.0,5.0,4.0,-2.0,C7H7ClO6P2S-2,12.0,True,
CHEMBL1200449,TRIAMCINOLONE DIACETATE,4.0,1959.0,CC(=O)OCC(=O)[C@@]1(O)[C@H](OC(C)=O)C[C@H]2[C@@H]3CCC4=CC(=O)C=C[C@]4(C)[C@@]3(F)[C@@H](O)C[C@@]21C,XGMPVBXKDAHORN-RBWIMXSLSA-N,,,,,False,478.5,1.76,127.2,2.0,8.0,4.0,0.0,C25H31FO8,16.0,True,
CHEMBL1200453,DOCOSANOL,4.0,2000.0,CCCCCCCCCCCCCCCCCCCCCCO,NOPFSRXAKWQILS-UHFFFAOYSA-N,D06BB11,Launched,lipase clearing factor inhibitor,cold sore,False,326.6,7.8,20.2,1.0,1.0,20.0,0.0,C22H46O,42.0,True,
CHEMBL1200454,VALGANCICLOVIR HYDROCHLORIDE,4.0,2001.0,CC(C)[C@H](N)C(=O)OCC(CO)OCn1cnc2c(=O)nc(N)[nH]c21.Cl,ZORWARFPXPVJLW-MTFPJWTKSA-N,,,,,False,354.4,-1.44,171.4,4.0,9.0,8.0,0.0,C14H22N6O5,22.0,True,
CHEMBL1200455,IOHEXOL,4.0,1985.0,CC(=O)N(CC(O)CO)c1c(I)c(C(=O)NCC(O)CO)c(I)c(C(=O)NCC(O)CO)c1I,NTHXOOBQLCIOLC-UHFFFAOYSA-N,V08AB02,Launched,radiopaque medium,contrast agent,False,821.1,-1.63,199.9,8.0,9.0,12.0,0.0,C19H26I3N3O9,38.0,True,
CHEMBL1200458,POTASSIUM CITRATE ANHYDROUS,4.0,1985.0,O=C([O-])CC(O)(CC(=O)[O-])C(=O)[O-].[K+].[K+].[K+],QEEAPRPFLLJWCF-UHFFFAOYSA-K,,,,,False,189.1,-5.25,140.6,1.0,7.0,5.0,-3.0,C6H5O7-3,,False,F3_druglikeness
CHEMBL1200459,"POTASSIUM PHOSPHATE, DIBASIC",4.0,1982.0,O=P([O-])([O-])O.[K+].[K+],ZPWVASYFFYYZEW-UHFFFAOYSA-L,,,,,False,,,,,,,,,,False,F2_mw_96
CHEMBL1200461,MIDODRINE HYDROCHLORIDE,4.0,1996.0,COc1ccc(OC)c(C(O)CNC(=O)CN)c1.Cl,MGCQZNBCJBRZDT-UHFFFAOYSA-N,,,,,False,254.3,-0.19,93.8,3.0,5.0,6.0,0.0,C12H18N2O4,16.0,True,
CHEMBL1200463,OXAPROZIN POTASSIUM,4.0,2002.0,O=C([O-])CCc1nc(-c2ccccc2)c(-c2ccccc2)o1.[K+],QTAQWNSMRSLSCG-UHFFFAOYSA-M,,,,,False,292.3,2.69,66.2,0.0,4.0,5.0,-1.0,C18H14NO3-,10.0,True,
CHEMBL1200464,PROPARACAINE HYDROCHLORIDE,4.0,1953.0,CCCOc1ccc(C(=O)OCCN(CC)CC)cc1N.Cl,BFUUJUGQJUTPAF-UHFFFAOYSA-N,,,,,False,294.4,2.56,64.8,1.0,5.0,9.0,0.0,C16H26N2O3,22.0,True,
CHEMBL1200467,HYDROXYZINE PAMOATE,4.0,1959.0,O=C(O)c1cc2ccccc2c(Cc2c(O)c(C(=O)O)cc3ccccc23)c1O.OCCOCCN1CCN(C(c2ccccc2)c2ccc(Cl)cc2)CC1,ASDOKGIIKXGMNB-UHFFFAOYSA-N,,,,,False,374.9,3.06,35.9,1.0,4.0,8.0,0.0,C21H27ClN2O2,18.0,True,
CHEMBL1200468,MALATHION,4.0,1982.0,CCOC(=O)CC(SP(=S)(OC)OC)C(=O)OCC,JXSJBGJIGXNWCI-UHFFFAOYSA-N,P03AX03,Launched,cholinesterase inhibitor,lice,False,330.4,2.12,71.1,0.0,8.0,9.0,0.0,C10H19O6PS2,22.0,True,
CHEMBL1200469,PROMAZINE HYDROCHLORIDE,4.0,1956.0,CN(C)CCCN1c2ccccc2Sc2ccccc21.Cl,JIVSXRLRGOICGA-UHFFFAOYSA-N,,,,,False,284.4,4.24,6.5,0.0,3.0,4.0,0.0,C17H20N2S,8.0,True,
CHEMBL1200470,ESOMEPRAZOLE SODIUM,4.0,2005.0,COc1ccc2[n-]c([S@@+]([O-])Cc3ncc(C)c(OC)c3C)nc2c1.[Na+],RYXPMWYHEBGTRV-JIDHJSLPSA-N,,,,,False,344.4,2.53,81.4,0.0,5.0,5.0,-1.0,C17H18N3O3S-,10.0,True,
CHEMBL1200471,PYRITHIONE ZINC,4.0,1986.0,[O-][n+]1ccccc1[S-].[O-][n+]1ccccc1[S-].[Zn+2],OTPSWLRZXRHDNX-UHFFFAOYSA-L,D11AX12,,,,False,126.2,0.23,26.9,0.0,2.0,0.0,-1.0,C5H4NOS-,0.0,True,
CHEMBL1200472,QUAZEPAM,4.0,1985.0,Fc1ccccc1C1=NCC(=S)N(CC(F)(F)F)c2ccc(Cl)cc21,IKMPWMZBZSAONZ-UHFFFAOYSA-N,N05CD10,,,,False,386.8,5.03,15.6,0.0,2.0,2.0,0.0,C17H11ClF4N2S,14.0,True,
CHEMBL1200473,CYCLOPENTOLATE HYDROCHLORIDE,4.0,1974.0,CN(C)CCOC(=O)C(c1ccccc1)C1(O)CCCC1.Cl,RHKZVMUBMXGOLL-UHFFFAOYSA-N,,,,,False,291.4,2.18,49.8,1.0,4.0,6.0,0.0,C17H25NO3,16.0,True,
CHEMBL1200474,DEMECLOCYCLINE HYDROCHLORIDE,4.0,1960.0,CN(C)[C@@H]1C(O)=C(C(N)=O)C(=O)[C@@]2(O)C(O)=C3C(=O)c4c(O)ccc(Cl)c4[C@@H](O)[C@H]3C[C@@H]12.Cl,GVSJQNRGSCOSNJ-KBHRXELFSA-N,,,,,False,464.9,0.26,181.6,6.0,9.0,2.0,0.0,C21H21ClN2O8,14.0,True,
CHEMBL1200475,DAUNORUBICIN CITRATE,4.0,1996.0,COc1cccc2c1C(=O)c1c(O)c3c(c(O)c1C2=O)C[C@@](O)(C(C)=O)C[C@@H]3O[C@H]1C[C@H](N)[C@H](O)[C@H](C)O1.O=C(O)CC(O)(CC(=O)O)C(=O)O,VNTHYLVDGVBPOU-QQYBVWGSSA-N,,,,,False,527.5,1.03,185.8,5.0,11.0,4.0,0.0,C27H29NO10,18.0,True,
CHEMBL1200477,ALLOPURINOL SODIUM,4.0,1996.0,O=c1[n-]cnc2[nH]ncc12.[Na+],PTJRZVJXXNYNLN-UHFFFAOYSA-M,,,,,False,135.1,-0.72,72.7,1.0,3.0,0.0,-1.0,C5H3N4O-,0.0,True,
CHEMBL1200478,DYCLONINE HYDROCHLORIDE,4.0,1982.0,CCCCOc1ccc(C(=O)CCN2CCCCC2)cc1.Cl,KNZADIMHVBBPOA-UHFFFAOYSA-N,,,,,False,289.4,3.92,29.5,0.0,3.0,8.0,0.0,C18H27NO2,16.0,True,
CHEMBL1200479,DICYCLOMINE HYDROCHLORIDE,4.0,1950.0,CCN(CC)CCOC(=O)C1(C2CCCCC2)CCCCC1.Cl,GUBNMFJOJGDCEL-UHFFFAOYSA-N,,,,,False,309.5,4.4,29.5,0.0,3.0,7.0,0.0,C19H35NO2,16.0,True,
CHEMBL1200482,CEFOPERAZONE SODIUM,4.0,1982.0,CCN1CCN(C(=O)N[C@@H](C(=O)N[C@@H]2C(=O)N3C(C(=O)[O-])=C(CSc4nnnn4C)CS[C@H]23)c2ccc(O)cc2)C(=O)C1=O.[Na+],NCFTXMQPRQZFMZ-WERGMSTESA-M,,,,,False,644.7,-2.45,223.1,3.0,13.0,9.0,-1.0,C25H26N9O8S2-,22.0,True,
CHEMBL1200483,PHENMETRAZINE HYDROCHLORIDE,4.0,1982.0,CC1NCCOC1c1ccccc1.Cl,VJNXVAVKCZJOFQ-UHFFFAOYSA-N,,,,,False,177.2,1.74,21.3,1.0,2.0,1.0,0.0,C11H15NO,2.0,True,
CHEMBL1200485,SORAFENIB TOSYLATE,4.0,2005.0,CNC(=O)c1cc(Oc2ccc(NC(=O)Nc3ccc(Cl)c(C(F)(F)F)c3)cc2)ccn1.Cc1ccc(S(=O)(=O)O)cc1,IVDHYUQIDRJSTI-UHFFFAOYSA-N,,,,,False,464.8,5.55,92.4,3.0,4.0,5.0,0.0,C21H16ClF3N4O3,12.0,True,
CHEMBL1200487,ETHACRYNATE SODIUM,4.0,1967.0,C=C(CC)C(=O)c1ccc(OCC(=O)[O-])c(Cl)c1Cl.[Na+],CWCSCNSKBSCYCS-UHFFFAOYSA-M,,,,,False,302.1,2.27,66.4,0.0,4.0,6.0,-1.0,C13H11Cl2O4-,12.0,True,
CHEMBL1200491,EPINASTINE HYDROCHLORIDE,4.0,2003.0,Cl.NC1=NCC2c3ccccc3Cc3ccccc3N12,VKXSGUIOOQPGAF-UHFFFAOYSA-N,,,,,False,249.3,2.47,41.6,1.0,3.0,0.0,0.0,C16H15N3,0.0,True,
CHEMBL1200492,NEFAZODONE HYDROCHLORIDE,4.0,1994.0,CCc1nn(CCCN2CCN(c3cccc(Cl)c3)CC2)c(=O)n1CCOc1ccccc1.Cl,DYCKFEBIOUQECE-UHFFFAOYSA-N,,,,,False,470.0,3.55,55.5,0.0,5.0,10.0,0.0,C25H32ClN5O2,20.0,True,
CHEMBL1200493,NAFTIFINE HYDROCHLORIDE,4.0,1988.0,CN(C/C=C/c1ccccc1)Cc1cccc2ccccc12.Cl,OLUNPKFOFGZHRT-YGCVIUNWSA-N,,,,,False,287.4,4.99,3.2,0.0,1.0,5.0,0.0,C21H21N,10.0,True,
CHEMBL1200494,GUANFACINE HYDROCHLORIDE,4.0,1986.0,Cl.N=C(N)NC(=O)Cc1c(Cl)cccc1Cl,DGFYECXYGUIODH-UHFFFAOYSA-N,,,,,False,246.1,1.55,79.0,3.0,2.0,2.0,0.0,C9H9Cl2N3O,4.0,True,
CHEMBL1200495,HYDROCORTISONE SODIUM SUCCINATE,4.0,1955.0,C[C@]12CCC(=O)C=C1CC[C@@H]1[C@@H]2[C@@H](O)C[C@@]2(C)[C@H]1CC[C@]2(O)C(=O)COC(=O)CCC(=O)[O-].[Na+],HHZQLQREDATOBM-CODXZCKSSA-M,,,,,False,461.5,0.86,141.0,2.0,8.0,6.0,-1.0,C25H33O8-,18.0,True,
CHEMBL1200496,CALCIUM,4.0,1982.0,[Ca],OYPRJOBELJOOCE-UHFFFAOYSA-N,,,,,False,,,,,,,,,,False,F2_metal
CHEMBL1200497,CYCLIZINE LACTATE,4.0,1982.0,CC(O)C(=O)O.CN1CCN(C(c2ccccc2)c2ccccc2)CC1,JOROEVAWQLGPFQ-UHFFFAOYSA-N,,,,,False,266.4,3.02,6.5,0.0,2.0,3.0,0.0,C18H22N2,6.0,True,
CHEMBL1200498,ALATROFLOXACIN MESYLATE,4.0,1997.0,CS(=O)(=O)O.C[C@H](N)C(=O)N[C@@H](C)C(=O)N[C@H]1[C@@H]2CN(c3nc4c(cc3F)c(=O)c(C(=O)O)cn4-c3ccc(F)cc3F)C[C@@H]21,CYETUYYEVKNSHZ-LGOOQLFJSA-N,,,,,False,558.5,0.9,159.6,4.0,7.0,7.0,0.0,C26H25F3N6O5,18.0,True,
CHEMBL1200500,BECLOMETHASONE DIPROPIONATE,4.0,1976.0,CCC(=O)OCC(=O)[C@@]1(OC(=O)CC)[C@@H](C)C[C@H]2[C@@H]3CCC4=CC(=O)C=C[C@]4(C)[C@@]3(Cl)[C@@H](O)C[C@@]21C,KUVIULQEHSCUHY-XYWKZLDCSA-N,R03BA01;D07AC15;R01AD01;A07EA07,,,,False,521.1,4.09,107.0,1.0,7.0,6.0,0.0,C28H37ClO7,18.0,True,
CHEMBL1200503,BROMOCRIPTINE MESYLATE,4.0,1978.0,CC(C)C[C@H]1C(=O)N2CCC[C@H]2[C@]2(O)O[C@](NC(=O)[C@@H]3C=C4c5cccc6[nH]c(Br)c(c56)C[C@H]4N(C)C3)(C(C)C)C(=O)N12.CS(=O)(=O)O,NOJMTMIRQRDZMT-GSPXQYRGSA-N,,,,,False,654.6,3.19,118.2,3.0,6.0,5.0,0.0,C32H40BrN5O5,12.0,True,
CHEMBL1200506,ERYTHROMYCIN LACTOBIONATE,4.0,1964.0,CC[C@H]1OC(=O)[C@H](C)[C@@H](O[C@H]2C[C@@](C)(OC)[C@@H](O)[C@H](C)O2)[C@H](C)[C@@H](O[C@@H]2O[C@H](C)C[C@H](N(C)C)[C@H]2O)[C@](C)(O)C[C@@H](C)C(=O)[C@H](C)[C@@H](O)[C@]1(C)O.O=C(O)[C@H](O)[C@@H](O)[C@H](O[C@@H]1O[C@H](CO)[C@H](O)[C@H](O)[C@H]1O)[C@H](O)CO,NNRXCKZMQLFUPL-WBMZRJHASA-N,,,,,False,733.9,1.79,193.9,5.0,14.0,7.0,0.0,C37H67NO13,50.0,True,
CHEMBL1200508,IOXAGLATE MEGLUMINE,4.0,1985.0,CNC(=O)c1c(I)c(C(=O)NCC(=O)Nc2c(I)c(C(=O)O)c(I)c(C(=O)NCCO)c2I)c(I)c(N(C)C(C)=O)c1I.CNC[C@H](O)[C@@H](O)[C@H](O)[C@H](O)CO,HUHDYASLFWQVOL-WZTVWXICSA-N,,,,,False,,,,,,,,,,False,F2_mw_1269
CHEMBL1200510,ERYTHROMYCIN STEARATE,4.0,1964.0,CCCCCCCCCCCCCCCCCC(=O)O.CC[C@H]1OC(=O)[C@H](C)[C@@H](O[C@H]2C[C@@](C)(OC)[C@@H](O)[C@H](C)O2)[C@H](C)[C@@H](O[C@@H]2O[C@H](C)C[C@H](N(C)C)[C@H]2O)[C@](C)(O)C[C@@H](C)C(=O)[C@H](C)[C@@H](O)[C@]1(C)O,YAVZHCFFUATPRK-YZPBMOCRSA-N,,,,,False,733.9,1.79,193.9,5.0,14.0,7.0,0.0,C37H67NO13,50.0,True,
CHEMBL1200514,DEMECARIUM BROMIDE,4.0,1959.0,CN(CCCCCCCCCCN(C)C(=O)Oc1cccc([N+](C)(C)C)c1)C(=O)Oc1cccc([N+](C)(C)C)c1.[Br-].[Br-],YHKBUDZECQDYBR-UHFFFAOYSA-L,,,,,False,556.8,6.76,59.1,0.0,4.0,15.0,2.0,C32H52N4O4+2,38.0,True,
CHEMBL1200515,DESERPIDINE,4.0,1957.0,COC(=O)[C@H]1[C@H]2C[C@@H]3c4[nH]c5ccccc5c4CCN3C[C@H]2C[C@@H](OC(=O)c2cc(OC)c(OC)c(OC)c2)[C@@H]1OC,CVBMAZKKCSYWQR-WCGOZPBSSA-N,C02AA05,Launched,angiotensin converting enzyme inhibitor,hypertension,False,578.7,4.16,108.6,1.0,9.0,7.0,0.0,C32H38N2O8,18.0,True,
CHEMBL1200517,DIHYDROERGOTAMINE MESYLATE,4.0,1946.0,CN1C[C@H](C(=O)N[C@]2(C)O[C@@]3(O)[C@@H]4CCCN4C(=O)[C@H](Cc4ccccc4)N3C2=O)C[C@@H]2c3cccc4[nH]cc(c34)C[C@H]21.CS(=O)(=O)O,ADYPXRFPBQGGAH-UMYZUSPBSA-N,,,,,False,583.7,2.08,118.2,3.0,6.0,4.0,0.0,C33H37N5O5,10.0,True,
CHEMBL1200521,ALMOTRIPTAN MALATE,4.0,2001.0,CN(C)CCc1c[nH]c2ccc(CS(=O)(=O)N3CCCC3)cc12.O=C(O)CC(O)C(=O)O,QHATUKWEVNMHRY-UHFFFAOYSA-N,,,,,False,335.5,2.2,56.4,1.0,3.0,6.0,0.0,C17H25N3O2S,12.0,True,
CHEMBL1200522,AVOBENZONE,4.0,1992.0,COc1ccc(C(=O)CC(=O)c2ccc(C(C)(C)C)cc2)cc1,XNEFYCZVKIDDMS-UHFFFAOYSA-N,,Launched,topical sunscreen agent,cosmetic|sunscreen lotion,False,310.4,4.45,43.4,0.0,3.0,5.0,0.0,C20H22O3,12.0,True,
CHEMBL1200523,CEFAZOLIN SODIUM,4.0,1973.0,Cc1nnc(SCC2=C(C(=O)[O-])N3C(=O)[C@@H](NC(=O)Cn4cnnn4)[C@H]3SC2)s1.[Na+],FLKYBGKDCCEQQM-WYUVZMMLSA-M,,,,,False,453.5,-1.97,158.9,1.0,12.0,7.0,-1.0,C14H13N8O4S3-,14.0,True,
CHEMBL1200527,ATRACURIUM BESYLATE,4.0,1983.0,COc1ccc(CC2c3cc(OC)c(OC)cc3CC[N+]2(C)CCC(=O)OCCCCCOC(=O)CC[N+]2(C)CCc3cc(OC)c(OC)cc3C2Cc2ccc(OC)c(OC)c2)cc1OC.O=S(=O)([O-])c1ccccc1.O=S(=O)([O-])c1ccccc1,XXZSQOVSEBAPGS-UHFFFAOYSA-L,,,,,False,,,,,,,,,,False,F2_mw_929
CHEMBL1200530,CEFOXITIN SODIUM,4.0,1978.0,CO[C@@]1(NC(=O)Cc2cccs2)C(=O)N2C(C(=O)[O-])=C(COC(N)=O)CS[C@@H]21.[Na+],GNWUOVJNSFPWDD-XMZRARIVSA-M,,,,,False,426.5,-1.24,151.1,2.0,9.0,7.0,-1.0,C16H16N3O7S2-,16.0,True,
CHEMBL1200531,ALFENTANIL HYDROCHLORIDE,4.0,1986.0,CCC(=O)N(c1ccccc1)C1(COC)CCN(CCn2nnn(CC)c2=O)CC1.Cl,AQORHZJDCHLLJN-UHFFFAOYSA-N,,,,,False,416.5,1.38,85.5,0.0,6.0,9.0,0.0,C21H32N6O3,20.0,True,
CHEMBL1200532,METHDILAZINE HYDROCHLORIDE,4.0,1982.0,CN1CCC(CN2c3ccccc3Sc3ccccc32)C1.Cl,IEISBKIVLDXSMZ-UHFFFAOYSA-N,,,,,False,296.4,4.24,6.5,0.0,3.0,2.0,0.0,C18H20N2S,4.0,True,
CHEMBL1200534,MOEXIPRIL HYDROCHLORIDE,4.0,1995.0,CCOC(=O)[C@H](CCc1ccccc1)N[C@@H](C)C(=O)N1Cc2cc(OC)c(OC)cc2C[C@H]1C(=O)O.Cl,JXRAXHBVZQZSIC-JKVLGAQCSA-N,,,,,False,498.6,2.58,114.4,2.0,7.0,11.0,0.0,C27H34N2O7,28.0,True,
CHEMBL1200538,BETAMETHASONE ACETATE,4.0,1965.0,CC(=O)OCC(=O)[C@@]1(O)[C@@H](C)C[C@H]2[C@@H]3CCC4=CC(=O)C=C[C@]4(C)[C@@]3(F)[C@@H](O)C[C@@]21C,AKUJBENLRBOFTD-QZIXMDIESA-N,,,,,False,434.5,2.47,100.9,2.0,6.0,3.0,0.0,C24H31FO6,12.0,True,
CHEMBL1200539,CALCIUM CARBONATE,4.0,2000.0,O=C([O-])[O-].[Ca+2],VTYYLEPIZMXCLO-UHFFFAOYSA-L,A02AC01;A12AA04,,,,False,,,,,,,,,,False,F2_mw_60
CHEMBL1200541,AMBENONIUM CHLORIDE,4.0,1956.0,CC[N+](CC)(CCNC(=O)C(=O)NCC[N+](CC)(CC)Cc1ccccc1Cl)Cc1ccccc1Cl.[Cl-].[Cl-],DXUUXWKFVDVHIK-UHFFFAOYSA-N,,,,,False,537.6,4.64,58.2,2.0,2.0,14.0,2.0,C28H42Cl2N4O2+2,30.0,True,
CHEMBL1200542,DESOXYCORTICOSTERONE ACETATE,4.0,1939.0,CC(=O)OCC(=O)[C@H]1CC[C@H]2[C@@H]3CCC4=CC(=O)CC[C@]4(C)[C@H]3CC[C@]12C,VPGRYOFKCNULNK-ACXQXYJUSA-N,H02AA03,,,,False,372.5,4.27,60.4,0.0,4.0,3.0,0.0,C23H32O4,8.0,True,
CHEMBL1200543,ANILERIDINE PHOSPHATE,4.0,1982.0,CCOC(=O)C1(c2ccccc2)CCN(CCc2ccc(N)cc2)CC1.O=P(O)(O)O,FLQCEKVTYABVSH-UHFFFAOYSA-N,,,,,False,352.5,3.41,55.6,1.0,4.0,6.0,0.0,C22H28N2O2,16.0,True,
CHEMBL1200544,CEPHALEXIN,4.0,1971.0,CC1=C(C(=O)O)N2C(=O)[C@@H](NC(=O)[C@H](N)c3ccccc3)[C@H]2SC1.O,AVGYWQBCYZHHPN-CYJZLJNKSA-N,J01DB01,Launched,bacterial cell wall synthesis inhibitor,respiratory tract infections|otitis|skin infections|bone and joint infections|genitourinary tract infections,False,347.4,0.44,112.7,3.0,5.0,4.0,0.0,C16H17N3O4S,12.0,True,
CHEMBL1200545,DIFLORASONE DIACETATE,4.0,1977.0,CC(=O)OCC(=O)[C@@]1(OC(C)=O)[C@@H](C)C[C@H]2[C@@H]3C[C@H](F)C4=CC(=O)C=C[C@]4(C)[C@@]3(F)[C@@H](O)C[C@@]21C,BOBLHFUVNSFZPJ-JOYXJVLSSA-N,D07AC10,,,,False,494.5,2.99,107.0,1.0,7.0,4.0,0.0,C26H32F2O7,14.0,True,
CHEMBL1200549,RAPACURONIUM BROMIDE,4.0,1999.0,C=CC[N+]1([C@H]2C[C@H]3[C@@H]4CC[C@H]5C[C@H](OC(C)=O)[C@@H](N6CCCCC6)C[C@]5(C)[C@H]4CC[C@]3(C)[C@H]2OC(=O)CC)CCCCC1.[Br-],LVQTUXZKLGXYIU-GWSNJHLMSA-M,,,,,False,597.9,6.91,55.8,0.0,5.0,7.0,1.0,C37H61N2O4+,18.0,True,
CHEMBL1200550,ANTAZOLINE PHOSPHATE,4.0,1994.0,O=P(O)(O)O.c1ccc(CN(CC2=NCCN2)c2ccccc2)cc1,DUIGUKRYYAGJAF-UHFFFAOYSA-N,,,,,False,265.4,2.69,27.6,1.0,3.0,5.0,0.0,C17H19N3,10.0,True,
CHEMBL1200559,LACTIC ACID,4.0,2006.0,CC(O)C(=O)O,JVTAAEKCZFNVCJ-UHFFFAOYSA-N,G01AD01,,,,False,,,,,,,,,,False,F2_mw_90
CHEMBL1200560,GUANABENZ ACETATE,4.0,1982.0,CC(=O)O.N=C(N)N/N=C/c1c(Cl)cccc1Cl,MCSPBPXATWBACD-GAYQJXMFSA-N,,,,,False,231.1,1.81,74.3,3.0,2.0,2.0,0.0,C8H8Cl2N4,4.0,True,
CHEMBL1200561,DOXAZOSIN MESYLATE,4.0,1990.0,COc1cc2nc(N3CCN(C(=O)C4COc5ccccc5O4)CC3)nc(N)c2cc1OC.CS(=O)(=O)O,VJECBOKJABCYMF-UHFFFAOYSA-N,,,,,False,451.5,1.72,112.3,1.0,9.0,4.0,0.0,C23H25N5O5,10.0,True,
CHEMBL1200562,HYDROCORTISONE VALERATE,4.0,1978.0,CCCCC(=O)O[C@]1(C(=O)CO)CC[C@H]2[C@@H]3CCC4=CC(=O)CC[C@]4(C)[C@H]3[C@@H](O)C[C@@]21C,FZCHYNWYXKICIO-FZNHGJLXSA-N,,,,,False,446.6,3.52,100.9,2.0,6.0,6.0,0.0,C26H38O6,18.0,True,
CHEMBL1200563,CERIVASTATIN SODIUM,4.0,1997.0,COCc1c(C(C)C)nc(C(C)C)c(/C=C/[C@@H](O)C[C@@H](O)CC(=O)[O-])c1-c1ccc(F)cc1.[Na+],GPUADMRJQVPIAS-QCVDVZFFSA-M,,,,,False,458.6,3.55,102.7,2.0,6.0,11.0,-1.0,C26H33FNO5-,26.0,True,
CHEMBL1200569,CAFFEINE CITRATE,4.0,1999.0,Cn1c(=O)c2c(ncn2C)n(C)c1=O.O=C(O)CC(O)(CC(=O)O)C(=O)O,RCQXSQPPHJPGOF-UHFFFAOYSA-N,,,,,False,194.2,-1.03,61.8,0.0,3.0,0.0,0.0,C8H10N4O2,0.0,True,
CHEMBL1200570,MEGLUMINE,4.0,1982.0,CNC[C@H](O)[C@@H](O)[C@H](O)[C@H](O)CO,MBBZMMPHUWSWHV-BDVNFPICSA-N,,Launched,excipient,,False,195.2,-3.36,113.2,6.0,6.0,6.0,0.0,C7H17NO5,22.0,True,
CHEMBL1200572,MAGNESIUM OXIDE,4.0,1982.0,O=[Mg],CPLXHLVBOLITMK-UHFFFAOYSA-N,A02AA02;A12CC10;A06AD02,,,,False,,,,,,,,,,False,F2_metal
CHEMBL1200574,SODIUM CHLORIDE,4.0,1982.0,[Cl-].[Na+],FAPWRFPIFSIZLT-UHFFFAOYSA-M,A12CA01;S01XA03;B05CB01;B05XA03,,,,False,,,,,,,,,,False,F2_mw_35
CHEMBL1200577,CYSTEAMINE BITARTRATE,4.0,1994.0,NCCS.O=C(O)[C@H](O)[C@@H](O)C(=O)O,NSKJTUFFDRENDM-ZVGUSBNCSA-N,,,,,False,150.1,-2.12,115.1,4.0,4.0,3.0,0.0,C4H6O6,14.0,True,
CHEMBL1200578,THEOPHYLLINE SODIUM GLYCINATE,4.0,1982.0,Cn1c(=O)c2[nH]cnc2n(C)c1=O.NCC(=O)[O-].[Na+],AIJQWRAOMFRHTQ-UHFFFAOYSA-M,,,,,False,180.2,-1.04,72.7,1.0,3.0,0.0,0.0,C7H8N4O2,0.0,True,
CHEMBL1200580,SULFOXONE SODIUM,4.0,1982.0,O=S([O-])CNc1ccc(S(=O)(=O)c2ccc(NCS(=O)[O-])cc2)cc1.[Na+].[Na+],AZBNFLZFSZDPQF-UHFFFAOYSA-L,J04BA03,,,,False,402.5,1.02,138.5,2.0,8.0,8.0,-2.0,C14H14N2O6S3-2,16.0,True,
CHEMBL1200581,DIATRIZOATE SODIUM,4.0,1954.0,CC(=O)Nc1c(I)c(NC(C)=O)c(I)c(C(=O)[O-])c1I.[Na+],ZEYOIOAKZLALAP-UHFFFAOYSA-M,,,,,False,612.9,1.78,98.3,2.0,4.0,3.0,-1.0,C11H8I3N2O4-,6.0,True,
CHEMBL1200582,AMINOLEVULINIC ACID HYDROCHLORIDE,4.0,1999.0,Cl.NCC(=O)CCC(=O)O,ZLHFONARZHCSET-UHFFFAOYSA-N,,,,,False,131.1,-0.62,80.4,2.0,3.0,4.0,0.0,C5H9NO3,12.0,True,
CHEMBL1200584,AMINOSALICYLATE POTASSIUM,4.0,1955.0,Nc1ccc(C(=O)[O-])c(O)c1.[K+],PRZJIMSXCLZGLT-UHFFFAOYSA-M,,,,,False,152.1,-0.66,86.4,2.0,4.0,1.0,-1.0,C7H6NO3-,6.0,True,
CHEMBL1200585,OXYMETHOLONE,4.0,1972.0,C[C@]12C/C(=C/O)C(=O)C[C@@H]1CC[C@@H]1[C@@H]2CC[C@@]2(C)[C@H]1CC[C@]2(C)O,ICMWWNHDUZJFDW-DHODBPELSA-N,A14AA05,,,,False,332.5,4.4,57.5,2.0,3.0,0.0,0.0,C21H32O3,4.0,True,
CHEMBL1200586,PRILOCAINE HYDROCHLORIDE,4.0,1965.0,CCCNC(C)C(=O)Nc1ccccc1C.Cl,BJPJNTKRKALCPP-UHFFFAOYSA-N,,,,,False,220.3,2.32,41.1,2.0,2.0,5.0,0.0,C13H20N2O,10.0,True,
CHEMBL1200588,CLINDAMYCIN HYDROCHLORIDE,4.0,1970.0,CCC[C@@H]1C[C@@H](C(=O)N[C@@H]([C@H]2O[C@H](SC)[C@H](O)[C@@H](O)[C@H]2O)[C@H](C)Cl)N(C)C1.Cl,AUODDLQVRAJAJM-XJQDNNTCSA-N,,,,,False,425.0,0.39,102.3,4.0,7.0,7.0,0.0,C18H33ClN2O5S,20.0,True,
CHEMBL1200592,DESOXYCORTICOSTERONE PIVALATE,4.0,1982.0,CC(C)(C)C(=O)OCC(=O)[C@H]1CC[C@H]2[C@@H]3CCC4=CC(=O)CC[C@]4(C)[C@H]3CC[C@]12C,VVOIQBFMTVCINR-WWMZEODYSA-N,,,,,False,414.6,5.29,60.4,0.0,4.0,3.0,0.0,C26H38O4,10.0,True,
CHEMBL1200595,CHLORPHENTERMINE HYDROCHLORIDE,4.0,,CC(C)(N)Cc1ccc(Cl)cc1.Cl,WEJDYJKJPUPMLH-UHFFFAOYSA-N,,,,,False,183.7,2.62,26.0,1.0,1.0,2.0,0.0,C10H14ClN,6.0,True,
CHEMBL1200596,CHLOROXINE,4.0,1976.0,Oc1c(Cl)cc(Cl)c2cccnc12,WDFKMLRRRCGAKS-UHFFFAOYSA-N,,Launched,opioid receptor antagonist,diarrhea|inflammatory bowel disease|giardiasis|dandruff,False,214.1,3.25,33.1,1.0,2.0,0.0,0.0,C9H5Cl2NO,2.0,True,
CHEMBL1200597,ETIDOCAINE HYDROCHLORIDE,4.0,1976.0,CCCN(CC)C(CC)C(=O)Nc1c(C)cccc1C.Cl,LMWQQUMMGGIGJQ-UHFFFAOYSA-N,,,,,False,276.4,3.75,32.3,1.0,2.0,7.0,0.0,C17H28N2O,14.0,True,
CHEMBL1200598,DIETHYLSTILBESTROL DIPHOSPHATE,4.0,1982.0,CC/C(=C(/CC)c1ccc(OP(=O)(O)O)cc1)c1ccc(OP(=O)(O)O)cc1,NLORYLAYLIXTID-ISLYRVAYSA-N,L02AA04,,,,False,428.3,4.36,133.5,4.0,4.0,8.0,0.0,C18H22O8P2,24.0,True,
CHEMBL1200599,DIFENOXIN HYDROCHLORIDE,4.0,1978.0,Cl.N#CC(CCN1CCC(C(=O)O)(c2ccccc2)CC1)(c1ccccc1)c1ccccc1,VMIZTXDGZPTKIK-UHFFFAOYSA-N,,,,,False,424.5,5.0,64.3,1.0,3.0,7.0,0.0,C28H28N2O2,16.0,True,
CHEMBL1200600,FLUOROMETHOLONE,4.0,1972.0,CC(=O)[C@@]1(O)CC[C@H]2[C@@H]3C[C@H](C)C4=CC(=O)C=C[C@]4(C)[C@@]3(F)[C@@H](O)C[C@@]21C,FAOZLTXFLGPHNG-KNAQIMQKSA-N,S01BA07;D07XB04;D07AB06;D10AA01;S01CB05;C05AA06,Launched,glucocorticoid receptor agonist,eye inflammation,False,376.5,2.92,74.6,2.0,4.0,1.0,0.0,C22H29FO4,6.0,True,
CHEMBL1200601,NARATRIPTAN HYDROCHLORIDE,4.0,1998.0,CNS(=O)(=O)CCc1ccc2[nH]cc(C3CCN(C)CC3)c2c1.Cl,AWEZYKMQFAUBTD-UHFFFAOYSA-N,,,,,False,335.5,2.07,65.2,2.0,3.0,5.0,0.0,C17H25N3O2S,10.0,True,
CHEMBL1200604,TROPICAMIDE,4.0,1960.0,CCN(Cc1ccncc1)C(=O)C(CO)c1ccccc1,BGDKAVGWHJFAGW-UHFFFAOYSA-N,S01FA06;S01FA56,Launched,acetylcholine receptor antagonist,mydriasis diagnostic|cycloplegia diagnostic,False,284.4,2.21,53.4,1.0,3.0,6.0,0.0,C17H20N2O2,16.0,True,
CHEMBL1200606,MEXILETINE HYDROCHLORIDE,4.0,1985.0,Cc1cccc(C)c1OCC(C)N.Cl,NFEIBWMZVIVJLQ-UHFFFAOYSA-N,,,,,False,179.3,2.03,35.2,1.0,2.0,3.0,0.0,C11H17NO,8.0,True,
CHEMBL1200607,PERFLEXANE,4.0,2002.0,FC(F)(F)C(F)(F)C(F)(F)C(F)(F)C(F)(F)C(F)(F)F,ZJIJAJXFLBMLCK-UHFFFAOYSA-N,,,,,False,338.0,4.65,0.0,0.0,0.0,3.0,0.0,C6F14,10.0,True,
CHEMBL1200609,PAROXETINE MESYLATE,4.0,2003.0,CS(=O)(=O)O.Fc1ccc([C@@H]2CCNC[C@H]2COc2ccc3c(c2)OCO3)cc1,SHIJTGJXUHTGGZ-RVXRQPKJSA-N,,,,,False,329.4,3.33,39.7,1.0,4.0,4.0,0.0,C19H20FNO3,8.0,True,
CHEMBL1200610,LORACARBEF,4.0,1991.0,N[C@@H](C(=O)N[C@@H]1C(=O)N2C(C(=O)O)=C(Cl)CC[C@H]12)c1ccccc1.O,GPYKKBAAPVOCIW-HSASPSRMSA-N,J01DC08,Launched,bacterial cell wall synthesis inhibitor,ear infections|laryngitis|bronchitis|pneumonia|urinary tract infections|skin infections,False,349.8,0.71,112.7,3.0,4.0,4.0,0.0,C16H16ClN3O4,12.0,True,
CHEMBL1200612,DIBUCAINE HYDROCHLORIDE,4.0,1982.0,CCCCOc1cc(C(=O)NCCN(CC)CC)c2ccccc2n1.Cl,IVHBBMHQKZBJEU-UHFFFAOYSA-N,,,,,False,343.5,3.49,54.5,1.0,4.0,10.0,0.0,C20H29N3O2,20.0,True,
CHEMBL1200613,TOLMETIN SODIUM,4.0,1976.0,Cc1ccc(C(=O)c2ccc(CC(=O)[O-])n2C)cc1.[Na+],QGUALMNFRILWRA-UHFFFAOYSA-M,,,,,False,256.3,0.86,62.1,0.0,3.0,4.0,-1.0,C15H14NO3-,8.0,True,
CHEMBL1200614,IOVERSOL,4.0,1988.0,O=C(NCC(O)CO)c1c(I)c(C(=O)NCC(O)CO)c(I)c(N(CCO)C(=O)CO)c1I,AMDBBAQNWSUWGN-UHFFFAOYSA-N,V08AB07,Launched,radiopaque medium,contrast agent,False,807.1,-2.02,199.9,8.0,9.0,12.0,0.0,C18H24I3N3O9,38.0,True,
CHEMBL1200616,CHLOROTHIAZIDE SODIUM,4.0,1958.0,NS(=O)(=O)c1cc2c(cc1Cl)N=C[N-]S2(=O)=O.[Na+],CPIWHAFLBZQYLQ-UHFFFAOYSA-N,,,,,False,294.7,0.72,120.8,1.0,5.0,1.0,-1.0,C7H5ClN3O4S2-,4.0,True,
CHEMBL1200617,RIMEXOLONE,4.0,1994.0,CCC(=O)[C@@]1(C)[C@H](C)C[C@H]2[C@@H]3CCC4=CC(=O)C=C[C@]4(C)[C@H]3[C@@H](O)C[C@@]21C,QTTRZHGPGKRAFB-OOKHYKNYSA-N,H02AB12;S01BA13,Launched,glucocorticoid receptor agonist,anterior uveitis,False,370.5,4.5,54.4,1.0,3.0,2.0,0.0,C24H34O3,6.0,True,
CHEMBL1200618,FEXOFENADINE HYDROCHLORIDE,4.0,1996.0,CC(C)(C(=O)O)c1ccc(C(O)CCCN2CCC(C(O)(c3ccccc3)c3ccccc3)CC2)cc1.Cl,RRJFVPUCXDGFJB-UHFFFAOYSA-N,,,,,False,501.7,5.51,81.0,3.0,4.0,10.0,0.0,C32H39NO4,26.0,True,
CHEMBL1200621,GEMIFLOXACIN MESYLATE,4.0,2003.0,CO/N=C1\CN(c2nc3c(cc2F)c(=O)c(C(=O)O)cn3C2CC2)CC1CN.CS(=O)(=O)O,JIYMVSQRGZEYAX-CWUUNJJBSA-N,,,,,False,389.4,0.97,123.0,2.0,7.0,5.0,0.0,C18H20FN5O4,14.0,True,
CHEMBL1200622,PARICALCITOL,4.0,1998.0,C[C@H](/C=C/[C@H](C)C(C)(C)O)[C@H]1CC[C@H]2/C(=C/C=C3C[C@@H](O)C[C@H](O)C3)CCC[C@]12C,BPKAHTKRCLCHEA-UBFJEZKGSA-N,H05BX02,Launched,vitamin D receptor agonist,chronic kidney disease (CKD)|hyperthyroidism,False,416.6,5.56,60.7,3.0,3.0,5.0,0.0,C27H44O3,16.0,True,
CHEMBL1200623,ETHYLESTRENOL,4.0,1964.0,CC[C@]1(O)CC[C@H]2[C@@H]3CCC4=CCCC[C@@H]4[C@H]3CC[C@@]21C,AOXRBFRFYPMWLR-XGXHKTLJSA-N,A14AB02,,,,False,288.5,5.09,20.2,1.0,1.0,1.0,0.0,C20H32O,4.0,True,
CHEMBL1200624,ETHYNODIOL DIACETATE,4.0,1966.0,C#C[C@]1(OC(C)=O)CC[C@H]2[C@@H]3CCC4=C[C@@H](OC(C)=O)CC[C@@H]4[C@H]3CC[C@@]21C,ONKUMRGIYFNPJW-KIEAKMPYSA-N,G03DC06,,,,False,384.5,4.43,52.6,0.0,4.0,2.0,0.0,C24H32O4,8.0,True,
CHEMBL1200625,STRONTIUM CHLORIDE SR 89,4.0,1993.0,[89Sr+2].[Cl-].[Cl-],AHBGXTDRMVNFER-FCHARDOESA-L,V10BX01,,,,False,,,,,,,,,,False,F2_mw_89
CHEMBL1200627,PROPIOLACTONE,4.0,1982.0,O=C1CCO1,VEZXCJBBBCKRPI-UHFFFAOYSA-N,,Launched,,antiseptic,False,,,,,,,,,,False,F2_mw_72
CHEMBL1200628,VANCOMYCIN HYDROCHLORIDE,4.0,1964.0,CN[C@H](CC(C)C)C(=O)N[C@H]1C(=O)N[C@@H](CC(N)=O)C(=O)N[C@H]2C(=O)N[C@H]3C(=O)N[C@H](C(=O)N[C@H](C(=O)O)c4cc(O)cc(O)c4-c4cc3ccc4O)[C@H](O)c3ccc(c(Cl)c3)Oc3cc2cc(c3O[C@@H]2O[C@H](CO)[C@@H](O)[C@H](O)[C@H]2O[C@H]2C[C@](C)(N)[C@H](O)[C@H](C)O2)Oc2ccc(cc2Cl)[C@H]1O.Cl,LCTORFDMHNKUSG-XTTLPDOESA-N,,,,,False,,,,,,,,,,False,F2_mw_1449
CHEMBL1200629,VECURONIUM BROMIDE,4.0,1984.0,CC(=O)O[C@H]1C[C@@H]2CC[C@@H]3[C@H](CC[C@@]4(C)[C@H]3C[C@H]([N+]3(C)CCCCC3)[C@@H]4OC(C)=O)[C@@]2(C)C[C@@H]1N1CCCCC1.[Br-],VEPSYABRBFXYIB-PWXDFCLTSA-M,,,,,False,557.8,5.97,55.8,0.0,5.0,4.0,1.0,C34H57N2O4+,12.0,True,
CHEMBL1200630,CYSTEINE HYDROCHLORIDE,4.0,1986.0,Cl.N[C@@H](CS)C(=O)O,IFQSXNOEEPCSLW-DKWTVANSSA-N,,,,,False,121.2,-0.67,63.3,3.0,3.0,2.0,0.0,C3H7NO2S,10.0,True,
CHEMBL1200632,CLINDAMYCIN PALMITATE HYDROCHLORIDE,4.0,1982.0,CCCCCCCCCCCCCCCC(=O)O[C@@H]1[C@@H](O)[C@@H](O)[C@@H]([C@H](NC(=O)[C@@H]2C[C@@H](CCC)CN2C)[C@H](C)Cl)O[C@@H]1SC.Cl,GTNDZRUWKHDICY-DJHAJVGHSA-N,,,,,False,663.4,6.42,108.3,3.0,8.0,22.0,0.0,C34H63ClN2O6S,,False,F3_druglikeness
CHEMBL1200635,HYDROCORTAMATE HYDROCHLORIDE,4.0,1956.0,CCN(CC)CC(=O)OCC(=O)[C@@]1(O)CC[C@H]2[C@@H]3CCC4=CC(=O)CC[C@]4(C)[C@H]3[C@@H](O)C[C@@]21C.Cl,AKQNAIYKSALPKV-OYHXESGYSA-N,,,,,False,475.6,2.67,104.1,2.0,7.0,7.0,0.0,C27H41NO6,20.0,True,
CHEMBL1200636,CYCLOBENZAPRINE HYDROCHLORIDE,4.0,1977.0,CN(C)CCC=C1c2ccccc2C=Cc2ccccc21.Cl,VXEAYBOGHINOKW-UHFFFAOYSA-N,,,,,False,275.4,4.55,3.2,0.0,1.0,3.0,0.0,C20H21N,6.0,True,
CHEMBL1200638,DEXBROMPHENIRAMINE MALEATE,4.0,1963.0,CN(C)CC[C@@H](c1ccc(Br)cc1)c1ccccn1.O=C(O)/C=C\C(=O)O,SRGKFVAASLQVBO-DASCVMRKSA-N,,,,,False,319.2,3.93,16.1,0.0,2.0,5.0,0.0,C16H19BrN2,10.0,True,
CHEMBL1200641,CISATRACURIUM BESYLATE,4.0,1995.0,COc1ccc(C[C@@H]2c3cc(OC)c(OC)cc3CC[N@+]2(C)CCC(=O)OCCCCCOC(=O)CC[N@@+]2(C)CCc3cc(OC)c(OC)cc3[C@H]2Cc2ccc(OC)c(OC)c2)cc1OC.O=S(=O)([O-])c1ccccc1.O=S(=O)([O-])c1ccccc1,XXZSQOVSEBAPGS-DONVQRBFSA-L,,,,,False,,,,,,,,,,False,F2_mw_929
CHEMBL1200645,ETOPOSIDE PHOSPHATE,4.0,1996.0,COc1cc([C@@H]2c3cc4c(cc3[C@@H](O[C@@H]3O[C@@H]5CO[C@@H](C)O[C@H]5[C@H](O)[C@H]3O)[C@H]3COC(=O)[C@H]23)OCO4)cc(OC)c1OP(=O)(O)O,LIQODXNTTZAGID-OCBXBXKTSA-N,,,,,False,668.5,1.1,207.4,4.0,14.0,7.0,0.0,C29H33O16P,22.0,True,
CHEMBL1200648,ROCURONIUM BROMIDE,4.0,1994.0,C=CC[N+]1([C@H]2C[C@H]3[C@@H]4CC[C@H]5C[C@H](O)[C@@H](N6CCOCC6)C[C@]5(C)[C@H]4CC[C@]3(C)[C@H]2OC(C)=O)CCCC1.[Br-],OYTJKRAYGYRUJK-FMCCZJBLSA-M,M03AC09,,,,False,529.8,4.41,59.0,1.0,5.0,5.0,1.0,C32H53N2O4+,14.0,True,
CHEMBL1200649,QUINUPRISTIN,4.0,1999.0,CC[C@H]1NC(=O)[C@@H](NC(=O)c2ncccc2O)[C@@H](C)OC(=O)[C@H](c2ccccc2)NC(=O)[C@@H]2CC(=O)[C@H](CS[C@@H]3CN4CCC3CC4)CN2C(=O)[C@H](Cc2ccc(N(C)C)cc2)N(C)C(=O)[C@@H]2CCCN2C1=O,WTHRRGMBUAHGNI-LCYNINFDSA-N,,,,,False,,,,,,,,,,False,F2_mw_1022
CHEMBL1200654,BENOXINATE HYDROCHLORIDE,4.0,1982.0,CCCCOc1cc(C(=O)OCCN(CC)CC)ccc1N.Cl,PRGUDWLMFLCODA-UHFFFAOYSA-N,,,,,False,308.4,2.95,64.8,1.0,5.0,10.0,0.0,C17H28N2O3,24.0,True,
CHEMBL1200656,NATAMYCIN,4.0,1978.0,C[C@@H]1C/C=C/C=C/C=C/C=C/[C@H](O[C@@H]2O[C@H](C)[C@@H](O)[C@H](N)[C@@H]2O)C[C@@H]2O[C@](O)(C[C@@H](O)C[C@H]3O[C@@H]3/C=C/C(=O)O1)C[C@H](O)[C@H]2C(=O)O,NCXMLFZGDNKEPB-FFPOYIOWSA-N,S01AA10;D01AA02;A07AA03;A01AB10;G01AA02,Launched,fungal ergosterol inhibitor,conjunctivitis|fungal keratosis|blepharitis,False,665.7,0.12,231.0,7.0,13.0,3.0,0.0,C33H47NO13,50.0,True,
CHEMBL1200659,ENALAPRIL MALEATE,4.0,1985.0,CCOC(=O)[C@H](CCc1ccccc1)N[C@@H](C)C(=O)N1CCC[C@H]1C(=O)O.O=C(O)/C=C\C(=O)O,OYFJQPXVCSSHAI-QFPUQLAESA-N,,,,,False,376.5,1.6,95.9,2.0,5.0,9.0,0.0,C20H28N2O5,24.0,True,
CHEMBL1200660,ISOSORBIDE,4.0,1974.0,O[C@@H]1CO[C@H]2[C@@H]1OC[C@@H]2O,KLDXJTOLSGUMSJ-JGWLITMVSA-N,,Launched,nitric oxide stimulant,angina pectoris|coronary artery disease (CAD),False,146.1,-1.49,58.9,2.0,4.0,0.0,0.0,C6H10O4,4.0,True,
CHEMBL1200661,UNOPROSTONE ISOPROPYL,4.0,2000.0,CCCCCCCC(=O)CC[C@@H]1[C@@H](C/C=C\CCCC(=O)OC(C)C)[C@@H](O)C[C@H]1O,XXUPXHKCPIKWLR-JHUOEJJVSA-N,,,,,False,424.6,5.12,83.8,2.0,5.0,16.0,0.0,C25H44O5,38.0,True,
CHEMBL1200664,POTASSIUM LACTATE,4.0,1986.0,CC(O)C(=O)[O-].[K+],PHZLMBHDXVLRIX-UHFFFAOYSA-M,B05XA15,,,,False,,,,,,,,,,False,F2_mw_89
CHEMBL1200665,DIPHENOXYLATE HYDROCHLORIDE,4.0,1960.0,CCOC(=O)C1(c2ccccc2)CCN(CCC(C#N)(c2ccccc2)c2ccccc2)CC1.Cl,SHTAFWKOISOCBI-UHFFFAOYSA-N,,,,,False,452.6,5.48,53.3,0.0,4.0,8.0,0.0,C30H32N2O2,18.0,True,
CHEMBL1200666,CALCIPOTRIENE,4.0,1993.0,C=C1/C(=C\C=C2/CCC[C@]3(C)[C@@H]([C@H](C)/C=C/[C@@H](O)C4CC4)CC[C@@H]23)C[C@@H](O)C[C@@H]1O,LWQQLNNNIPYSNX-UROSTWAQSA-N,D05AX02;D05AX52,,,,False,412.6,5.09,60.7,3.0,3.0,5.0,0.0,C27H40O3,16.0,True,
CHEMBL1200668,CALCIUM CHLORIDE,4.0,1982.0,[Ca+2].[Cl-].[Cl-],UXVMQQNJUSDDNG-UHFFFAOYSA-L,G04BA03;B05XA07;A12AA07,,,,False,,,,,,,,,,False,F2_metal
CHEMBL1200672,CEFPIRAMIDE SODIUM,4.0,1989.0,Cc1cc(O)c(C(=O)N[C@@H](C(=O)N[C@@H]2C(=O)N3C(C(=O)[O-])=C(CSc4nnnn4C)CS[C@H]23)c2ccc(O)cc2)cn1.[Na+],RIWWMGQFMUUYIY-ALLHVENQSA-M,,,,,False,611.6,-1.01,215.6,4.0,13.0,9.0,-1.0,C25H23N8O7S2-,22.0,True,
CHEMBL1200673,XENON XE 127,4.0,1982.0,[127Xe],FHNFHKCVQCLJFQ-AHCXROLUSA-N,V09EX02,,,,False,126.9,0.0,0.0,0.0,0.0,0.0,0.0,Xe,,False,"F5_pdbqt_fail:atom number 0 has None type, mol name: N"
CHEMBL1200675,TOREMIFENE CITRATE,4.0,1996.0,CN(C)CCOc1ccc(/C(=C(/CCCl)c2ccccc2)c2ccccc2)cc1.O=C(O)CC(O)(CC(=O)O)C(=O)O,IWEQQRMGNVVKQW-OQKDUQJOSA-N,,,,,False,406.0,6.22,12.5,0.0,2.0,9.0,0.0,C26H28ClNO,18.0,True,
CHEMBL1200678,ATAZANAVIR SULFATE,4.0,2003.0,COC(=O)N[C@H](C(=O)N[C@@H](Cc1ccccc1)[C@@H](O)CN(Cc1ccc(-c2ccccn2)cc1)NC(=O)[C@@H](NC(=O)OC)C(C)(C)C)C(C)(C)C.O=S(=O)(O)O,DQSGVVGOPRWTKI-QVFAWCHISA-N,,,,,False,704.9,4.21,171.2,5.0,9.0,14.0,0.0,C38H52N6O7,38.0,True,
CHEMBL1200679,ZINC CHLORIDE,4.0,1986.0,[Cl-].[Cl-].[Zn+2],JIAARYAFYJHUJI-UHFFFAOYSA-L,B05XA12,,,,False,,,,,,,,,,False,F2_metal
CHEMBL1200680,SELENIUM SULFIDE,4.0,1951.0,S=[Se]=S,JNMWHTHYDQTDQZ-UHFFFAOYSA-N,D01AE13,,,,False,143.1,0.92,0.0,0.0,2.0,0.0,0.0,S2Se,,False,"F5_pdbqt_fail:atom number 1 has None type, mol name: N"
CHEMBL1200681,MONTELUKAST SODIUM,4.0,1998.0,CC(C)(O)c1ccccc1CC[C@@H](SCC1(CC(=O)[O-])CC1)c1cccc(/C=C/c2ccc3ccc(Cl)cc3n2)c1.[Na+],LBFBRXGCXUHRJY-HKHDRNBDSA-M,,,,,False,585.2,7.61,73.2,1.0,5.0,12.0,-1.0,C35H35ClNO3S-,26.0,True,
CHEMBL1200682,SODIUM OXYBATE,4.0,2002.0,O=C([O-])CCCO.[Na+],XYGBKMMCQDZQOZ-UHFFFAOYSA-M,N01AX11;N07XX04,,,,False,103.1,-1.49,60.4,1.0,3.0,3.0,-1.0,C4H7O3-,8.0,True,
CHEMBL1200685,XENON XE 133,4.0,1982.0,[133Xe],FHNFHKCVQCLJFQ-NJFSPNSNSA-N,V09EX03,,,,False,132.9,0.0,0.0,0.0,0.0,0.0,0.0,Xe,,False,"F5_pdbqt_fail:atom number 0 has None type, mol name: N"
CHEMBL1200686,PIMECROLIMUS,4.0,2001.0,CC[C@@H]1/C=C(\C)C[C@H](C)C[C@H](OC)[C@H]2O[C@@](O)(C(=O)C(=O)N3CCCC[C@H]3C(=O)O[C@H](/C(C)=C/[C@@H]3CC[C@H](Cl)[C@H](OC)C3)[C@H](C)[C@@H](O)CC1=O)[C@H](C)C[C@@H]2OC,KASDHRXLYQOAKZ-XDSKOBMDSA-N,D11AH02,Launched,calcineurin inhibitor,eczema,False,810.5,5.72,158.1,2.0,11.0,6.0,0.0,C43H68ClNO11,48.0,True,
CHEMBL1200688,ERYTHROMYCIN ETHYLSUCCINATE,4.0,1965.0,CCOC(=O)CCC(=O)O[C@H]1[C@H](O[C@@H]2[C@@H](C)[C@H](O[C@H]3C[C@@](C)(OC)[C@@H](O)[C@H](C)O3)[C@@H](C)C(=O)O[C@H](CC)[C@@](C)(O)[C@H](O)[C@@H](C)C(=O)[C@H](C)C[C@@]2(C)O)O[C@H](C)C[C@@H]1N(C)C,NSYZCCDSJNWWJL-YXOIYICCSA-N,,,,,False,862.1,2.68,226.3,4.0,17.0,12.0,0.0,C43H75NO16,,False,F3_druglikeness
CHEMBL1200689,NITRIC OXIDE,4.0,1999.0,[N]=O,MWUXSHHQAYIFBG-UHFFFAOYSA-N,R07AX01,,,,False,,,,,,,,,,False,F2_mw_30
CHEMBL1200691,MAGNESIUM ACETATE,4.0,1982.0,CC(=O)[O-].CC(=O)[O-].[Mg+2],UEGPKNKPLBYCNK-UHFFFAOYSA-L,,,,,False,,,,,,,,,,False,F2_mw_59
CHEMBL1200692,OLMESARTAN MEDOXOMIL,4.0,2002.0,CCCc1nc(C(C)(C)O)c(C(=O)OCc2oc(=O)oc2C)n1Cc1ccc(-c2ccccc2-c2nnn[nH]2)cc1,UQGKUQLKSCSZGY-UHFFFAOYSA-N,C09CA08,,,,False,558.6,4.17,162.2,2.0,10.0,10.0,0.0,C29H30N6O6,24.0,True,
CHEMBL1200694,SEVOFLURANE,4.0,1995.0,FCOC(C(F)(F)F)C(F)(F)F,DFEYYRMXOJXZRJ-UHFFFAOYSA-N,N01AB08,Launched,membrane integrity inhibitor,anesthetic,False,200.1,2.42,9.2,0.0,1.0,2.0,0.0,C4H3F7O,8.0,True,
CHEMBL1200695,PHENYLPROPANOLAMINE HYDROCHLORIDE,4.0,1958.0,CC(N)C(O)c1ccccc1.Cl,DYWNLSQWJMTVGJ-UHFFFAOYSA-N,,,,,False,151.2,1.07,46.2,2.0,2.0,2.0,0.0,C9H13NO,8.0,True,
CHEMBL1200696,POTASSIUM PERCHLORATE,4.0,1974.0,[K+].[O-][Cl+3]([O-])([O-])[O-],YLMGFJXSLBMXHK-UHFFFAOYSA-M,H03BC01,,,,False,,,,,,,,,,False,F2_mw_99
CHEMBL1200699,DOXYCYCLINE,4.0,1967.0,C[C@H]1c2cccc(O)c2C(=O)C2=C(O)[C@]3(O)C(=O)C(C(N)=O)=C(O)[C@@H](N(C)C)[C@@H]3[C@@H](O)[C@@H]21.O,XQTWDDCIUJNLTR-CVHRZJFOSA-N,A01AB22;J01AA02,Launched,bacterial 30S ribosomal subunit inhibitor|metalloproteinase inhibitor,periodontitis,False,444.4,-0.35,181.6,6.0,9.0,2.0,0.0,C22H24N2O8,14.0,True,
CHEMBL1200701,DICLOXACILLIN SODIUM,4.0,1968.0,Cc1onc(-c2c(Cl)cccc2Cl)c1C(=O)N[C@@H]1C(=O)N2[C@@H]1SC(C)(C)[C@@H]2C(=O)[O-].O.[Na+],SIGZQNJITOWQEF-VICXVTCVSA-M,,,,,False,469.3,1.87,115.6,1.0,7.0,4.0,-1.0,C19H16Cl2N3O5S-,8.0,True,
CHEMBL1200703,CHLORDIAZEPOXIDE HYDROCHLORIDE,4.0,1960.0,CNC1=Nc2ccc(Cl)cc2C(c2ccccc2)=[N+]([O-])C1.Cl,DMLFJMQTNDSRFU-UHFFFAOYSA-N,,,,,False,299.8,2.95,50.5,1.0,3.0,1.0,0.0,C16H14ClN3O,8.0,True,
CHEMBL1200705,HYDROXYAMPHETAMINE HYDROBROMIDE,4.0,1969.0,Br.CC(N)Cc1ccc(O)cc1,RZCJLMTXBMNRAD-UHFFFAOYSA-N,,,,,False,151.2,1.28,46.2,2.0,2.0,2.0,0.0,C9H13NO,8.0,True,
CHEMBL1200706,ALUMINUM HYDROXIDE,4.0,1983.0,O[Al](O)O,WNROFYMDJYEPJX-UHFFFAOYSA-K,A02AB01,,,,False,,,,,,,,,,False,F2_metal
CHEMBL1200707,BENZQUINAMIDE HYDROCHLORIDE,4.0,1974.0,CCN(CC)C(=O)C1CN2CCc3cc(OC)c(OC)cc3C2CC1OC(C)=O.Cl,KZLNXGBVFTWMPS-UHFFFAOYSA-N,,,,,False,404.5,2.42,68.3,0.0,6.0,6.0,0.0,C22H32N2O5,14.0,True,
CHEMBL1200710,CLOMIPRAMINE HYDROCHLORIDE,4.0,1989.0,CN(C)CCCN1c2ccccc2CCc2ccc(Cl)cc21.Cl,WIMWMKZEIBHDTH-UHFFFAOYSA-N,,,,,False,314.9,4.53,6.5,0.0,2.0,4.0,0.0,C19H23ClN2,16.0,True,
CHEMBL1200711,OMEGA-3-ACID ETHYL ESTERS,4.0,2004.0,CC/C=C\C/C=C\C/C=C\C/C=C\C/C=C\C/C=C\CCC(=O)OCC.CC/C=C\C/C=C\C/C=C\C/C=C\C/C=C\CCCC(=O)OCC,DTMGIJFHGGCSLO-FIAQIACWSA-N,C10AX06,,,,False,356.6,7.03,26.3,0.0,2.0,15.0,0.0,C24H36O2,32.0,True,
CHEMBL1200712,EVANS BLUE,4.0,1982.0,Cc1cc(-c2ccc(/N=N/c3ccc4c(S(=O)(=O)[O-])cc(S(=O)(=O)[O-])c(N)c4c3O)c(C)c2)ccc1/N=N/c1ccc2c(S(=O)(=O)[O-])cc(S(=O)(=O)[O-])c(N)c2c1O.[Na+].[Na+].[Na+].[Na+],ATNOAWAQFYGAOY-GPTZEZBUSA-J,,,,,False,868.9,5.3,370.7,4.0,20.0,9.0,-4.0,C34H24N6O14S4-4,,False,F3_druglikeness
CHEMBL1200714,CHLORMEZANONE,4.0,1960.0,CN1C(=O)CCS(=O)(=O)C1c1ccc(Cl)cc1,WEQAYVWKMWHEJO-UHFFFAOYSA-N,M03BB72;M03BB52;M03BB02,Withdrawn,GABA receptor modulator,,False,273.7,1.62,54.5,0.0,3.0,1.0,0.0,C11H12ClNO3S,2.0,True,
CHEMBL1200715,HEXYLCAINE HYDROCHLORIDE,4.0,1982.0,CC(CNC1CCCCC1)OC(=O)c1ccccc1.Cl,MTFCPNHRBINLRQ-UHFFFAOYSA-N,,,,,False,261.4,3.15,38.3,1.0,3.0,5.0,0.0,C16H23NO2,12.0,True,
CHEMBL1200718,MAGNESIUM HYDROXIDE,4.0,2000.0,[Mg+2].[OH-].[OH-],VTHJTEIRLNZDEV-UHFFFAOYSA-L,G04BX01;A02AA04,,,,False,,,,,,,,,,False,F2_mw_17
CHEMBL1200721,ESTRAMUSTINE PHOSPHATE SODIUM,4.0,1981.0,C[C@]12CC[C@@H]3c4ccc(OC(=O)N(CCCl)CCCl)cc4CC[C@H]3[C@@H]1CC[C@@H]2OP(=O)([O-])[O-].[Na+].[Na+],IIUMCNJTGSMNRO-VVSKJQCTSA-L,,,,,False,518.4,4.04,102.0,0.0,6.0,7.0,-2.0,C23H30Cl2NO6P-2,16.0,True,
CHEMBL1200722,PIPECURONIUM BROMIDE,4.0,1990.0,CC(=O)O[C@H]1C[C@@H]2CC[C@@H]3[C@H](CC[C@@]4(C)[C@H]3C[C@H](N3CC[N+](C)(C)CC3)[C@@H]4OC(C)=O)[C@@]2(C)C[C@@H]1N1CC[N+](C)(C)CC1.[Br-].[Br-],TXWBOBJCRVVBJF-YTGGZNJNSA-L,M03AC06,,,,False,602.9,3.63,59.1,0.0,6.0,4.0,2.0,C35H62N4O4+2,12.0,True,
CHEMBL1200724,PSEUDOEPHEDRINE HYDROCHLORIDE,4.0,1975.0,CN[C@@H](C)[C@@H](O)c1ccccc1.Cl,BALXUFOVQVENIU-KXNXZCPBSA-N,,,,,False,165.2,1.33,32.3,2.0,2.0,3.0,0.0,C10H15NO,8.0,True,
CHEMBL1200725,SERTACONAZOLE NITRATE,4.0,2003.0,Clc1ccc(C(Cn2ccnc2)OCc2csc3c(Cl)cccc23)c(Cl)c1.O=[N+]([O-])O,HAAITRDZHUANGT-UHFFFAOYSA-N,,,,,False,437.8,7.02,27.1,0.0,3.0,6.0,0.0,C20H15Cl3N2OS,12.0,True,
CHEMBL1200727,RUBIDIUM CHLORIDE RB 82,4.0,1989.0,[82Rb+].[Cl-],FGDZQCVHDSGLHJ-RYDPDVNUSA-M,V09GX04,,,,False,,,,,,,,,,False,F2_mw_82
CHEMBL1200728,GUANIDINE HYDROCHLORIDE,4.0,1939.0,Cl.N=C(N)N,PJJJBBJSCAKJQF-UHFFFAOYSA-N,,,,,False,,,,,,,,,,False,F2_mw_59
CHEMBL1200729,CHLORAMPHENICOL SODIUM SUCCINATE,4.0,1959.0,O=C([O-])CCC(=O)OC[C@@H](NC(=O)C(Cl)Cl)[C@H](O)c1ccc([N+](=O)[O-])cc1.[Na+],RPLOPBHEZLFENN-HTMVYDOJSA-M,,,,,False,422.2,-0.01,158.9,2.0,8.0,10.0,-1.0,C15H15Cl2N2O8-,24.0,True,
CHEMBL1200731,POTASSIUM CHLORIDE,4.0,1982.0,[Cl-].[K+],WCUXLLCKKVVCTQ-UHFFFAOYSA-M,A12BA51;A12BA01;B05XA01,,,,False,,,,,,,,,,False,F2_metal
CHEMBL1200732,AMCINONIDE,4.0,1979.0,CC(=O)OCC(=O)[C@@]12OC3(CCCC3)O[C@@H]1C[C@H]1[C@@H]3CCC4=CC(=O)C=C[C@]4(C)[C@@]3(F)[C@@H](O)C[C@@]12C,ILKJAFIWWBXGDU-MOGDOJJUSA-N,D07AC11,Launched,glucocorticoid receptor agonist,corticosteroid-responsive dermatoses,False,502.6,3.52,99.1,1.0,7.0,3.0,0.0,C28H35FO7,10.0,True,
CHEMBL1200733,DESFLURANE,4.0,1992.0,FC(F)OC(F)C(F)(F)F,DPYMFVXJLLWWEU-UHFFFAOYSA-N,N01AB07,,,,False,168.0,2.08,9.2,0.0,1.0,2.0,0.0,C3H2F6O,6.0,True,
CHEMBL1200734,FOSAMPRENAVIR CALCIUM,4.0,2003.0,CC(C)CN(C[C@@H](OP(=O)([O-])[O-])[C@H](Cc1ccccc1)NC(=O)O[C@H]1CCOC1)S(=O)(=O)c1ccc(N)cc1.[Ca+2],PMDQGYMGQKTCSX-HQROKSDRSA-L,,,,,False,583.6,1.26,183.4,2.0,10.0,13.0,-2.0,C25H34N3O9PS-2,30.0,True,
CHEMBL1200735,MOXIFLOXACIN HYDROCHLORIDE,4.0,1999.0,COc1c(N2C[C@@H]3CCCN[C@@H]3C2)c(F)cc2c(=O)c(C(=O)O)cn(C3CC3)c12.Cl,IDIIJJHBXUESQI-DFIJPDEKSA-N,,,,,False,401.4,2.37,83.8,2.0,5.0,4.0,0.0,C21H24FN3O4,10.0,True,
CHEMBL1200736,MAGNESIUM CARBONATE,4.0,1990.0,O=C([O-])[O-].[Mg+2],ZLNQQNXFFQJAID-UHFFFAOYSA-L,A06AD01;A02AA01,,,,False,,,,,,,,,,False,F2_mw_60
CHEMBL1200737,COLFOSCERIL PALMITATE,4.0,1990.0,CCCCCCCCCCCCCCCC(=O)OC[C@H](COP(=O)([O-])OCC[N+](C)(C)C)OC(=O)CCCCCCCCCCCCCCC,KILNVBDSWZSGLL-KXQOOQHDSA-N,R07AA01,,,,False,734.1,10.61,111.2,0.0,8.0,38.0,0.0,C40H80NO8P,,False,F3_druglikeness
CHEMBL1200743,IOXAGLATE SODIUM,4.0,1985.0,CNC(=O)c1c(I)c(C(=O)NCC(=O)Nc2c(I)c(C(=O)[O-])c(I)c(C(=O)NCCO)c2I)c(I)c(N(C)C(C)=O)c1I.[Na+],MBVDCEVFLAONHO-UHFFFAOYSA-M,,,,,False,,,,,,,,,,False,F2_mw_1268
CHEMBL1200744,SODIUM FLUORIDE F 18,4.0,1972.0,[18F-].[Na+],PUZPDOWCWNUUKD-ULWFUOSBSA-M,V09IX06,,,,False,,,,,,,,,,False,F2_metal
CHEMBL1200745,OXPRENOLOL HYDROCHLORIDE,4.0,1983.0,C=CCOc1ccccc1OCC(O)CNC(C)C.Cl,COAJXCLTPGGDAJ-UHFFFAOYSA-N,,,,,False,265.4,1.99,50.7,2.0,4.0,9.0,0.0,C15H23NO3,20.0,True,
CHEMBL1200747,AMMONIUM LACTATE,4.0,1985.0,CC(O)C(=O)O.N,RZOBLYBZQXQGFY-UHFFFAOYSA-N,,,,,False,,,,,,,,,,False,F2_mw_90
CHEMBL1200748,CARBIDOPA,4.0,1975.0,C[C@@](Cc1ccc(O)c(O)c1)(NN)C(=O)O.O,QTAOMKOIBXZKND-PPHPATTJSA-N,,Launched,aromatic L-amino acid decarboxylase inhibitor,Parkinson's Disease,False,226.2,-0.05,115.8,5.0,5.0,4.0,0.0,C10H14N2O4,16.0,True,
CHEMBL1200749,LEVOBUPIVACAINE HYDROCHLORIDE,4.0,1999.0,CCCCN1CCCC[C@H]1C(=O)Nc1c(C)cccc1C.Cl,SIEYLFHKZGLBNX-NTISSMGPSA-N,,,,,False,288.4,3.9,32.3,1.0,2.0,5.0,0.0,C18H28N2O,10.0,True,
CHEMBL1200750,PROMETHAZINE HYDROCHLORIDE,4.0,1951.0,CC(CN1c2ccccc2Sc2ccccc21)N(C)C.Cl,XXPDBLUZJRXNNZ-UHFFFAOYSA-N,,,,,False,284.4,4.24,6.5,0.0,3.0,3.0,0.0,C17H20N2S,6.0,True,
CHEMBL1200751,MERCAPTOPURINE,4.0,1953.0,O.S=c1[nH]cnc2nc[nH]c12,WFFQYWAAEWLHJC-UHFFFAOYSA-N,L01BB02,Launched,immunosuppressant|protein synthesis inhibitor|purine antagonist,acute lymphoblastic leukemia (ALL),False,152.2,1.02,57.4,2.0,3.0,0.0,0.0,C5H4N4S,0.0,True,
CHEMBL1200756,PYRIDOXINE HYDROCHLORIDE,4.0,1982.0,Cc1ncc(CO)c(CO)c1O.Cl,ZUFQODAHGAHPFQ-UHFFFAOYSA-N,,,,,False,169.2,0.08,73.6,3.0,4.0,2.0,0.0,C8H11NO3,10.0,True,
CHEMBL1200757,PANCURONIUM BROMIDE,4.0,1972.0,CC(=O)O[C@H]1C[C@@H]2CC[C@@H]3[C@H](CC[C@@]4(C)[C@H]3C[C@H]([N+]3(C)CCCCC3)[C@@H]4OC(C)=O)[C@@]2(C)C[C@@H]1[N+]1(C)CCCCC1.[Br-].[Br-],NPIJXCQZLFKBMV-YTGGZNJNSA-L,,,,,False,572.9,6.11,52.6,0.0,4.0,4.0,2.0,C35H60N2O4+2,12.0,True,
CHEMBL1200758,AMPICILLIN SODIUM,4.0,1971.0,CC1(C)S[C@@H]2[C@H](NC(=O)[C@H](N)c3ccccc3)C(=O)N2[C@H]1C(=O)[O-].[Na+],KLOHDWPABZXLGI-YWUHCJSESA-M,,,,,False,348.4,-1.02,115.6,2.0,6.0,4.0,-1.0,C16H18N3O4S-,10.0,True,
CHEMBL1200759,ANAGRELIDE HYDROCHLORIDE,4.0,1997.0,Cl.O=C1CN2Cc3c(ccc(Cl)c3Cl)N=C2N1,TVWRQCIPWUCNMI-UHFFFAOYSA-N,,,,,False,256.1,1.93,44.7,1.0,3.0,0.0,0.0,C10H7Cl2N3O,0.0,True,
CHEMBL1200760,BALSALAZIDE DISODIUM,4.0,2000.0,O=C([O-])CCNC(=O)c1ccc(/N=N/c2ccc(O)c(C(=O)[O-])c2)cc1.[Na+].[Na+],CKMOQBVBEGCJGW-LLIZZRELSA-L,,,,,False,355.3,0.04,154.3,2.0,8.0,7.0,-2.0,C17H13N3O6-2,16.0,True,
CHEMBL1200761,CHLOROTRIANISENE,4.0,1982.0,COc1ccc(C(Cl)=C(c2ccc(OC)cc2)c2ccc(OC)cc2)cc1,BFPSDSIWYFKGBC-UHFFFAOYSA-N,G03CA06,Launched,estrogenic hormone,menopause|prostate cancer,False,380.9,5.87,27.7,0.0,3.0,6.0,0.0,C23H21ClO3,12.0,True,
CHEMBL1200762,BETAMETHASONE SODIUM PHOSPHATE,4.0,1965.0,C[C@H]1C[C@H]2[C@@H]3CCC4=CC(=O)C=C[C@]4(C)[C@@]3(F)[C@@H](O)C[C@]2(C)[C@@]1(O)C(=O)COP(=O)([O-])[O-].[Na+].[Na+],PLCQGRYPOISRTQ-LWCNAHDDSA-L,,,,,False,470.4,0.75,147.0,2.0,8.0,4.0,-2.0,C22H28FO8P-2,12.0,True,
CHEMBL1200763,IODOHIPPURATE SODIUM I 131,4.0,1982.0,O=C([O-])CNC(=O)c1ccccc1[131I].[Na+],XYITYKDGJLHYPW-UDYUCQKZSA-M,V09CX02,,,,False,308.1,-0.23,69.2,1.0,3.0,3.0,-1.0,C9H7INO3-,6.0,True,
CHEMBL1200764,METHACHOLINE CHLORIDE,4.0,1986.0,CC(=O)OC(C)C[N+](C)(C)C.[Cl-],JHPHVAVFUYTVCL-UHFFFAOYSA-M,,,,,False,160.2,0.64,26.3,0.0,2.0,3.0,1.0,C8H18NO2+,8.0,True,
CHEMBL1200768,CEFTAZIDIME SODIUM,4.0,1989.0,CC(C)(O/N=C(\C(=O)N[C@@H]1C(=O)N2C(C(=O)[O-])=C(C[n+]3ccccc3)CS[C@H]12)c1csc(N)n1)C(=O)[O-].[Na+],JEEWDSDYUSEQML-ROMZVAKDSA-M,,,,,False,545.6,-2.63,194.1,2.0,12.0,9.0,-1.0,C22H21N6O7S2-,20.0,True,
CHEMBL1200769,TRIPELENNAMINE CITRATE,4.0,1948.0,CN(C)CCN(Cc1ccccc1)c1ccccn1.O=C(O)CC(O)(CC(=O)O)C(=O)O,GGRBYIUPUOYRLQ-UHFFFAOYSA-N,,,,,False,255.4,2.65,19.4,0.0,3.0,6.0,0.0,C16H21N3,12.0,True,
CHEMBL1200770,IOCETAMIC ACID,4.0,1982.0,CC(=O)N(CC(C)C(=O)O)c1c(I)cc(I)c(N)c1I,GSVQIUGOUKJHRC-UHFFFAOYSA-N,V08AC07,,,,False,614.0,3.16,83.6,2.0,3.0,4.0,0.0,C12H13I3N2O3,14.0,True,
CHEMBL1200771,TRIDIHEXETHYL CHLORIDE,4.0,1954.0,CC[N+](CC)(CC)CCC(O)(c1ccccc1)C1CCCCC1.[Cl-],XJGONMZLEDGBRM-UHFFFAOYSA-M,,,,,False,318.5,4.72,20.2,1.0,1.0,8.0,1.0,C21H36NO+,18.0,True,
CHEMBL1200772,WARFARIN POTASSIUM,4.0,1982.0,CC(=O)CC(c1ccccc1)c1c([O-])c2ccccc2oc1=O.[K+],WSHYKIAQCMIPTB-UHFFFAOYSA-M,,,,,False,307.3,2.98,70.3,0.0,4.0,4.0,-1.0,C19H15O4-,8.0,True,
CHEMBL1200773,TOCAINIDE HYDROCHLORIDE,4.0,1984.0,Cc1cccc(C)c1NC(=O)C(C)N.Cl,AMZACPWEJDQXGW-UHFFFAOYSA-N,,,,,False,192.3,1.59,55.1,2.0,2.0,2.0,0.0,C11H16N2O,6.0,True,
CHEMBL1200774,FLUPREDNISOLONE,4.0,1982.0,C[C@]12C=CC(=O)C=C1[C@@H](F)C[C@@H]1[C@@H]2[C@@H](O)C[C@@]2(C)[C@H]1CC[C@]2(O)C(=O)CO,MYYIMZRZXIQBGI-HVIRSNARSA-N,,,,,False,378.4,1.51,94.8,3.0,5.0,2.0,0.0,C21H27FO5,10.0,True,
CHEMBL1200776,CINACALCET HYDROCHLORIDE,4.0,2004.0,C[C@@H](NCCCc1cccc(C(F)(F)F)c1)c1cccc2ccccc12.Cl,QANQWUQOEJZMLL-PKLMIRHRSA-N,,,,,False,357.4,6.14,12.0,1.0,1.0,6.0,0.0,C22H22F3N,14.0,True,
CHEMBL1200778,DEXRAZOXANE HYDROCHLORIDE,4.0,1995.0,C[C@@H](CN1CC(=O)NC(=O)C1)N1CC(=O)NC(=O)C1.Cl,BIFMNMPSIYHKDN-FJXQXJEOSA-N,,,,,False,268.3,-2.71,98.8,2.0,6.0,3.0,0.0,C11H16N4O4,6.0,True,
CHEMBL1200779,TROVAFLOXACIN MESYLATE,4.0,1997.0,CS(=O)(=O)O.N[C@@H]1[C@H]2CN(c3nc4c(cc3F)c(=O)c(C(=O)O)cn4-c3ccc(F)cc3F)C[C@@H]12,DYNZICQDCVYXFW-AHZSKCOESA-N,,,,,False,416.4,1.89,101.4,2.0,5.0,3.0,0.0,C20H15F3N4O3,10.0,True,
CHEMBL1200781,CITALOPRAM HYDROBROMIDE,4.0,1998.0,Br.CN(C)CCCC1(c2ccc(F)cc2)OCc2cc(C#N)ccc21,WIHMBLDNRMIGDW-UHFFFAOYSA-N,,,,,False,324.4,3.81,36.3,0.0,3.0,5.0,0.0,C20H21FN2O,10.0,True,
CHEMBL1200782,DEXTROAMPHETAMINE ADIPATE,4.0,1975.0,C[C@H](N)Cc1ccccc1.O=C(O)CCCCC(=O)O,OFCJKOOVFDGTLY-QRPNPIFTSA-N,,,,,False,135.2,1.58,26.0,1.0,1.0,2.0,0.0,C9H13N,6.0,True,
CHEMBL1200787,PHENOXYBENZAMINE HYDROCHLORIDE,4.0,1953.0,CC(COc1ccccc1)N(CCCl)Cc1ccccc1.Cl,VBCPVIWPDJVHAN-UHFFFAOYSA-N,,,,,False,303.8,4.19,12.5,0.0,2.0,8.0,0.0,C18H22ClNO,16.0,True,
CHEMBL1200788,CISAPRIDE MONOHYDRATE,4.0,1993.0,COc1cc(N)c(Cl)cc1C(=O)NC1CCN(CCCOc2ccc(F)cc2)CC1OC.O,QBYYXIDJOFZORM-UHFFFAOYSA-N,,,,,False,466.0,3.36,86.0,2.0,6.0,9.0,0.0,C23H29ClFN3O4,20.0,True,
CHEMBL1200789,TRICLOFOS SODIUM,4.0,1982.0,O=P([O-])(O)OCC(Cl)(Cl)Cl.[Na+],WFKJEZKHPGDCRK-UHFFFAOYSA-M,,,,,False,228.4,0.83,69.6,1.0,3.0,2.0,-1.0,C2H3Cl3O4P-,8.0,True,
CHEMBL1200790,METHYPRYLON,4.0,1982.0,CCC1(CC)C(=O)NCC(C)C1=O,SIDLZWOQUZRBRU-UHFFFAOYSA-N,N05CE02,,,,False,183.3,1.13,46.2,1.0,2.0,2.0,0.0,C10H17NO2,4.0,True,
CHEMBL1200791,OXYMETAZOLINE HYDROCHLORIDE,4.0,1986.0,Cc1cc(C(C)(C)C)c(O)c(C)c1CC1=NCCN1.Cl,BEEDODBODQVSIM-UHFFFAOYSA-N,,,,,False,260.4,2.85,44.6,2.0,3.0,2.0,0.0,C16H24N2O,8.0,True,
CHEMBL1200794,OXYMORPHONE HYDROCHLORIDE,4.0,1959.0,CN1CC[C@]23c4c5ccc(O)c4O[C@H]2C(=O)CC[C@@]3(O)[C@H]1C5.Cl,BCGJBQBWUGVESK-KCTCKCTRSA-N,,,,,False,301.3,0.75,70.0,2.0,5.0,0.0,0.0,C17H19NO4,4.0,True,
CHEMBL1200795,CLEMASTINE FUMARATE,4.0,1977.0,CN1CCC[C@@H]1CCO[C@](C)(c1ccccc1)c1ccc(Cl)cc1.O=C(O)/C=C/C(=O)O,PMGQWSIVQFOFOQ-YKVZVUFRSA-N,,,,,False,343.9,5.1,12.5,0.0,2.0,6.0,0.0,C21H26ClNO,12.0,True,
CHEMBL1200796,CYCLOPHOSPHAMIDE,4.0,1959.0,O.O=P1(N(CCCl)CCCl)NCCCO1,PWOQRKCAHTVFLB-UHFFFAOYSA-N,L01AA01,Launched,DNA alkylating agent,Hodgkin's lymphoma|small lymphocytic lymphoma (SLL)|breast cancer|neuroblastoma|Burkitt's lymphoma|multiple myeloma|chronic lymphocytic leukemia (CLL)|acute myeloid leukemia (AML)|acute lymphoblastic leukemia (ALL)|chronic myeloid leukemia (CML)|true histiocytic lymphoma (THL)|retinoblastoma|ovarian cancer,False,261.1,1.88,41.6,1.0,2.0,5.0,0.0,C7H15Cl2N2O2P,10.0,True,
CHEMBL1200798,TRAZODONE HYDROCHLORIDE,4.0,1981.0,Cl.O=c1n(CCCN2CCN(c3cccc(Cl)c3)CC2)nc2ccccn12,OHHDIOKRWWOXMT-UHFFFAOYSA-N,,,,,False,371.9,2.36,45.8,0.0,4.0,5.0,0.0,C19H22ClN5O,10.0,True,
CHEMBL1200799,TRAVOPROST,4.0,2001.0,CC(C)OC(=O)CCC/C=C\C[C@@H]1[C@@H](/C=C/[C@@H](O)COc2cccc(C(F)(F)F)c2)[C@H](O)C[C@@H]1O,MKPLKVHSHYCHOC-AHTXBMBWSA-N,S01EE04,Launched,prostanoid receptor agonist,ocular hypertension|glaucoma,False,500.6,4.43,96.2,3.0,6.0,12.0,0.0,C26H35F3O6,34.0,True,
CHEMBL1200800,CALCIUM ACETATE,4.0,1982.0,CC(=O)[O-].CC(=O)[O-].[Ca+2],VSGNNIFQASZAOI-UHFFFAOYSA-L,V03AE07,,,,False,,,,,,,,,,False,F2_mw_59
CHEMBL1200802,TALBUTAL,4.0,1982.0,C=CCC1(C(C)CC)C(=O)NC(=O)NC1=O,BJVVMKUXKQHWJK-UHFFFAOYSA-N,N05CA07,,,,False,224.3,0.96,75.3,2.0,3.0,4.0,0.0,C11H16N2O3,8.0,True,
CHEMBL1200803,SOLIFENACIN SUCCINATE,4.0,2004.0,O=C(O)CCC(=O)O.O=C(O[C@H]1CN2CCC1CC2)N1CCc2ccccc2[C@@H]1c1ccccc1,RXZMMZZRUPYENV-VROPFNGYSA-N,,,,,False,362.5,3.86,32.8,0.0,3.0,2.0,0.0,C23H26N2O2,8.0,True,
CHEMBL1200804,DICLOFENAC POTASSIUM,4.0,1993.0,O=C([O-])Cc1ccccc1Nc1c(Cl)cccc1Cl.[K+],KXZOIWWTXOCYKR-UHFFFAOYSA-M,,,,,False,295.1,3.03,52.2,1.0,3.0,4.0,-1.0,C14H10Cl2NO2-,8.0,True,
CHEMBL1200805,DILTIAZEM MALATE,4.0,1996.0,COc1ccc([C@@H]2Sc3ccccc3N(CCN(C)C)C(=O)[C@@H]2OC(C)=O)cc1.O=C(O)CC(O)C(=O)O,IUSFTUWHKCSCDY-BHDTVMLSSA-N,,,,,False,414.5,3.37,59.1,0.0,6.0,6.0,0.0,C22H26N2O4S,24.0,True,
CHEMBL1200806,NAPROXEN SODIUM,4.0,1980.0,COc1ccc2cc([C@H](C)C(=O)[O-])ccc2c1.[Na+],CDBRNDSHEYLDJV-FVGYRXGTSA-M,,,,,False,229.3,1.7,49.4,0.0,3.0,3.0,-1.0,C14H13O3-,6.0,True,
CHEMBL1200807,NORELGESTROMIN,4.0,2001.0,C#C[C@]1(O)CC[C@H]2[C@@H]3CCC4=C/C(=N/O)CC[C@@H]4[C@H]3CC[C@@]21CC,ISHXLNHNDMZNMC-VTKCIJPMSA-N,,Launched,,contraceptive,False,327.5,4.14,52.8,2.0,3.0,1.0,0.0,C21H29NO2,6.0,True,
CHEMBL1200809,AZELASTINE HYDROCHLORIDE,4.0,1996.0,CN1CCCC(n2nc(Cc3ccc(Cl)cc3)c3ccccc3c2=O)CC1.Cl,YEJAJYAHJQIWNU-UHFFFAOYSA-N,,,,,False,381.9,4.3,38.1,0.0,3.0,3.0,0.0,C22H24ClN3O,18.0,True,
CHEMBL1200810,DOXERCALCIFEROL,4.0,1999.0,C=C1/C(=C\C=C2/CCC[C@]3(C)[C@@H]([C@H](C)/C=C/[C@H](C)C(C)C)CC[C@@H]23)C[C@@H](O)C[C@@H]1O,HKXBNHCUPKIYDM-CGMHZMFXSA-N,H05BX03,Launched,vitamin D receptor agonist,chronic kidney disease (CKD)|hyperparathyroidism,False,412.7,6.61,40.5,2.0,2.0,5.0,0.0,C28H44O2,14.0,True,
CHEMBL1200813,ACEBUTOLOL HYDROCHLORIDE,4.0,1984.0,CCCC(=O)Nc1ccc(OCC(O)CNC(C)C)c(C(C)=O)c1.Cl,KTUFKADDDORSSI-UHFFFAOYSA-N,,,,,False,336.4,2.37,87.7,3.0,5.0,10.0,0.0,C18H28N2O4,22.0,True,
CHEMBL1200814,ACETAZOLAMIDE SODIUM,4.0,1982.0,CC(=O)Nc1nnc(S([NH-])(=O)=O)s1.[Na+],MRSXAJAOWWFZJJ-UHFFFAOYSA-M,,,,,False,221.2,0.24,112.8,1.0,6.0,2.0,-1.0,C4H5N4O3S2-,6.0,True,
CHEMBL1200817,LEVOMETHADYL ACETATE HYDROCHLORIDE,4.0,1993.0,CC[C@H](OC(C)=O)C(C[C@H](C)N(C)C)(c1ccccc1)c1ccccc1.Cl,UXBPQRGCVJOTNT-COBSGTNCSA-N,,,,,False,353.5,4.65,29.5,0.0,3.0,8.0,0.0,C23H31NO2,18.0,True,
CHEMBL1200819,ARTICAINE HYDROCHLORIDE,4.0,2000.0,CCCNC(C)C(=O)Nc1c(C)csc1C(=O)OC.Cl,GDWDBGSWGNEMGJ-UHFFFAOYSA-N,,,,,False,284.4,2.17,67.4,2.0,5.0,6.0,0.0,C13H20N2O3S,14.0,True,
CHEMBL1200820,PIPERACILLIN SODIUM,4.0,1981.0,CCN1CCN(C(=O)N[C@@H](C(=O)N[C@@H]2C(=O)N3[C@@H]2SC(C)(C)[C@@H]3C(=O)[O-])c2ccccc2)C(=O)C1=O.[Na+],WCMIIGXFCMNQDS-IDYPWDAWSA-M,,,,,False,516.6,-1.57,159.3,2.0,8.0,6.0,-1.0,C23H26N5O7S-,14.0,True,
CHEMBL1200821,PROPYLIODONE,4.0,1982.0,CCCOC(=O)Cn1cc(I)c(=O)c(I)c1,ROSXARVHJNYYDO-UHFFFAOYSA-N,V08AD03,,,,False,447.0,2.01,48.3,0.0,3.0,4.0,0.0,C10H11I2NO3,10.0,True,
CHEMBL1200822,FLECAINIDE ACETATE,4.0,1985.0,CC(=O)O.O=C(NCC1CCCCN1)c1cc(OCC(F)(F)F)ccc1OCC(F)(F)F,RKXNZRPQSOPPRN-UHFFFAOYSA-N,,,,,False,414.3,3.44,59.6,2.0,4.0,7.0,0.0,C17H20F6N2O3,18.0,True,
CHEMBL1200825,METHADONE HYDROCHLORIDE,4.0,1947.0,CCC(=O)C(CC(C)N(C)C)(c1ccccc1)c1ccccc1.Cl,FJQXCDYVZAHXNS-UHFFFAOYSA-N,,,,,False,309.5,4.29,20.3,0.0,2.0,7.0,0.0,C21H27NO,14.0,True,
CHEMBL1200826,LITHIUM CARBONATE,4.0,1970.0,O=C([O-])[O-].[Li+].[Li+],XGZVUEUWXADBQD-UHFFFAOYSA-L,,,,,False,,,,,,,,,,False,F2_mw_60
CHEMBL1200828,CYCRIMINE HYDROCHLORIDE,4.0,1982.0,Cl.OC(CCN1CCCCC1)(c1ccccc1)C1CCCC1,WBCWFMFZMRFRLT-UHFFFAOYSA-N,,,,,False,287.4,3.94,23.5,1.0,2.0,5.0,0.0,C19H29NO,12.0,True,
CHEMBL1200829,GLUCONOLACTONE,4.0,1990.0,O=C1O[C@H](CO)[C@@H](O)[C@H](O)[C@H]1O,PHOQVHQSTUBQQK-SQOUGZDYSA-N,,Launched,,,False,178.1,-3.01,107.2,4.0,6.0,1.0,0.0,C6H10O6,10.0,True,
CHEMBL1200831,SPIRAPRIL HYDROCHLORIDE,4.0,1994.0,CCOC(=O)[C@H](CCc1ccccc1)N[C@@H](C)C(=O)N1CC2(C[C@H]1C(=O)O)SCCS2.Cl,CLDOLNORSLLQDI-OOAIBONUSA-N,,,,,False,466.6,2.39,95.9,2.0,7.0,9.0,0.0,C22H30N2O5S2,24.0,True,
CHEMBL1200832,TERBINAFINE HYDROCHLORIDE,4.0,1992.0,CN(C/C=C/C#CC(C)(C)C)Cc1cccc2ccccc12.Cl,BWMISRWJRUSYEX-SZKNIZGXSA-N,,,,,False,291.4,4.88,3.2,0.0,1.0,4.0,0.0,C21H25N,10.0,True,
CHEMBL1200833,DIPIVEFRIN HYDROCHLORIDE,4.0,1980.0,CNCC(O)c1ccc(OC(=O)C(C)(C)C)c(OC(=O)C(C)(C)C)c1.Cl,VKFAUCPBMAGVRG-UHFFFAOYSA-N,,,,,False,351.4,2.84,84.9,2.0,6.0,5.0,0.0,C19H29NO5,20.0,True,
CHEMBL1200836,OXICONAZOLE NITRATE,4.0,1988.0,Clc1ccc(CO/N=C(\Cn2ccnc2)c2ccc(Cl)cc2Cl)c(Cl)c1.O=[N+]([O-])O,WVNOAGNOIPTWPT-NDUABGMUSA-N,,,,,False,429.1,6.12,39.4,0.0,3.0,6.0,0.0,C18H13Cl4N3O,12.0,True,
CHEMBL1200837,LEVOBETAXOLOL HYDROCHLORIDE,4.0,2000.0,CC(C)NC[C@H](O)COc1ccc(CCOCC2CC2)cc1.Cl,CHDPSNLJFOQTRK-LMOVPXPDSA-N,,,,,False,307.4,2.39,50.7,2.0,4.0,11.0,0.0,C18H29NO3,24.0,True,
CHEMBL1200839,DIATRIZOATE MEGLUMINE,4.0,1982.0,CC(=O)Nc1c(I)c(NC(C)=O)c(I)c(C(=O)O)c1I.CNC[C@H](O)[C@@H](O)[C@H](O)[C@H](O)CO,MIKKOBKEXMRYFQ-WZTVWXICSA-N,,,,,False,195.2,-3.36,113.2,6.0,6.0,6.0,0.0,C7H17NO5,22.0,True,
CHEMBL1200841,PROCAINE HYDROCHLORIDE,4.0,1954.0,CCN(CC)CCOC(=O)c1ccc(N)cc1.Cl,HCBIBCJNVBAKAB-UHFFFAOYSA-N,,,,,False,236.3,1.77,55.6,1.0,4.0,6.0,0.0,C13H20N2O2,16.0,True,
CHEMBL1200843,METHYLERGONOVINE MALEATE,4.0,1946.0,CC[C@@H](CO)NC(=O)[C@@H]1C=C2c3cccc4[nH]cc(c34)C[C@H]2N(C)C1.O=C(O)/C=C\C(=O)O,NOFOWWRHEPHDCY-DAUURJMHSA-N,,,,,False,339.4,1.92,68.4,3.0,3.0,4.0,0.0,C20H25N3O2,10.0,True,
CHEMBL1200845,HALCINONIDE,4.0,1974.0,CC1(C)O[C@@H]2C[C@H]3[C@@H]4CCC5=CC(=O)CC[C@]5(C)[C@@]4(F)[C@@H](O)C[C@]3(C)[C@]2(C(=O)CCl)O1,MUQNGPZZQDCDFT-JNQJZLCISA-N,D07AD02,Launched,glucocorticoid receptor agonist,corticosteroid-responsive dermatoses,False,455.0,3.89,72.8,1.0,5.0,2.0,0.0,C24H32ClFO5,6.0,True,
CHEMBL1200848,HYDROXYPROGESTERONE CAPROATE,4.0,1975.0,CCCCCC(=O)O[C@]1(C(C)=O)CC[C@H]2[C@@H]3CCC4=CC(=O)CC[C@]4(C)[C@H]3CC[C@@]21C,DOMWKUIIPQCAJU-LJHIYBGHSA-N,G03DA03,,,,False,428.6,5.97,60.4,0.0,4.0,6.0,0.0,C27H40O4,14.0,True,
CHEMBL1200850,GANCICLOVIR SODIUM,4.0,1989.0,Nc1nc([O-])c2ncn(COC(CO)CO)c2n1.[Na+],JJICLMJFIKGAAU-UHFFFAOYSA-M,,,,,False,254.2,-2.19,142.4,3.0,8.0,5.0,-1.0,C9H12N5O4-,16.0,True,
CHEMBL1200851,HOMATROPINE METHYLBROMIDE,4.0,1943.0,C[N+]1(C)[C@@H]2CC[C@H]1C[C@@H](OC(=O)C(O)c1ccccc1)C2.[Br-],FUFVKLQESJNNAN-RIMUKSHESA-M,A03BB06;A03CB04,,,,False,290.4,2.03,46.5,1.0,3.0,3.0,1.0,C17H24NO3+,10.0,True,
CHEMBL1200852,PENICILLIN V POTASSIUM,4.0,1958.0,CC1(C)S[C@@H]2[C@H](NC(=O)COc3ccccc3)C(=O)N2[C@H]1C(=O)[O-].[K+],HCTVWSOKIJULET-LQDWTQKMSA-M,,,,,False,349.4,-0.64,98.8,1.0,6.0,5.0,-1.0,C16H17N2O5S-,10.0,True,
CHEMBL1200853,DYDROGESTERONE,4.0,1982.0,CC(=O)[C@H]1CC[C@H]2[C@@H]3C=CC4=CC(=O)CC[C@@]4(C)[C@@H]3CC[C@]12C,JGMOKGBVKVMRFX-HQZYFCCVSA-N,G03DB01,Launched,progesterone receptor agonist,infertility,False,312.5,4.5,34.1,0.0,2.0,1.0,0.0,C21H28O2,2.0,True,
CHEMBL1200854,FLUPHENAZINE DECANOATE,4.0,1972.0,CCCCCCCCCC(=O)OCCN1CCN(CCCN2c3ccccc3Sc3ccc(C(F)(F)F)cc32)CC1,VIQCGTZFEYDQMR-UHFFFAOYSA-N,,,,,False,591.8,8.0,36.0,0.0,6.0,15.0,0.0,C32H44F3N3O2S,34.0,True,
CHEMBL1200855,TICARCILLIN DISODIUM,4.0,1976.0,CC1(C)S[C@@H]2[C@H](NC(=O)[C@H](C(=O)[O-])c3ccsc3)C(=O)N2[C@H]1C(=O)[O-].[Na+].[Na+],ZBBCUBMBMZNEME-QBGWIPKPSA-L,,,,,False,382.4,-2.12,129.7,1.0,8.0,5.0,-2.0,C15H14N2O6S2-2,10.0,True,
CHEMBL1200859,ISOSULFAN BLUE,4.0,1981.0,CCN(CC)c1ccc(C(=C2C=CC(=[N+](CC)CC)C=C2)c2cc(S(=O)(=O)[O-])ccc2S(=O)(=O)[O-])cc1.[Na+],NLUFDZBOHMOBOE-UHFFFAOYSA-M,,,,,False,543.7,3.76,120.7,0.0,7.0,9.0,-1.0,C27H31N2O6S2-,18.0,True,
CHEMBL1200862,METYROSINE,4.0,1979.0,C[C@](N)(Cc1ccc(O)cc1)C(=O)O,NHTGHBARYWONDQ-JTQLQIEISA-N,C02KB01,,,,False,195.2,0.74,83.5,3.0,3.0,3.0,0.0,C10H13NO3,12.0,True,
CHEMBL1200863,MELPHALAN HYDROCHLORIDE,4.0,1992.0,Cl.N[C@@H](Cc1ccc(N(CCCl)CCCl)cc1)C(=O)O,OUUYBRCCFUEMLH-YDALLXLXSA-N,,,,,False,305.2,1.93,66.6,2.0,3.0,8.0,0.0,C13H18Cl2N2O2,20.0,True,
CHEMBL1200865,LOTEPREDNOL ETABONATE,4.0,1998.0,CCOC(=O)O[C@]1(C(=O)OCCl)CC[C@H]2[C@@H]3CCC4=CC(=O)C=C[C@]4(C)[C@H]3[C@@H](O)C[C@@]21C,DMKSVUSAATWOCU-HROMYWEYSA-N,S01BA14,,,,False,467.0,3.92,99.1,1.0,7.0,4.0,0.0,C24H31ClO7,16.0,True,
CHEMBL1200866,PERFLUBRON,4.0,1993.0,FC(F)(F)C(F)(F)C(F)(F)C(F)(F)C(F)(F)C(F)(F)C(F)(F)C(F)(F)Br,WTWWXOGTJWMJHI-UHFFFAOYSA-N,V08CX01,Launched,contrast agent,contrast agent,False,499.0,6.35,0.0,0.0,0.0,6.0,0.0,C8BrF17,14.0,True,
CHEMBL1200868,PHENYL AMINOSALICYLATE,4.0,1982.0,Nc1ccc(C(=O)Oc2ccccc2)c(O)c1,DNVVZWSVACQWJE-UHFFFAOYSA-N,,,,,False,229.2,2.19,72.6,2.0,4.0,2.0,0.0,C13H11NO3,10.0,True,
CHEMBL1200869,METRONIDAZOLE HYDROCHLORIDE,4.0,1980.0,Cc1ncc([N+](=O)[O-])n1CCO.Cl,FPTPAIQTXYFGJC-UHFFFAOYSA-N,,,,,False,171.2,0.09,81.2,1.0,4.0,3.0,0.0,C6H9N3O3,8.0,True,
CHEMBL1200870,TIMOLOL MALEATE,4.0,1978.0,CC(C)(C)NC[C@H](O)COc1nsnc1N1CCOCC1.O=C(O)/C=C\C(=O)O,WLRMANUAADYWEA-NWASOUNVSA-N,,,,,False,316.4,0.5,79.7,2.0,8.0,6.0,0.0,C13H24N4O3S,16.0,True,
CHEMBL1200873,PHENTOLAMINE MESYLATE,4.0,1952.0,CS(=O)(=O)O.Cc1ccc(N(CC2=NCCN2)c2cccc(O)c2)cc1,OGIYDFVHFQEFKQ-UHFFFAOYSA-N,,,,,False,281.4,2.84,47.9,2.0,4.0,4.0,0.0,C17H19N3O,10.0,True,
CHEMBL1200874,TOLBUTAMIDE SODIUM,4.0,1961.0,CCCCNC(=O)[N-]S(=O)(=O)c1ccc(C)cc1.[Na+],QKHDBRQBSNZFAK-UHFFFAOYSA-M,,,,,False,269.3,2.57,77.3,1.0,3.0,5.0,-1.0,C12H17N2O3S-,12.0,True,
CHEMBL1200875,FLAVOXATE HYDROCHLORIDE,4.0,1970.0,Cc1c(-c2ccccc2)oc2c(C(=O)OCCN3CCCCC3)cccc2c1=O.Cl,XOEVKNFZUQEERE-UHFFFAOYSA-N,,,,,False,391.5,4.41,59.8,0.0,5.0,5.0,0.0,C24H25NO4,12.0,True,
CHEMBL1200877,FLUMETHASONE PIVALATE,4.0,1982.0,C[C@@H]1C[C@H]2[C@@H]3C[C@H](F)C4=CC(=O)C=C[C@]4(C)[C@@]3(F)[C@@H](O)C[C@]2(C)[C@@]1(O)C(=O)COC(=O)C(C)(C)C,JWRMHDSINXPDHB-OJAGFMMFSA-N,,,,,False,494.6,3.44,100.9,2.0,6.0,3.0,0.0,C27H36F2O6,14.0,True,
CHEMBL1200878,TRIAMCINOLONE HEXACETONIDE,4.0,1969.0,CC(C)(C)CC(=O)OCC(=O)[C@@]12OC(C)(C)O[C@@H]1C[C@H]1[C@@H]3CCC4=CC(=O)C=C[C@]4(C)[C@@]3(F)[C@@H](O)C[C@@]12C,TZIZWYVVGLXXFV-FLRHRWPCSA-N,,,,,False,532.6,4.41,99.1,1.0,7.0,4.0,0.0,C30H41FO7,14.0,True,
CHEMBL1200879,WARFARIN SODIUM,4.0,1954.0,CC(=O)CC(c1ccccc1)c1c([O-])c2ccccc2oc1=O.[Na+],KYITYFHKDODNCQ-UHFFFAOYSA-M,,,,,False,307.3,2.98,70.3,0.0,4.0,4.0,-1.0,C19H15O4-,8.0,True,
CHEMBL1200880,DIPHEMANIL METHYLSULFATE,4.0,1982.0,COS(=O)(=O)[O-].C[N+]1(C)CCC(=C(c2ccccc2)c2ccccc2)CC1,BREMLQBSKCSNNH-UHFFFAOYSA-M,,,,,False,278.4,4.36,0.0,0.0,0.0,2.0,1.0,C20H24N+,4.0,True,
CHEMBL1200881,MINOCYCLINE HYDROCHLORIDE,4.0,1971.0,CN(C)c1ccc(O)c2c1C[C@H]1C[C@H]3[C@H](N(C)C)C(O)=C(C(N)=O)C(=O)[C@@]3(O)C(O)=C1C2=O.Cl,GLMUAFMGXXHGLU-VQAITOIOSA-N,,,,,False,457.5,0.19,164.6,5.0,9.0,3.0,0.0,C23H27N3O7,14.0,True,
CHEMBL1200883,THONZONIUM BROMIDE,4.0,1982.0,CCCCCCCCCCCCCCCC[N+](C)(C)CCN(Cc1ccc(OC)cc1)c1ncccn1.[Br-],WBWDWFZTSDZAIG-UHFFFAOYSA-M,,,,,False,511.8,8.05,38.2,0.0,4.0,22.0,1.0,C32H55N4O+,,False,F3_druglikeness
CHEMBL1200885,ALOSETRON HYDROCHLORIDE,4.0,2000.0,Cc1[nH]cnc1CN1CCc2c(c3ccccc3n2C)C1=O.Cl,FNYQZOVOVDSGJH-UHFFFAOYSA-N,,,,,False,294.4,2.41,53.9,1.0,2.0,2.0,0.0,C17H18N4O,4.0,True,
CHEMBL1200887,TRIMETHOBENZAMIDE HYDROCHLORIDE,4.0,1974.0,COc1cc(C(=O)NCc2ccc(OCCN(C)C)cc2)cc(OC)c1OC.Cl,WIIZEEPFHXAUND-UHFFFAOYSA-N,,,,,False,388.5,2.58,69.3,1.0,6.0,10.0,0.0,C21H28N2O5,20.0,True,
CHEMBL1200890,OXYCODONE HYDROCHLORIDE,4.0,1950.0,COc1ccc2c3c1O[C@H]1C(=O)CC[C@@]4(O)[C@@H](C2)N(C)CC[C@]314.Cl,MUZQPDBAOYKNLO-RKXJKUSZSA-N,,,,,False,315.4,1.05,59.0,1.0,5.0,1.0,0.0,C18H21NO4,4.0,True,
CHEMBL1200891,OXYPHENCYCLIMINE HYDROCHLORIDE,4.0,1982.0,CN1CCCN=C1COC(=O)C(O)(c1ccccc1)C1CCCCC1.Cl,WXAYTPABEADAAB-UHFFFAOYSA-N,,,,,False,344.5,2.73,62.1,1.0,5.0,5.0,0.0,C20H28N2O3,14.0,True,
CHEMBL1200893,PROTOKYLOL HYDROCHLORIDE,4.0,1982.0,CC(Cc1ccc2c(c1)OCO2)NCC(O)c1ccc(O)c(O)c1.Cl,LOVXREQUMZKFCM-UHFFFAOYSA-N,,,,,False,331.4,2.08,91.2,4.0,6.0,6.0,0.0,C18H21NO5,18.0,True,
CHEMBL1200895,PHENELZINE SULFATE,4.0,1961.0,NNCCc1ccccc1.O=S(=O)(O)O,RXBKMJIPNDOHFR-UHFFFAOYSA-N,,,,,False,136.2,0.69,38.0,2.0,2.0,3.0,0.0,C8H12N2,8.0,True,
CHEMBL1200896,DINOPROST TROMETHAMINE,4.0,1982.0,CCCCC[C@H](O)/C=C/[C@@H]1[C@@H](C/C=C\CCCC(=O)O)[C@@H](O)C[C@H]1O.NC(CO)(CO)CO,IYGXEHDCSOYNKY-RZHHZEQLSA-N,,,,,False,354.5,3.04,98.0,4.0,4.0,12.0,0.0,C20H34O5,32.0,True,
CHEMBL1200899,TYROPANOATE SODIUM,4.0,1969.0,CCCC(=O)Nc1c(I)cc(I)c(CC(CC)C(=O)[O-])c1I.[Na+],KTVKGXZZBQCBGD-UHFFFAOYSA-M,,,,,False,640.0,3.56,69.2,1.0,3.0,7.0,-1.0,C15H17I3NO3-,14.0,True,
CHEMBL1200901,HALOFANTRINE HYDROCHLORIDE,4.0,1992.0,CCCCN(CCCC)CCC(O)c1cc2c(Cl)cc(Cl)cc2c2cc(C(F)(F)F)ccc12.Cl,WANGFTDWOFGECH-UHFFFAOYSA-N,,,,,False,500.4,8.64,23.5,1.0,2.0,10.0,0.0,C26H30Cl2F3NO,24.0,True,
CHEMBL1200903,SECOBARBITAL SODIUM,4.0,1950.0,C=CCC1(C(C)CCC)C(=O)[N-]C(=O)NC1=O.[Na+],AXXJTNXVUHVOJW-UHFFFAOYSA-M,,,,,False,237.3,2.14,77.3,1.0,3.0,5.0,-1.0,C12H17N2O3-,10.0,True,
CHEMBL1200904,SELEGILINE HYDROCHLORIDE,4.0,1989.0,C#CCN(C)[C@H](C)Cc1ccccc1.Cl,IYETZZCWLLUHIJ-UTONKHPSSA-N,,,,,False,187.3,2.18,3.2,0.0,1.0,4.0,0.0,C13H17N,8.0,True,
CHEMBL1200906,OXYPHENONIUM BROMIDE,4.0,1982.0,CC[N+](C)(CC)CCOC(=O)C(O)(c1ccccc1)C1CCCCC1.[Br-],UKLQXHUGTKWPSR-UHFFFAOYSA-M,,,,,False,348.5,3.48,46.5,1.0,3.0,8.0,1.0,C21H34NO3+,20.0,True,
CHEMBL1200907,TRILOSTANE,4.0,1984.0,C[C@]12CC[C@H]3[C@@H](CC[C@@]45O[C@@H]4C(O)=C(C#N)C[C@]35C)[C@@H]1CC[C@@H]2O,KVJXBPDAXMEYOA-CXANFOAXSA-N,H02CA01,Launched,3beta-hydroxy-delta5-steroid dehydrogenase inhibitor,Cushing's syndrome,False,329.4,3.47,76.8,2.0,4.0,0.0,0.0,C20H27NO3,4.0,True,
CHEMBL1200908,HALOBETASOL PROPIONATE,4.0,1990.0,CCC(=O)O[C@]1(C(=O)CCl)[C@@H](C)C[C@H]2[C@@H]3C[C@H](F)C4=CC(=O)C=C[C@]4(C)[C@@]3(F)[C@@H](O)C[C@@]21C,BDSYKGHYMJNPAB-LICBFIPMSA-N,D07AC21,,,,False,485.0,4.05,80.7,1.0,5.0,4.0,0.0,C25H31ClF2O5,12.0,True,
CHEMBL1200909,PREDNISOLONE TEBUTATE,4.0,1956.0,CC(C)(C)CC(=O)OCC(=O)[C@@]1(O)CC[C@H]2[C@@H]3CCC4=CC(=O)C=C[C@]4(C)[C@H]3[C@@H](O)C[C@@]21C,HUMXXHTVHHLNRO-KAJVQRHHSA-N,,,,,False,458.6,3.54,100.9,2.0,6.0,4.0,0.0,C27H38O6,16.0,True,
CHEMBL1200910,SULFISOXAZOLE ACETYL,4.0,1953.0,CC(=O)N(c1onc(C)c1C)S(=O)(=O)c1ccc(N)cc1,JFNWFXVFBDDWCX-UHFFFAOYSA-N,,,,,False,309.3,1.62,106.5,1.0,6.0,3.0,0.0,C13H15N3O4S,10.0,True,
CHEMBL1200912,PHENTERMINE HYDROCHLORIDE,4.0,1973.0,CC(C)(N)Cc1ccccc1.Cl,NCAIGTHBQTXTLR-UHFFFAOYSA-N,,,,,False,149.2,1.97,26.0,1.0,1.0,2.0,0.0,C10H15N,6.0,True,
CHEMBL1200914,TAMSULOSIN HYDROCHLORIDE,4.0,1997.0,CCOc1ccccc1OCCN[C@H](C)Cc1ccc(OC)c(S(N)(=O)=O)c1.Cl,ZZIZZTHXZRDOFM-XFULWGLBSA-N,,,,,False,408.5,2.34,99.9,2.0,6.0,11.0,0.0,C20H28N2O5S,24.0,True,
CHEMBL1200916,THIORIDAZINE HYDROCHLORIDE,4.0,1962.0,CSc1ccc2c(c1)N(CCC1CCCCN1C)c1ccccc1S2.Cl,NZFNXWQNBYZDAQ-UHFFFAOYSA-N,,,,,False,370.6,5.89,6.5,0.0,4.0,4.0,0.0,C21H26N2S2,8.0,True,
CHEMBL1200920,ISOETHARINE HYDROCHLORIDE,4.0,1979.0,CCC(NC(C)C)C(O)c1ccc(O)c(O)c1.Cl,MUFDLGGSOCHQOC-UHFFFAOYSA-N,,,,,False,239.3,1.91,72.7,4.0,4.0,5.0,0.0,C13H21NO3,16.0,True,
CHEMBL1200922,MEBUTAMATE,4.0,1982.0,CCC(C)C(C)(COC(N)=O)COC(N)=O,LEROTMJVBFSIMP-UHFFFAOYSA-N,N05BC04,,,,False,232.3,1.23,104.6,2.0,4.0,6.0,0.0,C10H20N2O4,16.0,True,
CHEMBL1200925,"POTASSIUM PHOSPHATE, MONOBASIC",4.0,1982.0,O=P([O-])(O)O.[K+],GNSKLFRGEWLPPA-UHFFFAOYSA-M,,,,,False,,,,,,,,,,False,F2_mw_97
CHEMBL1200927,DEXCHLORPHENIRAMINE MALEATE,4.0,1981.0,CN(C)CC[C@@H](c1ccc(Cl)cc1)c1ccccn1.O=C(O)/C=C\C(=O)O,DBAKFASWICGISY-DASCVMRKSA-N,,,,,False,274.8,3.82,16.1,0.0,2.0,5.0,0.0,C16H19ClN2,10.0,True,
CHEMBL1200928,ZINC ACETATE ANHYDROUS,4.0,1982.0,CC(=O)[O-].CC(=O)[O-].[Zn+2],DJWUNCQRNNEAKC-UHFFFAOYSA-L,,,,,False,,,,,,,,,,False,F2_mw_59
CHEMBL1200929,ZINC SULFATE,4.0,1987.0,O=S(=O)([O-])[O-].[Zn+2],NWONKYPBYAMBJT-UHFFFAOYSA-L,A12CB01;B05XA18,,,,False,,,,,,,,,,False,F2_mw_96
CHEMBL1200930,RABEPRAZOLE SODIUM,4.0,1999.0,COCCCOc1ccnc(C[S+]([O-])c2nc3ccccc3[n-]2)c1C.[Na+],KRCQSTCYZUOBHN-UHFFFAOYSA-N,,,,,False,358.4,2.62,81.4,0.0,5.0,8.0,-1.0,C18H20N3O3S-,16.0,True,
CHEMBL1200932,IOPAMIDOL,4.0,1985.0,C[C@H](O)C(=O)Nc1c(I)c(C(=O)NC(CO)CO)c(I)c(C(=O)NC(CO)CO)c1I,XQZXYNRDCRIARQ-LURJTMIESA-N,V08AB04,Launched,radiopaque medium,contrast agent,False,777.1,-1.01,188.4,8.0,8.0,10.0,0.0,C17H22I3N3O8,30.0,True,
CHEMBL1200933,HEXAFLUORENIUM BROMIDE,4.0,1982.0,C[N+](C)(CCCCCC[N+](C)(C)C1c2ccccc2-c2ccccc21)C1c2ccccc2-c2ccccc21.[Br-].[Br-],WDEFPRUEZRUYNW-UHFFFAOYSA-L,,,,,False,502.7,8.24,0.0,0.0,0.0,9.0,2.0,C36H42N2+2,18.0,True,
CHEMBL1200934,NORGESTIMATE,4.0,1989.0,C#C[C@]1(OC(C)=O)CC[C@H]2[C@@H]3CCC4=C/C(=N/O)CC[C@@H]4[C@H]3CC[C@@]21CC,KIQQMECNKUGGKA-NMYWJIRASA-N,,Launched,progesterone receptor agonist,contraceptive,False,369.5,4.71,58.9,1.0,4.0,2.0,0.0,C23H31NO3,8.0,True,
CHEMBL1200935,DARIFENACIN HYDROBROMIDE,4.0,2004.0,Br.NC(=O)C(c1ccccc1)(c1ccccc1)[C@@H]1CCN(CCc2ccc3c(c2)CCO3)C1,UQAVIASOPREUIT-VQIWEWKSSA-N,,,,,False,426.6,3.96,55.6,1.0,3.0,7.0,0.0,C28H30N2O2,14.0,True,
CHEMBL1200936,PENICILLIN G PROCAINE,4.0,1948.0,CC1(C)S[C@@H]2[C@H](NC(=O)Cc3ccccc3)C(=O)N2[C@H]1C(=O)O.CCN(CC)CCOC(=O)c1ccc(N)cc1.O,KZDCMKVLEYCGQX-UDPGNSCCSA-N,,,,,False,334.4,0.86,86.7,2.0,4.0,4.0,0.0,C16H18N2O4S,10.0,True,
CHEMBL1200937,DALFOPRISTIN,4.0,1999.0,CCN(CC)CCS(=O)(=O)[C@@H]1CCN2C(=O)c3coc(n3)CC(=O)C[C@H](O)/C=C(C)/C=C/CNC(=O)/C=C/[C@@H](C)[C@@H](C(C)C)OC(=O)[C@@H]12,SUYRLXYYZQTJHF-VMBLUXKRSA-N,,Preclinical,antibacterial ,,False,690.9,2.27,176.4,2.0,11.0,7.0,0.0,C34H50N4O9S,46.0,True,
CHEMBL1200938,METHYSERGIDE MALEATE,4.0,1962.0,CC[C@@H](CO)NC(=O)[C@@H]1C=C2c3cccc4c3c(cn4C)C[C@H]2N(C)C1.O=C(O)/C=C\C(=O)O,LWYXFDXUMVEZKS-ZVFOLQIPSA-N,,,,,False,353.5,1.94,57.5,2.0,3.0,4.0,0.0,C21H27N3O2,10.0,True,
CHEMBL1200939,AMMONIUM CHLORIDE,4.0,1982.0,Cl.N,NLXLAEXVIDQMFP-UHFFFAOYSA-N,B05XA04;G04BA01,,,,False,,,,,,,,,,False,F2_mw_17
CHEMBL1200940,METOCLOPRAMIDE HYDROCHLORIDE,4.0,1979.0,CCN(CC)CCNC(=O)c1cc(Cl)c(N)cc1OC.Cl.O,KJBLQGHJOCAOJP-UHFFFAOYSA-N,,,,,False,299.8,2.0,67.6,2.0,4.0,7.0,0.0,C14H22ClN3O2,16.0,True,
CHEMBL1200941,THIAMINE HYDROCHLORIDE,4.0,1982.0,Cc1ncc(C[n+]2csc(CCO)c2C)c(N)n1.Cl.[Cl-],DPJRMOMPQZCRJU-UHFFFAOYSA-M,,,,,False,265.4,0.61,75.9,2.0,5.0,4.0,1.0,C12H17N4OS+,12.0,True,
CHEMBL1200944,SULBACTAM SODIUM,4.0,1986.0,CC1(C)[C@H](C(=O)[O-])N2C(=O)C[C@H]2S1(=O)=O.[Na+],NKZMPZCWBSWAOX-IBTYICNHSA-M,,,,,False,232.2,-2.13,94.6,0.0,5.0,1.0,-1.0,C8H10NO5S-,2.0,True,
CHEMBL1200945,PENTETATE CALCIUM TRISODIUM,4.0,2004.0,O=C([O-])CN(CCN(CC(=O)[O-])CC(=O)[O-])CCN(CC(=O)[O-])CC(=O)[O-].[Ca+2].[Na+].[Na+].[Na+],AYFCVLSUPGCQKD-UHFFFAOYSA-I,,,,,False,388.3,-9.36,210.4,0.0,13.0,16.0,-5.0,C14H18N3O10-5,,False,F3_druglikeness
CHEMBL1200946,NANDROLONE DECANOATE,4.0,1983.0,CCCCCCCCCC(=O)O[C@H]1CC[C@H]2[C@@H]3CCC4=CC(=O)CC[C@@H]4[C@H]3CC[C@]12C,JKWKMORAXJQQSR-MOPIKTETSA-N,,,,,False,428.7,7.18,43.4,0.0,3.0,9.0,0.0,C28H44O3,20.0,True,
CHEMBL1200947,METIPRANOLOL HYDROCHLORIDE,4.0,1989.0,CC(=O)Oc1c(C)cc(OCC(O)CNC(C)C)c(C)c1C.Cl,BLWNYSZZZWQCKO-UHFFFAOYSA-N,,,,,False,309.4,2.27,67.8,2.0,5.0,7.0,0.0,C17H27NO4,18.0,True,
CHEMBL1200948,TRIMIPRAMINE MALEATE,4.0,1979.0,CC(CN(C)C)CN1c2ccccc2CCc2ccccc21.O=C(O)/C=C\C(=O)O,YDGHCKHAXOUQOS-BTJKTKAUSA-N,,,,,False,294.4,4.12,6.5,0.0,2.0,4.0,0.0,C20H26N2,16.0,True,
CHEMBL1200949,BETAZOLE HYDROCHLORIDE,4.0,1982.0,Cl.NCCc1cc[nH]n1,HLJRAERMLKNULP-UHFFFAOYSA-N,,,,,False,111.1,-0.09,54.7,2.0,2.0,2.0,0.0,C5H9N3,6.0,True,
CHEMBL1200950,CLIDINIUM BROMIDE,4.0,1982.0,C[N+]12CCC(CC1)C(OC(=O)C(O)(c1ccccc1)c1ccccc1)C2.[Br-],GKEGFOKQMZHVOW-UHFFFAOYSA-M,A03CA02,,,,False,352.5,2.7,46.5,1.0,3.0,4.0,1.0,C22H26NO3+,12.0,True,
CHEMBL1200951,FLUPHENAZINE ENANTHATE,4.0,1967.0,CCCCCCC(=O)OCCN1CCN(CCCN2c3ccccc3Sc3ccc(C(F)(F)F)cc32)CC1,LRWSFOSWNAQHHW-UHFFFAOYSA-N,,,,,False,549.7,6.83,36.0,0.0,6.0,12.0,0.0,C29H38F3N3O2S,28.0,True,
CHEMBL1200952,METHAMPHETAMINE HYDROCHLORIDE,4.0,1943.0,CN[C@@H](C)Cc1ccccc1.Cl,TWXDDNPPQUTEOV-FVGYRXGTSA-N,,,,,False,149.2,1.84,12.0,1.0,1.0,3.0,0.0,C10H15N,6.0,True,
CHEMBL1200953,HYDROCORTISONE PROBUTATE,4.0,1997.0,CCCC(=O)O[C@]1(C(=O)COC(=O)CC)CC[C@H]2[C@@H]3CCC4=CC(=O)CC[C@]4(C)[C@H]3[C@@H](O)C[C@@]21C,FOGXJPFPZOHSQS-AYVLZSQQSA-N,D07AB11,,,,False,488.6,4.09,107.0,1.0,7.0,7.0,0.0,C28H40O7,20.0,True,
CHEMBL1200955,MYCOPHENOLATE MOFETIL HYDROCHLORIDE,4.0,1998.0,COc1c(C)c2c(c(O)c1C/C=C(\C)CCC(=O)OCCN1CCOCC1)C(=O)OC2.Cl,OWLCGJBUTJXNOF-HDNKIUSMSA-N,,,,,False,433.5,2.52,94.5,1.0,8.0,9.0,0.0,C23H31NO7,22.0,True,
CHEMBL1200959,METHDILAZINE,4.0,1982.0,CN1CCC(CN2c3ccccc3Sc3ccccc32)C1,HTMIBDQKFHUPSX-UHFFFAOYSA-N,R06AD04,,,,False,296.4,4.24,6.5,0.0,3.0,2.0,0.0,C18H20N2S,4.0,True,
CHEMBL1200961,BROMPHENIRAMINE MALEATE,4.0,1957.0,CN(C)CCC(c1ccc(Br)cc1)c1ccccn1.O=C(O)/C=C\C(=O)O,SRGKFVAASLQVBO-BTJKTKAUSA-N,,,,,False,319.2,3.93,16.1,0.0,2.0,5.0,0.0,C16H19BrN2,10.0,True,
CHEMBL1200962,CEFEPIME HYDROCHLORIDE,4.0,1996.0,CO/N=C(\C(=O)N[C@@H]1C(=O)N2C(C(=O)O)=C(C[N+]3(C)CCCC3)CS[C@H]12)c1csc(N)n1.Cl.O.[Cl-],LRAJHPGSGBRUJN-OMIVUECESA-N,,,,,False,481.6,0.05,147.2,3.0,9.0,7.0,1.0,C19H25N6O5S2+,18.0,True,
CHEMBL1200963,BIMATOPROST,4.0,2001.0,CCNC(=O)CCC/C=C\C[C@@H]1[C@@H](/C=C/[C@@H](O)CCc2ccccc2)[C@H](O)C[C@@H]1O,AQOKCDNYWBIDND-FTOWTWDKSA-N,S01EE03,Launched,prostanoid receptor agonist,intraocular pressure|glaucoma|ocular hypertension,False,415.6,3.15,89.8,4.0,4.0,12.0,0.0,C25H37NO4,30.0,True,
CHEMBL1200964,AMITRIPTYLINE HYDROCHLORIDE,4.0,1961.0,CN(C)CCC=C1c2ccccc2CCc2ccccc21.Cl,KFYRPLNVJVHZGT-UHFFFAOYSA-N,,,,,False,277.4,4.17,3.2,0.0,1.0,3.0,0.0,C20H23N,14.0,True,
CHEMBL1200965,BACAMPICILLIN HYDROCHLORIDE,4.0,1980.0,CCOC(=O)OC(C)OC(=O)[C@@H]1N2C(=O)[C@@H](NC(=O)[C@H](N)c3ccccc3)[C@H]2SC1(C)C.Cl,IWVTXAGTHUECPN-ANBBSHPLSA-N,,,,,False,465.5,1.3,137.3,2.0,9.0,7.0,0.0,C21H27N3O7S,22.0,True,
CHEMBL1200967,BROMODIPHENHYDRAMINE HYDROCHLORIDE,4.0,1954.0,CN(C)CCOC(c1ccccc1)c1ccc(Br)cc1.Cl,ZQDJSWUEGOYDGT-UHFFFAOYSA-N,,,,,False,334.3,4.12,12.5,0.0,2.0,6.0,0.0,C17H20BrNO,12.0,True,
CHEMBL1200968,HYDROCORTISONE SODIUM PHOSPHATE,4.0,1960.0,C[C@]12CCC(=O)C=C1CC[C@@H]1[C@@H]2[C@@H](O)C[C@@]2(C)[C@H]1CC[C@]2(O)C(=O)COP(=O)([O-])[O-].[Na+].[Na+],RYJIRNNXCHOUTQ-OJJGEMKLSA-L,,,,,False,440.4,0.63,147.0,2.0,8.0,4.0,-2.0,C21H29O8P-2,12.0,True,
CHEMBL1200969,DUTASTERIDE,4.0,2001.0,C[C@]12C=CC(=O)N[C@@H]1CC[C@@H]1[C@@H]2CC[C@]2(C)[C@@H](C(=O)Nc3cc(C(F)(F)F)ccc3C(F)(F)F)CC[C@@H]12,JWJOTENAMICLJG-QWBYCMEYSA-N,G04CB02,Launched,5 alpha reductase inhibitor,benign prostatic hyperplasia (BPH),False,528.5,6.58,58.2,2.0,2.0,2.0,0.0,C27H30F6N2O2,8.0,True,
CHEMBL1200970,ETHOPROPAZINE HYDROCHLORIDE,4.0,1982.0,CCN(CC)C(C)CN1c2ccccc2Sc2ccccc21.Cl,VXPCQISYVPFYRK-UHFFFAOYSA-N,,,,,False,312.5,5.02,6.5,0.0,3.0,5.0,0.0,C19H24N2S,10.0,True,
CHEMBL1200971,CEPHALOGLYCIN,4.0,1970.0,CC(=O)OCC1=C(C(=O)O)N2C(=O)[C@@H](NC(=O)[C@H](N)c3ccccc3)[C@H]2SC1,FUBBGQLTSCSAON-PBFPGSCMSA-N,,,,,False,405.4,-0.01,139.0,3.0,7.0,6.0,0.0,C18H19N3O6S,18.0,True,
CHEMBL1200972,CHLOPHEDIANOL HYDROCHLORIDE,4.0,1982.0,CN(C)CCC(O)(c1ccccc1)c1ccccc1Cl.Cl,XYGSFNHCFFAJPO-UHFFFAOYSA-N,,,,,False,289.8,3.53,23.5,1.0,2.0,5.0,0.0,C17H20ClNO,12.0,True,
CHEMBL1200973,ESTRADIOL CYPIONATE,4.0,1979.0,C[C@]12CC[C@@H]3c4ccc(O)cc4CC[C@H]3[C@@H]1CC[C@@H]2OC(=O)CCC1CCCC1,UOACKFBJUYNSLK-XRKIENNPSA-N,,,,,False,396.6,6.13,46.5,1.0,3.0,4.0,0.0,C26H36O3,12.0,True,
CHEMBL1200974,CARBINOXAMINE MALEATE,4.0,1982.0,CN(C)CCOC(c1ccc(Cl)cc1)c1ccccn1.O=C(O)/C=C\C(=O)O,GVNWHCVWDRNXAZ-BTJKTKAUSA-N,,,,,False,290.8,3.4,25.4,0.0,3.0,6.0,0.0,C16H19ClN2O,12.0,True,
CHEMBL1200975,CLOCORTOLONE PIVALATE,4.0,1977.0,C[C@@H]1C[C@H]2[C@@H]3C[C@H](F)C4=CC(=O)C=C[C@]4(C)[C@@]3(Cl)[C@@H](O)C[C@]2(C)[C@H]1C(=O)COC(=O)C(C)(C)C,SXYZQZLHAIHKKY-GSTUPEFVSA-N,,,,,False,495.0,4.6,80.7,1.0,5.0,3.0,0.0,C27H36ClFO5,12.0,True,
CHEMBL1200976,IDARUBICIN HYDROCHLORIDE,4.0,1990.0,CC(=O)[C@]1(O)Cc2c(O)c3c(c(O)c2[C@@H](O[C@H]2C[C@H](N)[C@H](O)[C@H](C)O2)C1)C(=O)c1ccccc1C3=O.Cl,JVHPTYWUBOQMBP-RVFAQHLVSA-N,,,,,False,497.5,1.02,176.6,5.0,10.0,3.0,0.0,C26H27NO9,16.0,True,
CHEMBL1200977,MILRINONE LACTATE,4.0,1987.0,CC(O)C(=O)O.Cc1[nH]c(=O)c(C#N)cc1-c1ccncc1,VWUPWEAFIOQCGF-UHFFFAOYSA-N,,,,,False,211.2,1.62,69.5,1.0,3.0,1.0,0.0,C12H9N3O,2.0,True,
CHEMBL1200979,DEXPANTHENOL,4.0,1985.0,CC(C)(CO)[C@@H](O)C(=O)NCCCO,SNPLKNRPJHDVJA-ZETCQYMHSA-N,D03AX03;A11HA30;S01XA12,Launched,,paralytic ileus,False,205.3,-1.14,89.8,4.0,4.0,6.0,0.0,C9H19NO4,18.0,True,
CHEMBL1200980,ESTROPIPATE,4.0,1977.0,C1CNCCN1.C[C@]12CC[C@@H]3c4ccc(OS(=O)(=O)O)cc4CC[C@H]3[C@@H]1CCC2=O,HZEQBCVBILBTEP-ZFINNJDLSA-N,,Launched,estrogen receptor agonist,osteoporosis|menopause|vaginal atrophy|hypoestrogenism,False,350.4,3.29,80.7,1.0,4.0,2.0,0.0,C18H22O5S,6.0,True,
CHEMBL1200981,EPIRUBICIN HYDROCHLORIDE,4.0,1999.0,COc1cccc2c1C(=O)c1c(O)c3c(c(O)c1C2=O)C[C@@](O)(C(=O)CO)C[C@@H]3O[C@H]1C[C@H](N)[C@@H](O)[C@H](C)O1.Cl,MWWSFMDVAYGXBV-FGBSZODSSA-N,,,,,False,543.5,0.0,206.1,6.0,12.0,5.0,0.0,C27H29NO11,22.0,True,
CHEMBL1200982,BUTABARBITAL SODIUM,4.0,1939.0,CCC(C)C1(CC)C(=O)[N-]C(=O)NC1=O.[Na+],QORQZMBCPRBCAB-UHFFFAOYSA-M,,,,,False,211.2,1.58,77.3,1.0,3.0,3.0,-1.0,C10H15N2O3-,6.0,True,
CHEMBL1200984,AMLODIPINE MALEATE,4.0,2003.0,CCOC(=O)C1=C(COCCN)NC(C)=C(C(=O)OC)C1c1ccccc1Cl.O=C(O)/C=C\C(=O)O,TZNOWAJJWCGILX-BTJKTKAUSA-N,,,,,False,408.9,2.27,99.9,2.0,7.0,8.0,0.0,C20H25ClN2O5,22.0,True,
CHEMBL1200985,CEFTIBUTEN DIHYDRATE,4.0,1995.0,Nc1nc(/C(=C/CC(=O)O)C(=O)N[C@@H]2C(=O)N3C(C(=O)O)=CCS[C@H]23)cs1.O.O,SSWTVBYDDFPFAF-DKOGRLLHSA-N,,,,,False,410.4,-0.05,162.9,4.0,8.0,6.0,0.0,C15H14N4O6S2,18.0,True,
CHEMBL1200986,HALOPERIDOL DECANOATE,4.0,1986.0,CCCCCCCCCC(=O)OC1(c2ccc(Cl)cc2)CCN(CCCC(=O)c2ccc(F)cc2)CC1,GUTXTARXLVFHDK-UHFFFAOYSA-N,,,,,False,530.1,8.12,46.6,0.0,4.0,15.0,0.0,C31H41ClFNO3,32.0,True,
CHEMBL1200987,EPROSARTAN MESYLATE,4.0,1997.0,CCCCc1ncc(/C=C(\Cc2cccs2)C(=O)O)n1Cc1ccc(C(=O)O)cc1.CS(=O)(=O)O,DJSLTDBPKHORNY-XMMWENQYSA-N,,,,,False,424.5,4.74,92.4,2.0,4.0,10.0,0.0,C23H24N2O4S,24.0,True,
CHEMBL1200988,METHANTHELINE BROMIDE,4.0,1951.0,CC[N+](C)(CC)CCOC(=O)C1c2ccccc2Oc2ccccc21.[Br-],PQMWYJDJHJQZDE-UHFFFAOYSA-M,,,,,False,340.4,3.95,35.5,0.0,3.0,6.0,1.0,C21H26NO3+,14.0,True,
CHEMBL1200989,ALCLOMETASONE DIPROPIONATE,4.0,1982.0,CCC(=O)OCC(=O)[C@@]1(OC(=O)CC)[C@H](C)C[C@H]2[C@H]3[C@H]([C@@H](O)C[C@@]21C)[C@@]1(C)C=CC(=O)C=C1C[C@H]3Cl,DJHCCTTVDRAMEH-DUUJBDRPSA-N,D07AB10;S01BA10,,,,False,521.1,3.94,107.0,1.0,7.0,6.0,0.0,C28H37ClO7,18.0,True,
CHEMBL1200991,CARBENICILLIN INDANYL SODIUM,4.0,1972.0,CC1(C)S[C@@H]2[C@H](NC(=O)C(C(=O)Oc3ccc4c(c3)CCC4)c3ccccc3)C(=O)N2[C@H]1C(=O)[O-].[Na+],QFWPXOXWAUAYAB-XZVIDJSISA-M,,,,,False,493.6,1.16,115.8,1.0,7.0,6.0,-1.0,C26H25N2O6S-,14.0,True,
CHEMBL1200993,GALLAMINE TRIETHIODIDE,4.0,1982.0,CC[N+](CC)(CC)CCOc1cccc(OCC[N+](CC)(CC)CC)c1OCC[N+](CC)(CC)CC.[I-].[I-].[I-],REEUVFCVXKWOFE-UHFFFAOYSA-K,,,,,False,510.8,5.45,27.7,0.0,3.0,21.0,3.0,C30H60N3O3+3,,False,F3_druglikeness
CHEMBL1201000,NITROFURANTOIN SODIUM,4.0,1960.0,O=C1CN(/N=C/c2ccc([N+](=O)[O-])o2)C(=O)[N-]1.[Na+],AFDJQFFKYDCYIG-JSGFVSQVSA-M,,,,,False,237.2,0.86,120.1,0.0,6.0,3.0,-1.0,C8H5N4O5-,6.0,True,
CHEMBL1201001,MECHLORETHAMINE HYDROCHLORIDE,4.0,1949.0,CN(CCCl)CCCl.Cl,QZIQJVCYUQZDIR-UHFFFAOYSA-N,,,,,False,156.1,1.4,3.2,0.0,1.0,4.0,0.0,C5H11Cl2N,8.0,True,
CHEMBL1201002,CARTEOLOL HYDROCHLORIDE,4.0,1988.0,CC(C)(C)NCC(O)COc1cccc2c1CCC(=O)N2.Cl,FYBXRCFPOTXTJF-UHFFFAOYSA-N,,,,,False,292.4,1.7,70.6,3.0,4.0,5.0,0.0,C16H24N2O3,14.0,True,
CHEMBL1201003,ELETRIPTAN HYDROBROMIDE,4.0,2002.0,Br.CN1CCC[C@@H]1Cc1c[nH]c2ccc(CCS(=O)(=O)c3ccccc3)cc12,UTINOWOSWSPFLJ-FSRHSHDFSA-N,,,,,False,382.5,3.82,53.2,1.0,3.0,6.0,0.0,C22H26N2O2S,12.0,True,
CHEMBL1201005,CEFONICID SODIUM,4.0,1984.0,O=C([O-])C1=C(CSc2nnnn2CS(=O)(=O)[O-])CS[C@@H]2[C@H](NC(=O)[C@H](O)c3ccccc3)C(=O)N12.[Na+].[Na+],NAXFZVGOZUWLEP-RFXDPDBWSA-L,,,,,False,540.6,-2.59,210.6,2.0,13.0,9.0,-2.0,C18H16N6O8S3-2,20.0,True,
CHEMBL1201006,PYRILAMINE MALEATE,4.0,1973.0,COc1ccc(CN(CCN(C)C)c2ccccn2)cc1.O=C(O)/C=C\C(=O)O,JXYWFNAQESKDNC-BTJKTKAUSA-N,,,,,False,285.4,2.66,28.6,0.0,4.0,7.0,0.0,C17H23N3O,14.0,True,
CHEMBL1201010,FLUDROCORTISONE ACETATE,4.0,1955.0,CC(=O)OCC(=O)[C@@]1(O)CC[C@H]2[C@@H]3CCC4=CC(=O)CC[C@]4(C)[C@@]3(F)[C@@H](O)C[C@@]21C,SYWHXTATXSMDSB-GSLJADNHSA-N,H02AA02,,,,False,422.5,2.44,100.9,2.0,6.0,3.0,0.0,C23H31FO6,12.0,True,
CHEMBL1201011,QUINAPRIL HYDROCHLORIDE,4.0,1991.0,CCOC(=O)[C@H](CCc1ccccc1)N[C@@H](C)C(=O)N1Cc2ccccc2C[C@H]1C(=O)O.Cl,IBBLRJGOOANPTQ-JKVLGAQCSA-N,,,,,False,438.5,2.57,95.9,2.0,5.0,9.0,0.0,C25H30N2O5,24.0,True,
CHEMBL1201012,FLURANDRENOLIDE,4.0,1965.0,CC1(C)O[C@@H]2C[C@H]3[C@@H]4C[C@H](F)C5=CC(=O)CC[C@]5(C)[C@H]4[C@@H](O)C[C@]3(C)[C@]2(C(=O)CO)O1,POPFMWWJOGLOIF-XWCQMRHXSA-N,D07AC07,,,,False,436.5,2.5,93.1,2.0,6.0,2.0,0.0,C24H33FO6,8.0,True,
CHEMBL1201013,OLSALAZINE SODIUM,4.0,1990.0,O=C([O-])c1cc(/N=N/c2ccc(O)c(C(=O)[O-])c2)ccc1O.[Na+].[Na+],ZJEFYLVGGFISGT-VRZXRVJBSA-L,,,,,False,300.2,0.24,145.4,2.0,8.0,4.0,-2.0,C14H8N2O6-2,12.0,True,
CHEMBL1201014,PREDNISOLONE SODIUM PHOSPHATE,4.0,1973.0,C[C@]12C=CC(=O)C=C1CC[C@@H]1[C@@H]2[C@@H](O)C[C@@]2(C)[C@H]1CC[C@]2(O)C(=O)COP(=O)([O-])[O-].[Na+].[Na+],VJZLQIPZNBPASX-OJJGEMKLSA-L,,,,,False,438.4,0.41,147.0,2.0,8.0,4.0,-2.0,C21H27O8P-2,12.0,True,
CHEMBL1201015,ALUMINUM ACETATE,4.0,1976.0,CC(=O)[O-].CC(=O)[O-].CC(=O)[O-].[Al+3],WCOATMADISNSBV-UHFFFAOYSA-K,,,,,False,,,,,,,,,,False,F2_mw_59
CHEMBL1201016,CEFPODOXIME PROXETIL,4.0,1992.0,COCC1=C(C(=O)OC(C)OC(=O)OC(C)C)N2C(=O)[C@@H](NC(=O)/C(=N\OC)c3csc(N)n3)[C@H]2SC1,LTINZAODLRIQIX-FBXRGJNPSA-N,,,,,False,557.6,0.83,181.0,2.0,14.0,10.0,0.0,C21H27N5O9S2,28.0,True,
CHEMBL1201018,CEFACLOR,4.0,1979.0,N[C@@H](C(=O)N[C@@H]1C(=O)N2C(C(=O)O)=C(Cl)CS[C@H]12)c1ccccc1.O,WKJGTOYAEQDNIA-IOOZKYRYSA-N,J01DC04,Launched,bacterial cell wall synthesis inhibitor,pneumonia|skin infections|urinary tract infections|respiratory tract infections|tonsillitis|pharyngitis,False,367.8,0.62,112.7,3.0,5.0,4.0,0.0,C15H14ClN3O4S,12.0,True,
CHEMBL1201019,CEFTIZOXIME SODIUM,4.0,1983.0,CO/N=C(\C(=O)N[C@@H]1C(=O)N2C(C(=O)[O-])=CCS[C@H]12)c1csc(N)n1.[Na+],ADLFUPFRVXCDMO-LIGXYSTNSA-M,,,,,False,382.4,-1.89,150.0,2.0,10.0,5.0,-1.0,C13H12N5O5S2-,12.0,True,
CHEMBL1201020,DISOPYRAMIDE PHOSPHATE,4.0,1977.0,CC(C)N(CCC(C(N)=O)(c1ccccc1)c1ccccn1)C(C)C.O=P(O)(O)O,CGDDQFMPGMYYQP-UHFFFAOYSA-N,,,,,False,339.5,3.36,59.2,1.0,3.0,8.0,0.0,C21H29N3O,16.0,True,
CHEMBL1201022,PHENAZOPYRIDINE HYDROCHLORIDE,4.0,1987.0,Cl.Nc1ccc(/N=N/c2ccccc2)c(N)n1,QQBPIHBUCMDKFG-GEEYTBSJSA-N,,,,,False,213.2,2.66,89.6,2.0,5.0,2.0,0.0,C11H11N5,8.0,True,
CHEMBL1201023,ORPHENADRINE HYDROCHLORIDE,4.0,1957.0,Cc1ccccc1C(OCCN(C)C)c1ccccc1.Cl,UQZKYYIKWZOKKD-UHFFFAOYSA-N,N04AB02,,,,False,269.4,3.66,12.5,0.0,2.0,6.0,0.0,C18H23NO,12.0,True,
CHEMBL1201027,GLYCOPYRRONIUM BROMIDE,4.0,1961.0,C[N+]1(C)CCC(OC(=O)C(O)(c2ccccc2)C2CCCC2)C1.[Br-],VPNYRYCIDCJBOM-UHFFFAOYSA-M,A03AB02;R03BB06,,,,False,318.4,2.46,46.5,1.0,3.0,4.0,1.0,C19H28NO3+,12.0,True,
CHEMBL1201032,RIZATRIPTAN BENZOATE,4.0,1998.0,CN(C)CCc1c[nH]c2ccc(Cn3cncn3)cc12.O=C(O)c1ccccc1,JPRXYLQNJJVCMZ-UHFFFAOYSA-N,,,,,False,269.4,1.91,49.7,1.0,3.0,5.0,0.0,C15H19N5,10.0,True,
CHEMBL1201033,IPODATE SODIUM,4.0,1962.0,CN(C)/C=N/c1c(I)cc(I)c(CCC(=O)[O-])c1I.[Na+],ZFHZUGUCWJVEQC-FPUQOWELSA-M,V08AC08,,,,False,597.0,2.4,55.7,0.0,3.0,5.0,-1.0,C12H12I3N2O2-,8.0,True,
CHEMBL1201035,BIPERIDEN HYDROCHLORIDE,4.0,1959.0,Cl.OC(CCN1CCCCC1)(c1ccccc1)C1CC2C=CC1C2,RDNLAULGBSQZMP-UHFFFAOYSA-N,,,,,False,311.5,3.96,23.5,1.0,2.0,5.0,0.0,C21H29NO,12.0,True,
CHEMBL1201037,EFLORNITHINE HYDROCHLORIDE,4.0,1990.0,Cl.NCCCC(N)(C(=O)O)C(F)F.O,FJPAMFNRCFEGSD-UHFFFAOYSA-N,,,,,False,182.2,-0.23,89.3,3.0,3.0,5.0,0.0,C6H12F2N2O2,16.0,True,
CHEMBL1201038,ACRISORCIN,4.0,1982.0,CCCCCCc1ccc(O)cc1O.Nc1c2ccccc2nc2ccccc12,YZODJQFXMFEJRM-UHFFFAOYSA-N,,Launched,other antifungal,fungal infection,False,194.3,3.22,40.5,2.0,2.0,5.0,0.0,C12H18O2,14.0,True,
CHEMBL1201039,BENZTHIAZIDE,4.0,1960.0,NS(=O)(=O)c1cc2c(cc1Cl)N=C(CSCc1ccccc1)NS2(=O)=O,NDTSRXAMMQDVSW-UHFFFAOYSA-N,,Launched,carbonic anhydrase inhibitor,hypertension|edema,False,431.9,2.24,118.7,2.0,6.0,5.0,0.0,C15H14ClN3O4S3,12.0,True,
CHEMBL1201041,AZLOCILLIN SODIUM,4.0,1982.0,CC1(C)S[C@@H]2[C@H](NC(=O)[C@H](NC(=O)N3CCNC3=O)c3ccccc3)C(=O)N2[C@H]1C(=O)[O-].[Na+],UVOCNBWUHNCKJM-XFAPPKAWSA-M,,,,,False,460.5,-1.24,151.0,3.0,7.0,5.0,-1.0,C20H22N5O6S-,12.0,True,
CHEMBL1201042,ETIDRONATE DISODIUM,4.0,1977.0,CC(O)(P(=O)([O-])O)P(=O)([O-])O.[Na+].[Na+],GWBBVOVXJZATQQ-UHFFFAOYSA-L,,,,,False,204.0,-2.26,140.9,3.0,5.0,2.0,-2.0,C2H6O7P2-2,10.0,True,
CHEMBL1201043,CEPHAPIRIN SODIUM,4.0,1974.0,CC(=O)OCC1=C(C(=O)[O-])N2C(=O)[C@@H](NC(=O)CSc3ccncc3)[C@H]2SC1.[Na+],VGEOUKPOQQEQSX-OALZAMAHSA-M,,,,,False,422.5,-0.86,128.7,1.0,9.0,7.0,-1.0,C17H16N3O6S2-,16.0,True,
CHEMBL1201044,DAPIPRAZOLE HYDROCHLORIDE,4.0,1990.0,Cc1ccccc1N1CCN(CCc2nnc3n2CCCC3)CC1.Cl,ZIODNPFQZIHCOE-UHFFFAOYSA-N,,,,,False,325.5,2.29,37.2,0.0,4.0,4.0,0.0,C19H27N5,8.0,True,
CHEMBL1201045,ACETRIZOATE SODIUM,4.0,1982.0,CC(=O)Nc1c(I)cc(I)c(C(=O)[O-])c1I.O.[Na+],XFFKZMNPQFASBU-UHFFFAOYSA-M,,,,,False,555.9,1.82,69.2,1.0,3.0,2.0,-1.0,C9H5I3NO3-,4.0,True,
CHEMBL1201046,CEFORANIDE,4.0,1984.0,NCc1ccccc1CC(=O)N[C@@H]1C(=O)N2C(C(=O)O)=C(CSc3nnnn3CC(=O)O)CS[C@H]12,SLAYUXIURFNXPG-CRAIPNDOSA-N,J01DC11,Launched,penicillin binding protein inhibitor,gram-negative bacterial infections,False,519.6,-0.71,193.6,4.0,10.0,10.0,0.0,C20H21N7O6S2,26.0,True,
CHEMBL1201047,ANILERIDINE HYDROCHLORIDE,4.0,1982.0,CCOC(=O)C1(c2ccccc2)CCN(CCc2ccc(N)cc2)CC1.Cl,UDUQHZSAAWGSPJ-UHFFFAOYSA-N,,,,,False,352.5,3.41,55.6,1.0,4.0,6.0,0.0,C22H28N2O2,16.0,True,
CHEMBL1201048,DROMOSTANOLONE PROPIONATE,4.0,1982.0,CCC(=O)O[C@H]1CC[C@H]2[C@@H]3CC[C@H]4CC(=O)[C@H](C)C[C@]4(C)[C@H]3CC[C@]12C,NOTIQUSPUUHHEH-UXOVVSIBSA-N,,,,,False,360.5,5.17,43.4,0.0,3.0,2.0,0.0,C23H36O3,6.0,True,
CHEMBL1201049,ECONAZOLE NITRATE,4.0,1982.0,Clc1ccc(COC(Cn2ccnc2)c2ccc(Cl)cc2Cl)cc1.O=[N+]([O-])O,DDXORDQKGIZAME-UHFFFAOYSA-N,,,,,False,381.7,5.8,27.1,0.0,2.0,6.0,0.0,C18H15Cl3N2O,12.0,True,
CHEMBL1201050,PEMIROLAST POTASSIUM,4.0,1999.0,Cc1cccn2c(=O)c(-c3nnn[n-]3)cnc12.[K+],NMMVKSMGBDRONO-UHFFFAOYSA-N,,,,,False,227.2,-0.19,87.1,0.0,5.0,1.0,-1.0,C10H7N6O-,2.0,True,
CHEMBL1201051,CIMETIDINE HYDROCHLORIDE,4.0,1977.0,CN/C(=N\CCSCc1nc[nH]c1C)NC#N.Cl,QJHCNBWLPSXHBL-UHFFFAOYSA-N,,,,,False,252.3,0.6,88.9,3.0,4.0,5.0,0.0,C10H16N6S,10.0,True,
CHEMBL1201052,MESORIDAZINE BESYLATE,4.0,1970.0,CN1CCCCC1CCN1c2ccccc2Sc2ccc([S+](C)[O-])cc21.O=S(=O)(O)c1ccccc1,CRJHBCPQHRVYBS-UHFFFAOYSA-N,,,,,False,386.6,4.9,29.5,0.0,4.0,4.0,0.0,C21H26N2OS2,8.0,True,
CHEMBL1201054,SELENOMETHIONINE SE 75,4.0,1973.0,C[75Se]CC[C@H](N)C(=O)O,RJFAYQIBOAGBLC-ZEMBQCNESA-N,,,,,False,192.1,-0.04,63.3,2.0,2.0,4.0,0.0,C5H11NO2Se,,False,"F5_pdbqt_fail:atom number 1 has None type, mol name: N"
CHEMBL1201056,SULFACYTINE,4.0,1975.0,CCn1ccc(NS(=O)(=O)c2ccc(N)cc2)nc1=O,SIBQAECNSSQUOD-UHFFFAOYSA-N,,,,,False,294.3,0.65,107.1,2.0,5.0,4.0,0.0,C12H14N4O3S,8.0,True,
CHEMBL1201057,CILASTATIN SODIUM,4.0,1985.0,CC1(C)C[C@@H]1C(=O)N/C(=C\CCCCSC[C@H](N)C(=O)O)C(=O)[O-].[Na+],QXPBTTUOVWMPJN-QBNHLFMHSA-M,,,,,False,357.5,0.1,132.6,3.0,6.0,11.0,-1.0,C16H25N2O5S-,26.0,True,
CHEMBL1201058,POTASSIUM ACETATE,4.0,1982.0,CC(=O)[O-].[K+],SCVFZCLFOSHCOH-UHFFFAOYSA-M,B05XA17,,,,False,,,,,,,,,,False,F2_mw_59
CHEMBL1201059,PROGUANIL HYDROCHLORIDE,4.0,2000.0,CC(C)NC(=N)NC(=N)Nc1ccc(Cl)cc1.Cl,SARMGXPVOFNNNG-UHFFFAOYSA-N,,,,,False,253.7,2.21,83.8,5.0,2.0,2.0,0.0,C11H16ClN5,4.0,True,
CHEMBL1201060,LOXAPINE HYDROCHLORIDE,4.0,1976.0,CN1CCN(C2=Nc3ccccc3Oc3ccc(Cl)cc32)CC1.Cl,JSXBVMKACNEMKY-UHFFFAOYSA-N,,,,,False,327.8,3.77,28.1,0.0,4.0,0.0,0.0,C18H18ClN3O,0.0,True,
CHEMBL1201061,LEVALBUTEROL HYDROCHLORIDE,4.0,1999.0,CC(C)(C)NC[C@H](O)c1ccc(O)c(CO)c1.Cl,OWNWYCOLFIFTLK-YDALLXLXSA-N,,,,,False,239.3,1.31,72.7,4.0,4.0,4.0,0.0,C13H21NO3,16.0,True,
CHEMBL1201063,PROPAFENONE HYDROCHLORIDE,4.0,1989.0,CCCNCC(O)COc1ccccc1C(=O)CCc1ccccc1.Cl,XWIHRGFIPXWGEF-UHFFFAOYSA-N,,,,,False,341.5,3.24,58.6,2.0,4.0,11.0,0.0,C21H27NO3,24.0,True,
CHEMBL1201064,FLUOROMETHOLONE ACETATE,4.0,1986.0,CC(=O)O[C@]1(C(C)=O)CC[C@H]2[C@@H]3C[C@H](C)C4=CC(=O)C=C[C@]4(C)[C@@]3(F)[C@@H](O)C[C@@]21C,YRFXGQHBPBMFHW-SBTZIJSASA-N,,,,,False,418.5,3.49,80.7,1.0,5.0,2.0,0.0,C24H31FO5,8.0,True,
CHEMBL1201065,THIAMYLAL SODIUM,4.0,1982.0,C=CCC1(C(C)CCC)C(=O)[N-]C(=S)NC1=O.[Na+],LYZGJWXNOGIVQA-UHFFFAOYSA-M,,,,,False,253.3,2.3,60.3,1.0,3.0,5.0,-1.0,C12H17N2O2S-,10.0,True,
CHEMBL1201066,VENLAFAXINE HYDROCHLORIDE,4.0,1993.0,COc1ccc(C(CN(C)C)C2(O)CCCCC2)cc1.Cl,QYRYFNHXARDNFZ-UHFFFAOYSA-N,,,,,False,277.4,3.04,32.7,1.0,3.0,5.0,0.0,C17H27NO2,12.0,True,
CHEMBL1201067,BIPERIDEN LACTATE,4.0,1961.0,CC(O)C(=O)O.OC(CCN1CCCCC1)(c1ccccc1)C1CC2C=CC1C2,GLPUBCPQWZZFNJ-UHFFFAOYSA-N,,,,,False,311.5,3.96,23.5,1.0,2.0,5.0,0.0,C21H29NO,12.0,True,
CHEMBL1201068,PROPIOMAZINE HYDROCHLORIDE,4.0,1960.0,CCC(=O)c1ccc2c(c1)N(CC(C)N(C)C)c1ccccc1S2.Cl,UGVNGSMLNPWNNA-UHFFFAOYSA-N,,,,,False,340.5,4.83,23.6,0.0,4.0,5.0,0.0,C20H24N2OS,10.0,True,
CHEMBL1201071,TETRACYCLINE PHOSPHATE COMPLEX,4.0,1957.0,CN(C)[C@@H]1C(O)=C(C(N)=O)C(=O)[C@@]2(O)C(O)=C3C(=O)c4c(O)cccc4[C@@](C)(O)[C@H]3C[C@@H]12.O=P(O)(O)O,WXDJNRXQVCECPF-FMZCEJRJSA-N,,,,,False,444.4,-0.21,181.6,6.0,9.0,2.0,0.0,C22H24N2O8,14.0,True,
CHEMBL1201073,SUCCIMER,4.0,1991.0,O=C(O)[C@@H](S)[C@@H](S)C(=O)O,ACTRVOBWPAIOHC-XIXRPRMCSA-N,,,,,False,182.2,-0.25,74.6,4.0,4.0,3.0,0.0,C4H6O4S2,14.0,True,
CHEMBL1201075,IOXILAN,4.0,1995.0,CC(=O)N(CC(O)CO)c1c(I)c(C(=O)NCCO)c(I)c(C(=O)NCC(O)CO)c1I,UUMLTINZBQPNGF-UHFFFAOYSA-N,V08AB12,Launched,radiopaque medium,angiography,False,791.1,-0.99,179.7,7.0,8.0,11.0,0.0,C18H24I3N3O8,34.0,True,
CHEMBL1201080,TRIMETHOPRIM HYDROCHLORIDE,4.0,1995.0,COc1cc(Cc2cnc(N)nc2N)cc(OC)c1OC.Cl,YLCCEQZHUHUYPA-UHFFFAOYSA-N,,,,,False,290.3,1.26,105.5,2.0,7.0,5.0,0.0,C14H18N4O3,14.0,True,
CHEMBL1201081,METHYLPREDNISOLONE SODIUM SUCCINATE,4.0,1959.0,C[C@H]1C[C@@H]2[C@H]([C@@H](O)C[C@@]3(C)[C@H]2CC[C@]3(O)C(=O)COC(=O)CCC(=O)[O-])[C@@]2(C)C=CC(=O)C=C12.[Na+],FQISKWAFAHGMGT-SGJOWKDISA-M,,,,,False,473.5,0.88,141.0,2.0,8.0,6.0,-1.0,C26H33O8-,18.0,True,
CHEMBL1201082,FLUOXETINE HYDROCHLORIDE,4.0,1987.0,CNCCC(Oc1ccc(C(F)(F)F)cc1)c1ccccc1.Cl,GIYXAJPCNFJEHY-UHFFFAOYSA-N,,,,,False,309.3,4.44,21.3,1.0,2.0,6.0,0.0,C17H18F3NO,14.0,True,
CHEMBL1201083,SODIUM IODIDE I 123,4.0,1976.0,[123I-].[Na+],FVAUCKIRQBBSSJ-VVUPZWBASA-M,V09FX02,,,,False,122.9,-3.0,0.0,0.0,0.0,0.0,-1.0,I-,0.0,True,
CHEMBL1201084,SODIUM IODIDE I 131,4.0,1982.0,[131I-].[Na+],FVAUCKIRQBBSSJ-LAIFMVDKSA-M,V10XA01;V09FX03,,,,False,130.9,-3.0,0.0,0.0,0.0,0.0,-1.0,I-,0.0,True,
CHEMBL1201087,CABERGOLINE,4.0,1996.0,C=CCN1C[C@H](C(=O)N(CCCN(C)C)C(=O)NCC)C[C@@H]2c3cccc4[nH]cc(c34)C[C@H]21,KORNTPPJEAJQIU-KJXAQDMKSA-N,G02CB03;N04BC06,Launched,dopamine receptor agonist,hyperprolactinemia,False,451.6,3.19,71.7,2.0,4.0,8.0,0.0,C26H37N5O2,20.0,True,
CHEMBL1201089,DIPHENHYDRAMINE CITRATE,4.0,2005.0,CN(C)CCOC(c1ccccc1)c1ccccc1.O=C(O)CC(O)(CC(=O)O)C(=O)O,SPCKHVPPRJWQRZ-UHFFFAOYSA-N,,,,,False,255.4,3.35,12.5,0.0,2.0,6.0,0.0,C17H21NO,12.0,True,
CHEMBL1201092,RIVASTIGMINE TARTRATE,4.0,1998.0,CCN(C)C(=O)Oc1cccc([C@H](C)N(C)C)c1.O=C(O)[C@H](O)[C@@H](O)C(=O)O,GWHQHAUAXRMMOT-MBANBULQSA-N,,,,,False,250.3,2.76,32.8,0.0,3.0,4.0,0.0,C14H22N2O2,12.0,True,
CHEMBL1201093,METHYL AMINOLEVULINATE HYDROCHLORIDE,4.0,2004.0,COC(=O)CCC(=O)CN.Cl,UJYSYPVQHFNBML-UHFFFAOYSA-N,,,,,False,145.2,-0.53,69.4,1.0,4.0,4.0,0.0,C6H11NO3,12.0,True,
CHEMBL1201096,KRYPTON KR 81M,4.0,1982.0,[81Kr],DNNSSWSSYDEUBZ-OIOBTWANSA-N,V09EX01,,,,False,,,,,,,,,,False,F2_mw_81
CHEMBL1201098,CEFOTETAN DISODIUM,4.0,1985.0,CO[C@@]1(NC(=O)C2SC(=C(C(N)=O)C(=O)[O-])S2)C(=O)N2C(C(=O)[O-])=C(CSc3nnnn3C)CS[C@@H]21.[Na+].[Na+],ZQQALMSFFARWPK-GLHLDKNHSA-L,,,,,False,573.6,-4.07,225.6,2.0,15.0,9.0,-2.0,C17H15N7O8S4-2,18.0,True,
CHEMBL1201101,TESTOSTERONE CYPIONATE,4.0,1978.0,C[C@]12CC[C@H]3[C@@H](CCC4=CC(=O)CC[C@@]43C)[C@@H]1CC[C@@H]2OC(=O)CCC1CCCC1,HPFVBGJFAYZEBE-ZLQWOROUSA-N,,,,,False,412.6,6.4,43.4,0.0,3.0,4.0,0.0,C27H40O3,10.0,True,
CHEMBL1201102,TRIFLUPROMAZINE HYDROCHLORIDE,4.0,1957.0,CN(C)CCCN1c2ccccc2Sc2ccc(C(F)(F)F)cc21.Cl,FTNWXGFYRHWUKG-UHFFFAOYSA-N,,,,,False,352.4,5.26,6.5,0.0,3.0,4.0,0.0,C18H19F3N2S,10.0,True,
CHEMBL1201103,METHOXAMINE HYDROCHLORIDE,4.0,1982.0,COc1ccc(OC)c(C(O)C(C)N)c1.Cl,YGRFXPCHZBRUKP-UHFFFAOYSA-N,,,,,False,211.3,1.08,64.7,2.0,4.0,4.0,0.0,C11H17NO3,12.0,True,
CHEMBL1201104,METHENAMINE HIPPURATE,4.0,1967.0,C1N2CN3CN1CN(C2)C3.O=C(O)CNC(=O)c1ccccc1,ROAIXOJGRFKICW-UHFFFAOYSA-N,,,,,False,179.2,0.5,66.4,2.0,2.0,3.0,0.0,C9H9NO3,8.0,True,
CHEMBL1201108,CONIVAPTAN HYDROCHLORIDE,4.0,2005.0,Cc1nc2c([nH]1)-c1ccccc1N(C(=O)c1ccc(NC(=O)c3ccccc3-c3ccccc3)cc1)CC2.Cl,BTYHAFSDANBVMJ-UHFFFAOYSA-N,,,,,False,498.6,6.51,78.1,2.0,3.0,4.0,0.0,C32H26N4O2,18.0,True,
CHEMBL1201109,DESONIDE,4.0,1972.0,CC1(C)O[C@@H]2C[C@H]3[C@@H]4CCC5=CC(=O)C=C[C@]5(C)[C@H]4[C@@H](O)C[C@]3(C)[C@]2(C(=O)CO)O1,WBGKWQHBNHJJPZ-LECWWXJVSA-N,S01BA11;D07AB08,Launched,glucocorticoid receptor agonist,Crohn's disease,False,416.5,2.33,93.1,2.0,6.0,2.0,0.0,C24H32O6,8.0,True,
CHEMBL1201110,VALACYCLOVIR HYDROCHLORIDE,4.0,1995.0,CC(C)[C@H](N)C(=O)OCCOCn1cnc2c(=O)nc(N)[nH]c21.Cl,ZCDDBUOENGJMLV-QRPNPIFTSA-N,,,,,False,324.3,-0.8,151.1,3.0,8.0,7.0,0.0,C13H20N6O4,18.0,True,
CHEMBL1201112,NELARABINE,4.0,2005.0,COc1nc(N)nc2c1ncn2[C@@H]1O[C@H](CO)[C@@H](O)[C@@H]1O,IXOXBSCIXZEQEQ-UHTZMRCNSA-N,L01BB07,Launched,DNA synthesis inhibitor|T cell inhibitor,acute lymphoblastic leukemia (ALL),False,297.3,-1.97,148.8,4.0,9.0,3.0,0.0,C11H15N5O5,14.0,True,
CHEMBL1201115,ESMOLOL HYDROCHLORIDE,4.0,1986.0,COC(=O)CCc1ccc(OCC(O)CNC(C)C)cc1.Cl,GEKNCWBANDDJJL-UHFFFAOYSA-N,,,,,False,295.4,1.53,67.8,2.0,5.0,9.0,0.0,C16H25NO4,22.0,True,
CHEMBL1201116,HETACILLIN,4.0,1982.0,CC1(C)S[C@@H]2[C@H](N3C(=O)[C@@H](c4ccccc4)NC3(C)C)C(=O)N2[C@H]1C(=O)O,DXVUYOAEDJXBPY-NFFDBFGFSA-N,J01CA18,Launched,bacterial cell wall synthesis inhibitor,mastitis,False,389.5,1.41,90.0,2.0,5.0,3.0,0.0,C19H23N3O4S,8.0,True,
CHEMBL1201117,METHOCARBAMOL,4.0,1957.0,COc1ccccc1OCC(O)COC(N)=O,GNXFOGHNGIVQEH-UHFFFAOYSA-N,M03BA53;M03BA03;M03BA73,Launched,muscle relaxant,muscle relaxant,False,241.2,0.53,91.0,2.0,5.0,6.0,0.0,C11H15NO5,16.0,True,
CHEMBL1201118,CEFMETAZOLE SODIUM,4.0,1989.0,CO[C@@]1(NC(=O)CSCC#N)C(=O)N2C(C(=O)[O-])=C(CSc3nnnn3C)CS[C@@H]21.[Na+],BITQGIOJQWZUPL-PBCQUBLHSA-M,,,,,False,470.5,-2.06,166.2,1.0,12.0,9.0,-1.0,C15H16N7O5S3-,18.0,True,
CHEMBL1201119,LIOTHYRONINE SODIUM,4.0,1956.0,N[C@@H](Cc1cc(I)c(Oc2ccc(O)c(I)c2)c(I)c1)C(=O)[O-].[Na+],SBXXSUDPJJJJLC-YDALLXLXSA-M,H03AA02,,,,False,650.0,2.62,95.6,2.0,5.0,5.0,-1.0,C15H11I3NO4-,14.0,True,
CHEMBL1201120,REMIFENTANIL HYDROCHLORIDE,4.0,1996.0,CCC(=O)N(c1ccccc1)C1(C(=O)OC)CCN(CCC(=O)OC)CC1.Cl,WFBMIPUMYUHANP-UHFFFAOYSA-N,,,,,False,376.5,2.0,76.2,0.0,6.0,7.0,0.0,C20H28N2O5,20.0,True,
CHEMBL1201121,HETACILLIN POTASSIUM,4.0,1982.0,CC1(C)S[C@@H]2[C@H](N3C(=O)[C@@H](c4ccccc4)NC3(C)C)C(=O)N2[C@H]1C(=O)[O-].[K+],QRSPJBLLJXVPDD-XFAPPKAWSA-M,,,,,False,388.5,0.08,92.8,1.0,6.0,3.0,-1.0,C19H22N3O4S-,6.0,True,
CHEMBL1201124,KETOROLAC TROMETHAMINE,4.0,1989.0,NC(CO)(CO)CO.O=C(c1ccccc1)c1ccc2n1CCC2C(=O)O,BWHLPLXXIDYSNW-UHFFFAOYSA-N,,,,,False,255.3,2.29,59.3,1.0,2.0,3.0,0.0,C15H13NO3,8.0,True,
CHEMBL1201125,IOTHALAMATE MEGLUMINE,4.0,1962.0,CNC(=O)c1c(I)c(NC(C)=O)c(I)c(C(=O)O)c1I.CNC[C@H](O)[C@@H](O)[C@H](O)[C@H](O)CO,VLHUSFYMPUDOEL-WZTVWXICSA-N,,,,,False,195.2,-3.36,113.2,6.0,6.0,6.0,0.0,C7H17NO5,22.0,True,
CHEMBL1201127,DARUNAVIR ETHANOLATE,4.0,2006.0,CC(C)CN(C[C@@H](O)[C@H](Cc1ccccc1)NC(=O)O[C@H]1CO[C@H]2OCC[C@H]21)S(=O)(=O)c1ccc(N)cc1.CCO,QWSHKNICRJHQCY-VBTXLZOXSA-N,,,,,False,547.7,2.38,140.4,3.0,8.0,11.0,0.0,C27H37N3O7S,28.0,True,
CHEMBL1201129,DECITABINE,4.0,2006.0,Nc1ncn([C@H]2C[C@H](O)[C@@H](CO)O2)c(=O)n1,XAUDJQYHKZQPEU-KVQBGUIXSA-N,L01BC08,Launched,DNA methyltransferase inhibitor,myelodysplastic diseases (MDS)|anemia|chronic myeloid leukemia (CML),False,228.2,-2.14,123.5,3.0,7.0,2.0,0.0,C8H12N4O4,8.0,True,
CHEMBL1201131,PIPERONYL BUTOXIDE,4.0,2000.0,CCCCOCCOCCOCc1cc2c(cc1CCC)OCO2,FIPWRIJSWJWJAI-UHFFFAOYSA-N,,,,,False,338.4,3.72,46.2,0.0,5.0,13.0,0.0,C19H30O5,26.0,True,
CHEMBL1201132,NALBUPHINE HYDROCHLORIDE,4.0,1979.0,Cl.Oc1ccc2c3c1O[C@H]1[C@@H](O)CC[C@@]4(O)[C@@H](C2)N(CC2CCC2)CC[C@]314,YZLZPSJXMWGIFH-BCXQGASESA-N,,,,,False,357.5,1.71,73.2,3.0,5.0,2.0,0.0,C21H27NO4,10.0,True,
CHEMBL1201134,LUBIPROSTONE,4.0,2006.0,CCCCC(F)(F)[C@@]1(O)CC[C@H]2[C@@H](CC(=O)[C@@H]2CCCCCCC(=O)O)O1,WGFOBBZOWHGYQH-MXHNKVEKSA-N,A06AX03,Launched,chloride channel activator,constipation|irritable bowel syndrome,False,390.5,4.31,83.8,2.0,4.0,11.0,0.0,C20H32F2O5,26.0,True,
CHEMBL1201138,LEUCOVORIN CALCIUM,4.0,1952.0,Nc1nc(=O)c2c([nH]1)NCC(CNc1ccc(C(=O)N[C@@H](CCC(=O)[O-])C(=O)[O-])cc1)N2C=O.[Ca+2],KVUAALJSMIVURS-ZEDZUCNESA-L,V03AF03,,,,False,471.4,-3.4,225.5,5.0,11.0,10.0,-2.0,C20H21N7O7-2,20.0,True,
CHEMBL1201139,MEGESTROL ACETATE,4.0,1971.0,CC(=O)O[C@]1(C(C)=O)CC[C@H]2[C@@H]3C=C(C)C4=CC(=O)CC[C@]4(C)[C@H]3CC[C@@]21C,RQZAXGRLVPAYTJ-GQFGMJRRSA-N,L02AB01;G03DB02;G03AC05,,,,False,384.5,4.58,60.4,0.0,4.0,2.0,0.0,C24H32O4,6.0,True,
CHEMBL1201141,IBUPROFEN LYSINE,4.0,2006.0,CC(C)Cc1ccc(C(C)C(=O)O)cc1.NCCCC[C@H](N)C(=O)O,IHHXIUAEPKVVII-ZSCHJXSPSA-N,,,,,False,206.3,3.07,37.3,1.0,1.0,4.0,0.0,C13H18O2,10.0,True,
CHEMBL1201142,RASAGILINE MESYLATE,4.0,2005.0,C#CCN[C@@H]1CCc2ccccc21.CS(=O)(=O)O,JDBJJCWRXSVHOQ-UTONKHPSSA-N,,,,,False,171.2,1.9,12.0,1.0,1.0,2.0,0.0,C12H13N,4.0,True,
CHEMBL1201146,NORETHINDRONE ACETATE,4.0,1973.0,C#C[C@]1(OC(C)=O)CC[C@H]2[C@@H]3CCC4=CC(=O)CC[C@@H]4[C@H]3CC[C@@]21C,IMONTRJLAWHYGT-ZCPXKWAGSA-N,,,,,False,340.5,4.06,43.4,0.0,3.0,1.0,0.0,C22H28O3,4.0,True,
CHEMBL1201147,OCTOCRYLENE,4.0,2006.0,CCCCC(CC)COC(=O)C(C#N)=C(c1ccccc1)c1ccccc1,FMJSMJQBSVNSBF-UHFFFAOYSA-N,,Launched,,sunscreen lotion,False,361.5,5.77,50.1,0.0,3.0,9.0,0.0,C24H27NO2,20.0,True,
CHEMBL1201148,MEPREDNISONE,4.0,1982.0,C[C@H]1C[C@H]2[C@@H]3CCC4=CC(=O)C=C[C@]4(C)[C@H]3C(=O)C[C@]2(C)[C@@]1(O)C(=O)CO,PIDANAQULIKBQS-RNUIGHNZSA-N,H02AB15,Launched,,,False,372.5,2.01,91.7,2.0,5.0,2.0,0.0,C22H28O5,8.0,True,
CHEMBL1201149,NALTREXONE HYDROCHLORIDE,4.0,1984.0,Cl.O=C1CC[C@@]2(O)[C@H]3Cc4ccc(O)c5c4[C@@]2(CCN3CC2CC2)[C@H]1O5,RHBRMCOKKKZVRY-ITLPAZOVSA-N,,,,,False,341.4,1.53,70.0,2.0,5.0,2.0,0.0,C20H23NO4,8.0,True,
CHEMBL1201150,SUMATRIPTAN SUCCINATE,4.0,1992.0,CNS(=O)(=O)Cc1ccc2[nH]cc(CCN(C)C)c2c1.O=C(O)CCC(=O)O,PORMUFZNYQJOEI-UHFFFAOYSA-N,,,,,False,295.4,1.32,65.2,2.0,3.0,6.0,0.0,C14H21N3O2S,12.0,True,
CHEMBL1201151,MESTRANOL,4.0,1961.0,C#C[C@]1(O)CC[C@H]2[C@@H]3CCc4cc(OC)ccc4[C@H]3CC[C@@]21C,IMSSROKUHAOUJS-MJCUULBUSA-N,,Launched,estrogen receptor agonist,contraceptive,False,310.4,3.92,29.5,1.0,2.0,1.0,0.0,C21H26O2,4.0,True,
CHEMBL1201152,NALMEFENE HYDROCHLORIDE,4.0,1995.0,C=C1CC[C@@]2(O)[C@H]3Cc4ccc(O)c5c4[C@@]2(CCN3CC2CC2)[C@H]1O5.Cl,GYWMRGWFQPSQLK-OPHZJPRHSA-N,,,,,False,339.4,2.51,52.9,2.0,4.0,2.0,0.0,C21H25NO3,8.0,True,
CHEMBL1201153,ISOETHARINE MESYLATE,4.0,1982.0,CCC(NC(C)C)C(O)c1ccc(O)c(O)c1.CS(=O)(=O)O,SOYAGMVKMXZVNZ-UHFFFAOYSA-N,,,,,False,239.3,1.91,72.7,4.0,4.0,5.0,0.0,C13H21NO3,16.0,True,
CHEMBL1201154,PROCHLORPERAZINE EDISYLATE,4.0,1957.0,CN1CCN(CCCN2c3ccccc3Sc3ccc(Cl)cc32)CC1.O=S(=O)(O)CCS(=O)(=O)O,SWOUGRBFXFILIB-UHFFFAOYSA-N,,,,,False,374.0,4.58,9.7,0.0,4.0,4.0,0.0,C20H24ClN3S,8.0,True,
CHEMBL1201155,LOXAPINE SUCCINATE,4.0,1975.0,CN1CCN(C2=Nc3ccccc3Oc3ccc(Cl)cc32)CC1.O=C(O)CCC(=O)O,YQZBAXDVDZTKEQ-UHFFFAOYSA-N,,,,,False,327.8,3.77,28.1,0.0,4.0,0.0,0.0,C18H18ClN3O,0.0,True,
CHEMBL1201156,NORTRIPTYLINE HYDROCHLORIDE,4.0,1964.0,CNCCC=C1c2ccccc2CCc2ccccc21.Cl,SHAYBENGXDALFF-UHFFFAOYSA-N,,,,,False,263.4,3.83,12.0,1.0,1.0,3.0,0.0,C19H21N,14.0,True,
CHEMBL1201159,FENTANYL HYDROCHLORIDE,4.0,2006.0,CCC(=O)N(c1ccccc1)C1CCN(CCc2ccccc2)CC1.Cl,LHCBOXPPRUIAQT-UHFFFAOYSA-N,,,,,False,336.5,4.14,23.6,0.0,2.0,6.0,0.0,C22H28N2O,14.0,True,
CHEMBL1201161,MAFENIDE ACETATE,4.0,1969.0,CC(=O)O.NCc1ccc(S(N)(=O)=O)cc1,UILOTUUZKGTYFQ-UHFFFAOYSA-N,,,,,False,186.2,-0.21,86.2,2.0,3.0,2.0,0.0,C7H10N2O2S,8.0,True,
CHEMBL1201162,DORZOLAMIDE HYDROCHLORIDE,4.0,1994.0,CCN[C@H]1C[C@H](C)S(=O)(=O)c2sc(S(N)(=O)=O)cc21.Cl,OSRUSFPMRGDLAG-QMGYSKNISA-N,,,,,False,324.4,0.61,106.3,2.0,6.0,3.0,0.0,C10H16N2O4S3,8.0,True,
CHEMBL1201163,SUFENTANIL CITRATE,4.0,1984.0,CCC(=O)N(c1ccccc1)C1(COC)CCN(CCc2cccs2)CC1.O=C(O)CC(O)(CC(=O)O)C(=O)O,OJCZPLDERGDQRJ-UHFFFAOYSA-N,,,,,False,386.6,4.21,32.8,0.0,4.0,8.0,0.0,C22H30N2O2S,18.0,True,
CHEMBL1201165,QUINESTROL,4.0,1982.0,C#C[C@]1(O)CC[C@H]2[C@@H]3CCc4cc(OC5CCCC5)ccc4[C@H]3CC[C@@]21C,PWZUUYSISTUNDW-VAFBSOEGSA-N,,Launched,estrogen receptor agonist,menopause,False,364.5,5.23,29.5,1.0,2.0,2.0,0.0,C25H32O2,6.0,True,
CHEMBL1201167,CARVEDILOL PHOSPHATE,4.0,2006.0,COc1ccccc1OCCNCC(O)COc1cccc2[nH]c3ccccc3c12.O=P(O)(O)O,XCPXNPBILMXKNX-UHFFFAOYSA-N,,,,,False,406.5,3.74,75.7,3.0,5.0,10.0,0.0,C24H26N2O4,22.0,True,
CHEMBL1201168,ISOCARBOXAZID,4.0,1959.0,Cc1cc(C(=O)NNCc2ccccc2)no1,XKFPYPQQHFEXRZ-UHFFFAOYSA-N,N06AF01,Launched,monoamine oxidase inhibitor,depression,False,231.3,1.42,67.2,2.0,4.0,4.0,0.0,C12H13N3O2,8.0,True,
CHEMBL1201170,LITHIUM CITRATE ANHYDROUS,4.0,1980.0,O=C([O-])CC(O)(CC(=O)[O-])C(=O)[O-].[Li+].[Li+].[Li+],WJSIUCDMWSDDCE-UHFFFAOYSA-K,,,,,False,189.1,-5.25,140.6,1.0,7.0,5.0,-3.0,C6H5O7-3,,False,F3_druglikeness
CHEMBL1201171,PRAMOXINE HYDROCHLORIDE,4.0,1976.0,CCCCOc1ccc(OCCCN2CCOCC2)cc1.Cl,SYCBXBCPLUFJID-UHFFFAOYSA-N,,,,,False,293.4,2.97,30.9,0.0,4.0,9.0,0.0,C17H27NO3,18.0,True,
CHEMBL1201172,IODAMIDE MEGLUMINE,4.0,1982.0,CC(=O)NCc1c(I)c(NC(C)=O)c(I)c(C(=O)O)c1I.CNC[C@H](O)[C@@H](O)[C@H](O)[C@H](O)CO,UYIPQECISAQMIU-WZTVWXICSA-N,,,,,False,627.9,2.79,95.5,3.0,3.0,4.0,0.0,C12H11I3N2O4,10.0,True,
CHEMBL1201173,MEDRYSONE,4.0,1969.0,CC(=O)[C@H]1CC[C@H]2[C@@H]3C[C@H](C)C4=CC(=O)CC[C@]4(C)[C@H]3[C@@H](O)C[C@]12C,GZENKSODFLBBHQ-ILSZZQPISA-N,S01BA08,Launched,glucocorticoid receptor agonist,conjunctivitis|episcleritis,False,344.5,3.94,54.4,1.0,3.0,1.0,0.0,C22H32O3,4.0,True,
CHEMBL1201174,SITAGLIPTIN PHOSPHATE,4.0,2006.0,N[C@@H](CC(=O)N1CCn2c(nnc2C(F)(F)F)C1)Cc1cc(F)c(F)cc1F.O.O=P(O)(O)O,GQPYTJVDPQTBQC-KLQYNRQASA-N,,,,,False,407.3,2.02,77.0,1.0,4.0,4.0,0.0,C16H15F6N5O,14.0,True,
CHEMBL1201177,LEVOBUNOLOL HYDROCHLORIDE,4.0,1985.0,CC(C)(C)NC[C@H](O)COc1cccc2c1CCCC2=O.Cl,DNTDOBSIBZKFCP-YDALLXLXSA-N,,,,,False,291.4,2.33,58.6,2.0,4.0,5.0,0.0,C17H25NO3,14.0,True,
CHEMBL1201178,LISDEXAMFETAMINE DIMESYLATE,4.0,2007.0,CS(=O)(=O)O.CS(=O)(=O)O.C[C@@H](Cc1ccccc1)NC(=O)[C@@H](N)CCCCN,CETWSOHVEGTIBR-FORAGAHYSA-N,,,,,False,263.4,1.19,81.1,3.0,3.0,8.0,0.0,C15H25N3O,20.0,True,
CHEMBL1201179,LAPATINIB DITOSYLATE,4.0,2007.0,CS(=O)(=O)CCNCc1ccc(-c2ccc3ncnc(Nc4ccc(OCc5cccc(F)c5)c(Cl)c4)c3c2)o1.Cc1ccc(S(=O)(=O)O)cc1.Cc1ccc(S(=O)(=O)O)cc1.O,XNRVGTHNYCNCFF-UHFFFAOYSA-N,,,,,False,581.1,6.14,106.4,2.0,8.0,11.0,0.0,C29H26ClFN4O4S,22.0,True,
CHEMBL1201180,DICLOFENAC EPOLAMINE,4.0,2007.0,O=C(O)Cc1ccccc1Nc1c(Cl)cccc1Cl.OCCN1CCCC1,DCERVXIINVUMKU-UHFFFAOYSA-N,,,,,False,296.2,4.36,49.3,2.0,2.0,4.0,0.0,C14H11Cl2NO2,10.0,True,
CHEMBL1201182,TEMSIROLIMUS,4.0,2007.0,CO[C@H]1C[C@@H]2CC[C@@H](C)[C@@](O)(O2)C(=O)C(=O)N2CCCC[C@H]2C(=O)O[C@H]([C@H](C)C[C@@H]2CC[C@@H](OC(=O)C(C)(CO)CO)[C@H](OC)C2)CC(=O)[C@H](C)/C=C(\C)[C@@H](O)[C@@H](OC)C(=O)[C@H](C)C[C@H](C)/C=C/C=C/C=C/1C,CBPNZQVSJQDFBE-FUXHJELOSA-N,L01EG01,Launched,mTOR inhibitor,renal cell carcinoma (RCC),False,,,,,,,,,,False,F2_mw_1030
CHEMBL1201189,AMMONIA N 13,4.0,2007.0,[13NH3],QGZKDVFQNNGYKY-BJUDXGSMSA-N,V09GX05,,,,False,,,,,,,,,,False,F2_mw_16
CHEMBL1201190,LEVOCETIRIZINE DIHYDROCHLORIDE,4.0,2007.0,Cl.Cl.O=C(O)COCCN1CCN([C@H](c2ccccc2)c2ccc(Cl)cc2)CC1,PGLIUCLTXOYQMV-GHVWMZMZSA-N,,,,,False,388.9,3.15,53.0,1.0,4.0,8.0,0.0,C21H25ClN2O3,18.0,True,
CHEMBL1201191,LEVOCETIRIZINE,4.0,2007.0,O=C(O)COCCN1CCN([C@H](c2ccccc2)c2ccc(Cl)cc2)CC1,ZKLPARSLTMPFCP-OAQYLSRUSA-N,R06AE09,Launched,histamine receptor antagonist,allergic rhinitis|urticaria,False,388.9,3.15,53.0,1.0,4.0,8.0,0.0,C21H25ClN2O3,18.0,True,
CHEMBL1201192,ARMODAFINIL,4.0,2007.0,NC(=O)C[S@@+]([O-])C(c1ccccc1)c1ccccc1,YFGHCGITMMYXAQ-LJQANCHMSA-N,N06BA13,,,,False,273.4,2.01,66.2,1.0,2.0,5.0,0.0,C15H15NO2S,10.0,True,
CHEMBL1201193,LEVOBUPIVACAINE,4.0,1999.0,CCCCN1CCCC[C@H]1C(=O)Nc1c(C)cccc1C,LEBVLXFERQHONN-INIZCTEOSA-N,N01BB10,,,,False,288.4,3.9,32.3,1.0,2.0,5.0,0.0,C18H28N2O,10.0,True,
CHEMBL1201195,CEFMETAZOLE,4.0,1989.0,CO[C@@]1(NC(=O)CSCC#N)C(=O)N2C(C(=O)O)=C(CSc3nnnn3C)CS[C@@H]21,SNBUBQHDYVFSQF-HIFRSBDPSA-N,J01DC09,Launched,bacterial cell wall synthesis inhibitor,urinary tract infections|skin infections,False,471.5,-0.73,163.3,2.0,11.0,9.0,0.0,C15H17N7O5S3,20.0,True,
CHEMBL1201196,SERTACONAZOLE,4.0,2003.0,Clc1ccc(C(Cn2ccnc2)OCc2csc3c(Cl)cccc23)c(Cl)c1,JLGKQTAYUIMGRK-UHFFFAOYSA-N,D01AC14;G01AF19,Launched,sterol demethylase inhibitor,tinea pedis,False,437.8,7.02,27.1,0.0,3.0,6.0,0.0,C20H15Cl3N2OS,12.0,True,
CHEMBL1201197,ALATROFLOXACIN,4.0,1997.0,C[C@H](N)C(=O)N[C@@H](C)C(=O)N[C@H]1[C@@H]2CN(c3nc4c(cc3F)c(=O)c(C(=O)O)cn4-c3ccc(F)cc3F)C[C@@H]21,UUZPPAMZDFLUHD-VUJLHGSVSA-N,,,,,False,558.5,0.9,159.6,4.0,7.0,7.0,0.0,C26H25F3N6O5,18.0,True,
CHEMBL1201198,PEMIROLAST,4.0,1999.0,Cc1cccn2c(=O)c(-c3nnn[nH]3)cnc12,HIANJWSAHKJQTH-UHFFFAOYSA-N,,Launched,mediator release inhibitor,asthma,False,228.2,0.18,88.8,1.0,5.0,1.0,0.0,C10H8N6O,2.0,True,
CHEMBL1201201,METHAMPHETAMINE,4.0,1943.0,CN[C@@H](C)Cc1ccccc1,MYWUZJCMWCOHBA-VIFPVBQESA-N,N06BA03,,,,False,149.2,1.84,12.0,1.0,1.0,3.0,0.0,C10H15N,6.0,True,
CHEMBL1201203,BENZTROPINE,4.0,1954.0,CN1[C@@H]2CC[C@H]1C[C@@H](OC(c1ccccc1)c1ccccc1)C2,GIJXKZJWITVLHI-PMOLBWCYSA-N,N04AC01,,,,False,307.4,4.42,12.5,0.0,2.0,4.0,0.0,C21H25NO,8.0,True,
CHEMBL1201204,CEFPIRAMIDE,4.0,1989.0,Cc1cc(O)c(C(=O)N[C@@H](C(=O)N[C@@H]2C(=O)N3C(C(=O)O)=C(CSc4nnnn4C)CS[C@H]23)c2ccc(O)cc2)cn1,PWAUCHMQEXVFJR-PMAPCBKXSA-N,J01DD11,Launched,bacterial cell wall synthesis inhibitor,gram-negative bacterial infections,False,612.7,0.33,212.8,5.0,12.0,9.0,0.0,C25H24N8O7S2,24.0,True,
CHEMBL1201206,PIPECURONIUM,4.0,1990.0,CC(=O)O[C@H]1C[C@@H]2CC[C@@H]3[C@H](CC[C@@]4(C)[C@H]3C[C@H](N3CC[N+](C)(C)CC3)[C@@H]4OC(C)=O)[C@@]2(C)C[C@@H]1N1CC[N+](C)(C)CC1,OWWLUIWOFHMHOQ-XGHATYIMSA-N,,Launched,neuromuscular blocker,anesthetic,False,602.9,3.63,59.1,0.0,6.0,4.0,2.0,C35H62N4O4+2,12.0,True,
CHEMBL1201207,BETAMETHASONE PHOSPHORIC ACID,4.0,1965.0,C[C@H]1C[C@H]2[C@@H]3CCC4=CC(=O)C=C[C@]4(C)[C@@]3(F)[C@@H](O)C[C@]2(C)[C@@]1(O)C(=O)COP(=O)(O)O,VQODGRNSFPNSQE-DVTGEIKXSA-N,,,,,False,472.4,2.01,141.4,4.0,6.0,4.0,0.0,C22H30FO8P,16.0,True,
CHEMBL1201208,PHENMETRAZINE,4.0,1982.0,CC1NCCOC1c1ccccc1,OOBHFESNSZDWIU-UHFFFAOYSA-N,,,,,False,177.2,1.74,21.3,1.0,2.0,1.0,0.0,C11H15NO,2.0,True,
CHEMBL1201210,PROPIOMAZINE,4.0,1960.0,CCC(=O)c1ccc2c(c1)N(CC(C)N(C)C)c1ccccc1S2,UVOIBTBFPOZKGP-UHFFFAOYSA-N,N05CM06,,,,False,340.5,4.83,23.6,0.0,4.0,5.0,0.0,C20H24N2OS,10.0,True,
CHEMBL1201212,MIDODRINE,4.0,1996.0,COc1ccc(OC)c(C(O)CNC(=O)CN)c1,PTKSEFOSCHHMPD-UHFFFAOYSA-N,C01CA17,Launched,adrenergic receptor agonist,hypotension,False,254.3,-0.19,93.8,3.0,5.0,6.0,0.0,C12H18N2O4,16.0,True,
CHEMBL1201213,ISOETHARINE,4.0,1979.0,CCC(NC(C)C)C(O)c1ccc(O)c(O)c1,HUYWAWARQUIQLE-UHFFFAOYSA-N,R03AC07;R03CC06,Launched,adrenergic receptor agonist,bronchospasm|asthma,False,239.3,1.91,72.7,4.0,4.0,5.0,0.0,C13H21NO3,16.0,True,
CHEMBL1201216,DAPIPRAZOLE,4.0,1990.0,Cc1ccccc1N1CCN(CCc2nnc3n2CCCC3)CC1,RFWZESUMWJKKRN-UHFFFAOYSA-N,S01EX02,Launched,adrenergic receptor antagonist,mydriasis,False,325.5,2.29,37.2,0.0,4.0,4.0,0.0,C19H27N5,8.0,True,
CHEMBL1201217,DYCLONINE,4.0,1982.0,CCCCOc1ccc(C(=O)CCN2CCCCC2)cc1,BZEWSEKUUPWQDQ-UHFFFAOYSA-N,R02AD04;N01BX02,Launched,sodium channel blocker,local anesthetic,False,289.4,3.92,29.5,0.0,3.0,8.0,0.0,C18H27NO2,16.0,True,
CHEMBL1201218,CEFAMANDOLE NAFATE FREE BASE,4.0,1978.0,Cn1nnnc1SCC1=C(C(=O)O)N2C(=O)[C@@H](NC(=O)[C@H](OC=O)c3ccccc3)[C@H]2SC1,RRJHESVQVSRQEX-SUYBPPKGSA-N,,,,,False,490.5,-0.04,156.6,2.0,10.0,9.0,0.0,C19H18N6O6S2,20.0,True,
CHEMBL1201219,VECURONIUM,4.0,1984.0,CC(=O)O[C@H]1C[C@@H]2CC[C@@H]3[C@H](CC[C@@]4(C)[C@H]3C[C@H]([N+]3(C)CCCCC3)[C@@H]4OC(C)=O)[C@@]2(C)C[C@@H]1N1CCCCC1,BGSZAXLLHYERSY-XQIGCQGXSA-N,M03AC03,Launched,acetylcholine receptor antagonist,muscle relaxant,False,557.8,5.97,55.8,0.0,5.0,4.0,1.0,C34H57N2O4+,12.0,True,
CHEMBL1201220,DIATRIZOIC ACID,4.0,1954.0,CC(=O)Nc1c(I)c(NC(C)=O)c(I)c(C(=O)O)c1I,YVPYQUNUQOZFHG-UHFFFAOYSA-N,V08AA01,,,,False,613.9,3.12,95.5,3.0,3.0,3.0,0.0,C11H9I3N2O4,8.0,True,
CHEMBL1201222,LISDEXAMFETAMINE,4.0,2007.0,C[C@@H](Cc1ccccc1)NC(=O)[C@@H](N)CCCCN,VOBHXZCDAVEXEY-JSGCOSHPSA-N,N06BA12,,,,False,263.4,1.19,81.1,3.0,3.0,8.0,0.0,C15H25N3O,20.0,True,
CHEMBL1201224,CEFMENOXIME,4.0,1987.0,CO/N=C(\C(=O)N[C@@H]1C(=O)N2C(C(=O)O)=C(CSc3nnnn3C)CS[C@H]12)c1csc(N)n1,HJJDBAOLQAWBMH-YCRCPZNHSA-N,S02AA18;J01DD05;S01AA31,Launched,bacterial cell wall synthesis inhibitor,gram-negative bacterial infections,False,511.6,-0.87,190.8,3.0,13.0,8.0,0.0,C16H17N9O5S3,20.0,True,
CHEMBL1201227,CYCRIMINE,4.0,1982.0,OC(CCN1CCCCC1)(c1ccccc1)C1CCCC1,SWRUZBWLEWHWRI-UHFFFAOYSA-N,,,,,False,287.4,3.94,23.5,1.0,2.0,5.0,0.0,C19H29NO,12.0,True,
CHEMBL1201229,DEMECARIUM,4.0,1959.0,CN(CCCCCCCCCCN(C)C(=O)Oc1cccc([N+](C)(C)C)c1)C(=O)Oc1cccc([N+](C)(C)C)c1,RWZVPVOZTJJMNU-UHFFFAOYSA-N,S01EB04,Launched,acetylcholinesterase inhibitor,intraocular pressure|glaucoma,False,556.8,6.76,59.1,0.0,4.0,15.0,2.0,C32H52N4O4+2,38.0,True,
CHEMBL1201231,PREDNISOLONE PHOSPHORIC ACID,4.0,1973.0,C[C@]12C=CC(=O)C=C1CC[C@@H]1[C@@H]2[C@@H](O)C[C@@]2(C)[C@H]1CC[C@]2(O)C(=O)COP(=O)(O)O,JDOZJEUDSLGTLU-VWUMJDOOSA-N,,,,,False,440.4,1.67,141.4,4.0,6.0,4.0,0.0,C21H29O8P,16.0,True,
CHEMBL1201232,ISOPROPAMIDE,4.0,1957.0,CC(C)[N+](C)(CCC(C(N)=O)(c1ccccc1)c1ccccc1)C(C)C,JTPUMZTWMWIVPA-UHFFFAOYSA-O,A03AB09,,,,False,353.5,4.11,43.1,1.0,1.0,8.0,1.0,C23H33N2O+,16.0,True,
CHEMBL1201233,METHYLDOPATE,4.0,1962.0,CCOC(=O)[C@@](C)(N)Cc1ccc(O)c(O)c1,SVEBYYWCXTVYCR-LBPRGKRZSA-N,,Launched,,hypertension,False,239.3,0.92,92.8,3.0,5.0,4.0,0.0,C12H17NO4,16.0,True,
CHEMBL1201234,MEPHENTERMINE,4.0,1951.0,CNC(C)(C)Cc1ccccc1,RXQCGGRTAILOIN-UHFFFAOYSA-N,C01CA11,Launched,adrenergic receptor agonist,hypotension,False,163.3,2.23,12.0,1.0,1.0,3.0,0.0,C11H17N,6.0,True,
CHEMBL1201235,METHYLHOMATROPINE,4.0,1943.0,C[N+]1(C)[C@@H]2CC[C@H]1C[C@@H](OC(=O)C(O)c1ccccc1)C2,WKWOJBUWWZTUQV-SPUOUPEWSA-N,,,,,False,290.4,2.03,46.5,1.0,3.0,3.0,1.0,C17H24NO3+,10.0,True,
CHEMBL1201236,CARBIDOPA ANHYDROUS,4.0,1975.0,C[C@@](Cc1ccc(O)c(O)c1)(NN)C(=O)O,TZFNLOMSOLWIDK-JTQLQIEISA-N,,,,,False,226.2,-0.05,115.8,5.0,5.0,4.0,0.0,C10H14N2O4,16.0,True,
CHEMBL1201237,LEVOBUNOLOL,4.0,1985.0,CC(C)(C)NC[C@H](O)COc1cccc2c1CCCC2=O,IXHBTMCLRNMKHZ-LBPRGKRZSA-N,S01ED03,Launched,adrenergic receptor antagonist,glaucoma|ocular hypertension,False,291.4,2.33,58.6,2.0,4.0,5.0,0.0,C17H25NO3,14.0,True,
CHEMBL1201239,IODAMIDE,4.0,1982.0,CC(=O)NCc1c(I)c(NC(C)=O)c(I)c(C(=O)O)c1I,VVDGWALACJEJKG-UHFFFAOYSA-N,V08AA03,,,,False,627.9,2.79,95.5,3.0,3.0,4.0,0.0,C12H11I3N2O4,10.0,True,
CHEMBL1201242,INDECAINIDE,4.0,1989.0,CC(C)NCCCC1(C(N)=O)c2ccccc2-c2ccccc21,UCEWGESNIULAGX-UHFFFAOYSA-N,,,,,False,308.4,3.22,55.1,2.0,2.0,6.0,0.0,C20H24N2O,12.0,True,
CHEMBL1201243,IPODATE,4.0,1962.0,CN(C)/C=N/c1c(I)cc(I)c(CCC(=O)O)c1I,YQNFBOJPTAXAKV-OMCISZLKSA-N,,,,,False,598.0,3.74,52.9,1.0,2.0,5.0,0.0,C12H13I3N2O2,10.0,True,
CHEMBL1201244,ROCURONIUM,4.0,1994.0,C=CC[N+]1([C@H]2C[C@H]3[C@@H]4CC[C@H]5C[C@H](O)[C@@H](N6CCOCC6)C[C@]5(C)[C@H]4CC[C@]3(C)[C@H]2OC(C)=O)CCCC1,YXRDKMPIGHSVRX-OOJCLDBCSA-N,,Launched,acetylcholine receptor antagonist,anesthetic,False,529.8,4.41,59.0,1.0,5.0,5.0,1.0,C32H53N2O4+,14.0,True,
CHEMBL1201245,BROMODIPHENHYDRAMINE,4.0,1954.0,CN(C)CCOC(c1ccccc1)c1ccc(Br)cc1,NUNIWXHYABYXKF-UHFFFAOYSA-N,R06AA01,,,,False,334.3,4.12,12.5,0.0,2.0,6.0,0.0,C17H20BrNO,12.0,True,
CHEMBL1201248,CISATRACURIUM,4.0,1995.0,COc1ccc(C[C@@H]2c3cc(OC)c(OC)cc3CC[N@+]2(C)CCC(=O)OCCCCCOC(=O)CC[N@@+]2(C)CCc3cc(OC)c(OC)cc3[C@H]2Cc2ccc(OC)c(OC)c2)cc1OC,YXSLJKQTIDHPOT-LJCJQEJUSA-N,M03AC11,Launched,acetylcholine receptor antagonist,muscle relaxant|endotracheal intubation,False,,,,,,,,,,False,F2_mw_929
CHEMBL1201250,BENZQUINAMIDE,4.0,1974.0,CCN(CC)C(=O)C1CN2CCc3cc(OC)c(OC)cc3C2CC1OC(C)=O,JSZILQVIPPROJI-UHFFFAOYSA-N,,,,,False,404.5,2.42,68.3,0.0,6.0,6.0,0.0,C22H32N2O5,14.0,True,
CHEMBL1201251,ARBUTAMINE,4.0,1997.0,Oc1ccc(CCCCNC[C@H](O)c2ccc(O)c(O)c2)cc1,IIRWWTKISYTTBL-SFHVURJKSA-N,C01CA22,,,,False,317.4,2.45,93.0,5.0,5.0,8.0,0.0,C18H23NO4,24.0,True,
CHEMBL1201256,TRIMETHOBENZAMIDE,4.0,1974.0,COc1cc(C(=O)NCc2ccc(OCCN(C)C)cc2)cc(OC)c1OC,FEZBIKUBAYAZIU-UHFFFAOYSA-N,R06AA10,Launched,histamine receptor antagonist,vomiting|nausea|gastroenteritis,False,388.5,2.58,69.3,1.0,6.0,10.0,0.0,C21H28N2O5,20.0,True,
CHEMBL1201260,BETHANIDINE,4.0,1982.0,C/N=C(\NC)NCc1ccccc1,NIVZHWNOUVJHKV-UHFFFAOYSA-N,C02CC01,,,,False,177.3,0.98,36.4,2.0,1.0,2.0,0.0,C10H15N3,4.0,True,
CHEMBL1201261,TYROPANOIC ACID,4.0,1969.0,CCCC(=O)Nc1c(I)cc(I)c(CC(CC)C(=O)O)c1I,YMOXVLQZFAUUKI-UHFFFAOYSA-N,V08AC09,,,,False,641.0,4.89,66.4,2.0,2.0,7.0,0.0,C15H18I3NO3,16.0,True,
CHEMBL1201262,DIPIVEFRIN,4.0,1980.0,CNCC(O)c1ccc(OC(=O)C(C)(C)C)c(OC(=O)C(C)(C)C)c1,OCUJLLGVOUDECM-UHFFFAOYSA-N,S01EA02,,,,False,351.4,2.84,84.9,2.0,6.0,5.0,0.0,C19H29NO5,20.0,True,
CHEMBL1201263,HYDROCORTAMATE,4.0,1956.0,CCN(CC)CC(=O)OCC(=O)[C@@]1(O)CC[C@H]2[C@@H]3CCC4=CC(=O)CC[C@]4(C)[C@H]3[C@@H](O)C[C@@]21C,FWFVLWGEFDIZMJ-FOMYWIRZSA-N,,,,,False,475.6,2.67,104.1,2.0,7.0,7.0,0.0,C27H41NO6,20.0,True,
CHEMBL1201264,METHANTHELINE,4.0,1951.0,CC[N+](C)(CC)CCOC(=O)C1c2ccccc2Oc2ccccc21,GZHFODJQISUKAY-UHFFFAOYSA-N,A03AB07,Launched,acetylcholine receptor antagonist,peptic ulcer disease (PUD)|irritable bowel syndrome|pancreatitis|dyskinesia|neurogenic bladder,False,340.4,3.95,35.5,0.0,3.0,6.0,1.0,C21H26NO3+,14.0,True,
CHEMBL1201265,METHYLPREDNISOLONE HEMISUCCINATE,4.0,1959.0,C[C@H]1C[C@@H]2[C@H]([C@@H](O)C[C@@]3(C)[C@H]2CC[C@]3(O)C(=O)COC(=O)CCC(=O)O)[C@@]2(C)C=CC(=O)C=C12,IMBXEJJVJRTNOW-XYMSELFBSA-N,,,,,False,474.6,2.22,138.2,3.0,7.0,6.0,0.0,C26H34O8,20.0,True,
CHEMBL1201266,LODOXAMIDE,4.0,1993.0,N#Cc1cc(NC(=O)C(=O)O)c(Cl)c(NC(=O)C(=O)O)c1,RVGLGHVJXCETIO-UHFFFAOYSA-N,S01GX05,Launched,histamine receptor antagonist,vernal keratoconjunctivitis (VKC),False,311.6,0.26,156.6,4.0,5.0,2.0,0.0,C11H6ClN3O6,12.0,True,
CHEMBL1201269,CHLORPHENTERMINE,4.0,,CC(C)(N)Cc1ccc(Cl)cc1,ZCKAMNXUHHNZLN-UHFFFAOYSA-N,,,,,False,183.7,2.62,26.0,1.0,1.0,2.0,0.0,C10H14ClN,6.0,True,
CHEMBL1201270,METHENAMINE,4.0,1967.0,C1N2CN3CN1CN(C2)C3,VKYKSIONXSXAKP-UHFFFAOYSA-N,J01XX05,Launched,bacterial DNA inhibitor,urinary tract infections,False,140.2,-1.02,13.0,0.0,4.0,0.0,0.0,C6H12N4,0.0,True,
CHEMBL1201271,BUCLIZINE,4.0,1982.0,CC(C)(C)c1ccc(CN2CCN(C(c3ccccc3)c3ccc(Cl)cc3)CC2)cc1,MOYGZHXDRJNJEP-UHFFFAOYSA-N,R06AE51;R06AE01,Launched,histamine receptor antagonist,migraine headache,False,433.0,6.54,6.5,0.0,2.0,5.0,0.0,C28H33ClN2,12.0,True,
CHEMBL1201273,PROTOKYLOL,4.0,1982.0,CC(Cc1ccc2c(c1)OCO2)NCC(O)c1ccc(O)c(O)c1,LUMAEVHDZXIGEP-UHFFFAOYSA-N,,,,,False,331.4,2.08,91.2,4.0,6.0,6.0,0.0,C18H21NO5,18.0,True,
CHEMBL1201274,LEVOBETAXOLOL,4.0,2000.0,CC(C)NC[C@H](O)COc1ccc(CCOCC2CC2)cc1,NWIUTZDMDHAVTP-KRWDZBQOSA-N,,Launched,adrenergic receptor antagonist,intraocular pressure|glaucoma,False,307.4,2.39,50.7,2.0,4.0,11.0,0.0,C18H29NO3,24.0,True,
CHEMBL1201275,ISOSULFAN BLUE INNER SALT,4.0,1981.0,CCN(CC)c1ccc(C(=C2C=CC(=[N+](CC)CC)C=C2)c2cc(S(=O)(=O)[O-])ccc2S(=O)(=O)O)cc1,YFKDCGWIINMRQY-UHFFFAOYSA-N,,,,,False,544.7,4.1,117.8,1.0,6.0,9.0,0.0,C27H32N2O6S2,20.0,True,
CHEMBL1201281,CHLORAMPHENICOL SUCCINIC ACID,4.0,1959.0,O=C(O)CCC(=O)OC[C@@H](NC(=O)C(Cl)Cl)[C@H](O)c1ccc([N+](=O)[O-])cc1,LIRCDOVJWUGTMW-ZWNOBZJWSA-N,,,,,False,423.2,1.32,156.1,3.0,7.0,10.0,0.0,C15H16Cl2N2O8,26.0,True,
CHEMBL1201284,CINACALCET,4.0,2004.0,C[C@@H](NCCCc1cccc(C(F)(F)F)c1)c1cccc2ccccc12,VDHAWDNDOKGFTD-MRXNPFEDSA-N,H05BX01,Launched,calcium channel activator,hyperparathyroidism|chronic kidney disease (CKD)|parathyroid carcinoma|hypercalcemia,False,357.4,6.14,12.0,1.0,1.0,6.0,0.0,C22H22F3N,14.0,True,
CHEMBL1201286,OXYPHENONIUM,4.0,1982.0,CC[N+](C)(CC)CCOC(=O)C(O)(c1ccccc1)C1CCCCC1,GFRUPHOKLBPHTQ-UHFFFAOYSA-N,A03AB53;A03AB03,Launched,cholinergic receptor antagonist,peptic ulcer disease (PUD),False,348.5,3.48,46.5,1.0,3.0,8.0,1.0,C21H34NO3+,20.0,True,
CHEMBL1201287,DEXBROMPHENIRAMINE,4.0,1963.0,CN(C)CC[C@@H](c1ccc(Br)cc1)c1ccccn1,ZDIGNSYAACHWNL-HNNXBMFYSA-N,R06AB56;R06AB06,,,,False,319.2,3.93,16.1,0.0,2.0,5.0,0.0,C16H19BrN2,10.0,True,
CHEMBL1201288,DANTROLENE,4.0,1974.0,O=C1CN(/N=C/c2ccc(-c3ccc([N+](=O)[O-])cc3)o2)C(=O)N1,OZOMQRBLCMDCEG-VIZOYTHASA-N,M03CA01,Launched,calcium channel blocker,spasms|malignant hyperthermia (MH),False,314.3,1.74,118.1,1.0,6.0,4.0,0.0,C14H10N4O5,8.0,True,
CHEMBL1201289,CLINDAMYCIN PALMITATE,4.0,1982.0,CCCCCCCCCCCCCCCC(=O)O[C@@H]1[C@@H](O)[C@@H](O)[C@@H]([C@H](NC(=O)[C@@H]2C[C@@H](CCC)CN2C)[C@H](C)Cl)O[C@@H]1SC,OYSKUZDIHNKWLV-PRUAPSLNSA-N,,,,,False,663.4,6.42,108.3,3.0,8.0,22.0,0.0,C34H63ClN2O6S,,False,F3_druglikeness
CHEMBL1201291,IOXAGLIC ACID,4.0,1985.0,CNC(=O)c1c(I)c(C(=O)NCC(=O)Nc2c(I)c(C(=O)O)c(I)c(C(=O)NCCO)c2I)c(I)c(N(C)C(C)=O)c1I,TYYBFXNZMFNZJT-UHFFFAOYSA-N,V08AB03,,,,False,,,,,,,,,,False,F2_mw_1269
CHEMBL1201293,ACAMPROSATE,4.0,2004.0,CC(=O)NCCCS(=O)(=O)O,AFCGFAGUEYAMAO-UHFFFAOYSA-N,N07BB03,Launched,glutamate receptor antagonist,abstinence from alcohol,False,181.2,-0.6,83.5,2.0,3.0,4.0,0.0,C5H11NO4S,10.0,True,
CHEMBL1201294,DIPHENOXYLATE,4.0,1960.0,CCOC(=O)C1(c2ccccc2)CCN(CCC(C#N)(c2ccccc2)c2ccccc2)CC1,HYPPXZBJBPSRLK-UHFFFAOYSA-N,A07DA01,,,,False,452.6,5.48,53.3,0.0,4.0,8.0,0.0,C30H32N2O2,18.0,True,
CHEMBL1201295,BITOLTEROL,4.0,1984.0,Cc1ccc(C(=O)Oc2ccc(C(O)CNC(C)(C)C)cc2OC(=O)c2ccc(C)cc2)cc1,FZGVEKPRDOIXJY-UHFFFAOYSA-N,R03AC17,,,,False,461.6,5.16,84.9,2.0,6.0,7.0,0.0,C28H31NO5,22.0,True,
CHEMBL1201300,IOTHALAMIC ACID,4.0,1962.0,CNC(=O)c1c(I)c(NC(C)=O)c(I)c(C(=O)O)c1I,UXIGWFXRQKWHHA-UHFFFAOYSA-N,V08AA04,,,,False,613.9,2.52,95.5,3.0,3.0,3.0,0.0,C11H9I3N2O4,8.0,True,
CHEMBL1201302,DEXAMETHASONE PHOSPHORIC ACID,4.0,1959.0,C[C@@H]1C[C@H]2[C@@H]3CCC4=CC(=O)C=C[C@]4(C)[C@@]3(F)[C@@H](O)C[C@]2(C)[C@@]1(O)C(=O)COP(=O)(O)O,VQODGRNSFPNSQE-CXSFZGCWSA-N,,,,,False,472.4,2.01,141.4,4.0,6.0,4.0,0.0,C22H30FO8P,16.0,True,
CHEMBL1201303,PYRVINIUM,4.0,1982.0,Cc1cc(/C=C/c2ccc3cc(N(C)C)ccc3[n+]2C)c(C)n1-c1ccccc1,QMHSXPLYMTVAMK-UHFFFAOYSA-N,P02CX01,,,,False,382.5,5.31,12.1,0.0,1.0,4.0,1.0,C26H28N3+,8.0,True,
CHEMBL1201304,INDOCYANINE GREEN ACID FORM,4.0,1959.0,CC1(C)C(/C=C/C=C/C=C/C=C2\N(CCCCS(=O)(=O)O)c3ccc4ccccc4c3C2(C)C)=[N+](CCCCS(=O)(=O)[O-])c2ccc3ccccc3c21,BDBMLMBYCXNVMC-UHFFFAOYSA-N,V04CX01,,,,False,753.0,8.71,117.8,1.0,6.0,14.0,0.0,C43H48N2O6S2,30.0,True,
CHEMBL1201308,IOFETAMINE,4.0,1987.0,CC(C)NC(C)Cc1ccc(I)cc1,ISEHJSHTIVKELA-UHFFFAOYSA-N,,,,,False,303.2,3.22,12.0,1.0,1.0,4.0,0.0,C12H18IN,8.0,True,
CHEMBL1201313,CHLOPHEDIANOL,4.0,1982.0,CN(C)CCC(O)(c1ccccc1)c1ccccc1Cl,WRCHFMBCVFFYEQ-UHFFFAOYSA-N,R05DB10,,,,False,289.8,3.53,23.5,1.0,2.0,5.0,0.0,C17H20ClNO,12.0,True,
CHEMBL1201314,VALGANCICLOVIR,4.0,2001.0,CC(C)[C@H](N)C(=O)OCC(CO)OCn1cnc2c(=O)[nH]c(N)nc21,WPVFJKSGQUFQAP-GKAPJAKFSA-N,J05AB14,Launched,DNA synthesis inhibitor,cytomegalovirus (CMV),False,354.4,-1.44,171.4,4.0,9.0,8.0,0.0,C14H22N6O5,22.0,True,
CHEMBL1201317,TRICLOFOS,4.0,1982.0,O=P(O)(O)OCC(Cl)(Cl)Cl,YYQRGCZGSFRBAM-UHFFFAOYSA-N,N05CM07,,,,False,229.4,1.47,66.8,2.0,2.0,2.0,0.0,C2H4Cl3O4P,10.0,True,
CHEMBL1201319,METARAMINOL,4.0,1954.0,C[C@H](N)[C@H](O)c1cccc(O)c1,WXFIGDLSSYIKKV-RCOVLWMOSA-N,C01CA09,Launched,adrenergic receptor agonist,hypotension,False,167.2,0.77,66.5,3.0,3.0,2.0,0.0,C9H13NO2,10.0,True,
CHEMBL1201320,ESOMEPRAZOLE,4.0,2001.0,COc1ccc2[nH]c([S@@+]([O-])Cc3ncc(C)c(OC)c3C)nc2c1,SUBDBMMJDZJVOS-DEOSSOPVSA-N,A02BC05,Launched,ATPase inhibitor,gastroesophageal reflux disease (GERD)|Zollinger-Ellison syndrome|peptic ulcer disease (PUD),False,345.4,2.9,83.1,1.0,5.0,5.0,0.0,C17H19N3O3S,10.0,True,
CHEMBL1201321,DIFENOXIN,4.0,1978.0,N#CC(CCN1CCC(C(=O)O)(c2ccccc2)CC1)(c1ccccc1)c1ccccc1,UFIVBRCCIRTJTN-UHFFFAOYSA-N,A07DA04,,,,False,424.5,5.0,64.3,1.0,3.0,7.0,0.0,C28H28N2O2,16.0,True,
CHEMBL1201322,THONZONIUM,4.0,1982.0,CCCCCCCCCCCCCCCC[N+](C)(C)CCN(Cc1ccc(OC)cc1)c1ncccn1,IOYZYMQFUSNATM-UHFFFAOYSA-N,,Launched,ATPase inhibitor,ear infections,False,511.8,8.05,38.2,0.0,4.0,22.0,1.0,C32H55N4O+,,False,F3_druglikeness
CHEMBL1201323,BETAZOLE,4.0,1982.0,NCCc1cc[nH]n1,JXDFEQONERDKSS-UHFFFAOYSA-N,V04CG02,Launched,histamine receptor agonist,gastric hypersecretion diagnostic,False,111.1,-0.09,54.7,2.0,2.0,2.0,0.0,C5H9N3,6.0,True,
CHEMBL1201325,HEXOCYCLIUM,4.0,1982.0,C[N+]1(C)CCN(CC(O)(c2ccccc2)C2CCCCC2)CC1,ZRYHPQCHHOKSMD-UHFFFAOYSA-N,A03AB10,,,,False,317.5,2.85,23.5,1.0,2.0,4.0,1.0,C20H33N2O+,10.0,True,
CHEMBL1201327,ACETRIZOIC ACID,4.0,1982.0,CC(=O)Nc1c(I)cc(I)c(C(=O)O)c1I,GNOGSFBXBWBTIG-UHFFFAOYSA-N,V08AA07,,,,False,556.9,3.16,66.4,2.0,2.0,2.0,0.0,C9H6I3NO3,6.0,True,
CHEMBL1201328,CARPHENAZINE,4.0,1982.0,CCC(=O)c1ccc2c(c1)N(CCCN1CCN(CCO)CC1)c1ccccc1S2,XZSMZRXAEFNJCU-UHFFFAOYSA-N,,,,,False,425.6,3.88,47.0,1.0,6.0,8.0,0.0,C24H31N3O2S,18.0,True,
CHEMBL1201329,TRIMETHAPHAN,4.0,1982.0,O=C1N(Cc2ccccc2)C2C[S+]3CCCC3C2N1Cc1ccccc1,CHQOEHPMXSHGCL-UHFFFAOYSA-N,C02BA01,,,,False,365.5,3.66,23.6,0.0,1.0,4.0,1.0,C22H25N2OS+,8.0,True,
CHEMBL1201335,GLYCOPYRRONIUM,4.0,1961.0,C[N+]1(C)CCC(OC(=O)C(O)(c2ccccc2)C2CCCC2)C1,ANGKOCUUWGHLCE-UHFFFAOYSA-N,D11AA01,,,,False,318.4,2.46,46.5,1.0,3.0,4.0,1.0,C19H28NO3+,12.0,True,
CHEMBL1201336,FOSPHENYTOIN,4.0,1996.0,O=C1NC(c2ccccc2)(c2ccccc2)C(=O)N1COP(=O)(O)O,XWLUWCNOOVRFPX-UHFFFAOYSA-N,N03AB05,Launched,sodium channel blocker,epilepsy|seizures,False,362.3,1.55,116.2,3.0,4.0,5.0,0.0,C16H15N2O6P,14.0,True,
CHEMBL1201338,CYCLOPENTOLATE,4.0,1974.0,CN(C)CCOC(=O)C(c1ccccc1)C1(O)CCCC1,SKYSRIRYMSLOIN-UHFFFAOYSA-N,S01FA54;S01FA04,Launched,acetylcholine receptor antagonist,mydriasis|cycloplegia,False,291.4,2.18,49.8,1.0,4.0,6.0,0.0,C17H25NO3,16.0,True,
CHEMBL1201340,DIPHEMANIL,4.0,1982.0,C[N+]1(C)CCC(=C(c2ccccc2)c2ccccc2)CC1,LCTZPQRFOZKZNK-UHFFFAOYSA-N,A03AB15,Launched,acetylcholine receptor antagonist,spasms,False,278.4,4.36,0.0,0.0,0.0,2.0,1.0,C20H24N+,4.0,True,
CHEMBL1201341,ECHOTHIOPHATE,4.0,1960.0,CCOP(=O)(OCC)SCC[N+](C)(C)C,BJOLKYGKSZKIGU-UHFFFAOYSA-N,S01EB03,,,,False,256.3,2.61,35.5,0.0,4.0,8.0,1.0,C9H23NO3PS+,16.0,True,
CHEMBL1201342,METHIXENE,4.0,1982.0,CN1CCCC(CC2c3ccccc3Sc3ccccc32)C1,MJFJKKXQDNNUJF-UHFFFAOYSA-N,N04AA03,,,,False,309.5,5.02,3.2,0.0,2.0,2.0,0.0,C20H23NS,4.0,True,
CHEMBL1201345,TETRADECYL SULFURIC ACID,4.0,1946.0,CCCCC(CC)CCC(CC(C)C)OS(=O)(=O)O,GROJOWHVXQYQGN-UHFFFAOYSA-N,,,,,False,294.5,4.22,63.6,1.0,3.0,11.0,0.0,C14H30O4S,24.0,True,
CHEMBL1201346,BALSALAZIDE,4.0,2000.0,O=C(O)CCNC(=O)c1ccc(/N=N/c2ccc(O)c(C(=O)O)c2)cc1,IPOKCKJONYRRHP-FMQUCBEESA-N,A07EC04,Launched,cyclooxygenase inhibitor,ulcerative colitis,False,357.3,2.71,148.7,4.0,6.0,7.0,0.0,C17H15N3O6,20.0,True,
CHEMBL1201347,ANILERIDINE,4.0,1982.0,CCOC(=O)C1(c2ccccc2)CCN(CCc2ccc(N)cc2)CC1,LKYQLAWMNBFNJT-UHFFFAOYSA-N,N01AH05,,,,False,352.5,3.41,55.6,1.0,4.0,6.0,0.0,C22H28N2O2,16.0,True,
CHEMBL1201348,MENADIOL DIPHOSPHORIC ACID,4.0,1982.0,Cc1cc(OP(=O)(O)O)c2ccccc2c1OP(=O)(O)O,JTNHOVZOOVVGHI-UHFFFAOYSA-N,,,,,False,334.2,2.09,133.5,4.0,4.0,4.0,0.0,C11H12O8P2,16.0,True,
CHEMBL1201349,HEXAFLUORENIUM,4.0,1982.0,C[N+](C)(CCCCCC[N+](C)(C)C1c2ccccc2-c2ccccc21)C1c2ccccc2-c2ccccc21,HDZAQYPYABGTCL-UHFFFAOYSA-N,M03AC05,,,,False,502.7,8.24,0.0,0.0,0.0,9.0,2.0,C36H42N2+2,18.0,True,
CHEMBL1201352,RAPACURONIUM,4.0,1999.0,C=CC[N+]1([C@H]2C[C@H]3[C@@H]4CC[C@H]5C[C@H](OC(C)=O)[C@@H](N6CCCCC6)C[C@]5(C)[C@H]4CC[C@]3(C)[C@H]2OC(=O)CC)CCCCC1,HTIKWNNIPGXLGM-YLINKJIISA-N,,,,,False,597.9,6.91,55.8,0.0,5.0,7.0,1.0,C37H61N2O4+,18.0,True,
CHEMBL1201353,DEXCHLORPHENIRAMINE,4.0,1981.0,CN(C)CC[C@@H](c1ccc(Cl)cc1)c1ccccn1,SOYKEARSMXGVTM-HNNXBMFYSA-N,R06AB02;R06AB52,Launched,histamine receptor antagonist,allergic conjunctivitis|allergic rhinitis|urticaria|angioedema,False,274.8,3.82,16.1,0.0,2.0,5.0,0.0,C16H19ClN2,10.0,True,
CHEMBL1201354,TRIDIHEXETHYL,4.0,1954.0,CC[N+](CC)(CC)CCC(O)(c1ccccc1)C1CCCCC1,NPRHVSBSZMAEIN-UHFFFAOYSA-N,A03AB08,Launched,acetylcholine receptor antagonist,peptic ulcer disease (PUD)|nystagmus,False,318.5,4.72,20.2,1.0,1.0,8.0,1.0,C21H36NO+,18.0,True,
CHEMBL1201356,METHYLERGONOVINE,4.0,1946.0,CC[C@@H](CO)NC(=O)[C@@H]1C=C2c3cccc4[nH]cc(c34)C[C@H]2N(C)C1,UNBRKDKAWYKMIV-QWQRMKEZSA-N,G02AB01,,,,False,339.4,1.92,68.4,3.0,3.0,4.0,0.0,C20H25N3O2,10.0,True,
CHEMBL1201728,DESVENLAFAXINE SUCCINATE,4.0,2008.0,CN(C)CC(c1ccc(O)cc1)C1(O)CCCCC1.O=C(O)CCC(=O)O,ORUUBRMVQCKYHB-UHFFFAOYSA-N,,,,,False,263.4,2.73,43.7,2.0,3.0,4.0,0.0,C16H25NO2,12.0,True,
CHEMBL1201729,DRONEDARONE HYDROCHLORIDE,4.0,2009.0,CCCCc1oc2ccc(NS(C)(=O)=O)cc2c1C(=O)c1ccc(OCCCN(CCCC)CCCC)cc1.Cl,DWKVCQXJYURSIQ-UHFFFAOYSA-N,,,,,False,556.8,7.05,88.8,1.0,6.0,18.0,0.0,C31H44N2O5S,36.0,True,
CHEMBL1201731,NEBIVOLOL HYDROCHLORIDE,4.0,2007.0,Cl.OC(CNCC(O)C1CCc2cc(F)ccc2O1)C1CCc2cc(F)ccc2O1,JWEXHQAEWHKGCW-UHFFFAOYSA-N,,,,,False,405.4,2.36,71.0,3.0,5.0,6.0,0.0,C22H25F2NO4,16.0,True,
CHEMBL1201733,PAZOPANIB HYDROCHLORIDE,4.0,2009.0,Cc1ccc(Nc2nccc(N(C)c3ccc4c(C)n(C)nc4c3)n2)cc1S(N)(=O)=O.Cl,MQHIQUBXFFAOMK-UHFFFAOYSA-N,,,,,False,437.5,3.14,119.0,2.0,7.0,5.0,0.0,C21H23N7O2S,12.0,True,
CHEMBL1201734,BENDAMUSTINE HYDROCHLORIDE,4.0,2008.0,Cl.Cn1c(CCCC(=O)O)nc2cc(N(CCCl)CCCl)ccc21,ZHSKUOZOLHMKEA-UHFFFAOYSA-N,,,,,False,358.3,3.26,58.4,1.0,3.0,9.0,0.0,C16H21Cl2N3O2,20.0,True,
CHEMBL1201735,BUPROPION HYDROBROMIDE,4.0,2008.0,Br.CC(NC(C)(C)C)C(=O)c1cccc(Cl)c1,WSTCENNATOVXKQ-UHFFFAOYSA-N,,,,,False,239.7,3.3,29.1,1.0,2.0,3.0,0.0,C13H18ClNO,8.0,True,
CHEMBL1201740,NILOTINIB HYDROCHLORIDE MONOHYDRATE,4.0,2007.0,Cc1cn(-c2cc(NC(=O)c3ccc(C)c(Nc4nccc(-c5cccnc5)n4)c3)cc(C(F)(F)F)c2)cn1.Cl.O,YCBPQSYLYYBPDW-UHFFFAOYSA-N,,,,,False,529.5,6.36,97.6,2.0,6.0,6.0,0.0,C28H22F3N7O,14.0,True,
CHEMBL1201743,SAXAGLIPTIN HYDROCHLORIDE,4.0,2009.0,Cl.N#C[C@@H]1C[C@@H]2C[C@@H]2N1C(=O)[C@@H](N)C12CC3CC(CC(O)(C3)C1)C2,TUAZNHHHYVBVBR-NHKADLRUSA-N,,,,,False,315.4,1.16,90.4,2.0,4.0,2.0,0.0,C18H25N3O2,10.0,True,
CHEMBL1201745,CHOLINE FENOFIBRATE,4.0,2008.0,CC(C)(Oc1ccc(C(=O)c2ccc(Cl)cc2)cc1)C(=O)[O-].C[N+](C)(C)CCO,JWAZHODZSADEHB-UHFFFAOYSA-M,C10AB11,,,,False,317.7,2.48,66.4,0.0,4.0,5.0,-1.0,C17H14ClO4-,10.0,True,
CHEMBL1201746,PRALATREXATE,4.0,2009.0,C#CCC(Cc1cnc2nc(N)nc(N)c2n1)c1ccc(C(=O)N[C@@H](CCC(=O)O)C(=O)O)cc1,OGSBUKJUDHAQEA-WMCAAGNKSA-N,L01BA05,Launched,dihydrofolate reductase inhibitor,peripheral T-cell lymphoma (PTCL),False,477.5,0.98,207.3,5.0,9.0,10.0,0.0,C23H23N7O5,28.0,True,
CHEMBL1201747,ALCAFTADINE,4.0,2010.0,CN1CCC(=C2c3ccccc3CCn3c(C=O)cnc32)CC1,MWTBKTRZPHJQLH-UHFFFAOYSA-N,S01GX11,Launched,histamine receptor antagonist,allergic conjunctivitis,False,307.4,2.78,38.1,0.0,3.0,1.0,0.0,C19H21N3O,10.0,True,
CHEMBL1201748,CABAZITAXEL,4.0,2010.0,CO[C@H]1C(=O)[C@]2(C)[C@@H](OC)C[C@H]3OC[C@@]3(OC(C)=O)[C@H]2[C@H](OC(=O)c2ccccc2)[C@]2(O)C[C@H](OC(=O)[C@H](O)[C@@H](NC(=O)OC(C)(C)C)c3ccccc3)C(C)=C1C2(C)C,BMQGVNUXMIRLCK-OAGWZNDDSA-N,L01CD04,Launched,microtubule inhibitor,prostate cancer,False,835.9,4.57,202.4,3.0,14.0,10.0,0.0,C45H57NO14,42.0,True,
CHEMBL1201749,DIFLUPREDNATE,4.0,2008.0,CCCC(=O)O[C@]1(C(=O)COC(C)=O)CC[C@H]2[C@@H]3C[C@H](F)C4=CC(=O)C=C[C@]4(C)[C@@]3(F)[C@@H](O)C[C@@]21C,WYQPLTPSGFELIB-JTQPXKBDSA-N,D07AC19;S01BA16,Launched,glucocorticoid receptor agonist,endogenous uveitis,False,508.6,3.52,107.0,1.0,7.0,6.0,0.0,C27H34F2O7,18.0,True,
CHEMBL1201752,IXABEPILONE,4.0,2007.0,C/C(=C\c1csc(C)n1)[C@@H]1C[C@@H]2O[C@]2(C)CCC[C@H](C)[C@H](O)[C@@H](C)C(=O)C(C)(C)[C@@H](O)CC(=O)N1,FABUFPQFXZVHFB-PVYNADRNSA-N,L01DC04,Launched,microtubule stabilizing agent,breast cancer,False,506.7,4.05,112.1,3.0,7.0,2.0,0.0,C27H42N2O5S,34.0,True,
CHEMBL1201753,PITAVASTATIN,4.0,2009.0,O=C(O)C[C@H](O)C[C@H](O)/C=C/c1c(C2CC2)nc2ccccc2c1-c1ccc(F)cc1,VGYFMXBACGZSIL-MCBHFWOFSA-N,C10AA08,Launched,HMGCR inhibitor,hyperlipidemia,False,421.5,4.52,90.7,3.0,4.0,8.0,0.0,C25H24FNO4,22.0,True,
CHEMBL1201754,RUFINAMIDE,4.0,2007.0,NC(=O)c1cn(Cc2c(F)cccc2F)nn1,POGQSBRIGCQNEG-UHFFFAOYSA-N,N03AF03,Launched,voltage-gated sodium channel blocker,seizures,False,238.2,0.7,73.8,1.0,3.0,3.0,0.0,C10H8F2N4O,6.0,True,
CHEMBL1201758,BEPOTASTINE,4.0,2009.0,O=C(O)CCCN1CCC(O[C@@H](c2ccc(Cl)cc2)c2ccccn2)CC1,YWGDOWXRIALTES-NRFANRHFSA-N,,Launched,histamine receptor antagonist,conjunctivitis,False,388.9,4.17,62.7,1.0,4.0,8.0,0.0,C21H25ClN2O3,18.0,True,
CHEMBL1201759,BEPOTASTINE BESYLATE,4.0,2009.0,O=C(O)CCCN1CCC(O[C@@H](c2ccc(Cl)cc2)c2ccccn2)CC1.O=S(=O)(O)c1ccccc1,UDGHXQPQKQPSBB-BOXHHOBZSA-N,,,,,False,388.9,4.17,62.7,1.0,4.0,8.0,0.0,C21H25ClN2O3,18.0,True,
CHEMBL1201760,BESIFLOXACIN,4.0,2009.0,N[C@@H]1CCCCN(c2c(F)cc3c(=O)c(C(=O)O)cn(C4CC4)c3c2Cl)C1,QFFGVLORLPOAEC-SNVBAGLBSA-N,S01AE08,Launched,bacterial DNA gyrase inhibitor,conjunctivitis,False,393.8,3.14,88.6,2.0,4.0,3.0,0.0,C19H21ClFN3O3,22.0,True,
CHEMBL1201761,BESIFLOXACIN HYDROCHLORIDE,4.0,2009.0,Cl.N[C@@H]1CCCCN(c2c(F)cc3c(=O)c(C(=O)O)cn(C4CC4)c3c2Cl)C1,PMQBICKXAAKXAY-HNCPQSOCSA-N,,,,,False,393.8,3.14,88.6,2.0,4.0,3.0,0.0,C19H21ClFN3O3,22.0,True,
CHEMBL1201764,FESOTERODINE,4.0,2007.0,CC(C)C(=O)Oc1ccc(CO)cc1[C@H](CCN(C(C)C)C(C)C)c1ccccc1,DCCSDBARQIPTGU-HSZRJFAPSA-N,G04BD11,Launched,acetylcholine receptor antagonist,urinary incontinence,False,411.6,5.38,49.8,1.0,4.0,10.0,0.0,C26H37NO3,24.0,True,
CHEMBL1201765,FESOTERODINE FUMARATE,4.0,2007.0,CC(C)C(=O)Oc1ccc(CO)cc1[C@H](CCN(C(C)C)C(C)C)c1ccccc1.O=C(O)/C=C/C(=O)O,MWHXMIASLKXGBU-RNCYCKTQSA-N,,,,,False,411.6,5.38,49.8,1.0,4.0,10.0,0.0,C26H37NO3,24.0,True,
CHEMBL1201766,FOSPROPOFOL,4.0,2008.0,CC(C)c1cccc(C(C)C)c1OCOP(=O)(O)O,QVNNONOFASOXQV-UHFFFAOYSA-N,,,,,False,288.3,3.38,76.0,2.0,3.0,6.0,0.0,C13H21O5P,16.0,True,
CHEMBL1201770,METHYLNALTREXONE BROMIDE,4.0,2008.0,C[N+]1(CC2CC2)CC[C@]23c4c5ccc(O)c4O[C@H]2C(=O)CC[C@@]3(O)[C@H]1C5.[Br-],IFGIYSGOEZJNBE-KNLJMPJLSA-N,A06AH01,,,,False,356.4,1.67,66.8,2.0,4.0,2.0,1.0,C21H26NO4+,8.0,True,
CHEMBL1201772,PRASUGREL,4.0,2009.0,CC(=O)Oc1cc2c(s1)CCN(C(C(=O)C1CC1)c1ccccc1F)C2,DTGLZDAWLRGWQN-UHFFFAOYSA-N,B01AC22,Launched,purinergic receptor antagonist,myocardial infarction|acute coronary syndrome (ACS),False,373.4,3.89,46.6,0.0,5.0,5.0,0.0,C20H20FNO3S,12.0,True,
CHEMBL1201773,PRASUGREL HYDROCHLORIDE,4.0,2009.0,CC(=O)Oc1cc2c(s1)CCN(C(C(=O)C1CC1)c1ccccc1F)C2.Cl,JALHGCPDPSNJNY-UHFFFAOYSA-N,,,,,False,373.4,3.89,46.6,0.0,5.0,5.0,0.0,C20H20FNO3S,12.0,True,
CHEMBL1201774,SAPROPTERIN,4.0,2007.0,C[C@H](O)[C@H](O)[C@H]1CNc2nc(N)[nH]c(=O)c2N1,FNKQXYHWGSIFBK-RPDRRWSUSA-N,A16AX07,Launched,phenylalanine 4-hydroxylase stimulant,hyperphenylalaninemia (HPA),False,241.3,-1.7,136.3,6.0,7.0,2.0,0.0,C9H15N5O3,8.0,True,
CHEMBL1201775,SAPROPTERIN DIHYDROCHLORIDE,4.0,2007.0,C[C@H](O)[C@H](O)[C@H]1CNc2[nH]c(N)nc(=O)c2N1.Cl.Cl,RKSUYBCOVNCALL-NTVURLEBSA-N,,,,,False,241.3,-1.7,136.3,6.0,7.0,2.0,0.0,C9H15N5O3,8.0,True,
CHEMBL1201776,TAPENTADOL,4.0,2008.0,CC[C@@H](c1cccc(O)c1)[C@@H](C)CN(C)C,KWTWDQCKEHXFFR-SMDDNHRTSA-N,N02AX06,,,,True,221.3,3.08,23.5,1.0,2.0,5.0,0.0,C14H23NO,12.0,True,
CHEMBL1201777,TAPENTADOL HYDROCHLORIDE,4.0,2008.0,CC[C@@H](c1cccc(O)c1)[C@@H](C)CN(C)C.Cl,ZELFLGGRLLOERW-YECZQDJWSA-N,,,,,False,221.3,3.08,23.5,1.0,2.0,5.0,0.0,C14H23NO,12.0,True,
CHEMBL1201780,CARGLUMIC ACID,4.0,2003.0,NC(=O)N[C@@H](CCC(=O)O)C(=O)O,LCQLHJZYVOQKHU-VKHMYHEASA-N,A16AA05,,,,False,190.2,-1.03,129.7,4.0,3.0,5.0,0.0,C6H10N2O5,14.0,True,
CHEMBL1201782,FOSAPREPITANT DIMEGLUMINE,4.0,2008.0,CNC[C@H](O)[C@@H](O)[C@H](O)[C@H](O)CO.CNC[C@H](O)[C@@H](O)[C@H](O)[C@H](O)CO.C[C@@H](O[C@H]1OCCN(Cc2nn(P(=O)(O)O)c(=O)[nH]2)[C@H]1c1ccc(F)cc1)c1cc(C(F)(F)F)cc(C(F)(F)F)c1,VRQHBYGYXDWZDL-OOZCZQCLSA-N,,,,,False,614.4,4.37,129.9,3.0,6.0,7.0,0.0,C23H22F7N4O6P,22.0,True,
CHEMBL1201784,HEXAMINOLEVULINATE,4.0,2010.0,CCCCCCOC(=O)CCC(=O)CN,RYQOILLJDKPETL-UHFFFAOYSA-N,V04CX06,Launched,,diagnostic agent,False,215.3,1.42,69.4,1.0,4.0,9.0,0.0,C11H21NO3,22.0,True,
CHEMBL1201785,HEXAMINOLEVULINATE HYDROCHLORIDE,4.0,2010.0,CCCCCCOC(=O)CCC(=O)CN.Cl,LZYXPFZBAZTOCH-UHFFFAOYSA-N,,,,,False,215.3,1.42,69.4,1.0,4.0,9.0,0.0,C11H21NO3,22.0,True,
CHEMBL1201786,LAPYRIUM,4.0,1982.0,CCCCCCCCCCCC(=O)OCCNC(=O)C[n+]1ccccc1,UGJWZYARKOFRDB-UHFFFAOYSA-O,,,,,False,363.5,3.55,59.3,1.0,3.0,15.0,1.0,C21H35N2O3+,32.0,True,
CHEMBL1201787,LAPYRIUM CHLORIDE,4.0,1982.0,CCCCCCCCCCCC(=O)OCCNC(=O)C[n+]1ccccc1.[Cl-],HPKFFZSXDWPVLX-UHFFFAOYSA-N,,,,,False,363.5,3.55,59.3,1.0,3.0,15.0,1.0,C21H35N2O3+,32.0,True,
CHEMBL1201794,RIBOFLAVIN 5'-PHOSPHATE,4.0,1985.0,Cc1cc2nc3c(=O)[nH]c(=O)nc-3n(C[C@H](O)[C@H](O)[C@H](O)COP(=O)(O)O)c2cc1C,FVTCRASFADXXNN-SCRDCRAPSA-N,,,,,False,456.3,-1.61,208.1,6.0,9.0,7.0,0.0,C17H21N4O9P,24.0,True,
CHEMBL1201863,DEXLANSOPRAZOLE,4.0,2009.0,Cc1c(OCC(F)(F)F)ccnc1C[S@@+]([O-])c1nc2ccccc2[nH]1,MJIHNNLFOKEZEW-RUZDIDTESA-N,A02BC06,Launched,ATPase inhibitor,gastroesophageal reflux disease (GERD)|erosive esophagitis (EE),False,369.4,3.52,73.9,1.0,4.0,5.0,0.0,C16H14F3N3O2S,12.0,True,
CHEMBL1201864,DIENOGEST,4.0,2010.0,C[C@]12CCC3=C4CCC(=O)C=C4CC[C@H]3[C@@H]1CC[C@@]2(O)CC#N,AZFLJNIPTRTECV-FUMNGEBKSA-N,G03DB08,Launched,progesterone receptor agonist,contraceptive|endometriosis,False,311.4,3.84,61.1,1.0,3.0,1.0,0.0,C20H25NO2,4.0,True,
CHEMBL1201891,DEFLAZACORT,4.0,2017.0,CC(=O)OCC(=O)[C@@]12N=C(C)O[C@@H]1C[C@H]1[C@@H]3CCC4=CC(=O)C=C[C@]4(C)[C@H]3[C@@H](O)C[C@@]12C,FBHSPRKOSMHSIF-GRMWVWQJSA-N,H02AB13,Launched,glucocorticoid receptor agonist,joint inflammation,False,441.5,2.56,102.3,1.0,7.0,3.0,0.0,C25H31NO6,10.0,True,
CHEMBL1204165,DILEVALOL HYDROCHLORIDE,4.0,1990.0,C[C@H](CCc1ccccc1)NC[C@H](O)c1ccc(O)c(C(N)=O)c1.Cl,WQVZLXWQESQGIF-WJKBNZMCSA-N,,,,,False,328.4,2.14,95.6,4.0,4.0,8.0,0.0,C19H24N2O3,20.0,True,
CHEMBL1204187,GEPIRONE HYDROCHLORIDE,4.0,2023.0,CC1(C)CC(=O)N(CCCCN2CCN(c3ncccn3)CC2)C(=O)C1.Cl,DGOCVISYYYQFEP-UHFFFAOYSA-N,,,,,False,359.5,1.55,69.6,0.0,6.0,6.0,0.0,C19H29N5O2,12.0,True,
CHEMBL1206690,PARECOXIB,4.0,2002.0,CCC(=O)NS(=O)(=O)c1ccc(-c2c(-c3ccccc3)noc2C)cc1,TZRHLKRLEZJVIJ-UHFFFAOYSA-N,M01AH04,Launched,cyclooxygenase inhibitor,pain relief,False,370.4,3.53,89.3,1.0,5.0,5.0,0.0,C19H18N2O4S,10.0,True,
CHEMBL1208155,ELAGOLIX,4.0,2018.0,COc1cccc(-c2c(C)n(Cc3c(F)cccc3C(F)(F)F)c(=O)n(C[C@H](NCCCC(=O)O)c3ccccc3)c2=O)c1F,HEAUOKZIVMZVQL-VWLOTQADSA-N,H01CC03,Launched,gonadotropin releasing factor hormone receptor antagonist,,False,631.6,5.54,102.6,2.0,5.0,12.0,0.0,C32H30F5N3O5,28.0,True,
CHEMBL1208422,ROSE BENGAL FREE ACID,4.0,1971.0,O=C(O)c1c(Cl)c(Cl)c(Cl)c(Cl)c1-c1c2cc(I)c(=O)c(I)c-2oc2c(I)c(O)c(I)cc12,VDNLFJGJEQUWRB-UHFFFAOYSA-N,,,,,False,,,,,,,,,,False,F2_mw_974
CHEMBL1208642,THIOSULFURIC ACID,4.0,1992.0,O=S(O)(O)=S,DHCDFWKWKRSZHF-UHFFFAOYSA-N,V03AB06,,,,False,114.1,-0.32,57.5,2.0,2.0,0.0,0.0,H2O3S2,4.0,True,
CHEMBL1208646,THEOPHYLLINE GLYCINATE,4.0,1982.0,Cn1c(=O)c2[nH]cnc2n(C)c1=O.NCC(=O)O,HXSKWEQQPCKYIF-UHFFFAOYSA-N,,,,,False,180.2,-1.04,72.7,1.0,3.0,0.0,0.0,C7H8N4O2,0.0,True,
CHEMBL1213165,DOLUTEGRAVIR SODIUM,4.0,2013.0,C[C@@H]1CCO[C@H]2Cn3cc(C(=O)NCc4ccc(F)cc4F)c(=O)c([O-])c3C(=O)N12.[Na+],UGWJRRXTMKRYNK-VSLILLSYSA-M,,,,,False,418.4,0.72,103.7,1.0,5.0,3.0,-1.0,C20H18F2N3O5-,6.0,True,
CHEMBL1213250,CEFTOLOZANE SULFATE,4.0,2014.0,Cn1c(N)c(NC(=O)NCCN)c[n+]1CC1=C(C(=O)O)N2C(=O)[C@@H](NC(=O)/C(=N\OC(C)(C)C(=O)[O-])c3nsc(N)n3)[C@H]2SC1.O=S(=O)(O)O,UJDQGRLTPBVSFN-TVNHLQOTSA-N,,,,,False,666.7,-3.9,302.2,7.0,15.0,12.0,0.0,C23H30N12O8S2,32.0,True,
CHEMBL1213251,CLOBENZOREX,4.0,,CC(Cc1ccccc1)NCc1ccccc1Cl,LRXXRIXDSAEIOR-UHFFFAOYSA-N,A08AA08,,,,False,259.8,4.06,12.0,1.0,1.0,5.0,0.0,C16H18ClN,10.0,True,
CHEMBL1213252,CLORAZEPIC ACID,4.0,1972.0,O=C(O)C1N=C(c2ccccc2)c2cc(Cl)ccc2NC1=O,XDDJGVMJFWAHJX-UHFFFAOYSA-N,,,,,False,314.7,2.58,78.8,2.0,3.0,2.0,0.0,C16H11ClN2O3,12.0,True,
CHEMBL1213351,PROPOXYPHENE,4.0,1957.0,CCC(=O)O[C@](Cc1ccccc1)(c1ccccc1)[C@H](C)CN(C)C,XLMALTXPSGQGBX-GCJKJVERSA-N,N02AC04,,,,False,339.5,4.28,29.5,0.0,3.0,8.0,0.0,C22H29NO2,18.0,True,
CHEMBL1213492,GIVINOSTAT,4.0,2024.0,CCN(CC)Cc1ccc2cc(COC(=O)Nc3ccc(C(=O)NO)cc3)ccc2c1,YALNUENQHAQXEA-UHFFFAOYSA-N,M09AX14,Phase 3,HDAC inhibitor,,False,421.5,4.55,90.9,3.0,5.0,8.0,0.0,C24H27N3O4,20.0,True,
CHEMBL1214124,PERAMPANEL,4.0,2012.0,N#Cc1ccccc1-c1cc(-c2ccccn2)cn(-c2ccccc2)c1=O,PRMWGUBFXWROHD-UHFFFAOYSA-N,N03AX22,,,,True,349.4,4.44,58.7,0.0,3.0,3.0,0.0,C23H15N3O,6.0,True,
CHEMBL1222250,DEXTROSE,4.0,1982.0,OC[C@H]1OC(O)[C@H](O)[C@@H](O)[C@@H]1O,WQZGKKKJIJFFOK-GASJEMHNSA-N,B05CX01;C05BB56;V06DC01;V04CA02,Launched,,hypoglycemia,False,180.2,-3.22,110.4,5.0,6.0,1.0,0.0,C6H12O6,12.0,True,
CHEMBL1229211,DOLUTEGRAVIR,4.0,2013.0,C[C@@H]1CCO[C@H]2Cn3cc(C(=O)NCc4ccc(F)cc4F)c(=O)c(O)c3C(=O)N12,RHWKPHLQXYSBKR-BMIGLBTASA-N,J05AJ03,Launched,HIV integrase inhibitor,human immunodeficiency virus (HIV-1),False,419.4,1.35,100.9,2.0,5.0,3.0,0.0,C20H19F2N3O5,8.0,True,
CHEMBL1229517,VEMURAFENIB,4.0,2011.0,CCCS(=O)(=O)Nc1ccc(F)c(C(=O)c2c[nH]c3ncc(-c4ccc(Cl)cc4)cc23)c1F,GPXBXXGIAQBQNI-UHFFFAOYSA-N,L01EC01,Launched,RAF inhibitor,melanoma,False,489.9,5.54,91.9,2.0,4.0,7.0,0.0,C23H18ClF2N3O3S,14.0,True,
CHEMBL1230314,ESTETROL ANHYDROUS,4.0,2021.0,C[C@]12CC[C@@H]3c4ccc(O)cc4CC[C@H]3[C@@H]1[C@@H](O)[C@@H](O)[C@@H]2O,AJIPIJNNOJSSQC-NYLIRDPKSA-N,,,,,False,304.4,1.55,80.9,4.0,4.0,0.0,0.0,C18H24O4,8.0,True,
CHEMBL1231574,LEVOMEFOLIC ACID,4.0,2010.0,CN1c2c([nH]c(N)nc2=O)NC[C@@H]1CNc1ccc(C(=O)N[C@@H](CCC(=O)O)C(=O)O)cc1,ZNOVTXRBGFNYRX-STQMWFEESA-N,,,,,False,459.5,-0.26,202.8,7.0,9.0,9.0,0.0,C20H25N7O6,22.0,True,
CHEMBL1232131,DOBESILIC ACID,4.0,,O=S(=O)(O)c1cc(O)ccc1O,IKQCSJBQLWJEPU-UHFFFAOYSA-N,,,,,False,190.2,0.34,94.8,3.0,4.0,1.0,0.0,C6H6O5S,8.0,True,
CHEMBL1233877,KRYPTON,4.0,1982.0,[Kr],DNNSSWSSYDEUBZ-UHFFFAOYSA-N,,,,,False,,,,,,,,,,False,F2_mw_84
CHEMBL1234579,NITROUS OXIDE,4.0,,[N-]=[N+]=O,GQPLMRYTRLFLPF-UHFFFAOYSA-N,N01AX13;N01AX63,,,,True,,,,,,,,,,False,F2_mw_44
CHEMBL1234886,OXYGEN,4.0,2006.0,O=O,MYMOFIZGZYHOMD-UHFFFAOYSA-N,V03AN01,,,,False,,,,,,,,,,False,F2_mw_32
CHEMBL1235452,SULFUR,4.0,1982.0,S1SSSSSSS1,JLQNHALFVCURHW-UHFFFAOYSA-N,D10AB02;D11AC08,,,,False,256.5,5.19,0.0,0.0,8.0,0.0,0.0,S8,0.0,True,
CHEMBL1236315,TARTARIC ACID,4.0,1985.0,O=C(O)[C@H](O)[C@@H](O)C(=O)O,FEWJPZIEWOKRBE-JCYAYHJZSA-N,,,,,False,150.1,-2.12,115.1,4.0,4.0,3.0,0.0,C4H6O6,14.0,True,
CHEMBL1236802,XENON,4.0,1982.0,[Xe],FHNFHKCVQCLJFQ-UHFFFAOYSA-N,N01AX15;V04CX12,,,,False,131.3,0.0,0.0,0.0,0.0,0.0,0.0,Xe,,False,"F5_pdbqt_fail:atom number 0 has None type, mol name: N"
CHEMBL1236821,XYLOSE,4.0,1982.0,O=C[C@H](O)[C@@H](O)[C@H](O)CO,PYMYPHUHKUWMLA-VPENINKCSA-N,,Launched,,,False,150.1,-2.74,98.0,4.0,5.0,4.0,0.0,C5H10O5,16.0,True,
CHEMBL1237021,LURASIDONE,4.0,2010.0,O=C1[C@@H]2[C@H]3CC[C@H](C3)[C@@H]2C(=O)N1C[C@@H]1CCCC[C@H]1CN1CCN(c2nsc3ccccc23)CC1,PQXKDMSYBGKCJA-CVTJIBDQSA-N,N05AE05,Launched,dopamine receptor antagonist|serotonin receptor antagonist,schizophrenia,False,492.7,4.26,56.8,0.0,6.0,5.0,0.0,C28H36N4O2S,10.0,True,
CHEMBL1237044,TRAMADOL,4.0,1995.0,COc1cccc(C2(O)CCCCC2CN(C)C)c1,TVYLLZQTGLZFBW-UHFFFAOYSA-N,N02AX02,,,,True,263.4,2.63,32.7,1.0,3.0,4.0,0.0,C16H25NO2,10.0,True,
CHEMBL1237054,PLICAMYCIN,4.0,1970.0,CO[C@H](C(=O)[C@@H](O)[C@@H](C)O)[C@@H]1Cc2cc3cc(O[C@H]4C[C@@H](O[C@@H]5C[C@@H](O)[C@H](O)[C@@H](C)O5)[C@H](O)[C@@H](C)O4)c(C)c(O)c3c(O)c2C(=O)[C@H]1O[C@H]1C[C@@H](O[C@@H]2C[C@@H](O)[C@@H](O[C@@H]3C[C@](C)(O)[C@H](O)[C@@H](C)O3)[C@@H](C)O2)[C@H](O)[C@@H](C)O1,XDKMHMINQXATOR-RCFLUEAHSA-N,L01DC02,Launched,alcohol dehydrogenase inhibitor,testicular carcinoma|Paget's disease|hypercalcemia,False,,,,,,,,,,False,F2_mw_1085
CHEMBL1237055,HYDROMORPHONE HYDROCHLORIDE,4.0,1984.0,CN1CC[C@]23c4c5ccc(O)c4O[C@H]2C(=O)CC[C@H]3[C@H]1C5.Cl,XHILEZUETWRSHC-NRGUFEMZSA-N,,,,,False,285.3,1.63,49.8,1.0,4.0,0.0,0.0,C17H19NO3,2.0,True,
CHEMBL1237061,PITAVASTATIN CALCIUM,4.0,2009.0,O=C([O-])C[C@H](O)C[C@H](O)/C=C/c1c(C2CC2)nc2ccccc2c1-c1ccc(F)cc1.O=C([O-])C[C@H](O)C[C@H](O)/C=C/c1c(C2CC2)nc2ccccc2c1-c1ccc(F)cc1.[Ca+2],RHGYHLPFVJEAOC-FFNUKLMVSA-L,,,,,False,420.5,3.18,93.5,2.0,5.0,8.0,-1.0,C25H23FNO4-,20.0,True,
CHEMBL1237065,TRAMADOL HYDROCHLORIDE,4.0,1995.0,COc1cccc(C2(O)CCCCC2CN(C)C)c1.Cl,PPKXEPBICJTCRU-UHFFFAOYSA-N,,,,,False,263.4,2.63,32.7,1.0,3.0,4.0,0.0,C16H25NO2,10.0,True,
CHEMBL1237066,CALCIUM GLUCEPTATE,4.0,1982.0,O=C([O-])C(O)[C@H](O)[C@@H](O)[C@H](O)[C@H](O)CO.O=C([O-])C(O)[C@H](O)[C@@H](O)[C@H](O)[C@H](O)CO.[Ca+2],FATUQANACHZLRT-KMRXSBRUSA-L,A12AA10,,,,False,225.2,-5.47,161.5,6.0,8.0,6.0,-1.0,C7H13O8-,24.0,True,
CHEMBL1237070,MICAFUNGIN SODIUM,4.0,2005.0,CCCCCOc1ccc(-c2cc(-c3ccc(C(=O)N[C@H]4C[C@@H](O)[C@@H](O)NC(=O)[C@@H]5[C@@H](O)[C@@H](C)CN5C(=O)[C@H]([C@H](O)CC(N)=O)NC(=O)[C@H]([C@H](O)[C@@H](O)c5ccc(O)c(OS(=O)(=O)[O-])c5)NC(=O)[C@@H]5C[C@@H](O)CN5C(=O)[C@H]([C@@H](C)O)NC4=O)cc3)no2)cc1.[Na+],KOOAFHGJVIVFMZ-WZPXRXMFSA-M,,,,,False,,,,,,,,,,False,F2_mw_1269
CHEMBL1237072,DIRITHROMYCIN,4.0,1995.0,CC[C@H]1OC(=O)[C@H](C)[C@@H](O[C@H]2C[C@@](C)(OC)[C@@H](O)[C@H](C)O2)[C@H](C)[C@@H](O[C@@H]2O[C@H](C)C[C@H](N(C)C)[C@H]2O)[C@](C)(O)C[C@@H](C)[C@@H]2N[C@@H](COCCOC)O[C@H]([C@H]2C)[C@]1(C)O,WLOHNSSYAXHWNR-DWIOZXRMSA-N,J01FA13,Launched,bacterial 50S ribosomal subunit inhibitor,bronchitis,False,835.1,2.2,196.3,5.0,16.0,12.0,0.0,C42H78N2O14,,False,F3_druglikeness
CHEMBL1237080,GRANISETRON HYDROCHLORIDE,4.0,1993.0,CN1C2CCCC1CC(NC(=O)c1nn(C)c3ccccc13)C2.Cl,QYZRTBKYBJRGJB-UHFFFAOYSA-N,,,,,False,312.4,2.32,50.2,1.0,3.0,2.0,0.0,C18H24N4O,4.0,True,
CHEMBL1237082,MECAMYLAMINE HYDROCHLORIDE,4.0,1956.0,CNC1(C)C2CCC(C2)C1(C)C.Cl,PKVZBNCYEICAQP-UHFFFAOYSA-N,,,,,False,167.3,2.42,12.0,1.0,1.0,1.0,0.0,C11H21N,2.0,True,
CHEMBL1237099,DOXACURIUM CHLORIDE,4.0,1991.0,COc1cc(CC2c3c(cc(OC)c(OC)c3OC)CC[N+]2(C)CCCOC(=O)CCC(=O)OCCC[N+]2(C)CCc3cc(OC)c(OC)c(OC)c3C2Cc2cc(OC)c(OC)c(OC)c2)cc(OC)c1OC.[Cl-].[Cl-],APADFLLAXHIMFU-UHFFFAOYSA-L,M03AC07,,,,False,,,,,,,,,,False,F2_mw_1035
CHEMBL1237102,LEVOCABASTINE HYDROCHLORIDE,4.0,1993.0,C[C@@H]1CN([C@H]2CC[C@](C#N)(c3ccc(F)cc3)CC2)CC[C@]1(C(=O)O)c1ccccc1.Cl,OICFWWJHIMKBCD-VALQNVSPSA-N,,,,,False,420.5,4.89,64.3,1.0,3.0,4.0,0.0,C26H29FN2O2,10.0,True,
CHEMBL1237104,PROPOXYPHENE HYDROCHLORIDE,4.0,1957.0,CCC(=O)O[C@](Cc1ccccc1)(c1ccccc1)[C@H](C)CN(C)C.Cl,QMQBBUPJKANITL-MYXGOWFTSA-N,,,,,False,339.5,4.28,29.5,0.0,3.0,8.0,0.0,C22H29NO2,18.0,True,
CHEMBL1237105,CARBOPROST TROMETHAMINE,4.0,1979.0,CCCCC[C@](C)(O)/C=C/[C@@H]1[C@@H](C/C=C\CCCC(=O)O)[C@@H](O)C[C@H]1O.NC(CO)(CO)CO,UMMADZJLZAPZAW-XOWPVRJPSA-N,,,,,False,368.5,3.43,98.0,4.0,4.0,12.0,0.0,C21H36O5,32.0,True,
CHEMBL1237119,TREPROSTINIL,4.0,2002.0,CCCCC[C@H](O)CC[C@@H]1[C@H]2Cc3cccc(OCC(=O)O)c3C[C@H]2C[C@H]1O,PAJMKGZZBBTTOY-ZFORQUDYSA-N,B01AC21,Launched,prostanoid receptor agonist,pulmonary arterial hypertension (PAH),False,390.5,3.58,87.0,3.0,4.0,10.0,0.0,C23H34O5,26.0,True,
CHEMBL1237122,CARBOPROST,4.0,1979.0,CCCCC[C@](C)(O)/C=C/[C@@H]1[C@@H](C/C=C\CCCC(=O)O)[C@@H](O)C[C@H]1O,DLJKPYFALUEJCK-IIELGFQLSA-N,G02AD04,,,,False,368.5,3.43,98.0,4.0,4.0,12.0,0.0,C21H36O5,32.0,True,
CHEMBL1237123,DOXACURIUM,4.0,1991.0,COc1cc(CC2c3c(cc(OC)c(OC)c3OC)CC[N+]2(C)CCCOC(=O)CCC(=O)OCCC[N+]2(C)CCc3cc(OC)c(OC)c(OC)c3C2Cc2cc(OC)c(OC)c(OC)c2)cc(OC)c1OC,GBLRQXKSCRCLBZ-UHFFFAOYSA-N,,,,,False,,,,,,,,,,False,F2_mw_1035
CHEMBL1237132,CLEVIDIPINE,4.0,2008.0,CCCC(=O)OCOC(=O)C1=C(C)NC(C)=C(C(=O)OC)C1c1cccc(Cl)c1Cl,KPBZROQVTHLCDU-UHFFFAOYSA-N,C08CA16,,,,False,456.3,4.25,90.9,1.0,7.0,7.0,0.0,C21H23Cl2NO6,20.0,True,
CHEMBL1237135,MAPROTILINE HYDROCHLORIDE,4.0,1980.0,CNCCCC12CCC(c3ccccc31)c1ccccc12.Cl,NZDMFGKECODQRY-UHFFFAOYSA-N,,,,,False,277.4,4.21,12.0,1.0,1.0,4.0,0.0,C20H23N,8.0,True,
CHEMBL1241951,LETERMOVIR,4.0,2017.0,COc1cccc(N2CCN(C3=Nc4c(F)cccc4[C@H](CC(=O)O)N3c3cc(C(F)(F)F)ccc3OC)CC2)c1,FWYSMLBETOMXAG-QHCPKHFHSA-N,J05AX18,Launched,CMV terminase inhibitor,cytomegalovirus (CMV),False,572.6,5.71,77.8,1.0,7.0,6.0,0.0,C29H28F4N4O4,16.0,True,
CHEMBL1254682,LEVALLORPHAN,4.0,1982.0,C=CCN1CC[C@]23CCCC[C@H]2[C@H]1Cc1ccc(O)cc13,OZYUPQUCAUTOBP-QXAKKESOSA-N,,Launched,opioid receptor antagonist,respiratory depression,False,283.4,3.64,23.5,1.0,2.0,2.0,0.0,C19H25NO,6.0,True,
CHEMBL1255654,TETRACAINE HYDROCHLORIDE,4.0,2016.0,CCCCNc1ccc(C(=O)OCCN(C)C)cc1.Cl,PPWHTZKZQNXVAE-UHFFFAOYSA-N,,,,,False,264.4,2.62,41.6,1.0,4.0,8.0,0.0,C15H24N2O2,18.0,True,
CHEMBL1255739,METHAPYRILENE HYDROCHLORIDE,4.0,,CN(C)CCN(Cc1cccs1)c1ccccn1.Cl,BONORRGKLJBGRV-UHFFFAOYSA-N,,,,,False,261.4,2.71,19.4,0.0,4.0,6.0,0.0,C14H19N3S,12.0,True,
CHEMBL1255800,FIDAXOMICIN,4.0,2011.0,CCc1c(Cl)c(O)c(Cl)c(O)c1C(=O)O[C@H]1[C@H](O)[C@H](OC)[C@H](OC/C2=C\C=C\C[C@H](O)/C(C)=C/[C@H](CC)[C@@H](O[C@@H]3OC(C)(C)[C@@H](OC(=O)C(C)C)[C@H](O)[C@@H]3O)/C(C)=C/C(C)=C/C[C@@H]([C@@H](C)O)OC2=O)O[C@@H]1C,ZVGNESXIJDCBKN-UUEYKCAUSA-N,A07AA12,Launched,RNA polymerase inhibitor,diarrhea,False,,,,,,,,,,False,F2_mw_1058
CHEMBL1256137,CYSTEAMINE HYDROCHLORIDE,4.0,2012.0,Cl.NCCS,OGMADIBCHLQMIP-UHFFFAOYSA-N,,,,,False,,,,,,,,,,False,F2_mw_77
CHEMBL1256391,PIRFENIDONE,4.0,2011.0,Cc1ccc(=O)n(-c2ccccc2)c1,ISWRGOKTTBVCFA-UHFFFAOYSA-N,L04AX05,Launched,TGF beta receptor inhibitor,idiopathic pulmonary fibrosis (IPF),False,185.2,2.15,22.0,0.0,1.0,1.0,0.0,C12H11NO,2.0,True,
CHEMBL1256400,XYLOMETAZOLINE HYDROCHLORIDE,4.0,,Cc1cc(C(C)(C)C)cc(C)c1CC1=NCCN1.Cl,YGWFCQYETHJKNX-UHFFFAOYSA-N,,,,,False,244.4,3.15,24.4,1.0,2.0,2.0,0.0,C16H24N2,6.0,True,
CHEMBL1256696,CARBETAPENTANE CITRATE,4.0,,CCN(CC)CCOCCOC(=O)C1(c2ccccc2)CCCC1.O=C(O)CC(O)(CC(=O)O)C(=O)O,AKJDEXBCRLOVTH-UHFFFAOYSA-N,,,,,False,333.5,3.4,38.8,0.0,4.0,10.0,0.0,C20H31NO3,22.0,True,
CHEMBL1256786,FORMOTEROL,4.0,2001.0,COc1ccc(CC(C)NCC(O)c2ccc(O)c(NC=O)c2)cc1,BPZSYCZIITTYBL-UHFFFAOYSA-N,R03AC13;R03CC15,Launched,adrenergic receptor agonist,asthma|chronic obstructive pulmonary disease (COPD)|bronchospasm,False,344.4,2.22,90.8,4.0,5.0,9.0,0.0,C19H24N2O4,20.0,True,
CHEMBL1256818,DEXTROMETHORPHAN HYDROBROMIDE,4.0,1984.0,Br.COc1ccc2c(c1)[C@]13CCCC[C@@H]1[C@H](C2)N(C)CC3.O,STTADZBLEUMJRG-IKNOHUQMSA-N,,,,,False,271.4,3.38,12.5,0.0,2.0,1.0,0.0,C18H25NO,2.0,True,
CHEMBL1256841,NIALAMIDE,4.0,,O=C(CCNNC(=O)c1ccncc1)NCc1ccccc1,NOIIUHRQUVNIDD-UHFFFAOYSA-N,N06AF02,Withdrawn,monoamine oxidase inhibitor,,False,298.3,1.02,83.1,3.0,4.0,7.0,0.0,C16H18N4O2,14.0,True,
CHEMBL1256842,NOMIFENSINE MALEATE,4.0,1984.0,CN1Cc2c(N)cccc2C(c2ccccc2)C1.O=C(O)/C=C\C(=O)O,GEOCVSMCLVIOEV-BTJKTKAUSA-N,,,,,False,238.3,2.85,29.3,1.0,2.0,1.0,0.0,C16H18N2,4.0,True,
CHEMBL1256958,EPINEPHRINE BITARTRATE,4.0,1965.0,CNC[C@H](O)c1ccc(O)c(O)c1.O=C(O)C(O)C(O)C(=O)O,YLXIPWWIOISBDD-FVGYRXGTSA-N,,,,,False,183.2,0.35,72.7,4.0,4.0,3.0,0.0,C9H13NO3,12.0,True,
CHEMBL1256987,FUSIDATE SODIUM,4.0,,CC(=O)O[C@H]1C[C@@]2(C)[C@@H](C[C@@H](O)[C@H]3[C@@]4(C)CC[C@@H](O)[C@@H](C)[C@@H]4CC[C@@]32C)/C1=C(\CCC=C(C)C)C(=O)[O-].[Na+],HJHVQCXHVMGZNC-JCJNLNMISA-M,,,,,False,515.7,4.33,106.9,2.0,6.0,5.0,-1.0,C31H47O6-,16.0,True,
CHEMBL1257015,PICOTAMIDE,4.0,,COc1ccc(C(=O)NCc2cccnc2)cc1C(=O)NCc1cccnc1,KYWCWBXGRWWINE-UHFFFAOYSA-N,B01AC03,Launched,thromboxane receptor antagonist|thromboxane synthase inhibitor,thrombosis,False,376.4,2.35,93.2,2.0,5.0,7.0,0.0,C21H20N4O3,14.0,True,
CHEMBL1257040,TRIFLUOPERAZINE HYDROCHLORIDE,4.0,1959.0,CN1CCN(CCCN2c3ccccc3Sc3ccc(C(F)(F)F)cc32)CC1.Cl.Cl,BXDAOUXDMHXPDI-UHFFFAOYSA-N,,,,,False,407.5,4.95,9.7,0.0,4.0,4.0,0.0,C21H24F3N3S,10.0,True,
CHEMBL1257051,TEDIZOLID,4.0,,Cn1nnc(-c2ccc(-c3ccc(N4C[C@H](CO)OC4=O)cc3F)cn2)n1,XFALPSLJIHVRKE-GFCCVEGCSA-N,J01XX11,Launched,bacterial 50S ribosomal subunit inhibitor,skin infections,False,370.3,1.4,106.3,1.0,7.0,4.0,0.0,C17H15FN6O3,10.0,True,
CHEMBL1257073,TECOVIRIMAT,4.0,2018.0,O=C(NN1C(=O)[C@@H]2[C@@H]3C=C[C@@H]([C@H]4C[C@@H]34)[C@@H]2C1=O)c1ccc(C(F)(F)F)cc1,CSKDFZIMJXRJGH-VWLPUNTISA-N,J05AX24,Launched,orthopoxvirus egress inhibitor,smallpox,False,376.3,2.4,66.5,1.0,3.0,2.0,0.0,C19H15F3N2O3,6.0,True,
CHEMBL1259059,SOFOSBUVIR,4.0,2013.0,CC(C)OC(=O)[C@H](C)N[P@](=O)(OC[C@H]1O[C@@H](n2ccc(=O)[nH]c2=O)[C@](C)(F)[C@@H]1O)Oc1ccccc1,TTZHDVOVKQGIBA-IQWMDFIBSA-N,J05AP08,Launched,HCV inhibitor,hepatitis C|hepatitis C,False,529.5,1.66,158.2,3.0,9.0,10.0,0.0,C22H29FN3O9P,24.0,True,
CHEMBL1269025,EDOXABAN,4.0,2015.0,CN1CCc2nc(C(=O)N[C@@H]3C[C@@H](C(=O)N(C)C)CC[C@@H]3NC(=O)C(=O)Nc3ccc(Cl)cn3)sc2C1,HGVDHZBSSITLCT-JLJPHGGASA-N,B01AF03,Launched,coagulation factor inhibitor,stroke|pulmonary embolism (PE)|systemic embolism|deep vein thrombosis (DVT)|atrial fibrillation (AF),False,548.1,1.29,136.6,3.0,8.0,5.0,0.0,C24H30ClN7O4S,12.0,True,
CHEMBL1276308,MIFEPRISTONE,4.0,2000.0,CC#C[C@]1(O)CC[C@H]2[C@@H]3CCC4=CC(=O)CCC4=C3[C@@H](c3ccc(N(C)C)cc3)C[C@@]21C,VKHAHZOOUSRJNA-GCNJZUOMSA-N,G03XB01;G03XB51,Launched,glucocorticoid receptor antagonist|progesterone receptor antagonist,hyperglycemia|diabetes mellitus,False,429.6,5.41,40.5,1.0,3.0,2.0,0.0,C29H35NO2,8.0,True,
CHEMBL1287853,FEDRATINIB,4.0,2019.0,Cc1cnc(Nc2ccc(OCCN3CCCC3)cc2)nc1Nc1cccc(S(=O)(=O)NC(C)(C)C)c1,JOOXLOJCABQBSG-UHFFFAOYSA-N,L01EJ02,Launched,FLT3 inhibitor|JAK inhibitor,myelofibrosis,False,524.7,4.82,108.5,3.0,8.0,10.0,0.0,C27H36N6O3S,22.0,True,
CHEMBL1289494,TIVOZANIB,4.0,2017.0,COc1cc2nccc(Oc3ccc(NC(=O)Nc4cc(C)on4)c(Cl)c3)c2cc1OC,SPMVMDHWKHCIDT-UHFFFAOYSA-N,L01EK03,Launched,VEGFR inhibitor,renal cell carcinoma (RCC),False,454.9,5.64,107.7,2.0,7.0,6.0,0.0,C22H19ClN4O5,12.0,True,
CHEMBL1289601,LENVATINIB,4.0,2015.0,COc1cc2nccc(Oc3ccc(NC(=O)NC4CC4)c(Cl)c3)c2cc1C(N)=O,WOSKHXYHFSIKNG-UHFFFAOYSA-N,L01EX08,Launched,FGFR inhibitor|KIT inhibitor|PDGFR tyrosine kinase receptor inhibitor|VEGFR inhibitor,thyroid cancer,False,426.9,4.07,115.6,3.0,5.0,6.0,0.0,C21H19ClN4O4,12.0,True,
CHEMBL1289926,AXITINIB,4.0,2012.0,CNC(=O)c1ccccc1Sc1ccc2c(/C=C/c3ccccn3)n[nH]c2c1,RITAVMQDGBJQJZ-FMIVXFBMSA-N,L01EK01,Launched,PDGFR tyrosine kinase receptor inhibitor|VEGFR inhibitor,renal cell carcinoma (RCC),False,386.5,4.64,70.7,2.0,4.0,5.0,0.0,C22H18N4OS,10.0,True,
CHEMBL1314751,PROCHLORPERAZINE MALEATE,4.0,1956.0,CN1CCN(CCCN2c3ccccc3Sc3ccc(Cl)cc32)CC1.O=C(O)/C=C\C(=O)O.O=C(O)/C=C\C(=O)O,DSKIOWHQLUWFLG-SPIKMXEPSA-N,,,,,False,374.0,4.58,9.7,0.0,4.0,4.0,0.0,C20H24ClN3S,8.0,True,
CHEMBL1315867,TERBUTALINE SULFATE,4.0,1974.0,CC(C)(C)NCC(O)c1cc(O)cc(O)c1.CC(C)(C)NCC(O)c1cc(O)cc(O)c1.O=S(=O)(O)O,KFVSLSTULZVNPG-UHFFFAOYSA-N,,,,,False,225.3,1.52,72.7,4.0,4.0,3.0,0.0,C12H19NO3,14.0,True,
CHEMBL1318287,PENTOLINIUM TARTRATE,4.0,1982.0,C[N+]1(CCCCC[N+]2(C)CCCC2)CCCC1.O=C([O-])[C@H](O)[C@@H](O)C(=O)O.O=C([O-])[C@H](O)[C@@H](O)C(=O)O,HSMKTIKKPMTUQH-WBPXWQEISA-L,,,,,False,240.4,2.64,0.0,0.0,0.0,6.0,2.0,C15H32N2+2,12.0,True,
CHEMBL1319139,BROMHEXINE HYDROCHLORIDE,4.0,,CN(Cc1cc(Br)cc(Br)c1N)C1CCCCC1.Cl,UCDKONUHZNTQPY-UHFFFAOYSA-N,,,,,False,376.1,4.56,29.3,1.0,2.0,3.0,0.0,C14H20Br2N2,8.0,True,
CHEMBL1319362,HOMATROPINE HYDROBROMIDE,4.0,,Br.CN1[C@@H]2CC[C@H]1C[C@@H](OC(=O)C(O)c1ccccc1)C2,DWSGTFTVBLXELC-RDYJJYPNSA-N,,,,,False,275.3,1.89,49.8,1.0,4.0,3.0,0.0,C16H21NO3,10.0,True,
CHEMBL1322884,PHENOTHRIN,4.0,,CC(C)=CC1C(C(=O)OCc2cccc(Oc3ccccc3)c2)C1(C)C,SBNFWQZLDJGRLK-UHFFFAOYSA-N,P03AC03;P03AC53,Launched,,lice,False,350.5,5.76,35.5,0.0,3.0,6.0,0.0,C23H26O3,14.0,True,
CHEMBL1329455,MOLSIDOMINE,4.0,,CCOC(=O)[N-]c1c[n+](N2CCOCC2)no1,XLFWDASMENKTKL-UHFFFAOYSA-N,C01DX12,Launched,guanylate cyclase stimulant,coronary artery disease (CAD),False,242.2,0.09,82.8,0.0,6.0,3.0,0.0,C9H14N4O4,10.0,True,
CHEMBL1330792,ACETARSONE,4.0,,CC(=O)Nc1cc([As](=O)(O)O)ccc1O,ODFJOVXVLFUVNQ-UHFFFAOYSA-N,P01CD02;A07AX02;G01AB01,,,,False,275.1,-1.09,106.9,4.0,3.0,2.0,0.0,C8H10AsNO5,,False,"F5_pdbqt_fail:atom number 7 has None type, mol name: N"
CHEMBL1334033,PERHEXILINE MALEATE,4.0,1974.0,C1CCC(C(CC2CCCCN2)C2CCCCC2)CC1.O=C(O)/C=C\C(=O)O,JDZOTSLZMQDFLG-BTJKTKAUSA-N,,,,,False,277.5,5.3,12.0,1.0,1.0,4.0,0.0,C19H35N,8.0,True,
CHEMBL1334078,SODIUM HYPOCHLORITE,4.0,,[Na+].[O-]Cl,SUKJFIGYRHOWBL-UHFFFAOYSA-N,D08AX07,,,,False,,,,,,,,,,False,F2_mw_51
CHEMBL1354199,METHSCOPOLAMINE BROMIDE,4.0,1953.0,C[N+]1(C)[C@@H]2C[C@@H](OC(=O)[C@H](CO)c3ccccc3)C[C@H]1[C@@H]1O[C@@H]12.[Br-],CXYRUNPLKGGUJF-RAFJPFSSSA-M,,,,,False,318.4,1.06,59.1,1.0,4.0,4.0,1.0,C18H24NO4+,12.0,True,
CHEMBL1356238,PYRITHIONE,4.0,1986.0,[O-][n+]1ccccc1S,FGVVTMRZYROCTH-UHFFFAOYSA-N,,,,,False,127.2,0.61,26.9,1.0,2.0,0.0,0.0,C5H5NOS,2.0,True,
CHEMBL1357648,AMODIAQUINE HYDROCHLORIDE,4.0,1982.0,CCN(CC)Cc1cc(Nc2ccnc3cc(Cl)ccc23)ccc1O.Cl.Cl.O.O,YVNAYSHNIILOJS-UHFFFAOYSA-N,,,,,False,355.9,5.18,48.4,2.0,4.0,6.0,0.0,C20H22ClN3O,14.0,True,
CHEMBL1364144,METHYLPREDNISOLONE ACETATE,4.0,1959.0,CC(=O)OCC(=O)[C@@]1(O)CC[C@H]2[C@@H]3C[C@H](C)C4=CC(=O)C=C[C@]4(C)[C@H]3[C@@H](O)C[C@@]21C,PLBHSZGDDKCEHR-LFYFAGGJSA-N,,,,,False,416.5,2.37,100.9,2.0,6.0,3.0,0.0,C24H32O6,12.0,True,
CHEMBL1364551,MINAPRINE HYDROCHLORIDE,4.0,,Cc1cc(-c2ccccc2)nnc1NCCN1CCOCC1.Cl.Cl,GNUCGROXDZMCJI-UHFFFAOYSA-N,,,,,False,298.4,2.2,50.3,1.0,5.0,5.0,0.0,C17H22N4O,10.0,True,
CHEMBL1367605,RITODRINE HYDROCHLORIDE,4.0,1982.0,CC(NCCc1ccc(O)cc1)C(O)c1ccc(O)cc1.Cl,IDLSITKDRVDKRV-UHFFFAOYSA-N,,,,,False,287.4,2.35,72.7,4.0,4.0,6.0,0.0,C17H21NO3,18.0,True,
CHEMBL1372950,NICERGOLINE,4.0,,CO[C@]12C[C@@H](COC(=O)c3cncc(Br)c3)CN(C)[C@@H]1Cc1cn(C)c3cccc2c13,YSEXMKHXIOCEJA-FVFQAYNVSA-N,C04AE02,Launched,adrenergic receptor antagonist,Raynaud's disease|migraine headache|atherosclerosis|thrombosis,False,484.4,3.91,56.6,0.0,5.0,4.0,0.0,C24H26BrN3O3,10.0,True,
CHEMBL1374379,BENZONATATE,4.0,1958.0,CCCCNc1ccc(C(=O)OCCOCCOCCOCCOCCOCCOCCOCCOCCOC)cc1,MAFMQEKGGFWBAB-UHFFFAOYSA-N,R05DB01,Launched,local anesthetic,cough suppressant,False,603.8,2.83,121.4,1.0,12.0,32.0,0.0,C30H53NO11,,False,F3_druglikeness
CHEMBL1375743,ZIPRASIDONE HYDROCHLORIDE,4.0,2001.0,Cl.O.O=C1Cc2cc(CCN3CCN(c4nsc5ccccc45)CC3)c(Cl)cc2N1,ZCBZSCBNOOIHFP-UHFFFAOYSA-N,,,,,False,412.9,3.81,48.5,1.0,5.0,4.0,0.0,C21H21ClN4OS,8.0,True,
CHEMBL1382627,"SULFADIAZINE, SILVER",4.0,1973.0,Nc1ccc(S(=O)(=O)[N-]c2ncccn2)cc1.[Ag+],UEJSSZHHYBHCEL-UHFFFAOYSA-N,D06BA51;D06BA01,,,,False,249.3,1.45,100.0,1.0,5.0,3.0,-1.0,C10H9N4O2S-,8.0,True,
CHEMBL1398126,AMILORIDE HYDROCHLORIDE,4.0,1981.0,Cl.N=C(N)NC(=O)c1nc(Cl)c(N)nc1N.O.O,LTKVFMLMEYCWMK-UHFFFAOYSA-N,,,,,False,229.6,-1.08,156.8,5.0,6.0,1.0,0.0,C6H8ClN7O,6.0,True,
CHEMBL1402684,OXYPHENISATIN ACETATE,4.0,,CC(=O)Oc1ccc(C2(c3ccc(OC(C)=O)cc3)C(=O)Nc3ccccc32)cc1,PHPUXYRXPHEJDF-UHFFFAOYSA-N,,,,,False,401.4,3.82,81.7,1.0,5.0,4.0,0.0,C24H19NO5,12.0,True,
CHEMBL1407915,NEFOPAM HYDROCHLORIDE,4.0,,CN1CCOC(c2ccccc2)c2ccccc2C1.Cl,CNNVSINJDJNHQK-UHFFFAOYSA-N,,,,,False,253.3,3.24,12.5,0.0,2.0,1.0,0.0,C17H19NO,14.0,True,
CHEMBL1410743,PARALDEHYDE,4.0,,CC1OC(C)OC(C)O1,SQYNKIJPMDEDEG-UHFFFAOYSA-N,N05CC05,,,,False,132.2,1.09,27.7,0.0,3.0,0.0,0.0,C6H12O3,0.0,True,
CHEMBL1411979,METHAPYRILENE,4.0,,CN(C)CCN(Cc1cccs1)c1ccccn1,HNJJXZKZRAWDPF-UHFFFAOYSA-N,R06AC05,Withdrawn,histamine receptor antagonist,,False,261.4,2.71,19.4,0.0,4.0,6.0,0.0,C14H19N3S,12.0,True,
CHEMBL1414320,SUXIBUZONE,4.0,,CCCCC1(COC(=O)CCC(=O)O)C(=O)N(c2ccccc2)N(c2ccccc2)C1=O,ONWXNHPOAGOMTG-UHFFFAOYSA-N,M02AA22,Launched,cyclooxygenase inhibitor,joint pain|muscle pain,False,438.5,3.57,104.2,1.0,5.0,10.0,0.0,C24H26N2O6,24.0,True,
CHEMBL1417019,MITOXANTRONE HYDROCHLORIDE,4.0,1987.0,Cl.Cl.O=C1c2c(O)ccc(O)c2C(=O)c2c(NCCNCCO)ccc(NCCNCCO)c21,ZAHQPTJLOCWVPG-UHFFFAOYSA-N,,,,,False,444.5,-0.14,163.2,8.0,10.0,12.0,0.0,C22H28N4O6,32.0,True,
CHEMBL1418176,METHANDROSTENOLONE,4.0,,C[C@]12C=CC(=O)C=C1CC[C@@H]1[C@@H]2CC[C@@]2(C)[C@H]1CC[C@]2(C)O,XWALNWXLMVGSFR-HLXURNFRSA-N,D11AE01;A14AA03,,,,False,300.4,4.05,37.3,1.0,2.0,0.0,0.0,C20H28O2,2.0,True,
CHEMBL1434513,NOREPINEPHRINE BITARTRATE,4.0,1950.0,NC[C@H](O)c1ccc(O)c(O)c1.O.O=C(O)C(O)C(O)C(=O)O,LNBCGLZYLJMGKP-JZGIKJSDSA-N,,,,,False,169.2,0.09,86.7,4.0,4.0,2.0,0.0,C8H11NO3,12.0,True,
CHEMBL1441059,ALBUTEROL SULFATE,4.0,1982.0,CC(C)(C)NCC(O)c1ccc(O)c(CO)c1.CC(C)(C)NCC(O)c1ccc(O)c(CO)c1.O=S(=O)(O)O,BNPSSFBOAGDEEL-UHFFFAOYSA-N,,,,,False,239.3,1.31,72.7,4.0,4.0,4.0,0.0,C13H21NO3,16.0,True,
CHEMBL1442422,DIBENZEPIN,4.0,,CN(C)CCN1C(=O)c2ccccc2N(C)c2ccccc21,QPGGEKPRGVJKQB-UHFFFAOYSA-N,N06AA08,,,,False,295.4,2.98,26.8,0.0,3.0,3.0,0.0,C18H21N3O,6.0,True,
CHEMBL1446650,MEBEVERINE HYDROCHLORIDE,4.0,,CCN(CCCCOC(=O)c1ccc(OC)c(OC)c1)C(C)Cc1ccc(OC)cc1.Cl,PLGQWYOULXPJRE-UHFFFAOYSA-N,,,,,False,429.6,4.6,57.2,0.0,6.0,13.0,0.0,C25H35NO5,28.0,True,
CHEMBL1446813,BETAHISTINE HYDROCHLORIDE,4.0,,CNCCc1ccccn1.Cl.Cl,XVDFMHARQUBJRE-UHFFFAOYSA-N,,,,,False,136.2,0.84,24.9,1.0,2.0,3.0,0.0,C8H12N2,6.0,True,
CHEMBL1447476,BITHIONOLATE SODIUM,4.0,,[Na+].[Na+].[O-]c1c(Cl)cc(Cl)cc1Sc1cc(Cl)cc(Cl)c1[O-],FNYZFZRGBBCWBI-UHFFFAOYSA-L,,,,,False,354.0,4.6,46.1,0.0,3.0,2.0,-2.0,C12H4Cl4O2S-2,4.0,True,
CHEMBL1448187,FLUPHENAZINE HYDROCHLORIDE,4.0,1959.0,Cl.Cl.OCCN1CCN(CCCN2c3ccccc3Sc3ccc(C(F)(F)F)cc32)CC1,MBHNWCYEGXQEIT-UHFFFAOYSA-N,,,,,False,437.5,4.31,30.0,1.0,5.0,6.0,0.0,C22H26F3N3OS,16.0,True,
CHEMBL1449676,ORNIDAZOLE,4.0,,Cc1ncc([N+](=O)[O-])n1CC(O)CCl,IPWKIXLWTCNBKN-UHFFFAOYSA-N,G01AF06;P01AB03;J01XD03,Launched,antiprotozoal agent,protozoan infection,False,219.6,0.7,81.2,1.0,4.0,4.0,0.0,C7H10ClN3O3,10.0,True,
CHEMBL1452696,FEPRAZONE,4.0,,CC(C)=CCC1C(=O)N(c2ccccc2)N(c2ccccc2)C1=O,RBBWCVQDXDFISW-UHFFFAOYSA-N,M02AA16;M01AX18;M01AX68,,,,False,320.4,3.95,40.6,0.0,2.0,4.0,0.0,C20H20N2O2,8.0,True,
CHEMBL1454910,NITROXOLINE,4.0,,O=[N+]([O-])c1ccc(O)c2ncccc12,RJIWZDNTCBHXAL-UHFFFAOYSA-N,J01XX07,Launched,cathepsin inhibitor,urinary tract infections,False,190.2,1.85,76.3,1.0,4.0,1.0,0.0,C9H6N2O3,4.0,True,
CHEMBL1463345,CANRENONE,4.0,,C[C@]12CCC(=O)C=C1C=C[C@@H]1[C@@H]2CC[C@@]2(C)[C@H]1CC[C@@]21CCC(=O)O1,UJVLDDZCTMKXJK-WNHSNXHDSA-N,C03DA03,Withdrawn,mineralocorticoid receptor antagonist,,False,340.5,4.37,43.4,0.0,3.0,0.0,0.0,C22H28O3,0.0,True,
CHEMBL1472989,BISOPROLOL FUMARATE,4.0,1992.0,CC(C)NCC(O)COc1ccc(COCCOC(C)C)cc1.CC(C)NCC(O)COc1ccc(COCCOC(C)C)cc1.O=C(O)/C=C/C(=O)O,VMDFASMUILANOL-WXXKFALUSA-N,,,,,False,325.4,2.37,60.0,2.0,5.0,12.0,0.0,C18H31NO4,26.0,True,
CHEMBL1474889,CLOBUTINOL,4.0,1961.0,CC(CN(C)C)C(C)(O)Cc1ccc(Cl)cc1,KVHHQGIIZCJATJ-UHFFFAOYSA-N,R05DB03,Withdrawn,antitussive,,False,255.8,2.83,23.5,1.0,2.0,5.0,0.0,C14H22ClNO,12.0,True,
CHEMBL1474963,BENZARONE,4.0,,CCc1oc2ccccc2c1C(=O)c1ccc(O)cc1,RFRXIWQYSOIBDI-UHFFFAOYSA-N,,,,,False,266.3,3.93,50.4,1.0,3.0,3.0,0.0,C17H14O3,8.0,True,
CHEMBL1476022,NOMEGESTROL ACETATE,4.0,,CC(=O)O[C@]1(C(C)=O)CC[C@H]2[C@@H]3C=C(C)C4=CC(=O)CC[C@@H]4[C@H]3CC[C@@]21C,IIVBFTNIGYRNQY-YQLZSBIMSA-N,,,,,False,370.5,4.19,60.4,0.0,4.0,2.0,0.0,C23H30O4,6.0,True,
CHEMBL1477036,DOCUSATE,4.0,,CCCCC(CC)COC(=O)CC(C(=O)OCC(CC)CCCC)S(=O)(=O)O,HNSDLXPSAYFUHK-UHFFFAOYSA-N,,Launched,laxative,constipation,False,422.6,4.15,107.0,1.0,6.0,16.0,0.0,C20H38O7S,38.0,True,
CHEMBL1477274,MEPTAZINOL HYDROCHLORIDE,4.0,,CCC1(c2cccc(O)c2)CCCCN(C)C1.Cl,MPJUSISYVXABBH-UHFFFAOYSA-N,,,,,False,233.4,3.16,23.5,1.0,2.0,2.0,0.0,C15H23NO,18.0,True,
CHEMBL1480987,CYCLANDELATE,4.0,,CC1CC(OC(=O)C(O)c2ccccc2)CC(C)(C)C1,WZHCOOQXZCIUNC-UHFFFAOYSA-N,C04AX01,Launched,calcium channel blocker,claudication|arteriosclerosis|Raynaud's disease,False,276.4,3.48,46.5,1.0,3.0,3.0,0.0,C17H24O3,10.0,True,
CHEMBL1492500,DOTHIEPIN,4.0,,CN(C)CC/C=C1\c2ccccc2CSc2ccccc21,PHTUQLWOUWZIMZ-GZTJUZNOSA-N,N06AA16,,,,False,295.5,4.68,3.2,0.0,2.0,3.0,0.0,C19H21NS,6.0,True,
CHEMBL1500276,OXELADIN,4.0,,CCN(CC)CCOCCOC(=O)C(CC)(CC)c1ccccc1,IQADUMSPOQKAAO-UHFFFAOYSA-N,R05DB09,,,,False,335.5,3.65,38.8,0.0,4.0,12.0,0.0,C20H33NO3,26.0,True,
CHEMBL1511957,PIPERIDOLATE HYDROCHLORIDE,4.0,,CCN1CCCC(OC(=O)C(c2ccccc2)c2ccccc2)C1.Cl,RBGWCEWDAHDPEH-UHFFFAOYSA-N,,,,,False,323.4,3.85,29.5,0.0,3.0,5.0,0.0,C21H25NO2,12.0,True,
CHEMBL1514715,ETHAMSYLATE,4.0,,CCNCC.O=S(=O)(O)c1cc(O)ccc1O,HBGOLJKPSFNJSD-UHFFFAOYSA-N,B02BX01,,,,False,190.2,0.34,94.8,3.0,4.0,1.0,0.0,C6H6O5S,8.0,True,
CHEMBL1515611,BROMISOVALUM,4.0,,CC(C)C(Br)C(=O)NC(N)=O,CMCCHHWTTBEZNM-UHFFFAOYSA-N,N05CM03,,,,False,223.1,0.6,72.2,2.0,2.0,2.0,0.0,C6H11BrN2O2,4.0,True,
CHEMBL1516474,TEGASEROD MALEATE,4.0,2002.0,CCCCCNC(=N)N/N=C/c1c[nH]c2ccc(OC)cc12.O=C(O)/C=C\C(=O)O,CPDDZSSEAVLMRY-FEQFWAPWSA-N,,,,,False,301.4,2.81,85.3,4.0,3.0,7.0,0.0,C16H23N5O,14.0,True,
CHEMBL1523964,EPHEDRINE SULFATE,4.0,2016.0,CN[C@@H](C)[C@H](O)c1ccccc1.CN[C@@H](C)[C@H](O)c1ccccc1.O=S(=O)(O)O,CAVQBDOACNULDN-KHFUBBAMSA-N,,,,,False,165.2,1.33,32.3,2.0,2.0,3.0,0.0,C10H15NO,8.0,True,
CHEMBL1524273,PHTHALYLSULFATHIAZOLE,4.0,,O=C(O)c1ccccc1C(=O)Nc1ccc(S(=O)(=O)Nc2nccs2)cc1,PBMSWVPMRUJMPE-UHFFFAOYSA-N,A07AB02,Launched,dihydropteroate synthetase inhibitor,dysentry|colitis,False,403.4,2.89,125.5,3.0,6.0,6.0,0.0,C17H13N3O5S2,14.0,True,
CHEMBL1525826,SULFALENE,4.0,,COc1nccnc1NS(=O)(=O)c1ccc(N)cc1,KXRZBTAEDBELFD-UHFFFAOYSA-N,J01ED02,,,,False,280.3,0.87,107.2,2.0,6.0,4.0,0.0,C11H12N4O3S,10.0,True,
CHEMBL1528134,BENZYDAMINE HYDROCHLORIDE,4.0,,CN(C)CCCOc1nn(Cc2ccccc2)c2ccccc12.Cl,HNNIWKQLJSNAEQ-UHFFFAOYSA-N,,,,,False,309.4,3.42,30.3,0.0,3.0,7.0,0.0,C19H23N3O,14.0,True,
CHEMBL1528839,PHENFORMIN HYDROCHLORIDE,4.0,,Cl.N=C(N)NC(=N)NCCc1ccccc1,YSUCWSWKRIOILX-UHFFFAOYSA-N,,,,,False,205.3,0.24,97.8,5.0,2.0,3.0,0.0,C10H15N5,6.0,True,
CHEMBL1530428,DEXAMETHASONE ACETATE,4.0,1973.0,CC(=O)OCC(=O)[C@@]1(O)[C@H](C)C[C@H]2[C@@H]3CCC4=CC(=O)C=C[C@]4(C)[C@@]3(F)[C@@H](O)C[C@@]21C,AKUJBENLRBOFTD-RPRRAYFGSA-N,,,,,False,434.5,2.47,100.9,2.0,6.0,3.0,0.0,C24H31FO6,12.0,True,
CHEMBL1531864,PIRENZEPINE HYDROCHLORIDE,4.0,,CN1CCN(CC(=O)N2c3ccccc3C(=O)Nc3cccnc32)CC1.Cl.Cl,FFNMBRCFFADNAO-UHFFFAOYSA-N,,,,,False,351.4,1.56,68.8,1.0,5.0,2.0,0.0,C19H21N5O2,6.0,True,
CHEMBL1533310,HISTAMINE DIHYDROCHLORIDE,4.0,2008.0,Cl.Cl.NCCc1c[nH]cn1,PPZMYIBUHIPZOS-UHFFFAOYSA-N,L03AX14,,,,False,111.1,-0.09,54.7,2.0,2.0,2.0,0.0,C5H9N3,6.0,True,
CHEMBL1534525,MIBEFRADIL DIHYDROCHLORIDE,4.0,1997.0,COCC(=O)O[C@]1(CCN(C)CCCc2nc3ccccc3[nH]2)CCc2cc(F)ccc2[C@@H]1C(C)C.Cl.Cl,MTJLQTFHJIHXIX-GDUXWEAWSA-N,,,,,False,495.6,5.27,67.5,1.0,5.0,11.0,0.0,C29H38FN3O3,24.0,True,
CHEMBL1560089,XANTHINOL NIACINATE,4.0,,CN(CCO)CC(O)Cn1cnc2c1c(=O)n(C)c(=O)n2C.O=C(O)c1cccnc1,GEPMAHVDJHFBJI-UHFFFAOYSA-N,C04AD02,,,,False,311.3,-2.28,105.5,2.0,6.0,6.0,0.0,C13H21N5O4,16.0,True,
CHEMBL1562610,MECLOFENAMATE SODIUM,4.0,1980.0,Cc1ccc(Cl)c(Nc2ccccc2C(=O)[O-])c1Cl.O.[Na+],QHJLLDJTVQAFAN-UHFFFAOYSA-M,,,,,False,295.1,3.41,52.2,1.0,3.0,3.0,-1.0,C14H10Cl2NO2-,6.0,True,
CHEMBL1567328,OMEPRAZOLE MAGNESIUM,4.0,2003.0,COc1ccc2[n-]c([S+]([O-])Cc3ncc(C)c(OC)c3C)nc2c1.COc1ccc2[n-]c([S+]([O-])Cc3ncc(C)c(OC)c3C)nc2c1.[Mg+2],KWORUUGOSLYAGD-UHFFFAOYSA-N,,,,,False,344.4,2.53,81.4,0.0,5.0,5.0,-1.0,C17H18N3O3S-,10.0,True,
CHEMBL1568057,METAPROTERENOL SULFATE,4.0,1973.0,CC(C)NCC(O)c1cc(O)cc(O)c1.CC(C)NCC(O)c1cc(O)cc(O)c1.O=S(=O)(O)O,MKFFGUZYVNDHIH-UHFFFAOYSA-N,,,,,False,211.3,1.13,72.7,4.0,4.0,4.0,0.0,C11H17NO3,14.0,True,
CHEMBL1568276,NAFCILLIN SODIUM,4.0,1965.0,CCOc1ccc2ccccc2c1C(=O)N[C@@H]1C(=O)N2[C@@H]1SC(C)(C)[C@@H]2C(=O)[O-].O.[Na+],OCXSDHJRMYFTMA-KMFBOIRUSA-M,,,,,False,413.5,1.15,98.8,1.0,6.0,5.0,-1.0,C21H21N2O5S-,10.0,True,
CHEMBL1568698,GANAXOLONE,4.0,2022.0,CC(=O)[C@H]1CC[C@H]2[C@@H]3CC[C@H]4C[C@](C)(O)CC[C@]4(C)[C@H]3CC[C@]12C,PGTVWKLGGCQMBR-FLBATMFCSA-N,N03AX27,Phase 3,GABA receptor modulator,,False,332.5,4.99,37.3,1.0,2.0,1.0,0.0,C22H36O2,4.0,True,
CHEMBL1571863,ISOCONAZOLE,4.0,,Clc1ccc(C(Cn2ccnc2)OCc2c(Cl)cccc2Cl)c(Cl)c1,MPIPASJGOJYODL-UHFFFAOYSA-N,D01AC05;G01AF07,Launched,fungal lanosterol demethylase inhibitor,gram-positive bacterial infections,False,416.1,6.45,27.1,0.0,2.0,6.0,0.0,C18H14Cl4N2O,12.0,True,
CHEMBL1593558,DEBRISOQUIN SULFATE,4.0,,N=C(N)N1CCc2ccccc2C1.N=C(N)N1CCc2ccccc2C1.O=S(=O)(O)O,CAYGYVYWRIHZCQ-UHFFFAOYSA-N,,,,,False,175.2,0.94,53.1,2.0,1.0,0.0,0.0,C10H13N3,2.0,True,
CHEMBL1593719,PHENICARBAZIDE,4.0,,NC(=O)NNc1ccccc1,AVKHCKXGKPAGEI-UHFFFAOYSA-N,,,,,False,151.2,0.68,67.2,3.0,2.0,2.0,0.0,C7H9N3O,4.0,True,
CHEMBL1593906,LEVOPROPOXYPHENE NAPSYLATE,4.0,1962.0,CCC(=O)O[C@@](Cc1ccccc1)(c1ccccc1)[C@@H](C)CN(C)C.O=S(=O)(O)c1ccc2ccccc2c1,VZPXFHVJUUSVLH-VNJAQMQMSA-N,,,,,False,339.5,4.28,29.5,0.0,3.0,8.0,0.0,C22H29NO2,18.0,True,
CHEMBL1599768,PYRANTEL PAMOATE,4.0,,CN1CCCN=C1/C=C/c1cccs1.O=C(O)c1cc2ccccc2c(Cc2c(O)c(C(=O)O)cc3ccccc23)c1O,AQXXZDYPVDOQEE-MXDQRGINSA-N,,,,,False,388.4,4.39,115.1,4.0,4.0,4.0,0.0,C23H16O6,16.0,True,
CHEMBL1601669,ALFACALCIDOL,4.0,,C=C1/C(=C\C=C2/CCC[C@]3(C)[C@@H]([C@H](C)CCCC(C)C)CC[C@@H]23)C[C@@H](O)C[C@@H]1O,OFHCOWSQAMBJIW-AVJTYSNKSA-N,A11CC03,Launched,vitamin D receptor agonist,vitamin D deficiency,False,400.6,6.59,40.5,2.0,2.0,6.0,0.0,C27H44O2,16.0,True,
CHEMBL1607273,CETIRIZINE HYDROCHLORIDE,4.0,1995.0,Cl.Cl.O=C(O)COCCN1CCN(C(c2ccccc2)c2ccc(Cl)cc2)CC1,PGLIUCLTXOYQMV-UHFFFAOYSA-N,,,,,False,388.9,3.15,53.0,1.0,4.0,8.0,0.0,C21H25ClN2O3,18.0,True,
CHEMBL1607480,OXYTETRACYCLINE HYDROCHLORIDE,4.0,1964.0,CN(C)[C@@H]1C(O)=C(C(N)=O)C(=O)[C@@]2(O)C(O)=C3C(=O)c4c(O)cccc4[C@@](C)(O)[C@H]3[C@H](O)[C@@H]12.Cl,UBDNTYUBJLXUNN-IFLJXUKPSA-N,,,,,False,460.4,-1.24,201.8,7.0,10.0,2.0,0.0,C22H24N2O9,16.0,True,
CHEMBL1614701,SELUMETINIB,4.0,2020.0,Cn1cnc2c(F)c(Nc3ccc(Br)cc3Cl)c(C(=O)NOCCO)cc21,CYOHGALHFOKKQC-UHFFFAOYSA-N,L01EE04,Phase 3,MEK inhibitor,,False,457.7,3.53,88.4,3.0,5.0,6.0,0.0,C17H15BrClFN4O3,14.0,True,
CHEMBL1615350,CLOMACRAN,4.0,,CN(C)CCCC1c2ccccc2Nc2ccc(Cl)cc21,JFRLWWDJCFYFSU-UHFFFAOYSA-N,,,,,False,300.8,4.87,15.3,1.0,2.0,4.0,0.0,C18H21ClN2,8.0,True,
CHEMBL1615369,DABIGATRAN ETEXILATE MESYLATE,4.0,2008.0,CCCCCCOC(=O)NC(=N)c1ccc(NCc2nc3cc(C(=O)N(CCC(=O)OCC)c4ccccn4)ccc3n2C)cc1.CS(=O)(=O)O,XETBXHPXHHOLOE-UHFFFAOYSA-N,,,,,False,627.7,5.81,151.5,3.0,9.0,15.0,0.0,C34H41N7O5,36.0,True,
CHEMBL1615371,LEVOMEFOLATE CALCIUM,4.0,2010.0,CN1c2c([nH]c(N)nc2=O)NC[C@@H]1CNc1ccc(C(=O)N[C@@H](CCC(=O)[O-])C(=O)[O-])cc1.[Ca+2],VWBBRFHSPXRJQD-QNTKWALQSA-L,,,,,False,457.4,-2.93,208.4,5.0,11.0,9.0,-2.0,C20H23N7O6-2,18.0,True,
CHEMBL1615372,LURASIDONE HYDROCHLORIDE,4.0,2010.0,Cl.O=C1[C@@H]2[C@H]3CC[C@H](C3)[C@@H]2C(=O)N1C[C@@H]1CCCC[C@H]1CN1CCN(c2nsc3ccccc23)CC1,NEKCRUIRPWNMLK-SCIYSFAVSA-N,,,,,False,492.7,4.26,56.8,0.0,6.0,5.0,0.0,C28H36N4O2S,10.0,True,
CHEMBL1615374,VILAZODONE HYDROCHLORIDE,4.0,2011.0,Cl.N#Cc1ccc2[nH]cc(CCCCN3CCN(c4ccc5oc(C(N)=O)cc5c4)CC3)c2c1,RPZBRGFNBNQSOP-UHFFFAOYSA-N,,,,,False,441.5,4.03,102.3,2.0,5.0,7.0,0.0,C26H27N5O2,14.0,True,
CHEMBL1615438,LEVOCABASTINE,4.0,1993.0,C[C@@H]1CN([C@H]2CC[C@](C#N)(c3ccc(F)cc3)CC2)CC[C@]1(C(=O)O)c1ccccc1,ZCGOMHNNNFPNMX-KYTRFIICSA-N,R01AC02;S01GX02,Launched,histamine receptor antagonist,conjunctivitis,False,420.5,4.89,64.3,1.0,3.0,4.0,0.0,C26H29FN2O2,10.0,True,
CHEMBL1615439,PHENDIMETRAZINE,4.0,1976.0,C[C@H]1[C@H](c2ccccc2)OCCN1C,MFOCDFTXLCYLKU-CMPLNLGQSA-N,,,,,False,191.3,2.08,12.5,0.0,2.0,1.0,0.0,C12H17NO,2.0,True,
CHEMBL1615487,IODOXAMIC ACID,4.0,1982.0,O=C(CCOCCOCCOCCOCCC(=O)Nc1c(I)cc(I)c(C(=O)O)c1I)Nc1c(I)cc(I)c(C(=O)O)c1I,WWVAPFRKZMUPHZ-UHFFFAOYSA-N,V08AC01,,,,False,,,,,,,,,,False,F2_mw_1288
CHEMBL1615779,IOBENGUANE I 131,4.0,2018.0,N=C(N)NCc1cccc([131I])c1,PDWUPXJEEYOOTR-JRGAVVOBSA-N,V09IX02;V10XA02,,,,False,279.1,1.27,61.9,3.0,1.0,2.0,0.0,C8H10IN3,4.0,True,
CHEMBL1616046,HYPOCHLOROUS ACID,4.0,,OCl,QWPPOHNGKGFGJK-UHFFFAOYSA-N,,,,,False,,,,,,,,,,False,F2_mw_52
CHEMBL1618018,HOMATROPINE,4.0,,CN1[C@@H]2CC[C@H]1C[C@@H](OC(=O)C(O)c1ccccc1)C2,ZTVIKZXZYLEVOL-MCOXGKPRSA-N,S01FA05,Launched,acetylcholine receptor antagonist,uveal tract inflammation|pupil dilation,False,275.3,1.89,49.8,1.0,4.0,3.0,0.0,C16H21NO3,10.0,True,
CHEMBL1621597,IPRATROPIUM,4.0,1986.0,CC(C)[N+]1(C)[C@@H]2CC[C@H]1C[C@@H](OC(=O)C(CO)c1ccccc1)C2,OEXHQOGQTVQTAT-BHIXFJMTSA-N,,Launched,acetylcholine receptor antagonist,bronchospasm|chronic obstructive pulmonary disease (COPD)|bronchitis|emphysema,False,332.5,2.85,46.5,1.0,3.0,5.0,1.0,C20H30NO3+,14.0,True,
CHEMBL1623992,PIPERIDOLATE,4.0,,CCN1CCCC(OC(=O)C(c2ccccc2)c2ccccc2)C1,KTHVBAZBLKXIHZ-UHFFFAOYSA-N,A03AA30,Launched,acetylcholine receptor antagonist,spasms,False,323.4,3.85,29.5,0.0,3.0,5.0,0.0,C21H25NO2,12.0,True,
CHEMBL1624126,XANTHINOL,4.0,,CN(CCO)CC(O)Cn1cnc2c1c(=O)n(C)c(=O)n2C,DSFGXPJYDCSWTA-UHFFFAOYSA-N,,,,,False,311.3,-2.28,105.5,2.0,6.0,6.0,0.0,C13H21N5O4,16.0,True,
CHEMBL1626223,PYRANTEL,4.0,,CN1CCCN=C1/C=C/c1cccs1,YSAUAVHXTIETRK-AATRIKPKSA-N,P02CC01,Launched,acetylcholine receptor agonist|nicotinic receptor agonist,gastrointestinal roundworms,False,206.3,2.5,15.6,0.0,3.0,2.0,0.0,C11H14N2S,4.0,True,
CHEMBL1626570,HEXOCYCLIUM METHYLSULFATE,4.0,1982.0,COS(=O)(=O)[O-].C[N+]1(C)CCN(CC(O)(c2ccccc2)C2CCCCC2)CC1,NSILVESQCSUIAJ-UHFFFAOYSA-M,,,,,False,317.5,2.85,23.5,1.0,2.0,4.0,1.0,C20H33N2O+,10.0,True,
CHEMBL1627367,FLUOROESTRADIOL,4.0,2020.0,C[C@]12CC[C@@H]3c4ccc(O)cc4CC[C@H]3[C@@H]1C[C@@H](F)[C@@H]2O,KDLLNMRYZGUVMA-ZXXIGWHRSA-N,,,,,False,290.4,3.56,40.5,2.0,2.0,0.0,0.0,C18H23FO2,4.0,True,
CHEMBL1628227,DOXEPIN,4.0,1969.0,CN(C)CCC=C1c2ccccc2COc2ccccc21,ODQWQRRAPPTVAG-UHFFFAOYSA-N,D04AX01;N06AA12,Launched,histamine receptor antagonist,depression|anxiety,False,279.4,3.96,12.5,0.0,2.0,3.0,0.0,C19H21NO,6.0,True,
CHEMBL1628233,FLUORESCEIN SODIUM,4.0,1976.0,O=C([O-])c1ccccc1-c1c2ccc(=O)cc-2oc2cc([O-])ccc12.[Na+].[Na+],NJDNXYGOVLYJHP-UHFFFAOYSA-L,,,,,False,330.3,2.0,93.4,0.0,5.0,2.0,-2.0,C20H10O5-2,4.0,True,
CHEMBL1628234,DOXEPIN HYDROCHLORIDE,4.0,1969.0,CN(C)CCC=C1c2ccccc2COc2ccccc21.Cl,MHNSPTUQQIYJOT-UHFFFAOYSA-N,,,,,False,279.4,3.96,12.5,0.0,2.0,3.0,0.0,C19H21NO,6.0,True,
CHEMBL1628385,PROCAINE BENZYLPENICILLIN,4.0,1948.0,CC1(C)S[C@@H]2[C@H](NC(=O)Cc3ccccc3)C(=O)N2[C@H]1C(=O)O.CCN(CC)CCOC(=O)c1ccc(N)cc1,WHRVRSCEWKLAHX-LQDWTQKMSA-N,J01CE09,,,,False,334.4,0.86,86.7,2.0,4.0,4.0,0.0,C16H18N2O4S,10.0,True,
CHEMBL1628502,GABAPENTIN ENACARBIL,4.0,2011.0,CC(OC(=O)NCC1(CC(=O)O)CCCCC1)OC(=O)C(C)C,TZDUHAJSIBHXDL-UHFFFAOYSA-N,,,,,True,329.4,2.68,101.9,2.0,5.0,7.0,0.0,C16H27NO6,20.0,True,
CHEMBL1628504,RILPIVIRINE HYDROCHLORIDE,4.0,2011.0,Cc1cc(/C=C/C#N)cc(C)c1Nc1ccnc(Nc2ccc(C#N)cc2)n1.Cl,KZVVGZKAVZUACK-BJILWQEISA-N,,,,,False,366.4,4.99,97.4,2.0,6.0,5.0,0.0,C22H18N6,10.0,True,
CHEMBL1630575,CASPOFUNGIN,4.0,2001.0,CC[C@H](C)C[C@H](C)CCCCCCCCC(=O)N[C@H]1C[C@@H](O)[C@@H](NCCN)NC(=O)[C@@H]2[C@@H](O)CCN2C(=O)[C@H]([C@H](O)CCN)NC(=O)[C@H]([C@H](O)[C@@H](O)c2ccc(O)cc2)NC(=O)[C@@H]2C[C@@H](O)CN2C(=O)[C@H]([C@@H](C)O)NC1=O,JYIKNQVWKBUSNH-WVDDFWQHSA-N,J02AX04,Launched,"bacterial cell wall synthesis inhibitor|fungal 1,3-beta-D-glucan synthase inhibitor",candidemia|esophageal candidiasis|aspergillosis|peritonitis|fungal infection,False,,,,,,,,,,False,F2_mw_1093
CHEMBL1631694,FEXINIDAZOLE,4.0,2021.0,CSc1ccc(OCc2ncc([N+](=O)[O-])n2C)cc1,MIWWSGDADVMLTG-UHFFFAOYSA-N,P01CA03,Phase 3,,,False,279.3,2.63,70.2,0.0,5.0,5.0,0.0,C12H13N3O3S,10.0,True,
CHEMBL1643895,RAMOSETRON,4.0,2015.0,Cn1cc(C(=O)[C@@H]2CCc3[nH]cnc3C2)c2ccccc21,NTHPAPBPFQJABD-LLVKDONJSA-N,,Launched,serotonin receptor antagonist,nausea|vomiting|irritable bowel syndrome,False,279.3,2.89,50.7,1.0,2.0,2.0,0.0,C17H17N3O,4.0,True,
CHEMBL1644029,POTASSIUM NITRATE,4.0,,O=[N+]([O-])[O-].[K+],FGIUAXJPYTZDNR-UHFFFAOYSA-N,,,,,False,,,,,,,,,,False,F2_mw_62
CHEMBL1644695,SODIUM IODIDE,4.0,1976.0,[I-].[Na+],FVAUCKIRQBBSSJ-UHFFFAOYSA-M,,,,,False,126.9,-3.0,0.0,0.0,0.0,0.0,-1.0,I-,0.0,True,
CHEMBL1650443,TRELAGLIPTIN,4.0,,Cn1c(=O)cc(N2CCC[C@@H](N)C2)n(Cc2cc(F)ccc2C#N)c1=O,IWYJYHUNXVAVAA-OAHLLOKOSA-N,,Launched,dipeptidyl peptidase inhibitor,diabetes mellitus,False,357.4,0.53,97.1,1.0,5.0,3.0,0.0,C18H20FN5O2,8.0,True,
CHEMBL1650559,PLAZOMICIN,4.0,2018.0,CN[C@@H]1[C@@H](O)[C@@H](O[C@@H]2[C@@H](O)[C@H](O[C@H]3OC(CNCCO)=CC[C@H]3N)[C@@H](N)C[C@H]2NC(=O)[C@@H](O)CCN)OC[C@]1(C)O,IYDYFVUFSPQPPV-PEXOCOHZSA-N,J01GB14,,,,False,592.7,-5.36,269.3,11.0,15.0,13.0,0.0,C25H48N6O10,,False,F3_druglikeness
CHEMBL1650818,AMDINOCILLIN PIVOXIL,4.0,2024.0,CC(C)(C)C(=O)OCOC(=O)[C@@H]1N2C(=O)[C@@H](/N=C/N3CCCCCC3)[C@H]2SC1(C)C,NPGNOVNWUSPMDP-UTEPHESZSA-N,J01CA08,,,,False,439.6,2.41,88.5,0.0,7.0,5.0,0.0,C21H33N3O5S,26.0,True,
CHEMBL1651990,FENTICONAZOLE,4.0,,Clc1ccc(C(Cn2ccnc2)OCc2ccc(Sc3ccccc3)cc2)c(Cl)c1,ZCJYUTQZBAIHBS-UHFFFAOYSA-N,D01AC12;G01AF12,Launched,bacterial cell wall synthesis inhibitor,vulvovaginal candidiasis,False,455.4,7.3,27.1,0.0,3.0,8.0,0.0,C24H20Cl2N2OS,16.0,True,
CHEMBL1652606,CEFTOBIPROLE MEDOCARIL FREE ACID,4.0,2024.0,Cc1oc(=O)oc1COC(=O)N1CC[C@@H](N2CC/C(=C\C3=C(C(=O)O)N4C(=O)[C@@H](NC(=O)/C(=N/O)c5nsc(N)n5)[C@H]4SC3)C2=O)C1,HFTSMHTWUFCYMJ-FDNJTQOMSA-N,J01DI01,,,,False,690.7,-0.54,264.3,4.0,16.0,8.0,0.0,C26H26N8O11S2,,False,F3_druglikeness
CHEMBL1683544,ERIBULIN MESYLATE,4.0,2010.0,C=C1C[C@@H]2CC[C@@]34C[C@H]5O[C@H]6[C@@H](O3)[C@H]3O[C@H](CC[C@@H]3O[C@H]6[C@H]5O4)CC(=O)C[C@@H]3[C@@H](OC)[C@@H](C[C@H](O)CN)O[C@H]3C[C@H]3O[C@@H](CC[C@@H]1O2)C[C@@H](C)C3=C.CS(=O)(=O)O,QAMYWGZHLCQOOJ-WRNBYXCMSA-N,,,,,False,729.9,3.44,146.4,2.0,12.0,4.0,0.0,C40H59NO11,34.0,True,
CHEMBL1683590,ERIBULIN,4.0,2010.0,C=C1C[C@@H]2CC[C@@]34C[C@H]5O[C@H]6[C@@H](O3)[C@H]3O[C@H](CC[C@@H]3O[C@H]6[C@H]5O4)CC(=O)C[C@@H]3[C@@H](OC)[C@@H](C[C@H](O)CN)O[C@H]3C[C@H]3O[C@@H](CC[C@@H]1O2)C[C@@H](C)C3=C,UFNVPOGXISZXJD-JBQZKEIOSA-N,L01XX41,Launched,microtubule inhibitor,breast cancer,False,729.9,3.44,146.4,2.0,12.0,4.0,0.0,C40H59NO11,34.0,True,
CHEMBL1688530,ORITAVANCIN,4.0,2014.0,CN[C@H](CC(C)C)C(=O)N[C@H]1C(=O)N[C@@H](CC(N)=O)C(=O)N[C@H]2C(=O)N[C@H]3C(=O)N[C@H](C(=O)N[C@H](C(=O)O)c4cc(O)cc(O)c4-c4cc3ccc4O)[C@H](O[C@H]3C[C@](C)(N)[C@@H](O)[C@H](C)O3)c3ccc(c(Cl)c3)Oc3cc2cc(c3O[C@@H]2O[C@H](CO)[C@@H](O)[C@H](O)[C@H]2O[C@H]2C[C@](C)(NCc3ccc(-c4ccc(Cl)cc4)cc3)[C@@H](O)[C@H](C)O2)Oc2ccc(cc2Cl)[C@H]1O,VHFGEBVPHAGQPI-LXKZPTCJSA-N,J01XA05,Launched,bacterial cell wall synthesis inhibitor,skin infections,False,,,,,,,,,,False,F2_mw_1793
CHEMBL1689063,AVIBACTAM,4.0,2015.0,NC(=O)[C@@H]1CC[C@@H]2CN1C(=O)N2OS(=O)(=O)O,NDCUAPJVLWFHHB-UHNVWZDZSA-N,,Launched,beta lactamase inhibitor,intra-abdominal infections|urinary tract infections|pyelonephritis,False,265.2,-1.53,130.2,2.0,5.0,3.0,0.0,C7H11N3O6S,8.0,True,
CHEMBL1689772,OMADACYCLINE,4.0,2018.0,CN(C)c1cc(CNCC(C)(C)C)c(O)c2c1C[C@H]1C[C@H]3[C@H](N(C)C)C(O)=C(C(N)=O)C(=O)[C@@]3(O)C(O)=C1C2=O,JEECQCWWSTZDCK-IQZGDKDPSA-N,J01AA15,Launched,bacterial 30S ribosomal subunit inhibitor,pneumonia,False,556.7,1.32,176.7,6.0,10.0,6.0,0.0,C29H40N4O7,22.0,True,
CHEMBL1697686,CLOFOREX,4.0,,CCOC(=O)NC(C)(C)Cc1ccc(Cl)cc1,TZWKUQDQKPYNLL-UHFFFAOYSA-N,,,,,False,255.7,3.41,38.3,1.0,2.0,4.0,0.0,C13H18ClNO2,10.0,True,
CHEMBL1697708,MEZLOCILLIN SODIUM,4.0,1981.0,CC1(C)S[C@@H]2[C@H](NC(=O)[C@H](NC(=O)N3CCN(S(C)(=O)=O)C3=O)c3ccccc3)C(=O)N2[C@H]1C(=O)[O-].[Na+],GTGQRSIMEUWHPA-ZBJAFUORSA-M,,,,,False,538.6,-1.57,176.3,2.0,9.0,6.0,-1.0,C21H24N5O8S2-,14.0,True,
CHEMBL1697717,CARBENOXOLONE SODIUM,4.0,,CC1(C)[C@@H](OC(=O)CCC(=O)[O-])CC[C@]2(C)[C@H]3C(=O)C=C4[C@@H]5C[C@@](C)(C(=O)[O-])CC[C@]5(C)CC[C@@]4(C)[C@]3(C)CC[C@@H]12.[Na+].[Na+],BQENDLAVTKRQMS-SBBGFIFASA-L,,,,,False,568.8,4.16,123.6,0.0,7.0,5.0,-2.0,C34H48O7-2,12.0,True,
CHEMBL1697737,CLOTIAZEPAM,4.0,,CCc1cc2c(s1)N(C)C(=O)CN=C2c1ccccc1Cl,CHBRHODLKOZEPZ-UHFFFAOYSA-N,N05BA21,,,,False,318.8,3.78,32.7,0.0,3.0,2.0,0.0,C16H15ClN2OS,12.0,True,
CHEMBL1697744,ERDOSTEINE,4.0,,O=C(O)CSCC(=O)NC1CCSC1=O,QGFORSXNKQLDNO-UHFFFAOYSA-N,R05CB15,Launched,mucolytic agent,bronchitis|cough suppressant|chronic obstructive pulmonary disease (COPD)|respiratory tract infections,False,249.3,-0.05,83.5,2.0,5.0,5.0,0.0,C8H11NO4S2,12.0,True,
CHEMBL1697751,ISAXONINE PHOSPHATE,4.0,,CC(C)Nc1ncccn1.O=P(O)(O)O,CXEBHWXMQKIKPJ-UHFFFAOYSA-N,,,,,False,137.2,1.3,37.8,1.0,3.0,2.0,0.0,C7H11N3,4.0,True,
CHEMBL1697760,MUZOLIMINE,4.0,,CC(c1ccc(Cl)c(Cl)c1)N1N=C(N)CC1=O,RLWRMIYXDPXIEX-UHFFFAOYSA-N,C03CD01,,,,False,272.1,2.56,58.7,1.0,3.0,2.0,0.0,C11H11Cl2N3O,4.0,True,
CHEMBL1697768,SODIUM PICOSULFATE,4.0,2012.0,O=S(=O)([O-])Oc1ccc(C(c2ccc(OS(=O)(=O)[O-])cc2)c2ccccn2)cc1.[Na+].[Na+],GOZDTZWAMGHLDY-UHFFFAOYSA-L,A06AB58;A06AB08,,,,False,435.4,1.94,145.8,0.0,9.0,7.0,-2.0,C18H13NO8S2-2,14.0,True,
CHEMBL1697841,ISOMETHEPTENE,4.0,,CNC(C)CCC=C(C)C,XVQUOJBERHHONY-UHFFFAOYSA-N,A03AX10,,,,False,141.3,2.34,12.0,1.0,1.0,4.0,0.0,C9H19N,8.0,True,
CHEMBL1697856,BUCETIN,4.0,,CCOc1ccc(NC(=O)CC(C)O)cc1,LIAWQASKBFCRNR-UHFFFAOYSA-N,N02BE74;N02BE04;N02BE54,Withdrawn,analgesic agent,,False,223.3,1.79,58.6,2.0,3.0,5.0,0.0,C12H17NO3,12.0,True,
CHEMBL1707007,GLUCOSAMINE HYDROCHLORIDE,4.0,,Cl.N[C@H]1C(O)O[C@H](CO)[C@@H](O)[C@@H]1O,QKPLRMLTKYXDST-NSEZLWDYSA-N,,,,,False,179.2,-3.25,116.2,5.0,6.0,1.0,0.0,C6H13NO5,12.0,True,
CHEMBL1711280,DOTHIEPIN HYDROCHLORIDE,4.0,,CN(C)CC/C=C1\c2ccccc2CSc2ccccc21.Cl,XUPZAARQDNSRJB-SJDTYFKWSA-N,,,,,False,295.5,4.68,3.2,0.0,2.0,3.0,0.0,C19H21NS,6.0,True,
CHEMBL1712842,MEPAZINE ACETATE,4.0,,CC(=O)O.CN1CCCC(CN2c3ccccc3Sc3ccccc32)C1,COBIOCPXKOZHSU-UHFFFAOYSA-N,,,,,False,310.5,4.63,6.5,0.0,3.0,2.0,0.0,C19H22N2S,4.0,True,
CHEMBL1714574,TERCONAZOLE,4.0,1987.0,CC(C)N1CCN(c2ccc(OCC3COC(Cn4cncn4)(c4ccc(Cl)cc4Cl)O3)cc2)CC1,BLSQLHNBWJLIBQ-UHFFFAOYSA-N,G01AG02,Launched,sterol demethylase inhibitor,vulvovaginal candidiasis,False,532.5,4.46,64.9,0.0,7.0,8.0,0.0,C26H31Cl2N5O3,16.0,True,
CHEMBL1722209,TOLTERODINE TARTRATE,4.0,1998.0,Cc1ccc(O)c([C@H](CCN(C(C)C)C(C)C)c2ccccc2)c1.O=C(O)C(O)C(O)C(=O)O,TWHNMSJGYKMTRB-VEIFNGETSA-N,,,,,False,325.5,5.34,23.5,1.0,2.0,7.0,0.0,C22H31NO,16.0,True,
CHEMBL1723241,SULFACETAMIDE SODIUM,4.0,1961.0,CC(=O)[N-]S(=O)(=O)c1ccc(N)cc1.O.[Na+],IHCDKJZZFOUARO-UHFFFAOYSA-M,,,,,False,213.2,0.88,91.3,1.0,4.0,2.0,-1.0,C8H9N2O3S-,8.0,True,
CHEMBL1738797,ALECTINIB,4.0,2015.0,CCc1cc2c(cc1N1CCC(N3CCOCC3)CC1)C(C)(C)c1[nH]c3cc(C#N)ccc3c1C2=O,KDGFLJKFZUIJMX-UHFFFAOYSA-N,L01ED03,Launched,ALK tyrosine kinase receptor inhibitor,non-small cell lung cancer (NSCLC),False,482.6,4.77,72.4,1.0,5.0,3.0,0.0,C30H34N4O2,6.0,True,
CHEMBL1738990,LEVOPROPOXYPHENE,4.0,1962.0,CCC(=O)O[C@@](Cc1ccccc1)(c1ccccc1)[C@@H](C)CN(C)C,XLMALTXPSGQGBX-PGRDOPGGSA-N,,Launched,antitussive,cough suppressant,False,339.5,4.28,29.5,0.0,3.0,8.0,0.0,C22H29NO2,18.0,True,
CHEMBL1740513,ISAXONINE,4.0,,CC(C)Nc1ncccn1,FTCYIGBVOHNHCD-UHFFFAOYSA-N,,Withdrawn,nerve growth factor agonist,,False,137.2,1.3,37.8,1.0,3.0,2.0,0.0,C7H11N3,4.0,True,
CHEMBL1741134,PICOSULFURIC ACID,4.0,2012.0,O=S(=O)(O)Oc1ccc(C(c2ccc(OS(=O)(=O)O)cc2)c2ccccn2)cc1,UJIDKYTZIQTXPM-UHFFFAOYSA-N,,,,,False,437.5,2.63,140.1,2.0,7.0,7.0,0.0,C18H15NO8S2,18.0,True,
CHEMBL1742423,BILASTINE,4.0,,CCOCCn1c(C2CCN(CCc3ccc(C(C)(C)C(=O)O)cc3)CC2)nc2ccccc21,ACCMWZWAEFYUGZ-UHFFFAOYSA-N,R06AX29;S01GX13,Launched,histamine receptor antagonist,conjunctivitis,False,463.6,4.86,67.6,1.0,4.0,10.0,0.0,C28H37N3O3,22.0,True,
CHEMBL1742424,CELIPROLOL HYDROCHLORIDE,4.0,,CCN(CC)C(=O)Nc1ccc(OCC(O)CNC(C)(C)C)c(C(C)=O)c1.Cl,VKJHTUVLJYWAEY-UHFFFAOYSA-N,,,,,False,379.5,2.89,90.9,3.0,5.0,9.0,0.0,C20H33N3O4,22.0,True,
CHEMBL1742466,LANDIOLOL,4.0,2024.0,CC1(C)OC[C@@H](COC(=O)CCc2ccc(OC[C@@H](O)CNCCNC(=O)N3CCOCC3)cc2)O1,WMDSZGFJQKSLLH-RBBKRZOGSA-N,C07AB14,Launched,adrenergic receptor antagonist,cardiac arrythmia,False,509.6,0.69,127.8,3.0,9.0,13.0,0.0,C25H39N3O8,30.0,True,
CHEMBL1742471,EBROTIDINE,4.0,,NC(N)=Nc1nc(CSCCN/C=N/S(=O)(=O)c2ccc(Br)cc2)cs1,ZQHFZHPUZXNPMF-UHFFFAOYSA-N,,Withdrawn,histamine receptor antagonist,,False,477.4,2.05,135.8,3.0,6.0,9.0,0.0,C14H17BrN6O2S3,16.0,True,
CHEMBL1744447,ROSUVASTATIN CALCIUM,4.0,2003.0,CC(C)c1nc(N(C)S(C)(=O)=O)nc(-c2ccc(F)cc2)c1/C=C/[C@@H](O)C[C@@H](O)CC(=O)[O-].CC(C)c1nc(N(C)S(C)(=O)=O)nc(-c2ccc(F)cc2)c1/C=C/[C@@H](O)C[C@@H](O)CC(=O)[O-].[Ca+2],LALFOYNTGMUKGG-BGRFNVSISA-L,,,,,False,480.5,1.07,143.8,2.0,8.0,10.0,-1.0,C22H27FN3O6S-,24.0,True,
CHEMBL1767408,DIQUAFOSOL TETRASODIUM,4.0,2010.0,O=c1ccn([C@@H]2O[C@H](COP(=O)([O-])OP(=O)([O-])OP(=O)([O-])OP(=O)([O-])OC[C@H]3O[C@@H](n4ccc(=O)[nH]c4=O)[C@H](O)[C@@H]3O)[C@@H](O)[C@H]2O)c(=O)[nH]1.[Na+].[Na+].[Na+].[Na+],OWTGMPPCCUSXIP-FNXFGIETSA-J,,,,,False,786.3,-6.72,415.8,6.0,23.0,14.0,-4.0,C18H22N4O23P4-4,,False,F3_druglikeness
CHEMBL1770248,ERTUGLIFLOZIN,4.0,2017.0,CCOc1ccc(Cc2cc([C@]34OC[C@](CO)(O3)[C@@H](O)[C@H](O)[C@H]4O)ccc2Cl)cc1,MCIACXAZCBVDEE-CUUWFGFTSA-N,A10BK04,Launched,sodium/glucose cotransporter inhibitor,diabetes mellitus,False,436.9,1.36,108.6,4.0,7.0,6.0,0.0,C22H25ClO7,20.0,True,
CHEMBL1770916,NIROGACESTAT,4.0,2023.0,CCC[C@H](N[C@H]1CCc2cc(F)cc(F)c2C1)C(=O)Nc1cn(C(C)(C)CNCC(C)(C)C)cn1,VFCRKLWBYMDAED-REWPJTCUSA-N,L01XX81,,,,False,489.7,4.79,71.0,3.0,4.0,10.0,0.0,C27H41F2N5O,22.0,True,
CHEMBL1774461,FLORBETAPIR F 18,4.0,2012.0,CNc1ccc(/C=C/c2ccc(OCCOCCOCC[18F])nc2)cc1,YNDIAUKFXKEXSV-CRYLGTRXSA-N,V09AX05,,,,False,359.4,3.68,52.6,1.0,5.0,12.0,0.0,C20H25FN2O3,24.0,True,
CHEMBL1779710,EVOGLIPTIN,4.0,2015.0,CC(C)(C)OC[C@@H]1C(=O)NCCN1C(=O)C[C@H](N)Cc1cc(F)c(F)cc1F,LCDDAGSJHKEABN-MLGOLLRUSA-N,A10BH07,,,,False,401.4,1.51,84.7,2.0,4.0,6.0,0.0,C19H26F3N3O3,18.0,True,
CHEMBL1788132,LOFEXIDINE HYDROCHLORIDE,4.0,2018.0,CC(Oc1c(Cl)cccc1Cl)C1=NCCN1.Cl,DWWHMKBNNNZGHF-UHFFFAOYSA-N,,,,,False,259.1,2.76,33.6,1.0,3.0,3.0,0.0,C11H12Cl2N2O,6.0,True,
CHEMBL1788385,TILBROQUINOL,4.0,,Cc1cc(Br)c(O)c2ncccc12,JMOVFFLYGIQXMM-UHFFFAOYSA-N,P01AA05,,,,False,238.1,3.01,33.1,1.0,2.0,0.0,0.0,C10H8BrNO,2.0,True,
CHEMBL1788386,TETRAMETHRIN,4.0,,CC(C)=CC1C(C(=O)OCN2C(=O)C3=C(CCCC3)C2=O)C1(C)C,CXBMCYHAMVGWJQ-UHFFFAOYSA-N,P03BA04,,,,False,331.4,2.96,63.7,0.0,4.0,4.0,0.0,C19H25NO4,10.0,True,
CHEMBL1788403,BIOALLETHRIN,4.0,,C=CCC1=C(C)C(OC(=O)[C@@H]2[C@@H](C=C(C)C)C2(C)C)CC1=O,ZCVAOQKBXKSDMS-AQYZNVCMSA-N,P03AC52;P03AC02,,,,False,302.4,4.0,43.4,0.0,3.0,5.0,0.0,C19H26O3,12.0,True,
CHEMBL1789842,INDACATEROL MALEATE,4.0,2009.0,CCc1cc2c(cc1CC)CC(NC[C@H](O)c1ccc(O)c3[nH]c(=O)ccc13)C2.O=C(O)/C=C\C(=O)O,IREJFXIHXRZFER-PCBAQXHCSA-N,,,,,False,392.5,3.15,85.3,4.0,4.0,6.0,0.0,C24H28N2O3,16.0,True,
CHEMBL1789941,RUXOLITINIB,4.0,2011.0,N#CC[C@H](C1CCCC1)n1cc(-c2ncnc3[nH]ccc23)cn1,HFNKQEVNSGCOJV-OAHLLOKOSA-N,D11AH09;L01EJ01,Launched,JAK inhibitor,myelofibrosis|polycythemia vera,False,306.4,3.47,83.2,1.0,4.0,4.0,0.0,C17H18N6,8.0,True,
CHEMBL1790041,RANITIDINE,4.0,1983.0,CNC(=C[N+](=O)[O-])NCCSCc1ccc(CN(C)C)o1,VMXUWOKSQNHOCA-UHFFFAOYSA-N,A02BA02,Launched,histamine receptor antagonist,heartburn,False,314.4,1.46,83.6,2.0,7.0,10.0,0.0,C13H22N4O3S,20.0,True,
CHEMBL1795071,RUXOLITINIB PHOSPHATE,4.0,2011.0,N#CC[C@H](C1CCCC1)n1cc(-c2ncnc3[nH]ccc23)cn1.O=P(O)(O)O,JFMWPOCYMYGEDM-XFULWGLBSA-N,,,,,False,306.4,3.47,83.2,1.0,4.0,4.0,0.0,C17H18N6,8.0,True,
CHEMBL1796997,HELIUM,4.0,2015.0,[He],SWQJXJOGLNCZEY-UHFFFAOYSA-N,V03AN03,,,,False,,,,,,,,,,False,F2_mw_4
CHEMBL1796998,SULFUR HEXAFLUORIDE,4.0,2001.0,FS(F)(F)(F)(F)F,SFZCNBIFKDRMGX-UHFFFAOYSA-N,V08DA05,,,,False,146.1,3.17,0.0,0.0,0.0,0.0,0.0,F6S,0.0,True,
CHEMBL1800159,RELUGOLIX,4.0,,CONC(=O)Nc1ccc(-c2sc3c(c2CN(C)C)c(=O)n(-c2ccc(OC)nn2)c(=O)n3Cc2c(F)cccc2F)cc1,AOMXMOCNKJTRQP-UHFFFAOYSA-N,L02BX04,Phase 3,gonadotropin releasing factor hormone receptor antagonist,,False,623.6,3.75,132.6,2.0,9.0,9.0,0.0,C29H27F2N7O5S,18.0,True,
CHEMBL1801800,METABROMSALAN,4.0,,O=C(Nc1ccccc1)c1cc(Br)cc(Br)c1O,YALKQBRWLMDVSA-UHFFFAOYSA-N,,,,,False,371.0,4.17,49.3,2.0,2.0,2.0,0.0,C13H9Br2NO2,6.0,True,
CHEMBL1808388,BEXAGLIFLOZIN,4.0,2023.0,OC[C@H]1O[C@@H](c2ccc(Cl)c(Cc3ccc(OCCOC4CC4)cc3)c2)[C@H](O)[C@@H](O)[C@@H]1O,BTCRKOKVYTVOLU-SJSRKZJXSA-N,A10BK08,Phase 3,solute carrier family member inhibitor,,False,464.9,2.0,108.6,4.0,7.0,9.0,0.0,C24H29ClO7,26.0,True,
CHEMBL1834657,INFIGRATINIB PHOSPHATE,4.0,2021.0,CCN1CCN(c2ccc(Nc3cc(N(C)C(=O)Nc4c(Cl)c(OC)cc(OC)c4Cl)ncn3)cc2)CC1.O=P(O)(O)O,GUQNHCGYHLSITB-UHFFFAOYSA-N,,,,,False,560.5,5.35,95.1,2.0,8.0,8.0,0.0,C26H31Cl2N7O3,18.0,True,
CHEMBL1852688,INFIGRATINIB,4.0,2021.0,CCN1CCN(c2ccc(Nc3cc(N(C)C(=O)Nc4c(Cl)c(OC)cc(OC)c4Cl)ncn3)cc2)CC1,QADPYRIHXKWUSV-UHFFFAOYSA-N,L01EN03,,,,False,560.5,5.35,95.1,2.0,8.0,8.0,0.0,C26H31Cl2N7O3,18.0,True,
CHEMBL1863513,INGENOL MEBUTATE,4.0,2010.0,C/C=C(/C)C(=O)O[C@H]1C(C)=C[C@]23C(=O)[C@@H](C=C(CO)[C@@H](O)[C@]12O)[C@H]1[C@@H](C[C@H]3C)C1(C)C,VDJHFHXMUKFKET-WDUFCVPESA-N,D06BX02,,,,False,430.5,2.33,104.1,3.0,6.0,3.0,0.0,C25H34O6,28.0,True,
CHEMBL1865134,DIBUNIC ACID,4.0,,CC(C)(C)c1ccc2c(S(=O)(=O)O)c(C(C)(C)C)ccc2c1,WBEBQCINXJDZCX-UHFFFAOYSA-N,R05DB16,,,,False,320.5,4.68,54.4,1.0,2.0,1.0,0.0,C18H24O3S,8.0,True,
CHEMBL1873475,IBRUTINIB,4.0,2013.0,C=CC(=O)N1CCC[C@@H](n2nc(-c3ccc(Oc4ccccc4)cc3)c3c(N)ncnc32)C1,XYFPWWZEPKGCCK-GOSISDBHSA-N,L01EL01,Launched,Bruton's tyrosine kinase (BTK) inhibitor,chronic lymphocytic leukemia (CLL)|mantle cell lymphoma (MCL)|Waldenstrom's macroglobulinemia (WM),False,440.5,4.22,99.2,1.0,6.0,5.0,0.0,C25H24N6O2,14.0,True,
CHEMBL1874750,CINEPAZIDE,4.0,1980.0,COc1cc(/C=C/C(=O)N2CCN(CC(=O)N3CCCC3)CC2)cc(OC)c1OC,RCUDFXMNPQNBDU-VOTSOKGWSA-N,C04AX27,Withdrawn,calcium channel activator,,False,417.5,1.49,71.6,0.0,6.0,7.0,0.0,C22H31N3O5,14.0,True,
CHEMBL1887891,DEXFENFLURAMINE HYDROCHLORIDE,4.0,,CCN[C@@H](C)Cc1cccc(C(F)(F)F)c1.Cl,ZXKXJHAOUFHNAS-FVGYRXGTSA-N,,,,,False,231.3,3.25,12.0,1.0,1.0,4.0,0.0,C12H16F3N,10.0,True,
CHEMBL1888176,TROSPIUM,4.0,2004.0,O=C(O[C@H]1C[C@H]2CC[C@@H](C1)[N+]21CCCC1)C(O)(c1ccccc1)c1ccccc1,OYYDSUSKLWTMMQ-JKHIJQBDSA-N,G04BD09,Launched,acetylcholine receptor antagonist,urinary incontinence|urinary frequency,False,392.5,3.77,46.5,1.0,3.0,4.0,1.0,C25H30NO3+,12.0,True,
CHEMBL1889140,ROPIVACAINE HYDROCHLORIDE,4.0,1996.0,CCCN1CCCC[C@H]1C(=O)Nc1c(C)cccc1C.Cl,NDNSIBYYUOEUSV-RSAXXLAASA-N,,,,,False,274.4,3.51,32.3,1.0,2.0,4.0,0.0,C17H26N2O,8.0,True,
CHEMBL1899801,PERFLENAPENT,4.0,1998.0,FC(F)(F)C(F)(F)C(F)(F)C(F)(F)C(F)(F)F,NJCBUSHGCBERSK-UHFFFAOYSA-N,V08DA03,,,,False,288.0,4.02,0.0,0.0,0.0,2.0,0.0,C5F12,8.0,True,
CHEMBL1900528,TIOTROPIUM,4.0,2004.0,C[N+]1(C)[C@@H]2C[C@@H](OC(=O)C(O)(c3cccs3)c3cccs3)C[C@H]1[C@@H]1O[C@@H]12,LERNTVKEWCAPOY-DZZGSBJMSA-N,,Launched,acetylcholine receptor antagonist,chronic obstructive pulmonary disease (COPD)|bronchitis|emphysema,False,392.5,2.35,59.1,1.0,6.0,4.0,1.0,C19H22NO4S2+,12.0,True,
CHEMBL1905872,DOCUSATE SODIUM,4.0,,CCCCC(CC)COC(=O)CC(C(=O)OCC(CC)CCCC)S(=O)(=O)[O-].[Na+],APSBXTVYXVQYAB-UHFFFAOYSA-M,A06AG10;A06AA02,,,,False,421.6,3.81,109.8,0.0,7.0,16.0,-1.0,C20H37O7S-,36.0,True,
CHEMBL1908307,FLOSEQUINAN,4.0,1992.0,Cn1cc([S+](C)[O-])c(=O)c2ccc(F)cc21,UYGONJYYUKVHDD-UHFFFAOYSA-N,C01DB01,Withdrawn,phosphodiesterase inhibitor,,False,239.3,1.42,45.1,0.0,2.0,1.0,0.0,C11H10FNO2S,2.0,True,
CHEMBL1908315,GEMEPROST,4.0,,CCCCC(C)(C)[C@H](O)/C=C/[C@H]1[C@H](O)CC(=O)[C@@H]1CCCC/C=C/C(=O)OC,KYBOHGVERHWSSV-VNIVIJDLSA-N,G02AD03,,,,False,394.6,3.98,83.8,2.0,5.0,12.0,0.0,C23H38O5,30.0,True,
CHEMBL1908348,SPARTEINE SULFATE,4.0,,C1CCN2C[C@@H]3C[C@@H](CN4CCCC[C@@H]34)[C@H]2C1.O.O.O.O.O.O=S(=O)(O)O,WNSDDGBLIALDPB-LIELMIIZSA-N,,,,,False,234.4,2.35,6.5,0.0,2.0,0.0,0.0,C15H26N2,0.0,True,
CHEMBL1908359,SODIUM MONOFLUOROPHOSPHATE,4.0,1986.0,O=P([O-])([O-])F.[Na+].[Na+],BFDWBSRJQZPEEB-UHFFFAOYSA-L,A12CD02;A01AA02,,,,False,,,,,,,,,,False,F2_mw_98
CHEMBL1908360,EVEROLIMUS,4.0,2009.0,CO[C@H]1C[C@@H]2CC[C@@H](C)[C@@](O)(O2)C(=O)C(=O)N2CCCC[C@H]2C(=O)O[C@H]([C@H](C)C[C@@H]2CC[C@@H](OCCO)[C@H](OC)C2)CC(=O)[C@H](C)/C=C(\C)[C@@H](O)[C@@H](OC)C(=O)[C@H](C)C[C@H](C)/C=C/C=C/C=C/1C,HKVAMNSJSFKALM-GKUWKFKPSA-N,L01EG02;L04AH02,Launched,mTOR inhibitor,breast cancer|neuroendocrine tumors of pancreatic origin (PNET)|renal cell carcinoma (RCC)|subependymal giant cell astrocytoma (SEGA)|tuberous sclerosis complex (TSC)|renal angiomyolipoma,False,,,,,,,,,,False,F2_mw_958
CHEMBL1908361,LEVOLEUCOVORIN CALCIUM,4.0,2008.0,Nc1nc(=O)c2c([nH]1)NC[C@H](CNc1ccc(C(=O)N[C@@H](CCC(=O)[O-])C(=O)[O-])cc1)N2C=O.[Ca+2],KVUAALJSMIVURS-QNTKWALQSA-L,V03AF04,,,,False,471.4,-3.4,225.5,5.0,11.0,10.0,-2.0,C20H21N7O7-2,20.0,True,
CHEMBL1908370,FINAFLOXACIN,4.0,2014.0,N#Cc1c(N2C[C@@H]3NCCO[C@H]3C2)c(F)cc2c(=O)c(C(=O)O)cn(C3CC3)c12,FYMHQCNFKNMJAV-HOTGVXAUSA-N,,Launched,bacterial DNA gyrase inhibitor,intra-abdominal infections|chronic obstructive pulmonary disease (COPD)|cystic fibrosis,False,398.4,1.22,107.6,2.0,6.0,3.0,0.0,C20H19FN4O4,8.0,True,
CHEMBL1908377,PYRVINIUM PAMOATE,4.0,1982.0,Cc1cc(/C=C/c2ccc3cc(N(C)C)ccc3[n+]2C)c(C)n1-c1ccccc1.Cc1cc(/C=C/c2ccc3cc(N(C)C)ccc3[n+]2C)c(C)n1-c1ccccc1.O=C([O-])c1cc2ccccc2c(Cc2c(O)c(C(=O)[O-])cc3ccccc23)c1O,OOPDAHSJBRZRPH-UHFFFAOYSA-L,,,,,False,382.5,5.31,12.1,0.0,1.0,4.0,1.0,C26H28N3+,8.0,True,
CHEMBL1908841,LEVOLEUCOVORIN,4.0,2008.0,Nc1nc(=O)c2c([nH]1)NC[C@H](CNc1ccc(C(=O)N[C@@H](CCC(=O)O)C(=O)O)cc1)N2C=O,VVIAGPKUTFNRDU-STQMWFEESA-N,,,,,False,473.4,-0.73,219.8,7.0,9.0,10.0,0.0,C20H23N7O7,24.0,True,
CHEMBL1908847,SPARTEINE,4.0,,C1CCN2C[C@@H]3C[C@@H](CN4CCCC[C@@H]34)[C@H]2C1,SLRCCWJSBJZJBV-ZQDZILKHSA-N,C01BA04,,,,False,234.4,2.35,6.5,0.0,2.0,0.0,0.0,C15H26N2,0.0,True,
CHEMBL1908906,FLORBETABEN,4.0,2014.0,CNc1ccc(/C=C/c2ccc(OCCOCCOCCF)cc2)cc1,NCWZOASIUQVOFA-NSCUHMNNSA-N,,,,,False,359.4,4.28,39.7,1.0,4.0,12.0,0.0,C21H26FNO3,24.0,True,
CHEMBL1908917,FLUCICLOVINE,4.0,2016.0,N[C@]1(C(=O)O)C[C@@H](F)C1,NTEDWGYJNHZKQW-IWLYVCSRSA-N,,,,,False,133.1,-0.1,63.3,2.0,2.0,1.0,0.0,C5H8FNO2,6.0,True,
CHEMBL1908919,FLORBETAPIR,4.0,2012.0,CNc1ccc(/C=C/c2ccc(OCCOCCOCCF)nc2)cc1,YNDIAUKFXKEXSV-NSCUHMNNSA-N,,,,,False,360.4,3.68,52.6,1.0,5.0,12.0,0.0,C20H25FN2O3,24.0,True,
CHEMBL1909072,PIPAMAZINE,4.0,,NC(=O)C1CCN(CCCN2c3ccccc3Sc3ccc(Cl)cc32)CC1,OSJJYEUEJRVVOD-UHFFFAOYSA-N,,,,,False,402.0,4.53,49.6,1.0,4.0,5.0,0.0,C21H24ClN3OS,10.0,True,
CHEMBL1909282,FENCLOZIC ACID,4.0,,O=C(O)Cc1csc(-c2ccc(Cl)cc2)n1,APBSKHYXXKHJFK-UHFFFAOYSA-N,,,,,False,253.7,3.09,50.2,1.0,3.0,3.0,0.0,C11H8ClNO2S,8.0,True,
CHEMBL1909283,MEBANAZINE,4.0,,CC(NN)c1ccccc1,HHRZAEJMHSGZNP-UHFFFAOYSA-N,,,,,False,136.2,1.21,38.0,2.0,2.0,2.0,0.0,C8H12N2,6.0,True,
CHEMBL1909285,NITREFAZOLE,4.0,,Cc1nc([N+](=O)[O-])cn1-c1ccc([N+](=O)[O-])cc1,NMTBSNPBIGRZBL-UHFFFAOYSA-N,,,,,False,248.2,2.0,104.1,0.0,5.0,3.0,0.0,C10H8N4O4,6.0,True,
CHEMBL1909286,PHENOXYPROPAZINE,4.0,,CC(COc1ccccc1)NN,QNEXFJFTGQBXBJ-UHFFFAOYSA-N,,,,,False,166.2,0.92,47.3,2.0,3.0,4.0,0.0,C9H14N2O,10.0,True,
CHEMBL1909288,TRIACETYLDIPHENOLISATIN,4.0,,CC(=O)Oc1ccc(C2(c3ccc(OC(C)=O)cc3)C(=O)N(C(C)=O)c3ccccc32)cc1,JPGUEMQIAGJQSJ-UHFFFAOYSA-N,,,,,False,443.5,3.76,90.0,0.0,6.0,4.0,0.0,C26H21NO6,14.0,True,
CHEMBL1909289,XENAZOIC ACID,4.0,,CCOC(Nc1ccc(C(=O)O)cc1)C(=O)c1ccc(-c2ccccc2)cc1,BPOMPTVRBWXZBY-UHFFFAOYSA-N,,,,,False,375.4,4.71,75.6,2.0,4.0,8.0,0.0,C23H21NO4,18.0,True,
CHEMBL1909298,PINAVERIUM BROMIDE,4.0,,COc1cc(Br)c(C[N+]2(CCOCCC3CCC4CC3C4(C)C)CCOCC2)cc1OC.[Br-],IKGXLCMLVINENI-UHFFFAOYSA-M,,,,,False,511.5,5.29,36.9,0.0,4.0,10.0,1.0,C26H41BrNO4+,20.0,True,
CHEMBL1909324,PINAVERIUM,4.0,,COc1cc(Br)c(C[N+]2(CCOCCC3CCC4CC3C4(C)C)CCOCC2)cc1OC,DDHUTBKXLWCZCO-UHFFFAOYSA-N,A03AX04,Launched,T-type calcium channel blocker,irritable bowel syndrome,False,511.5,5.29,36.9,0.0,4.0,10.0,1.0,C26H41BrNO4+,20.0,True,
CHEMBL1929396,ANAGLIPTIN,4.0,,Cc1cc2ncc(C(=O)NCC(C)(C)NCC(=O)N3CCC[C@H]3C#N)cn2n1,LDXYBEHACFJIEL-HNNXBMFYSA-N,,Launched,dipeptidyl peptidase inhibitor,diabetes mellitus,False,383.5,0.65,115.4,2.0,6.0,6.0,0.0,C19H25N7O2,14.0,True,
CHEMBL1945778,IOFLUPANE,4.0,2000.0,COC(=O)[C@H]1[C@@H](c2ccc(I)cc2)C[C@@H]2CC[C@H]1N2CCCF,HXWLAJVUJSVENX-HZMVEIRTSA-N,,,,,False,431.3,3.76,29.5,0.0,3.0,5.0,0.0,C18H23FINO2,12.0,True,
CHEMBL1946170,REGORAFENIB,4.0,2012.0,CNC(=O)c1cc(Oc2ccc(NC(=O)Nc3ccc(Cl)c(C(F)(F)F)c3)c(F)c2)ccn1,FNHKPVJBJVTLMP-UHFFFAOYSA-N,L01EX05,Launched,FGFR inhibitor|KIT inhibitor|PDGFR tyrosine kinase receptor inhibitor|RAF inhibitor|RET tyrosine kinase inhibitor|VEGFR inhibitor,colorectal cancer|gastrointestinal stromal tumors (GIST),False,482.8,5.69,92.4,3.0,4.0,5.0,0.0,C21H15ClF4N4O3,12.0,True,
CHEMBL1950576,DIHYDROSTREPTOMYCIN,4.0,,CN[C@@H]1[C@H](O[C@H]2[C@H](O[C@H]3[C@H](O)[C@@H](O)[C@H](NC(=N)N)[C@@H](O)[C@@H]3NC(=N)N)O[C@@H](C)[C@]2(O)CO)O[C@@H](CO)[C@H](O)[C@H]1O,ASXBYYWOLISCLQ-HZYVHMACSA-N,S01AA15,Withdrawn,bacterial 30S ribosomal subunit inhibitor,,False,583.6,-7.95,334.6,15.0,15.0,9.0,0.0,C21H41N7O12,,False,F3_druglikeness
CHEMBL1951071,ARFORMOTEROL TARTRATE,4.0,2006.0,COc1ccc(C[C@@H](C)NC[C@H](O)c2ccc(O)c(NC=O)c2)cc1.O=C(O)C(O)C(O)C(=O)O,FCSXYHUNDAXDRH-QVRIGTRMSA-N,,,,,False,344.4,2.22,90.8,4.0,5.0,9.0,0.0,C19H24N2O4,20.0,True,
CHEMBL1951095,ERAVACYCLINE,4.0,2018.0,CN(C)[C@@H]1C(O)=C(C(N)=O)C(=O)[C@@]2(O)C(O)=C3C(=O)c4c(O)c(NC(=O)CN5CCCC5)cc(F)c4C[C@H]3C[C@@H]12,HLFSMUUOKPBTSM-ISIOAQNYSA-N,J01AA13,Launched,antibacterial,,False,558.6,0.29,193.7,6.0,10.0,5.0,0.0,C27H31FN4O8,18.0,True,
CHEMBL1963681,AVANAFIL,4.0,2011.0,COc1ccc(CNc2nc(N3CCC[C@H]3CO)ncc2C(=O)NCc2ncccn2)cc1Cl,WEAJZXNPAWBCOA-INIZCTEOSA-N,G04BE10,Launched,phosphodiesterase inhibitor,erectile dysfunction,False,484.0,2.43,125.4,3.0,9.0,9.0,0.0,C23H26ClN7O3,20.0,True,
CHEMBL1963683,TAFLUPROST,4.0,2012.0,CC(C)OC(=O)CCC/C=C\C[C@@H]1[C@@H](/C=C/C(F)(F)COc2ccccc2)[C@H](O)C[C@@H]1O,WSNODXPBBALQOF-VEJSHDCNSA-N,S01EE05,Launched,prostaglandin inhibitor,glaucoma|ocular hypertension,False,452.5,4.68,76.0,2.0,5.0,12.0,0.0,C25H34F2O5,30.0,True,
CHEMBL1977579,STREPTOZOCIN,4.0,1982.0,CN(N=O)C(=O)N[C@@H](C=O)[C@@H](O)[C@H](O)[C@H](O)CO,AGRCPNMCOXLKFO-BDVNFPICSA-N,L01AD04,,,,False,265.2,-3.05,159.8,5.0,8.0,7.0,0.0,C8H15N3O7,24.0,True,
CHEMBL1983268,ENTRECTINIB,4.0,2019.0,CN1CCN(c2ccc(C(=O)Nc3n[nH]c4ccc(Cc5cc(F)cc(F)c5)cc34)c(NC3CCOCC3)c2)CC1,HAYYBYPASCDWEQ-UHFFFAOYSA-N,L01EX14,Launched,ALK tyrosine kinase receptor inhibitor|proto-oncogene tyrosine protein kinase inhibitor,non-small cell lung cancer (NSCLC),False,560.6,5.03,85.5,3.0,6.0,7.0,0.0,C31H34F2N6O2,14.0,True,
CHEMBL1983350,STIRIPENTOL,4.0,2007.0,CC(C)(C)C(O)/C=C/c1ccc2c(c1)OCO2,IBLNKMRFIPWSOY-FNORWQNLSA-N,N03AX17,Launched,GABA uptake inhibitor,epilepsy,False,234.3,2.84,38.7,1.0,3.0,2.0,0.0,C14H18O3,8.0,True,
CHEMBL1998966,PIFOXIME,4.0,,C/C(=N\O)c1ccc(OCC(=O)N2CCCCC2)cc1,XUDSQIDNHJMBBW-FOWTUZBSSA-N,,,,,False,276.3,2.28,62.1,1.0,4.0,4.0,0.0,C15H20N2O3,10.0,True,
CHEMBL2005186,BELUMOSUDIL,4.0,2021.0,CC(C)NC(=O)COc1cccc(-c2nc(Nc3ccc4[nH]ncc4c3)c3ccccc3n2)c1,GKHIVNAUVKXIIY-UHFFFAOYSA-N,L04AA48,,,,False,452.5,4.82,104.8,3.0,6.0,7.0,0.0,C26H24N6O2,14.0,True,
CHEMBL2009089,SELENIOUS ACID,4.0,2019.0,O=[Se](O)O,MCAHWIHFGHIESP-UHFFFAOYSA-N,,,,,False,129.0,-1.61,57.5,2.0,1.0,0.0,0.0,H2O3Se,,False,"F5_pdbqt_fail:atom number 1 has None type, mol name: N"
CHEMBL2010601,IVACAFTOR,4.0,2012.0,CC(C)(C)c1cc(C(C)(C)C)c(NC(=O)c2c[nH]c3ccccc3c2=O)cc1O,PURKAOJPTOLRMP-UHFFFAOYSA-N,R07AX02,Launched,CFTR channel potentiator,cystic fibrosis,False,392.5,5.08,82.2,3.0,3.0,2.0,0.0,C24H28N2O3,10.0,True,
CHEMBL2018096,IPRAGLIFLOZIN,4.0,2013.0,OC[C@H]1O[C@@H](c2ccc(F)c(Cc3cc4ccccc4s3)c2)[C@H](O)[C@@H](O)[C@@H]1O,AHFWIQIYAXSLBA-RQXATKFSSA-N,A10BK05,,,,False,404.5,2.15,90.2,4.0,6.0,4.0,0.0,C21H21FO5S,16.0,True,
CHEMBL2021422,FOSPROPOFOL DISODIUM,4.0,2008.0,CC(C)c1cccc(C(C)C)c1OCOP(=O)([O-])[O-].[Na+].[Na+],LWYLQNWMSGFCOZ-UHFFFAOYSA-L,,,,,False,286.3,2.11,81.7,0.0,5.0,6.0,-2.0,C13H19O5P-2,12.0,True,
CHEMBL2021423,MAGNESIUM SULFATE ANHYDROUS,4.0,1981.0,O=S(=O)([O-])[O-].[Mg+2],CSNNHWWHGAXBCP-UHFFFAOYSA-L,,,,,False,,,,,,,,,,False,F2_mw_96
CHEMBL2021424,POTASSIUM SULFATE,4.0,2010.0,O=S(=O)([O-])[O-].[K+].[K+],OTYBMLCTZGSZBG-UHFFFAOYSA-L,,,,,False,,,,,,,,,,False,F2_mw_96
CHEMBL2021430,DEXAMETHASONE SODIUM PHOSPHATE,4.0,1959.0,C[C@@H]1C[C@H]2[C@@H]3CCC4=CC(=O)C=C[C@]4(C)[C@@]3(F)[C@@H](O)C[C@]2(C)[C@@]1(O)C(=O)COP(=O)([O-])[O-].[Na+].[Na+],PLCQGRYPOISRTQ-FCJDYXGNSA-L,,,,,False,470.4,0.75,147.0,2.0,8.0,4.0,-2.0,C22H28FO8P-2,12.0,True,
CHEMBL2023895,HYDROXYSTILBAMIDINE ISETHIONATE,4.0,1953.0,N=C(N)c1ccc(/C=C/c2ccc(C(=N)N)cc2O)cc1.O=S(=O)(O)CCO.O=S(=O)(O)CCO,XVTQTNAKZYLTNZ-HFPMQDOPSA-N,,,,,False,280.3,2.13,120.0,5.0,3.0,4.0,0.0,C16H16N4O,10.0,True,
CHEMBL2023898,DACLATASVIR,4.0,2014.0,COC(=O)N[C@H](C(=O)N1CCC[C@H]1c1ncc(-c2ccc(-c3ccc(-c4cnc([C@@H]5CCCN5C(=O)[C@@H](NC(=O)OC)C(C)C)[nH]4)cc3)cc2)[nH]1)C(C)C,FKRSSPOQAMALKA-CUPIEXAXSA-N,J05AP07,Launched,HCV inhibitor,hepatitis C,False,738.9,6.22,174.6,4.0,8.0,11.0,0.0,C40H50N8O6,30.0,True,
CHEMBL2024517,CARIPRAZINE HYDROCHLORIDE,4.0,2015.0,CN(C)C(=O)N[C@H]1CC[C@H](CCN2CCN(c3cccc(Cl)c3Cl)CC2)CC1.Cl,GPPJWWMREQHLQT-BHQIMSFRSA-N,,,,,False,427.4,4.34,38.8,1.0,3.0,5.0,0.0,C21H32Cl2N4O,10.0,True,
CHEMBL2028019,CARIPRAZINE,4.0,2015.0,CN(C)C(=O)N[C@H]1CC[C@H](CCN2CCN(c3cccc(Cl)c3Cl)CC2)CC1,KPWSJANDNDDRMB-QAQDUYKDSA-N,N05AX15,Launched,dopamine receptor antagonist,schizophrenia,False,427.4,4.34,38.8,1.0,3.0,5.0,0.0,C21H32Cl2N4O,10.0,True,
CHEMBL2028661,AZILSARTAN MEDOXOMIL,4.0,2011.0,CCOc1nc2cccc(C(=O)OCc3oc(=O)oc3C)c2n1Cc1ccc(-c2ccccc2-c2noc(=O)[nH]2)cc1,QJFSABGVXDWMIW-UHFFFAOYSA-N,C09CA09,,,,False,568.5,4.71,155.6,1.0,10.0,9.0,0.0,C30H24N4O8,20.0,True,
CHEMBL2028663,DABRAFENIB,4.0,2013.0,CC(C)(C)c1nc(-c2cccc(NS(=O)(=O)c3c(F)cccc3F)c2F)c(-c2ccnc(N)n2)s1,BFSMGDJOXZAERB-UHFFFAOYSA-N,L01EC02,Launched,RAF inhibitor,melanoma,False,519.6,5.36,110.9,2.0,7.0,5.0,0.0,C23H20F3N5O2S2,14.0,True,
CHEMBL2030434,FLUDEOXYGLUCOSE F 18,4.0,1994.0,OC[C@H]1OC(O)[C@H]([18F])[C@@H](O)[C@@H]1O,ZCXUVYAZINUVJD-GLCXRVCCSA-N,V09IX04,,,,False,181.1,-2.24,90.2,4.0,5.0,1.0,0.0,C6H11FO5,10.0,True,
CHEMBL2035187,PACRITINIB,4.0,2022.0,C1=N/C2=N/c3ccc(OCCN4CCCC4)c(c3)COC/C=C/COCc3cccc(c3)C(=C1)N2,HWXVIOGONBBTBY-ONEGZZNKSA-N,L01EJ03,Phase 3,FLT3 inhibitor|JAK inhibitor,,False,472.6,4.47,67.7,1.0,7.0,4.0,0.0,C28H32N4O3,26.0,True,
CHEMBL2040682,CICLESONIDE,4.0,2006.0,CC(C)C(=O)OCC(=O)[C@@]12O[C@H](C3CCCCC3)O[C@@H]1C[C@H]1[C@@H]3CCC4=CC(=O)C=C[C@]4(C)[C@H]3[C@@H](O)C[C@@]12C,LUKZNWIVRBCLON-GXOBDPJESA-N,R03BA08;R01AD13,Launched,glucocorticoid receptor agonist,allergic rhinitis,False,540.7,4.7,99.1,1.0,7.0,5.0,0.0,C32H44O7,14.0,True,
CHEMBL2042122,FLUTEMETAMOL F 18,4.0,2013.0,CNc1ccc(-c2nc3ccc(O)cc3s2)cc1[18F],VVECGOCJFKTUAX-HUYCHCPVSA-N,V09AX04,,,,False,273.3,3.85,45.2,2.0,4.0,2.0,0.0,C14H11FN2OS,6.0,True,
CHEMBL2043437,GLASDEGIB,4.0,2018.0,CN1CC[C@@H](NC(=O)Nc2ccc(C#N)cc2)C[C@@H]1c1nc2ccccc2[nH]1,SFNSLLSYNZWZQG-VQIMIIECSA-N,L01XJ03,Launched,hedgehog pathway inhibitor,acute myeloid leukemia (AML),False,374.4,3.39,96.8,3.0,4.0,3.0,0.0,C21H22N6O,6.0,True,
CHEMBL2048028,LIFITEGRAST,4.0,2016.0,CS(=O)(=O)c1cccc(C[C@H](NC(=O)c2c(Cl)cc3c(c2Cl)CCN(C(=O)c2ccc4ccoc4c2)C3)C(=O)O)c1,JFOZKMSJYSPYLN-QHCPKHFHSA-N,S01XA25,Launched,lymphocyte function-associated antigen negative modulator,dry eye syndrome,False,615.5,4.77,134.0,2.0,6.0,7.0,0.0,C29H24Cl2N2O7S,18.0,True,
CHEMBL2048484,CANAGLIFLOZIN ANHYDROUS,4.0,2011.0,Cc1ccc([C@@H]2O[C@H](CO)[C@@H](O)[C@H](O)[C@H]2O)cc1Cc1ccc(-c2ccc(F)cc2)s1,XTNGUQKDFGDXSJ-ZXGKGEBGSA-N,,,,,False,444.5,2.97,90.2,4.0,6.0,5.0,0.0,C24H25FO5S,18.0,True,
CHEMBL2062163,PHENDIMETRAZINE TARTRATE,4.0,1976.0,C[C@H]1[C@H](c2ccccc2)OCCN1C.O=C(O)C(O)C(O)C(=O)O,VEPOHXYIFQMVHW-XOZOLZJESA-N,,,,,False,191.3,2.08,12.5,0.0,2.0,1.0,0.0,C12H17NO,2.0,True,
CHEMBL2062262,METARAMINOL BITARTRATE,4.0,1954.0,C[C@H](N)[C@H](O)c1cccc(O)c1.O=C(O)C(O)C(O)C(=O)O,VENXSELNXQXCNT-YDYUUSCQSA-N,,,,,False,167.2,0.77,66.5,3.0,3.0,2.0,0.0,C9H13NO2,10.0,True,
CHEMBL2062264,PHENYLEPHRINE BITARTRATE,4.0,1973.0,CNC[C@H](O)c1cccc(O)c1.O=C(O)C(O)C(O)C(=O)O,NHKOTKKHHYKARN-FVGYRXGTSA-N,,,,,False,167.2,0.65,52.5,3.0,3.0,3.0,0.0,C9H13NO2,10.0,True,
CHEMBL2062266,DIHYDROCODEINE BITARTRATE,4.0,1983.0,COc1ccc2c3c1O[C@H]1[C@@H](O)CC[C@H]4[C@@H](C2)N(C)CC[C@@]341.O=C(O)C(O)C(O)C(=O)O,ZGSZBVAEVPSPFM-FFHNEAJVSA-N,,,,,False,301.4,1.73,41.9,1.0,4.0,1.0,0.0,C18H23NO3,4.0,True,
CHEMBL2062276,LEVALLORPHAN TARTRATE,4.0,1982.0,C=CCN1CC[C@]23CCCC[C@H]2[C@H]1Cc1ccc(O)cc13.O=C(O)C(O)C(O)C(=O)O,FWMLYVACGDQRFU-MBHUSPCXSA-N,,,,,False,283.4,3.64,23.5,1.0,2.0,2.0,0.0,C19H25NO,6.0,True,
CHEMBL2062335,METOPROLOL TARTRATE,4.0,1978.0,COCCc1ccc(OCC(O)CNC(C)C)cc1.COCCc1ccc(OCC(O)CNC(C)C)cc1.O=C(O)C(O)C(O)C(=O)O,YGULWPYYGQCFMP-UHFFFAOYSA-N,,,,,False,267.4,1.61,50.7,2.0,4.0,9.0,0.0,C15H25NO3,20.0,True,
CHEMBL2063090,GRAZOPREVIR ANHYDROUS,4.0,2016.0,C=C[C@@H]1C[C@]1(NC(=O)[C@@H]1C[C@@H]2CN1C(=O)[C@H](C(C)(C)C)NC(=O)O[C@@H]1C[C@H]1CCCCCc1nc3ccc(OC)cc3nc1O2)C(=O)NS(=O)(=O)C1CC1,OBMNJSNZOWALQB-NCQNOWPTSA-N,,,,,False,766.9,3.3,195.2,3.0,11.0,7.0,0.0,C38H50N6O9S,40.0,True,
CHEMBL2064032,VONOPRAZAN FUMARATE,4.0,2022.0,CNCc1cc(-c2ccccc2F)n(S(=O)(=O)c2cccnc2)c1.O=C(O)/C=C/C(=O)O,ROGSHYHKHPCCJW-WLHGVMLRSA-N,,,,,False,345.4,2.65,64.0,1.0,4.0,5.0,0.0,C17H16FN3O2S,10.0,True,
CHEMBL2068723,CALCIUM METRIZOATE,4.0,1982.0,CC(=O)Nc1c(I)c(C(=O)[O-])c(I)c(N(C)C(C)=O)c1I.CC(=O)Nc1c(I)c(C(=O)[O-])c(I)c(N(C)C(C)=O)c1I.[Ca+2],PPUUBZDQNSSJDN-UHFFFAOYSA-L,,,,,False,626.9,1.8,89.5,1.0,4.0,3.0,-1.0,C12H10I3N2O4-,8.0,True,
CHEMBL2068724,ACAMPROSATE CALCIUM,4.0,2004.0,CC(=O)NCCCS(=O)(=O)[O-].CC(=O)NCCCS(=O)(=O)[O-].[Ca+2],BUVGWDNTAWHSKI-UHFFFAOYSA-L,,,,,False,180.2,-0.94,86.3,1.0,4.0,4.0,-1.0,C5H10NO4S-,8.0,True,
CHEMBL2068725,IPODATE CALCIUM,4.0,1982.0,CN(C)/C=N/c1c(I)cc(I)c(CCC(=O)[O-])c1I.CN(C)/C=N/c1c(I)cc(I)c(CCC(=O)[O-])c1I.[Ca+2],HVZGHKKROPCBDE-HZIJXFFPSA-L,V08AC10,,,,False,597.0,2.4,55.7,0.0,3.0,5.0,-1.0,C12H12I3N2O2-,8.0,True,
CHEMBL2068864,FLUDEOXYGLUCOSE,4.0,1994.0,OC[C@H]1OC(O)[C@H](F)[C@@H](O)[C@@H]1O,ZCXUVYAZINUVJD-IVMDWMLBSA-N,,,,,False,182.1,-2.24,90.2,4.0,5.0,1.0,0.0,C6H11FO5,10.0,True,
CHEMBL2068884,SODIUM GLUCONATE,4.0,1982.0,O=C([O-])[C@H]1O[C@H](O)[C@H](O)[C@@H](O)[C@@H]1O.[Na+],MSXHSNHNTORCAW-GGLLEASOSA-M,,,,,False,193.1,-4.46,130.3,4.0,7.0,1.0,-1.0,C6H9O7-,10.0,True,
CHEMBL2079130,VONOPRAZAN,4.0,2022.0,CNCc1cc(-c2ccccc2F)n(S(=O)(=O)c2cccnc2)c1,BFDBKMOZYNOTPK-UHFFFAOYSA-N,A02BC08,Launched,potassium-competitive acid antagonist,peptic ulcer disease (PUD),False,345.4,2.65,64.0,1.0,4.0,5.0,0.0,C17H16FN3O2S,10.0,True,
CHEMBL2079587,STANOZOLOL,4.0,1962.0,C[C@]12Cc3c[nH]nc3C[C@@H]1CC[C@@H]1[C@@H]2CC[C@@]2(C)[C@H]1CC[C@]2(C)O,LKAJKIOFIWVMDJ-IYRCEVNGSA-N,A14AA02,,,,False,328.5,4.12,48.9,2.0,2.0,0.0,0.0,C21H32N2O,2.0,True,
CHEMBL2079793,PENCICLOVIR SODIUM,4.0,1996.0,Nc1nc([O-])c2ncn(CCC(CO)CO)c2n1.[Na+],NMQFQBOIHUIALG-UHFFFAOYSA-M,,,,,False,252.3,-1.53,133.1,3.0,7.0,5.0,-1.0,C10H14N5O3-,16.0,True,
CHEMBL2095206,BOSUTINIB MONOHYDRATE,4.0,2012.0,COc1cc(Nc2c(C#N)cnc3cc(OCCCN4CCN(C)CC4)c(OC)cc23)c(Cl)cc1Cl.O,BXPOSPOKHGNMEP-UHFFFAOYSA-N,,,,,False,530.5,5.19,82.9,1.0,8.0,9.0,0.0,C26H29Cl2N5O3,18.0,True,
CHEMBL2095207,CHOLINE C-11,4.0,2012.0,C[N+](C)([11CH3])CCO.[Cl-],SGMZJAMFUVOLNK-ULWFUOSBSA-M,,,,,False,103.2,-0.32,20.2,1.0,1.0,2.0,1.0,C5H14NO+,6.0,True,
CHEMBL2095208,COBICISTAT,4.0,2012.0,CC(C)c1nc(CN(C)C(=O)N[C@@H](CCN2CCOCC2)C(=O)N[C@H](CC[C@H](Cc2ccccc2)NC(=O)OCc2cncs2)Cc2ccccc2)cs1,ZCIGNRJZKPOIKD-CQXVEOKZSA-N,V03AX03,Launched,cytochrome P450 inhibitor,human immunodeficiency virus (HIV-1),False,776.0,6.0,138.0,3.0,10.0,19.0,0.0,C40H53N7O5S2,42.0,True,
CHEMBL2095209,ICOSAPENT ETHYL,4.0,2012.0,CC/C=C\C/C=C\C/C=C\C/C=C\C/C=C\CCCC(=O)OCC,SSQPWTVBQMWLSZ-AAQCHOMXSA-N,,,,,False,330.5,6.47,26.3,0.0,2.0,14.0,0.0,C22H34O2,30.0,True,
CHEMBL2095211,LORCASERIN HYDROCHLORIDE,4.0,2012.0,C[C@H]1CNCCc2ccc(Cl)cc21.Cl,ITIHHRMYZPNGRC-QRPNPIFTSA-N,,,,,False,195.7,2.59,12.0,1.0,1.0,0.0,0.0,C11H14ClN,10.0,True,
CHEMBL2095212,MIRABEGRON,4.0,2012.0,Nc1nc(CC(=O)Nc2ccc(CCNC[C@H](O)c3ccccc3)cc2)cs1,PBAPPPCECJKMCM-IBGZPJMESA-N,G04BD12,Launched,adrenergic receptor agonist,urinary incontinence,False,396.5,2.77,100.3,4.0,6.0,9.0,0.0,C21H24N4O2S,22.0,True,
CHEMBL2096631,CLORAZEPATE DIPOTASSIUM,4.0,1972.0,O=C([O-])C1N=C(c2ccccc2)c2cc(Cl)ccc2NC1=O.[K+].[K+].[OH-],QCHSEDTUUKDTIG-UHFFFAOYSA-L,,,,,False,313.7,1.25,81.6,1.0,4.0,2.0,-1.0,C16H10ClN2O3-,10.0,True,
CHEMBL2096633,MAGNESIUM TRISILICATE,4.0,1983.0,O=[Si]([O-])O[Si]([O-])([O-])O[Si](=O)[O-].[Mg+2].[Mg+2],GXGAKHNRMVGRPK-UHFFFAOYSA-N,,,,,False,212.2,-6.27,144.8,0.0,8.0,4.0,-4.0,O8Si3-4,,False,F3_druglikeness
CHEMBL2096635,UREA C 14,4.0,1997.0,N[14C](N)=O,XSQUKJJJFZCRTK-NJFSPNSNSA-N,,,,,False,,,,,,,,,,False,F2_mw_62
CHEMBL2096642,INAMRINONE LACTATE,4.0,1984.0,CC(O)C(=O)O.Nc1cc(-c2ccncc2)c[nH]c1=O,DOSIONJFGDSKCQ-UHFFFAOYSA-N,,,,,False,187.2,1.02,71.8,2.0,3.0,1.0,0.0,C10H9N3O,4.0,True,
CHEMBL2096646,AMINOSALICYLATE SODIUM,4.0,1950.0,Nc1ccc(C(=O)[O-])c(O)c1.O.O.[Na+],GMUQJDAYXZXBOT-UHFFFAOYSA-M,J04AA02,,,,False,152.1,-0.66,86.4,2.0,4.0,1.0,-1.0,C7H6NO3-,6.0,True,
CHEMBL2096648,UREA C 13,4.0,1996.0,N[13C](N)=O,XSQUKJJJFZCRTK-OUBTZVSYSA-N,V04CX05,,,,False,,,,,,,,,,False,F2_mw_61
CHEMBL2096650,SODIUM THIOSULFATE,4.0,1992.0,O.O.O.O.O.O=S([O-])([O-])=S.[Na+].[Na+],PODWXQQNRWNDGD-UHFFFAOYSA-L,,,,,False,112.1,-1.01,63.2,0.0,4.0,0.0,-2.0,O3S2-2,0.0,True,
CHEMBL2103736,FENOPROFEN CALCIUM,4.0,1976.0,CC(C(=O)[O-])c1cccc(Oc2ccccc2)c1.CC(C(=O)[O-])c1cccc(Oc2ccccc2)c1.O.O.[Ca+2],LZPBLUATTGKZBH-UHFFFAOYSA-L,,,,,False,241.3,2.33,49.4,0.0,3.0,4.0,-1.0,C15H13O3-,8.0,True,
CHEMBL2103738,LITHIUM CITRATE,4.0,1980.0,O.O.O.O.O=C([O-])CC(O)(CC(=O)[O-])C(=O)[O-].[Li+].[Li+].[Li+],HXGWMCJZLNWEBC-UHFFFAOYSA-K,,,,,False,189.1,-5.25,140.6,1.0,7.0,5.0,-3.0,C6H5O7-3,,False,F3_druglikeness
CHEMBL2103739,EMEDASTINE DIFUMARATE,4.0,1997.0,CCOCCn1c(N2CCCN(C)CC2)nc2ccccc21.O=C(O)/C=C/C(=O)O.O=C(O)/C=C/C(=O)O,FWLKKPKZQYVAFR-LVEZLNDCSA-N,,,,,False,302.4,2.21,33.5,0.0,4.0,5.0,0.0,C17H26N4O,22.0,True,
CHEMBL2103741,LEVOTHYROXINE SODIUM,4.0,1982.0,N[C@@H](Cc1cc(I)c(Oc2cc(I)c(O)c(I)c2)c(I)c1)C(=O)[O-].O.[Na+],ANMYAHDLKVNJJO-LTCKWSDVSA-M,H03AA01,,,,False,775.9,3.22,95.6,2.0,5.0,5.0,-1.0,C15H10I4NO4-,14.0,True,
CHEMBL2103743,TOFACITINIB CITRATE,4.0,2012.0,C[C@@H]1CCN(C(=O)CC#N)C[C@@H]1N(C)c1ncnc2[nH]ccc12.O=C(O)CC(O)(CC(=O)O)C(=O)O,SYIKUFDOYJFGBQ-YLAFAASESA-N,,,,,False,312.4,1.54,88.9,1.0,5.0,3.0,0.0,C16H20N6O,8.0,True,
CHEMBL2103744,MORPHINE SULFATE,4.0,1984.0,CN1CC[C@]23c4c5ccc(O)c4O[C@H]2[C@@H](O)C=C[C@H]3[C@H]1C5.CN1CC[C@]23c4c5ccc(O)c4O[C@H]2[C@@H](O)C=C[C@H]3[C@H]1C5.O.O.O.O.O.O=S(=O)(O)O,GRVOTVYEFDAHCL-RTSZDRIGSA-N,,,,,False,285.3,1.2,52.9,2.0,4.0,0.0,0.0,C17H19NO3,4.0,True,
CHEMBL2103772,RACECADOTRIL,4.0,,CC(=O)SCC(Cc1ccccc1)C(=O)NCC(=O)OCc1ccccc1,ODUOJXZPIYUATO-UHFFFAOYSA-N,A07XA04,Launched,enkephalinase inhibitor,diarrhea,False,385.5,2.98,72.5,1.0,5.0,9.0,0.0,C21H23NO4S,22.0,True,
CHEMBL2103774,TIBOLONE,4.0,,C#C[C@]1(O)CC[C@H]2[C@@H]3[C@H](C)CC4=C(CCC(=O)C4)[C@H]3CC[C@@]21C,WZDGZWOAQTVYBX-XOINTXKNSA-N,G03CX01,Launched,androgen receptor agonist|estrogen receptor agonist|progesterone receptor agonist,endometriosis,False,312.5,3.88,37.3,1.0,2.0,0.0,0.0,C21H28O2,2.0,True,
CHEMBL2103795,AZILSARTAN KAMEDOXOMIL,4.0,2011.0,CCOc1nc2cccc(C(=O)OCc3oc(=O)oc3C)c2n1Cc1ccc(-c2ccccc2-c2noc(=O)[n-]2)cc1.[K+],IHWFKDWIUSZLCJ-UHFFFAOYSA-M,,,,,False,567.5,4.33,153.9,0.0,10.0,9.0,-1.0,C30H23N4O8-,20.0,True,
CHEMBL2103802,DAPAGLIFLOZIN PROPANEDIOL,4.0,2012.0,CCOc1ccc(Cc2cc([C@@H]3O[C@H](CO)[C@@H](O)[C@H](O)[C@H]3O)ccc2Cl)cc1.C[C@H](O)CO.O,GOADIQFWSVMMRJ-UPGAGZFNSA-N,,,,,False,408.9,1.84,99.4,4.0,6.0,6.0,0.0,C21H25ClO6,20.0,True,
CHEMBL2103822,TASIMELTEON,4.0,2014.0,CCC(=O)NC[C@@H]1C[C@H]1c1cccc2c1CCO2,PTOIAAWZLUQTIO-GXFFZTMASA-N,N05CH03,Launched,melatonin receptor agonist,Non-24-Hour Sleep-Wake Disorder,False,245.3,2.25,38.3,1.0,2.0,4.0,0.0,C15H19NO2,8.0,True,
CHEMBL2103827,DROXIDOPA,4.0,2014.0,N[C@H](C(=O)O)[C@H](O)c1ccc(O)c(O)c1,QXWYKJLNLSIPIN-JGVFFNPUSA-N,C01CA27,Launched,norepinephrine precursor,hypertension|Parkinson's Disease,False,213.2,-0.46,124.0,5.0,5.0,3.0,0.0,C9H11NO5,16.0,True,
CHEMBL2103830,FOSTAMATINIB,4.0,2018.0,COc1cc(Nc2ncc(F)c(Nc3ccc4c(n3)N(COP(=O)(O)O)C(=O)C(C)(C)O4)n2)cc(OC)c1OC,GKDRMWXFWHEQQT-UHFFFAOYSA-N,B02BX09,Launched,SYK inhibitor,chronic immune thrombocytopenia (ITP),False,580.5,3.09,186.7,4.0,12.0,10.0,0.0,C23H26FN6O9P,24.0,True,
CHEMBL2103837,TAFAMIDIS,4.0,2011.0,O=C(O)c1ccc2nc(-c3cc(Cl)cc(Cl)c3)oc2c1,TXEIIPDJKFWEEC-UHFFFAOYSA-N,N07XX08,,,,False,308.1,4.5,63.3,1.0,3.0,2.0,0.0,C14H7Cl2NO3,6.0,True,
CHEMBL2103844,PIXANTRONE DIMALEATE,4.0,2012.0,NCCNc1ccc(NCCN)c2c1C(=O)c1ccncc1C2=O.O=C(O)/C=C\C(=O)O.O=C(O)/C=C\C(=O)O,SVAGFBGXEWPNJC-SPIKMXEPSA-N,,,,,False,325.4,0.6,123.1,4.0,7.0,6.0,0.0,C17H19N5O2,16.0,True,
CHEMBL2103846,ULIPRISTAL,4.0,,CC(=O)[C@@]1(O)CC[C@H]2[C@@H]3CCC4=CC(=O)CCC4=C3[C@@H](c3ccc(N(C)C)cc3)C[C@@]21C,HKDLNTKNLJPAIY-WKWWZUSTSA-N,G03XB02;G03AD02,Launched,progesterone receptor antagonist,contraceptive,False,433.6,4.97,57.6,1.0,4.0,3.0,0.0,C28H35NO3,8.0,True,
CHEMBL2103854,OMADACYCLINE TOSYLATE,4.0,2018.0,CN(C)c1cc(CNCC(C)(C)C)c(O)c2c1C[C@H]1C[C@H]3[C@H](N(C)C)C(O)=C(C(N)=O)C(=O)[C@@]3(O)C(O)=C1C2=O.Cc1ccc(S(=O)(=O)O)cc1,SETFNHZTVGTBHC-XGLFQKEBSA-N,,,,,False,556.7,1.32,176.7,6.0,10.0,6.0,0.0,C29H40N4O7,22.0,True,
CHEMBL2103855,TELOTRISTAT,4.0,,Cc1ccn(-c2cc(Cl)ccc2[C@@H](Oc2cc(-c3ccc(C[C@H](N)C(=O)O)cc3)nc(N)n2)C(F)(F)F)n1,NCLGDOBQAWBXRA-PGRDOPGGSA-N,A16AX15,Launched,tryptophan hydroxylase inhibitor,diarrhea,False,546.9,4.51,142.2,3.0,7.0,8.0,0.0,C25H22ClF3N6O3,24.0,True,
CHEMBL2103868,CABOZANTINIB S-MALATE,4.0,2012.0,COc1cc2nccc(Oc3ccc(NC(=O)C4(C(=O)Nc5ccc(F)cc5)CC4)cc3)c2cc1OC.O=C(O)C[C@H](O)C(=O)O,HFCFMRYTXDINDK-WNQIDUERSA-N,,,,,False,501.5,5.54,98.8,2.0,6.0,8.0,0.0,C28H24FN3O5,16.0,True,
CHEMBL2103870,LUMACAFTOR,4.0,2015.0,Cc1ccc(NC(=O)C2(c3ccc4c(c3)OC(F)(F)O4)CC2)nc1-c1cccc(C(=O)O)c1,UFSKUSARDNFIRC-UHFFFAOYSA-N,,Launched,CFTR channel agonist,cystic fibrosis,False,452.4,4.75,97.8,2.0,5.0,5.0,0.0,C24H18F2N2O5,12.0,True,
CHEMBL2103872,CEFTOLOZANE,4.0,2014.0,Cn1c(N)c(NC(=O)NCCN)c[n+]1CC1=C(C(=O)O)N2C(=O)[C@@H](NC(=O)/C(=N\OC(C)(C)C(=O)[O-])c3nsc(N)n3)[C@H]2SC1,JHFNIHVVXRKLEF-DCZLAGFPSA-N,,,,,False,666.7,-3.9,302.2,7.0,15.0,12.0,0.0,C23H30N12O8S2,32.0,True,
CHEMBL2103873,MACITENTAN,4.0,2010.0,CCCNS(=O)(=O)Nc1ncnc(OCCOc2ncc(Br)cn2)c1-c1ccc(Br)cc1,JGCMEBMXRHSZKX-UHFFFAOYSA-N,C02KX04,Launched,endothelin receptor antagonist,contraceptive,False,588.3,3.57,128.2,2.0,8.0,11.0,0.0,C19H20Br2N6O4S,22.0,True,
CHEMBL2103875,TRAMETINIB,4.0,2013.0,CC(=O)Nc1cccc(-n2c(=O)n(C3CC3)c(=O)c3c(Nc4ccc(I)cc4F)n(C)c(=O)c(C)c32)c1,LIRYPHYGHXZJBZ-UHFFFAOYSA-N,L01EE01,Launched,MEK inhibitor,melanoma,False,615.4,3.94,107.1,2.0,5.0,5.0,0.0,C26H23FIN5O4,10.0,True,
CHEMBL2103877,EFINACONAZOLE,4.0,2014.0,C=C1CCN([C@H](C)[C@](O)(Cn2cncn2)c2ccc(F)cc2F)CC1,NFEZZTICAUWDHU-RDTXWAMCSA-N,D01AC19,Launched,lanosterol demethylase inhibitor,onychomycosis,False,348.4,2.48,54.2,1.0,4.0,5.0,0.0,C18H22F2N4O,12.0,True,
CHEMBL2103883,AVATROMBOPAG,4.0,2018.0,O=C(Nc1nc(-c2cc(Cl)cs2)c(N2CCN(C3CCCCC3)CC2)s1)c1cnc(N2CCC(C(=O)O)CC2)c(Cl)c1,OFZJKCQENFPZBH-UHFFFAOYSA-N,B02BX08,Launched,thrombopoietin receptor agonist,thrombocytopenia,False,649.7,6.58,101.9,2.0,9.0,7.0,0.0,C29H34Cl2N6O3S2,16.0,True,
CHEMBL2103929,LYMECYCLINE,4.0,,CN(C)[C@@H]1C(O)=C(C(=O)NCNCCCC[C@H](N)C(=O)O)C(=O)[C@@]2(O)C(O)=C3C(=O)c4c(O)cccc4[C@@](C)(O)[C@H]3C[C@@H]12,AHEVKYYGXVEWNO-UEPZRUIBSA-N,J01AA04,Launched,bacterial 50S ribosomal subunit inhibitor,acne vulgaris (AV),False,602.6,-0.45,243.0,9.0,12.0,10.0,0.0,C29H38N4O10,34.0,True,
CHEMBL2104095,CHOLINE SALICYLATE,4.0,,C[N+](C)(C)CCO.O=C([O-])c1ccccc1O,UDKCHVLMFQVBAA-UHFFFAOYSA-M,N02BA03,,,,False,104.2,-0.32,20.2,1.0,1.0,2.0,1.0,C5H14NO+,6.0,True,
CHEMBL2104136,CLOMACRAN PHOSPHATE,4.0,,CN(C)CCCC1c2ccccc2Nc2ccc(Cl)cc21.O=P(O)(O)O,SKKDWRIEPIZVOR-UHFFFAOYSA-N,,,,,False,300.8,4.87,15.3,1.0,2.0,4.0,0.0,C18H21ClN2,8.0,True,
CHEMBL2104287,DIBENZEPIN HYDROCHLORIDE,4.0,,CN(C)CCN1C(=O)c2ccccc2N(C)c2ccccc21.Cl,RJPZIQRLRMWPRF-UHFFFAOYSA-N,,,,,False,295.4,2.98,26.8,0.0,3.0,3.0,0.0,C18H21N3O,6.0,True,
CHEMBL2104356,KETAZOLAM,4.0,,CC1=CC(=O)N2CC(=O)N(C)c3ccc(Cl)cc3C2(c2ccccc2)O1,PWAJCNITSBZRBL-UHFFFAOYSA-N,N05BA10,,,,False,368.8,3.28,49.9,0.0,3.0,1.0,0.0,C20H17ClN2O3,10.0,True,
CHEMBL2104415,MOXIDECTIN,4.0,2018.0,CO/N=C1\C[C@]2(C[C@@H]3C[C@@H](C/C=C(\C)C[C@@H](C)/C=C/C=C4\CO[C@@H]5[C@H](O)C(C)=C[C@@H](C(=O)O3)[C@]45O)O2)O[C@H](/C(C)=C/C(C)C)[C@H]1C,YZBLFMPOMVTDJY-LSGXYNIPSA-N,P02CX03,Launched,chloride channel antagonist,gastrointestinal parasites,False,639.8,5.73,116.0,2.0,9.0,3.0,0.0,C37H53NO8,26.0,True,
CHEMBL2104445,TRITOQUALINE,4.0,,CCOc1c(N)c2c(c(OCC)c1OCC)C(C1c3c(cc4c(c3OC)OCO4)CCN1C)OC2=O,IRGJVQIJENCTQF-UHFFFAOYSA-N,R06AX21,,,,False,500.5,3.64,110.9,1.0,10.0,8.0,0.0,C26H32N2O8,18.0,True,
CHEMBL2104489,ANAGESTONE ACETATE,4.0,,CC(=O)O[C@]1(C(C)=O)CCC2[C@@H]3C[C@H](C)C4=CCCC[C@]4(C)[C@H]3CC[C@@]21C,KDLNOQQQEBKBQM-HDFGVWRLSA-N,,,,,False,372.5,5.48,43.4,0.0,3.0,2.0,0.0,C24H36O3,6.0,True,
CHEMBL2104537,AMOPROXAN,4.0,,COc1cc(C(=O)OC(COCCC(C)C)CN2CCOCC2)cc(OC)c1OC,YOKPRDAUBGOISU-UHFFFAOYSA-N,,,,,False,425.5,2.63,75.7,0.0,8.0,12.0,0.0,C22H35NO7,26.0,True,
CHEMBL2104594,CALCIUM GLUBIONATE,4.0,,O.O=C([O-])[C@H](O)[C@@H](O)[C@H](O)[C@H](O)CO.O=C([O-])[C@H](O)[C@@H](O)[C@H](O[C@@H]1O[C@H](CO)[C@H](O)[C@H](O)[C@H]1O)[C@H](O)CO.[Ca+2],OKRXSXDSNLJCRS-NLOQLBMISA-L,A12AA02,,,,False,357.3,-7.0,220.4,8.0,12.0,8.0,-1.0,C12H21O12-,32.0,True,
CHEMBL2104793,PYROVALERONE HYDROCHLORIDE,4.0,,CCCC(C(=O)c1ccc(C)cc1)N1CCCC1.Cl,MWRACNBZNVAJHE-UHFFFAOYSA-N,,,,,False,245.4,3.44,20.3,0.0,2.0,5.0,0.0,C16H23NO,10.0,True,
CHEMBL2104910,SULFADICRAMIDE,4.0,,CC(C)=CC(=O)NS(=O)(=O)c1ccc(N)cc1,XRVJPLDTMUSSDE-UHFFFAOYSA-N,S01AB03,,,,False,254.3,1.04,89.3,2.0,4.0,3.0,0.0,C11H14N2O3S,8.0,True,
CHEMBL2104941,INDORAMIN HYDROCHLORIDE,4.0,,Cl.O=C(NC1CCN(CCc2c[nH]c3ccccc23)CC1)c1ccccc1,AFJSFHAKSSWOKG-UHFFFAOYSA-N,,,,,False,347.5,3.6,48.1,2.0,2.0,5.0,0.0,C22H25N3O,10.0,True,
CHEMBL2104993,VORTIOXETINE,4.0,2013.0,Cc1ccc(Sc2ccccc2N2CCNCC2)c(C)c1,YQNWZWMKLDQSAC-UHFFFAOYSA-N,N06AX26,Launched,serotonin receptor agonist|serotonin receptor antagonist,depression,False,298.5,3.86,15.3,1.0,3.0,3.0,0.0,C18H22N2S,6.0,True,
CHEMBL2105023,INDIGOTINDISULFONATE SODIUM,4.0,2022.0,O=C1/C(=C2\Nc3ccc(S(=O)(=O)[O-])cc3C2=O)Nc2ccc(S(=O)(=O)[O-])cc21.[Na+].[Na+],KHLVKKOJDHCJMG-QDBORUFSSA-L,V04CH02,,,,False,420.4,0.62,172.6,2.0,10.0,2.0,-2.0,C16H8N2O8S2-2,4.0,True,
CHEMBL2105131,MEFRUSIDE,4.0,,CN(CC1(C)CCCO1)S(=O)(=O)c1ccc(Cl)c(S(N)(=O)=O)c1,SMNOERSLNYGGOU-UHFFFAOYSA-N,C03BA05,,,,False,382.9,1.18,106.8,1.0,5.0,5.0,0.0,C13H19ClN2O5S2,12.0,True,
CHEMBL2105224,PHOLCODINE,4.0,,CN1CC[C@]23c4c5ccc(OCCN6CCOCC6)c4O[C@H]2[C@@H](O)C=C[C@H]3[C@H]1C5,GPFAJKDEDBRFOS-FKQDBXSBSA-N,R05DA08,,,,False,398.5,1.2,54.4,1.0,6.0,4.0,0.0,C23H30N2O4,10.0,True,
CHEMBL2105233,PROXIBARBAL,4.0,,C=CCC1(CC(C)O)C(=O)NC(=O)NC1=O,VNLMRPAWAMPLNZ-UHFFFAOYSA-N,N05CA22,,,,False,226.2,-0.31,95.5,3.0,4.0,4.0,0.0,C10H14N2O4,10.0,True,
CHEMBL2105248,POTASSIUM BITARTRATE,4.0,2020.0,O=C([O-])[C@H](O)[C@@H](O)C(=O)O.[K+],KYKNRZGSIGMXFH-ZVGUSBNCSA-M,A12BA03,,,,False,149.1,-3.46,117.9,3.0,5.0,3.0,-1.0,C4H5O6-,12.0,True,
CHEMBL2105275,PROPYLHEXEDRINE,4.0,,CNC(C)CC1CCCCC1,JCRIVQIOJSSCQD-UHFFFAOYSA-N,,Launched,adrenergic receptor agonist,nasal congestion|fever|allergic rhinitis,False,155.3,2.56,12.0,1.0,1.0,3.0,0.0,C10H21N,6.0,True,
CHEMBL2105345,PROPANIDID,4.0,,CCCOC(=O)Cc1ccc(OCC(=O)N(CC)CC)c(OC)c1,KEJXLQUPYHWCNM-UHFFFAOYSA-N,N01AX04,,,,False,337.4,2.44,65.1,0.0,5.0,10.0,0.0,C18H27NO5,22.0,True,
CHEMBL2105395,OSPEMIFENE,4.0,2013.0,OCCOc1ccc(/C(=C(/CCCl)c2ccccc2)c2ccccc2)cc1,LUMKNAVTFCDUIE-VHXPQNKSSA-N,G03XC05,Launched,selective estrogen receptor modulator (SERM),vaginal atrophy|dyspareunia|menopause,False,378.9,5.65,29.5,1.0,2.0,8.0,0.0,C24H23ClO2,18.0,True,
CHEMBL2105420,TAUROLIDINE,4.0,2023.0,O=S1(=O)CCN(CN2CCS(=O)(=O)NC2)CN1,AJKIRUJIDFJUKJ-UHFFFAOYSA-N,B05CA05,Launched,apoptosis stimulant,catheter-related bloodstream infection,False,284.4,-2.67,98.8,2.0,6.0,2.0,0.0,C7H16N4O4S2,4.0,True,
CHEMBL2105458,THENALIDINE,4.0,,CN1CCC(N(Cc2cccs2)c2ccccc2)CC1,KLOHYVOVXOUKQI-UHFFFAOYSA-N,R06AX53;D04AA03;R06AX03,,,,False,286.4,3.85,6.5,0.0,3.0,4.0,0.0,C17H22N2S,8.0,True,
CHEMBL2105497,ZIPEPROL,4.0,,COC(CN1CCN(CC(O)C(OC)c2ccccc2)CC1)c1ccccc1,VSTNNAYSCJQCQI-UHFFFAOYSA-N,R05DB15,,,,False,384.5,2.74,45.2,1.0,5.0,9.0,0.0,C23H32N2O3,20.0,True,
CHEMBL2105527,TETRAZEPAM,4.0,,CN1C(=O)CN=C(C2=CCCCC2)c2cc(Cl)ccc21,IQWYAQCHYZHJOS-UHFFFAOYSA-N,M03BX07,,,,False,288.8,3.61,32.7,0.0,2.0,1.0,0.0,C16H17ClN2O,10.0,True,
CHEMBL2105566,FENPROPOREX,4.0,,CC(Cc1ccccc1)NCCC#N,IQUFSXIQAFPIMR-UHFFFAOYSA-N,,,,,False,188.3,2.12,35.8,1.0,2.0,5.0,0.0,C12H16N2,10.0,True,
CHEMBL2105581,VERALIPRIDE,4.0,1979.0,C=CCN1CCCC1CNC(=O)c1cc(S(N)(=O)=O)cc(OC)c1OC,RYJXBGGBZJGVQF-UHFFFAOYSA-N,N05AL06,Preclinical,dopamine receptor antagonist,,False,383.5,0.73,111.0,2.0,6.0,8.0,0.0,C17H25N3O5S,18.0,True,
CHEMBL2105611,TACALCITOL,4.0,,C=C1/C(=C\C=C2/CCC[C@]3(C)[C@@H]([C@H](C)CC[C@@H](O)C(C)C)CC[C@@H]23)C[C@@H](O)C[C@@H]1O,BJYLYJCXYAMOFT-RSFVBTMBSA-N,D05AX04,Launched,vitamin D receptor agonist,psoriasis|chapped lips,False,416.6,5.56,60.7,3.0,3.0,6.0,0.0,C27H44O3,18.0,True,
CHEMBL2105613,DIVALPROEX SODIUM,4.0,1983.0,CCCC(CCC)C(=O)O.CCCC(CCC)C(=O)[O-].[Na+],MSRILKIQRXUYCT-UHFFFAOYSA-M,,,,,False,144.2,2.29,37.3,1.0,1.0,5.0,0.0,C8H16O2,12.0,True,
CHEMBL2105629,VINFLUNINE DITARTRATE,4.0,2009.0,CC[C@]12C=CCN3CC[C@@]4(c5cc([C@@]6(C(=O)OC)C[C@@H]7C[C@@H](C(C)(F)F)CN(Cc8c6[nH]c6ccccc86)C7)c(OC)cc5N(C)[C@H]4[C@@](O)(C(=O)OC)[C@@H]1OC(C)=O)[C@@H]32.O=C(O)C(O)C(O)C(=O)O.O=C(O)C(O)C(O)C(=O)O,YIHUEPHBPPAAHH-PEPODRRYSA-N,,,,,False,816.9,5.08,133.9,2.0,11.0,7.0,0.0,C45H54F2N4O8,30.0,True,
CHEMBL2105637,DELAFLOXACIN,4.0,2017.0,Nc1nc(-n2cc(C(=O)O)c(=O)c3cc(F)c(N4CC(O)C4)c(Cl)c32)c(F)cc1F,DYDCPNMLZGFQTM-UHFFFAOYSA-N,J01MA23,Phase 3,antiinfective drug,,False,440.8,1.92,121.7,3.0,6.0,3.0,0.0,C18H12ClF3N4O4,12.0,True,
CHEMBL2105638,DELAFLOXACIN MEGLUMINE,4.0,2017.0,CNC[C@H](O)[C@@H](O)[C@H](O)[C@H](O)CO.Nc1nc(-n2cc(C(=O)O)c(=O)c3cc(F)c(N4CC(O)C4)c(Cl)c32)c(F)cc1F,AHJGUEMIZPMAMR-WZTVWXICSA-N,,,,,False,440.8,1.92,121.7,3.0,6.0,3.0,0.0,C18H12ClF3N4O4,12.0,True,
CHEMBL2105648,PALOVAROTENE,4.0,2023.0,CC1(C)CCC(C)(C)c2cc(Cn3cccn3)c(/C=C/c3ccc(C(=O)O)cc3)cc21,YTFHCXIPDIHOIA-DHZHZOJOSA-N,M09AX11,Phase 3,retinoid receptor agonist,,False,414.5,6.15,55.1,1.0,2.0,5.0,0.0,C27H30N2O2,12.0,True,
CHEMBL2105662,LOMITAPIDE MESYLATE,4.0,2012.0,CS(=O)(=O)O.O=C(NC1CCN(CCCCC2(C(=O)NCC(F)(F)F)c3ccccc3-c3ccccc32)CC1)c1ccccc1-c1ccc(C(F)(F)F)cc1,QKVKOFVWUHNEBX-UHFFFAOYSA-N,,,,,False,693.7,8.38,61.4,2.0,3.0,10.0,0.0,C39H37F6N3O2,24.0,True,
CHEMBL2105669,TEDIZOLID PHOSPHATE,4.0,2014.0,Cn1nnc(-c2ccc(-c3ccc(N4C[C@H](COP(=O)(O)O)OC4=O)cc3F)cn2)n1,QCGUSIANLFXSGE-GFCCVEGCSA-N,,,,,False,450.3,1.51,152.8,2.0,8.0,6.0,0.0,C17H16FN6O6P,16.0,True,
CHEMBL2105675,TAFAMIDIS MEGLUMINE,4.0,2011.0,CNC[C@H](O)[C@@H](O)[C@H](O)[C@H](O)CO.O=C(O)c1ccc2nc(-c3cc(Cl)cc(Cl)c3)oc2c1,DQJDBUPLRMRBAB-WZTVWXICSA-N,,,,,False,195.2,-3.36,113.2,6.0,6.0,6.0,0.0,C7H17NO5,22.0,True,
CHEMBL2105680,RIFAMYCIN SODIUM,4.0,2018.0,CO[C@H]1/C=C/O[C@@]2(C)Oc3c(C)c([O-])c4c(O)c(cc(O)c4c3C2=O)NC(=O)/C(C)=C\C=C\[C@H](C)[C@H](O)[C@@H](C)[C@@H](O)[C@@H](C)[C@H](OC(C)=O)[C@@H]1C.[Na+],YVOFSHPIJOYKSH-NLYBMVFSSA-M,,,,,False,696.8,4.12,204.1,5.0,12.0,2.0,-1.0,C37H46NO12-,40.0,True,
CHEMBL2105682,EDOXABAN TOSYLATE,4.0,2015.0,CN1CCc2nc(C(=O)N[C@@H]3C[C@@H](C(=O)N(C)C)CC[C@@H]3NC(=O)C(=O)Nc3ccc(Cl)cn3)sc2C1.Cc1ccc(S(=O)(=O)O)cc1,ZLFZITWZOYXXAW-QXXZOGQOSA-N,,,,,False,548.1,1.29,136.6,3.0,8.0,5.0,0.0,C24H30ClN7O4S,12.0,True,
CHEMBL2105684,SELUMETINIB SULFATE,4.0,2020.0,Cn1cnc2c(F)c(Nc3ccc(Br)cc3Cl)c(C(=O)NOCCO)cc21.O=S(=O)(O)O,GRKFGZYYYYISDX-UHFFFAOYSA-N,,,,,False,457.7,3.53,88.4,3.0,5.0,6.0,0.0,C17H15BrClFN4O3,14.0,True,
CHEMBL2105689,LULICONAZOLE,4.0,2013.0,N#C/C(=C1/SC[C@@H](c2ccc(Cl)cc2Cl)S1)n1ccnc1,YTAOBBFIOAEMLL-REQDGWNSSA-N,D01AC18,Launched,sterol demethylase inhibitor,tinea pedis|tinea cruris|tinea corporis,False,354.3,5.06,41.6,0.0,4.0,2.0,0.0,C14H9Cl2N3S2,4.0,True,
CHEMBL2105695,TELOTRISTAT ETHYL,4.0,2017.0,CCOC(=O)[C@@H](N)Cc1ccc(-c2cc(O[C@H](c3ccc(Cl)cc3-n3ccc(C)n3)C(F)(F)F)nc(N)n2)cc1,MDSQOJYHHZBZKA-GBXCKJPGSA-N,,,,,False,575.0,4.99,131.2,2.0,8.0,9.0,0.0,C27H26ClF3N6O3,26.0,True,
CHEMBL2105700,BEDAQUILINE FUMARATE,4.0,2012.0,COc1nc2ccc(Br)cc2cc1[C@@H](c1ccccc1)[C@@](O)(CCN(C)C)c1cccc2ccccc12.O=C(O)/C=C/C(=O)O,ZLVSPMRFRHMMOY-WWCCMVHESA-N,,,,,False,555.5,7.13,45.6,1.0,4.0,8.0,0.0,C32H31BrN2O2,18.0,True,
CHEMBL2105704,LENVATINIB MESYLATE,4.0,2015.0,COc1cc2nccc(Oc3ccc(NC(=O)NC4CC4)c(Cl)c3)c2cc1C(N)=O.CS(=O)(=O)O,HWLFIUUAYLEFCT-UHFFFAOYSA-N,,,,,False,426.9,4.07,115.6,3.0,5.0,6.0,0.0,C21H19ClN4O4,12.0,True,
CHEMBL2105708,PONATINIB HYDROCHLORIDE,4.0,2012.0,Cc1ccc(C(=O)Nc2ccc(CN3CCN(C)CC3)c(C(F)(F)F)c2)cc1C#Cc1cnc2cccnn12.Cl,BWTNNZPNKQIADY-UHFFFAOYSA-N,,,,,False,532.6,4.46,65.8,1.0,5.0,4.0,0.0,C29H27F3N6O,12.0,True,
CHEMBL2105709,QUIZARTINIB DIHYDROCHLORIDE,4.0,2023.0,CC(C)(C)c1cc(NC(=O)Nc2ccc(-c3cn4c(n3)sc3cc(OCCN5CCOCC5)ccc34)cc2)no1.Cl.Cl,DHYPGRVMIOATAE-UHFFFAOYSA-N,,,,,False,560.7,5.86,106.2,2.0,8.0,7.0,0.0,C29H32N6O4S,16.0,True,
CHEMBL2105711,TOFOGLIFLOZIN,4.0,,CCc1ccc(Cc2ccc3c(c2)[C@]2(OC3)O[C@H](CO)[C@@H](O)[C@H](O)[C@H]2O)cc1.O,ZXOCGDDVNPDRIW-NHFZGCSJSA-N,,Launched,sodium/glucose cotransporter inhibitor,diabetes mellitus,False,386.4,1.0,99.4,4.0,6.0,4.0,0.0,C22H26O6,16.0,True,
CHEMBL2105712,AFATINIB DIMALEATE,4.0,2013.0,CN(C)C/C=C/C(=O)Nc1cc2c(Nc3ccc(F)c(Cl)c3)ncnc2cc1O[C@H]1CCOC1.O=C(O)/C=C\C(=O)O.O=C(O)/C=C\C(=O)O,USNRYVNRPYXCSP-JUGPPOIOSA-N,,,,,False,485.9,4.39,88.6,2.0,7.0,8.0,0.0,C24H25ClFN5O3,16.0,True,
CHEMBL2105717,CABOZANTINIB,4.0,2012.0,COc1cc2nccc(Oc3ccc(NC(=O)C4(C(=O)Nc5ccc(F)cc5)CC4)cc3)c2cc1OC,ONIQOQHATWINJY-UHFFFAOYSA-N,L01EX07,Launched,RET tyrosine kinase inhibitor|VEGFR inhibitor,medullary thyroid cancer (MTC),False,501.5,5.54,98.8,2.0,6.0,8.0,0.0,C28H24FN3O5,16.0,True,
CHEMBL2105719,DACOMITINIB,4.0,2018.0,COc1cc2ncnc(Nc3ccc(F)c(Cl)c3)c2cc1NC(=O)/C=C/CN1CCCCC1.O,BSPLGGCPNTZPIH-IPZCTEOASA-N,L01EB07,Launched,EGFR inhibitor,,False,469.9,5.16,79.4,2.0,6.0,7.0,0.0,C24H25ClFN5O2,14.0,True,
CHEMBL2105720,LESINURAD,4.0,2015.0,O=C(O)CSc1nnc(Br)n1-c1ccc(C2CC2)c2ccccc12,FGQFOYHRJSUHMR-UHFFFAOYSA-N,M04AB05,Launched,uric acid diuretic,gout,False,404.3,4.24,68.0,1.0,4.0,5.0,0.0,C17H14BrN3O2S,12.0,True,
CHEMBL2105722,NOMEGESTROL,4.0,,CC(=O)[C@@]1(O)CC[C@H]2[C@@H]3C=C(C)C4=CC(=O)CC[C@@H]4[C@H]3CC[C@@]21C,KZUIYQJTUIACIG-YBZCJVABSA-N,G03DB04,,,,False,328.5,3.61,54.4,1.0,3.0,1.0,0.0,C21H28O3,4.0,True,
CHEMBL2105729,DABRAFENIB MESYLATE,4.0,2013.0,CC(C)(C)c1nc(-c2cccc(NS(=O)(=O)c3c(F)cccc3F)c2F)c(-c2ccnc(N)n2)s1.CS(=O)(=O)O,YKGMKSIHIVVYKY-UHFFFAOYSA-N,,,,,False,519.6,5.36,110.9,2.0,7.0,5.0,0.0,C23H20F3N5O2S2,14.0,True,
CHEMBL2105732,LEVOMILNACIPRAN HYDROCHLORIDE,4.0,2013.0,CCN(CC)C(=O)[C@@]1(c2ccccc2)C[C@H]1CN.Cl,XNCDYJFPRPDERF-NQQJLSKUSA-N,,,,,False,246.4,1.77,46.3,1.0,2.0,5.0,0.0,C15H22N2O,12.0,True,
CHEMBL2105735,ASUNAPREVIR,4.0,2014.0,C=C[C@@H]1C[C@]1(NC(=O)[C@@H]1C[C@@H](Oc2ncc(OC)c3ccc(Cl)cc23)CN1C(=O)[C@@H](NC(=O)OC(C)(C)C)C(C)(C)C)C(=O)NS(=O)(=O)C1CC1,XRWSZZJLZRKHHD-WVWIJVSJSA-N,J05AP06,Phase 3,HCV inhibitor,,False,748.3,3.85,182.3,3.0,10.0,11.0,0.0,C35H46ClN5O9S,30.0,True,
CHEMBL2105737,SONIDEGIB,4.0,2015.0,Cc1c(C(=O)Nc2ccc(N3C[C@@H](C)O[C@@H](C)C3)nc2)cccc1-c1ccc(OC(F)(F)F)cc1,VZZJRYRQSPEMTK-CALCHBBNSA-N,L01XJ02,Launched,smoothened receptor antagonist,basal cell carcinoma (BCC),False,485.5,5.82,63.7,1.0,5.0,5.0,0.0,C26H26F3N3O3,12.0,True,
CHEMBL2105740,SITAXENTAN SODIUM,4.0,2006.0,Cc1cc2c(cc1CC(=O)c1sccc1S(=O)(=O)[N-]c1onc(C)c1Cl)OCO2.[Na+],MDTNUYUCUYPIHE-UHFFFAOYSA-N,,,,,False,453.9,4.55,109.8,0.0,8.0,6.0,-1.0,C18H14ClN2O6S2-,12.0,True,
CHEMBL2105741,TRAMETINIB DIMETHYL SULFOXIDE,4.0,2013.0,CC(=O)Nc1cccc(-n2c(=O)n(C3CC3)c(=O)c3c(Nc4ccc(I)cc4F)n(C)c(=O)c(C)c32)c1.C[S+](C)[O-],OQUFJVRYDFIQBW-UHFFFAOYSA-N,,,,,False,615.4,3.94,107.1,2.0,5.0,5.0,0.0,C26H23FIN5O4,10.0,True,
CHEMBL2105743,OLODATEROL HYDROCHLORIDE,4.0,2014.0,COc1ccc(CC(C)(C)NC[C@H](O)c2cc(O)cc3c2OCC(=O)N3)cc1.Cl,KCEHVJZZIGJAAW-FERBBOLQSA-N,,,,,False,386.4,2.38,100.1,4.0,6.0,7.0,0.0,C21H26N2O5,18.0,True,
CHEMBL2105745,GLYCEROL PHENYLBUTYRATE,4.0,2013.0,O=C(CCCc1ccccc1)OCC(COC(=O)CCCc1ccccc1)OC(=O)CCCc1ccccc1,ZSDBFLMJVAGKOU-UHFFFAOYSA-N,A16AX09,,,,False,530.7,6.05,78.9,0.0,6.0,17.0,0.0,C33H38O6,40.0,True,
CHEMBL2105748,PRUCALOPRIDE SUCCINATE,4.0,2009.0,COCCCN1CCC(NC(=O)c2cc(Cl)c(N)c3c2OCC3)CC1.O=C(O)CCC(=O)O,QZRSNVSQLGRAID-UHFFFAOYSA-N,,,,,False,367.9,2.09,76.8,2.0,5.0,6.0,0.0,C18H26ClN3O3,14.0,True,
CHEMBL2105749,SAMIDORPHAN L-MALATE,4.0,2021.0,NC(=O)c1ccc2c(c1O)[C@]13CCN(CC4CC4)[C@H](C2)[C@]1(O)CCC(=O)C3.O=C(O)C[C@H](O)C(=O)O,RARHXUAUPNYAJF-QSYGGRRVSA-N,,,,,False,370.4,1.25,103.9,3.0,5.0,3.0,0.0,C21H26N2O4,10.0,True,
CHEMBL2105754,TRELAGLIPTIN SUCCINATE,4.0,,Cn1c(=O)cc(N2CCC[C@@H](N)C2)n(Cc2cc(F)ccc2C#N)c1=O.O=C(O)CCC(=O)O,OGCNTTUPLQTBJI-XFULWGLBSA-N,,,,,False,357.4,0.53,97.1,1.0,5.0,3.0,0.0,C18H20FN5O2,8.0,True,
CHEMBL2105755,NALDEMEDINE,4.0,2017.0,CC(C)(NC(=O)C1=C(O)[C@@H]2Oc3c(O)ccc4c3[C@@]23CCN(CC2CC2)[C@H](C4)[C@]3(O)C1)c1nc(-c2ccccc2)no1,AXQACEQYCPKDMV-RZAWKFBISA-N,A06AH05,,,,False,570.6,3.48,141.2,4.0,9.0,6.0,0.0,C32H34N4O6,18.0,True,
CHEMBL2105756,TIVOZANIB HYDROCHLORIDE,4.0,2017.0,COc1cc2nccc(Oc3ccc(NC(=O)Nc4cc(C)on4)c(Cl)c3)c2cc1OC.Cl.O,RQXMKRRBJITKRN-UHFFFAOYSA-N,,,,,False,454.9,5.64,107.7,2.0,7.0,6.0,0.0,C22H19ClN4O5,12.0,True,
CHEMBL2105758,AVATROMBOPAG MALEATE,4.0,2018.0,O=C(Nc1nc(-c2cc(Cl)cs2)c(N2CCN(C3CCCCC3)CC2)s1)c1cnc(N2CCC(C(=O)O)CC2)c(Cl)c1.O=C(O)/C=C\C(=O)O,MISPBGHDNZYFNM-BTJKTKAUSA-N,,,,,False,649.7,6.58,101.9,2.0,9.0,7.0,0.0,C29H34Cl2N6O3S2,16.0,True,
CHEMBL2105759,BARICITINIB,4.0,2017.0,CCS(=O)(=O)N1CC(CC#N)(n2cc(-c3ncnc4[nH]ccc34)cn2)C1,XUZMWHLSFXCVMG-UHFFFAOYSA-N,L04AF02,Launched,JAK inhibitor,rheumatoid arthritis,False,371.4,1.1,120.6,1.0,6.0,5.0,0.0,C16H17N7O2S,10.0,True,
CHEMBL2105760,BREXPIPRAZOLE,4.0,2015.0,O=c1ccc2ccc(OCCCCN3CCN(c4cccc5sccc45)CC3)cc2[nH]1,ZKIAIYBUSXZPLP-UHFFFAOYSA-N,N05AX16,Launched,dopamine receptor partial agonist,depression|schizophrenia,False,433.6,4.72,48.6,1.0,5.0,7.0,0.0,C25H27N3O2S,14.0,True,
CHEMBL2105762,OMARIGLIPTIN,4.0,2015.0,CS(=O)(=O)n1cc2c(n1)CN([C@H]1CO[C@H](c3cc(F)ccc3F)[C@@H](N)C1)C2,MKMPWKUAHLTIBJ-ISTRZQFTSA-N,,Launched,dipeptidyl peptidase inhibitor,diabetes mellitus,False,398.4,1.14,90.5,1.0,6.0,3.0,0.0,C17H20F2N4O3S,8.0,True,
CHEMBL2105827,"GLYCEROL, IODINATED",4.0,,CC(I)C1OCC(CO)O1,LTINPJMVDKPJJI-UHFFFAOYSA-N,,,,,False,258.1,0.54,38.7,1.0,3.0,2.0,0.0,C6H11IO3,6.0,True,
CHEMBL2105842,CORTIVAZOL,4.0,,CC(=O)OCC(=O)[C@@]1(O)[C@H](C)C[C@H]2[C@@H]3C=C(C)C4=Cc5c(cnn5-c5ccccc5)C[C@]4(C)[C@H]3[C@@H](O)C[C@@]21C,RKHQGWMMUURILY-UHRZLXHJSA-N,H02AB17,,,,False,530.7,4.3,101.7,2.0,6.0,4.0,0.0,C32H38N2O5,14.0,True,
CHEMBL2105897,BARIUM SULFATE,4.0,2016.0,O=S(=O)([O-])[O-].[Ba+2],TZCXTZWJZNENPQ-UHFFFAOYSA-L,,,,,False,,,,,,,,,,False,F2_mw_96
CHEMBL2105904,BARBITAL SODIUM,4.0,,CCC1(CC)C(=O)[N-]C(=O)NC1=O.[Na+],RGHFKWPGWBFQLN-UHFFFAOYSA-M,,,,,False,183.2,0.94,77.3,1.0,3.0,2.0,-1.0,C8H11N2O3-,4.0,True,
CHEMBL2105941,AMOBARBITAL SODIUM,4.0,,CCC1(CCC(C)C)C(=O)N=C([O-])NC1=O.[Na+],BNHGKKNINBGEQL-UHFFFAOYSA-M,,,,,False,225.3,0.19,81.6,1.0,3.0,4.0,-1.0,C11H17N2O3-,8.0,True,
CHEMBL2105980,CHLORPHENOXAMINE HYDROCHLORIDE,4.0,,CN(C)CCOC(C)(c1ccccc1)c1ccc(Cl)cc1.Cl,PAQUKACYLLABHB-UHFFFAOYSA-N,,,,,False,303.8,4.18,12.5,0.0,2.0,6.0,0.0,C18H22ClNO,12.0,True,
CHEMBL2106076,CEFPIROME SULFATE,4.0,,CO/N=C(\C(=O)N[C@@H]1C(=O)N2C(C(=O)[O-])=C(C[n+]3cccc4c3CCC4)CS[C@H]12)c1csc(N)n1.O=S(=O)(O)O,RKTNPKZEPLCLSF-QHBKFCFHSA-N,,,,,False,514.6,-1.04,153.9,2.0,10.0,7.0,0.0,C22H22N6O5S2,16.0,True,
CHEMBL2106119,CALCIUM GLUCONATE,4.0,2017.0,O=C([O-])[C@H](O)[C@@H](O)[C@H](O)[C@H](O)CO.O=C([O-])[C@H](O)[C@@H](O)[C@H](O)[C@H](O)CO.[Ca+2],NEEHYRZPVYRGPP-IYEMJOQQSA-L,B05XA19;A12AA03;D11AX03,,,,False,195.1,-4.83,141.3,5.0,7.0,5.0,-1.0,C6H11O7-,20.0,True,
CHEMBL2106122,EMEPRONIUM BROMIDE,4.0,,CC[N+](C)(C)C(C)CC(c1ccccc1)c1ccccc1.[Br-],UVKFSMBPRQBNCH-UHFFFAOYSA-M,,,,,False,282.5,4.69,0.0,0.0,0.0,6.0,1.0,C20H28N+,12.0,True,
CHEMBL2106155,ENCAINIDE HYDROCHLORIDE,4.0,1986.0,COc1ccc(C(=O)Nc2ccccc2CCC2CCCCN2C)cc1.Cl,OJIIZIWOLTYOBS-UHFFFAOYSA-N,,,,,False,352.5,4.36,41.6,1.0,3.0,6.0,0.0,C22H28N2O2,12.0,True,
CHEMBL2106195,DEXMEDETOMIDINE HYDROCHLORIDE,4.0,1999.0,Cc1cccc([C@H](C)c2c[nH]cn2)c1C.Cl,VPNGEIHDPSLNMU-MERQFXBCSA-N,,,,,False,200.3,3.18,28.7,1.0,1.0,2.0,0.0,C13H16N2,4.0,True,
CHEMBL2106217,FENFLURAMINE HYDROCHLORIDE,4.0,1963.0,CCNC(C)Cc1cccc(C(F)(F)F)c1.Cl,ZXKXJHAOUFHNAS-UHFFFAOYSA-N,,,,,False,231.3,3.25,12.0,1.0,1.0,4.0,0.0,C12H16F3N,10.0,True,
CHEMBL2106318,IOTHALAMATE SODIUM I 125,4.0,1982.0,CNC(=O)c1c(I)c(NC(C)=O)c([125I])c(C(=O)[O-])c1[125I].[Na+],WCIMWHNSWLLELS-ZMWPDAOESA-M,V09CX03,,,,False,608.9,1.18,98.3,2.0,4.0,3.0,-1.0,C11H8I3N2O4-,6.0,True,
CHEMBL2106439,PIPOTIAZINE PALMITATE,4.0,,CCCCCCCCCCCCCCCC(=O)OCCC1CCN(CCCN2c3ccccc3Sc3ccc(S(=O)(=O)N(C)C)cc32)CC1,KTOYYUONFQWSMW-UHFFFAOYSA-N,N05AC04,,,,False,714.1,10.06,70.2,0.0,7.0,23.0,0.0,C40H63N3O4S2,,False,F3_druglikeness
CHEMBL2106441,NOXYTIOLIN,4.0,,CNC(=S)NCO,JLMHZVYLAQPMOZ-UHFFFAOYSA-N,B05CA07,,,,False,120.2,-0.97,44.3,3.0,2.0,1.0,0.0,C3H8N2OS,4.0,True,
CHEMBL2106483,VILOXAZINE HYDROCHLORIDE,4.0,2021.0,CCOc1ccccc1OCC1CNCCO1.Cl,HJOCKFVCMLCPTP-UHFFFAOYSA-N,,,,,False,237.3,1.45,39.7,1.0,4.0,5.0,0.0,C13H19NO3,10.0,True,
CHEMBL2106556,CYCLOBARBITAL CALCIUM,4.0,,CCC1(C2=CCCCC2)C(=O)[N-]C(=O)NC1=O.CCC1(C2=CCCCC2)C(=O)[N-]C(=O)NC1=O.[Ca+2],LQOCSNZFBLPUID-UHFFFAOYSA-L,,,,,False,235.3,2.03,77.3,1.0,3.0,2.0,-1.0,C12H15N2O3-,4.0,True,
CHEMBL2106615,BAZEDOXIFENE ACETATE,4.0,2009.0,CC(=O)O.Cc1c(-c2ccc(O)cc2)n(Cc2ccc(OCCN3CCCCCC3)cc2)c2ccc(O)cc12,OMZAMQFQZMUNTP-UHFFFAOYSA-N,,,,,False,470.6,6.33,57.9,2.0,4.0,7.0,0.0,C30H34N2O3,30.0,True,
CHEMBL2106638,LOFEPRAMINE HYDROCHLORIDE,4.0,,CN(CCCN1c2ccccc2CCc2ccccc21)CC(=O)c1ccc(Cl)cc1.Cl,ZWZIQPOLMDPIQM-UHFFFAOYSA-N,,,,,False,419.0,5.78,23.6,0.0,3.0,7.0,0.0,C26H27ClN2O,22.0,True,
CHEMBL2106643,MYCOPHENOLATE SODIUM,4.0,2004.0,COc1c(C)c2c(c(O)c1C/C=C(\C)CCC(=O)[O-])C(=O)OC2.[Na+],DOZYTHNHLLSNIK-JOKMOOFLSA-M,,,,,False,319.3,1.4,95.9,1.0,6.0,6.0,-1.0,C17H19O6-,14.0,True,
CHEMBL2106660,ACEFYLLINE PIPERAZINE,4.0,,C1CNCCN1.Cn1c(=O)c2c(ncn2CC(=O)O)n(C)c1=O.Cn1c(=O)c2c(ncn2CC(=O)O)n(C)c1=O,HAAJFUJFGYCCPU-UHFFFAOYSA-N,R03DA09,,,,False,238.2,-1.48,99.1,1.0,4.0,2.0,0.0,C9H10N4O4,6.0,True,
CHEMBL2106732,NOSCAPINE HYDROCHLORIDE,4.0,,COc1ccc2c(c1OC)C(=O)O[C@@H]2[C@H]1c2c(cc3c(c2OC)OCO3)CCN1C.Cl,MFLVZFXCSKVCSH-URBRKQAFSA-N,,,,,False,413.4,2.88,75.7,0.0,8.0,4.0,0.0,C22H23NO7,8.0,True,
CHEMBL2106794,NAFTAZONE,4.0,,NC(=O)N/N=C1\C=Cc2ccccc2C1=O,TZGBBMBARSFJBG-UKTHLTGXSA-N,C05CX02,,,,False,215.2,0.92,84.6,2.0,3.0,1.0,0.0,C11H9N3O2,2.0,True,
CHEMBL2106825,MEDROGESTONE,4.0,,CC(=O)[C@@]1(C)CC[C@H]2[C@@H]3C=C(C)C4=CC(=O)CC[C@]4(C)[C@H]3CC[C@@]21C,HCFSGRMEEXUOSS-JXEXPEPMSA-N,G03DB03,,,,False,340.5,5.28,34.1,0.0,2.0,1.0,0.0,C23H32O2,2.0,True,
CHEMBL2106829,METHAQUALONE HYDROCHLORIDE,4.0,,Cc1ccccc1-n1c(C)nc2ccccc2c1=O.Cl,KJUHIXIWKSVBKB-UHFFFAOYSA-N,,,,,False,250.3,3.0,34.9,0.0,2.0,1.0,0.0,C16H14N2O,2.0,True,
CHEMBL2106907,METHIODAL SODIUM,4.0,,O=S(=O)([O-])CI.[Na+],COCJIVDXXCJXND-UHFFFAOYSA-M,,,,,False,221.0,-0.08,57.2,0.0,3.0,1.0,-1.0,CH2IO3S-,2.0,True,
CHEMBL2106915,METHOPHOLINE,4.0,,COc1cc2c(cc1OC)C(CCc1ccc(Cl)cc1)N(C)CC2,YBCPYHQFUMNOJG-UHFFFAOYSA-N,,,,,False,345.9,4.52,21.7,0.0,3.0,5.0,0.0,C20H24ClNO2,10.0,True,
CHEMBL2106939,POLIHEXANIDE,4.0,2024.0,CCCCCCNC(=N)NC(=N)N,VAZJLPXFVQHDFB-UHFFFAOYSA-N,D08AC05;S01AX24,,,,False,185.3,0.57,97.8,5.0,2.0,5.0,0.0,C8H19N5,10.0,True,
CHEMBL2106975,POTASSIUM BICARBONATE,4.0,,O=C([O-])O.[K+],TYJJADVDDVDEDZ-UHFFFAOYSA-M,A12BA04,,,,False,,,,,,,,,,False,F2_mw_61
CHEMBL2107011,OXYPERTINE,4.0,,COc1cc2[nH]c(C)c(CCN3CCN(c4ccccc4)CC3)c2cc1OC,XCWPUUGSGHNIDZ-UHFFFAOYSA-N,N05AE01,,,,False,379.5,3.86,40.7,1.0,4.0,6.0,0.0,C23H29N3O2,12.0,True,
CHEMBL2107067,TESTOSTERONE UNDECANOATE,4.0,2014.0,CCCCCCCCCCC(=O)O[C@H]1CC[C@H]2[C@@H]3CCC4=CC(=O)CC[C@]4(C)[C@H]3CC[C@]12C,UDSFVOAUHKGBEK-CNQKSJKFSA-N,,,,,False,456.7,7.96,43.4,0.0,3.0,10.0,0.0,C30H48O3,22.0,True,
CHEMBL2107124,PROTHIPENDYL HYDROCHLORIDE,4.0,,CN(C)CCCN1c2ccccc2Sc2cccnc21.Cl,CQJSAKJMCVSEGU-UHFFFAOYSA-N,,,,,False,285.4,3.64,19.4,0.0,4.0,4.0,0.0,C16H19N3S,8.0,True,
CHEMBL2107175,RANELIC ACID,4.0,2004.0,N#Cc1c(N(CC(=O)O)CC(=O)O)sc(C(=O)O)c1CC(=O)O,DJSXNILVACEBLP-UHFFFAOYSA-N,,,,,False,342.3,-0.08,176.2,4.0,7.0,8.0,0.0,C12H10N2O8S,24.0,True,
CHEMBL2107214,IOMEPROL,4.0,2024.0,CN(C(=O)CO)c1c(I)c(C(=O)NCC(O)CO)c(I)c(C(=O)NCC(O)CO)c1I,NJKDOADNQSYQEV-UHFFFAOYSA-N,V08AB10,,,,False,777.1,-1.38,179.7,7.0,8.0,10.0,0.0,C17H22I3N3O8,32.0,True,
CHEMBL2107239,IOXITALAMIC ACID,4.0,,CC(=O)Nc1c(I)c(C(=O)O)c(I)c(C(=O)NCCO)c1I,OLAOYPRJVHUHCF-UHFFFAOYSA-N,V08AA05,,,,False,643.9,1.88,115.7,4.0,4.0,5.0,0.0,C12H11I3N2O5,14.0,True,
CHEMBL2107253,SULFADIMETHOXINE SODIUM,4.0,,COc1cc([N-]S(=O)(=O)c2ccc(N)cc2)nc(OC)n1.[Na+],DQDZQHMCPDUUPC-UHFFFAOYSA-N,,,,,False,309.3,1.47,118.5,1.0,7.0,5.0,-1.0,C12H13N4O4S-,12.0,True,
CHEMBL2107260,SULFAMERAZINE SODIUM,4.0,,Cc1ccnc([N-]S(=O)(=O)c2ccc(N)cc2)n1.[Na+],BSFJGCCAXDCMOX-UHFFFAOYSA-N,,,,,False,263.3,1.76,100.0,1.0,5.0,3.0,-1.0,C11H11N4O2S-,8.0,True,
CHEMBL2107333,DIMETHYL FUMARATE,4.0,2013.0,COC(=O)/C=C/C(=O)OC,LDCRTTXIJACKKU-ONEGZZNKSA-N,L04AX07,,,,False,144.1,-0.11,52.6,0.0,4.0,2.0,0.0,C6H8O4,8.0,True,
CHEMBL2107354,MIFAMURTIDE,4.0,2009.0,CCCCCCCCCCCCCCCC(=O)OC[C@H](COP(=O)([O-])OCCNC(=O)[C@H](C)NC(=O)CC[C@@H](NC(=O)[C@H](C)NC(=O)[C@@H](C)O[C@H]1[C@H](O)[C@@H](CO)OC(O)[C@@H]1NC(C)=O)C(N)=O)OC(=O)CCCCCCCCCCCCCCC.O.[Na+],SARBMGXGWXCXFW-GJHVZSAVSA-M,L03AX15,,,,False,,,,,,,,,,False,F2_mw_1237
CHEMBL2107355,MIGALASTAT HYDROCHLORIDE,4.0,2016.0,Cl.OC[C@H]1NC[C@H](O)[C@@H](O)[C@H]1O,ZJIHMALTJRDNQI-OLALXQGDSA-N,,,,,False,163.2,-2.97,93.0,5.0,5.0,1.0,0.0,C6H13NO4,10.0,True,
CHEMBL2107360,PALIPERIDONE PALMITATE,4.0,2009.0,CCCCCCCCCCCCCCCC(=O)OC1CCCn2c1nc(C)c(CCN1CCC(c3noc4cc(F)ccc34)CC1)c2=O,VOMKSBFLAZZBOW-UHFFFAOYSA-N,,,,,False,664.9,9.11,90.5,0.0,7.0,19.0,0.0,C39H57FN4O4,40.0,True,
CHEMBL2107381,URIDINE TRIACETATE,4.0,2015.0,CC(=O)OC[C@H]1O[C@@H](n2ccc(=O)[nH]c2=O)[C@H](OC(C)=O)[C@@H]1OC(C)=O,AUFUWRKPQLGTGF-FMKGYKFTSA-N,A16AX13,,,,False,370.3,-1.14,143.0,1.0,9.0,5.0,0.0,C15H18N2O9,16.0,True,
CHEMBL2107383,VERNAKALANT HYDROCHLORIDE,4.0,2010.0,COc1ccc(CCO[C@@H]2CCCC[C@H]2N2CC[C@@H](O)C2)cc1OC.Cl,JMHYCBFEEFHTMK-IIUXMCBISA-N,,,,,False,349.5,2.64,51.2,1.0,5.0,7.0,0.0,C20H31NO4,16.0,True,
CHEMBL2107386,VORAPAXAR SULFATE,4.0,2014.0,CCOC(=O)N[C@@H]1CC[C@@H]2[C@@H](C1)C[C@H]1C(=O)O[C@H](C)[C@H]1[C@H]2/C=C/c1ccc(-c2cccc(F)c2)cn1.O=S(=O)(O)O,NQRYCIGCIAWEIC-CKLVGUEFSA-N,,,,,False,492.6,5.63,77.5,1.0,5.0,5.0,0.0,C29H33FN2O4,12.0,True,
CHEMBL2107387,VORTIOXETINE HYDROBROMIDE,4.0,2013.0,Br.Cc1ccc(Sc2ccccc2N2CCNCC2)c(C)c1,VNGRUFUIHGGOOM-UHFFFAOYSA-N,,,,,False,298.5,3.86,15.3,1.0,3.0,3.0,0.0,C18H22N2S,6.0,True,
CHEMBL2107430,FLUTRIMAZOLE,4.0,,Fc1ccc(C(c2ccccc2)(c2ccccc2F)n2ccnc2)cc1,QHMWCHQXCUNUAK-UHFFFAOYSA-N,D01AC16;G01AF18,Launched,sterol demethylase inhibitor,mycosis,False,346.4,5.0,17.8,0.0,1.0,4.0,0.0,C22H16F2N2,8.0,True,
CHEMBL2107431,LYNESTRENOL,4.0,,C#C[C@]1(O)CC[C@H]2[C@@H]3CCC4=CCCC[C@@H]4[C@H]3CC[C@@]21C,YNVGQYHLRCDXFQ-XGXHKTLJSA-N,G03AC02;G03DC03,Launched,progestogen hormone,contraceptive,False,284.4,4.31,20.2,1.0,1.0,0.0,0.0,C20H28O,2.0,True,
CHEMBL2107495,TEMAFLOXACIN HYDROCHLORIDE,4.0,1992.0,CC1CN(c2cc3c(cc2F)c(=O)c(C(=O)O)cn3-c2ccc(F)cc2F)CCN1.Cl,DDVJEYDLTXRYAJ-UHFFFAOYSA-N,,,,,False,417.4,2.9,74.6,2.0,4.0,3.0,0.0,C21H18F3N3O3,8.0,True,
CHEMBL2107519,CHLORNAPHAZINE,4.0,,ClCCN(CCCl)c1ccc2ccccc2c1,XCDXSSFOJZZGQC-UHFFFAOYSA-N,,,,,False,268.2,4.12,3.2,0.0,1.0,5.0,0.0,C14H15Cl2N,10.0,True,
CHEMBL2107525,SODIUM PHOSPHATE P 32,4.0,1957.0,O=[32P]([O-])([O-])O.[Na+].[Na+],BNIILDVGGAEEIG-JCIGTKTHSA-L,V10XX01,,,,False,,,,,,,,,,False,F2_mw_97
CHEMBL2107554,SODIUM DIBUNATE,4.0,,CC(C)(C)c1ccc2c(S(=O)(=O)[O-])c(C(C)(C)C)ccc2c1.[Na+],XYEXKDCAGSHWSD-UHFFFAOYSA-M,,,,,False,319.4,4.34,57.2,0.0,3.0,1.0,-1.0,C18H23O3S-,6.0,True,
CHEMBL2107560,"SODIUM PHOSPHATE, DIBASIC",4.0,1983.0,O.O.O=P([O-])([O-])O.[Na+].[Na+],KDQPSPMLNJTZAL-UHFFFAOYSA-L,,,,,False,,,,,,,,,,False,F2_mw_96
CHEMBL2107703,FENTICONAZOLE NITRATE,4.0,,Clc1ccc(C(Cn2ccnc2)OCc2ccc(Sc3ccccc3)cc2)c(Cl)c1.O=[N+]([O-])O,FJNRUWDGCVDXLU-UHFFFAOYSA-N,,,,,False,455.4,7.3,27.1,0.0,3.0,8.0,0.0,C24H20Cl2N2OS,16.0,True,
CHEMBL2107726,ARIMOCLOMOL,4.0,2024.0,[O-][n+]1cccc(/C(Cl)=N/OC[C@H](O)CN2CCCCC2)c1,SGEIEGAXKLMUIZ-XUVDNFPMSA-N,N07XX17,,,,False,313.8,1.08,72.0,1.0,5.0,6.0,0.0,C14H20ClN3O3,14.0,True,
CHEMBL2107797,NORGESTREL,4.0,1968.0,C#CC1(O)CC[C@H]2[C@@H]3CCC4=CC(=O)CC[C@@H]4[C@H]3CC[C@@]21CC,WWYNJERNGUHSAO-CULCCENASA-N,,Launched,progesterone receptor agonist,contraceptive,False,312.5,3.88,37.3,1.0,2.0,1.0,0.0,C21H28O2,4.0,True,
CHEMBL2107799,FLURPIRIDAZ F 18,4.0,2024.0,CC(C)(C)n1ncc(OCc2ccc(COCC[18F])cc2)c(Cl)c1=O,RMXZKEPDYBTFOS-LRFGSCOBSA-N,,,,,False,367.8,3.72,53.4,0.0,4.0,7.0,0.0,C18H22ClFN2O3,16.0,True,
CHEMBL2107806,TALAPORFIN SODIUM,4.0,2015.0,C=Cc1c(C)c2cc3nc(c(CC(=O)N[C@@H](CC(=O)[O-])C(=O)[O-])c4[nH]c(cc5nc(cc1[nH]2)C(C)=C5CC)c(C)c4C(=O)[O-])[C@@H](CCC(=O)[O-])[C@@H]3C.[Na+].[Na+].[Na+].[Na+],KPALSRNVSRWOPA-YJFNSWLASA-J,,,,,False,707.7,0.61,247.0,3.0,11.0,12.0,-4.0,C38H37N5O9-4,,False,F3_druglikeness
CHEMBL2107815,TREPROSTINIL DIOLAMINE,4.0,2013.0,CCCCC[C@H](O)CC[C@@H]1[C@H]2Cc3cccc(OCC(=O)O)c3C[C@H]2C[C@H]1O.OCCNCCO,RHWRWEUCEXUUAV-ZSESPEEFSA-N,,,,,False,390.5,3.58,87.0,3.0,4.0,10.0,0.0,C23H34O5,26.0,True,
CHEMBL2107816,RADIUM RA 223 DICHLORIDE,4.0,2013.0,Cl[223Ra]Cl,RWRDJVNMSZYMDV-SIUYXFDKSA-L,V10XX03,,,,False,293.9,1.38,0.0,0.0,0.0,0.0,0.0,Cl2Ra,,False,"F5_pdbqt_fail:atom number 1 has None type, mol name: N"
CHEMBL2107817,AVIBACTAM SODIUM,4.0,2015.0,NC(=O)[C@@H]1CC[C@@H]2CN1C(=O)N2OS(=O)(=O)[O-].[Na+],RTCIKUMODPANKX-JBUOLDKXSA-M,,,,,False,264.2,-1.87,133.1,1.0,6.0,3.0,-1.0,C7H10N3O6S-,6.0,True,
CHEMBL2107825,TENOFOVIR ALAFENAMIDE,4.0,2015.0,CC(C)OC(=O)[C@H](C)N[P@](=O)(CO[C@H](C)Cn1cnc2c(N)ncnc21)Oc1ccccc1,LDEKQSIMHVQZJK-CAQYMETFSA-N,J05AF13,,,,False,476.5,2.97,143.5,2.0,9.0,11.0,0.0,C21H29N6O5P,26.0,True,
CHEMBL2107826,VIBEGRON,4.0,,O=C(Nc1ccc(C[C@@H]2CC[C@H]([C@H](O)c3ccccc3)N2)cc1)[C@@H]1CCc2nccc(=O)n21,DJXRIQMCROIRCZ-XOEOCAAJSA-N,G04BD15,,,,False,444.5,2.77,96.2,3.0,5.0,6.0,0.0,C26H28N4O3,14.0,True,
CHEMBL2107830,EMPAGLIFLOZIN,4.0,2014.0,OC[C@H]1O[C@@H](c2ccc(Cl)c(Cc3ccc(O[C@H]4CCOC4)cc3)c2)[C@H](O)[C@@H](O)[C@@H]1O,OBWASQILIWPZMG-QZMOQZSNSA-N,A10BK03,Launched,sodium/glucose cotransporter inhibitor,diabetes mellitus,False,450.9,1.61,108.6,4.0,7.0,6.0,0.0,C23H27ClO7,20.0,True,
CHEMBL2107831,LUSUTROMBOPAG,4.0,2018.0,CCCCCCO[C@@H](C)c1cccc(-c2csc(NC(=O)c3cc(Cl)c(/C=C(\C)C(=O)O)c(Cl)c3)n2)c1OC,NOZIJMHMKORZBA-KJCUYJGMSA-N,B02BX07,Launched,thrombopoietin receptor agonist,,False,591.6,8.52,97.8,2.0,6.0,13.0,0.0,C29H32Cl2N2O5S,28.0,True,
CHEMBL2107834,RIOCIGUAT,4.0,2013.0,COC(=O)N(C)c1c(N)nc(-c2nn(Cc3ccccc3F)c3ncccc23)nc1N,WXXSNCNJFUAIDG-UHFFFAOYSA-N,C02KX05,Launched,guanylate cyclase stimulant,hypertension,False,422.4,2.44,138.1,2.0,8.0,4.0,0.0,C20H19FN8O2,16.0,True,
CHEMBL2109882,TRISILICATE,4.0,1983.0,O=[Si](O)O[Si](O)(O)O[Si](=O)O,NPEYATQABYMBPM-UHFFFAOYSA-N,,,,,False,216.3,-3.74,133.5,4.0,6.0,4.0,0.0,H4O8Si3,16.0,True,
CHEMBL2110367,TRIMETHOPRIM SULFATE,4.0,1988.0,COc1cc(Cc2cnc(N)nc2N)cc(OC)c1OC.COc1cc(Cc2cnc(N)nc2N)cc(OC)c1OC.O=S(=O)(O)O,UILMMYFRNCCPLK-UHFFFAOYSA-N,,,,,False,290.3,1.26,105.5,2.0,7.0,5.0,0.0,C14H18N4O3,14.0,True,
CHEMBL2110368,BETHANIDINE SULFATE,4.0,1982.0,C/N=C(\NC)NCc1ccccc1.C/N=C(\NC)NCc1ccccc1.O=S(=O)(O)O,YTIJUXVIZLYQTB-UHFFFAOYSA-N,,,,,False,177.3,0.98,36.4,2.0,1.0,2.0,0.0,C10H15N3,4.0,True,
CHEMBL2110372,RANITIDINE HYDROCHLORIDE,4.0,1983.0,CNC(=C[N+](=O)[O-])NCCSCc1ccc(CN(C)C)o1.Cl,GGWBHVILAJZWKJ-UHFFFAOYSA-N,,,,,False,314.4,1.46,83.6,2.0,7.0,10.0,0.0,C13H22N4O3S,20.0,True,
CHEMBL2110557,RUBIDIUM CHLORIDE,4.0,1989.0,[Cl-].[Rb+],FGDZQCVHDSGLHJ-UHFFFAOYSA-M,,,,,False,,,,,,,,,,False,F2_mw_85
CHEMBL2110588,ELIGLUSTAT,4.0,2014.0,CCCCCCCC(=O)N[C@H](CN1CCCC1)[C@H](O)c1ccc2c(c1)OCCO2,FJZZPCZKBUKGGU-AUSIDOKSSA-N,A16AX10,Launched,glycosyl transferase inhibitor,Gaucher disease,False,404.6,3.43,71.0,2.0,5.0,11.0,0.0,C23H36N2O4,24.0,True,
CHEMBL2110636,BUNAMIODYL,4.0,,CCCC(=O)Nc1c(I)cc(I)c(/C=C(\CC)C(=O)O)c1I,CWRBDUIQDIHWJZ-SOFGYWHQSA-N,,,,,False,639.0,5.12,66.4,2.0,2.0,6.0,0.0,C15H16I3NO3,14.0,True,
CHEMBL2110725,VINFLUNINE,4.0,2009.0,CC[C@]12C=CCN3CC[C@@]4(c5cc([C@@]6(C(=O)OC)C[C@@H]7C[C@@H](C(C)(F)F)CN(Cc8c6[nH]c6ccccc86)C7)c(OC)cc5N(C)[C@H]4[C@@](O)(C(=O)OC)[C@@H]1OC(C)=O)[C@@H]32,NMDYYWFGPIMTKO-KLCPSUAYSA-N,L01CA05,Launched,microtubule inhibitor,bladder cancer,False,816.9,5.08,133.9,2.0,11.0,7.0,0.0,C45H54F2N4O8,30.0,True,
CHEMBL2110731,TOFOGLIFLOZIN ANHYDROUS,4.0,,CCc1ccc(Cc2ccc3c(c2)[C@]2(OC3)O[C@H](CO)[C@@H](O)[C@H](O)[C@H]2O)cc1,VWVKUNOPTJGDOB-BDHVOXNPSA-N,,,,,False,386.4,1.0,99.4,4.0,6.0,4.0,0.0,C22H26O6,16.0,True,
CHEMBL2110732,DACOMITINIB ANHYDROUS,4.0,2018.0,COc1cc2ncnc(Nc3ccc(F)c(Cl)c3)c2cc1NC(=O)/C=C/CN1CCCCC1,LVXJQMNHJWSHET-AATRIKPKSA-N,,,,,False,469.9,5.16,79.4,2.0,6.0,7.0,0.0,C24H25ClFN5O2,14.0,True,
CHEMBL2110774,CHLORPHENOXAMINE,4.0,,CN(C)CCOC(C)(c1ccccc1)c1ccc(Cl)cc1,KKHPNPMTPORSQE-UHFFFAOYSA-N,R06AA06;D04AA34;R06AA56,Preclinical,histamine receptor antagonist,,False,303.8,4.18,12.5,0.0,2.0,6.0,0.0,C18H22ClNO,12.0,True,
CHEMBL2110805,EMEPRONIUM,4.0,,CC[N+](C)(C)C(C)CC(c1ccccc1)c1ccccc1,JEJBJBKVPOWOQK-UHFFFAOYSA-N,N05CX05;G04BD01,,,,False,282.5,4.69,0.0,0.0,0.0,6.0,1.0,C20H28N+,12.0,True,
CHEMBL2110816,BUTRIPTYLINE,4.0,,CC(CC1c2ccccc2CCc2ccccc21)CN(C)C,ALELTFCQZDXAMQ-UHFFFAOYSA-N,N06AA15,,,,False,293.5,4.5,3.2,0.0,1.0,4.0,0.0,C21H27N,16.0,True,
CHEMBL2110962,MEFENOREX,4.0,,CC(Cc1ccccc1)NCCCCl,XXVROGAVTTXONC-UHFFFAOYSA-N,A08AA09,,,,False,211.7,2.84,12.0,1.0,1.0,6.0,0.0,C12H18ClN,12.0,True,
CHEMBL2110978,METHIODAL,4.0,,O=S(=O)(O)CI,RDFJFVXMRYVOAC-UHFFFAOYSA-N,V08AA09,,,,False,222.0,0.27,54.4,1.0,2.0,1.0,0.0,CH3IO3S,4.0,True,
CHEMBL2111030,PROTHIPENDYL,4.0,,CN(C)CCCN1c2ccccc2Sc2cccnc21,JTTAUPUMOLRVRA-UHFFFAOYSA-N,N05AX07,,,,False,285.4,3.64,19.4,0.0,4.0,4.0,0.0,C16H19N3S,8.0,True,
CHEMBL2111097,LEVAMLODIPINE,4.0,2019.0,CCOC(=O)C1=C(COCCN)NC(C)=C(C(=O)OC)[C@@H]1c1ccccc1Cl,HTIQEAQVCYTUBX-KRWDZBQOSA-N,C08CA17,Launched,calcium channel blocker,hypertension,False,408.9,2.27,99.9,2.0,7.0,8.0,0.0,C20H25ClN2O5,22.0,True,
CHEMBL2111100,MIFAMURTIDE ACID,4.0,2009.0,CCCCCCCCCCCCCCCC(=O)OC[C@H](COP(=O)(O)OCCNC(=O)[C@H](C)NC(=O)CC[C@@H](NC(=O)[C@H](C)NC(=O)[C@@H](C)O[C@H]1[C@H](O)[C@@H](CO)OC(O)[C@@H]1NC(C)=O)C(N)=O)OC(=O)CCCCCCCCCCCCCCC,JMUHBNWAORSSBD-WKYWBUFDSA-N,,,,,False,,,,,,,,,,False,F2_mw_1238
CHEMBL2111101,PIMAVANSERIN,4.0,2016.0,CC(C)COc1ccc(CNC(=O)N(Cc2ccc(F)cc2)C2CCN(C)CC2)cc1,RKEWSXXUOLRFBX-UHFFFAOYSA-N,N05AX17,Launched,serotonin receptor inverse agonist,Parkinson's Disease,False,427.6,4.67,44.8,1.0,3.0,8.0,0.0,C25H34FN3O2,18.0,True,
CHEMBL2111112,VERNAKALANT,4.0,2010.0,COc1ccc(CCO[C@@H]2CCCC[C@H]2N2CC[C@@H](O)C2)cc1OC,VBHQKCBVWWUUKN-KZNAEPCWSA-N,C01BG11,Launched,potassium channel blocker,atrial fibrillation (AF),False,349.5,2.64,51.2,1.0,5.0,7.0,0.0,C20H31NO4,16.0,True,
CHEMBL2111186,TALAPORFIN,4.0,2015.0,C=Cc1c(C)c2cc3nc(c(CC(=O)N[C@@H](CC(=O)O)C(=O)O)c4[nH]c(cc5nc(cc1[nH]2)C(C)=C5CC)c(C)c4C(=O)O)[C@@H](CCC(=O)O)[C@@H]3C,VSEIDZLLWQQJGK-WSUYNKMOSA-N,,Phase 3,photosensitizing agent,,False,711.8,5.95,235.7,7.0,7.0,12.0,0.0,C38H41N5O9,32.0,True,
CHEMBL2111187,RADIUM DICHLORIDE,4.0,2013.0,Cl[Ra]Cl,RWRDJVNMSZYMDV-UHFFFAOYSA-L,,,,,False,296.9,1.38,0.0,0.0,0.0,0.0,0.0,Cl2Ra,,False,"F5_pdbqt_fail:atom number 1 has None type, mol name: N"
CHEMBL2111286,RANITIDINE BISMUTH CITRATE,4.0,1996.0,CNC(=C[N+](=O)[O-])NCCSCc1ccc(CN(C)C)o1.O=C([O-])CC(O)(CC(=O)[O-])C(=O)[O-].[Bi+3],XAUTYMZTJWXZHZ-UHFFFAOYSA-K,A02BA07,,,,False,314.4,1.46,83.6,2.0,7.0,10.0,0.0,C13H22N4O3S,20.0,True,
CHEMBL2134724,IPRATROPIUM BROMIDE,4.0,1986.0,CC(C)[N+]1(C)[C@@H]2CC[C@H]1C[C@@H](OC(=O)C(CO)c1ccccc1)C2.O.[Br-],KEWHKYJURDBRMN-XSAPEOHZSA-M,R03BB01;R01AX03,,,,False,332.5,2.85,46.5,1.0,3.0,5.0,1.0,C20H30NO3+,14.0,True,
CHEMBL2138684,FROVATRIPTAN SUCCINATE,4.0,2001.0,CN[C@@H]1CCc2[nH]c3ccc(C(N)=O)cc3c2C1.O.O=C(O)CCC(=O)O,CUETXFMONOSVJA-KLQYNRQASA-N,,,,,False,243.3,1.34,70.9,3.0,2.0,2.0,0.0,C14H17N3O,4.0,True,
CHEMBL2145077,IVABRADINE HYDROCHLORIDE,4.0,2005.0,COc1cc2c(cc1OC)CC(=O)N(CCCN(C)C[C@H]1Cc3cc(OC)c(OC)cc31)CC2.Cl,HLUKNZUABFFNQS-ZMBIFBSDSA-N,,,,,False,468.6,3.31,60.5,0.0,6.0,10.0,0.0,C27H36N2O5,30.0,True,
CHEMBL2146063,CHLORTETRACYCLINE HYDROCHLORIDE,4.0,1950.0,CN(C)[C@@H]1C(O)=C(C(N)=O)C(=O)[C@@]2(O)C(O)=C3C(=O)c4c(O)ccc(Cl)c4[C@@](C)(O)[C@H]3C[C@@H]12.Cl,CBHYYLPALVVVEY-MRFRVZCGSA-N,,,,,False,478.9,0.44,181.6,6.0,9.0,2.0,0.0,C22H23ClN2O8,14.0,True,
CHEMBL2146102,EPHEDRINE HYDROCHLORIDE,4.0,2021.0,CN[C@@H](C)[C@H](O)c1ccccc1.Cl,BALXUFOVQVENIU-GNAZCLTHSA-N,,,,,False,165.2,1.33,32.3,2.0,2.0,3.0,0.0,C10H15NO,8.0,True,
CHEMBL2146123,METHACYCLINE HYDROCHLORIDE,4.0,1982.0,C=C1c2cccc(O)c2C(=O)C2=C(O)[C@]3(O)C(=O)C(C(N)=O)=C(O)[C@@H](N(C)C)[C@@H]3[C@@H](O)[C@H]12.Cl,VZQARNDJLLWXGL-CCHMMTNSSA-N,,,,,False,442.4,-0.44,181.6,6.0,9.0,2.0,0.0,C22H22N2O8,14.0,True,
CHEMBL2146124,CEFUROXIME SODIUM,4.0,1983.0,CO/N=C(\C(=O)N[C@@H]1C(=O)N2C(C(=O)[O-])=C(COC(N)=O)CS[C@H]12)c1ccco1.[Na+],URDOHUPGIOGTKV-JTBFTWTJSA-M,,,,,False,423.4,-1.87,176.6,2.0,10.0,7.0,-1.0,C16H15N4O8S-,16.0,True,
CHEMBL2146140,ESOMEPRAZOLE STRONTIUM,4.0,2013.0,COc1ccc2[n-]c([S@@+]([O-])Cc3ncc(C)c(OC)c3C)nc2c1.COc1ccc2[n-]c([S@@+]([O-])Cc3ncc(C)c(OC)c3C)nc2c1.O.O.O.O.[Sr+2],NCGHIAKEJNQSMS-QLGOZJDFSA-N,,,,,False,344.4,2.53,81.4,0.0,5.0,5.0,-1.0,C17H18N3O3S-,10.0,True,
CHEMBL2146146,ATROPINE SULFATE,4.0,1960.0,CN1[C@@H]2CC[C@H]1C[C@@H](OC(=O)C(CO)c1ccccc1)C2.O=S(=O)(O)O,VJFQPODMEGSXHC-RIMUKSHESA-N,,,,,False,289.4,1.93,49.8,1.0,4.0,4.0,0.0,C17H23NO3,12.0,True,
CHEMBL2146883,COBIMETINIB,4.0,2015.0,O=C(c1ccc(F)c(F)c1Nc1ccc(I)cc1F)N1CC(O)([C@@H]2CCCCN2)C1,BSMCAPRUBJMWDF-KRWDZBQOSA-N,L01EE02,Launched,MEK inhibitor,melanoma,False,531.3,3.78,64.6,3.0,4.0,4.0,0.0,C21H21F3IN3O2,10.0,True,
CHEMBL2147777,TENELIGLIPTIN,4.0,,Cc1cc(N2CCN([C@@H]3CN[C@H](C(=O)N4CCSC4)C3)CC2)n(-c2ccccc2)n1,WGRQANOPCQRCME-PMACEKPBSA-N,A10BH08,Launched,dipeptidyl peptidase inhibitor,diabetes mellitus,False,426.6,1.57,56.6,1.0,6.0,4.0,0.0,C22H30N6OS,10.0,True,
CHEMBL2159122,ELUXADOLINE,4.0,2015.0,COc1ccc(CN(C(=O)[C@@H](N)Cc2c(C)cc(C(N)=O)cc2C)[C@@H](C)c2ncc(-c3ccccc3)[nH]2)cc1C(=O)O,QFNHIDANIVGXPE-FNZWTVRRSA-N,A07DA06,Launched,opioid receptor agonist|opioid receptor antagonist,irritable bowel syndrome,False,569.7,4.16,164.6,4.0,6.0,11.0,0.0,C32H35N5O5,28.0,True,
CHEMBL2165326,APROCITENTAN,4.0,2024.0,NS(=O)(=O)Nc1ncnc(OCCOc2ncc(Br)cn2)c1-c1ccc(Br)cc1,DKULOVKANLVDEA-UHFFFAOYSA-N,C02KN01,,,,False,546.2,2.53,142.2,2.0,8.0,8.0,0.0,C16H14Br2N6O4S,18.0,True,
CHEMBL2178422,RIMEGEPANT,4.0,2020.0,N[C@@H]1c2cccnc2[C@H](OC(=O)N2CCC(n3c(=O)[nH]c4ncccc43)CC2)CC[C@H]1c1cccc(F)c1F,KRNAOFGYEFKHPB-ANJVHQHFSA-N,N02CD06,Launched,calcitonin antagonist,,False,534.6,4.49,119.1,2.0,6.0,3.0,0.0,C28H28F2N6O3,20.0,True,
CHEMBL2181927,FINERENONE,4.0,2021.0,CCOc1ncc(C)c2c1[C@H](c1ccc(C#N)cc1OC)C(C(N)=O)=C(C)N2,BTBHLEZXCOBLCY-QGZVFWFLSA-N,C03DA05,,,,False,378.4,2.99,110.3,2.0,6.0,5.0,0.0,C21H22N4O3,10.0,True,
CHEMBL2205807,ABAMETAPIR,4.0,2020.0,Cc1ccc(-c2ccc(C)cn2)nc1,PTRATZCAGVBFIQ-UHFFFAOYSA-N,P03AX07,Phase 3,metalloproteinase inhibitor,,False,184.2,2.76,25.8,0.0,2.0,1.0,0.0,C12H12N2,2.0,True,
CHEMBL2206196,PAROMOMYCIN SULFATE,4.0,1969.0,NC[C@@H]1O[C@H](O[C@H]2[C@@H](O)[C@H](O[C@@H]3[C@@H](O)[C@H](N)C[C@H](N)[C@H]3O[C@H]3O[C@H](CO)[C@@H](O)[C@H](O)[C@H]3N)O[C@@H]2CO)[C@H](N)[C@@H](O)[C@@H]1O.O=S(=O)(O)O,LJRDOKAZOAKLDU-UDXJMMFXSA-N,,,,,False,615.6,-8.86,347.3,13.0,19.0,9.0,0.0,C23H45N5O14,,False,F3_druglikeness
CHEMBL2216870,IDELALISIB,4.0,2014.0,CC[C@H](Nc1ncnc2[nH]cnc12)c1nc2cccc(F)c2c(=O)n1-c1ccccc1,IFSDAJWBUCMOAH-HNNXBMFYSA-N,L01EM01,Launched,PI3K inhibitor,chronic lymphocytic leukemia (CLL),False,415.4,3.75,101.4,2.0,6.0,5.0,0.0,C22H18FN7O,10.0,True,
CHEMBL2218861,QUINAGOLIDE,4.0,2004.0,CCCN1CC(NS(=O)(=O)N(CC)CC)CC2Cc3c(O)cccc3CC21,GDFGTRDCCWFXTG-UHFFFAOYSA-N,G02CB04,Launched,dopamine receptor agonist,hyperprolactinemia,False,395.6,2.14,72.9,2.0,4.0,7.0,0.0,C20H33N3O3S,16.0,True,
CHEMBL2218877,ERYTHROMYCIN ESTOLATE,4.0,1967.0,CCC(=O)O[C@H]1[C@H](O[C@@H]2[C@@H](C)[C@H](O[C@H]3C[C@@](C)(OC)[C@@H](O)[C@H](C)O3)[C@@H](C)C(=O)O[C@H](CC)[C@@](C)(O)[C@H](O)[C@@H](C)C(=O)[C@H](C)C[C@@]2(C)O)O[C@H](C)C[C@@H]1N(C)C.CCCCCCCCCCCCOS(=O)(=O)O,AWMFUEJKWXESNL-JZBHMOKNSA-N,,,,,False,790.0,2.75,200.0,4.0,15.0,9.0,0.0,C40H71NO14,54.0,True,
CHEMBL2218878,TRIMETREXATE GLUCURONATE,4.0,1993.0,COc1cc(NCc2ccc3nc(N)nc(N)c3c2C)cc(OC)c1OC.O=C(O)[C@H]1O[C@H](O)[C@H](O)[C@@H](O)[C@@H]1O,DQOGWKZQQBYYMW-LQGIGNHCSA-N,,,,,False,369.4,2.74,117.5,3.0,8.0,6.0,0.0,C19H23N5O3,16.0,True,
CHEMBL2218894,FLUVASTATIN SODIUM,4.0,1993.0,CC(C)n1c(/C=C/C(O)CC(O)CC(=O)[O-])c(-c2ccc(F)cc2)c2ccccc21.[Na+],ZGGHKIMDNBDHJB-CALJPSDSSA-M,,,,,False,410.5,3.29,85.5,2.0,4.0,8.0,-1.0,C24H25FNO4-,20.0,True,
CHEMBL2218896,NABILONE,4.0,1985.0,CCCCCCC(C)(C)c1cc(O)c2c(c1)OC(C)(C)C1CCC(=O)CC21,GECBBEABIDMGGL-UHFFFAOYSA-N,A04AD11,,,,True,372.5,6.26,46.5,1.0,3.0,6.0,0.0,C24H36O3,14.0,True,
CHEMBL2218917,CEVIMELINE HYDROCHLORIDE,4.0,2000.0,CC1OC2(CS1)CN1CCC2CC1.Cl.O,JKJRNPOQQPBPOV-UHFFFAOYSA-N,,,,,False,199.3,1.56,12.5,0.0,3.0,0.0,0.0,C10H17NOS,0.0,True,
CHEMBL2219411,MOMELOTINIB DIHYDROCHLORIDE,4.0,2023.0,Cl.Cl.N#CCNC(=O)c1ccc(-c2ccnc(Nc3ccc(N4CCOCC4)cc3)n2)cc1,IPNATXQRPWRHKD-UHFFFAOYSA-N,,,,,False,414.5,2.98,103.2,2.0,7.0,6.0,0.0,C23H22N6O2,12.0,True,
CHEMBL2219414,ERAVACYCLINE DIHYDROCHLORIDE,4.0,2018.0,CN(C)[C@@H]1C(O)=C(C(N)=O)C(=O)[C@@]2(O)C(O)=C3C(=O)c4c(O)c(NC(=O)CN5CCCC5)cc(F)c4C[C@H]3C[C@@H]12.Cl.Cl,JYCNMRVZELJVAW-RZVFYPHASA-N,,,,,False,558.6,0.29,193.7,6.0,10.0,5.0,0.0,C27H31FN4O8,18.0,True,
CHEMBL2219416,NALOXEGOL OXALATE,4.0,2014.0,C=CCN1CC[C@]23c4c5ccc(O)c4O[C@H]2[C@@H](OCCOCCOCCOCCOCCOCCOCCOC)CC[C@@]3(O)[C@H]1C5.O=C(O)C(=O)O,MNYIRXLCPODKLG-VUTNLTPYSA-N,,,,,False,651.8,1.86,126.8,2.0,12.0,24.0,0.0,C34H53NO11,,False,F3_druglikeness
CHEMBL2219418,NALOXEGOL,4.0,2014.0,C=CCN1CC[C@]23c4c5ccc(O)c4O[C@H]2[C@@H](OCCOCCOCCOCCOCCOCCOCCOC)CC[C@@]3(O)[C@H]1C5,XNKCCCKFOQNXKV-ZRSCBOBOSA-N,A06AH03,Launched,opioid receptor antagonist,constipation,False,651.8,1.86,126.8,2.0,12.0,24.0,0.0,C34H53NO11,,False,F3_druglikeness
CHEMBL2219425,ARIPIPRAZOLE LAUROXIL,4.0,2015.0,CCCCCCCCCCCC(=O)OCN1C(=O)CCc2ccc(OCCCCN3CCN(c4cccc(Cl)c4Cl)CC3)cc21,DDINXHAORAAYAD-UHFFFAOYSA-N,,,,,False,660.7,8.68,62.3,0.0,6.0,19.0,0.0,C36H51Cl2N3O4,40.0,True,
CHEMBL2219640,STRONTIUM CHLORIDE,4.0,1993.0,[Cl-].[Cl-].[Sr+2],AHBGXTDRMVNFER-UHFFFAOYSA-L,,,,,False,,,,,,,,,,False,F2_mw_88
CHEMBL2219642,MAGNESIUM CHLORIDE ANHYDROUS,4.0,1982.0,[Cl-].[Cl-].[Mg+2],TWRXJAOTZQYOKJ-UHFFFAOYSA-L,,,,,False,,,,,,,,,,False,F2_mw_35
CHEMBL2219740,CALCIUM GLUBIONATE ANHYDROUS,4.0,,O=C([O-])[C@H](O)[C@@H](O)[C@H](O)[C@H](O)CO.O=C([O-])[C@H](O)[C@@H](O)[C@H](O[C@@H]1O[C@H](CO)[C@H](O)[C@H](O)[C@H]1O)[C@H](O)CO.[Ca+2],YPCRNBPOUVJVMU-LCGAVOCYSA-L,,,,,False,357.3,-7.0,220.4,8.0,12.0,8.0,-1.0,C12H21O12-,32.0,True,
CHEMBL2220427,ERYTHROMYCIN PROPIONATE,4.0,1967.0,CCC(=O)O[C@H]1[C@H](O[C@@H]2[C@@H](C)[C@H](O[C@H]3C[C@@](C)(OC)[C@@H](O)[C@H](C)O3)[C@@H](C)C(=O)O[C@H](CC)[C@@](C)(O)[C@H](O)[C@@H](C)C(=O)[C@H](C)C[C@@]2(C)O)O[C@H](C)C[C@@H]1N(C)C,TYQXKHPOXXXCTP-CSLYCKPJSA-N,,,,,False,790.0,2.75,200.0,4.0,15.0,9.0,0.0,C40H71NO14,54.0,True,
CHEMBL2220442,FLUVASTATIN,4.0,1993.0,CC(C)n1c(/C=C/C(O)CC(O)CC(=O)O)c(-c2ccc(F)cc2)c2ccccc21,FJLGEFLZQAZZCD-VAWYXSNFSA-N,C10AA04,Launched,HMGCR inhibitor,hypercholesterolemia|congenital heart defects,False,411.5,4.63,82.7,3.0,3.0,8.0,0.0,C24H26FNO4,22.0,True,
CHEMBL2303621,DACLATASVIR DIHYDROCHLORIDE,4.0,2014.0,COC(=O)N[C@H](C(=O)N1CCC[C@H]1c1ncc(-c2ccc(-c3ccc(-c4cnc([C@@H]5CCCN5C(=O)[C@@H](NC(=O)OC)C(C)C)[nH]4)cc3)cc2)[nH]1)C(C)C.Cl.Cl,BVZLLUDATICXCI-JMSCDMLISA-N,,,,,False,738.9,6.22,174.6,4.0,8.0,11.0,0.0,C40H50N8O6,30.0,True,
CHEMBL2308885,CLOBETASONE BUTYRATE,4.0,,CCCC(=O)O[C@]1(C(=O)CCl)[C@H](C)C[C@@H]2[C@@H]3CCC4=CC(=O)C=C[C@]4(C)[C@]3(F)C(=O)C[C@@]21C,FBRAWBYQGRLCEK-RJFLZJKCSA-N,,,,,False,479.0,4.7,77.5,0.0,5.0,5.0,0.0,C26H32ClFO5,12.0,True,
CHEMBL2311071,VINYL CHLORIDE,4.0,,C=CCl,BZHJMEDXRYGGRV-UHFFFAOYSA-N,,,,,False,,,,,,,,,,False,F2_mw_62
CHEMBL2325741,CAPIVASERTIB,4.0,2023.0,NC1(C(=O)N[C@@H](CCO)c2ccc(Cl)cc2)CCN(c2nc[nH]c3nccc2-3)CC1,JDUBGYFRJFOXQC-KRWDZBQOSA-N,L01EX27,,,,False,428.9,2.1,120.2,4.0,6.0,6.0,0.0,C21H25ClN6O2,16.0,True,
CHEMBL2336050,XANOMELINE TARTRATE,4.0,2024.0,CCCCCCOc1nsnc1C1=CCCN(C)C1.O=C(O)C(O)C(O)C(=O)O,SJSVWTMVMBGIHQ-UHFFFAOYSA-N,,,,,False,281.4,3.22,38.3,0.0,5.0,7.0,0.0,C14H23N3OS,14.0,True,
CHEMBL2336071,SIPONIMOD,4.0,2019.0,CCc1cc(/C(C)=N/OCc2ccc(C3CCCCC3)c(C(F)(F)F)c2)ccc1CN1CC(C(=O)O)C1,KIHYPELVXPAIDH-HNSNBQBZSA-N,L04AE03,Launched,sphingosine 1-phosphate receptor modulator,multiple sclerosis,False,516.6,6.77,62.1,1.0,4.0,9.0,0.0,C29H35F3N2O3,22.0,True,
CHEMBL2338329,ROXADUSTAT,4.0,2021.0,Cc1nc(C(=O)NCC(=O)O)c(O)c2ccc(Oc3ccccc3)cc12,YOZBGTLTNGAVFU-UHFFFAOYSA-N,B03XA05,,,,False,352.3,2.86,108.8,3.0,5.0,5.0,0.0,C19H16N2O5,14.0,True,
CHEMBL2338675,FOSDENOPTERIN,4.0,2021.0,Nc1nc(=O)c2c([nH]1)N[C@@H]1O[C@@H]3COP(=O)(O)O[C@@H]3C(O)(O)[C@@H]1N2,CZAKJJUNKNPTTO-AJFJRRQVSA-N,A16AX19,,,,False,363.2,-2.52,201.3,7.0,11.0,0.0,0.0,C10H14N5O8P,6.0,True,
CHEMBL2348780,VAMOROLONE,4.0,2023.0,C[C@@H]1C[C@H]2[C@@H]3CCC4=CC(=O)C=C[C@]4(C)C3=CC[C@]2(C)[C@@]1(O)C(=O)CO,ZYTXTXAMMDTYDQ-DGEXFFLYSA-N,H02AB18,,,,False,356.5,2.75,74.6,2.0,4.0,2.0,0.0,C22H28O4,8.0,True,
CHEMBL2355051,CLOMIPHENE,4.0,1967.0,CCN(CC)CCOc1ccc(C(=C(Cl)c2ccccc2)c2ccccc2)cc1,GKIRPKYJQBWNGO-UHFFFAOYSA-N,G03GB02,,,,False,406.0,6.56,12.5,0.0,2.0,9.0,0.0,C26H28ClNO,18.0,True,
CHEMBL2355333,ZIMELDINE HYDROCHLORIDE,4.0,,CN(C)C/C=C(/c1ccc(Br)cc1)c1cccnc1.Cl.Cl.O,WFUAVXYXJOQWAZ-GVKRCPFFSA-N,,,,,False,317.2,3.84,16.1,0.0,2.0,4.0,0.0,C16H17BrN2,8.0,True,
CHEMBL2355456,IBUTILIDE FUMARATE,4.0,1995.0,CCCCCCCN(CC)CCCC(O)c1ccc(NS(C)(=O)=O)cc1.CCCCCCCN(CC)CCCC(O)c1ccc(NS(C)(=O)=O)cc1.O=C(O)/C=C/C(=O)O,PCIOHQNIRPWFMV-WXXKFALUSA-N,,,,,False,384.6,4.16,69.6,2.0,4.0,14.0,0.0,C20H36N2O3S,30.0,True,
CHEMBL2355839,ISOMETHEPTENE MUCATE,4.0,,CNC(C)CCC=C(C)C.CNC(C)CCC=C(C)C.O=C(O)[C@@H](O)[C@H](O)[C@H](O)[C@@H](O)C(=O)O,WSXKZIDINJKWPM-IBGZLQDMSA-N,,,,,False,141.3,2.34,12.0,1.0,1.0,4.0,0.0,C9H19N,8.0,True,
CHEMBL2356023,DIHYDROTACHYSTEROL,4.0,,CC(C)[C@@H](C)/C=C/[C@@H](C)[C@H]1CC[C@H]2/C(=C/C=C3\C[C@@H](O)CC[C@@H]3C)CCC[C@]12C,ILYCWAKSDCYMBB-OPCMSESCSA-N,A11CC02,Launched,vitamin analog,rickets|hypocalcemia|osteomalacia,False,398.7,7.72,20.2,1.0,1.0,5.0,0.0,C28H46O,12.0,True,
CHEMBL2356097,METOPROLOL SUCCINATE,4.0,1992.0,COCCc1ccc(OCC(O)CNC(C)C)cc1.COCCc1ccc(OCC(O)CNC(C)C)cc1.O=C(O)CCC(=O)O,RGHAZVBIOOEVQX-UHFFFAOYSA-N,,,,,False,267.4,1.61,50.7,2.0,4.0,9.0,0.0,C15H25NO3,20.0,True,
CHEMBL2358147,CARPHENAZINE MALEATE,4.0,1982.0,CCC(=O)c1ccc2c(c1)N(CCCN1CCN(CCO)CC1)c1ccccc1S2.O=C(O)/C=C\C(=O)O.O=C(O)/C=C\C(=O)O,TVPJGGZLZLUPOB-SPIKMXEPSA-N,,,,,False,425.6,3.88,47.0,1.0,6.0,8.0,0.0,C24H31N3O2S,18.0,True,
CHEMBL2359670,THIETHYLPERAZINE MALATE,4.0,1961.0,CCSc1ccc2c(c1)N(CCCN1CCN(C)CC1)c1ccccc1S2.O=C(O)CC(O)C(=O)O.O=C(O)CC(O)C(=O)O,GTHHLZDYRHLACN-UHFFFAOYSA-N,,,,,False,399.6,5.04,9.7,0.0,5.0,6.0,0.0,C22H29N3S2,12.0,True,
CHEMBL2359966,QUININE SULFATE,4.0,2005.0,C=C[C@H]1CN2CC[C@H]1C[C@H]2[C@H](O)c1ccnc2ccc(OC)cc12.C=C[C@H]1CN2CC[C@H]1C[C@H]2[C@H](O)c1ccnc2ccc(OC)cc12.O.O.O=S(=O)(O)O,ZHNFLHYOFXQIOW-LPYZJUEESA-N,,,,,False,324.4,3.17,45.6,1.0,4.0,4.0,0.0,C20H24N2O2,10.0,True,
CHEMBL2360079,ACETOPHENAZINE MALEATE,4.0,1961.0,CC(=O)c1ccc2c(c1)N(CCCN1CCN(CCO)CC1)c1ccccc1S2.O=C(O)/C=C\C(=O)O.O=C(O)/C=C\C(=O)O,NUKVZKPNSKJGBK-SPIKMXEPSA-N,,,,,False,411.6,3.49,47.0,1.0,6.0,7.0,0.0,C23H29N3O2S,16.0,True,
CHEMBL2360464,PEMETREXED DISODIUM,4.0,2004.0,Nc1nc2[nH]cc(CCc3ccc(C(=O)N[C@@H](CCC(=O)[O-])C(=O)[O-])cc3)c2c(=O)[nH]1.[Na+].[Na+],NYDXNILOWQXUOF-GXKRWWSZSA-L,,,,,False,425.4,-2.0,196.9,4.0,8.0,9.0,-2.0,C20H19N5O6-2,18.0,True,
CHEMBL2360580,BUCLIZINE HYDROCHLORIDE,4.0,1982.0,CC(C)(C)c1ccc(CN2CCN(C(c3ccccc3)c3ccc(Cl)cc3)CC2)cc1.Cl.Cl,SDBHDSZKNVDKNU-UHFFFAOYSA-N,,,,,False,433.0,6.54,6.5,0.0,2.0,5.0,0.0,C28H33ClN2,12.0,True,
CHEMBL2361370,PENBUTOLOL SULFATE,4.0,1987.0,CC(C)(C)NC[C@H](O)COc1ccccc1C1CCCC1.CC(C)(C)NC[C@H](O)COc1ccccc1C1CCCC1.O=S(=O)(O)O,FEDSNBHHWZEYTP-ZFQYHYQMSA-N,,,,,False,291.4,3.47,41.5,2.0,3.0,6.0,0.0,C18H29NO2,16.0,True,
CHEMBL2362410,LANDIOLOL HYDROCHLORIDE,4.0,2024.0,CC1(C)OC[C@@H](COC(=O)CCc2ccc(OC[C@@H](O)CNCCNC(=O)N3CCOCC3)cc2)O1.Cl,DLPGJHSONYLBKP-IKGOIYPNSA-N,,,,,False,509.6,0.69,127.8,3.0,9.0,13.0,0.0,C25H39N3O8,30.0,True,
CHEMBL2364574,DOXYCYCLINE CALCIUM,4.0,1974.0,C[C@H]1c2cccc([O-])c2C(=O)C2=C(O)[C@]3(O)C(=O)C(C(N)=O)=C(O)[C@@H](N(C)C)[C@@H]3[C@@H](O)[C@@H]21.C[C@H]1c2cccc([O-])c2C(=O)C2=C(O)[C@]3(O)C(=O)C(C(N)=O)=C(O)[C@@H](N(C)C)[C@@H]3[C@@H](O)[C@@H]21.[Ca+2],GJPGCACMCURAKH-YQCFNCLSSA-L,,,,,False,443.4,-0.98,184.4,5.0,9.0,2.0,-1.0,C22H23N2O8-,12.0,True,
CHEMBL2364607,COBIMETINIB FUMARATE,4.0,2015.0,O=C(O)/C=C/C(=O)O.O=C(c1ccc(F)c(F)c1Nc1ccc(I)cc1F)N1CC(O)([C@@H]2CCCCN2)C1.O=C(c1ccc(F)c(F)c1Nc1ccc(I)cc1F)N1CC(O)([C@@H]2CCCCN2)C1,RESIMIUSNACMNW-BXRWSSRYSA-N,,,,,False,531.3,3.78,64.6,3.0,4.0,4.0,0.0,C21H21F3IN3O2,10.0,True,
CHEMBL2364608,DORAVIRINE,4.0,2018.0,Cn1c(Cn2ccc(C(F)(F)F)c(Oc3cc(Cl)cc(C#N)c3)c2=O)n[nH]c1=O,ZIAOVIPSKUPPQW-UHFFFAOYSA-N,J05AG06,Launched,non-nucleoside reverse transcriptase inhibitor,,False,425.8,2.65,105.7,1.0,5.0,4.0,0.0,C17H11ClF3N5O3,10.0,True,
CHEMBL2364609,ESKETAMINE HYDROCHLORIDE,4.0,2019.0,CN[C@]1(c2ccccc2Cl)CCCCC1=O.Cl,VCMGMSHEPQENPE-ZOWNYOTGSA-N,,,,,False,237.7,2.9,29.1,1.0,2.0,2.0,0.0,C13H16ClNO,4.0,True,
CHEMBL2364612,LATANOPROSTENE BUNOD,4.0,2017.0,O=C(CCC/C=C\C[C@@H]1[C@@H](CC[C@@H](O)CCc2ccccc2)[C@H](O)C[C@@H]1O)OCCCCO[N+](=O)[O-],LOVMMUBRQUFEAH-UIEAZXIASA-N,S01EE06,,,,False,507.6,3.77,139.4,3.0,8.0,18.0,0.0,C27H41NO8,44.0,True,
CHEMBL2364617,MACIMORELIN ACETATE,4.0,2017.0,CC(=O)O.CC(C)(N)C(=O)N[C@H](Cc1c[nH]c2ccccc12)C(=O)N[C@H](Cc1c[nH]c2ccccc12)NC=O,WVDSKQXKCDZXLH-OHIDFYLOSA-N,,,,,False,474.6,1.84,144.9,6.0,4.0,10.0,0.0,C26H30N6O3,20.0,True,
CHEMBL2364623,PLAZOMICIN SULFATE,4.0,2018.0,CN[C@@H]1[C@@H](O)[C@@H](O[C@@H]2[C@@H](O)[C@H](O[C@H]3OC(CNCCO)=CC[C@H]3N)[C@@H](N)C[C@H]2NC(=O)[C@@H](O)CCN)OC[C@]1(C)O.O=S(=O)(O)O,SFTBRKHJMASSAP-BGJNVEJLSA-N,,,,,False,592.7,-5.36,269.3,11.0,15.0,13.0,0.0,C25H48N6O10,,False,F3_druglikeness
CHEMBL2364629,RIMEGEPANT SULFATE,4.0,2020.0,N[C@@H]1c2cccnc2[C@H](OC(=O)N2CCC(n3c(=O)[nH]c4ncccc43)CC2)CC[C@H]1c1cccc(F)c1F.N[C@@H]1c2cccnc2[C@H](OC(=O)N2CCC(n3c(=O)[nH]c4ncccc43)CC2)CC[C@H]1c1cccc(F)c1F.O.O.O.O=S(=O)(O)O,SOGUOEZRYKUOHR-CQZKMDJHSA-N,,,,,False,534.6,4.49,119.1,2.0,6.0,3.0,0.0,C28H28F2N6O3,20.0,True,
CHEMBL2364632,SARECYCLINE,4.0,2018.0,CON(C)Cc1ccc(O)c2c1C[C@H]1C[C@H]3[C@H](N(C)C)C(O)=C(C(N)=O)C(=O)[C@@]3(O)C(O)=C1C2=O,PQJQFLNBMSCUSH-SBAJWEJLSA-N,J01AA14,,,,False,487.5,0.11,173.9,5.0,10.0,5.0,0.0,C24H29N3O8,18.0,True,
CHEMBL2364633,SARECYCLINE HYDROCHLORIDE,4.0,2018.0,CON(C)Cc1ccc(O)c2c1C[C@H]1C[C@H]3[C@H](N(C)C)C(O)=C(C(N)=O)C(=O)[C@@]3(O)C(O)=C1C2=O.Cl,APPRLAGZQKOUFL-FIPJBXKNSA-N,,,,,False,487.5,0.11,173.9,5.0,10.0,5.0,0.0,C24H29N3O8,18.0,True,
CHEMBL2364635,TAFENOQUINE SUCCINATE,4.0,2018.0,COc1cc(C)c2c(Oc3cccc(C(F)(F)F)c3)c(OC)cc(NC(C)CCCN)c2n1.O=C(O)CCC(=O)O,CQBKFGJRAOXYIP-UHFFFAOYSA-N,,,,,False,463.5,5.91,78.6,2.0,6.0,9.0,0.0,C24H28F3N3O3,22.0,True,
CHEMBL2364637,TENOFOVIR ALAFENAMIDE FUMARATE,4.0,2015.0,CC(C)OC(=O)[C@H](C)N[P@](=O)(CO[C@H](C)Cn1cnc2c(N)ncnc21)Oc1ccccc1.CC(C)OC(=O)[C@H](C)N[P@](=O)(CO[C@H](C)Cn1cnc2c(N)ncnc21)Oc1ccccc1.O=C(O)/C=C/C(=O)O,SVUJNSGGPUCLQZ-FQQAACOVSA-N,,,,,False,476.5,2.97,143.5,2.0,9.0,11.0,0.0,C21H29N6O5P,26.0,True,
CHEMBL2364638,UBROGEPANT,4.0,2019.0,C[C@@H]1[C@H](c2ccccc2)C[C@H](NC(=O)c2cnc3c(c2)C[C@@]2(C3)C(=O)Nc3ncccc32)C(=O)N1CC(F)(F)F,DDOOFTLHJSMHLN-ZQHRPCGSSA-N,N02CD04,,,,False,549.6,3.53,104.3,2.0,5.0,4.0,0.0,C29H26F3N5O3,10.0,True,
CHEMBL2364639,VALBENAZINE,4.0,2017.0,COc1cc2c(cc1OC)[C@H]1C[C@@H](OC(=O)[C@@H](N)C(C)C)[C@H](CC(C)C)CN1CC2,GEJDGVNQKABXKG-CFKGEZKQSA-N,N07XX13,Launched,vesicular monoamine transporter inhibitor,dyskinesia,False,418.6,3.56,74.0,1.0,6.0,7.0,0.0,C24H38N2O4,18.0,True,
CHEMBL2364738,METRIZOATE MAGNESIUM,4.0,1982.0,CC(=O)Nc1c(I)c(C(=O)[O-])c(I)c(N(C)C(C)=O)c1I.CC(=O)Nc1c(I)c(C(=O)[O-])c(I)c(N(C)C(C)=O)c1I.[Mg+2],QGZYHVVYXBFUSE-UHFFFAOYSA-L,,,,,False,626.9,1.8,89.5,1.0,4.0,3.0,-1.0,C12H10I3N2O4-,8.0,True,
CHEMBL2368861,BUPRENORPHINE HYDROCHLORIDE,4.0,1981.0,CO[C@@]12CC[C@@]3(C[C@@H]1[C@](C)(O)C(C)(C)C)[C@H]1Cc4ccc(O)c5c4[C@@]3(CCN1CC1CC1)[C@H]2O5.Cl,UAIXRPCCYXNJMQ-HPRIMLMLSA-N,,,,,False,467.7,4.41,62.2,2.0,5.0,4.0,0.0,C29H41NO4,,False,F4_embed_fail
CHEMBL2368924,DOLASETRON MESYLATE,4.0,1997.0,CS(=O)(=O)O.O.O=C(O[C@@H]1C[C@@H]2C[C@H]3C[C@H](C1)N2CC3=O)c1c[nH]c2ccccc12,QTFFGPOXNNGTGZ-LIFGOUTFSA-N,,,,,False,324.4,2.52,62.4,1.0,4.0,2.0,0.0,C19H20N2O3,,False,F4_embed_fail
CHEMBL2368925,DOLASETRON,4.0,1997.0,O=C(O[C@@H]1C[C@@H]2C[C@H]3C[C@H](C1)N2CC3=O)c1c[nH]c2ccccc12,UKTAZPQNNNJVKR-KJGYPYNMSA-N,A04AA04,Launched,serotonin receptor antagonist,nausea|vomiting,False,324.4,2.52,62.4,1.0,4.0,2.0,0.0,C19H20N2O3,,False,F4_embed_fail
CHEMBL2374220,LEDIPASVIR,4.0,2014.0,COC(=O)N[C@H](C(=O)N1CC2(CC2)C[C@H]1c1nc(-c2ccc3c(c2)C(F)(F)c2cc(-c4ccc5[nH]c([C@@H]6[C@H]7CC[C@H](C7)N6C(=O)[C@@H](NC(=O)OC)C(C)C)nc5c4)ccc2-3)c[nH]1)C(C)C,VRTWBAAJJOHBQU-KMWAZVGDSA-N,,Launched,HCV inhibitor,hepatitis C,False,889.0,8.61,174.6,4.0,8.0,10.0,0.0,C49H54F2N8O6,28.0,True,
CHEMBL2396661,ALPELISIB,4.0,2019.0,Cc1nc(NC(=O)N2CCC[C@H]2C(N)=O)sc1-c1ccnc(C(C)(C)C(F)(F)F)c1,STUWGJZDJHPWGZ-LBPRGKRZSA-N,L01EM03,Launched,PI3K inhibitor,breast cancer,False,441.5,3.84,101.2,2.0,5.0,4.0,0.0,C19H22F3N5O2S,12.0,True,
CHEMBL2397415,ZAVEGEPANT,4.0,2023.0,Cc1cc(C[C@@H](NC(=O)N2CCC(c3cc4ccccc4[nH]c3=O)CC2)C(=O)N2CCN(C3CCN(C)CC3)CC2)cc2cn[nH]c12,JJVAPHYEOZSKJZ-JGCGQSQUSA-N,N02CD08,,,,False,638.8,3.45,120.7,3.0,6.0,6.0,0.0,C36H46N8O3,12.0,True,
CHEMBL2403108,CERITINIB,4.0,2014.0,Cc1cc(Nc2ncc(Cl)c(Nc3ccccc3S(=O)(=O)C(C)C)n2)c(OC(C)C)cc1C1CCNCC1,VERWOWGGCGHDQE-UHFFFAOYSA-N,L01ED02,Launched,ALK tyrosine kinase receptor inhibitor,non-small cell lung cancer (NSCLC),False,558.1,6.36,105.2,3.0,8.0,9.0,0.0,C28H36ClN5O3S,18.0,True,
CHEMBL2403238,CABOTEGRAVIR,4.0,2021.0,C[C@H]1CO[C@@H]2Cn3cc(C(=O)NCc4ccc(F)cc4F)c(=O)c(O)c3C(=O)N12,WCWSTNLSLKSJPK-LKFCYVNXSA-N,J05AJ04,Phase 3,HIV integrase inhibitor,,False,405.4,0.96,100.9,2.0,5.0,3.0,0.0,C19H17F2N3O5,8.0,True,
CHEMBL2443262,OLICERIDINE,4.0,2020.0,COc1ccsc1CNCC[C@@]1(c2ccccn2)CCOC2(CCCC2)C1,DMNOVGJWPASQDL-OAQYLSRUSA-N,N02AX07,,,,False,386.6,4.69,43.4,1.0,5.0,7.0,0.0,C22H30N2O2S,14.0,True,
CHEMBL2448612,ERGOTAMINE TARTRATE,4.0,1948.0,CN1C[C@H](C(=O)N[C@]2(C)O[C@@]3(O)[C@@H]4CCCN4C(=O)[C@H](Cc4ccccc4)N3C2=O)C=C2c3cccc4[nH]cc(c34)C[C@H]21.CN1C[C@H](C(=O)N[C@]2(C)O[C@@]3(O)[C@@H]4CCCN4C(=O)[C@H](Cc4ccccc4)N3C2=O)C=C2c3cccc4[nH]cc(c34)C[C@H]21.O=C(O)C(O)C(O)C(=O)O,CJMJLDQKTOJACI-SEUSHGJOSA-N,,,,,False,581.7,1.99,118.2,3.0,6.0,4.0,0.0,C33H35N5O5,10.0,True,
CHEMBL2448613,PIMAVANSERIN TARTRATE,4.0,2016.0,CC(C)COc1ccc(CNC(=O)N(Cc2ccc(F)cc2)C2CCN(C)CC2)cc1.CC(C)COc1ccc(CNC(=O)N(Cc2ccc(F)cc2)C2CCN(C)CC2)cc1.O=C(O)C(O)C(O)C(=O)O,RGSULKHNAKTFIZ-UHFFFAOYSA-N,,,,,False,427.6,4.67,44.8,1.0,3.0,8.0,0.0,C25H34FN3O2,18.0,True,
CHEMBL3039502,DUVELISIB,4.0,2018.0,C[C@H](Nc1ncnc2nc[nH]c12)c1cc2cccc(Cl)c2c(=O)n1-c1ccccc1,SJVQHLPISAIATJ-ZDUSSCGKSA-N,L01EM04,Launched,PI3K inhibitor,,False,416.9,4.48,88.5,2.0,5.0,4.0,0.0,C22H17ClN6O,8.0,True,
CHEMBL3039504,NINTEDANIB ESYLATE,4.0,2014.0,CCS(=O)(=O)O.COC(=O)c1ccc2c(c1)NC(=O)/C2=C(\Nc1ccc(N(C)C(=O)CN2CCN(C)CC2)cc1)c1ccccc1,MMMVNAGRWOJNMW-FJBFXRHMSA-N,,,,,False,539.6,3.62,94.2,2.0,7.0,7.0,0.0,C31H33N5O4,18.0,True,
CHEMBL3039507,SOTAGLIFLOZIN,4.0,2019.0,CCOc1ccc(Cc2cc([C@@H]3O[C@H](SC)[C@@H](O)[C@H](O)[C@H]3O)ccc2Cl)cc1,QKDRXGFQVGOQKS-CRSSMBPESA-N,A10BK06,Phase 3,sodium/glucose cotransporter inhibitor,,False,424.9,3.17,79.2,3.0,6.0,6.0,0.0,C21H25ClO5S,18.0,True,
CHEMBL3039508,NALDEMEDINE TOSYLATE,4.0,2017.0,CC(C)(NC(=O)C1=C(O)[C@@H]2Oc3c(O)ccc4c3[C@@]23CCN(CC2CC2)[C@H](C4)[C@]3(O)C1)c1nc(-c2ccccc2)no1.Cc1ccc(S(=O)(=O)O)cc1,WCYDLROFMZJJLE-RTMHEQJQSA-N,,,,,False,570.6,3.48,141.2,4.0,9.0,6.0,0.0,C32H34N4O6,18.0,True,
CHEMBL3039514,ELBASVIR,4.0,2016.0,COC(=O)N[C@H](C(=O)N1CCC[C@H]1c1nc(-c2ccc3c(c2)O[C@@H](c2ccccc2)n2c-3cc3cc(-c4c[nH]c([C@@H]5CCCN5C(=O)[C@@H](NC(=O)OC)C(C)C)n4)ccc32)c[nH]1)C(C)C,BVAZQCUMNICBAQ-PZHYSIFUSA-N,J05AP10,Launched,HCV inhibitor,hepatitis C,False,882.0,8.12,188.8,4.0,9.0,11.0,0.0,C49H55N9O7,30.0,True,
CHEMBL3039520,LASMIDITAN,4.0,2020.0,CN1CCC(C(=O)c2cccc(NC(=O)c3c(F)cc(F)cc3F)n2)CC1,XEDHVZKDSYZQBF-UHFFFAOYSA-N,N02CC08,Launched,serotonin receptor agonist,,False,377.4,3.28,62.3,1.0,4.0,4.0,0.0,C19H18F3N3O2,8.0,True,
CHEMBL3039526,LASMIDITAN SUCCINATE,4.0,2020.0,CN1CCC(C(=O)c2cccc(NC(=O)c3c(F)cc(F)cc3F)n2)CC1.CN1CCC(C(=O)c2cccc(NC(=O)c3c(F)cc(F)cc3F)n2)CC1.O=C(O)CCC(=O)O,MSOIHUHNGPOCTH-UHFFFAOYSA-N,,,,,False,377.4,3.28,62.3,1.0,4.0,4.0,0.0,C19H18F3N3O2,8.0,True,
CHEMBL3039596,FOSINOPRIL SODIUM,4.0,1991.0,CCC(=O)O[C@@H](O[P@](=O)(CCCCc1ccccc1)CC(=O)N1C[C@H](C2CCCCC2)C[C@H]1C(=O)[O-])C(C)C.[Na+],TVTJZMHAIQQZTL-WATAJHSMSA-M,,,,,False,562.7,4.79,113.0,0.0,7.0,14.0,-1.0,C30H45NO7P-,32.0,True,
CHEMBL3039598,FOSINOPRIL,4.0,1991.0,CCC(=O)O[C@@H](O[P@](=O)(CCCCc1ccccc1)CC(=O)N1C[C@H](C2CCCCC2)C[C@H]1C(=O)O)C(C)C,BIDNLKIUORFRQP-XYGFDPSESA-N,C09AA09,Launched,angiotensin converting enzyme inhibitor,hypertension|congestive heart failure,False,563.7,6.12,110.2,1.0,6.0,14.0,0.0,C30H46NO7P,34.0,True,
CHEMBL3084748,TROSPIUM CHLORIDE,4.0,2004.0,O=C(O[C@H]1C[C@H]2CC[C@@H](C1)[N+]21CCCC1)C(O)(c1ccccc1)c1ccccc1.[Cl-],RVCSYOQWLPPAOA-QKYUOBHYSA-M,,,,,False,392.5,3.77,46.5,1.0,3.0,4.0,1.0,C25H30NO3+,12.0,True,
CHEMBL3099695,OSILODROSTAT,4.0,2020.0,N#Cc1ccc([C@H]2CCc3cncn32)c(F)c1,USUZGMWDZDXMDG-CYBMUJFWSA-N,H02CA02,Launched,cytochrome P450 inhibitor,,False,227.2,2.43,41.6,0.0,2.0,1.0,0.0,C13H10FN3,2.0,True,
CHEMBL3112741,RELEBACTAM ANHYDROUS,4.0,2019.0,O=C(NC1CCNCC1)[C@@H]1CC[C@@H]2CN1C(=O)N2OS(=O)(=O)O,SMOBCLHAZXOKDQ-ZJUUUORDSA-N,,,,,False,348.4,-1.14,128.3,3.0,6.0,4.0,0.0,C12H20N4O6S,10.0,True,
CHEMBL3127326,OMBITASVIR,4.0,2014.0,COC(=O)N[C@H](C(=O)N1CCC[C@H]1C(=O)Nc1ccc([C@@H]2CC[C@@H](c3ccc(NC(=O)[C@@H]4CCCN4C(=O)[C@@H](NC(=O)OC)C(C)C)cc3)N2c2ccc(C(C)(C)C)cc2)cc1)C(C)C,PIDFDZJZLOTZTM-KHVQSSSXSA-N,,Launched,HCV inhibitor,hepatitis C,False,894.1,7.69,178.7,4.0,9.0,13.0,0.0,C50H67N7O8,36.0,True,
CHEMBL3137301,SACUBITRIL,4.0,2015.0,CCOC(=O)[C@H](C)C[C@@H](Cc1ccc(-c2ccccc2)cc1)NC(=O)CCC(=O)O,PYNXFZCZUAOOQC-UTKZUKDTSA-N,,Launched,neprilysin inhibitor,congestive heart failure,False,411.5,3.84,92.7,2.0,4.0,11.0,0.0,C24H29NO5,26.0,True,
CHEMBL3137308,PEFICITINIB,4.0,2019.0,NC(=O)c1cnc2[nH]ccc2c1N[C@@H]1[C@@H]2CC3C[C@H]1C[C@@](O)(C3)C2,DREIJXJRTLTGJC-ZLBJMMTISA-N,L04AF06,Launched,JAK inhibitor,rheumatoid arthritis,False,326.4,2.01,104.0,4.0,4.0,3.0,0.0,C18H22N4O2,8.0,True,
CHEMBL3137309,VENETOCLAX,4.0,2016.0,CC1(C)CCC(CN2CCN(c3ccc(C(=O)NS(=O)(=O)c4ccc(NCC5CCOCC5)c([N+](=O)[O-])c4)c(Oc4cnc5[nH]ccc5c4)c3)CC2)=C(c2ccc(Cl)cc2)C1,LQBVNQSMGBZMKD-UHFFFAOYSA-N,L01XX52,Launched,BCL inhibitor,chronic lymphocytic leukemia (CLL),False,868.5,8.66,172.0,3.0,11.0,13.0,0.0,C45H50ClN7O7S,26.0,True,
CHEMBL3137310,BENZHYDROCODONE HYDROCHLORIDE,4.0,2018.0,COc1ccc2c3c1O[C@H]1C(OC(=O)c4ccccc4)=CC[C@@H]4[C@@H](C2)N(C)CC[C@@]341.Cl,VVCUIDHKAHHSAN-JJHQWJQCSA-N,,,,,False,403.5,3.72,48.0,0.0,5.0,3.0,0.0,C25H25NO4,8.0,True,
CHEMBL3137312,DASABUVIR,4.0,2014.0,COc1c(-c2ccc3cc(NS(C)(=O)=O)ccc3c2)cc(-n2ccc(=O)[nH]c2=O)cc1C(C)(C)C,NBRBXGKOEOGLOI-UHFFFAOYSA-N,J05AP09,Launched,HCV inhibitor,hepatitis C,False,493.6,4.02,110.3,2.0,5.0,5.0,0.0,C26H27N3O5S,12.0,True,
CHEMBL3137317,SONIDEGIB PHOSPHATE,4.0,2015.0,Cc1c(C(=O)Nc2ccc(N3C[C@@H](C)O[C@@H](C)C3)nc2)cccc1-c1ccc(OC(F)(F)F)cc1.O=P(O)(O)O.O=P(O)(O)O,RWIVSVMMGFFZIJ-VWDRLOGHSA-N,,,,,False,485.5,5.82,63.7,1.0,5.0,5.0,0.0,C26H26F3N3O3,12.0,True,
CHEMBL3137318,TALAZOPARIB TOSYLATE,4.0,2018.0,Cc1ccc(S(=O)(=O)O)cc1.Cn1ncnc1[C@H]1c2n[nH]c(=O)c3cc(F)cc(c23)N[C@@H]1c1ccc(F)cc1,QUQKKHBYEFLEHK-QNBGGDODSA-N,,,,,False,380.4,2.63,88.5,2.0,5.0,2.0,0.0,C19H14F2N6O,4.0,True,
CHEMBL3137320,TALAZOPARIB,4.0,2018.0,Cn1ncnc1[C@H]1c2n[nH]c(=O)c3cc(F)cc(c23)N[C@@H]1c1ccc(F)cc1,HWGQMRYQVZSGDQ-HZPDHXFCSA-N,L01XK04,Launched,PARP inhibitor,breast cancer,False,380.4,2.63,88.5,2.0,5.0,2.0,0.0,C19H14F2N6O,4.0,True,
CHEMBL3137321,BENZHYDROCODONE,4.0,2018.0,COc1ccc2c3c1O[C@H]1C(OC(=O)c4ccccc4)=CC[C@@H]4[C@@H](C2)N(C)CC[C@@]341,VPMRSLWWUXNYRY-NDOYXKHWSA-N,,,,,False,403.5,3.72,48.0,0.0,5.0,3.0,0.0,C25H25NO4,8.0,True,
CHEMBL3137326,DEUTETRABENAZINE,4.0,2017.0,[2H]C([2H])([2H])Oc1cc2c(cc1OC([2H])([2H])[2H])C1CC(=O)C(CC(C)C)CN1CC2,MKJIEFSOBYUXJB-LIJFRPJRSA-N,N07XX16,,,,False,323.5,3.24,38.8,0.0,4.0,4.0,0.0,C19H27NO3,8.0,True,
CHEMBL3137329,PEFICITINIB HYDROBROMIDE,4.0,2019.0,Br.NC(=O)c1cnc2[nH]ccc2c1N[C@@H]1[C@@H]2CC3C[C@H]1C[C@@](O)(C3)C2,ZUVPMAPXNYGJQC-NUHVQPJCSA-N,,,,,False,326.4,2.01,104.0,4.0,4.0,3.0,0.0,C18H22N4O2,8.0,True,
CHEMBL3137330,CABOTEGRAVIR SODIUM,4.0,2021.0,C[C@H]1CO[C@@H]2Cn3cc(C(=O)NCc4ccc(F)cc4F)c(=O)c([O-])c3C(=O)N12.[Na+],AEZBWGMXBKPGFP-KIUAEZIZSA-M,,,,,False,404.3,0.33,103.7,1.0,5.0,3.0,-1.0,C19H16F2N3O5-,6.0,True,
CHEMBL3137333,ISAVUCONAZONIUM SULFATE,4.0,2015.0,CNCC(=O)OCc1cccnc1N(C)C(=O)OC(C)[n+]1cnn(C[C@](O)(c2cc(F)ccc2F)[C@@H](C)c2nc(-c3ccc(C#N)cc3)cs2)c1.O=S(=O)([O-])O,LWXUIUUOMSMZKJ-KLFWAVJMSA-M,,,,,False,717.8,4.58,159.4,2.0,11.0,13.0,1.0,C35H35F2N8O5S+,34.0,True,
CHEMBL3137358,SIMEPREVIR SODIUM,4.0,2013.0,COc1ccc2c(O[C@@H]3C[C@H]4C(=O)N[C@]5(C(=O)[N-]S(=O)(=O)C6CC6)C[C@H]5/C=C\CCCCN(C)C(=O)[C@@H]4C3)cc(-c3nc(C(C)C)cs3)nc2c1C.[Na+],LLXQGDWGCCKOQP-MVZLLIIPSA-M,,,,,False,748.9,6.04,159.0,1.0,10.0,8.0,-1.0,C38H46N5O7S2-,36.0,True,
CHEMBL3140361,ETHAMBUTOL HYDROCHLORIDE,4.0,1967.0,CC[C@@H](CO)NCCN[C@@H](CC)CO.Cl.Cl,AUAHHJJRFHRVPV-BZDVOYDHSA-N,,,,,False,204.3,-0.29,64.5,4.0,4.0,9.0,0.0,C10H24N2O2,22.0,True,
CHEMBL3142541,BUTAMBEN PICRATE,4.0,,CCCCOC(=O)c1ccc(N)cc1.CCCCOC(=O)c1ccc(N)cc1.O=[N+]([O-])c1cc([N+](=O)[O-])c(O)c([N+](=O)[O-])c1,ATAGSVCDFKGYPE-UHFFFAOYSA-N,,,,,False,193.2,2.23,52.3,1.0,3.0,4.0,0.0,C11H15NO2,12.0,True,
CHEMBL3181832,METHICILLIN SODIUM,4.0,1982.0,COc1cccc(OC)c1C(=O)N[C@@H]1C(=O)N2[C@@H]1SC(C)(C)[C@@H]2C(=O)[O-].O.[Na+],NRZPASQBOYNGHR-HWROMZCQSA-M,,,,,False,379.4,-0.39,108.0,1.0,7.0,5.0,-1.0,C17H19N2O6S-,10.0,True,
CHEMBL3181841,RAMOSETRON HYDROCHLORIDE,4.0,2015.0,Cl.Cn1cc(C(=O)[C@@H]2CCc3[nH]cnc3C2)c2ccccc21,XIXYTCLDXQRHJO-RFVHGSKJSA-N,,,,,False,279.3,2.89,50.7,1.0,2.0,2.0,0.0,C17H17N3O,4.0,True,
CHEMBL3181947,BROMFENAC SODIUM,4.0,1997.0,Nc1c(CC(=O)[O-])cccc1C(=O)c1ccc(Br)cc1.Nc1c(CC(=O)[O-])cccc1C(=O)c1ccc(Br)cc1.O.O.O.[Na+].[Na+],PPOSVVJOVKVBPW-UHFFFAOYSA-L,,,,,False,333.2,1.55,83.2,1.0,4.0,4.0,-1.0,C15H11BrNO3-,10.0,True,
CHEMBL3182320,TROXERUTIN,4.0,,C[C@@H]1O[C@@H](OC[C@H]2O[C@@H](Oc3c(-c4ccc(OCCO)c(OCCO)c4)oc4cc(OCCO)cc(O)c4c3=O)[C@H](O)[C@@H](O)[C@@H]2O)[C@H](O)[C@H](O)[C@H]1O,IYVFNTXFRYQLRP-VVSTWUKXSA-N,C05CA04;C05CA54,Launched,antioxidant,,False,742.7,-2.69,297.1,10.0,19.0,15.0,0.0,C33H42O19,,False,F3_druglikeness
CHEMBL3182343,PIVAMPICILLIN,4.0,,CC(C)(C)C(=O)OCOC(=O)[C@@H]1N2C(=O)[C@@H](NC(=O)[C@H](N)c3ccccc3)[C@H]2SC1(C)C,ZEMIJUDPLILVNQ-ZXFNITATSA-N,J01CA02,Launched,bacterial cell wall synthesis inhibitor,bronchitis|pneumonia|gynecologic infections,False,463.6,1.32,128.0,2.0,8.0,6.0,0.0,C22H29N3O6S,20.0,True,
CHEMBL3182733,PRAMIPEXOLE DIHYDROCHLORIDE,4.0,1997.0,CCCN[C@H]1CCc2nc(N)sc2C1.Cl.Cl.O,APVQOOKHDZVJEX-QTPLPEIMSA-N,,,,,False,211.3,1.58,50.9,2.0,4.0,3.0,0.0,C10H17N3S,8.0,True,
CHEMBL3183075,NIZATIDINE,4.0,1988.0,CNC(=C[N+](=O)[O-])NCCSCc1csc(CN(C)C)n1,SGXXNSQHWDMGGP-UHFFFAOYSA-N,A02BA04,Launched,histamine receptor antagonist,duodenal ulcer disease|erosive esophagitis (EE)|ulcerative esophagitis (UE)|gastroesophageal reflux disease (GERD),False,331.5,1.32,83.3,2.0,8.0,10.0,0.0,C12H21N5O2S2,20.0,True,
CHEMBL3183184,OCTINOXATE,4.0,1992.0,CCCCC(CC)COC(=O)C=Cc1ccc(OC)cc1,YBGZDTIWKVFICR-UHFFFAOYSA-N,D02BA02,Launched,,sunscreen lotion,False,290.4,4.47,35.5,0.0,3.0,9.0,0.0,C18H26O3,20.0,True,
CHEMBL3183193,CEFMENOXIME HYDROCHLORIDE,4.0,1987.0,CO/N=C(\C(=O)N[C@@H]1C(=O)N2C(C(=O)O)=C(CSc3nnnn3C)CS[C@H]12)c1csc(N)n1.CO/N=C(\C(=O)N[C@@H]1C(=O)N2C(C(=O)O)=C(CSc3nnnn3C)CS[C@H]12)c1csc(N)n1.Cl,MPTNDTIREFCQLK-UNVJPQNDSA-N,,,,,False,511.6,-0.87,190.8,3.0,13.0,8.0,0.0,C16H17N9O5S3,20.0,True,
CHEMBL3183409,APALUTAMIDE,4.0,2018.0,CNC(=O)c1ccc(N2C(=S)N(c3cnc(C#N)c(C(F)(F)F)c3)C(=O)C23CCC3)cc1F,HJBWBFZLDZWPHF-UHFFFAOYSA-N,L02BB05,Launched,androgen receptor antagonist,prostate cancer,False,477.4,3.53,89.3,1.0,5.0,3.0,0.0,C21H15F4N5O2S,8.0,True,
CHEMBL3183451,GARENOXACIN MESYLATE,4.0,2007.0,CS(=O)(=O)O.C[C@H]1NCc2cc(-c3ccc4c(=O)c(C(=O)O)cn(C5CC5)c4c3OC(F)F)ccc21.O,IGTHEWGRXUAFKF-NVJADKKVSA-N,,,,,False,426.4,4.47,80.6,2.0,4.0,5.0,0.0,C23H20F2N2O4,12.0,True,
CHEMBL3183453,NOVOBIOCIN SODIUM,4.0,1964.0,CO[C@@H]1[C@@H](OC(N)=O)[C@@H](O)[C@H](Oc2ccc3c([O-])c(NC(=O)c4ccc(O)c(CC=C(C)C)c4)c(=O)oc3c2C)OC1(C)C.[Na+],WWPRGAYLRGSOSU-RNROJPEYSA-M,,,,,False,611.6,3.0,202.8,4.0,11.0,8.0,-1.0,C31H35N2O11-,22.0,True,
CHEMBL3184143,GUANADREL SULFATE,4.0,1982.0,N=C(N)NCC1COC2(CCCCC2)O1.N=C(N)NCC1COC2(CCCCC2)O1.O=S(=O)(O)O,RTEVGQJRTFFMLL-UHFFFAOYSA-N,,,,,False,213.3,0.55,80.4,3.0,3.0,2.0,0.0,C10H19N3O2,4.0,True,
CHEMBL3184512,CLINDAMYCIN PHOSPHATE,4.0,1972.0,CCC[C@@H]1C[C@@H](C(=O)N[C@@H]([C@H]2O[C@H](SC)[C@H](OP(=O)(O)O)[C@@H](O)[C@H]2O)[C@H](C)Cl)N(C)C1,UFUVLHLTWXBHGZ-MGZQPHGTSA-N,,,,,False,505.0,0.51,148.8,5.0,8.0,9.0,0.0,C18H34ClN2O8PS,26.0,True,
CHEMBL3184791,STREPTOMYCIN SULFATE,4.0,1946.0,CN[C@@H]1[C@H](O[C@H]2[C@H](O[C@H]3[C@H](O)[C@@H](O)[C@H](N=C(N)N)[C@@H](O)[C@@H]3N=C(N)N)O[C@@H](C)[C@]2(O)C=O)O[C@@H](CO)[C@H](O)[C@H]1O.CN[C@@H]1[C@H](O[C@H]2[C@H](O[C@H]3[C@H](O)[C@@H](O)[C@H](N=C(N)N)[C@@H](O)[C@@H]3N=C(N)N)O[C@@H](C)[C@]2(O)C=O)O[C@@H](CO)[C@H](O)[C@H]1O.O=S(=O)(O)O.O=S(=O)(O)O.O=S(=O)(O)O,QTENRWWVYAAPBI-YCRXJPFRSA-N,,,,,False,581.6,-8.16,336.4,12.0,15.0,9.0,0.0,C21H39N7O12,,False,F3_druglikeness
CHEMBL3184799,MEPHENTERMINE SULFATE,4.0,1951.0,CNC(C)(C)Cc1ccccc1.CNC(C)(C)Cc1ccccc1.O=S(=O)(O)O,DNKCFBJMFIUNRS-UHFFFAOYSA-N,,,,,False,163.3,2.23,12.0,1.0,1.0,3.0,0.0,C11H17N,6.0,True,
CHEMBL3184986,ZINC ACETATE,4.0,1982.0,CC(=O)[O-].CC(=O)[O-].O.O.[Zn+2],BEAZKUGSCHFXIQ-UHFFFAOYSA-L,A16AX05,,,,False,,,,,,,,,,False,F2_mw_59
CHEMBL3185229,MAGNESIUM CHLORIDE,4.0,1982.0,O.O.O.O.O.O.[Cl-].[Cl-].[Mg+2],DHRRIBDTHFBPNG-UHFFFAOYSA-L,A12CC01;B05XA11,,,,False,,,,,,,,,,False,F2_mw_18
CHEMBL3185958,CLOMIPHENE CITRATE,4.0,1967.0,CCN(CC)CCOc1ccc(C(=C(Cl)c2ccccc2)c2ccccc2)cc1.O=C(O)CC(O)(CC(=O)O)C(=O)O,PYTMYKVIJXPNBD-UHFFFAOYSA-N,,,,,False,406.0,6.56,12.5,0.0,2.0,9.0,0.0,C26H28ClNO,18.0,True,
CHEMBL3186492,ONDANSETRON HYDROCHLORIDE,4.0,1991.0,Cc1nccn1CC1CCc2c(c3ccccc3n2C)C1=O.Cl.O.O,VRSLTNZJOUZKLX-UHFFFAOYSA-N,,,,,False,293.4,3.13,39.8,0.0,2.0,2.0,0.0,C18H19N3O,4.0,True,
CHEMBL3186993,HYDROXYZINE HYDROCHLORIDE,4.0,1956.0,Cl.Cl.OCCOCCN1CCN(C(c2ccccc2)c2ccc(Cl)cc2)CC1,ANOMHKZSQFYSBR-UHFFFAOYSA-N,,,,,False,374.9,3.06,35.9,1.0,4.0,8.0,0.0,C21H27ClN2O2,18.0,True,
CHEMBL3187246,METHAPYRILENE FUMARATE,4.0,,CN(C)CCN(Cc1cccs1)c1ccccn1.CN(C)CCN(Cc1cccs1)c1ccccn1.O=C(O)/C=C/C(=O)O.O=C(O)/C=C/C(=O)O.O=C(O)/C=C/C(=O)O,OLGIEIJNOQGBSS-VQYXCCSOSA-N,,,,,False,261.4,2.71,19.4,0.0,4.0,6.0,0.0,C14H19N3S,12.0,True,
CHEMBL3187365,ASENAPINE,4.0,2009.0,CN1CC2c3ccccc3Oc3ccc(Cl)cc3C2C1,VSWBSWWIRNCQIJ-UHFFFAOYSA-N,N05AH05,Launched,dopamine receptor antagonist|serotonin receptor antagonist,schizophrenia|bipolar disorder,False,285.8,4.26,12.5,0.0,2.0,0.0,0.0,C17H16ClNO,0.0,True,
CHEMBL3187723,BINIMETINIB,4.0,2018.0,Cn1cnc2c(F)c(Nc3ccc(Br)cc3F)c(C(=O)NOCCO)cc21,ACWZRVQXLIRSDF-UHFFFAOYSA-N,L01EE03,Launched,MEK inhibitor,melanoma,False,441.2,3.01,88.4,3.0,5.0,6.0,0.0,C17H15BrF2N4O3,14.0,True,
CHEMBL3187985,APOMORPHINE HYDROCHLORIDE,4.0,2001.0,CN1CCc2cccc3c2[C@H]1Cc1ccc(O)c(O)c1-3.CN1CCc2cccc3c2[C@H]1Cc1ccc(O)c(O)c1-3.Cl.Cl.O,CXWQXGNFZLHLHQ-DPFCLETOSA-N,,,,,False,267.3,2.85,43.7,2.0,3.0,0.0,0.0,C17H17NO2,4.0,True,
CHEMBL3188034,TRIPROLIDINE HYDROCHLORIDE,4.0,1982.0,Cc1ccc(/C(=C\CN2CCCC2)c2ccccn2)cc1.Cl.O,CUZMOIXUFHOLLN-UMVVUDSKSA-N,,,,,False,278.4,3.92,16.1,0.0,2.0,4.0,0.0,C19H22N2,8.0,True,
CHEMBL3188267,CAPMATINIB,4.0,2020.0,CNC(=O)c1ccc(-c2cnc3ncc(Cc4ccc5ncccc5c4)n3n2)cc1F,LIOLIMKSCNQPLV-UHFFFAOYSA-N,L01EX17,,,,False,412.4,3.43,85.1,1.0,5.0,4.0,0.0,C23H17FN6O,8.0,True,
CHEMBL3188576,DIHYDROSTREPTOMYCIN SULFATE,4.0,,CN[C@@H]1[C@H](O[C@H]2[C@H](O[C@H]3[C@H](O)[C@@H](O)[C@H](NC(=N)N)[C@@H](O)[C@@H]3NC(=N)N)O[C@@H](C)[C@]2(O)CO)O[C@@H](CO)[C@H](O)[C@H]1O.CN[C@@H]1[C@H](O[C@H]2[C@H](O[C@H]3[C@H](O)[C@@H](O)[C@H](NC(=N)N)[C@@H](O)[C@@H]3NC(=N)N)O[C@@H](C)[C@]2(O)CO)O[C@@H](CO)[C@H](O)[C@H]1O.O=S(=O)(O)O.O=S(=O)(O)O.O=S(=O)(O)O,CZWJCQXZZJHHRH-YCRXJPFRSA-N,,,,,False,583.6,-7.95,334.6,15.0,15.0,9.0,0.0,C21H41N7O12,,False,F3_druglikeness
CHEMBL3188993,QUETIAPINE FUMARATE,4.0,1997.0,O=C(O)/C=C/C(=O)O.OCCOCCN1CCN(C2=Nc3ccccc3Sc3ccccc32)CC1.OCCOCCN1CCN(C2=Nc3ccccc3Sc3ccccc32)CC1,ZTHJULTYCAQOIJ-WXXKFALUSA-N,,,,,False,383.5,2.86,48.3,1.0,6.0,5.0,0.0,C21H25N3O2S,12.0,True,
CHEMBL3189072,TIROFIBAN HYDROCHLORIDE,4.0,1998.0,CCCCS(=O)(=O)N[C@@H](Cc1ccc(OCCCCC2CCNCC2)cc1)C(=O)O.Cl.O,HWAAPJPFZPHHBC-FGJQBABTSA-N,,,,,False,440.6,2.95,104.7,3.0,5.0,14.0,0.0,C22H36N2O5S,30.0,True,
CHEMBL3218576,COPANLISIB,4.0,2017.0,COc1c(OCCCN2CCOCC2)ccc2c1N=C(NC(=O)c1cnc(N)nc1)N1CCN=C21,PZBCKZWLPGJMAO-UHFFFAOYSA-N,L01EM02,Launched,PI3K inhibitor,follicular lymphoma,False,480.5,0.66,139.8,2.0,11.0,7.0,0.0,C23H28N8O4,16.0,True,
CHEMBL3233142,LUMATEPERONE TOSYLATE,4.0,2019.0,CN1CCN2c3c(cccc31)[C@@H]1CN(CCCC(=O)c3ccc(F)cc3)CC[C@@H]12.Cc1ccc(S(=O)(=O)O)cc1,LHAPOGAFBLSJJQ-GUTACTQSSA-N,,,,,False,393.5,3.92,26.8,0.0,4.0,5.0,0.0,C24H28FN3O,10.0,True,
CHEMBL3237547,CEDAZURIDINE,4.0,2020.0,O=C1N[C@H](O)CCN1[C@@H]1O[C@H](CO)[C@@H](O)C1(F)F,VUDZSIYXZUYWSC-DBRKOABJSA-N,,,,,False,268.2,-1.57,102.3,4.0,5.0,2.0,0.0,C9H14F2N2O5,10.0,True,
CHEMBL3244648,METHOTREXATE SODIUM,4.0,1953.0,CN(Cc1cnc2nc(N)nc(N)c2n1)c1ccc(C(=O)N[C@@H](CCC(=O)[O-])C(=O)[O-])cc1.[Na+].[Na+],DASQOOZCTWOQPA-GXKRWWSZSA-L,,,,,False,452.4,-2.4,216.2,3.0,12.0,9.0,-2.0,C20H20N8O5-2,22.0,True,
CHEMBL3261331,RESMETIROM,4.0,2024.0,CC(C)c1cc(Oc2c(Cl)cc(-n3nc(C#N)c(=O)[nH]c3=O)cc2Cl)n[nH]c1=O,FDBYIYFVSAHJLY-UHFFFAOYSA-N,,Phase 3,thyroid hormone receptor agonist,,False,435.2,2.1,146.5,2.0,7.0,4.0,0.0,C17H12Cl2N6O4,8.0,True,
CHEMBL3286830,LORLATINIB,4.0,2018.0,C[C@H]1Oc2cc(cnc2N)-c2c(nn(C)c2C#N)CN(C)C(=O)c2ccc(F)cc21,IIXWYSCJSQVBQM-LLVKDONJSA-N,L01ED05,Launched,ALK tyrosine kinase receptor inhibitor,non-small cell lung cancer (NSCLC),False,406.4,2.8,110.1,1.0,6.0,0.0,0.0,C21H19FN6O2,2.0,True,
CHEMBL3291398,LEFAMULIN,4.0,2019.0,C=C[C@]1(C)C[C@@H](OC(=O)CS[C@@H]2CC[C@@H](N)C[C@H]2O)[C@]2(C)[C@H](C)CC[C@]3(CCC(=O)[C@H]32)[C@@H](C)[C@@H]1O,KPVIXBKIJXZQJX-FCEONZPQSA-N,J01XX12,,,,False,507.7,3.87,109.9,3.0,7.0,5.0,0.0,C28H45NO5S,28.0,True,
CHEMBL3301594,FOSTEMSAVIR,4.0,2020.0,COc1cnc(-n2cnc(C)n2)c2c1c(C(=O)C(=O)N1CCN(C(=O)c3ccccc3)CC1)cn2COP(=O)(O)O,SWMDAPWAQQTBOG-UHFFFAOYSA-N,J05AX29,Phase 3,antiviral,,False,583.5,1.17,182.2,2.0,9.0,8.0,0.0,C25H26N7O8P,20.0,True,
CHEMBL3301598,FOSTEMSAVIR TROMETHAMINE,4.0,2020.0,COc1cnc(-n2cnc(C)n2)c2c1c(C(=O)C(=O)N1CCN(C(=O)c3ccccc3)CC1)cn2COP(=O)(O)O.NC(CO)(CO)CO,RRGJSMBMTOKHTE-UHFFFAOYSA-N,,,,,False,583.5,1.17,182.2,2.0,9.0,8.0,0.0,C25H26N7O8P,20.0,True,
CHEMBL3301603,GILTERITINIB FUMARATE,4.0,2018.0,CCc1nc(C(N)=O)c(Nc2ccc(N3CCC(N4CCN(C)CC4)CC3)c(OC)c2)nc1NC1CCOCC1.CCc1nc(C(N)=O)c(Nc2ccc(N3CCC(N4CCN(C)CC4)CC3)c(OC)c2)nc1NC1CCOCC1.O=C(O)/C=C/C(=O)O,UJOUWHLYTQFUCU-WXXKFALUSA-N,,,,,False,552.7,2.7,121.1,3.0,10.0,9.0,0.0,C29H44N8O3,18.0,True,
CHEMBL3301605,RELEBACTAM,4.0,2019.0,O.O=C(NC1CCNCC1)[C@@H]1CC[C@@H]2CN1C(=O)N2OS(=O)(=O)O,TWFRCSHLWKJBQH-UXQCFNEQSA-N,,Launched,beta lactamase inhibitor,,False,348.4,-1.14,128.3,3.0,6.0,4.0,0.0,C12H20N4O6S,10.0,True,
CHEMBL3301607,FILGOTINIB,4.0,2020.0,O=C(Nc1nc2cccc(-c3ccc(CN4CCS(=O)(=O)CC4)cc3)n2n1)C1CC1,RIJLVEAXPNLDTC-UHFFFAOYSA-N,L04AF04,Phase 3,JAK inhibitor,,False,425.5,1.98,96.7,1.0,6.0,5.0,0.0,C21H23N5O3S,10.0,True,
CHEMBL3301610,ABEMACICLIB,4.0,2017.0,CCN1CCN(Cc2ccc(Nc3ncc(F)c(-c4cc(F)c5nc(C)n(C(C)C)c5c4)n3)nc2)CC1,UZWDCWONPYILKI-UHFFFAOYSA-N,L01EF03,Launched,CDK inhibitor,breast cancer,False,506.6,4.94,75.0,1.0,7.0,7.0,0.0,C27H32F2N8,14.0,True,
CHEMBL3301611,AMIFAMPRIDINE PHOSPHATE,4.0,2009.0,Nc1ccncc1N.O=P(O)(O)O,KAICRBBQCRKMPO-UHFFFAOYSA-N,,,,,False,109.1,0.25,64.9,2.0,3.0,0.0,0.0,C5H7N3,4.0,True,
CHEMBL3301612,ENCORAFENIB,4.0,2018.0,COC(=O)N[C@@H](C)CNc1nccc(-c2cn(C(C)C)nc2-c2cc(Cl)cc(NS(C)(=O)=O)c2F)n1,CMJCXYNUCSMDBY-ZDUSSCGKSA-N,L01EC03,Launched,RAF inhibitor,melanoma,False,540.0,3.91,140.1,3.0,8.0,9.0,0.0,C22H27ClFN7O4S,20.0,True,
CHEMBL3301622,GILTERITINIB,4.0,2018.0,CCc1nc(C(N)=O)c(Nc2ccc(N3CCC(N4CCN(C)CC4)CC3)c(OC)c2)nc1NC1CCOCC1,GYQYAJJFPNQOOW-UHFFFAOYSA-N,L01EX13,Launched,FLT3 inhibitor,,False,552.7,2.7,121.1,3.0,10.0,9.0,0.0,C29H44N8O3,18.0,True,
CHEMBL3301627,TENAPANOR HYDROCHLORIDE,4.0,2019.0,CN1Cc2c(Cl)cc(Cl)cc2[C@H](c2cccc(S(=O)(=O)NCCOCCOCCNC(=O)NCCCCNC(=O)NCCOCCOCCNS(=O)(=O)c3cccc([C@@H]4CN(C)Cc5c(Cl)cc(Cl)cc54)c3)c2)C1.Cl.Cl,VFRAXTZDILCRKY-OWRGXFNZSA-N,,,,,False,,,,,,,,,,False,F2_mw_1145
CHEMBL3301670,DIFEMERINE HYDROCHLORIDE,4.0,,CN(C)CC(C)(C)OC(=O)C(O)(c1ccccc1)c1ccccc1.Cl,QRHDDSUGMIAILK-UHFFFAOYSA-N,,,,,False,327.4,2.81,49.8,1.0,4.0,6.0,0.0,C20H25NO3,16.0,True,
CHEMBL3304485,TENAPANOR,4.0,2019.0,CN1Cc2c(Cl)cc(Cl)cc2[C@H](c2cccc(S(=O)(=O)NCCOCCOCCNC(=O)NCCCCNC(=O)NCCOCCOCCNS(=O)(=O)c3cccc([C@@H]4CN(C)Cc5c(Cl)cc(Cl)cc54)c3)c2)C1,DNHPDWGIXIMXSA-CXNSMIOJSA-N,A06AX08,Launched,sodium/hydrogen exchanger inhibitor,,False,,,,,,,,,,False,F2_mw_1145
CHEMBL3304486,DIFEMERINE,4.0,,CN(C)CC(C)(C)OC(=O)C(O)(c1ccccc1)c1ccccc1,WJIZVQNUJVMJAZ-UHFFFAOYSA-N,A03AA09,,,,False,327.4,2.81,49.8,1.0,4.0,6.0,0.0,C20H25NO3,16.0,True,
CHEMBL3306803,LUMATEPERONE,4.0,2019.0,CN1CCN2c3c(cccc31)[C@@H]1CN(CCCC(=O)c3ccc(F)cc3)CC[C@@H]12,HOIIHACBCFLJET-SFTDATJTSA-N,N05AD10,Launched,dopamine receptor modulator|serotonin receptor antagonist,,False,393.5,3.92,26.8,0.0,4.0,5.0,0.0,C24H28FN3O,10.0,True,
CHEMBL3311228,OTESECONAZOLE,4.0,2022.0,O[C@@](Cn1cnnn1)(c1ccc(F)cc1F)C(F)(F)c1ccc(-c2ccc(OCC(F)(F)F)cc2)cn1,IDUYJRXRDSPPRC-NRFANRHFSA-N,J02AC06,,,,False,527.4,4.63,86.0,1.0,6.0,8.0,0.0,C23H16F7N5O2,20.0,True,
CHEMBL3317857,VABORBACTAM,4.0,2017.0,O=C(O)C[C@@H]1CC[C@H](NC(=O)Cc2cccs2)B(O)O1,IOOWNWLVCOUUEX-WPRPVWTQSA-N,,Launched,beta lactamase inhibitor,,False,297.1,0.45,95.9,3.0,5.0,5.0,0.0,C12H16BNO5S,14.0,True,
CHEMBL3348923,TOVORAFENIB,4.0,2024.0,C[C@@H](NC(=O)c1ncnc(N)c1Cl)c1ncc(C(=O)Nc2cc(C(F)(F)F)c(Cl)cn2)s1,VWMJHAFYPMOMGF-ZCFIWIBFSA-N,,,,,False,506.3,3.98,135.8,3.0,8.0,5.0,0.0,C17H12Cl2F3N7O2S,14.0,True,
CHEMBL3348963,TELOTRISTAT ETIPRATE,4.0,2017.0,CCOC(=O)[C@@H](N)Cc1ccc(-c2cc(O[C@H](c3ccc(Cl)cc3-n3ccc(C)n3)C(F)(F)F)nc(N)n2)cc1.O=C(O)CNC(=O)c1ccccc1,XSFPZBUIBYMVEA-CELUQASASA-N,,,,,False,575.0,4.99,131.2,2.0,8.0,9.0,0.0,C27H26ClF3N6O3,26.0,True,
CHEMBL3353410,OSIMERTINIB,4.0,2015.0,C=CC(=O)Nc1cc(Nc2nccc(-c3cn(C)c4ccccc34)n2)c(OC)cc1N(C)CCN(C)C,DUYJMQONPNNFPI-UHFFFAOYSA-N,L01EB04,Launched,EGFR inhibitor,non-small cell lung cancer (NSCLC),False,499.6,4.51,87.5,2.0,7.0,10.0,0.0,C28H33N7O2,20.0,True,
CHEMBL3358920,ETRASIMOD,4.0,2023.0,O=C(O)C[C@H]1CCc2c1[nH]c1ccc(OCc3ccc(C4CCCC4)c(C(F)(F)F)c3)cc21,MVGWUTBTXDYMND-QGZVFWFLSA-N,L04AE05,Phase 3,sphingosine 1-phosphate receptor antagonist,,False,457.5,6.93,62.3,2.0,2.0,6.0,0.0,C26H26F3NO3,16.0,True,
CHEMBL3391662,PARITAPREVIR,4.0,2014.0,Cc1cnc(C(=O)N[C@H]2CCCCC/C=C\[C@@H]3C[C@@]3(C(=O)NS(=O)(=O)C3CC3)NC(=O)[C@@H]3C[C@@H](Oc4nc5ccccc5c5ccccc45)CN3C2=O)cn1,UAUIUKWPKRJZJV-QPLHLKROSA-N,,Launched,HCV inhibitor,hepatitis C,False,765.9,3.64,189.6,3.0,10.0,7.0,0.0,C40H43N7O7S,34.0,True,
CHEMBL3400972,FLUORODOPA F 18,4.0,2019.0,N[C@@H](Cc1cc(O)c(O)cc1[18F])C(=O)O,PAXWQORCRCBOCU-RPDRGXCHSA-N,V09IX05,,,,False,214.2,0.19,103.8,4.0,4.0,3.0,0.0,C9H10FNO4,14.0,True,
CHEMBL3402762,TEPOTINIB,4.0,2021.0,CN1CCC(COc2cnc(-c3cccc(Cn4nc(-c5cccc(C#N)c5)ccc4=O)c3)nc2)CC1,AHYMHWXQRWRBKT-UHFFFAOYSA-N,L01EX21,,,,False,492.6,4.01,96.9,0.0,7.0,7.0,0.0,C29H28N6O2,14.0,True,
CHEMBL3414621,TAZEMETOSTAT,4.0,2020.0,CCN(c1cc(-c2ccc(CN3CCOCC3)cc2)cc(C(=O)NCc2c(C)cc(C)[nH]c2=O)c1C)C1CCOCC1,NSQSAUGJQHDYNO-UHFFFAOYSA-N,L01XX72,Launched,histone lysine methyltransferase inhibitor,,False,572.8,4.73,86.9,2.0,6.0,9.0,0.0,C34H44N4O4,18.0,True,
CHEMBL3544906,BENZPHETAMINE HYDROCHLORIDE,4.0,1960.0,C[C@@H](Cc1ccccc1)N(C)Cc1ccccc1.Cl,ANFSNXAXVLRZCG-RSAXXLAASA-N,,,,,False,239.4,3.75,3.2,0.0,1.0,5.0,0.0,C17H21N,10.0,True,
CHEMBL3544908,AZATADINE MALEATE,4.0,1977.0,CN1CCC(=C2c3ccccc3CCc3cccnc32)CC1.O=C(O)/C=C\C(=O)O.O=C(O)/C=C\C(=O)O,SGHXFFAHXTZRQM-SPIKMXEPSA-N,,,,,False,290.4,3.71,16.1,0.0,2.0,0.0,0.0,C20H22N2,8.0,True,
CHEMBL3544909,CALCIFEDIOL,4.0,1980.0,C=C1CC[C@H](O)C/C1=C/C=C1\CCC[C@]2(C)[C@@H]([C@H](C)CCCC(C)(C)O)CC[C@@H]12.O,WRLFSJXJGJBFJQ-WPUCQFJDSA-N,A11CC06;H05BX05,Launched,vitamin D receptor agonist,hyperparathyroidism,False,400.6,6.73,40.5,2.0,2.0,6.0,0.0,C27H44O2,16.0,True,
CHEMBL3544914,TEZACAFTOR,4.0,2018.0,CC(C)(CO)c1cc2cc(NC(=O)C3(c4ccc5c(c4)OC(F)(F)O5)CC3)c(F)cc2n1C[C@@H](O)CO,MJUVRTYWUMPBTR-MRXNPFEDSA-N,,Launched,CFTR channel agonist,cystic fibrosis,False,520.5,3.4,113.2,4.0,6.0,8.0,0.0,C26H27F3N2O6,22.0,True,
CHEMBL3544971,DEXTROAMPHETAMINE SULFATE,4.0,1960.0,C[C@H](N)Cc1ccccc1.C[C@H](N)Cc1ccccc1.O=S(=O)(O)O,PYHRZPFZZDCOPH-QXGOIDDHSA-N,,,,,False,135.2,1.58,26.0,1.0,1.0,2.0,0.0,C9H13N,6.0,True,
CHEMBL3544973,CEFTAROLINE FOSAMIL ACETATE,4.0,2010.0,CC(=O)O.CCO/N=C(\C(=O)N[C@@H]1C(=O)N2C(C(=O)[O-])=C(Sc3nc(-c4cc[n+](C)cc4)cs3)CS[C@H]12)c1nsc(NP(=O)(O)O)n1.O,KRWPPVCZNGQQHZ-IINIBMQSSA-N,,,,,False,684.7,-0.11,223.2,4.0,14.0,11.0,0.0,C22H21N8O8PS4,26.0,True,
CHEMBL3544974,ASENAPINE MALEATE,4.0,2009.0,CN1CC2c3ccccc3Oc3ccc(Cl)cc3C2C1.O=C(O)/C=C\C(=O)O,GMDCDXMAFMEDAG-BTJKTKAUSA-N,,,,,False,285.8,4.26,12.5,0.0,2.0,0.0,0.0,C17H16ClNO,0.0,True,
CHEMBL3544985,DASABUVIR SODIUM MONOHYDRATE,4.0,2014.0,COc1c(-c2ccc3cc(NS(C)(=O)=O)ccc3c2)cc(-n2ccc(=O)[n-]c2=O)cc1C(C)(C)C.O.[Na+],SJHKKWUESHNTBB-UHFFFAOYSA-M,,,,,False,492.6,3.65,108.6,1.0,5.0,5.0,-1.0,C26H26N3O5S-,12.0,True,
CHEMBL3544986,PERINDOPRIL ARGININE,4.0,2015.0,CCC[C@H](N[C@@H](C)C(=O)N1[C@H](C(=O)O)C[C@@H]2CCCC[C@@H]21)C(=O)OCC.N=C(N)NCCC[C@H](N)C(=O)O,RYCSJJXKEWBUTI-YDYAIEMNSA-N,,,,,False,368.5,1.94,95.9,2.0,5.0,8.0,0.0,C19H32N2O5,22.0,True,
CHEMBL3544988,DAPRODUSTAT,4.0,2023.0,O=C(O)CNC(=O)C1C(=O)N(C2CCCCC2)C(=O)N(C2CCCCC2)C1=O,RUEYEZADQJCKGV-UHFFFAOYSA-N,B03XA07,Phase 3,hypoxia inducible factor inhibitor,,False,393.4,1.26,124.1,2.0,5.0,5.0,0.0,C19H27N3O6,12.0,True,
CHEMBL3545057,ACETYLDIGITOXIN,4.0,1982.0,CC(=O)O[C@H]1C[C@H](O[C@H]2[C@@H](O)C[C@H](O[C@H]3[C@@H](O)C[C@H](O[C@H]4CC[C@@]5(C)[C@H](CC[C@@H]6[C@@H]5CC[C@]5(C)[C@@H](C7=CC(=O)OC7)CC[C@]65O)C4)O[C@@H]3C)O[C@@H]2C)O[C@H](C)[C@H]1O,HPMZBILYSWLILX-UMDUKNJSSA-N,C01AA01,,,,False,807.0,3.82,188.9,4.0,14.0,8.0,0.0,C43H66O14,26.0,True,
CHEMBL3545058,DEXTROTHYROXINE SODIUM,4.0,1967.0,N[C@H](Cc1cc(I)c(Oc2cc(I)c(O)c(I)c2)c(I)c1)C(=O)[O-].O.[Na+],ANMYAHDLKVNJJO-CURYUGHLSA-M,,,,,False,775.9,3.22,95.6,2.0,5.0,5.0,-1.0,C15H10I4NO4-,14.0,True,
CHEMBL3545059,ALISKIREN FUMARATE,4.0,2007.0,COCCCOc1cc(C[C@@H](C[C@H](N)[C@@H](O)C[C@H](C(=O)NCC(C)(C)C(N)=O)C(C)C)C(C)C)ccc1OC.COCCCOc1cc(C[C@@H](C[C@H](N)[C@@H](O)C[C@H](C(=O)NCC(C)(C)C(N)=O)C(C)C)C(C)C)ccc1OC.O=C(O)/C=C/C(=O)O,KLRSDBSKUSSCGU-KRQUFFFQSA-N,,,,,False,551.8,3.29,146.1,4.0,7.0,19.0,0.0,C30H53N3O6,42.0,True,
CHEMBL3545060,ERYTHROMYCIN GLUCEPTATE,4.0,1982.0,CC[C@H]1OC(=O)[C@H](C)[C@@H](O[C@H]2C[C@@](C)(OC)[C@@H](O)[C@H](C)O2)[C@H](C)[C@@H](O[C@@H]2O[C@H](C)C[C@H](N(C)C)[C@H]2O)[C@](C)(O)C[C@@H](C)C(=O)[C@H](C)[C@@H](O)[C@]1(C)O.O=C(O)[C@H](O)[C@H](O)[C@@H](O)[C@H](O)[C@H](O)CO,ZXBDZLHAHGPXIG-VTXLJDRKSA-N,,,,,False,733.9,1.79,193.9,5.0,14.0,7.0,0.0,C37H67NO13,50.0,True,
CHEMBL3545062,VELPATASVIR,4.0,2016.0,COC[C@H]1C[C@@H](c2nc(-c3ccc4c(c3)COc3cc5c(ccc6nc([C@@H]7CC[C@H](C)N7C(=O)[C@@H](NC(=O)OC)C(C)C)[nH]c65)cc3-4)c[nH]2)N(C(=O)[C@H](NC(=O)OC)c2ccccc2)C1,FHCUMDQMBHQXKK-CDIODLITSA-N,,Launched,antiviral,hepatitis C,False,883.0,7.73,193.1,4.0,10.0,11.0,0.0,C49H54N8O8,30.0,True,
CHEMBL3545063,OSIMERTINIB MESYLATE,4.0,2015.0,C=CC(=O)Nc1cc(Nc2nccc(-c3cn(C)c4ccccc34)n2)c(OC)cc1N(C)CCN(C)C.CS(=O)(=O)O,FUKSNUHSJBTCFJ-UHFFFAOYSA-N,,,,,False,499.6,4.51,87.5,2.0,7.0,10.0,0.0,C28H33N7O2,20.0,True,
CHEMBL3545068,COPANLISIB HYDROCHLORIDE,4.0,2017.0,COc1c(OCCCN2CCOCC2)ccc2c1N=C(NC(=O)c1cnc(N)nc1)N1CCN=C21.Cl.Cl,STGQPVQAAFJJFX-UHFFFAOYSA-N,,,,,False,480.5,0.66,139.8,2.0,11.0,7.0,0.0,C23H28N8O4,16.0,True,
CHEMBL3545110,RIBOCICLIB,4.0,2017.0,CN(C)C(=O)c1cc2cnc(Nc3ccc(N4CCNCC4)cn3)nc2n1C1CCCC1,RHXHGRAEPCAFML-UHFFFAOYSA-N,,Launched,CDK inhibitor,breast cancer,False,434.5,2.8,91.2,2.0,7.0,5.0,0.0,C23H30N8O,10.0,True,
CHEMBL3545123,PIBRENTASVIR,4.0,2017.0,COC(=O)N[C@H](C(=O)N1CCC[C@H]1c1nc2cc([C@H]3CC[C@H](c4cc5nc([C@@H]6CCCN6C(=O)[C@@H](NC(=O)OC)[C@@H](C)OC)[nH]c5cc4F)N3c3cc(F)c(N4CCC(c5ccc(F)cc5)CC4)c(F)c3)c(F)cc2[nH]1)[C@@H](C)OC,VJYSBPDEJWLKKJ-NLIMODCCSA-N,,,,,False,,,,,,,,,,False,F2_mw_1113
CHEMBL3545181,TIOTROPIUM BROMIDE,4.0,2004.0,C[N+]1(C)[C@@H]2C[C@@H](OC(=O)C(O)(c3cccs3)c3cccs3)C[C@H]1[C@@H]1O[C@@H]12.O.[Br-],MQLXPRBEAHBZTK-SEINRUQRSA-M,R03BB04;R03BB54,,,,False,392.5,2.35,59.1,1.0,6.0,4.0,1.0,C19H22NO4S2+,12.0,True,
CHEMBL3545185,SELINEXOR,4.0,2019.0,O=C(/C=C\n1cnc(-c2cc(C(F)(F)F)cc(C(F)(F)F)c2)n1)NNc1cnccn1,DEVSOMFAQLZNKR-RJRFIUFISA-N,L01XX66,Launched,exportin antagonist,multiple myeloma,False,443.3,3.39,97.6,2.0,6.0,5.0,0.0,C17H11F6N7O,14.0,True,
CHEMBL3545252,DOCETAXEL,4.0,1995.0,CC(=O)O[C@@]12CO[C@@H]1C[C@H](O)[C@@]1(C)C(=O)[C@H](O)C3=C(C)[C@@H](OC(=O)[C@H](O)[C@@H](NC(=O)OC(C)(C)C)c4ccccc4)C[C@@](O)([C@@H](OC(=O)c4ccccc4)[C@H]21)C3(C)C.O.O.O,XCDIRYDKECHIPE-QHEQPUDQSA-N,L01CD02,Launched,tubulin polymerization inhibitor,breast cancer|non-small cell lung cancer (NSCLC)|prostate cancer|gastric adenocarcinoma|head and neck squamous cell carcinoma (HNSCC),False,807.9,3.26,224.4,5.0,14.0,8.0,0.0,C43H53NO14,42.0,True,
CHEMBL3545253,FLORTAUCIPIR F 18,4.0,2020.0,[18F]c1ccc(-c2ccc3c(c2)[nH]c2ccncc23)cn1,GETAAWDSFUCLBS-SJPDSGJFSA-N,V09AX07,,,,False,262.3,3.92,41.6,1.0,2.0,1.0,0.0,C16H10FN3,2.0,True,
CHEMBL3545309,LEFAMULIN ACETATE,4.0,2019.0,C=C[C@]1(C)C[C@@H](OC(=O)CS[C@@H]2CC[C@@H](N)C[C@H]2O)[C@]2(C)[C@H](C)CC[C@]3(CCC(=O)[C@H]32)[C@@H](C)[C@@H]1O.CC(=O)O,WSMXIQXWHPSVDE-ZPJPNJFZSA-N,,,,,False,507.7,3.87,109.9,3.0,7.0,5.0,0.0,C28H45NO5S,28.0,True,
CHEMBL3545311,BRIGATINIB,4.0,2017.0,COc1cc(N2CCC(N3CCN(C)CC3)CC2)ccc1Nc1ncc(Cl)c(Nc2ccccc2P(C)(C)=O)n1,AILRADAXUVEEIR-UHFFFAOYSA-N,L01ED04,Launched,ALK tyrosine kinase receptor inhibitor|EGFR inhibitor,non-small cell lung cancer (NSCLC),False,584.1,5.09,85.9,2.0,9.0,8.0,0.0,C29H39ClN7O2P,16.0,True,
CHEMBL3545313,BEMPEDOIC ACID,4.0,2020.0,CC(C)(CCCCCC(O)CCCCCC(C)(C)C(=O)O)C(=O)O,HYHMLYSLQUKXKP-UHFFFAOYSA-N,C10AX15,,,,False,344.5,4.47,94.8,3.0,3.0,14.0,0.0,C19H36O5,34.0,True,
CHEMBL3545363,GLECAPREVIR,4.0,2017.0,CC(C)(C)[C@@H]1NC(=O)O[C@@H]2CCC[C@H]2OC/C=C/C(F)(F)c2nc3ccccc3nc2O[C@@H]2C[C@@H](C(=O)N[C@]3(C(=O)NS(=O)(=O)C4(C)CC4)C[C@H]3C(F)F)N(C2)C1=O,MLSQGNCUYAMAHD-ITNVBOSISA-N,,Launched,serine protease inhibitor,hepatitis C,False,838.9,3.86,195.2,3.0,11.0,6.0,0.0,C38H46F4N6O9S,36.0,True,
CHEMBL3545367,LEMBOREXANT,4.0,2020.0,Cc1ncc(OC[C@@]2(c3cccc(F)c3)C[C@H]2C(=O)Nc2ccc(F)cn2)c(C)n1,MUGXRYIUWFITCP-PGRDOPGGSA-N,N05CJ02,Launched,orexin receptor antagonist,,False,410.4,3.74,77.0,1.0,5.0,6.0,0.0,C22H20F2N4O2,12.0,True,
CHEMBL3545368,PANOBINOSTAT LACTATE,4.0,2015.0,CC(O)C(=O)O.Cc1[nH]c2ccccc2c1CCNCc1ccc(/C=C/C(=O)NO)cc1,XVDWNSFFSMWXJJ-ASTDGNLGSA-N,,,,,False,349.4,3.33,77.2,4.0,3.0,7.0,0.0,C21H23N3O2,16.0,True,
CHEMBL3545376,ERDAFITINIB,4.0,2019.0,COc1cc(OC)cc(N(CCNC(C)C)c2ccc3ncc(-c4cnn(C)c4)nc3c2)c1,OLAHOMJCDNXHFI-UHFFFAOYSA-N,L01EN01,Launched,FGFR inhibitor,,False,446.6,4.18,77.3,1.0,7.0,9.0,0.0,C25H30N6O2,18.0,True,
CHEMBL3545432,IXAZOMIB CITRATE,4.0,2015.0,CC(C)C[C@H](NC(=O)CNC(=O)c1cc(Cl)ccc1Cl)B1OC(=O)C(CC(=O)O)(CC(=O)O)O1,MBOMYENWWXQSNW-AWEZNQCLSA-N,,,,,False,517.1,1.54,168.3,4.0,7.0,11.0,0.0,C20H23BCl2N2O9,26.0,True,
CHEMBL3545985,BENZPHETAMINE,4.0,1960.0,C[C@@H](Cc1ccccc1)N(C)Cc1ccccc1,YXKTVDFXDRQTKV-HNNXBMFYSA-N,,,,,False,239.4,3.75,3.2,0.0,1.0,5.0,0.0,C17H21N,10.0,True,
CHEMBL3546271,FLORTAUCIPIR,4.0,2020.0,Fc1ccc(-c2ccc3c(c2)[nH]c2ccncc23)cn1,GETAAWDSFUCLBS-UHFFFAOYSA-N,,,,,False,263.3,3.92,41.6,1.0,2.0,1.0,0.0,C16H10FN3,2.0,True,
CHEMBL3547132,FLUORODOPA,4.0,2019.0,N[C@@H](Cc1cc(O)c(O)cc1F)C(=O)O,PAXWQORCRCBOCU-LURJTMIESA-N,,,,,False,215.2,0.19,103.8,4.0,4.0,3.0,0.0,C9H10FNO4,14.0,True,
CHEMBL3561076,TRIMETAZIDINE DIHYDROCHLORIDE,4.0,,COc1ccc(CN2CCNCC2)c(OC)c1OC.Cl.Cl,VYFLPFGUVGMBEP-UHFFFAOYSA-N,,,,,False,266.3,1.12,43.0,1.0,5.0,5.0,0.0,C14H22N2O3,10.0,True,
CHEMBL3578202,GOZETOTIDE,4.0,2020.0,O=C(O)CCc1ccc(O)c(CN(CCN(CC(=O)O)Cc2cc(CCC(=O)NCCCCCC(=O)NCCCC[C@H](NC(=O)N[C@@H](CCC(=O)O)C(=O)O)C(=O)O)ccc2O)CC(=O)O)c1,QJUIUFGOTBRHKP-LQJZCPKCSA-N,,,,,False,,,,,,,,,,False,F2_mw_947
CHEMBL3590187,CLASCOTERONE,4.0,2020.0,CCC(=O)O[C@]1(C(=O)CO)CC[C@H]2[C@@H]3CCC4=CC(=O)CC[C@]4(C)[C@H]3CC[C@@]21C,GPNHMOZDMYNCPO-PDUMRIMRSA-N,D10AX06,,,,False,402.5,3.77,80.7,1.0,5.0,4.0,0.0,C24H34O5,12.0,True,
CHEMBL3608680,FEZOLINETANT,4.0,2023.0,Cc1nsc(-c2nnc3n2CCN(C(=O)c2ccc(F)cc2)[C@@H]3C)n1,PPSNFPASKFYPMN-SECBINFHSA-N,G02CX06,Phase 2,neurokinin receptor antagonist,,False,358.4,2.46,76.8,0.0,6.0,2.0,0.0,C16H15FN6OS,6.0,True,
CHEMBL3622821,UPADACITINIB,4.0,2019.0,CC[C@@H]1CN(C(=O)NCC(F)(F)F)C[C@@H]1c1cnc2cnc3[nH]ccc3n12,WYQFJHHDOKWSHR-MNOVXSKESA-N,L04AF03,Launched,JAK inhibitor,,False,380.4,2.91,78.3,2.0,3.0,3.0,0.0,C17H19F3N6O,10.0,True,
CHEMBL3643413,LENIOLISIB,4.0,2023.0,CCC(=O)N1CC[C@H](Nc2ncnc3c2CN(c2cnc(OC)c(C(F)(F)F)c2)CC3)C1,MWKYMZXCGYXLPL-ZDUSSCGKSA-N,L03AX22,Phase 2/Phase 3,PI3K inhibitor,,False,450.5,2.88,83.5,1.0,7.0,5.0,0.0,C21H25F3N6O2,14.0,True,
CHEMBL3646221,VADADUSTAT,4.0,2023.0,O=C(O)CNC(=O)c1ncc(-c2cccc(Cl)c2)cc1O,JGRXMPYUTJLTKT-UHFFFAOYSA-N,B03XA08,Phase 3,hypoxia inducible factor prolyl hydroxylase inhibitor,,False,306.7,1.92,99.5,3.0,4.0,4.0,0.0,C14H11ClN2O4,12.0,True,
CHEMBL3655081,ABROCITINIB,4.0,2021.0,CCCS(=O)(=O)N[C@H]1C[C@@H](N(C)c2ncnc3[nH]ccc23)C1,IUEWXNHSKRWHDY-PHIMTYICSA-N,D11AH08,,,,False,323.4,1.25,91.0,2.0,5.0,6.0,0.0,C14H21N5O2S,12.0,True,
CHEMBL3668014,LINZAGOLIX,4.0,2022.0,COc1cc(F)c(-n2c(=O)[nH]c3csc(C(=O)O)c3c2=O)cc1OCc1c(OC)ccc(F)c1F,BMAAMIIYNNPHAB-UHFFFAOYSA-N,H01CC04,,,,False,508.4,3.45,119.9,2.0,7.0,7.0,0.0,C22H15F3N2O7S,16.0,True,
CHEMBL3701238,FUTIBATINIB,4.0,2022.0,C=CC(=O)N1CC[C@H](n2nc(C#Cc3cc(OC)cc(OC)c3)c3c(N)ncnc32)C1,KEIPNCCJPRMIAX-HNNXBMFYSA-N,L01EN04,Phase 3,FGFR inhibitor,,False,418.5,1.78,108.4,1.0,7.0,4.0,0.0,C22H22N6O3,14.0,True,
CHEMBL3707183,QUINIDINE SULFATE,4.0,1962.0,C=C[C@H]1CN2CC[C@H]1C[C@@H]2[C@@H](O)c1ccnc2ccc(OC)cc12.C=C[C@H]1CN2CC[C@H]1C[C@@H]2[C@@H](O)c1ccnc2ccc(OC)cc12.O.O.O=S(=O)(O)O,ZHNFLHYOFXQIOW-AHSOWCEXSA-N,,,,,False,324.4,3.17,45.6,1.0,4.0,4.0,0.0,C20H24N2O2,10.0,True,
CHEMBL3707223,SOFPIRONIUM BROMIDE,4.0,2024.0,CCOC(=O)C[N+]1(C)CC[C@@H](OC(=O)[C@](O)(c2ccccc2)C2CCCC2)C1.[Br-],FIAFMTCUJCWADZ-JOFREBOKSA-M,,,,,False,390.5,2.39,72.8,1.0,5.0,7.0,1.0,C22H32NO5+,20.0,True,
CHEMBL3707224,SOFPIRONIUM,4.0,2024.0,CCOC(=O)C[N+]1(C)CC[C@@H](OC(=O)[C@](O)(c2ccccc2)C2CCCC2)C1,SEVCTUCCZYBJER-BSJAROSPSA-N,,,,,False,390.5,2.39,72.8,1.0,5.0,7.0,1.0,C22H32NO5+,20.0,True,
CHEMBL3707243,GLYCOPYRRONIUM TOSYLATE,4.0,2018.0,C[N+]1(C)CCC(OC(=O)C(O)(c2ccccc2)C2CCCC2)C1.Cc1ccc(S(=O)(=O)[O-])cc1.O,UOWOLENSDISMPG-UHFFFAOYSA-M,,,,,False,318.4,2.46,46.5,1.0,3.0,4.0,1.0,C19H28NO3+,12.0,True,
CHEMBL3707246,OZANIMOD HYDROCHLORIDE,4.0,2020.0,CC(C)Oc1ccc(-c2nc(-c3cccc4c3CC[C@@H]4NCCO)no2)cc1C#N.Cl,HAOOCAKHSFYDBU-BDQAORGHSA-N,,,,,False,404.5,3.63,104.2,2.0,7.0,7.0,0.0,C23H24N4O3,16.0,True,
CHEMBL3707247,OZANIMOD,4.0,2020.0,CC(C)Oc1ccc(-c2nc(-c3cccc4c3CC[C@@H]4NCCO)no2)cc1C#N,XRVDGNKRPOAQTN-FQEVSTJZSA-N,L04AE02,Phase 3,sphingosine 1-phosphate receptor agonist,,False,404.5,3.63,104.2,2.0,7.0,7.0,0.0,C23H24N4O3,16.0,True,
CHEMBL3707248,VALBENAZINE TOSYLATE,4.0,2017.0,COc1cc2c(cc1OC)[C@H]1C[C@@H](OC(=O)[C@@H](N)C(C)C)[C@H](CC(C)C)CN1CC2.Cc1ccc(S(=O)(=O)O)cc1.Cc1ccc(S(=O)(=O)O)cc1,BXGKAGLZHGYAMW-TZYFFPFWSA-N,,,,,False,418.6,3.56,74.0,1.0,6.0,7.0,0.0,C24H38N2O4,18.0,True,
CHEMBL3707266,RIBOCICLIB SUCCINATE,4.0,2017.0,CN(C)C(=O)c1cc2cnc(Nc3ccc(N4CCNCC4)cn3)nc2n1C1CCCC1.O=C(O)CCC(=O)O,NHANOMFABJQAAH-UHFFFAOYSA-N,L01EF02,,,,False,434.5,2.8,91.2,2.0,7.0,5.0,0.0,C23H30N8O,10.0,True,
CHEMBL3707290,SOMAPACITAN,4.0,2020.0,C=C(CCCCCCCCCCCCCCCc1nnn[nH]1)NS(=O)(=O)CCCC(=O)NCCOCCOCC(=O)N[C@@H](CCC(=O)N[C@@H](CCC(=O)NCCOCCOCC(=O)N[C@@H](CCCCNC(=O)CSC[C@H](N)C(=O)O)C(N)=O)C(=O)O)C(=O)O,NAKSIOUBFDBTSW-ITMZJIMRSA-N,H01AC07,,,,False,,,,,,,,,,False,F2_mw_1309
CHEMBL3707306,STRONTIUM RANELATE,4.0,2004.0,N#Cc1c(N(CC(=O)[O-])CC(=O)[O-])sc(C(=O)[O-])c1CC(=O)[O-].[Sr+2].[Sr+2],XXUZFRDUEGQHOV-UHFFFAOYSA-J,M05BX03,,,,False,338.3,-5.42,187.5,0.0,11.0,8.0,-4.0,C12H6N2O8S-4,,False,F3_druglikeness
CHEMBL3707310,LOTILANER,4.0,2017.0,Cc1cc(C2=NO[C@@](c3cc(Cl)c(Cl)c(Cl)c3)(C(F)(F)F)C2)sc1C(=O)NCC(=O)NCC(F)(F)F,HDKWFBCPLKNOCK-SFHVURJKSA-N,S01AX25,,,,False,596.8,6.01,79.8,2.0,5.0,6.0,0.0,C20H14Cl3F6N3O3S,16.0,True,
CHEMBL3707313,TRIFAROTENE,4.0,2019.0,CC(C)(C)c1cc(-c2cc(-c3ccc(C(=O)O)cc3)ccc2OCCO)ccc1N1CCCC1,MFBCDACCJCDGBA-UHFFFAOYSA-N,D10AD06,,,,False,459.6,5.99,70.0,2.0,4.0,7.0,0.0,C29H33NO4,20.0,True,
CHEMBL3707320,ALECTINIB HYDROCHLORIDE,4.0,2015.0,CCc1cc2c(cc1N1CCC(N3CCOCC3)CC1)C(C)(C)c1[nH]c3cc(C#N)ccc3c1C2=O.Cl,GYABBVHSRIHYJR-UHFFFAOYSA-N,,,,,False,482.6,4.77,72.4,1.0,5.0,3.0,0.0,C30H34N4O2,6.0,True,
CHEMBL3707330,ROLAPITANT HYDROCHLORIDE,4.0,2015.0,C[C@@H](OC[C@@]1(c2ccccc2)CC[C@]2(CCC(=O)N2)CN1)c1cc(C(F)(F)F)cc(C(F)(F)F)c1.Cl.O,GZQWMYVDLCUBQX-WVZIYJGPSA-N,,,,,False,500.5,5.73,50.4,2.0,3.0,5.0,0.0,C25H26F6N2O2,14.0,True,
CHEMBL3707331,ROLAPITANT,4.0,2015.0,C[C@@H](OC[C@@]1(c2ccccc2)CC[C@]2(CCC(=O)N2)CN1)c1cc(C(F)(F)F)cc(C(F)(F)F)c1,FIVSJYGQAIEMOC-ZGNKEGEESA-N,A04AD14,Phase 3,neurokinin receptor antagonist,,False,500.5,5.73,50.4,2.0,3.0,5.0,0.0,C25H26F6N2O2,14.0,True,
CHEMBL3707348,ACALABRUTINIB,4.0,2017.0,CC#CC(=O)N1CCC[C@H]1c1nc(-c2ccc(C(=O)Nc3ccccn3)cc2)c2c(N)nccn12,WDENQIQQYWYTPO-IBGZPJMESA-N,L01EL02,Launched,Bruton's tyrosine kinase (BTK) inhibitor,mantle cell lymphoma (MCL),False,465.5,3.31,118.5,2.0,6.0,4.0,0.0,C26H23N7O2,12.0,True,
CHEMBL3707372,VOXILAPREVIR,4.0,2017.0,CC[C@@H]1[C@@H]2CN(C(=O)[C@H](C(C)(C)C)NC(=O)O[C@@H]3C[C@H]3CCCCC(F)(F)c3nc4ccc(OC)cc4nc3O2)[C@@H]1C(=O)N[C@]1(C(=O)NS(=O)(=O)C2(C)CC2)C[C@H]1C(C)C,MKDALIOACIEUJM-XCFCBFDASA-N,,,,,False,861.0,5.35,195.2,3.0,11.0,8.0,0.0,C42H58F2N6O9S,42.0,True,
CHEMBL3707377,SEGESTERONE ACETATE,4.0,2018.0,C=C1C[C@H]2[C@@H]3CCC4=CC(=O)CC[C@@H]4[C@H]3CC[C@]2(C)[C@@]1(OC(C)=O)C(C)=O,CKFBRGLGTWAVLG-GOMYTPFNSA-N,,,,,False,370.5,4.19,60.4,0.0,4.0,2.0,0.0,C23H30O4,6.0,True,
CHEMBL3707393,OSILODROSTAT PHOSPHATE,4.0,2020.0,N#Cc1ccc([C@H]2CCc3cncn32)c(F)c1.O=P(O)(O)O,FMCPYRDGUZBOJZ-BTQNPOSSSA-N,,,,,False,227.2,2.43,41.6,0.0,2.0,1.0,0.0,C13H10FN3,2.0,True,
CHEMBL3707395,ELAFIBRANOR,4.0,2024.0,CSc1ccc(C(=O)/C=C/c2cc(C)c(OC(C)(C)C(=O)O)c(C)c2)cc1,AFLFKFHDSCQHOL-IZZDOVSWSA-N,A05AX06,Phase 3,PPAR receptor agonist,,False,384.5,5.16,63.6,1.0,4.0,7.0,0.0,C22H24O4S,16.0,True,
CHEMBL3716057,GEFAPIXANT,4.0,2023.0,COc1cc(C(C)C)c(Oc2cnc(N)nc2N)cc1S(N)(=O)=O,HLWURFKMDLAKOD-UHFFFAOYSA-N,R05DB29,Phase 3,purinergic receptor antagonist,,False,353.4,1.21,156.4,3.0,8.0,5.0,0.0,C14H19N5O4S,16.0,True,
CHEMBL3786343,OLMUTINIB,4.0,2016.0,C=CC(=O)Nc1cccc(Oc2nc(Nc3ccc(N4CCN(C)CC4)cc3)nc3ccsc23)c1,FDMQDKQUTRLUBU-UHFFFAOYSA-N,L01EB06,Launched,Bruton's tyrosine kinase (BTK) inhibitor|EGFR inhibitor,non-small cell lung cancer (NSCLC),False,486.6,5.1,82.6,2.0,8.0,7.0,0.0,C26H26N6O2S,14.0,True,
CHEMBL3813873,PEXIDARTINIB,4.0,2019.0,FC(F)(F)c1ccc(CNc2ccc(Cc3c[nH]c4ncc(Cl)cc34)cn2)cn1,JGWRKYUXBBNENE-UHFFFAOYSA-N,L01EX15,Launched,tyrosine kinase inhibitor,,False,417.8,5.23,66.5,2.0,4.0,5.0,0.0,C20H15ClF3N5,12.0,True,
CHEMBL3833301,BARBEXACLONE,4.0,,CCC1(c2ccccc2)C(=O)NC(=O)NC1=O.CNC(C)CC1CCCCC1,MJCBWPMBFCUHBP-UHFFFAOYSA-N,N03AA04,,,,False,155.3,2.56,12.0,1.0,1.0,3.0,0.0,C10H21N,6.0,True,
CHEMBL3833311,DEXTROMORAMIDE TARTRATE,4.0,,C[C@@H](CC(C(=O)N1CCCC1)(c1ccccc1)c1ccccc1)N1CCOCC1.O=C(O)C(O)C(O)C(=O)O,FSYOHJCDYPCNSD-BOXHHOBZSA-N,,,,,False,392.5,3.71,32.8,0.0,3.0,6.0,0.0,C25H32N2O2,12.0,True,
CHEMBL3833314,ALUMINUM CHLORIDE,4.0,,O.O.O.O.O.O.[Al+3].[Cl-].[Cl-].[Cl-],JGDITNMASUZKPW-UHFFFAOYSA-K,D10AX01,,,,False,,,,,,,,,,False,F2_mw_18
CHEMBL3833319,REVEFENACIN,4.0,2018.0,CN(CCN1CCC(OC(=O)Nc2ccccc2-c2ccccc2)CC1)C(=O)c1ccc(CN2CCC(C(N)=O)CC2)cc1,FYDWDCIFZSGNBU-UHFFFAOYSA-N,R03BB08,Launched,cholinergic receptor antagonist,,False,597.8,4.84,108.2,2.0,6.0,10.0,0.0,C35H43N5O4,24.0,True,
CHEMBL3833335,CHLORAL BETAINE,4.0,1988.0,C[N+](C)(C)CC(=O)[O-].OC(O)C(Cl)(Cl)Cl,ONAOIDNSINNZOA-UHFFFAOYSA-N,,,,,False,117.1,-1.56,40.1,0.0,2.0,2.0,0.0,C5H11NO2,4.0,True,
CHEMBL3833340,AZTREONAM LYSINE,4.0,2009.0,C[C@H]1[C@H](NC(=O)/C(=N\OC(C)(C)C(=O)O)c2csc(N)n2)C(=O)N1S(=O)(=O)O.NCCCC[C@H](N)C(=O)O,KPPBAEVZLDHCOK-JHBYREIPSA-N,,,,,False,435.4,-1.17,201.6,4.0,10.0,7.0,0.0,C13H17N5O8S2,20.0,True,
CHEMBL3833350,MAGALDRATE,4.0,,O.O=S(=O)([O-])[O-].O=S(=O)([O-])[O-].[Al+3].[Al+3].[Al+3].[Al+3].[Al+3].[Mg+2].[Mg+2].[Mg+2].[Mg+2].[Mg+2].[Mg+2].[Mg+2].[Mg+2].[Mg+2].[Mg+2].[OH-].[OH-].[OH-].[OH-].[OH-].[OH-].[OH-].[OH-].[OH-].[OH-].[OH-].[OH-].[OH-].[OH-].[OH-].[OH-].[OH-].[OH-].[OH-].[OH-].[OH-].[OH-].[OH-].[OH-].[OH-].[OH-].[OH-].[OH-].[OH-].[OH-].[OH-],SPPNVMTVMQOKSC-UHFFFAOYSA-A,A02AD02,,,,False,,,,,,,,,,False,F2_mw_96
CHEMBL3833351,HYDROTALCITE,4.0,,O.O.O.O.O=C([O-])[O-].[Al+3].[Al+3].[Mg+2].[Mg+2].[Mg+2].[Mg+2].[Mg+2].[Mg+2].[OH-].[OH-].[OH-].[OH-].[OH-].[OH-].[OH-].[OH-].[OH-].[OH-].[OH-].[OH-].[OH-].[OH-].[OH-].[OH-],PWZFXELTLAQOKC-UHFFFAOYSA-A,A02AD04,,,,False,,,,,,,,,,False,F2_mw_60
CHEMBL3833368,RUCAPARIB CAMSYLATE,4.0,2016.0,CC1(C)[C@@H]2CC[C@@]1(CS(=O)(=O)O)C(=O)C2.CNCc1ccc(-c2[nH]c3cc(F)cc4c3c2CCNC4=O)cc1,INBJJAFXHQQSRW-STOWLHSFSA-N,,,,,False,323.4,2.98,56.9,3.0,2.0,3.0,0.0,C19H18FN3O,12.0,True,
CHEMBL3833382,PRAJMALIUM,4.0,,CCC[N+]12[C@H](O)[C@@H](CC)[C@@H]3C[C@H]1[C@@H]1N(C)c4ccccc4[C@]14C[C@H]2[C@@H]3[C@H]4O,UAUHEPXILIZYCU-GSPNQRMKSA-N,C01BA08,,,,False,369.5,2.48,43.7,2.0,3.0,3.0,1.0,C23H33N2O2+,,False,F4_embed_fail
CHEMBL3833388,PRAJMALIUM BITARTRATE,4.0,,CCC[N+]12[C@H](O)[C@@H](CC)[C@@H]3C[C@H]1[C@@H]1N(C)c4ccccc4[C@]14C[C@H]2[C@@H]3[C@H]4O.O=C([O-])C(O)C(O)C(=O)O,VZAUGYDMVQSQAO-BAYLNNJJSA-M,,,,,False,369.5,2.48,43.7,2.0,3.0,3.0,1.0,C23H33N2O2+,,False,F4_embed_fail
CHEMBL3833389,DEXTROMORAMIDE,4.0,,C[C@@H](CC(C(=O)N1CCCC1)(c1ccccc1)c1ccccc1)N1CCOCC1,XHKXWINHANRSNT-NRFANRHFSA-N,N02AC01,,,,False,392.5,3.71,32.8,0.0,3.0,6.0,0.0,C25H32N2O2,12.0,True,
CHEMBL3833401,ALUMINUM CHLORIDE ANHYDROUS,4.0,,Cl[Al](Cl)Cl,VSCWAEJMTAWNJL-UHFFFAOYSA-K,,,,,False,,,,,,,,,,False,F2_metal
CHEMBL3833408,MAGALDRATE ANHYDROUS,4.0,,O=S(=O)([O-])[O-].O=S(=O)([O-])[O-].[Al+3].[Al+3].[Al+3].[Al+3].[Al+3].[Mg+2].[Mg+2].[Mg+2].[Mg+2].[Mg+2].[Mg+2].[Mg+2].[Mg+2].[Mg+2].[Mg+2].[OH-].[OH-].[OH-].[OH-].[OH-].[OH-].[OH-].[OH-].[OH-].[OH-].[OH-].[OH-].[OH-].[OH-].[OH-].[OH-].[OH-].[OH-].[OH-].[OH-].[OH-].[OH-].[OH-].[OH-].[OH-].[OH-].[OH-].[OH-].[OH-].[OH-].[OH-],NNGFFDRXGAELQA-UHFFFAOYSA-A,,,,,False,,,,,,,,,,False,F2_mw_96
CHEMBL3833409,HYDROTALCITE ANHYDROUS,4.0,,O=C([O-])[O-].[Al+3].[Al+3].[Mg+2].[Mg+2].[Mg+2].[Mg+2].[Mg+2].[Mg+2].[OH-].[OH-].[OH-].[OH-].[OH-].[OH-].[OH-].[OH-].[OH-].[OH-].[OH-].[OH-].[OH-].[OH-].[OH-].[OH-],GDVKFRBCXAPAQJ-UHFFFAOYSA-A,,,,,False,,,,,,,,,,False,F2_mw_60
CHEMBL3889654,LAROTRECTINIB,4.0,2018.0,O=C(Nc1cnn2ccc(N3CCC[C@@H]3c3cc(F)ccc3F)nc12)N1CC[C@H](O)C1,NYNZQNWKBKUAII-KBXCAEBGSA-N,L01EX12,Launched,tropomyosin receptor kinase inhibitor,,False,428.4,2.95,86.0,2.0,5.0,3.0,0.0,C21H22F2N6O2,10.0,True,
CHEMBL3894860,TRILACICLIB,4.0,2021.0,CN1CCN(c2ccc(Nc3ncc4cc5n(c4n3)C3(CCCCC3)CNC5=O)nc2)CC1,PDGKHKMBHVFCMG-UHFFFAOYSA-N,V03AF12,Phase 2,CDK inhibitor,,False,446.6,2.72,91.2,2.0,7.0,3.0,0.0,C24H30N8O,6.0,True,
CHEMBL3936761,ZANUBRUTINIB,4.0,2019.0,C=CC(=O)N1CCC([C@@H]2CCNc3c(C(N)=O)c(-c4ccc(Oc5ccccc5)cc4)nn32)CC1,RNOAOAWBMHREKO-QFIPXVFZSA-N,L01EL03,Launched,Bruton's tyrosine kinase (BTK) inhibitor,,False,471.6,4.22,102.5,2.0,5.0,6.0,0.0,C27H29N5O3,12.0,True,
CHEMBL3940890,ACORAMIDIS,4.0,2024.0,Cc1n[nH]c(C)c1CCCOc1cc(C(=O)O)ccc1F,WBFUHHBPNXWNCC-UHFFFAOYSA-N,C01EB25,,,,False,292.3,2.88,75.2,2.0,3.0,6.0,0.0,C15H17FN2O3,14.0,True,
CHEMBL3948730,UMBRALISIB,4.0,2021.0,CC(C)Oc1ccc(-c2nn([C@@H](C)c3oc4ccc(F)cc4c(=O)c3-c3cccc(F)c3)c3ncnc(N)c23)cc1F,IUVCFHHAEHNCFT-INIZCTEOSA-N,L01EX25,,,,False,571.6,6.66,109.1,1.0,7.0,6.0,0.0,C31H24F3N5O3,14.0,True,
CHEMBL3988900,ZINC OXIDE,4.0,2006.0,[O-2].[Zn+2],RNWHGQJWIACOKP-UHFFFAOYSA-N,,,,,False,,,,,,,,,,False,F2_metal
CHEMBL3989401,PAMIDRONATE DISODIUM,4.0,1991.0,NCCC(O)(P(=O)([O-])O)P(=O)([O-])O.O.O.O.O.O.[Na+].[Na+],CZYWHNTUXNGDGR-UHFFFAOYSA-L,,,,,False,233.1,-2.93,167.0,4.0,6.0,4.0,-2.0,C3H9NO7P2-2,16.0,True,
CHEMBL3989402,PERAMIVIR,4.0,2014.0,CCC(CC)[C@H](NC(C)=O)[C@@H]1[C@H](O)[C@@H](C(=O)O)C[C@H]1NC(=N)N.O.O.O,RFUCJKFZFXNIGB-ZBBHRWOZSA-N,,Launched,neuraminidase inhibitor,influenza A virus infection,False,328.4,-0.14,148.5,6.0,4.0,7.0,0.0,C15H28N4O4,18.0,True,
CHEMBL3989403,ZOMEPIRAC SODIUM,4.0,1980.0,Cc1cc(CC(=O)[O-])n(C)c1C(=O)c1ccc(Cl)cc1.O.O.[Na+],ZJXLSCXDGPDZOL-UHFFFAOYSA-M,,,,,False,290.7,1.51,62.1,0.0,3.0,4.0,-1.0,C15H13ClNO3-,8.0,True,
CHEMBL3989406,ENALAPRILAT,4.0,1988.0,C[C@H](N[C@@H](CCc1ccccc1)C(=O)O)C(=O)N1CCC[C@H]1C(=O)O.O.O,MZYVOFLIPYDBGD-MLZQUWKJSA-N,,Launched,angiotensin converting enzyme inhibitor,hypertension,False,348.4,1.13,106.9,3.0,4.0,8.0,0.0,C18H24N2O5,22.0,True,
CHEMBL3989408,IBUPROFEN SODIUM,4.0,2012.0,CC(C)Cc1ccc(C(C)C(=O)[O-])cc1.O.O.[Na+],VTGPMVCGAVZLQI-UHFFFAOYSA-M,,,,,False,205.3,1.74,40.1,0.0,2.0,4.0,-1.0,C13H17O2-,8.0,True,
CHEMBL3989410,INDOMETHACIN SODIUM,4.0,1985.0,COc1ccc2c(c1)c(CC(=O)[O-])c(C)n2C(=O)c1ccc(Cl)cc1.O.O.O.[Na+],UHYAQBLOGVNWNT-UHFFFAOYSA-M,,,,,False,356.8,2.59,71.4,0.0,4.0,4.0,-1.0,C19H15ClNO4-,10.0,True,
CHEMBL3989461,ROSE BENGAL SODIUM I 131,4.0,1971.0,O=C([O-])c1c(Cl)c(Cl)c(Cl)c(Cl)c1-c1c2cc([131I])c(=O)c(I)c-2oc2c(I)c([O-])c([131I])cc12.[Na+].[Na+],UWBXIFCTIZXXLS-PTZVIXQTSA-L,,,,,False,,,,,,,,,,False,F2_mw_980
CHEMBL3989478,THIETHYLPERAZINE MALEATE,4.0,1961.0,CCSc1ccc2c(c1)N(CCCN1CCN(C)CC1)c1ccccc1S2.O=C(O)/C=C\C(=O)O.O=C(O)/C=C\C(=O)O,RVBRTNPNFYFDMZ-SPIKMXEPSA-N,,,,,False,399.6,5.04,9.7,0.0,5.0,6.0,0.0,C22H29N3S2,12.0,True,
CHEMBL3989480,MAGNESIUM CITRATE,4.0,,O=C([O-])CC(O)(CC(=O)[O-])C(=O)[O-].O=C([O-])CC(O)(CC(=O)[O-])C(=O)[O-].[Mg+2].[Mg+2].[Mg+2],PLSARIKBYIPYPF-UHFFFAOYSA-H,B05CB03;A12CC04;A06AD19,,,,False,189.1,-5.25,140.6,1.0,7.0,5.0,-3.0,C6H5O7-3,,False,F3_druglikeness
CHEMBL3989507,EDETATE DISODIUM,4.0,1982.0,O.O.O=C([O-])CN(CCN(CC(=O)[O-])CC(=O)O)CC(=O)O.[Na+].[Na+],OVBJJZOQPCKUOR-UHFFFAOYSA-L,S01XA05,,,,False,290.2,-4.74,161.3,2.0,8.0,11.0,-2.0,C10H14N2O8-2,26.0,True,
CHEMBL3989509,PENTAZOCINE LACTATE,4.0,1967.0,CC(C)=CCN1CCC2(C)c3cc(O)ccc3CC1C2C.CC(O)C(=O)O,QNLDTXPVZPRSAM-UHFFFAOYSA-N,,,,,False,285.4,3.88,23.5,1.0,2.0,2.0,0.0,C19H27NO,6.0,True,
CHEMBL3989510,PENTAZOCINE HYDROCHLORIDE,4.0,1969.0,CC(C)=CCN1CCC2(C)c3cc(O)ccc3CC1C2C.Cl,OQGYMIIFOSJQSF-UHFFFAOYSA-N,,,,,False,285.4,3.88,23.5,1.0,2.0,2.0,0.0,C19H27NO,6.0,True,
CHEMBL3989511,IOBENGUANE SULFATE I 131,4.0,1994.0,N=C(N)NCc1cccc([131I])c1.N=C(N)NCc1cccc([131I])c1.O=S(=O)(O)O,XNACDNPGABUBFR-GNPGNDBSSA-N,,,,,False,279.1,1.27,61.9,3.0,1.0,2.0,0.0,C8H10IN3,4.0,True,
CHEMBL3989514,IRINOTECAN HYDROCHLORIDE,4.0,1996.0,CCc1c2c(nc3ccc(OC(=O)N4CCC(N5CCCCC5)CC4)cc13)-c1cc3c(c(=O)n1C2)COC(=O)[C@]3(O)CC.Cl.O.O.O,KLEAIHJJLUAXIQ-JDRGBKBRSA-N,,,,,False,586.7,4.09,114.2,1.0,8.0,4.0,0.0,C33H38N4O6,12.0,True,
CHEMBL3989515,PENICILLIN G BENZATHINE,4.0,1952.0,CC1(C)S[C@@H]2[C@H](NC(=O)Cc3ccccc3)C(=O)N2[C@H]1C(=O)O.CC1(C)S[C@@H]2[C@H](NC(=O)Cc3ccccc3)C(=O)N2[C@H]1C(=O)O.O.O.O.O.c1ccc(CNCCNCc2ccccc2)cc1,WIDKTXGNSOORHA-CJHXQPGBSA-N,J01CE08,,,,False,334.4,0.86,86.7,2.0,4.0,4.0,0.0,C16H18N2O4S,10.0,True,
CHEMBL3989516,FOSTAMATINIB DISODIUM,4.0,2018.0,COc1cc(Nc2ncc(F)c(Nc3ccc4c(n3)N(COP(=O)([O-])[O-])C(=O)C(C)(C)O4)n2)cc(OC)c1OC.O.O.O.O.O.O.[Na+].[Na+],ZQGJCHHKJNSPMS-UHFFFAOYSA-L,,,,,False,578.5,1.83,192.4,2.0,14.0,10.0,-2.0,C23H24FN6O9P-2,20.0,True,
CHEMBL3989517,IOFLUPANE I 123,4.0,2000.0,COC(=O)[C@H]1[C@@H](c2ccc([123I])cc2)C[C@@H]2CC[C@H]1N2CCCF,HXWLAJVUJSVENX-HFIFKADTSA-N,V09AB03,,,,False,427.3,3.76,29.5,0.0,3.0,5.0,0.0,C18H23FINO2,12.0,True,
CHEMBL3989519,DOXAPRAM HYDROCHLORIDE,4.0,1965.0,CCN1CC(CCN2CCOCC2)C(c2ccccc2)(c2ccccc2)C1=O.Cl.O,ZOMBFZRWMLIDPX-UHFFFAOYSA-N,,,,,False,378.5,3.17,32.8,0.0,3.0,6.0,0.0,C24H30N2O2,12.0,True,
CHEMBL3989520,HISTAMINE PHOSPHATE,4.0,1939.0,NCCc1c[nH]cn1.O=P(O)(O)O.O=P(O)(O)O,ZHIBQGJKHVBLJJ-UHFFFAOYSA-N,V04CG03,,,,False,111.1,-0.09,54.7,2.0,2.0,2.0,0.0,C5H9N3,6.0,True,
CHEMBL3989521,ISOPROTERENOL SULFATE,4.0,1956.0,CC(C)NCC(O)c1ccc(O)c(O)c1.CC(C)NCC(O)c1ccc(O)c(O)c1.O.O.O=S(=O)(O)O,CUQPTVCVZLUXJB-UHFFFAOYSA-N,,,,,False,211.3,1.13,72.7,4.0,4.0,4.0,0.0,C11H17NO3,14.0,True,
CHEMBL3989522,EDETATE CALCIUM DISODIUM MONOHYDRATE,4.0,1953.0,O.O=C([O-])CN(CCN(CC(=O)[O-])CC(=O)[O-])CC(=O)[O-].[Ca+2].[Na+].[Na+],JHECKPXUCKQCSH-UHFFFAOYSA-J,,,,,False,288.2,-7.41,167.0,0.0,10.0,11.0,-4.0,C10H12N2O8-4,,False,F3_druglikeness
CHEMBL3989523,IOBENGUANE SULFATE I 123,4.0,2008.0,N=C(N)NCc1cccc([123I])c1.N=C(N)NCc1cccc([123I])c1.O=S(=O)(O)O,XNACDNPGABUBFR-FKNPGSCZSA-N,,,,,False,271.1,1.27,61.9,3.0,1.0,2.0,0.0,C8H10IN3,4.0,True,
CHEMBL3989529,ETHANOLAMINE OLEATE,4.0,1988.0,CCCCCCCC/C=C\CCCCCCCC(=O)O.NCCO,KGWDUNBJIMUFAP-KVVVOXFISA-N,,,,,False,282.5,6.11,37.3,1.0,1.0,15.0,0.0,C18H34O2,32.0,True,
CHEMBL3989543,VINDESINE SULFATE,4.0,,CC[C@]1(O)C[C@@H]2CN(CCc3c([nH]c4ccccc34)[C@@](C(=O)OC)(c3cc4c(cc3OC)N(C)[C@H]3[C@@](O)(C(N)=O)[C@H](O)[C@]5(CC)C=CCN6CC[C@]43[C@@H]65)C2)C1.O=S(=O)(O)O,COFJBSXICYYSKG-OAUVCNBTSA-N,,,,,False,753.9,2.73,164.8,5.0,10.0,6.0,0.0,C43H55N5O7,30.0,True,
CHEMBL3989551,LINCOMYCIN HYDROCHLORIDE,4.0,1964.0,CCC[C@@H]1C[C@@H](C(=O)N[C@@H]([C@H]2O[C@H](SC)[C@H](O)[C@@H](O)[C@H]2O)[C@@H](C)O)N(C)C1.Cl.O,LFZGYTBWUHCAKF-DCNJEFSFSA-N,,,,,False,406.5,-0.86,122.5,5.0,8.0,7.0,0.0,C18H34N2O6S,22.0,True,
CHEMBL3989555,MECLIZINE HYDROCHLORIDE,4.0,1957.0,Cc1cccc(CN2CCN(C(c3ccccc3)c3ccc(Cl)cc3)CC2)c1.Cl.Cl.O,KDLHYOMCWBWLMM-UHFFFAOYSA-N,,,,,False,391.0,5.56,6.5,0.0,2.0,5.0,0.0,C25H27ClN2,10.0,True,
CHEMBL3989556,REMOXIPRIDE HYDROCHLORIDE,4.0,1990.0,CCN1CCC[C@H]1CNC(=O)c1c(OC)ccc(Br)c1OC.Cl.O,SPFVHFBNXPARTR-IDMXKUIJSA-N,,,,,False,371.3,2.68,50.8,1.0,4.0,6.0,0.0,C16H23BrN2O3,12.0,True,
CHEMBL3989559,PANTOPRAZOLE SODIUM,4.0,2000.0,COc1ccnc(C[S+]([O-])c2nc3cc(OC(F)F)ccc3[n-]2)c1OC.O.[Na+],CGJRLPRCWSHOFU-UHFFFAOYSA-N,,,,,False,382.4,2.51,90.6,0.0,6.0,7.0,-1.0,C16H14F2N3O4S-,14.0,True,
CHEMBL3989562,TERAZOSIN HYDROCHLORIDE,4.0,1987.0,COc1cc2nc(N3CCN(C(=O)C4CCCO4)CC3)nc(N)c2cc1OC.Cl.O.O,NZMOFYDMGFQZLS-UHFFFAOYSA-N,,,,,False,387.4,1.06,103.0,1.0,8.0,4.0,0.0,C19H25N5O4,10.0,True,
CHEMBL3989564,TOBRAMYCIN SULFATE,4.0,1975.0,NC[C@H]1O[C@H](O[C@H]2[C@H](O)[C@@H](O[C@H]3O[C@H](CO)[C@@H](O)[C@H](N)[C@H]3O)[C@H](N)C[C@@H]2N)[C@H](N)C[C@@H]1O.NC[C@H]1O[C@H](O[C@H]2[C@H](O)[C@@H](O[C@H]3O[C@H](CO)[C@@H](O)[C@H](N)[C@H]3O)[C@H](N)C[C@@H]2N)[C@H](N)C[C@@H]1O.O=S(=O)(O)O.O=S(=O)(O)O.O=S(=O)(O)O.O=S(=O)(O)O.O=S(=O)(O)O,NZKFUBQRAWPZJP-BXKLGIMVSA-N,,,,,False,467.5,-6.3,268.2,10.0,14.0,6.0,0.0,C18H37N5O9,32.0,True,
CHEMBL3989566,METOPROLOL FUMARATE,4.0,1989.0,COCCc1ccc(OCC(O)CNC(C)C)cc1.COCCc1ccc(OCC(O)CNC(C)C)cc1.O=C(O)/C=C/C(=O)O,BRIPGNJWPCKDQZ-WXXKFALUSA-N,,,,,False,267.4,1.61,50.7,2.0,4.0,9.0,0.0,C15H25NO3,20.0,True,
CHEMBL3989567,OXACILLIN SODIUM,4.0,1971.0,Cc1onc(-c2ccccc2)c1C(=O)N[C@@H]1C(=O)N2[C@@H]1SC(C)(C)[C@@H]2C(=O)[O-].O.[Na+],ZVIYWUUZWWBNMB-VICXVTCVSA-M,,,,,False,400.4,0.56,115.6,1.0,7.0,4.0,-1.0,C19H18N3O5S-,8.0,True,
CHEMBL3989568,OXYTETRACYCLINE CALCIUM,4.0,1982.0,CN(C)[C@@H]1C([O-])=C(C(N)=O)C(=O)[C@@]2(O)C(O)=C3C(=O)c4c(O)cccc4[C@@](C)(O)[C@H]3[C@H](O)[C@@H]12.CN(C)[C@@H]1C([O-])=C(C(N)=O)C(=O)[C@@]2(O)C(O)=C3C(=O)c4c(O)cccc4[C@@](C)(O)[C@H]3[C@H](O)[C@@H]12.[Ca+2],KIPLYOUQVMMOHB-MXWBXKMOSA-L,,,,,False,459.4,-2.44,204.7,6.0,10.0,2.0,-1.0,C22H23N2O9-,14.0,True,
CHEMBL3989569,IBANDRONATE SODIUM,4.0,1996.0,CCCCCN(C)CCC(O)(P(=O)([O-])O)P(=O)(O)O.O.[Na+],VBDRTGFACFYFCT-UHFFFAOYSA-M,,,,,False,318.2,-0.13,141.4,4.0,5.0,9.0,-1.0,C9H22NO7P2-,26.0,True,
CHEMBL3989571,SPECTINOMYCIN HYDROCHLORIDE,4.0,1971.0,CN[C@@H]1[C@H](O)[C@H](NC)[C@H]2O[C@@]3(O)C(=O)C[C@@H](C)O[C@H]3O[C@@H]2[C@H]1O.Cl.Cl.O.O.O.O.O,DCHJOVNPPSBWHK-UXXUFHFZSA-N,,,,,False,332.4,-2.93,129.5,5.0,9.0,2.0,0.0,C14H24N2O7,10.0,True,
CHEMBL3989676,OXYPHENBUTAZONE,4.0,1960.0,CCCCC1C(=O)N(c2ccccc2)N(c2ccc(O)cc2)C1=O.O,CNDQSXOVEQXJOE-UHFFFAOYSA-N,M02AA04;S01BC02;M01AA03,Withdrawn,cyclooxygenase inhibitor,,False,324.4,3.49,60.9,1.0,3.0,5.0,0.0,C19H20N2O3,12.0,True,
CHEMBL3989677,HYDROCODONE BITARTRATE,4.0,1943.0,COc1ccc2c3c1O[C@H]1C(=O)CC[C@H]4[C@@H](C2)N(C)CC[C@]314.O.O.O=C(O)C(O)C(O)C(=O)O,IUAXSWPNEQYKDR-GXTZACRKSA-N,,,,,False,299.4,1.93,38.8,0.0,4.0,1.0,0.0,C18H21NO3,2.0,True,
CHEMBL3989678,PIPERAZINE CITRATE,4.0,1954.0,C1CNCCN1.C1CNCCN1.C1CNCCN1.O.O=C(O)CC(O)(CC(=O)O)C(=O)O.O=C(O)CC(O)(CC(=O)O)C(=O)O,LWMBPKJYEQGDLN-UHFFFAOYSA-N,,,,,False,192.1,-1.25,132.1,4.0,4.0,5.0,0.0,C6H8O7,18.0,True,
CHEMBL3989691,ELTROMBOPAG OLAMINE,4.0,2008.0,CC1=NN(c2ccc(C)c(C)c2)C(=O)/C1=N\Nc1cccc(-c2cccc(C(=O)O)c2)c1O.NCCO.NCCO,PLILLUUXAVKBPY-SBIAVEDLSA-N,,,,,False,442.5,4.56,114.6,3.0,6.0,5.0,0.0,C25H22N4O4,14.0,True,
CHEMBL3989693,LEVALBUTEROL TARTRATE,4.0,2005.0,CC(C)(C)NC[C@H](O)c1ccc(O)c(CO)c1.CC(C)(C)NC[C@H](O)c1ccc(O)c(CO)c1.O=C(O)C(O)C(O)C(=O)O,VNVNZKCCDVFGAP-NMFAMCKASA-N,,,,,False,239.3,1.31,72.7,4.0,4.0,4.0,0.0,C13H21NO3,16.0,True,
CHEMBL3989694,OLANZAPINE PAMOATE,4.0,2008.0,Cc1cc2c(s1)Nc1ccccc1N=C2N1CCN(C)CC1.O.O=C(O)c1cc2ccccc2c(Cc2c(O)c(C(=O)O)cc3ccccc23)c1O,ZIMCQJVMPKQQPB-UHFFFAOYSA-N,,,,,False,388.4,4.39,115.1,4.0,4.0,4.0,0.0,C23H16O6,16.0,True,
CHEMBL3989695,REGADENOSON,4.0,2008.0,CNC(=O)c1cnn(-c2nc(N)c3ncn([C@@H]4O[C@H](CO)[C@@H](O)[C@H]4O)c3n2)c1.O,CDQVVPUXSPZONN-WPPLYIOHSA-N,C01EB21,Launched,adenosine receptor agonist,myocardial perfusion imaging (MPI),False,390.4,-2.43,186.5,5.0,10.0,4.0,0.0,C15H18N8O5,16.0,True,
CHEMBL3989697,RIBOFLAVIN 5'-PHOSPHATE SODIUM,4.0,1985.0,Cc1cc2nc3c(=O)[nH]c(=O)nc-3n(C[C@H](O)[C@H](O)[C@H](O)COP(=O)([O-])O)c2cc1C.O.O.[Na+],LQVGUKOCMOKKJU-QPVGXXQTSA-M,,,,,False,455.3,-2.24,210.9,5.0,10.0,7.0,-1.0,C17H20N4O9P-,22.0,True,
CHEMBL3989698,TRANYLCYPROMINE SULFATE,4.0,1961.0,N[C@@H]1C[C@H]1c1ccccc1.N[C@H]1C[C@@H]1c1ccccc1.O=S(=O)(O)O,BKPRVQDIOGQWTG-ICOOEGOYSA-N,,,,,False,133.2,1.5,26.0,1.0,1.0,1.0,0.0,C9H11N,4.0,True,
CHEMBL3989715,MUPIROCIN CALCIUM,4.0,1995.0,C/C(=C\C(=O)OCCCCCCCCC(=O)[O-])C[C@@H]1OC[C@H](C[C@@H]2O[C@H]2[C@@H](C)[C@H](C)O)[C@@H](O)[C@H]1O.C/C(=C\C(=O)OCCCCCCCCC(=O)[O-])C[C@@H]1OC[C@H](C[C@@H]2O[C@H]2[C@@H](C)[C@H](C)O)[C@@H](O)[C@H]1O.O.O.[Ca+2],DDHVILIIHBIMQU-YJGQQKNPSA-L,,,,,False,499.6,1.26,148.9,3.0,9.0,16.0,-1.0,C26H43O9-,40.0,True,
CHEMBL3989716,PROPOXYPHENE NAPSYLATE,4.0,1971.0,CCC(=O)O[C@](Cc1ccccc1)(c1ccccc1)[C@H](C)CN(C)C.O.O=S(=O)(O)c1ccc2ccccc2c1,GBKONKCASNNUQD-VGHSCWAPSA-N,,,,,False,339.5,4.28,29.5,0.0,3.0,8.0,0.0,C22H29NO2,18.0,True,
CHEMBL3989724,FLURAZEPAM HYDROCHLORIDE,4.0,1970.0,CCN(CC)CCN1C(=O)CN=C(c2ccccc2F)c2cc(Cl)ccc21.Cl.Cl,ZIIJJOPLRSCQNX-UHFFFAOYSA-N,,,,,False,387.9,4.0,35.9,0.0,3.0,6.0,0.0,C21H23ClFN3O,20.0,True,
CHEMBL3989725,LODOXAMIDE TROMETHAMINE,4.0,1993.0,N#Cc1cc(NC(=O)C(=O)O)c(Cl)c(NC(=O)C(=O)O)c1.NC(CO)(CO)CO.NC(CO)(CO)CO,JJOFNSLZHKIJEV-UHFFFAOYSA-N,,,,,False,311.6,0.26,156.6,4.0,5.0,2.0,0.0,C11H6ClN3O6,12.0,True,
CHEMBL3989728,MENADIOL SODIUM DIPHOSPHATE,4.0,1982.0,Cc1cc(OP(=O)([O-])[O-])c2ccccc2c1OP(=O)([O-])[O-].O.O.O.O.O.O.[Na+].[Na+].[Na+].[Na+],QIWDGSYHBCMXSI-UHFFFAOYSA-J,,,,,False,330.1,-0.44,144.8,0.0,8.0,4.0,-4.0,C11H8O8P2-4,,False,F3_druglikeness
CHEMBL3989740,DOXYCYCLINE HYCLATE,4.0,1967.0,CCO.C[C@H]1c2cccc(O)c2C(=O)C2=C(O)[C@]3(O)C(=O)C(C(N)=O)=C(O)[C@@H](N(C)C)[C@@H]3[C@@H](O)[C@@H]21.C[C@H]1c2cccc(O)c2C(=O)C2=C(O)[C@]3(O)C(=O)C(C(N)=O)=C(O)[C@@H](N(C)C)[C@@H]3[C@@H](O)[C@@H]21.Cl.Cl.O,HALQELOKLVRWRI-VDBOFHIQSA-N,,,,,False,444.4,-0.35,181.6,6.0,9.0,2.0,0.0,C22H24N2O8,14.0,True,
CHEMBL3989750,GLUCOSAMINE SULFATE,4.0,,N[C@H]1C(O)O[C@H](CO)[C@@H](O)[C@@H]1O.N[C@H]1C(O)O[C@H](CO)[C@@H](O)[C@@H]1O.O=S(=O)(O)O,CVCQAQVBOPNTFI-AAONGDSNSA-N,,,,,False,179.2,-3.25,116.2,5.0,6.0,1.0,0.0,C6H13NO5,12.0,True,
CHEMBL3989754,FLURBIPROFEN SODIUM,4.0,1986.0,CC(C(=O)[O-])c1ccc(-c2ccccc2)c(F)c1.O.O.[Na+],GNMBMOULKUXEQF-UHFFFAOYSA-M,,,,,False,243.3,2.35,40.1,0.0,2.0,3.0,-1.0,C15H12FO2-,6.0,True,
CHEMBL3989756,TALC,4.0,1997.0,O.O=[Mg].O=[Mg].O=[Mg].O=[Si]=O.O=[Si]=O.O=[Si]=O.O=[Si]=O,FPAFDBFIGPHWGO-UHFFFAOYSA-N,,,,,False,,,,,,,,,,False,F2_mw_60
CHEMBL3989766,ORITAVANCIN DIPHOSPHATE,4.0,2014.0,CN[C@H](CC(C)C)C(=O)N[C@H]1C(=O)N[C@@H](CC(N)=O)C(=O)N[C@H]2C(=O)N[C@H]3C(=O)N[C@H](C(=O)N[C@H](C(=O)O)c4cc(O)cc(O)c4-c4cc3ccc4O)[C@H](O[C@H]3C[C@](C)(N)[C@@H](O)[C@H](C)O3)c3ccc(c(Cl)c3)Oc3cc2cc(c3O[C@@H]2O[C@H](CO)[C@@H](O)[C@H](O)[C@H]2O[C@H]2C[C@](C)(NCc3ccc(-c4ccc(Cl)cc4)cc3)[C@@H](O)[C@H](C)O2)Oc2ccc(cc2Cl)[C@H]1O.O=P(O)(O)O.O=P(O)(O)O,PWTROOMOPLCZHB-BHYQHFGMSA-N,,,,,False,,,,,,,,,,False,F2_mw_1793
CHEMBL3989768,LEVORPHANOL TARTRATE,4.0,1991.0,CN1CC[C@]23CCCC[C@H]2[C@H]1Cc1ccc(O)cc13.O.O.O=C(O)C(O)C(O)C(=O)O,UMZNDVASJKIQCB-SODJFYQGSA-N,,,,,False,257.4,3.08,23.5,1.0,2.0,0.0,0.0,C17H23NO,2.0,True,
CHEMBL3989777,TRIENTINE HYDROCHLORIDE,4.0,1985.0,Cl.Cl.NCCNCCNCCN,WYHIICXRPHEJKI-UHFFFAOYSA-N,,,,,False,146.2,-1.92,76.1,4.0,4.0,7.0,0.0,C6H18N4,18.0,True,
CHEMBL3989798,FORMOTEROL FUMARATE,4.0,2001.0,COc1ccc(CC(C)NCC(O)c2ccc(O)c(NC=O)c2)cc1.COc1ccc(CC(C)NCC(O)c2ccc(O)c(NC=O)c2)cc1.O.O.O=C(O)/C=C/C(=O)O,RATSWNOMCHFQGJ-XODSYJLDSA-N,,,,,False,344.4,2.22,90.8,4.0,5.0,9.0,0.0,C19H24N2O4,20.0,True,
CHEMBL3989803,DIPYRONE,4.0,,Cc1c(N(C)CS(=O)(=O)[O-])c(=O)n(-c2ccccc2)n1C.O.[Na+],UNZIDPIPYUMVPA-UHFFFAOYSA-M,N02BB02;N02BB72;N02BB52,,,,False,310.4,0.42,87.4,0.0,5.0,4.0,-1.0,C13H16N3O4S-,8.0,True,
CHEMBL3989806,IODIPAMIDE MEGLUMINE,4.0,1982.0,CNC[C@H](O)[C@@H](O)[C@H](O)[C@H](O)CO.CNC[C@H](O)[C@@H](O)[C@H](O)[C@H](O)CO.O=C(CCCCC(=O)Nc1c(I)cc(I)c(C(=O)O)c1I)Nc1c(I)cc(I)c(C(=O)O)c1I,DGIAUNUPXILTJW-VRWDCWMNSA-N,,,,,False,,,,,,,,,,False,F2_mw_1140
CHEMBL3989820,ZOLPIDEM TARTRATE,4.0,1992.0,Cc1ccc(-c2nc3ccc(C)cn3c2CC(=O)N(C)C)cc1.Cc1ccc(-c2nc3ccc(C)cn3c2CC(=O)N(C)C)cc1.O=C(O)C(O)C(O)C(=O)O,VXRDAMSNTXUHFX-UHFFFAOYSA-N,,,,,False,307.4,3.25,37.6,0.0,2.0,3.0,0.0,C19H21N3O,6.0,True,
CHEMBL3989821,TUBOCURARINE CHLORIDE,4.0,1945.0,COc1cc2c3cc1Oc1cc(ccc1O)C[C@@H]1c4c(cc(OC)c(O)c4Oc4ccc(cc4)C[C@@H]3N(C)CC2)CC[N+]1(C)C.Cl.O.O.O.O.O.[Cl-],WMIZITXEJNQAQK-GGDSLZADSA-N,,,,,False,609.7,6.7,80.6,2.0,7.0,2.0,1.0,C37H41N2O6+,22.0,True,
CHEMBL3989822,POTASSIUM CITRATE,4.0,1985.0,O.O=C([O-])CC(O)(CC(=O)[O-])C(=O)[O-].[K+].[K+].[K+],PJAHUDTUZRZBKM-UHFFFAOYSA-K,A12BA02,,,,False,189.1,-5.25,140.6,1.0,7.0,5.0,-3.0,C6H5O7-3,,False,F3_druglikeness
CHEMBL3989824,THIOTHIXENE HYDROCHLORIDE,4.0,1970.0,CN1CCN(CC/C=C2/c3ccccc3Sc3ccc(S(=O)(=O)N(C)C)cc32)CC1.Cl.Cl.O.O,MEUAAEMCZUPORO-LRSHZYOCSA-N,,,,,False,443.6,3.47,43.9,0.0,5.0,5.0,0.0,C23H29N3O2S2,10.0,True,
CHEMBL3989826,OXYCODONE TEREPHTHALATE,4.0,1950.0,COc1ccc2c3c1O[C@H]1C(=O)CC[C@@]4(O)[C@@H](C2)N(C)CC[C@]314.COc1ccc2c3c1O[C@H]1C(=O)CC[C@@]4(O)[C@@H](C2)N(C)CC[C@]314.O=C(O)c1ccc(C(=O)O)cc1,BTEYIHUKHHAVAN-KDKWOIFOSA-N,,,,,False,315.4,1.05,59.0,1.0,5.0,1.0,0.0,C18H21NO4,4.0,True,
CHEMBL3989829,NETILMICIN SULFATE,4.0,1983.0,CCN[C@@H]1C[C@H](N)[C@@H](O[C@H]2OC(CN)=CC[C@H]2N)[C@H](O)[C@H]1O[C@H]1OC[C@](C)(O)[C@H](NC)[C@H]1O.CCN[C@@H]1C[C@H](N)[C@@H](O[C@H]2OC(CN)=CC[C@H]2N)[C@H](O)[C@H]1O[C@H]1OC[C@](C)(O)[C@H](NC)[C@H]1O.O=S(=O)(O)O.O=S(=O)(O)O.O=S(=O)(O)O.O=S(=O)(O)O.O=S(=O)(O)O,AGFWIZQEWFGATK-UNZHCMSXSA-N,,,,,False,475.6,-3.2,199.7,8.0,12.0,8.0,0.0,C21H41N5O7,28.0,True,
CHEMBL3989830,SIBUTRAMINE HYDROCHLORIDE,4.0,1997.0,CC(C)CC(N(C)C)C1(c2ccc(Cl)cc2)CCC1.Cl.O,KFNNPQDSPLWLCX-UHFFFAOYSA-N,,,,,False,279.9,4.74,3.2,0.0,1.0,5.0,0.0,C17H26ClN,10.0,True,
CHEMBL3989833,ZIPRASIDONE MESYLATE,4.0,2002.0,CS(=O)(=O)O.O.O.O.O=C1Cc2cc(CCN3CCN(c4nsc5ccccc45)CC3)c(Cl)cc2N1,WLQZEFFFIUHSJB-UHFFFAOYSA-N,,,,,False,412.9,3.81,48.5,1.0,5.0,4.0,0.0,C21H21ClN4OS,8.0,True,
CHEMBL3989843,TRANYLCYPROMINE,4.0,1961.0,N[C@@H]1C[C@H]1c1ccccc1.N[C@H]1C[C@@H]1c1ccccc1,IGLYMJRIWWIQQE-QUOODJBBSA-N,N06AF04,Launched,monoamine oxidase inhibitor,depression,False,133.2,1.5,26.0,1.0,1.0,1.0,0.0,C9H11N,4.0,True,
CHEMBL3989844,DEXTROAMPHETAMINE SACCHARATE,4.0,1996.0,C[C@H](N)Cc1ccccc1.O=C(O)[C@@H](O)[C@@H](O)[C@H](O)[C@@H](O)C(=O)O,VHKVKWTWHZUFIA-DGOKBZBKSA-N,,,,,False,210.1,-3.4,155.5,6.0,6.0,5.0,0.0,C6H10O8,22.0,True,
CHEMBL3989845,IMIPRAMINE PAMOATE,4.0,1973.0,CN(C)CCCN1c2ccccc2CCc2ccccc21.CN(C)CCCN1c2ccccc2CCc2ccccc21.O=C(O)c1cc2ccccc2c(Cc2c(O)c(C(=O)O)cc3ccccc23)c1O,BPQZYOJIXDMZSX-UHFFFAOYSA-N,,,,,False,388.4,4.39,115.1,4.0,4.0,4.0,0.0,C23H16O6,16.0,True,
CHEMBL3989850,ECAMSULE,4.0,2006.0,CC1(C)C2CCC1(CS(=O)(=O)O)C(=O)C2=Cc1ccc(C=C2C(=O)C3(CS(=O)(=O)O)CCC2C3(C)C)cc1,HEAHZSUCFKFERC-UHFFFAOYSA-N,,,,,False,562.7,4.24,142.9,2.0,6.0,6.0,0.0,C28H34O8S2,16.0,True,
CHEMBL3989855,PSEUDOEPHEDRINE SULFATE,4.0,1963.0,CN[C@@H](C)[C@@H](O)c1ccccc1.CN[C@@H](C)[C@@H](O)c1ccccc1.O=S(=O)(O)O,CAVQBDOACNULDN-NRCOEFLKSA-N,,,,,False,165.2,1.33,32.3,2.0,2.0,3.0,0.0,C10H15NO,8.0,True,
CHEMBL3989856,SODIUM SULFATE,4.0,1984.0,O.O.O.O.O.O.O.O.O.O.O=S(=O)([O-])[O-].[Na+].[Na+],RSIJVJUOQBWMIM-UHFFFAOYSA-L,A12CA02;A06AD13,,,,False,,,,,,,,,,False,F2_mw_96
CHEMBL3989857,MAGNESIUM SULFATE,4.0,1981.0,O.O.O.O.O.O.O.O=S(=O)([O-])[O-].[Mg+2],WRUGWIBCXHJTDG-UHFFFAOYSA-L,D11AX05;B05XA05;A12CC02;A06AD04;V04CC02,,,,False,,,,,,,,,,False,F2_mw_96
CHEMBL3989858,MAGNESIUM ACETATE TETRAHYDRATE,4.0,1982.0,CC(=O)[O-].CC(=O)[O-].O.O.O.O.[Mg+2],XKPKPGCRSHFTKM-UHFFFAOYSA-L,,,,,False,,,,,,,,,,False,F2_mw_59
CHEMBL3989859,TOCOPHEROL ACETATE,4.0,2000.0,CC(=O)Oc1c(C)c(C)c2c(c1C)CCC(C)(CCC[C@H](C)CCC[C@H](C)CCCC(C)C)O2,ZAKOWWREFLAJOT-ADUHFSDSSA-N,,,,,False,472.8,9.06,35.5,0.0,3.0,13.0,0.0,C31H52O3,28.0,True,
CHEMBL3989861,DESVENLAFAXINE FUMARATE,4.0,2013.0,CN(C)CC(c1ccc(O)cc1)C1(O)CCCCC1.O.O=C(O)/C=C/C(=O)O,YETWCSLOYUZBLK-JITBQSAISA-N,,,,,False,263.4,2.73,43.7,2.0,3.0,4.0,0.0,C16H25NO2,12.0,True,
CHEMBL3989866,BICTEGRAVIR,4.0,2018.0,O=C(NCc1c(F)cc(F)cc1F)c1cn2c(c(O)c1=O)C(=O)N1[C@H]3CC[C@H](C3)O[C@@H]1C2,SOLUWJRYJLAZCX-LYOVBCGYSA-N,,Launched,HIV integrase inhibitor,human immunodeficiency virus (HIV-1),False,449.4,1.63,100.9,2.0,5.0,3.0,0.0,C21H18F3N3O5,8.0,True,
CHEMBL3989867,BICTEGRAVIR SODIUM,4.0,2018.0,O=C(NCc1c(F)cc(F)cc1F)c1cn2c(c([O-])c1=O)C(=O)N1[C@H]3CC[C@H](C3)O[C@@H]1C2.[Na+],WJNFBIVCQMPPJC-FQYDJHLKSA-M,,,,,False,448.4,1.0,103.7,1.0,5.0,3.0,-1.0,C21H17F3N3O5-,6.0,True,
CHEMBL3989868,TUCATINIB,4.0,2020.0,Cc1cc(Nc2ncnc3ccc(NC4=NC(C)(C)CO4)cc23)ccc1Oc1ccn2ncnc2c1,SDEAXTCZPQIFQM-UHFFFAOYSA-N,L01EH03,Phase 3,EGFR inhibitor,,False,480.5,5.09,110.9,2.0,9.0,5.0,0.0,C26H24N8O2,10.0,True,
CHEMBL3989869,UMBRALISIB TOSYLATE,4.0,2021.0,CC(C)Oc1ccc(-c2nn([C@@H](C)c3oc4ccc(F)cc4c(=O)c3-c3cccc(F)c3)c3ncnc(N)c23)cc1F.Cc1ccc(S(=O)(=O)O)cc1,KYJWUPZPSXZEPG-NTISSMGPSA-N,,,,,False,571.6,6.66,109.1,1.0,7.0,6.0,0.0,C31H24F3N5O3,14.0,True,
CHEMBL3989871,AVACOPAN,4.0,2021.0,Cc1ccc(NC(=O)[C@H]2CCCN(C(=O)c3c(C)cccc3F)[C@H]2c2ccc(NC3CCCC3)cc2)cc1C(F)(F)F,PUKBOVABABRILL-YZNIXAGQSA-N,L04AJ05,Phase 2,complement inhibitor,,False,581.7,8.05,61.4,2.0,3.0,6.0,0.0,C33H35F4N3O2,16.0,True,
CHEMBL3989885,TRIMEPRAZINE TARTRATE,4.0,1982.0,CC(CN(C)C)CN1c2ccccc2Sc2ccccc21.CC(CN(C)C)CN1c2ccccc2Sc2ccccc21.O=C(O)C(O)C(O)C(=O)O,AJZJIYUOOJLBAU-UHFFFAOYSA-N,,,,,False,298.5,4.49,6.5,0.0,3.0,4.0,0.0,C18H22N2S,8.0,True,
CHEMBL3989887,TACROLIMUS,4.0,1994.0,C=CC[C@@H]1/C=C(\C)C[C@H](C)C[C@H](OC)[C@H]2O[C@@](O)(C(=O)C(=O)N3CCCC[C@H]3C(=O)O[C@H](/C(C)=C/[C@@H]3CC[C@@H](O)[C@H](OC)C3)[C@H](C)[C@@H](O)CC1=O)[C@H](C)C[C@@H]2OC.O,NWJQLQGQZSIBAF-MLAUYUEBSA-N,L04AD02;D11AH01,Launched,calcineurin inhibitor,organ rejection,False,804.0,4.64,178.4,3.0,12.0,7.0,0.0,C44H69NO12,52.0,True,
CHEMBL3989908,ENASIDENIB,4.0,2017.0,CC(C)(O)CNc1nc(Nc2ccnc(C(F)(F)F)c2)nc(-c2cccc(C(F)(F)F)n2)n1,DYLUUSLLRIQKOE-UHFFFAOYSA-N,L01XM01,Launched,isocitrate dehydrogenase inhibitor,acute myeloid leukemia (AML),False,473.4,4.29,108.7,3.0,8.0,6.0,0.0,C19H17F6N7O,18.0,True,
CHEMBL3989909,LENIOLISIB PHOSPHATE,4.0,2023.0,CCC(=O)N1CC[C@H](Nc2ncnc3c2CN(c2cnc(OC)c(C(F)(F)F)c2)CC3)C1.O=P(O)(O)O,XXEDEGOAYSGNPS-ZOWNYOTGSA-N,,,,,False,450.5,2.88,83.5,1.0,7.0,5.0,0.0,C21H25F3N6O2,14.0,True,
CHEMBL3989917,FOSNETUPITANT,4.0,2018.0,Cc1ccccc1-c1cc(N2CC[N+](C)(COP(=O)([O-])O)CC2)ncc1N(C)C(=O)C(C)(C)c1cc(C(F)(F)F)cc(C(F)(F)F)c1,HZIYEEMJNBKMJH-UHFFFAOYSA-N,,,,,False,688.6,5.74,106.0,1.0,6.0,8.0,0.0,C31H35F6N4O5P,24.0,True,
CHEMBL3989919,FOSNETUPITANT CHLORIDE HYDROCHLORIDE,4.0,2018.0,Cc1ccccc1-c1cc(N2CC[N+](C)(COP(=O)(O)O)CC2)ncc1N(C)C(=O)C(C)(C)c1cc(C(F)(F)F)cc(C(F)(F)F)c1.Cl.[Cl-],LBTQUZNIWCWBNN-UHFFFAOYSA-N,,,,,False,689.6,6.37,103.2,2.0,5.0,8.0,1.0,C31H36F6N4O5P+,26.0,True,
CHEMBL3989920,PITAVASTATIN SODIUM,4.0,2017.0,O=C([O-])C[C@H](O)C[C@H](O)/C=C/c1c(C2CC2)nc2ccccc2c1-c1ccc(F)cc1.[Na+],NBDQGOCGYHMDSJ-NRFPMOEYSA-M,,,,,False,420.5,3.18,93.5,2.0,5.0,8.0,-1.0,C25H23FNO4-,20.0,True,
CHEMBL3989921,NERATINIB MALEATE,4.0,2017.0,CCOc1cc2ncc(C#N)c(Nc3ccc(OCc4ccccn4)c(Cl)c3)c2cc1NC(=O)/C=C/CN(C)C.O=C(O)/C=C\C(=O)O,VXZCUHNJXSIJIM-MEBGWEOYSA-N,,,,,False,557.1,5.93,112.4,2.0,8.0,11.0,0.0,C30H29ClN6O3,22.0,True,
CHEMBL3989922,NIRAPARIB TOSYLATE MONOHYDRATE,4.0,2017.0,Cc1ccc(S(=O)(=O)O)cc1.NC(=O)c1cccc2cn(-c3ccc([C@@H]4CCCNC4)cc3)nc12.O,ACNPUCQQZDAPJH-FMOMHUKBSA-N,,,,,False,320.4,2.59,72.9,2.0,3.0,3.0,0.0,C19H20N4O,6.0,True,
CHEMBL3989923,PITAVASTATIN MAGNESIUM,4.0,2017.0,O=C([O-])C[C@H](O)C[C@H](O)/C=C/c1c(C2CC2)nc2ccccc2c1-c1ccc(F)cc1.O=C([O-])C[C@H](O)C[C@H](O)/C=C/c1c(C2CC2)nc2ccccc2c1-c1ccc(F)cc1.[Mg+2],MPAZKXHCZWDZDY-FFNUKLMVSA-L,,,,,False,420.5,3.18,93.5,2.0,5.0,8.0,-1.0,C25H23FNO4-,20.0,True,
CHEMBL3989928,REZAFUNGIN ACETATE,4.0,2023.0,CC(=O)[O-].CCCCCOc1ccc(-c2ccc(-c3ccc(C(=O)N[C@H]4C[C@@H](O)[C@@H](OCC[N+](C)(C)C)NC(=O)[C@@H]5[C@@H](O)[C@@H](C)CN5C(=O)[C@H]([C@@H](C)O)NC(=O)[C@H]([C@H](O)[C@@H](O)c5ccc(O)cc5)NC(=O)[C@@H]5C[C@@H](O)CN5C(=O)[C@H]([C@@H](C)O)NC4=O)cc3)cc2)cc1,MXMWJAPNUIKPGF-YOFVRWEXSA-N,J02AX08,,,,False,,,,,,,,,,False,F2_mw_1226
CHEMBL3989931,ENASIDENIB MESYLATE,4.0,2017.0,CC(C)(O)CNc1nc(Nc2ccnc(C(F)(F)F)c2)nc(-c2cccc(C(F)(F)F)n2)n1.CS(=O)(=O)O,ORZHZQZYWXEDDL-UHFFFAOYSA-N,,,,,False,473.4,4.29,108.7,3.0,8.0,6.0,0.0,C19H17F6N7O,18.0,True,
CHEMBL3989933,ETRASIMOD ARGININE,4.0,2023.0,N=C(N)NCCC[C@@H](N)C(=O)O.O=C(O)C[C@H]1CCc2c1[nH]c1ccc(OCc3ccc(C4CCCC4)c(C(F)(F)F)c3)cc21,GVPVVOSNDUAUKM-YMQOIHNTSA-N,,,,,False,457.5,6.93,62.3,2.0,2.0,6.0,0.0,C26H26F3NO3,16.0,True,
CHEMBL3989937,CAPMATINIB HYDROCHLORIDE,4.0,2020.0,CNC(=O)c1ccc(-c2cnc3ncc(Cc4ccc5ncccc5c4)n3n2)cc1F.Cl.Cl.O,COWBUPJEEDYWKD-UHFFFAOYSA-N,,,,,False,412.4,3.43,85.1,1.0,5.0,4.0,0.0,C23H17FN6O,8.0,True,
CHEMBL3989939,LAROTRECTINIB SULFATE,4.0,2018.0,O=C(Nc1cnn2ccc(N3CCC[C@@H]3c3cc(F)ccc3F)nc12)N1CC[C@H](O)C1.O=S(=O)(O)O,PXHANKVTFWSDSG-QLOBERJESA-N,,,,,False,428.4,2.95,86.0,2.0,5.0,3.0,0.0,C21H22F2N6O2,10.0,True,
CHEMBL3989944,DIROXIMEL FUMARATE,4.0,2019.0,COC(=O)/C=C/C(=O)OCCN1C(=O)CCC1=O,YIMYDTCOUQIDMT-SNAWJCMRSA-N,L04AX09,,,,False,255.2,-0.59,90.0,0.0,6.0,5.0,0.0,C11H13NO6,14.0,True,
CHEMBL3989945,REZAFUNGIN,4.0,2023.0,CCCCCOc1ccc(-c2ccc(-c3ccc(C(=O)N[C@H]4C[C@@H](O)[C@@H](OCC[N+](C)(C)C)NC(=O)[C@@H]5[C@@H](O)[C@@H](C)CN5C(=O)[C@H]([C@@H](C)O)NC(=O)[C@H]([C@H](O)[C@@H](O)c5ccc(O)cc5)NC(=O)[C@@H]5C[C@@H](O)CN5C(=O)[C@H]([C@@H](C)O)NC4=O)cc3)cc2)cc1,LNFCWEXGZIEGJW-TXSVMFMRSA-O,,,,,False,,,,,,,,,,False,F2_mw_1226
CHEMBL3989949,CENOBAMATE,4.0,2020.0,NC(=O)O[C@@H](Cn1ncnn1)c1ccccc1Cl,GFHAXPJGXSQLPT-VIFPVBQESA-N,N03AX25,Launched,GABA receptor modulator|voltage-gated sodium channel blocker,,False,267.7,1.16,95.9,1.0,5.0,4.0,0.0,C10H10ClN5O2,10.0,True,
CHEMBL3989958,IVOSIDENIB,4.0,2018.0,N#Cc1ccnc(N2C(=O)CC[C@H]2C(=O)N(c2cncc(F)c2)[C@H](C(=O)NC2CC(F)(F)C2)c2ccccc2Cl)c1,WIJZXSAJMHAVGX-DHLKQENFSA-N,L01XM02,Launched,isocitrate dehydrogenase inhibitor,acute myeloid leukemia (AML),False,583.0,4.32,119.3,1.0,6.0,7.0,0.0,C28H22ClF3N6O3,16.0,True,
CHEMBL3989960,SELADELPAR LYSINE,4.0,2024.0,CCO[C@H](COc1ccc(C(F)(F)F)cc1)CSc1ccc(OCC(=O)O)c(C)c1.NCCCC[C@H](N)C(=O)O.O.O,WTKSWPYGZDCUNQ-JZXFCXSPSA-N,,,,,False,444.5,5.05,65.0,1.0,5.0,11.0,0.0,C21H23F3O5S,26.0,True,
CHEMBL3989962,PEMETREXED TROMETHAMINE,4.0,2017.0,NC(CO)(CO)CO.NC(CO)(CO)CO.Nc1nc(=O)c2c(CCc3ccc(C(=O)N[C@@H](CCC(=O)O)C(=O)O)cc3)c[nH]c2[nH]1.O.O,DUORKVZYABUEHW-AHJYMZSGSA-N,,,,,False,427.4,0.67,191.3,6.0,6.0,9.0,0.0,C20H21N5O6,22.0,True,
CHEMBL3989973,PEXIDARTINIB HYDROCHLORIDE,4.0,2019.0,Cl.FC(F)(F)c1ccc(CNc2ccc(Cc3c[nH]c4ncc(Cl)cc34)cn2)cn1,CJLUYLRKLUYCEK-UHFFFAOYSA-N,,,,,False,417.8,5.23,66.5,2.0,4.0,5.0,0.0,C20H15ClF3N5,12.0,True,
CHEMBL3989974,CEFIDEROCOL,4.0,2019.0,CC(C)(O/N=C(\C(=O)N[C@@H]1C(=O)N2C(C(=O)[O-])=C(C[N+]3(CCNC(=O)c4ccc(O)c(O)c4Cl)CCCC3)CS[C@H]12)c1csc(N)n1)C(=O)O,DBPPRLRVDVJOCL-FQRUVTKNSA-N,J01DI04,Launched,antibacterial ,,False,752.2,-0.18,256.9,6.0,14.0,13.0,0.0,C30H34ClN7O10S2,34.0,True,
CHEMBL3990047,OZENOXACIN,4.0,2017.0,CNc1ncc(-c2ccc3c(=O)c(C(=O)O)cn(C4CC4)c3c2C)cc1C,XPIJWUTXQAGSLK-UHFFFAOYSA-N,D06AX14,Phase 3,antiinfective drug,,False,363.4,3.76,84.2,2.0,4.0,4.0,0.0,C21H21N3O3,10.0,True,
CHEMBL3990276,TALC ANHYDROUS,4.0,1997.0,O=[Mg].O=[Mg].O=[Mg].O=[Si]=O.O=[Si]=O.O=[Si]=O.O=[Si]=O,XBPUDTAATCFDRE-UHFFFAOYSA-N,,,,,False,,,,,,,,,,False,F2_mw_60
CHEMBL3990694,PIPERAZINE CITRATE ANHYDROUS,4.0,1954.0,C1CNCCN1.C1CNCCN1.C1CNCCN1.O=C(O)CC(O)(CC(=O)O)C(=O)O.O=C(O)CC(O)(CC(=O)O)C(=O)O,JDDHUROHDHPVIO-UHFFFAOYSA-N,,,,,False,192.1,-1.25,132.1,4.0,4.0,5.0,0.0,C6H8O7,18.0,True,
CHEMBL3991065,ATOGEPANT,4.0,2021.0,C[C@@H]1[C@H](c2c(F)ccc(F)c2F)C[C@H](NC(=O)c2cnc3c(c2)C[C@@]2(C3)C(=O)Nc3ncccc32)C(=O)N1CC(F)(F)F,QIVUCLWGARAQIO-OLIXTKCUSA-N,N02CD07,,,,False,603.5,3.95,104.3,2.0,5.0,4.0,0.0,C29H23F6N5O3,10.0,True,
CHEMBL4065616,REMDESIVIR,4.0,2020.0,CCC(CC)COC(=O)[C@H](C)N[P@](=O)(OC[C@H]1O[C@@](C#N)(c2ccc3c(N)ncnn23)[C@H](O)[C@@H]1O)Oc1ccccc1,RWWYLEGWBNMMLJ-YSOARWBDSA-N,J05AB16,,,,False,602.6,2.31,203.5,4.0,12.0,13.0,0.0,C27H35N6O8P,32.0,True,
CHEMBL4066936,VERICIGUAT,4.0,2021.0,COC(=O)Nc1c(N)nc(-c2nn(Cc3ccccc3F)c3ncc(F)cc23)nc1N,QZFHIXARHDBPBY-UHFFFAOYSA-N,C01DX22,Phase 3,guanylate cyclase stimulant,,False,426.4,2.56,146.9,3.0,8.0,4.0,0.0,C19H16F2N8O2,14.0,True,
CHEMBL4071161,TIRABRUTINIB,4.0,2020.0,CC#CC(=O)N1CC[C@@H](n2c(=O)n(-c3ccc(Oc4ccccc4)cc3)c3c(N)ncnc32)C1,SEJLPXCPMNSRAM-GOSISDBHSA-N,L01EL06,,,,False,454.5,2.75,108.3,1.0,6.0,4.0,0.0,C25H22N6O3,14.0,True,
CHEMBL4085457,RITLECITINIB,4.0,2023.0,C=CC(=O)N1C[C@H](Nc2ncnc3[nH]ccc23)CC[C@@H]1C,CBRJPFGIXUFMTM-WDEREUQCSA-N,L04AF08,,,,False,285.4,1.94,73.9,2.0,4.0,3.0,0.0,C15H19N5O,8.0,True,
CHEMBL4101807,VOXELOTOR,4.0,2019.0,CC(C)n1nccc1-c1ncccc1COc1cccc(O)c1C=O,FWCVZAQENIZVMY-UHFFFAOYSA-N,B06AX03,Launched,hemoglobin modulator,,False,337.4,3.62,77.2,1.0,5.0,6.0,0.0,C19H19N3O3,14.0,True,
CHEMBL4105630,ZURANOLONE,4.0,2023.0,C[C@@]1(O)CC[C@H]2[C@H](CC[C@@H]3[C@@H]2CC[C@]2(C)[C@@H](C(=O)Cn4cc(C#N)cn4)CC[C@@H]32)C1,HARRKNSQXBRBGZ-GVKWWOCJSA-N,N06AX31,Phase 3,GABA receptor agonist,,False,409.6,4.34,78.9,1.0,4.0,3.0,0.0,C25H35N3O2,8.0,True,
CHEMBL4113131,ENSARTINIB,4.0,2024.0,C[C@@H]1CN(C(=O)c2ccc(NC(=O)c3cc(O[C@H](C)c4c(Cl)ccc(F)c4Cl)c(N)nn3)cc2)C[C@H](C)N1,GLYMPHUVMRFTFV-QLFBSQMISA-N,,,,,False,561.4,4.72,122.5,3.0,7.0,6.0,0.0,C26H27Cl2FN6O3,16.0,True,
CHEMBL4164059,PITOLISANT HYDROCHLORIDE,4.0,2016.0,Cl.Clc1ccc(CCCOCCCN2CCCCC2)cc1,XLFKECRRMPOAQS-UHFFFAOYSA-N,,,,,False,295.9,4.17,12.5,0.0,2.0,8.0,0.0,C17H26ClNO,16.0,True,
CHEMBL4173394,BRILLIANT BLUE G,4.0,2019.0,CCOc1ccc(Nc2ccc(/C(=C3/C=C/C(=[N+](/CC)Cc4cccc(S(=O)(=O)[O-])c4)C=C3C)c3ccc(N(CC)Cc4cccc(S(=O)(=O)[O-])c4)cc3C)cc2)cc1.[Na+],RWVGQQGBQSJDQV-UHFFFAOYSA-M,,,,,False,831.0,8.96,141.9,1.0,9.0,15.0,-1.0,C47H48N3O7S2-,30.0,True,
CHEMBL4204794,AVAPRITINIB,4.0,2020.0,Cn1cc(-c2cc3c(N4CCN(c5ncc([C@@](C)(N)c6ccc(F)cc6)cn5)CC4)ncnn3c2)cn1,DWYRIWUZIJHQKQ-SANMLTNESA-N,L01EX18,Launched,KIT inhibitor,,False,498.6,2.61,106.3,1.0,8.0,5.0,0.0,C26H27FN10,10.0,True,
CHEMBL4208229,ASCIMINIB,4.0,2021.0,O=C(Nc1ccc(OC(F)(F)Cl)cc1)c1cnc(N2CC[C@@H](O)C2)c(-c2cc[nH]n2)c1,VOVZXURTCKPRDQ-CQSZACIVSA-N,L01EA06,Phase 2,Bcr-Abl kinase inhibitor,,False,449.8,3.46,103.4,3.0,6.0,6.0,0.0,C20H18ClF2N5O3,14.0,True,
CHEMBL4208954,AMIKACIN SULFATE,4.0,1981.0,NCC[C@H](O)C(=O)N[C@@H]1C[C@H](N)[C@@H](O[C@H]2O[C@H](CN)[C@@H](O)[C@H](O)[C@H]2O)[C@H](O)[C@H]1O[C@H]1O[C@H](CO)[C@@H](O)[C@H](N)[C@H]1O.O=S(=O)(O)O.O=S(=O)(O)O,FXKSEJFHKVNEFI-GCZBSULCSA-N,,,,,False,585.6,-8.42,331.9,13.0,17.0,10.0,0.0,C22H43N5O13,,False,F3_druglikeness
CHEMBL4216467,RIPRETINIB,4.0,2020.0,CCn1c(=O)c(-c2cc(NC(=O)Nc3ccccc3)c(F)cc2Br)cc2cnc(NC)cc21,CEFJVGZHQAGLHS-UHFFFAOYSA-N,L01EX19,Phase 3,receptor tyrosine protein kinase inhibitor,,False,510.4,5.67,88.1,3.0,4.0,5.0,0.0,C24H21BrFN5O2,10.0,True,
CHEMBL4250860,DANICOPAN,4.0,2024.0,CC(=O)c1nn(CC(=O)N2C[C@H](F)C[C@H]2C(=O)Nc2cccc(Br)n2)c2ccc(-c3cnc(C)nc3)cc12,PIBARDGJJAGJAJ-NQIIRXRSSA-N,L04AJ09,,,,False,580.4,3.74,123.0,1.0,7.0,6.0,0.0,C26H23BrFN7O3,14.0,True,
CHEMBL4279047,VORASIDENIB,4.0,2024.0,C[C@@H](Nc1nc(N[C@H](C)C(F)(F)F)nc(-c2cccc(Cl)n2)n1)C(F)(F)F,QCZAWDGAVJMPTA-RNFRBKRXSA-N,L01XM04,Preclinical,isocitrate dehydrogenase inhibitor,,False,414.7,4.31,75.6,2.0,6.0,5.0,0.0,C14H13ClF6N6,14.0,True,
CHEMBL4297064,MILNACIPRAN HYDROCHLORIDE,4.0,2009.0,CCN(CC)C(=O)C1(c2ccccc2)CC1CN.Cl,XNCDYJFPRPDERF-UHFFFAOYSA-N,,,,,False,246.4,1.77,46.3,1.0,2.0,5.0,0.0,C15H22N2O,12.0,True,
CHEMBL4297065,SPINOSAD,4.0,2011.0,CC[C@H]1CCC[C@H](O[C@H]2CC[C@H](N(C)C)[C@@H](C)O2)[C@@H](C)C(=O)C2=C[C@@H]3[C@@H](C=C(C)[C@@H]4C[C@@H](O[C@@H]5O[C@@H](C)[C@H](OC)[C@@H](OC)[C@H]5OC)C[C@@H]34)[C@@H]2CC(=O)O1.CC[C@H]1CCC[C@H](O[C@H]2CC[C@H](N(C)C)[C@@H](C)O2)[C@@H](C)C(=O)C2=C[C@H]3[C@@H]4C[C@H](O[C@@H]5O[C@@H](C)[C@H](OC)[C@@H](OC)[C@H]5OC)C[C@H]4C=C[C@H]3C2CC(=O)O1,JFLRKDZMHNBDQS-UCQUSYKYSA-N,,,,,False,746.0,5.88,111.2,0.0,11.0,9.0,0.0,C42H67NO10,38.0,True,
CHEMBL4297088,CHLORHEXIDINE GLUCONATE,4.0,1976.0,N=C(NCCCCCCNC(=N)NC(=N)Nc1ccc(Cl)cc1)NC(=N)Nc1ccc(Cl)cc1.O=C(O)[C@H](O)[C@@H](O)[C@H](O)[C@H](O)CO.O=C(O)[C@H](O)[C@@H](O)[C@H](O)[C@H](O)CO,YZIYKJHYYHPJIB-UUPCJSQJSA-N,,,,,False,505.5,4.18,167.6,10.0,4.0,9.0,0.0,C22H30Cl2N10,18.0,True,
CHEMBL4297091,CODEINE SULFATE,4.0,2009.0,COc1ccc2c3c1O[C@H]1[C@@H](O)C=C[C@H]4[C@@H](C2)N(C)CC[C@@]341.COc1ccc2c3c1O[C@H]1[C@@H](O)C=C[C@H]4[C@@H](C2)N(C)CC[C@@]341.O.O.O.O=S(=O)(O)O,BOLDZXRCJAJADM-AAXBYHQXSA-N,,,,,False,299.4,1.5,41.9,1.0,4.0,1.0,0.0,C18H21NO3,4.0,True,
CHEMBL4297101,CEFTOBIPROLE MEDOCARIL SODIUM,4.0,2024.0,Cc1oc(=O)oc1COC(=O)N1CC[C@@H](N2CC/C(=C\C3=C(C(=O)[O-])N4C(=O)[C@@H](NC(=O)/C(=N/O)c5nsc(N)n5)[C@H]4SC3)C2=O)C1.[Na+],MFAWUGGPPMTWPU-INRVRKGJSA-M,,,,,False,689.7,-1.87,267.1,3.0,17.0,8.0,-1.0,C26H25N8O11S2-,,False,F3_druglikeness
CHEMBL4297147,HALOPERIDOL LACTATE,4.0,1967.0,CC(O)C(=O)O.O=C(CCCN1CCC(O)(c2ccc(Cl)cc2)CC1)c1ccc(F)cc1,BVUSNQJCSYDJJG-UHFFFAOYSA-N,,,,,False,375.9,4.43,40.5,1.0,3.0,6.0,0.0,C21H23ClFNO2,14.0,True,
CHEMBL4297165,CHLOROQUINE HYDROCHLORIDE,4.0,1949.0,CCN(CC)CCCC(C)Nc1ccnc2cc(Cl)ccc12.Cl.Cl,PCFGECQRSMVKCC-UHFFFAOYSA-N,,,,,False,319.9,4.81,28.2,1.0,3.0,8.0,0.0,C18H26ClN3,16.0,True,
CHEMBL4297185,DAROLUTAMIDE,4.0,2019.0,CC(O)c1cc(C(=O)N[C@@H](C)Cn2ccc(-c3ccc(C#N)c(Cl)c3)n2)n[nH]1,BLIJXOOIHRSQRB-PXYINDEMSA-N,L02BB06,Launched,androgen receptor antagonist,prostate cancer,False,398.9,2.67,119.6,3.0,5.0,6.0,0.0,C19H19ClN6O2,14.0,True,
CHEMBL4297211,CEFIDEROCOL SULFATE TOSYLATE,4.0,2019.0,CC(C)(O/N=C(\C(=O)N[C@@H]1C(=O)N2C(C(=O)O)=C(C[N+]3(CCNC(=O)c4ccc(O)c(O)c4Cl)CCCC3)CS[C@H]12)c1csc(N)n1)C(=O)O.CC(C)(O/N=C(\C(=O)N[C@@H]1C(=O)N2C(C(=O)O)=C(C[N+]3(CCNC(=O)c4ccc(O)c(O)c4Cl)CCCC3)CS[C@H]12)c1csc(N)n1)C(=O)O.CC(C)(O/N=C(\C(=O)N[C@@H]1C(=O)N2C(C(=O)O)=C(C[N+]3(CCNC(=O)c4ccc(O)c(O)c4Cl)CCCC3)CS[C@H]12)c1csc(N)n1)C(=O)O.Cc1ccc(S(=O)(=O)O)cc1.Cc1ccc(S(=O)(=O)O)cc1.Cc1ccc(S(=O)(=O)O)cc1.Cc1ccc(S(=O)(=O)[O-])cc1.O.O=S(=O)([O-])[O-],QNMVZYPDWLKAJC-RXVBEKIDSA-N,,,,,False,753.2,1.15,254.1,7.0,13.0,13.0,1.0,C30H35ClN7O10S2+,36.0,True,
CHEMBL4297212,SOLRIAMFETOL HYDROCHLORIDE,4.0,2019.0,Cl.NC(=O)OC[C@H](N)Cc1ccccc1,KAOVAAHCFNYXNJ-SBSPUUFOSA-N,,,,,False,194.2,0.65,78.3,2.0,3.0,4.0,0.0,C10H14N2O2,12.0,True,
CHEMBL4297216,FEDRATINIB HYDROCHLORIDE,4.0,2019.0,Cc1cnc(Nc2ccc(OCCN3CCCC3)cc2)nc1Nc1cccc(S(=O)(=O)NC(C)(C)C)c1.Cl.Cl.O,QAFZLTVOFJHYDF-UHFFFAOYSA-N,,,,,False,524.7,4.82,108.5,3.0,8.0,10.0,0.0,C27H36N6O3S,22.0,True,
CHEMBL4297220,ASCIMINIB HYDROCHLORIDE,4.0,2021.0,Cl.O=C(Nc1ccc(OC(F)(F)Cl)cc1)c1cnc(N2CC[C@@H](O)C2)c(-c2cc[nH]n2)c1,HGCOOPLEWPBLOY-PFEQFJNWSA-N,,,,,False,449.8,3.46,103.4,3.0,6.0,6.0,0.0,C20H18ClF2N5O3,14.0,True,
CHEMBL4297223,MITAPIVAT SULFATE,4.0,2022.0,O.O.O.O=C(c1ccc(NS(=O)(=O)c2cccc3cccnc23)cc1)N1CCN(CC2CC2)CC1.O=C(c1ccc(NS(=O)(=O)c2cccc3cccnc23)cc1)N1CCN(CC2CC2)CC1.O=S(=O)(O)O,DMRIPASJCJRBMV-UHFFFAOYSA-N,,,,,False,450.6,3.2,82.6,1.0,5.0,6.0,0.0,C24H26N4O3S,12.0,True,
CHEMBL4297334,PIFLUFOLASTAT F18,4.0,2021.0,O=C(O)CC[C@H](NC(=O)N[C@@H](CCCCNC(=O)c1ccc([18F])nc1)C(=O)O)C(=O)O,OLWVRJUNLXQDSP-MVBOSPHXSA-N,V09IX16,,,,False,441.4,0.19,195.0,6.0,6.0,13.0,0.0,C18H23FN4O8,32.0,True,
CHEMBL4297378,DURLOBACTAM SODIUM,4.0,2023.0,CC1=C[C@@H]2CN(C(=O)N2OS(=O)(=O)[O-])[C@@H]1C(N)=O.[Na+],WHHNOICWPZIYKI-IBTYICNHSA-M,,,,,False,276.3,-1.7,133.1,1.0,6.0,3.0,-1.0,C8H10N3O6S-,6.0,True,
CHEMBL4297403,MELPHALAN FLUFENAMIDE HYDROCHLORIDE,4.0,2021.0,CCOC(=O)[C@H](Cc1ccc(F)cc1)NC(=O)[C@@H](N)Cc1ccc(N(CCCl)CCCl)cc1.Cl,ZCMWSKHHXLCVHI-VROPFNGYSA-N,,,,,False,498.4,3.27,84.7,2.0,5.0,13.0,0.0,C24H30Cl2FN3O3,30.0,True,
CHEMBL4297412,PAFOLACIANINE,4.0,2021.0,CC1(C)C(/C=C/C2=C(Oc3ccc(C[C@H](NC(=O)c4ccc(NCc5cnc6nc(N)[nH]c(=O)c6n5)cc4)C(=O)[O-])cc3)/C(=C/C=C3\N(CCCCS(=O)(=O)[O-])c4ccc(S(=O)(=O)[O-])cc4C3(C)C)CCC2)=[N+](CCCCS(=O)(=O)[O-])c2ccc(S(=O)(=O)[O-])cc21.[H+].[H+].[H+].[H+],PDXNSXLPXJFETD-DYVQZXGMSA-N,V04CX10,,,,False,,,,,,,,,,False,F2_mw_1322
CHEMBL4297503,BALOXAVIR MARBOXIL,4.0,2018.0,COC(=O)OCOc1c2n(ccc1=O)N([C@@H]1c3ccccc3SCc3c1ccc(F)c3F)[C@@H]1COCCN1C2=O,RZVPBGBYGMDSBG-GGAORHGYSA-N,J05AX25,,,,False,571.6,3.39,99.5,0.0,9.0,4.0,0.0,C27H23F2N3O7S,12.0,True,
CHEMBL4297509,ELACESTRANT,4.0,2023.0,CCNCCc1ccc(CN(CC)c2cc(OC)ccc2[C@@H]2CCc3cc(O)ccc3C2)cc1,SIFNOOUKXBRGGB-AREMUKBSSA-N,L02BA04,Phase 3,estrogen receptor degrader,,False,458.6,5.85,44.7,2.0,4.0,10.0,0.0,C30H38N2O2,22.0,True,
CHEMBL4297513,IBREXAFUNGERP,4.0,2021.0,CC(C)[C@@H](C)[C@@]1(C)CC[C@]2(C)[C@H]3CC[C@@H]4[C@@]5(COC[C@@]4(C)[C@@H](OC[C@](C)(N)C(C)(C)C)[C@H](n4ncnc4-c4ccncc4)C5)C3=CC[C@@]2(C)[C@@H]1C(=O)O,BODYFEUFKHPRCK-ZCZMVWJSSA-N,J02AX07,,,,False,730.1,8.62,125.4,2.0,7.0,8.0,0.0,C44H67N5O4,22.0,True,
CHEMBL4297516,LURBINECTEDIN,4.0,2020.0,COc1ccc2[nH]c3c(c2c1)CCN[C@]31CS[C@@H]2c3c(OC(C)=O)c(C)c4c(c3[C@H](COC1=O)N1[C@@H]2[C@H]2c3c(cc(C)c(OC)c3O)C[C@@H]([C@@H]1O)N2C)OCO4,YDDMIZRDDREKEP-HWTBNCOESA-N,L01XX69,Phase 3,DNA binding agent,,False,784.9,4.19,164.3,4.0,14.0,3.0,0.0,C41H44N4O10S,24.0,True,
CHEMBL4297517,MAVACAMTEN,4.0,2022.0,CC(C)n1c(=O)cc(N[C@@H](C)c2ccccc2)[nH]c1=O,RLCLASQCAPXVLM-NSHDSACASA-N,C01EB24,Phase 3,myosin inhibitor ,,False,273.3,2.29,66.9,2.0,3.0,4.0,0.0,C15H19N3O2,8.0,True,
CHEMBL4297522,PEMIGATINIB,4.0,2020.0,CCN1C(=O)N(c2c(F)c(OC)cc(OC)c2F)Cc2cnc3[nH]c(CN4CCOCC4)cc3c21,HCDMJFOHIXMBOV-UHFFFAOYSA-N,L01EN02,,,,False,487.5,3.66,83.2,1.0,6.0,6.0,0.0,C24H27F2N5O4,12.0,True,
CHEMBL4297526,REMIMAZOLAM,4.0,2020.0,COC(=O)CC[C@@H]1N=C(c2ccccn2)c2cc(Br)ccc2-n2c(C)cnc21,CYHWMBVXXDIZNZ-KRWDZBQOSA-N,N05CD14,Phase 3,benzodiazepine receptor agonist,,False,439.3,4.18,69.4,0.0,5.0,4.0,0.0,C21H19BrN4O2,10.0,True,
CHEMBL4297528,RISDIPLAM,4.0,2020.0,Cc1cn2nc(-c3cc(=O)n4cc(N5CCNC6(CC6)C5)ccc4n3)cc(C)c2n1,ASKZRYGFUPSJPN-UHFFFAOYSA-N,M09AX10,Phase 2/Phase 3,RNA splicing inhibitor,,False,401.5,1.96,79.8,1.0,6.0,2.0,0.0,C22H23N7O,4.0,True,
CHEMBL4297534,GLASDEGIB MALEATE,4.0,2018.0,CN1CC[C@@H](NC(=O)Nc2ccc(C#N)cc2)C[C@@H]1c1nc2ccccc2[nH]1.O=C(O)/C=C\C(=O)O,VJCVKWFBWAVYOC-UIXXXISESA-N,,,,,False,374.4,3.39,96.8,3.0,4.0,3.0,0.0,C21H22N6O,6.0,True,
CHEMBL4297585,TRIHEPTANOIN,4.0,2020.0,CCCCCCC(=O)OCC(COC(=O)CCCCCC)OC(=O)CCCCCC,PJHKBYALYHRYSK-UHFFFAOYSA-N,A16AX17,,,,False,428.6,5.9,78.9,0.0,6.0,20.0,0.0,C24H44O6,46.0,True,
CHEMBL4297588,ODEVIXIBAT,4.0,2021.0,CCCCC1(CCCC)CN(c2ccccc2)c2cc(SC)c(OCC(=O)N[C@@H](C(=O)N[C@@H](CC)C(=O)O)c3ccc(O)cc3)cc2S(=O)(=O)N1,XULSCZPZVQIMFM-IPZQJPLYSA-N,A05AX05,,,,False,740.9,5.88,174.4,5.0,9.0,17.0,0.0,C37H48N4O8S2,48.0,True,
CHEMBL4297590,DARIDOREXANT,4.0,2022.0,COc1ccc(-n2nccn2)c(C(=O)N2CCC[C@@]2(C)c2nc3c(C)c(Cl)ccc3[nH]2)c1,NBGABHGMJVIVBW-QHCPKHFHSA-N,N05CJ03,,,,False,450.9,4.27,88.9,1.0,5.0,4.0,0.0,C23H23ClN6O2,10.0,True,
CHEMBL4297592,AMENAMEVIR,4.0,2017.0,Cc1cccc(C)c1N(CC(=O)Nc1ccc(-c2ncon2)cc1)C(=O)C1CCS(=O)(=O)CC1,MNHNIVNAFBSLLX-UHFFFAOYSA-N,J05AX26,Phase 1,helicase primase inhibitor,,False,482.6,3.15,122.5,1.0,7.0,6.0,0.0,C24H26N4O5S,14.0,True,
CHEMBL4297603,DEUTIVACAFTOR,4.0,2024.0,[2H]C([2H])([2H])C(c1cc(C(C)(C)C)c(NC(=O)c2c[nH]c3ccccc3c2=O)cc1O)(C([2H])([2H])[2H])C([2H])([2H])[2H],PURKAOJPTOLRMP-ASMGOKTBSA-N,,,,,False,401.6,5.08,82.2,3.0,3.0,2.0,0.0,C24H28N2O3,10.0,True,
CHEMBL4297610,OLUTASIDENIB,4.0,2022.0,C[C@H](Nc1ccc(C#N)n(C)c1=O)c1cc2cc(Cl)ccc2[nH]c1=O,NEQYWYXGTJDAKR-JTQLQIEISA-N,L01XM03,,,,False,354.8,2.92,90.7,2.0,4.0,3.0,0.0,C18H15ClN4O2,6.0,True,
CHEMBL4297620,SOLRIAMFETOL,4.0,2019.0,NC(=O)OC[C@H](N)Cc1ccccc1,UCTRAOBQFUDCSR-SECBINFHSA-N,N06BA14,Launched,dopamine reuptake inhibitor,narcolepsy,False,194.2,0.65,78.3,2.0,3.0,4.0,0.0,C10H14N2O2,12.0,True,
CHEMBL4297666,OMIDENEPAG ISOPROPYL,4.0,2022.0,CC(C)OC(=O)CNc1cccc(CN(Cc2ccc(-n3cccn3)cc2)S(=O)(=O)c2cccnc2)n1,VIQCWEGEHRBLAC-UHFFFAOYSA-N,,,,,False,520.6,3.42,119.3,1.0,8.0,11.0,0.0,C26H28N6O4S,24.0,True,
CHEMBL4298128,ELEXACAFTOR,4.0,2019.0,Cc1nn(C)cc1S(=O)(=O)NC(=O)c1ccc(-n2ccc(OCC(C)(C)C(F)(F)F)n2)nc1N1C[C@@H](C)CC1(C)C,MVRHVFSOIWFBTE-INIZCTEOSA-N,,,,,False,597.7,4.02,124.2,1.0,8.0,8.0,0.0,C26H34F3N7O4S,18.0,True,
CHEMBL4298137,DURLOBACTAM,4.0,2023.0,CC1=C[C@@H]2CN(C(=O)N2OS(=O)(=O)O)[C@@H]1C(N)=O,BISPBXFUKNXOQY-RITPCOANSA-N,,,,,False,277.3,-1.36,130.2,2.0,5.0,3.0,0.0,C8H11N3O6S,8.0,True,
CHEMBL4298138,REPOTRECTINIB,4.0,2023.0,C[C@H]1CNC(=O)c2cnn3ccc(nc23)N[C@H](C)c2cc(F)ccc2O1,FIKPXCOQUIZNHB-WDEREUQCSA-N,L01EX28,Phase 1/Phase 2,receptor tyrosine protein kinase inhibitor,,False,355.4,2.55,80.6,2.0,5.0,0.0,0.0,C18H18FN5O2,12.0,True,
CHEMBL4298139,SERDEXMETHYLPHENIDATE CHLORIDE,4.0,2021.0,COC(=O)[C@H](c1ccccc1)[C@H]1CCCCN1C(=O)OC[n+]1cccc(C(=O)N[C@@H](CO)C(=O)O)c1.[Cl-],GONQEUJYYMYNMN-HWAJWLCKSA-N,,,,,False,500.5,1.05,146.3,3.0,7.0,9.0,1.0,C25H30N3O8+,28.0,True,
CHEMBL4298149,ARIMOCLOMOL CITRATE,4.0,2024.0,O=C(O)CC(O)(CC(=O)O)C(=O)O.[O-][n+]1cccc(/C(Cl)=N/OC[C@H](O)CN2CCCCC2)c1,XSENLDLUMVYRET-NIOGVPEESA-N,,,,,False,313.8,1.08,72.0,1.0,5.0,6.0,0.0,C14H20ClN3O3,14.0,True,
CHEMBL4298150,SIPONIMOD FUMARIC ACID,4.0,2019.0,CCc1cc(/C(C)=N/OCc2ccc(C3CCCCC3)c(C(F)(F)F)c2)ccc1CN1CC(C(=O)O)C1.CCc1cc(/C(C)=N/OCc2ccc(C3CCCCC3)c(C(F)(F)F)c2)ccc1CN1CC(C(=O)O)C1.O=C(O)/C=C/C(=O)O,JNLIKIBISICTMS-PEJBKAKVSA-N,,,,,False,516.6,6.77,62.1,1.0,4.0,9.0,0.0,C29H35F3N2O3,22.0,True,
CHEMBL4298153,NIROGACESTAT HYDROBROMIDE,4.0,2023.0,Br.Br.CCC[C@H](N[C@H]1CCc2cc(F)cc(F)c2C1)C(=O)Nc1cn(C(C)(C)CNCC(C)(C)C)cn1,LXEYYZYDWLAIPW-KBVFCZPLSA-N,,,,,False,489.7,4.79,71.0,3.0,4.0,10.0,0.0,C27H41F2N5O,22.0,True,
CHEMBL4298167,FILGOTINIB MALEATE,4.0,2020.0,O=C(Nc1nc2cccc(-c3ccc(CN4CCS(=O)(=O)CC4)cc3)n2n1)C1CC1.O=C(O)/C=C\C(=O)O,BFENHEAPFWQJFL-BTJKTKAUSA-N,,,,,False,425.5,1.98,96.7,1.0,6.0,5.0,0.0,C21H23N5O3S,10.0,True,
CHEMBL4298168,IBREXAFUNGERP CITRATE,4.0,2021.0,CC(C)[C@@H](C)[C@@]1(C)CC[C@]2(C)[C@H]3CC[C@@H]4[C@@]5(COC[C@@]4(C)[C@@H](OC[C@](C)(N)C(C)(C)C)[C@H](n4ncnc4-c4ccncc4)C5)C3=CC[C@@]2(C)[C@@H]1C(=O)O.O=C(O)CC(O)(CC(=O)O)C(=O)O,WKIRTJACGBEXBZ-FQGZCCSZSA-N,,,,,False,730.1,8.62,125.4,2.0,7.0,8.0,0.0,C44H67N5O4,22.0,True,
CHEMBL4298171,LINZAGOLIX CHOLINE,4.0,2022.0,COc1cc(F)c(-n2c(=O)[nH]c3csc(C(=O)[O-])c3c2=O)cc1OCc1c(OC)ccc(F)c1F.C[N+](C)(C)CCO,IAIVRTFCYOGNBW-UHFFFAOYSA-M,,,,,False,507.4,2.12,122.7,1.0,8.0,7.0,-1.0,C22H14F3N2O7S-,14.0,True,
CHEMBL4299851,PIFLUFOLASTAT,4.0,2021.0,O=C(O)CC[C@H](NC(=O)N[C@@H](CCCCNC(=O)c1ccc(F)nc1)C(=O)O)C(=O)O,OLWVRJUNLXQDSP-RYUDHWBXSA-N,,,,,False,442.4,0.19,195.0,6.0,6.0,13.0,0.0,C18H23FN4O8,32.0,True,
CHEMBL4299940,MITAPIVAT,4.0,2022.0,O=C(c1ccc(NS(=O)(=O)c2cccc3cccnc23)cc1)N1CCN(CC2CC2)CC1,XAYGBKHKBBXDAK-UHFFFAOYSA-N,B06AX04,Preclinical,pyruvate kinase isozyme activator,,False,450.6,3.2,82.6,1.0,5.0,6.0,0.0,C24H26N4O3S,12.0,True,
CHEMBL4301162,SERDEXMETHYLPHENIDATE,4.0,2021.0,COC(=O)[C@H](c1ccccc1)[C@H]1CCCCN1C(=O)OC[n+]1cccc(C(=O)N[C@@H](CO)C(=O)O)c1,UBZPNQRBUOBBLN-PWRODBHTSA-O,,,,,False,500.5,1.05,146.3,3.0,7.0,9.0,1.0,C25H30N3O8+,28.0,True,
CHEMBL4301898,BRILLIANT BLUE G FREE ACID,4.0,2019.0,CCOc1ccc(Nc2ccc(/C(=C3/C=C/C(=[N+](/CC)Cc4cccc(S(=O)(=O)[O-])c4)C=C3C)c3ccc(N(CC)Cc4cccc(S(=O)(=O)O)c4)cc3C)cc2)cc1,YVNQAIFQFWTPLQ-UHFFFAOYSA-N,,,,,False,832.1,9.31,139.1,2.0,8.0,15.0,0.0,C47H49N3O7S2,32.0,True,
CHEMBL4303060,MELPHALAN FLUFENAMIDE,4.0,2021.0,CCOC(=O)[C@H](Cc1ccc(F)cc1)NC(=O)[C@@H](N)Cc1ccc(N(CCCl)CCCl)cc1,YQZNKYXGZSVEHI-VXKWHMMOSA-N,L01AA10,,,,False,498.4,3.27,84.7,2.0,5.0,13.0,0.0,C24H30Cl2FN3O3,30.0,True,
CHEMBL4303214,FRUQUINTINIB,4.0,2023.0,CNC(=O)c1c(C)oc2cc(Oc3ncnc4cc(OC)c(OC)cc34)ccc12,BALLNEJQLSTPIO-UHFFFAOYSA-N,L01EK04,Launched,VEGFR inhibitor,colorectal cancer,False,393.4,3.85,95.7,1.0,7.0,5.0,0.0,C21H19N3O5,10.0,True,
CHEMBL4303232,CEFOTIAM HYDROCHLORIDE,4.0,1988.0,CN(C)CCn1nnnc1SCC1=C(C(=O)O)N2C(=O)[C@@H](NC(=O)Cc3csc(N)n3)[C@H]2SC1.Cl.Cl,BWRRTAXZCKVRON-DGPOFWGLSA-N,,,,,False,525.6,-0.65,172.5,3.0,12.0,10.0,0.0,C18H23N9O4S3,24.0,True,
CHEMBL4303288,ABACAVIR SULFATE,4.0,1998.0,Nc1nc(NC2CC2)c2ncn([C@H]3C=C[C@@H](CO)C3)c2n1.Nc1nc(NC2CC2)c2ncn([C@H]3C=C[C@@H](CO)C3)c2n1.O=S(=O)(O)O,WMHSRBZIJNQHKT-FFKFEZPRSA-N,,,,,False,286.3,1.09,101.9,3.0,6.0,4.0,0.0,C14H18N6O,12.0,True,
CHEMBL4303454,DORIPENEM MONOHYDRATE,4.0,2008.0,C[C@@H](O)[C@H]1C(=O)N2C(C(=O)O)=C(S[C@@H]3CN[C@H](CNS(N)(=O)=O)C3)[C@H](C)[C@H]12.O,NTUBEBXBDGKBTJ-WGLOMNHJSA-N,,,,,False,420.5,-1.6,162.1,5.0,7.0,7.0,0.0,C15H24N4O6S2,20.0,True,
CHEMBL4303525,OMAVELOXOLONE,4.0,2023.0,CC1(C)CC[C@]2(NC(=O)C(C)(F)F)CC[C@]3(C)[C@H](C(=O)C=C4[C@@]5(C)C=C(C#N)C(=O)C(C)(C)[C@@H]5CC[C@]43C)[C@@H]2C1,RJCWBNBKOKFWNY-IDPLTSGASA-N,N07XX25,,,,False,554.7,6.73,87.0,1.0,4.0,2.0,0.0,C33H44F2N2O3,4.0,True,
CHEMBL4303669,ZOLEDRONIC ACID,4.0,2001.0,O.O=P(O)(O)C(O)(Cn1ccnc1)P(=O)(O)O,FUXFIVRTGHOMSO-UHFFFAOYSA-N,M05BA08,,,,False,272.1,-1.12,153.1,5.0,4.0,4.0,0.0,C5H10N2O7P2,18.0,True,
CHEMBL4435170,DEUCRAVACITINIB,4.0,2022.0,[2H]C([2H])([2H])NC(=O)c1nnc(NC(=O)C2CC2)cc1Nc1cccc(-c2ncn(C)n2)c1OC,BZZKEPGENYLQSC-FIBGUPNXSA-N,L04AF07,,,,False,425.5,1.73,135.9,3.0,8.0,7.0,0.0,C20H22N8O3,14.0,True,
CHEMBL4458276,ENMETAZOBACTAM,4.0,2024.0,Cn1cc[n+](C[C@@]2(C)[C@H](C(=O)[O-])N3C(=O)C[C@H]3S2(=O)=O)n1,HFZITXBUTWITPT-YWVKMMECSA-N,,,,,False,314.3,-3.43,116.3,0.0,6.0,3.0,0.0,C11H14N4O5S,6.0,True,
CHEMBL4535757,SOTORASIB,4.0,2021.0,C=CC(=O)N1CCN(c2nc(=O)n(-c3c(C)ccnc3C(C)C)c3nc(-c4c(O)cccc4F)c(F)cc23)[C@@H](C)C1,NXQKSXLFSAEQCZ-SFHVURJKSA-N,L01XX73,,,,False,560.6,4.48,104.5,1.0,7.0,5.0,0.0,C30H30F2N6O3,14.0,True,
CHEMBL4558324,LAZERTINIB,4.0,2024.0,C=CC(=O)Nc1cc(Nc2nccc(-n3cc(CN(C)C)c(-c4ccccc4)n3)n2)c(OC)cc1N1CCOCC1,RRMJMHOQSALEJJ-UHFFFAOYSA-N,L01EB09,Phase 1/Phase 2,tyrosine kinase inhibitor,,False,554.7,4.1,109.7,2.0,9.0,10.0,0.0,C30H34N8O3,20.0,True,
CHEMBL4559134,SELPERCATINIB,4.0,2020.0,COc1ccc(CN2C3CC2CN(c2ccc(-c4cc(OCC(C)(C)O)cn5ncc(C#N)c45)cn2)C3)cn1,XIIOFHFUYBLOLW-UHFFFAOYSA-N,L01EX22,,,,False,525.6,3.28,112.0,1.0,9.0,8.0,0.0,C29H31N7O3,18.0,True,
CHEMBL4582651,PRALSETINIB,4.0,2020.0,CO[C@]1(C(=O)N[C@@H](C)c2ccc(-n3cc(F)cn3)nc2)CC[C@H](c2nc(C)cc(Nc3cc(C)[nH]n3)n2)CC1,GBLBJPZSROAGMF-RWYJCYHVSA-N,L01EX23,,,,False,533.6,4.2,135.5,3.0,8.0,8.0,0.0,C27H32FN9O2,16.0,True,
CHEMBL4585668,BELZUTIFAN,4.0,2021.0,CS(=O)(=O)c1ccc(Oc2cc(F)cc(C#N)c2)c2c1[C@H](O)[C@H](F)[C@@H]2F,LOMMPXLFBTZENJ-ZACQAIPSSA-N,L01XX74,,,,False,383.3,3.29,87.4,1.0,5.0,3.0,0.0,C17H12F3NO4S,8.0,True,
CHEMBL4594217,CANAGLIFLOZIN,4.0,2011.0,Cc1ccc([C@@H]2O[C@H](CO)[C@@H](O)[C@H](O)[C@H]2O)cc1Cc1ccc(-c2ccc(F)cc2)s1.O,RCCZPUWDQVUJAB-FVYJGOGTSA-N,A10BK02,Launched,sodium/glucose cotransporter inhibitor,diabetes mellitus,False,444.5,2.97,90.2,4.0,6.0,5.0,0.0,C24H25FO5S,18.0,True,
CHEMBL4594231,IODOXAMATE MEGLUMINE,4.0,1982.0,CNC[C@H](O)[C@@H](O)[C@H](O)[C@H](O)CO.CNC[C@H](O)[C@@H](O)[C@H](O)[C@H](O)CO.O=C(CCOCCOCCOCCOCCC(=O)Nc1c(I)cc(I)c(C(=O)O)c1I)Nc1c(I)cc(I)c(C(=O)O)c1I,LNBGFESBSAEKAE-VRWDCWMNSA-N,,,,,False,,,,,,,,,,False,F2_mw_1288
CHEMBL4594246,SULOPENEM ETZADROXIL,4.0,2024.0,CCC(CC)C(=O)OCOC(=O)C1=C(S[C@H]2CC[S+]([O-])C2)S[C@@H]2[C@@H]([C@@H](C)O)C(=O)N12,NBPVNGWRLGHULH-JKOUTOBWSA-N,,,,,False,477.6,1.8,116.2,1.0,9.0,9.0,0.0,C19H27NO7S3,24.0,True,
CHEMBL4594250,NETARSUDIL,4.0,2017.0,Cc1ccc(C(=O)OCc2ccc([C@@H](CN)C(=O)Nc3ccc4cnccc4c3)cc2)c(C)c1,OURRXQUGYQRVML-AREMUKBSSA-N,S01EX05,,,,False,453.5,4.89,94.3,2.0,5.0,7.0,0.0,C28H27N3O3,18.0,True,
CHEMBL4594251,NETARSUDIL DIMESYLATE,4.0,2017.0,CS(=O)(=O)O.CS(=O)(=O)O.Cc1ccc(C(=O)OCc2ccc([C@@H](CN)C(=O)Nc3ccc4cnccc4c3)cc2)c(C)c1,QQDRLKRHJOAQDC-FBHGDYMESA-N,,,,,False,453.5,4.89,94.3,2.0,5.0,7.0,0.0,C28H27N3O3,18.0,True,
CHEMBL4594260,TAZEMETOSTAT HYDROBROMIDE,4.0,2020.0,Br.CCN(c1cc(-c2ccc(CN3CCOCC3)cc2)cc(C(=O)NCc2c(C)cc(C)[nH]c2=O)c1C)C1CCOCC1,UQRICAQPWZSJNF-UHFFFAOYSA-N,,,,,False,572.8,4.73,86.9,2.0,6.0,9.0,0.0,C34H44N4O4,18.0,True,
CHEMBL4594261,FLUOROESTRADIOL F-18,4.0,2020.0,C[C@]12CC[C@@H]3c4ccc(O)cc4CC[C@H]3[C@@H]1C[C@@H]([18F])[C@@H]2O,KDLLNMRYZGUVMA-ZYMZXAKXSA-N,V09IX11,,,,False,289.4,3.56,40.5,2.0,2.0,0.0,0.0,C18H23FO2,4.0,True,
CHEMBL4594262,AMLODIPINE BENZOATE,4.0,2019.0,CCOC(=O)C1=C(COCCN)NC(C)=C(C(=O)OC)C1c1ccccc1Cl.O=C(O)c1ccccc1,RVPCEXXEUXIPEO-UHFFFAOYSA-N,,,,,False,408.9,2.27,99.9,2.0,7.0,8.0,0.0,C20H25ClN2O5,22.0,True,
CHEMBL4594273,ELACESTRANT HYDROCHLORIDE,4.0,2023.0,CCNCCc1ccc(CN(CC)c2cc(OC)ccc2[C@@H]2CCc3cc(O)ccc3C2)cc1.Cl.Cl,XGFHYCAZOCBCRQ-FBHGDYMESA-N,,,,,False,458.6,5.85,44.7,2.0,4.0,10.0,0.0,C30H38N2O2,22.0,True,
CHEMBL4594278,GEFAPIXANT CITRATE,4.0,2023.0,COc1cc(C(C)C)c(Oc2cnc(N)nc2N)cc1S(N)(=O)=O.O=C(O)CC(O)(CC(=O)O)C(=O)O,AIJVJYUOMCRFOE-UHFFFAOYSA-N,,,,,False,353.4,1.21,156.4,3.0,8.0,5.0,0.0,C14H19N5O4S,16.0,True,
CHEMBL4594287,ENSIFENTRINE,4.0,2024.0,COc1cc2c(cc1OC)-c1c/c(=N\c3c(C)cc(C)cc3C)n(CCNC(N)=O)c(=O)n1CC2,CSOBIBXVIYAXFM-BYNJWEBRSA-N,,,,,False,477.6,2.72,112.9,2.0,5.0,6.0,0.0,C26H31N5O4,12.0,True,
CHEMBL4594288,LEVAMLODIPINE MALEATE,4.0,2019.0,CCOC(=O)C1=C(COCCN)NC(C)=C(C(=O)OC)[C@@H]1c1ccccc1Cl.O=C(O)/C=C\C(=O)O,TZNOWAJJWCGILX-HNUXRKMMSA-N,,,,,False,408.9,2.27,99.9,2.0,7.0,8.0,0.0,C20H25ClN2O5,22.0,True,
CHEMBL4594292,TEPOTINIB HYDROCHLORIDE,4.0,2021.0,CN1CCC(COc2cnc(-c3cccc(Cn4nc(-c5cccc(C#N)c5)ccc4=O)c3)nc2)CC1.Cl.O,KZVOMLRKFJUTLK-UHFFFAOYSA-N,,,,,False,492.6,4.01,96.9,0.0,7.0,7.0,0.0,C29H28N6O2,14.0,True,
CHEMBL4594293,ACALABRUTINIB MALEATE,4.0,2020.0,CC#CC(=O)N1CCC[C@H]1c1nc(-c2ccc(C(=O)Nc3ccccn3)cc2)c2c(N)nccn12.O=C(O)/C=C\C(=O)O,JWEQLWMZHJSMEC-AFJTUFCWSA-N,,,,,False,465.5,3.31,118.5,2.0,6.0,4.0,0.0,C26H23N7O2,12.0,True,
CHEMBL4594300,FOSDENOPTERIN HYDROBROMIDE,4.0,2021.0,Br.Nc1nc(=O)c2c([nH]1)N[C@@H]1O[C@@H]3COP(=O)(O)O[C@@H]3C(O)(O)[C@@H]1N2.O.O,GGLKTKQOHMCQHF-UNHNTEMGSA-N,,,,,False,363.2,-2.52,201.3,7.0,11.0,0.0,0.0,C10H14N5O8P,6.0,True,
CHEMBL4594301,REMIMAZOLAM BESYLATE,4.0,2020.0,COC(=O)CC[C@@H]1N=C(c2ccccn2)c2cc(Br)ccc2-n2c(C)cnc21.O=S(=O)(O)c1ccccc1,QMTKNJZIWGTNTE-LMOVPXPDSA-N,,,,,False,439.3,4.18,69.4,0.0,5.0,4.0,0.0,C21H19BrN4O2,10.0,True,
CHEMBL4594350,ADAGRASIB,4.0,2022.0,C=C(F)C(=O)N1CCN(c2nc(OC[C@@H]3CCCN3C)nc3c2CCN(c2cccc4cccc(Cl)c24)C3)C[C@@H]1CC#N,PEMUGDMSUDYLHU-ZEQRLZLVSA-N,L01XX77,,,,False,604.1,4.73,88.8,0.0,8.0,7.0,0.0,C32H35ClFN7O2,16.0,True,
CHEMBL4594379,FOSLEVODOPA,4.0,2024.0,N[C@@H](Cc1ccc(OP(=O)(O)O)c(O)c1)C(=O)O,YNDMEEULGSTYJT-LURJTMIESA-N,,,,,False,277.2,-0.18,150.3,5.0,5.0,5.0,0.0,C9H12NO7P,20.0,True,
CHEMBL4594382,DEURUXOLITINIB PHOSPHATE,4.0,2024.0,O=P(O)(O)O.[2H]C1([2H])C([C@@H](CC#N)n2cc(-c3ncnc4[nH]ccc34)cn2)C([2H])([2H])C([2H])([2H])C1([2H])[2H],JFMWPOCYMYGEDM-NTVOUFPTSA-N,,,,,False,314.4,3.47,83.2,1.0,4.0,4.0,0.0,C17H18N6,8.0,True,
CHEMBL4594383,PAFOLACIANINE SODIUM,4.0,2021.0,CC1(C)C(/C=C/C2=C(Oc3ccc(C[C@H](NC(=O)c4ccc(NCc5cnc6nc(N)[nH]c(=O)c6n5)cc4)C(=O)[O-])cc3)/C(=C/C=C3\N(CCCCS(=O)(=O)[O-])c4ccc(S(=O)(=O)[O-])cc4C3(C)C)CCC2)=[N+](CCCCS(=O)(=O)[O-])c2ccc(S(=O)(=O)[O-])cc21.[Na+].[Na+].[Na+].[Na+],LRVBSDMJFVZFHH-NFVAJSDSSA-J,,,,,False,,,,,,,,,,False,F2_mw_1322
CHEMBL4594393,CALCIUM OXYBATE,4.0,2020.0,O=C([O-])CCCO.O=C([O-])CCCO.[Ca+2],AZRRVLSHRWGNRS-UHFFFAOYSA-L,,,,,False,103.1,-1.49,60.4,1.0,3.0,3.0,-1.0,C4H7O3-,8.0,True,
CHEMBL4594394,MAGNESIUM OXYBATE,4.0,2020.0,O=C([O-])CCCO.O=C([O-])CCCO.[Mg+2],QWZIZKOBUUSCLO-UHFFFAOYSA-L,,,,,False,103.1,-1.49,60.4,1.0,3.0,3.0,-1.0,C4H7O3-,8.0,True,
CHEMBL4594395,POTASSIUM OXYBATE,4.0,2020.0,O=C([O-])CCCO.[K+],TXSIWDVUJVMMKM-UHFFFAOYSA-M,,,,,False,103.1,-1.49,60.4,1.0,3.0,3.0,-1.0,C4H7O3-,8.0,True,
CHEMBL4594411,"XENON XE-129, HYPERPOLARIZED",4.0,2022.0,[129Xe],FHNFHKCVQCLJFQ-YPZZEJLDSA-N,,,,,False,128.9,0.0,0.0,0.0,0.0,0.0,0.0,Xe,,False,"F5_pdbqt_fail:atom number 0 has None type, mol name: N"
CHEMBL4594438,LENACAPAVIR,4.0,2022.0,CC(C)(C#Cc1ccc(-c2ccc(Cl)c3c(NS(C)(=O)=O)nn(CC(F)(F)F)c23)c([C@H](Cc2cc(F)cc(F)c2)NC(=O)Cn2nc(C(F)(F)F)c3c2C(F)(F)[C@@H]2C[C@H]32)n1)S(C)(=O)=O,BRYXUCLEHAUSDY-WEWMWRJBSA-N,J05AX31,,,,False,,,,,,,,,,False,F2_mw_968
CHEMBL4594448,IPTACOPAN,4.0,2023.0,CCO[C@H]1CCN(Cc2c(OC)cc(C)c3[nH]ccc23)[C@H](c2ccc(C(=O)O)cc2)C1,RENRQMCACQEWFC-UGKGYDQZSA-N,L04AJ08,,,,False,422.5,4.93,74.8,2.0,4.0,7.0,0.0,C25H30N2O4,16.0,True,
CHEMBL4596392,CRAVACITINIB,4.0,2022.0,CNC(=O)c1nnc(NC(=O)C2CC2)cc1Nc1cccc(-c2ncn(C)n2)c1OC,BZZKEPGENYLQSC-UHFFFAOYSA-N,,,,,False,422.4,1.73,135.9,3.0,8.0,7.0,0.0,C20H22N8O3,14.0,True,
CHEMBL4650215,INAVOLISIB,4.0,2024.0,C[C@H](Nc1ccc2c(c1)OCCn1cc(N3C(=O)OC[C@H]3C(F)F)nc1-2)C(N)=O,SGEUNORSOZVTOL-CABZTGNLSA-N,,,,,False,407.4,1.82,111.7,2.0,6.0,5.0,0.0,C18H19F2N5O4,18.0,True,
CHEMBL4650216,DARIDOREXANT HYDROCHLORIDE,4.0,2022.0,COc1ccc(-n2nccn2)c(C(=O)N2CCC[C@@]2(C)c2nc3c(C)c(Cl)ccc3[nH]2)c1.Cl,HJVGDXBEMFHGKI-BQAIUKQQSA-N,,,,,False,450.9,4.27,88.9,1.0,5.0,4.0,0.0,C23H23ClN6O2,10.0,True,
CHEMBL4650220,ZAVEGEPANT HYDROCHLORIDE,4.0,2023.0,Cc1cc(C[C@@H](NC(=O)N2CCC(c3cc4ccccc4[nH]c3=O)CC2)C(=O)N2CCN(C3CCN(C)CC3)CC2)cc2cn[nH]c12.Cl,VQDUWCSSPSOSNA-RYWNGCACSA-N,,,,,False,638.8,3.45,120.7,3.0,6.0,6.0,0.0,C36H46N8O3,12.0,True,
CHEMBL4650226,ACORAMIDIS HYDROCHLORIDE,4.0,2024.0,Cc1n[nH]c(C)c1CCCOc1cc(C(=O)O)ccc1F.Cl,MGFZEARHINUOMX-UHFFFAOYSA-N,,,,,False,292.3,2.88,75.2,2.0,3.0,6.0,0.0,C15H17FN2O3,14.0,True,
CHEMBL4650272,TRILACICLIB DIHYDROCHLORIDE,4.0,2021.0,CN1CCN(c2ccc(Nc3ncc4cc5n(c4n3)C3(CCCCC3)CNC5=O)nc2)CC1.Cl.Cl,BRCYOXKEDFAUSA-UHFFFAOYSA-N,,,,,False,446.6,2.72,91.2,2.0,7.0,3.0,0.0,C24H30N8O,6.0,True,
CHEMBL4650319,MOBOCERTINIB,4.0,2021.0,C=CC(=O)Nc1cc(Nc2ncc(C(=O)OC(C)C)c(-c3cn(C)c4ccccc34)n2)c(OC)cc1N(C)CCN(C)C,AZSRSNUQCUDCGG-UHFFFAOYSA-N,L01EB10,,,,False,585.7,5.08,113.8,2.0,9.0,12.0,0.0,C32H39N7O4,26.0,True,
CHEMBL4650485,PIRTOBRUTINIB,4.0,2023.0,COc1ccc(F)cc1C(=O)NCc1ccc(-c2nn([C@@H](C)C(F)(F)F)c(N)c2C(N)=O)cc1,FWZAWAUZXYCBKZ-NSHDSACASA-N,L01EL05,,,,False,479.4,3.43,125.3,3.0,5.0,7.0,0.0,C22H21F4N5O3,18.0,True,
CHEMBL4650827,REVUMENIB,4.0,2024.0,CCN(C(=O)c1cc(F)ccc1Oc1cncnc1N1CC2(CCN(C[C@H]3CC[C@H](NS(=O)(=O)CC)CC3)CC2)C1)C(C)C,FRVSRBKUQZKTOW-YOCNBXQISA-N,,,,,False,630.8,4.68,108.0,1.0,8.0,11.0,0.0,C32H47FN6O4S,24.0,True,
CHEMBL4802130,BELUMOSUDIL MESYLATE,4.0,2021.0,CC(C)NC(=O)COc1cccc(-c2nc(Nc3ccc4[nH]ncc4c3)c3ccccc3n2)c1.CS(=O)(=O)O,ILQJXEIRBCHLOM-UHFFFAOYSA-N,,,,,False,452.5,4.82,104.8,3.0,6.0,7.0,0.0,C26H24N6O2,14.0,True,
CHEMBL4802135,NIRMATRELVIR,4.0,2023.0,CC(C)(C)[C@H](NC(=O)C(F)(F)F)C(=O)N1C[C@H]2[C@@H]([C@H]1C(=O)N[C@H](C#N)C[C@@H]1CCNC1=O)C2(C)C,LIENCHBZNNMNKG-OJFNHCPVSA-N,,,,,False,499.5,1.1,131.4,3.0,5.0,6.0,0.0,C23H32F3N5O4,18.0,True,
CHEMBL4802239,MOBOCERTINIB SUCCINATE,4.0,2021.0,C=CC(=O)Nc1cc(Nc2ncc(C(=O)OC(C)C)c(-c3cn(C)c4ccccc34)n2)c(OC)cc1N(C)CCN(C)C.O=C(O)CCC(=O)O,YXYAEUMTJQGKHS-UHFFFAOYSA-N,,,,,False,585.7,5.08,113.8,2.0,9.0,12.0,0.0,C32H39N7O4,26.0,True,
CHEMBL4802240,FOSCARBIDOPA,4.0,2024.0,C[C@@](Cc1ccc(OP(=O)(O)O)c(O)c1)(NN)C(=O)O,PQUZXFMHVSMUNG-JTQLQIEISA-N,,,,,False,306.2,-0.29,162.3,6.0,6.0,6.0,0.0,C10H15N2O7P,22.0,True,
CHEMBL4802249,LENACAPAVIR SODIUM,4.0,2022.0,CC(C)(C#Cc1ccc(-c2ccc(Cl)c3c([N-]S(C)(=O)=O)nn(CC(F)(F)F)c23)c([C@H](Cc2cc(F)cc(F)c2)NC(=O)Cn2nc(C(F)(F)F)c3c2C(F)(F)[C@@H]2C[C@H]32)n1)S(C)(=O)=O.[Na+],SSXPGMNGIORJAQ-PZNXWHLTSA-M,,,,,False,,,,,,,,,,False,F2_mw_967
CHEMBL5095039,GALLIUM GA 68 GOZETOTIDE,4.0,2020.0,O=C([O-])CN(CCN(CC(=O)[O-])Cc1cc(CCC(=O)NCCCCCC(=O)NCCCC[C@H](NC(=O)N[C@@H](CCC(=O)O)C(=O)O)C(=O)O)ccc1[O-])Cc1cc(CCC(=O)O)ccc1[O-].[68Ga+3].[OH3+],ZSLQZWHCPBAGKD-RDIOTIBJSA-K,V09IX14,,,,False,,,,,,,,,,False,F2_mw_943
CHEMBL5095048,AMPHETAMINE ASPARTATE/DEXTROAMPHETAMINE SULFATE,4.0,2015.0,CC(N)Cc1ccccc1.C[C@H](N)Cc1ccccc1.C[C@H](N)Cc1ccccc1.NC(CC(=O)O)C(=O)O.O=S(=O)(O)O,YIAYMVFAILDILU-VSODYHHCSA-N,,,,,False,135.2,1.58,26.0,1.0,1.0,2.0,0.0,C9H13N,6.0,True,
CHEMBL5095049,PACRITINIB CITRATE,4.0,2022.0,C1=C/COCc2cc(ccc2OCCN2CCCC2)Nc2nccc(n2)-c2cccc(c2)COC/1.O=C(O)CC(O)(CC(=O)O)C(=O)O,BAHHBHSHSRTKNK-BJILWQEISA-N,,,,,False,472.6,4.96,68.7,1.0,7.0,4.0,0.0,C28H32N4O3,28.0,True,
CHEMBL5095050,FINGOLIMOD LAURYL SULFATE,4.0,2021.0,CCCCCCCCCCCCOS(=O)(=O)O.CCCCCCCCc1ccc(CCC(N)(CO)CO)cc1,XTLZVNMZICNQBB-UHFFFAOYSA-N,,,,,False,307.5,3.2,66.5,3.0,3.0,12.0,0.0,C19H33NO2,30.0,True,
CHEMBL5095051,VENLAFAXINE BESYLATE,4.0,2022.0,COc1ccc(C(CN(C)C)C2(O)CCCCC2)cc1.O=S(=O)(O)c1ccccc1,PTEFWGKCGCNHDM-UHFFFAOYSA-N,,,,,False,277.4,3.04,32.7,1.0,3.0,5.0,0.0,C17H27NO2,12.0,True,
CHEMBL5095056,BENZGALANTAMINE,4.0,2024.0,COc1ccc2c3c1O[C@H]1C[C@@H](OC(=O)c4ccccc4)C=C[C@@]31CCN(C)C2,JKVNJTYHRABHIY-WXVUKLJWSA-N,,,,,False,391.5,3.72,48.0,0.0,5.0,3.0,0.0,C24H25NO4,16.0,True,
CHEMBL5095401,IPTACOPAN HYDROCHLORIDE,4.0,2023.0,CCO[C@H]1CCN(Cc2c(OC)cc(C)c3[nH]ccc23)[C@H](c2ccc(C(=O)O)cc2)C1.Cl.O,JUWBBUFSAGEROP-VVJLZRNGSA-N,,,,,False,422.5,4.93,74.8,2.0,4.0,7.0,0.0,C25H30N2O4,16.0,True,
CHEMBL5095420,TRIENTINE TETRAHYDROCHLORIDE,4.0,2017.0,Cl.Cl.Cl.Cl.NCCNCCNCCN,OKHMDSCYUWAQPT-UHFFFAOYSA-N,,,,,False,146.2,-1.92,76.1,4.0,4.0,7.0,0.0,C6H18N4,18.0,True,
CHEMBL5095505,AMPHETAMINE/DEXTROAMPHETAMINE,4.0,2015.0,CC(N)Cc1ccccc1.C[C@H](N)Cc1ccccc1.C[C@H](N)Cc1ccccc1,DUKHFSGXIHAISL-QXGOIDDHSA-N,,,,,False,135.2,1.58,26.0,1.0,1.0,2.0,0.0,C9H13N,6.0,True,
CHEMBL5189739,BEROTRALSTAT,4.0,2020.0,N#Cc1cccc([C@@H](NCC2CC2)c2ccc(F)c(NC(=O)c3cc(C(F)(F)F)nn3-c3cccc(CN)c3)c2)c1,UXNXMBYCBRBRFD-MUUNZHRXSA-N,B06AC06,,,,False,562.6,5.7,108.8,3.0,5.0,9.0,0.0,C30H26F4N6O,22.0,True,
CHEMBL5314362,ENTECAVIR,4.0,2005.0,C=C1[C@H](CO)[C@@H](O)C[C@@H]1n1cnc2c(=O)[nH]c(N)nc21.O,YXPVEXCTPGULBZ-WQYNNSOESA-N,J05AF10,Launched,DNA replication inhibitor|nucleoside reverse transcriptase inhibitor,hepatitis B,False,277.3,-0.83,130.0,4.0,6.0,2.0,0.0,C12H15N5O3,8.0,True,
CHEMBL5314365,MONENSIN SODIUM,4.0,,CC[C@@]1([C@H]2O[C@H]([C@H]3O[C@@](O)(CO)[C@H](C)C[C@@H]3C)C[C@H]2C)CC[C@H]([C@@]2(C)CC[C@]3(C[C@H](O)[C@@H](C)[C@@H]([C@H](C)[C@H](OC)[C@@H](C)C(=O)[O-])O3)O2)O1.[Na+],XOIQMTLWECTKJL-PDHYURILSA-M,,,,,False,669.9,2.94,156.2,3.0,11.0,10.0,-1.0,C36H61O11-,26.0,True,
CHEMBL5314366,ESOMEPRAZOLE MAGNESIUM,4.0,2001.0,COc1ccc2[nH]c([S@@+]([O-])Cc3ncc(C)c(OC)c3C)nc2c1.COc1ccc2[nH]c([S@@+]([O-])Cc3ncc(C)c(OC)c3C)nc2c1.O.O.O.[Mg+2],ARGAGMTUBUKMOG-OXLUMUBXSA-N,,,,,False,345.4,2.9,83.1,1.0,5.0,5.0,0.0,C17H19N3O3S,10.0,True,
CHEMBL5314373,"CEFPROZIL, (E)-",4.0,1991.0,C/C=C/C1=C(C(=O)O)N2C(=O)[C@@H](NC(=O)[C@H](N)c3ccc(O)cc3)[C@H]2SC1.O,ALYUMNAHLSSTOU-CIRGZYLNSA-N,J01DC10,,,,False,389.4,0.71,133.0,4.0,6.0,5.0,0.0,C18H19N3O5S,16.0,True,
CHEMBL5314375,CIDOFOVIR,4.0,1996.0,Nc1ccn(C[C@@H](CO)OCP(=O)(O)O)c(=O)n1.O.O,FPKARFMSZDBYQF-ILKKLZGPSA-N,J05AB12,Launched,DNA polymerase inhibitor,acquired immunodeficiency syndrome (AIDS)|cytomegalovirus retinitis,False,279.2,-1.66,147.9,4.0,6.0,6.0,0.0,C8H14N3O6P,18.0,True,
CHEMBL5314378,CASPOFUNGIN ACETATE,4.0,2001.0,CC(=O)O.CC(=O)O.CC[C@H](C)C[C@H](C)CCCCCCCCC(=O)N[C@H]1C[C@@H](O)[C@@H](NCCN)NC(=O)[C@@H]2[C@@H](O)CCN2C(=O)[C@H]([C@H](O)CCN)NC(=O)[C@H]([C@H](O)[C@@H](O)c2ccc(O)cc2)NC(=O)[C@@H]2C[C@@H](O)CN2C(=O)[C@H]([C@@H](C)O)NC1=O,OGUJBRYAAJYXQP-IJFZAWIJSA-N,,,,,False,,,,,,,,,,False,F2_mw_1093
CHEMBL5314588,PERFLUOROHEXYLOCTANE,4.0,2023.0,CCCCCCCCC(F)(F)C(F)(F)C(F)(F)C(F)(F)C(F)(F)C(F)(F)F,WRYIIOKOQSICTB-UHFFFAOYSA-N,,Launched,,,False,432.3,7.48,0.0,0.0,0.0,11.0,0.0,C14H17F13,24.0,True,
CHEMBL5314600,TIRABRUTINIB HYDROCHLORIDE,4.0,2020.0,CC#CC(=O)N1CC[C@@H](n2c(=O)n(-c3ccc(Oc4ccccc4)cc3)c3c(N)ncnc32)C1.Cl,UQYDCIJFACDXSG-GMUIIQOCSA-N,,,,,False,454.5,2.75,108.3,1.0,6.0,4.0,0.0,C25H22N6O3,14.0,True,
CHEMBL5314649,RITLECITINIB TOSYLATE,4.0,2023.0,C=CC(=O)N1C[C@H](Nc2ncnc3[nH]ccc23)CC[C@@H]1C.Cc1ccc(S(=O)(=O)O)cc1,YOZLVAFWYLSRRN-VZXYPILPSA-N,,,,,False,285.4,1.94,73.9,2.0,4.0,3.0,0.0,C15H19N5O,8.0,True,
CHEMBL5314934,VANZACAFTOR,4.0,2024.0,CC1(C)C[C@@H]2CCCNc3cccc(n3)S(=O)(=O)NC(=O)c3ccc(-n4ccc(OCCC5C6(CC6)C56CC6)n4)nc3N1C2,VCSUIBJKYCVWNF-NRFANRHFSA-N,,,,,False,617.8,4.55,131.3,2.0,9.0,5.0,0.0,C32H39N7O4S,26.0,True,
CHEMBL5315049,SITAGLIPTIN FUMARATE,4.0,2021.0,N[C@@H](CC(=O)N1CCn2c(nnc2C(F)(F)F)C1)Cc1cc(F)c(F)cc1F.O=C(O)/C=C\C(=O)O,YRKLLQIZVVYDQY-YLGLLLDBSA-N,,,,,False,407.3,2.02,77.0,1.0,4.0,4.0,0.0,C16H15F6N5O,14.0,True,
CHEMBL5315053,PEMETREXED MONOHYDRATE,4.0,2016.0,Nc1nc2[nH]cc(CCc3ccc(C(=O)N[C@@H](CCC(=O)O)C(=O)O)cc3)c2c(=O)[nH]1.O,NBNBOZLBWLNZHB-ZOWNYOTGSA-N,,,,,False,427.4,0.67,191.3,6.0,6.0,9.0,0.0,C20H21N5O6,22.0,True,
CHEMBL5315054,ERTUGLIFLOZIN PIDOLATE,4.0,2017.0,CCOc1ccc(Cc2cc([C@]34OC[C@](CO)(O3)[C@@H](O)[C@H](O)[C@H]4O)ccc2Cl)cc1.O=C1CC[C@@H](C(=O)O)N1,YHIUPZFKHZTLSH-LXYIGGQGSA-N,,,,,False,436.9,1.36,108.6,4.0,7.0,6.0,0.0,C22H25ClO7,20.0,True,
CHEMBL5315055,NALMEFENE HYDROCHLORIDE DIHYDRATE,4.0,2013.0,C=C1CC[C@@]2(O)[C@H]3Cc4ccc(O)c5c4[C@@]2(CCN3CC2CC2)[C@H]1O5.Cl.O.O,XOBQQQVDLSMXCE-JVRGSUDVSA-N,,,,,False,339.4,2.51,52.9,2.0,4.0,2.0,0.0,C21H25NO3,8.0,True,
CHEMBL5315056,NALOXONE HYDROCHLORIDE DIHYDRATE,4.0,2017.0,C=CCN1CC[C@]23c4c5ccc(O)c4O[C@H]2C(=O)CC[C@@]3(O)[C@H]1C5.Cl.O.O,TXMZWEASFRBVKY-IOQDSZRYSA-N,,,,,False,327.4,1.3,70.0,2.0,5.0,2.0,0.0,C19H21NO4,8.0,True,
CHEMBL5315117,ZANAMIVIR HYDRATE,4.0,2019.0,CC(=O)N[C@H]1[C@H]([C@H](O)[C@H](O)CO)OC(C(=O)O)=C[C@@H]1NC(=N)N.O,OELRRAURPSTFEX-VCFRRRQNSA-N,,,,,False,332.3,-3.58,198.2,8.0,7.0,6.0,0.0,C12H20N4O7,20.0,True,
CHEMBL5315118,ILOPROST TROMETHAMINE,4.0,2003.0,CC#CCC(C)[C@H](O)/C=C/[C@@H]1[C@H]2C/C(=C/CCCC(=O)O)C[C@H]2C[C@H]1O.NC(CO)(CO)CO,KZSSWXACMCYLBM-RMWNCEGRSA-N,,,,,False,360.5,3.54,77.8,3.0,3.0,8.0,0.0,C22H32O4,24.0,True,
CHEMBL5315119,UPADACITINIB HEMIHYDRATE,4.0,2019.0,CC[C@@H]1CN(C(=O)NCC(F)(F)F)C[C@@H]1c1cnc2cnc3[nH]ccc3n12.CC[C@@H]1CN(C(=O)NCC(F)(F)F)C[C@@H]1c1cnc2cnc3[nH]ccc3n12.O,GJMQTRCDSIQEFK-SCDRJROZSA-N,,,,,False,380.4,2.91,78.3,2.0,3.0,3.0,0.0,C17H19F3N6O,10.0,True,
CHEMBL5315120,ODEVIXIBAT SESQUIHYDRATE,4.0,2021.0,CCCCC1(CCCC)CN(c2ccccc2)c2cc(SC)c(OCC(=O)N[C@@H](C(=O)N[C@@H](CC)C(=O)O)c3ccc(O)cc3)cc2S(=O)(=O)N1.CCCCC1(CCCC)CN(c2ccccc2)c2cc(SC)c(OCC(=O)N[C@@H](C(=O)N[C@@H](CC)C(=O)O)c3ccc(O)cc3)cc2S(=O)(=O)N1.O.O.O,UIYFGCAQGONAMU-ZHQCGWDOSA-N,,,,,False,740.9,5.88,174.4,5.0,9.0,17.0,0.0,C37H48N4O8S2,48.0,True,
CHEMBL5315121,TECOVIRIMAT MONOHYDRATE,4.0,2018.0,O.O=C(NN1C(=O)[C@@H]2[C@@H]3C=C[C@@H]([C@H]4C[C@@H]34)[C@@H]2C1=O)c1ccc(C(F)(F)F)cc1,QRHXYGPOQKLBJP-NPIFKJBVSA-N,,,,,False,376.3,2.4,66.5,1.0,3.0,2.0,0.0,C19H15F3N2O3,6.0,True,
CHEMBL5315122,BORTEZOMIB D-MANNITOL,4.0,2003.0,CC(C)C[C@H](NC(=O)[C@H](Cc1ccccc1)NC(=O)c1cnccn1)B1O[C@H]([C@H](O)CO)[C@@H]([C@H](O)CO)O1,QDMRNLRJDHCHLB-DNNBANOASA-N,,,,,False,530.4,-1.13,183.4,6.0,10.0,13.0,0.0,C25H35BN4O8,34.0,True,
CHEMBL5315124,LEVOFLOXACIN,4.0,1996.0,C[C@H]1COc2c(N3CCN(C)CC3)c(F)cc3c(=O)c(C(=O)O)cn1c23.C[C@H]1COc2c(N3CCN(C)CC3)c(F)cc3c(=O)c(C(=O)O)cn1c23.O,SUIQUYDRLGGZOL-RCWTXCDDSA-N,J01MA12;S01AE05,Launched,bacterial DNA gyrase inhibitor,pneumonia|sinusitis|bronchitis|skin infections|prostatitis|urinary tract infections|pyelonephritis|anthrax|plague,False,361.4,1.54,75.0,1.0,5.0,2.0,0.0,C18H20FN3O4,6.0,True,
CHEMBL5315125,DUVELISIB MONOHYDRATE,4.0,2018.0,C[C@H](Nc1ncnc2nc[nH]c12)c1cc2cccc(Cl)c2c(=O)n1-c1ccccc1.O,FQLHRUBTGKTKPZ-ZOWNYOTGSA-N,,,,,False,416.9,4.48,88.5,2.0,5.0,4.0,0.0,C22H17ClN6O,8.0,True,
CHEMBL5416410,DASATINIB,4.0,2006.0,Cc1nc(Nc2ncc(C(=O)Nc3c(C)cccc3Cl)s2)cc(N2CCN(CCO)CC2)n1.O,XHXFZZNHDVTMLI-UHFFFAOYSA-N,,Launched,Bcr-Abl kinase inhibitor|ephrin inhibitor|KIT inhibitor|PDGFR tyrosine kinase receptor inhibitor|SRC inhibitor|tyrosine kinase inhibitor,chronic myeloid leukemia (CML)|acute lymphoblastic leukemia (ALL),False,488.0,3.31,106.5,3.0,9.0,7.0,0.0,C22H26ClN7O2S,16.0,True,
CHEMBL5483015,ARSENIC TRIOXIDE,4.0,2000.0,O=[As][As+](=O)[O-],MOQADKPFYVWPSE-UHFFFAOYSA-N,L01XX27,,,,False,197.8,-2.19,57.2,0.0,3.0,1.0,0.0,As2O3,,False,"F5_pdbqt_fail:atom number 1 has None type, mol name: N"
CHEMBL5723563,ELIGLUSTAT TARTRATE,4.0,2014.0,CCCCCCCC(=O)N[C@H](CN1CCCC1)[C@H](O)c1ccc2c(c1)OCCO2.CCCCCCCC(=O)N[C@H](CN1CCCC1)[C@H](O)c1ccc2c(c1)OCCO2.O=C(O)[C@H](O)[C@@H](O)C(=O)O,KUBARPMUNHKBIQ-VTHUDJRQSA-N,,,,,False,404.6,3.43,71.0,2.0,5.0,11.0,0.0,C23H36N2O4,24.0,True,
CHEMBL6067642,CODEINE PHOSPHATE,4.0,1952.0,COc1ccc2c3c1O[C@H]1[C@@H](O)C=C[C@H]4[C@@H](C2)N(C)CC[C@@]341.COc1ccc2c3c1O[C@H]1[C@@H](O)C=C[C@H]4[C@@H](C2)N(C)CC[C@@]341.O.O=P(O)(O)O.O=P(O)(O)O,DKSZLDSPXIWGFO-BLOJGBSASA-N,,,,,False,299.4,1.5,41.9,1.0,4.0,1.0,0.0,C18H21NO3,4.0,True,
CHEMBL6067650,PAROXETINE HYDROCHLORIDE,4.0,1992.0,Cl.Cl.Fc1ccc([C@@H]2CCNC[C@H]2COc2ccc3c(c2)OCO3)cc1.Fc1ccc([C@@H]2CCNC[C@H]2COc2ccc3c(c2)OCO3)cc1.O,MQZOATSIFWSKKT-OASXIEIISA-N,,,,,False,329.4,3.33,39.7,1.0,4.0,4.0,0.0,C19H20FNO3,8.0,True,
CHEMBL6067656,CEFTRIAXONE SODIUM,4.0,1984.0,CO/N=C(\C(=O)N[C@@H]1C(=O)N2C(C(=O)[O-])=C(CSc3nc(=O)c([O-])nn3C)CS[C@H]12)c1csc(N)n1.CO/N=C(\C(=O)N[C@@H]1C(=O)N2C(C(=O)[O-])=C(CSc3nc(=O)c([O-])nn3C)CS[C@H]12)c1csc(N)n1.O.O.O.O.O.O.O.[Na+].[Na+].[Na+].[Na+],KTAVBOYXMBQFGR-MAODNAKNSA-J,,,,,False,552.6,-3.17,220.9,2.0,15.0,8.0,-2.0,C18H16N8O7S3-2,18.0,True,
CHEMBL6067972,VARENICLINE TARTRATE,4.0,2006.0,O=C(O)[C@H](O)[C@@H](O)C(=O)O.c1cnc2cc3c(cc2n1)[C@@H]1CNC[C@H]3C1,TWYFGYXQSYOKLK-CYUSMAIQSA-N,,,,,False,211.3,1.8,37.8,1.0,3.0,0.0,0.0,C13H13N3,0.0,True,
CHEMBL6067988,RASAGILINE TARTRATE,4.0,2016.0,C#CCN[C@@H]1CCc2ccccc21.C#CCN[C@@H]1CCc2ccccc21.O=C(O)[C@H](O)[C@@H](O)C(=O)O,YGKHOZXCTLKSLJ-KHAGDFGNSA-N,,,,,False,171.2,1.9,12.0,1.0,1.0,2.0,0.0,C12H13N,4.0,True,
CHEMBL6067995,BEROTRALSTAT HYDROCHLORIDE,4.0,2020.0,Cl.Cl.N#Cc1cccc([C@@H](NCC2CC2)c2ccc(F)c(NC(=O)c3cc(C(F)(F)F)nn3-c3cccc(CN)c3)c2)c1,XFZLBLTUANGZBD-QDSLRZTOSA-N,,,,,False,562.6,5.7,108.8,3.0,5.0,9.0,0.0,C30H26F4N6O,22.0,True,
CHEMBL6067998,LASOFOXIFENE TARTRATE,4.0,2009.0,O=C(O)C(O)C(O)C(=O)O.Oc1ccc2c(c1)CC[C@H](c1ccccc1)[C@@H]2c1ccc(OCCN2CCCC2)cc1,INEHJXCWEVNEDZ-HBYDGSNJSA-N,,,,,False,413.6,5.73,32.7,1.0,3.0,6.0,0.0,C28H31NO2,14.0,True,
CHEMBL6068327,ACETYLCYSTEINE LYSINE,4.0,2024.0,CC(=O)N[C@@H](CS)C(=O)O.NCCCC[C@H](N)C(=O)O,YLCSLYZPLGQZJS-VDQHJUMDSA-N,,,,,False,146.2,-0.47,89.3,3.0,3.0,5.0,0.0,C6H14N2O2,16.0,True,
CHEMBL6068328,ELTROMBOPAG CHOLINE,4.0,2023.0,CC1=NN(c2ccc(C)c(C)c2)C(=O)/C1=N\Nc1cccc(-c2cccc(C(=O)[O-])c2)c1O.C[N+](C)(C)CCO,XSHFVAAXJHNDKZ-OUFJFOJPSA-M,,,,,False,441.5,3.23,117.4,2.0,7.0,5.0,-1.0,C25H21N4O4-,12.0,True,
CHEMBL6068329,PEMETREXED DIPOTASSIUM,4.0,2024.0,Nc1nc2[nH]cc(CCc3ccc(C(=O)N[C@@H](CCC(=O)[O-])C(=O)[O-])cc3)c2c(=O)[nH]1.[K+].[K+],YQABXEMTTPRASZ-GXKRWWSZSA-L,,,,,False,425.4,-2.0,196.9,4.0,8.0,9.0,-2.0,C20H19N5O6-2,18.0,True,
CHEMBL6068332,TENOFOVIR DISOPROXIL MALEATE,4.0,2016.0,CC(C)OC(=O)OCOP(=O)(CO[C@H](C)Cn1cnc2c(N)ncnc21)OCOC(=O)OC(C)C.O=C(O)/C=C\C(=O)O,VCMJCVGFSROFHV-VIEYUMQNSA-N,,,,,False,519.4,3.04,185.4,1.0,14.0,13.0,0.0,C19H30N5O10P,36.0,True,
CHEMBL6068333,CLOPIDOGREL BESILATE,4.0,2009.0,COC(=O)[C@H](c1ccccc1Cl)N1CCc2sccc2C1.O=S(=O)(O)c1ccccc1,CUZIJKLLBDXNFV-RSAXXLAASA-N,,,,,False,321.8,3.67,29.5,0.0,4.0,3.0,0.0,C16H16ClNO2S,8.0,True,
CHEMBL6068334,SITAGLIPTIN HYDROCHLORIDE MONOHYDRATE,4.0,2022.0,Cl.N[C@@H](CC(=O)N1CCn2c(nnc2C(F)(F)F)C1)Cc1cc(F)c(F)cc1F.O,YPULIQLVSSZRST-KLQYNRQASA-N,,,,,False,407.3,2.02,77.0,1.0,4.0,4.0,0.0,C16H15F6N5O,14.0,True,
CHEMBL6068335,PEMETREXED DISODIUM HEMIPENTAHYDRATE,4.0,2015.0,Nc1nc2[nH]cc(CCc3ccc(C(=O)N[C@@H](CCC(=O)[O-])C(=O)[O-])cc3)c2c(=O)[nH]1.Nc1nc2[nH]cc(CCc3ccc(C(=O)N[C@@H](CCC(=O)[O-])C(=O)[O-])cc3)c2c(=O)[nH]1.O.O.O.O.O.[Na+].[Na+].[Na+].[Na+],ZCTCZKWJFTYNMZ-WKUCUCPSSA-J,,,,,False,425.4,-2.0,196.9,4.0,8.0,9.0,-2.0,C20H19N5O6-2,18.0,True,
CHEMBL6068336,MOMELOTINIB DIHYDROCHLORIDE MONOHYDRATE,4.0,2024.0,Cl.Cl.N#CCNC(=O)c1ccc(-c2ccnc(Nc3ccc(N4CCOCC4)cc3)n2)cc1.O,RQKCPSIFARJBOR-UHFFFAOYSA-N,,,,,False,414.5,2.98,103.2,2.0,7.0,6.0,0.0,C23H22N6O2,12.0,True,
CHEMBL6068337,LENALIDOMIDE HYDROCHLORIDE MONOHYDRATE,4.0,2021.0,Cl.Nc1cccc2c1CN(C1CCC(=O)NC1=O)C2=O.O,NEUSAGZHGGOOIV-UHFFFAOYSA-N,,,,,False,259.3,0.03,92.5,2.0,4.0,1.0,0.0,C13H13N3O3,4.0,True,
CHEMBL6068338,CLOPIDOGREL HYDROCHLORIDE,4.0,2009.0,COC(=O)[C@H](c1ccccc1Cl)N1CCc2sccc2C1.Cl,XIHVAFJSGWDBGA-RSAXXLAASA-N,,,,,False,321.8,3.67,29.5,0.0,4.0,3.0,0.0,C16H16ClNO2S,8.0,True,
CHEMBL6068339,IRBESARTAN HYDROCHLORIDE,4.0,2008.0,CCCCC1=NC2(CCCC2)C(=O)N1Cc1ccc(-c2ccccc2-c2nnn[nH]2)cc1.Cl,ZUYFSRQJPNUOQU-UHFFFAOYSA-N,,,,,False,428.5,4.78,87.1,1.0,5.0,7.0,0.0,C25H28N6O,14.0,True,
CHEMBL6068340,PRASUGREL BESYLATE,4.0,2018.0,CC(=O)Oc1cc2c(s1)CCN(C(C(=O)C1CC1)c1ccccc1F)C2.O=S(=O)(O)c1ccccc1,UFXQKLQPHZRPDV-UHFFFAOYSA-N,,,,,False,373.4,3.89,46.6,0.0,5.0,5.0,0.0,C20H20FNO3S,12.0,True,
CHEMBL6068341,TENOFOVIR DISOPROXIL PHOSPHATE,4.0,2016.0,CC(C)OC(=O)OCOP(=O)(CO[C@H](C)Cn1cnc2c(N)ncnc21)OCOC(=O)OC(C)C.O=P(O)(O)O,DJCLNKKHALBVLK-PFEQFJNWSA-N,,,,,False,519.4,3.04,185.4,1.0,14.0,13.0,0.0,C19H30N5O10P,36.0,True,
CHEMBL6068343,CLOPIDOGREL HYDROBROMIDE,4.0,2011.0,Br.COC(=O)[C@H](c1ccccc1Cl)N1CCc2sccc2C1,QKLHYWAZTQRTBR-RSAXXLAASA-N,,,,,False,321.8,3.67,29.5,0.0,4.0,3.0,0.0,C16H16ClNO2S,8.0,True,
CHEMBL6068395,REVUMENIB CITRATE,4.0,2024.0,CCN(C(=O)c1cc(F)ccc1Oc1cncnc1N1CC2(CCN(C[C@H]3CC[C@H](NS(=O)(=O)CC)CC3)CC2)C1)C(C)C.O.O=C(O)CC(O)(CC(=O)O)C(=O)O,UBXFWTFPYATLBT-SGBGZXBGSA-N,,,,,False,630.8,4.68,108.0,1.0,8.0,11.0,0.0,C32H47FN6O4S,24.0,True,
CHEMBL6068400,GIVINOSTAT HYDROCHLORIDE,4.0,2024.0,CCN(CC)Cc1ccc2cc(COC(=O)Nc3ccc(C(=O)NO)cc3)ccc2c1.Cl.O,FKGKZBBDJSKCIS-UHFFFAOYSA-N,,,,,False,421.5,4.55,90.9,3.0,5.0,8.0,0.0,C24H27N3O4,20.0,True,
CHEMBL6068423,ESTETROL,4.0,2021.0,C[C@]12CC[C@@H]3c4ccc(O)cc4CC[C@H]3[C@@H]1[C@@H](O)[C@@H](O)[C@@H]2O.O,XRJNAPXFAXBPAM-BVTDNVAGSA-N,,Phase 3,selective estrogen receptor modulator (SERM),,False,304.4,1.55,80.9,4.0,4.0,0.0,0.0,C18H24O4,8.0,True,
CHEMBL6068431,BENZGALANTAMINE GLUCONATE,4.0,2024.0,COc1ccc2c3c1O[C@H]1C[C@@H](OC(=O)c4ccccc4)C=C[C@@]31CCN(C)C2.O=C(O)C(O)C(O)C(O)C(O)CO,YOMFDYFCNHSIAU-VXYIJGMPSA-N,,,,,False,391.5,3.72,48.0,0.0,5.0,3.0,0.0,C24H25NO4,16.0,True,
CHEMBL6068478,LAZERTINIB MESYLATE,4.0,2024.0,C=CC(=O)Nc1cc(Nc2nccc(-n3cc(CN(C)C)c(-c4ccccc4)n3)n2)c(OC)cc1N1CCOCC1.CS(=O)(=O)O.O,ZJPNGZUERUYZEG-UHFFFAOYSA-N,,,,,False,554.7,4.1,109.7,2.0,9.0,10.0,0.0,C30H34N8O3,20.0,True,
