chembl_id,pref_name,atc,drh_indication,drh_moa,pain_prior,cns_prior
CHEMBL2,PRAZOSIN,C02CA01,hypertension,adrenergic receptor antagonist,False,True
CHEMBL3,NICOTINE,N07BA01,smoking cessation,acetylcholine receptor agonist,False,True
CHEMBL4,OFLOXACIN,J01MA01;S02AA16;S01AE01,respiratory tract infections|sinusitis|skin infections|bone and joint infections|intra-abdominal infections|diarrhea|fever|urinary tract infections,bacterial DNA gyrase inhibitor,False,False
CHEMBL5,NALIDIXIC ACID,J01MB02,,,False,False
CHEMBL6,INDOMETHACIN,C01EB03;M02AA23;M01AB51;S01BC01;M01AB01,rheumatoid arthritis|ankylosing spondylitis|osteoarthritis|bursitis|tendinitis,cyclooxygenase inhibitor,False,False
CHEMBL403,SULBACTAM,J01CG01,skin infections|intra-abdominal infections|gynecologic infections,beta lactamase inhibitor,False,False
CHEMBL404,TAZOBACTAM,J01CG02,pneumonia,beta lactamase inhibitor,False,False
CHEMBL8,CIPROFLOXACIN,J01MA02;S03AA07;S01AE03;S02AA15,otitis,bacterial DNA gyrase inhibitor,False,False
CHEMBL9,NORFLOXACIN,J01MA06;S01AE02,urinary tract infections|gonorrhea|prostatitis,bacterial DNA gyrase inhibitor,False,False
CHEMBL405,AMPHETAMINE,N06BA01,,,False,True
CHEMBL6622,ISOSORBIDE DINITRATE,C05AE02;C01DA08;C01DA58,,,False,False
CHEMBL6437,MIANSERIN,N06AX03,depression,serotonin receptor antagonist,False,True
CHEMBL11,IMIPRAMINE,N06AA02,depression|nocturnal enuresis,norepinephrine reputake inhibitor|serotonin reuptake inhibitor,False,True
CHEMBL406,INDAPAMIDE,C03BA11,hypertension|congestive heart failure,thiazide diuretic,False,False
CHEMBL407,FLUMAZENIL,V03AB25,sedative,benzodiazepine receptor antagonist,False,True
CHEMBL408,TROGLITAZONE,A10BG01,,insulin sensitizer|PPAR receptor agonist,False,False
CHEMBL409,BICALUTAMIDE,L02BB03,prostate cancer,androgen receptor antagonist,False,False
CHEMBL12,DIAZEPAM,N05BA01,,,True,True
CHEMBL13,METOPROLOL,C07AB02,hypertension|angina pectoris|myocardial infarction,adrenergic receptor antagonist,False,True
CHEMBL411,DIETHYLSTILBESTROL,G03CB02;G03CC05;L02AA01,,estrogen receptor agonist,False,False
CHEMBL267936,MECAMYLAMINE,C02BB01,hypertension,acetylcholine receptor antagonist,False,True
CHEMBL14,CARBACHOL,N07AB01;S01EB02,intraocular pressure,cholinergic receptor agonist,False,True
CHEMBL16,PHENYTOIN,N03AB02;N03AB52,seizures,hydantoin antiepileptic,True,True
CHEMBL269732,TACROLIMUS ANHYDROUS,,,,False,False
CHEMBL415,CLOMIPRAMINE,N06AA04,obsessive compulsive disorder (OCD),serotonin transporter (SERT) inhibitor,False,True
CHEMBL416,METHOXSALEN,D05BA02;D05AD02,psoriasis,DNA synthesis inhibitor,False,False
CHEMBL17,DICHLORPHENAMIDE,S01EC02,,,False,False
CHEMBL18,ETHOXZOLAMIDE,,glaucoma|duodenal ulcer disease,carbonic anhydrase inhibitor,False,False
CHEMBL417,EPIRUBICIN,L01DB03,breast cancer,topoisomerase inhibitor,False,False
CHEMBL19,METHAZOLAMIDE,S01EC05,glaucoma|intraocular pressure,carbonic anhydrase inhibitor,False,False
CHEMBL20,ACETAZOLAMIDE,S01EC01,glaucoma,carbonic anhydrase inhibitor,False,False
CHEMBL419,MAFENIDE,D06BA03,first-aid antibiotic|skin infections,carbonic anhydrase inhibitor,False,False
CHEMBL21,SULFANILAMIDE,D06BA05;J01EB06,vulvovaginal candidiasis,carbonic anhydrase inhibitor,False,False
CHEMBL420,GUANABENZ,,,,False,False
CHEMBL22,TRIMETHOPRIM,J01EA01,urinary tract infections|ear infections|diarrhea,dihydrofolate reductase inhibitor,False,False
CHEMBL6966,VERAPAMIL,C08DA01;C08DA51,hypertension,calcium channel blocker,False,True
CHEMBL421,SULFASALAZINE,A07EC01,ulcerative colitis,cyclooxygenase inhibitor,False,False
CHEMBL6466,COUMARIN,,ulcerative colitis|asthma|celiac disease,vitamin K antagonist,False,False
CHEMBL23,DILTIAZEM,C05AE03;C08DB01,hypertension|angina pectoris,calcium channel blocker,False,True
CHEMBL24,ATENOLOL,C07AB03,,,False,False
CHEMBL25,ASPIRIN,B01AC06;N02BA01;N02BA51;A01AD05;N02BA71,headache|fever|toothache|muscle pain,cyclooxygenase inhibitor,False,True
CHEMBL422,TRIFLUOPERAZINE,N05AB06,schizophrenia,dopamine receptor antagonist,False,True
CHEMBL26,SULPIRIDE,N05AL01,schizophrenia,dopamine receptor antagonist,False,True
CHEMBL423,BETAXOLOL,S01ED52;C07AB05;S01ED02,intraocular pressure|glaucoma|ocular hypertension,adrenergic receptor antagonist,False,True
CHEMBL424,SALICYLIC ACID,S01BC08;D01AE12,,,False,False
CHEMBL425,OLSALAZINE,A07EC03,ulcerative colitis,cyclooxygenase inhibitor,False,False
CHEMBL27,PROPRANOLOL,C07AA05,hypertension|angina pectoris|migraine headache,adrenergic receptor antagonist,False,True
CHEMBL6995,PRACTOLOL,C07AB01,,adrenergic receptor antagonist,False,True
CHEMBL427,MECHLORETHAMINE,L01AA05,,,False,False
CHEMBL29,PENICILLIN G,J01CE01;S01AA14,,,False,False
CHEMBL428,TROVAFLOXACIN,J01MA13,,bacterial DNA gyrase inhibitor,False,False
CHEMBL30,CIMETIDINE,A02BA51;A02BA01,duodenal ulcer disease|peptic ulcer disease (PUD)|gastroesophageal reflux disease (GERD)|aggressive systemic mastocytosis (ASM)|Zollinger-Ellison syndrome|endocrine adenoma,histamine receptor antagonist,False,True
CHEMBL31,GATIFLOXACIN,S01AE06;J01MA16,,bacterial DNA gyrase inhibitor,False,False
CHEMBL429,LABETALOL,C07AG01,hypertension,adrenergic receptor antagonist,False,True
CHEMBL32,MOXIFLOXACIN,J01MA14;S01AE07,sinusitis|bronchitis|pneumonia|skin infections|intra-abdominal infections,bacterial DNA gyrase inhibitor,False,False
CHEMBL33,LEVOFLOXACIN ANHYDROUS,,,,False,False
CHEMBL430,GEMIFLOXACIN,J01MA15,bronchitis|pneumonia,bacterial DNA gyrase inhibitor,False,False
CHEMBL431,SPIRAPRIL,C09AA11,,,False,False
CHEMBL433,VALPROATE SODIUM,,,,False,False
CHEMBL434,ISOPROTERENOL,C01CA02;R03CB51;R03AB02;R03CB01,,,False,False
CHEMBL435,HYDROCHLOROTHIAZIDE,C03AX01;C03AA03,hypertension|congestive heart failure,thiazide diuretic,False,False
CHEMBL35,FUROSEMIDE,C03CA01,edema|hypertension|congestive heart failure|nephrotic syndrome,diuretic,False,False
CHEMBL36,PYRIMETHAMINE,P01BD01;P01BD51,malaria,dihydrofolate reductase inhibitor,False,False
CHEMBL436,TOLRESTAT,A10XA01,,aldose reductase inhibitor,False,False
CHEMBL437,SULFATHIAZOLE,D06BA02;J01EB07,gram-negative bacterial infections|gram-positive bacterial infections,dihydropteroate synthase inhibitor,False,False
CHEMBL438,SULFAMERAZINE,D06BA06;J01ED07,coccidiosis|cholera,bacterial antifolate,False,False
CHEMBL439,SULFADIAZINE,J01EC02,malaria|meningitis|urinary tract infections|conjunctivitis|trachoma|chancroid,bacterial antifolate,False,False
CHEMBL440,THIAMYLAL,,sedative,glutamate receptor antagonist,False,True
CHEMBL441,THIOPENTAL,N01AF03;N05CA19,anesthetic,GABA receptor antagonist,False,True
CHEMBL268164,CYCLOBARBITAL,N05CA10,,,False,True
CHEMBL442,ERGOTAMINE,N02CA72;N02CA02;N02CA52,migraine headache,adrenergic receptor antagonist,False,True
CHEMBL38,TRETINOIN,D10AD51;L01XF01;D10AD01,acute promyelocytic leukemia (APL),retinoid receptor agonist|retinoid receptor ligand,False,False
CHEMBL7413,METHOHEXITAL,N01AF01;N05CA15,,,False,False
CHEMBL40,PHENOBARBITAL,N03AA02,,,False,True
CHEMBL41,FLUOXETINE,N06AB03,depression|obsessive compulsive disorder (OCD)|bulimia nervosa|panic disorders|bipolar disorder,selective serotonin reuptake inhibitor (SSRI),False,True
CHEMBL443,SULFAMETHOXAZOLE,J01EC01,pneumonia|enteritis|urinary tract infections,PABA antagonist,False,False
CHEMBL444,BARBITAL,N05CA04,,,False,True
CHEMBL42,CLOZAPINE,N05AH02,schizophrenia,dopamine receptor antagonist|serotonin receptor antagonist,False,True
CHEMBL445,NORTRIPTYLINE,N06AA10,depression,tricyclic antidepressant,True,True
CHEMBL446,SULFAMETHAZINE,J01EB03,enteritis,PABA antagonist,False,False
CHEMBL447,SECOBARBITAL,N05CA06,,,False,True
CHEMBL448,PENTOBARBITAL,N05CA01,,,False,True
CHEMBL7568,QUINACRINE,P01AX05,,,False,False
CHEMBL267894,AMOBARBITAL,N05CA02,,,False,True
CHEMBL7728,HEXOBARBITAL,N01AF02;N05CA16,,,False,False
CHEMBL449,BUTABARBITAL,,,,False,False
CHEMBL7863,APROBARBITAL,N05CA05,,,False,True
CHEMBL450,METHARBITAL,N03AA30,epilepsy,GABA receptor modulator,False,True
CHEMBL451,CHLORDIAZEPOXIDE,N05BA02,,,False,True
CHEMBL266349,MELAGATRAN,B01AE04,,,False,False
CHEMBL452,CLONAZEPAM,N03AE01,,,True,True
CHEMBL453,SULFISOXAZOLE,J01EB05;S01AB02,,,False,False
CHEMBL268869,SULFAMETHOXYPYRIDAZINE,J01ED05,,bacterial antifolate,False,False
CHEMBL454,BUTALBITAL,,headache|muscle relaxant,GABA receptor antagonist,False,True
CHEMBL455,SULFACETAMIDE,S01AB04;D10AF06,conjunctivitis,PABA antagonist,False,False
CHEMBL43,AMSACRINE,L01XX01,acute lymphoblastic leukemia (ALL),topoisomerase inhibitor,False,False
CHEMBL456,ETHACRYNIC ACID,C03CC01,,,False,False
CHEMBL267744,TICRYNAFEN,C03CC02,,,False,False
CHEMBL457,GEMFIBROZIL,C10AB04,hyperlipidemia|coronary heart disease,lipoprotein lipase activator,False,False
CHEMBL45,MELATONIN,N05CH01,sleep cycle support,melatonin receptor agonist|nitric oxide synthase inhibitor,False,True
CHEMBL46,ONDANSETRON,A04AA01,nausea|vomiting,serotonin receptor antagonist,False,True
CHEMBL49,BUSPIRONE,N05BE01,generalized anxiety disorder (GAD),serotonin receptor agonist,False,True
CHEMBL51,KETANSERIN,C02KD01,hypertension,serotonin receptor antagonist,False,True
CHEMBL459,METHYLDOPA,C02AB01,hypertension,adrenergic receptor agonist,False,True
CHEMBL460,MOLINDONE,N05AE02,schizophrenia,dopamine receptor antagonist,False,True
CHEMBL53,APOMORPHINE,N04BC07;G04BE07,,,False,False
CHEMBL54,HALOPERIDOL,N05AD01,schizophrenia|Tourette's disorder,dopamine receptor antagonist,False,True
CHEMBL55,PENTAMIDINE,,pneumonia,anti-pneumocystis agent,False,False
CHEMBL463,AMINOHIPPURIC ACID,V04CH30,,,False,False
CHEMBL464,ETRETINATE,D05BB01,,protein synthesis inhibitor,False,False
CHEMBL57,NEVIRAPINE,J05AG01,human immunodeficiency virus (HIV-1),non-nucleoside reverse transcriptase inhibitor,False,False
CHEMBL465,DRONABINOL,A04AD10,,,True,True
CHEMBL58,MITOXANTRONE,L01DB07,multiple sclerosis|prostate cancer|acute myeloid leukemia (AML),topoisomerase inhibitor,False,False
CHEMBL59,DOPAMINE,C01CA04,ventricular arrhythmias|depression|headache|tremors,dopamine receptor agonist,False,True
CHEMBL61,PODOFILOX,D06BB04,,,False,False
CHEMBL64,ISONIAZID,J04AC51;J04AC01,tuberculosis,FABI inhibitor,False,False
CHEMBL468,THALIDOMIDE,L04AX02,myeloma,tumor necrosis factor production inhibitor,False,False
CHEMBL469,KETOROLAC,S01BC05;M01AB15,pain relief,cyclooxygenase inhibitor,False,True
CHEMBL471,SOTALOL,C07AA07,atrial fibrillation (AF)|ventricular arrhythmias,adrenergic receptor antagonist,False,True
CHEMBL472,GLYBURIDE,A10BB01,diabetes mellitus|hyperglycemia,ATP channel blocker|insulin secretagogue|sulfonylurea,False,False
CHEMBL9225,HEXESTROL,,hypoestrogenism,synthetic estrogen,False,False
CHEMBL473,DOFETILIDE,C01BD04,,potassium channel blocker,False,True
CHEMBL476,DACARBAZINE,L01AX04,melanoma|Hodgkin's lymphoma,DNA alkylating agent,False,False
CHEMBL477,ADENOSINE,C01EB10,Wolff-Parkinson-White Syndrome (WPW),adenosine receptor agonist,False,True
CHEMBL479,THIORIDAZINE,N05AC02,,dopamine receptor antagonist,False,True
CHEMBL480,LANSOPRAZOLE,A02BC03;A02BC53,heartburn,ATPase inhibitor,False,False
CHEMBL481,IRINOTECAN,L01CE02,colorectal cancer,topoisomerase inhibitor,False,False
CHEMBL70,MORPHINE,N02AA51;A07DA52;N02AA01,,,True,True
CHEMBL485,CODEINE,N02AA59;N02AA79;R05DA04,,,False,True
CHEMBL71,CHLORPROMAZINE,N05AA01,schizophrenia|nausea|vomiting|acute intermittent porphyria (AIP)|tetanus,dopamine receptor antagonist,False,True
CHEMBL72,DESIPRAMINE,N06AA01,depression,tricyclic antidepressant,False,True
CHEMBL488,AMINOGLUTETHIMIDE,L02BG01,Cushing's syndrome|breast cancer,glucocorticoid receptor antagonist,False,False
CHEMBL74,CROMOLYN SODIUM,,,,False,False
CHEMBL76,CHLOROQUINE,P01BA01,malaria|amebiasis,antimalarial agent,False,False
CHEMBL490,PAROXETINE,N06AB05,depression|obsessive compulsive disorder (OCD)|generalized anxiety disorder (GAD)|panic disorders|posttraumatic stress disorder|social anxiety disorder,selective serotonin reuptake inhibitor (SSRI),False,True
CHEMBL416146,ETORICOXIB,M01AH05,rheumatoid arthritis|psoriatic arthritis|osteoarthritis|gout|ankylosing spondylitis,cyclooxygenase inhibitor,False,False
CHEMBL79,LIDOCAINE,R02AD02;D04AB01;N01BB02;S01HA07;C01BB01;N01BB52;S02DA01;C05AD01,itching|eczema|hemorrhage,histamine receptor agonist,True,True
CHEMBL9967,PIRENZEPINE,A02BX03,peptic ulcer disease (PUD),acetylcholine receptor antagonist,False,True
CHEMBL492,ETIDOCAINE,N01BB57;N01BB07,,,False,False
CHEMBL80,NALOXONE,A06AH04;V03AB15,respiratory depression,opioid receptor antagonist,False,True
CHEMBL81,RALOXIFENE,G03XC01,osteoporosis|breast cancer,estrogen receptor antagonist|selective estrogen receptor modulator (SERM),False,False
CHEMBL83,TAMOXIFEN,L02BA01,breast cancer,estrogen receptor antagonist|selective estrogen receptor modulator (SERM),False,False
CHEMBL493,BROMOCRIPTINE,G02CB01;N04BC01,hyperprolactinemia|Parkinson's Disease|acromegaly,dopamine receptor agonist,False,True
CHEMBL494,ILOPROST,B01AC11,pulmonary arterial hypertension (PAH),platelet aggregation inhibitor|prostanoid receptor agonist,False,False
CHEMBL84,TOPOTECAN,L01CE01,small cell lung cancer|cervical cancer,topoisomerase inhibitor,False,False
CHEMBL85,RISPERIDONE,N05AX08,schizophrenia|bipolar disorder|irritability,dopamine receptor antagonist|serotonin receptor antagonist,False,True
CHEMBL428880,CROMOLYN,R03BC01;R01AC01;A07EB01;D11AH03;R01AC51;S01GX01;S01GX51,,,False,False
CHEMBL86,METOCLOPRAMIDE,A03FA01,gastroparesis|nausea|vomiting,dopamine receptor antagonist|serotonin receptor antagonist,False,True
CHEMBL428647,PACLITAXEL,L01CD01,ovarian cancer|breast cancer|non-small cell lung cancer (NSCLC),tubulin polymerization inhibitor,False,False
CHEMBL495,ALPROSTADIL,G04BE01;C01EA01,congenital heart defects,prostanoid receptor agonist,False,False
CHEMBL496,HEXACHLOROPHENE,D08AE01,gram-positive bacterial infections,potassium channel activator,False,True
CHEMBL497,CLIOQUINOL,D09AA10;P01AA02;P01AA52;S02AA05;G01AC02;D08AH30,,chelating agent,False,False
CHEMBL10878,AGOMELATINE,N06AX22,depression,melatonin receptor agonist|serotonin receptor antagonist,False,True
CHEMBL88,CYCLOPHOSPHAMIDE ANHYDROUS,,,,False,False
CHEMBL498,CHLORPROPAMIDE,A10BB02,diabetes mellitus,ATP channel blocker,False,False
CHEMBL499,TIMOLOL,C07AA06;S01ED51;S01ED01,ocular hypertension|glaucoma,adrenergic receptor antagonist,False,True
CHEMBL500,PINDOLOL,C07AA03,hypertension,adrenergic receptor antagonist,False,True
CHEMBL276832,HYDRALAZINE,C02DB02,hypertension,vasodilator,False,False
CHEMBL501,AMPHETAMINE SULFATE,,,,False,False
CHEMBL90,HISTAMINE,,allergic rhinitis,histamine receptor agonist,False,True
CHEMBL91,MICONAZOLE,G01AF04;S02AA13;J02AB01;A01AB09;D01AC52;A07AC01;D01AC02,yeast infection|itching,bacterial cell wall synthesis inhibitor,False,False
CHEMBL92,DOCETAXEL ANHYDROUS,,,,False,False
CHEMBL93,ZILEUTON,,asthma,leukotriene synthesis inhibitor|lipoxygenase inhibitor,False,False
CHEMBL94,PHYSOSTIGMINE,S01EB05;V03AB19,hypotension|Alzheimer's disease|glaucoma|gastroparesis,acetylcholinesterase inhibitor|cholinesterase inhibitor,False,True
CHEMBL95,TACRINE,N06DA01,Alzheimer's disease,acetylcholinesterase inhibitor,False,True
CHEMBL502,DONEPEZIL,N06DA02,Alzheimer's disease,acetylcholinesterase inhibitor,True,True
CHEMBL503,LOVASTATIN,C10AA02,coronary heart disease|myocardial infarction|hypercholesterolemia,HMGCR inhibitor,False,False
CHEMBL11662,OZAGREL,,stroke,thromboxane synthase inhibitor,False,False
CHEMBL12610,BENZYDAMINE,G02CC03;M01AX07;M02AA05;A01AD02;R02AX03,mouth inflammation|throat inflammation,prostanoid receptor antagonist,False,False
CHEMBL269644,ACETANILIDE,,,hydrogen peroxide decomposition inhibitor,False,False
CHEMBL505,CHLORPHENIRAMINE,R06AB54;R06AB04,,,False,False
CHEMBL506,PRIMAQUINE,P01BA03,malaria,antimalarial agent|DNA inhibitor,False,False
CHEMBL509,MECLOFENAMIC ACID,M01AG04;M02AA18,,,False,False
CHEMBL511,PYRILAMINE,R06AC01;D04AA02,,,False,False
CHEMBL12713,SERTINDOLE,N05AE03,,dopamine receptor antagonist|serotonin receptor antagonist,False,True
CHEMBL513,CARMUSTINE,L01AD01,non-Hodgkin lymphoma (NHL)|Hodgkin's lymphoma|multiple myeloma|glioblastoma|brainstem glioma|medulloblastoma|astrocytoma|ependymoma,DNA alkylating agent|DNA inhibitor,False,False
CHEMBL514,LOMUSTINE,L01AD02,Hodgkin's lymphoma|brain tumors,DNA synthesis inhibitor,False,False
CHEMBL515,CHLORAMBUCIL,L01AA02,chronic lymphocytic leukemia (CLL)|Hodgkin's lymphoma,DNA inhibitor,False,False
CHEMBL516,CYPROHEPTADINE,R06AX02,allergic rhinitis|vasomotor rhinitis|conjunctivitis|urticaria|dermatographism,histamine receptor antagonist,False,True
CHEMBL12856,INAMRINONE,C01CE01,,,False,False
CHEMBL517,DISOPYRAMIDE,C01BA03,ventricular tachycardia (VT)|ventricular arrhythmias,sodium channel blocker,False,True
CHEMBL98,VORINOSTAT,L01XH01,cutaneous T-cell lymphoma (CTCL),HDAC inhibitor,False,False
CHEMBL521,IBUPROFEN,G02CC01;M01AE51;M02AA13;R02AX02;C01EB16;M01AE01,headache|muscle pain|rheumatoid arthritis|backache|common cold|menstrual pain|fever|toothache,cyclooxygenase inhibitor,True,True
CHEMBL13376,CLOMETACIN,,,,False,False
CHEMBL13280,FLUNITRAZEPAM,N05CD03,,,False,True
CHEMBL13209,NITRAZEPAM,N05CD02,,,False,True
CHEMBL524,METHOXAMINE,C01CA10,hypotension,adrenergic receptor agonist,False,True
CHEMBL526,PROPOFOL,N01AX10,anesthetic,benzodiazepine receptor agonist,True,True
CHEMBL527,PIROXICAM,M01AC01;M02AA07;S01BC06,osteoarthritis|rheumatoid arthritis,cyclooxygenase inhibitor,False,False
CHEMBL528,CEFTIZOXIME,J01DD07,,,False,False
CHEMBL101,PHENYLBUTAZONE,M01AA01;M02AA01,,cyclooxygenase inhibitor|prostanoid receptor antagonist,False,False
CHEMBL529,AZITHROMYCIN,J01FA10;S01AA26,pelvic inflammatory disease|pneumonia,bacterial 50S ribosomal subunit inhibitor,False,False
CHEMBL530,AMDINOCILLIN,J01CA11,urinary tract infections|gram-negative bacterial infections,bacterial cell wall synthesis inhibitor,False,False
CHEMBL531,PERGOLIDE,N04BC02,,dopamine receptor agonist,False,True
CHEMBL532,ERYTHROMYCIN,S01AA17;J01FA01;D10AF02;D10AF52,listeria|respiratory tract infections|skin infections|syphilis|amebiasis|pelvic inflammatory disease|chlamydia|diphtheria|erythrasma,NFkB pathway inhibitor,False,False
CHEMBL533,IBUTILIDE,C01BD05,atrial fibrillation (AF),potassium channel blocker,False,True
CHEMBL103,PROGESTERONE,G03DA04,infertility|amenorrhea,progesterone receptor agonist,False,False
CHEMBL534,KETOTIFEN,R06AX17;S01GX08,itching,histamine receptor agonist|leukotriene receptor antagonist|phosphodiesterase inhibitor,False,True
CHEMBL535,SUNITINIB,L01EX01,gastrointestinal stromal tumors (GIST)|renal cell carcinoma (RCC)|neuroendocrine tumors of pancreatic origin (PNET),FLT3 inhibitor|KIT inhibitor|PDGFR tyrosine kinase receptor inhibitor|RET tyrosine kinase inhibitor|VEGFR inhibitor,False,False
CHEMBL537,HYDROQUINONE,D11AX11,dyschromia,melanin inhibitor,False,False
CHEMBL544,MEQUINOL,D11AX06,skin depigmentation,,False,False
CHEMBL104,CLOTRIMAZOLE,A01AB18;G01AF02;D01AC01,vulvovaginal candidiasis|oropharyngeal candidiasis,cytochrome P450 inhibitor|imidazoline receptor ligand,False,False
CHEMBL105,MITOMYCIN,L01DC03,,,False,False
CHEMBL546,OXPRENOLOL,C07AA02,angina pectoris|hypertension|cardiac arrythmia,adrenergic receptor antagonist,False,True
CHEMBL106,FLUCONAZOLE,J02AC01;D01AC15,esophageal candidiasis|meningitis,sterol demethylase inhibitor,False,False
CHEMBL547,ISOTRETINOIN,D10BA01;D10AD54;D10AD04,acne vulgaris (AV),retinoid receptor agonist,False,False
CHEMBL14376,ILOPERIDONE,N05AX14,schizophrenia,dopamine receptor antagonist|serotonin receptor antagonist,False,True
CHEMBL548,DINOPROSTONE,G02AD02,,prostanoid receptor agonist,False,False
CHEMBL278020,NEOSTIGMINE,S01EB06;N07AA01;N07AA51,myasthenia gravis,acetylcholinesterase inhibitor,False,True
CHEMBL14370,REBOXETINE,N06AX18,depression,adrenergic receptor antagonist,False,True
CHEMBL549,CITALOPRAM,N06AB04,depression,selective serotonin reuptake inhibitor (SSRI),False,True
CHEMBL550,PILOCARPINE,N07AX01;S01EB01;S01EB51,glaucoma|hypertension,acetylcholine receptor agonist,False,True
CHEMBL107,COLCHICINE,M04AC01,gout|fever,microtubule inhibitor,False,False
CHEMBL553,ERLOTINIB,L01EB02,non-small cell lung cancer (NSCLC)|pancreatic cancer,EGFR inhibitor,False,False
CHEMBL554,LAPATINIB,L01EH01,breast cancer,EGFR inhibitor,False,False
CHEMBL15023,TRIFLUPERIDOL,N05AD02,,,False,True
CHEMBL108,CARBAMAZEPINE,N03AF01,seizures,carboxamide antiepileptic,True,True
CHEMBL109,VALPROIC ACID,N03AG01,,,True,True
CHEMBL277100,TEMAFLOXACIN,J01MA05,,,False,False
CHEMBL110,BENZNIDAZOLE,P01CA02,Chagas disease,DNA synthesis inhibitor,False,False
CHEMBL558,MEXILETINE,C01BB02,ventricular arrhythmias|ventricular tachycardia (VT),sodium channel blocker,True,True
CHEMBL559,DEXTROTHYROXINE,C10AX01,,,False,False
CHEMBL111,RIMONABANT,A08AX01,,cannabinoid receptor antagonist,False,True
CHEMBL273575,NOMIFENSINE,N06AX04,,dopamine reuptake inhibitor|noradrenaline uptake inhibitor,False,True
CHEMBL561,LOMEFLOXACIN,J01MA07;S01AE04,respiratory tract infections|urinary tract infections,bacterial DNA gyrase inhibitor,False,False
CHEMBL562,GRISEOFULVIN,D01AA08;D01BA01,ringworm|tinea pedis,tubulin polymerization inhibitor,False,False
CHEMBL563,FLURBIPROFEN,M02AA19;S01BC04;M01AE09;R02AX01,,,False,False
CHEMBL564,PROMAZINE,N05AA03,schizophrenia,dopamine receptor antagonist,False,True
CHEMBL565,CLOFIBRATE,C10AB01,hyperlipidemia|cholesterol,PPAR receptor agonist,False,False
CHEMBL112,ACETAMINOPHEN,N02BE51;N02BE01;N02BE71,,,False,True
CHEMBL113,CAFFEINE,N06BC01;D11AX26,fatigue|drowsiness,adenosine receptor antagonist|phosphodiesterase inhibitor,False,True
CHEMBL16073,PHENACETIN,N02BE53;N02BE03;N02BE73,,cyclooxygenase inhibitor,False,True
CHEMBL567,PERPHENAZINE,N05AB03,schizophrenia|nausea|vomiting,dopamine receptor antagonist,False,True
CHEMBL568,OXAZEPAM,N05BA04,,,False,True
CHEMBL15770,SULINDAC,M01AB02,osteoarthritis|rheumatoid arthritis|ankylosing spondylitis,cyclooxygenase inhibitor,False,False
CHEMBL15677,FENCLOFENAC,,,,False,False
CHEMBL276520,INDALPINE,,,selective serotonin reuptake inhibitor (SSRI),False,True
CHEMBL569,PROCAINE,N01BA52;N01BA02;S01HA05;C05AD05,anesthetic,HMGCR inhibitor,False,True
CHEMBL570,TRIFLUPROMAZINE,N05AA05,psychosis|nausea|vomiting,dopamine receptor antagonist,False,True
CHEMBL571,KETOPROFEN,M01AE53;M01AE03;M02AA10,rheumatoid arthritis|osteoarthritis,cyclooxygenase inhibitor,False,False
CHEMBL572,NITROFURANTOIN,J01XE01;J01XE51,urinary tract infections|pyelonephritis,DNA inhibitor,False,False
CHEMBL15870,INDOPROFEN,M01AE10,,cyclooxygenase inhibitor|prostanoid receptor antagonist,False,False
CHEMBL15891,LINDANE,P03AB02,scabies,,False,False
CHEMBL573,NIACIN,C10AD02;C04AC01;C10AD52,hypertriglyceridemia,NAD precursor|vitamin B,False,False
CHEMBL575,METHICILLIN,J01CF03,gram-negative bacterial infections|gram-positive bacterial infections,bacterial cell wall synthesis inhibitor,False,False
CHEMBL16080,TRICHLOROETHANE,,,,False,False
CHEMBL577,ENALAPRILAT ANHYDROUS,,,,False,False
CHEMBL578,ENALAPRIL,C09AA02,hypertension|congestive heart failure|left ventricular systolic dysfunction (LVSD),angiotensin converting enzyme inhibitor,False,False
CHEMBL580,LORAZEPAM,N05BA56;N05BA06,,,False,True
CHEMBL277062,BROMAZEPAM,N05BA08,,,False,True
CHEMBL277535,BIFONAZOLE,D01AC10;D01AC60,tinea pedis|tinea cruris,sterol demethylase inhibitor,False,False
CHEMBL583,GREPAFLOXACIN,J01MA11,,,False,False
CHEMBL114,SAQUINAVIR,J05AE01,human immunodeficiency virus (HIV-1),HIV protease inhibitor,False,False
CHEMBL115,INDINAVIR ANHYDROUS,,,,False,False
CHEMBL584,NELFINAVIR,J05AE04,human immunodeficiency virus (HIV-1),HIV protease inhibitor,False,False
CHEMBL116,AMPRENAVIR,J05AE05,human immunodeficiency virus (HIV-1),HIV protease inhibitor,False,False
CHEMBL585,TRIAMTERENE,C03DB02,hypokalemia|hypertension|edema,sodium channel blocker,False,True
CHEMBL16476,PRONETALOL,,,,False,False
CHEMBL118,CELECOXIB,M01AH01;L01XX33,osteoarthritis|rheumatoid arthritis|ankylosing spondylitis|primary dysmenorrhea (PD),cyclooxygenase inhibitor,True,True
CHEMBL119,TRIMETREXATE,P01AX07,,dihydrofolate reductase inhibitor,False,False
CHEMBL588,FENOLDOPAM,C01CA19,hypertension,dopamine receptor agonist,False,True
CHEMBL589,ROPINIROLE,N04BC04,Parkinson's Disease|restless leg syndrome,dopamine receptor agonist,False,True
CHEMBL590,MENADIONE,B02BA02,ulcerative colitis|diarrhea|headache|varicose veins|rheumatoid arthritis,mitochondrial DNA polymerase inhibitor|phosphatase inhibitor,False,False
CHEMBL591,ETHCHLORVYNOL,N05CM08,,,False,True
CHEMBL17157,TERFENADINE,R06AX12,,histamine receptor antagonist,False,True
CHEMBL592,LEVORPHANOL,,,,False,False
CHEMBL593,DELAVIRDINE,J05AG02,human immunodeficiency virus (HIV-1),non-nucleoside reverse transcriptase inhibitor,False,False
CHEMBL594,EMEDASTINE,S01GX06,conjunctivitis,histamine receptor antagonist,False,True
CHEMBL595,PIOGLITAZONE,A10BG03,diabetes mellitus,insulin sensitizer|PPAR receptor agonist,False,False
CHEMBL596,FENTANYL,N02AB03;N01AH01;N01AH51,,,True,True
CHEMBL121,ROSIGLITAZONE,A10BG02,,insulin sensitizer|PPAR receptor agonist,False,False
CHEMBL17879,MARALIXIBAT CHLORIDE,A05AX04,,,False,False
CHEMBL17860,LOFEXIDINE,N07BC04,opioid withdrawal,adrenergic receptor agonist,False,True
CHEMBL597,PHENTOLAMINE,C04AB01;V03AB36,pheochromocytoma|hypertension,adrenergic receptor antagonist,False,True
CHEMBL18442,PLERIXAFOR,L03AX16,non-Hodgkin lymphoma (NHL)|multiple myeloma,CC chemokine receptor antagonist,False,False
CHEMBL18116,TOLOXATONE,N06AG03,depression,monoamine oxidase inhibitor,False,True
CHEMBL599,MELOXICAM,M01AC56;M01AC06,osteoarthritis|rheumatoid arthritis,cyclooxygenase inhibitor,False,False
CHEMBL600,ACETYLCYSTEINE,R05CB01;S01XA08;V03AB23,acetaminophen overdose|hepatic injury,mucolytic agent,False,False
CHEMBL601,AMINOLEVULINIC ACID,L01XD04,,,False,False
CHEMBL19019,NALTREXONE,N07BB04,abstinence from alcohol,opioid receptor antagonist,True,True
CHEMBL603,ZAFIRLUKAST,R03DC01,asthma,leukotriene receptor antagonist,False,False
CHEMBL276568,"CEFPROZIL ANHYDROUS, (E)-",,,,False,False
CHEMBL122,ROFECOXIB,M01AH02,,cyclooxygenase inhibitor,False,False
CHEMBL19236,MOXONIDINE,C02AC05,hypertension,imidazoline receptor agonist,False,False
CHEMBL605,PROCAINAMIDE HYDROCHLORIDE,,,,False,False
CHEMBL606,MISOPROSTOL,G02AD06;A02BB01,duodenal ulcer disease,prostanoid receptor agonist,False,False
CHEMBL278623,MACIMORELIN,V04CD06,,,False,False
CHEMBL607,MEPERIDINE,N02AB52;N02AB02;N02AB72,,,False,True
CHEMBL282052,METHAQUALONE,N05CM01;N05CX02,,,False,True
CHEMBL608,PROBUCOL,C10AX02,coronary artery disease (CAD),atherogenesis inhibitor,False,False
CHEMBL19299,LOXOPROFEN,M01AE19;M02AA31,pain relief,cyclooxygenase inhibitor|prostanoid receptor antagonist,False,True
CHEMBL609,TRIENTINE,A16AX12,Wilson's disease,chelating agent,False,False
CHEMBL19490,ZOMEPIRAC,M01AB04,,prostaglandin synthesis inhibitor,False,False
CHEMBL611,TERAZOSIN,G04CA03,benign prostatic hyperplasia (BPH)|hypertension,adrenergic receptor antagonist,False,True
CHEMBL19393,LEVAMFETAMINE,,,,False,False
CHEMBL612,DEXTROAMPHETAMINE,N06BA02,,,False,True
CHEMBL282724,SITAXENTAN,C02KX03,,endothelin receptor antagonist,False,False
CHEMBL614,PYRAZINAMIDE,J04AK01,tuberculosis,fatty acid synthase inhibitor,False,False
CHEMBL19449,IBUDILAST,R03DC04,asthma|stroke,leukotriene receptor antagonist|phosphodiesterase inhibitor,False,False
CHEMBL282042,SAQUINAVIR MESYLATE,,,,False,False
CHEMBL20883,TEGAFUR,L01BC03;L01BC53,,,False,False
CHEMBL615,PENICILLIN V,J01CE02,,,False,False
CHEMBL617,CEPHALOTHIN,J01DB03,skin infections|surgical prophylaxis,bacterial cell wall synthesis inhibitor,False,False
CHEMBL125,MILTEFOSINE,P01CX04,leishmaniasis,membrane integrity inhibitor,False,False
CHEMBL126,LINEZOLID,J01XX08,pneumonia|skin infections,bacterial 50S ribosomal subunit inhibitor,False,False
CHEMBL620,CLIDINIUM,,peptic ulcer disease (PUD)|irritable bowel syndrome|enterocolitis,acetylcholine receptor antagonist,False,True
CHEMBL127,MEROPENEM,J01DH02,skin infections|intra-abdominal infections|meningitis,bacterial cell wall synthesis inhibitor,False,False
CHEMBL621,TRAZODONE,N06AX05,depression,adrenergic receptor antagonist|serotonin receptor antagonist|serotonin reuptake inhibitor,False,True
CHEMBL622,ETODOLAC,M01AB08,osteoarthritis|rheumatoid arthritis,cyclooxygenase inhibitor,False,False
CHEMBL21333,PRANLUKAST,R03DC02,bronchospasm|asthma,leukotriene receptor antagonist,False,False
CHEMBL623,NEFAZODONE,N06AX06,,adrenergic inhibitor|norepinephrine reuptake inhibitor|serotonin receptor antagonist|serotonin reuptake inhibitor,False,True
CHEMBL625,THIABENDAZOLE,D01AC06;P02CA02,,,False,False
CHEMBL21536,XANOMELINE,,,acetylcholine receptor agonist,False,True
CHEMBL626,NAFTIFINE,D01AE22,tinea pedis|tinea cruris|tinea corporis,fungal squalene epoxidase inhibitor,False,False
CHEMBL22097,LORMETAZEPAM,N05CD06,,,False,True
CHEMBL628,PENTOXIFYLLINE,C04AD03,claudication,phosphodiesterase inhibitor,True,True
CHEMBL629,AMITRIPTYLINE,N06AA09,depression,norepinephrine inhibitor|norepinephrine reuptake inhibitor|serotonin receptor antagonist|serotonin–norepinephrine reuptake inhibitor (SNRI),True,True
CHEMBL21869,DIBROMSALAN,,,,False,False
CHEMBL24944,TRIBROMSALAN,,,,False,False
CHEMBL128,SUMATRIPTAN,N02CC01,migraine headache,serotonin receptor agonist,True,True
CHEMBL631,PROPAFENONE,C01BC03,atrial fibrillation (AF)|ventricular tachycardia (VT)|ventricular arrhythmias,antiarrhythmic,False,False
CHEMBL632,BETAMETHASONE,D07AC01;D07XC01;H02AB01;S02BA07;S01CB04;S03BA03;R03BA04;S01BA06;A07EA04;R01AD06;C05AA05,corticosteroid-responsive dermatoses,glucocorticoid receptor agonist,False,False
CHEMBL633,AMIODARONE,C01BD01,ventricular arrhythmias,potassium channel blocker,False,True
CHEMBL634,ALFENTANIL,N01AH02,,,False,False
CHEMBL635,PREDNISONE,A07EA03;H02AB07,congenital adrenal hyperplasia|hypercalcemia|rheumatoid arthritis|psoriatic arthritis|ankylosing spondylitis|bursitis|osteoarthritis|epicondylitis|dermatomyositis|psoriasis|mycosis|conjunctivitis|anemia|ulcerative colitis|enteritis|multiple sclerosis|meningitis,glucocorticoid receptor agonist,False,False
CHEMBL636,RIVASTIGMINE,N06DA03,Alzheimer's disease|Parkinson's Disease|senile dementia,acetylcholinesterase inhibitor,False,True
CHEMBL637,VENLAFAXINE,N06AX16,depression|generalized anxiety disorder (GAD)|panic disorders|social anxiety disorder,adrenergic inhibitor|norepinephrine reuptake inhibitor|serotonin–norepinephrine reuptake inhibitor (SNRI),True,True
CHEMBL129,ZIDOVUDINE,J05AF01,human immunodeficiency virus (HIV-1)|acquired immunodeficiency syndrome (AIDS),nucleoside reverse transcriptase inhibitor,False,False
CHEMBL638,VORICONAZOLE,J02AC03,esophageal candidiasis|aspergillosis|skin infections,cytochrome P450 inhibitor,False,False
CHEMBL639,AZELASTINE,R01AC03;R06AX19;S01GX07,conjunctivitis,histamine receptor antagonist,False,True
CHEMBL130,CHLORAMPHENICOL,S01AA01;S03AA08;D06AX02;G01AA05;S02AA01;D10AF03;J01BA01,meningitis|fever|cholera,bacterial 50S ribosomal subunit inhibitor,False,False
CHEMBL640,PROCAINAMIDE,C01BA02,ventricular arrhythmias|ventricular tachycardia (VT),sodium channel blocker,False,True
CHEMBL641,ATOMOXETINE,N06BA09,attention-deficit/hyperactivity disorder (ADHD),norepinephrine transporter inhibitor,False,True
CHEMBL642,ACEBUTOLOL,C07AB04,hypertension|ventricular arrhythmias,adrenergic receptor antagonist,False,True
CHEMBL643,PROMETHAZINE,R06AD52;D04AA10;R06AD02,sedative|allergic rhinitis,histamine receptor antagonist,False,True
CHEMBL131,PREDNISOLONE,S02BA03;D07XA02;R01AD02;A01AC04;D07AA03;R01AD52;C05AA04;S03BA02;A07EA01;H02AB06;A01AC54;S01BA04;S01CB02,conjunctivitis|rosacea|punctate keratitis|shingles|iritis|cyclitis,glucocorticoid receptor agonist,True,True
CHEMBL644,TRIMIPRAMINE,N06AA06,depression,norepinephrine reputake inhibitor|tricyclic antidepressant,False,True
CHEMBL645,BISOPROLOL,C07AB07,hypertension,adrenergic receptor antagonist,False,True
CHEMBL646,TRIAZOLAM,N05CD05,,,False,True
CHEMBL647,APRACLONIDINE,S01EA03,glaucoma|intraocular pressure,adrenergic receptor agonist,False,True
CHEMBL648,CYCLIZINE,R06AE53;R06AE03,nausea|vomiting|vertigo|motion sickness,histamine receptor modulator,False,True
CHEMBL434394,NEBIVOLOL,C07AB12,hypertension,adrenergic receptor antagonist,False,True
CHEMBL650,METHYLPREDNISOLONE,H02BX01;D07AA01;D10AA02;H02AB04,hypercalcemia|thyroiditis|ankylosing spondylitis|bursitis|osteoarthritis|psoriatic arthritis|seborrheic dermatitis|mycosis|allergic rhinitis|psoriasis|anemia|multiple sclerosis|ulcerative colitis|enteritis,glucocorticoid receptor agonist,False,False
CHEMBL651,METHADONE,N02AC52;N07BC02,,,True,True
CHEMBL652,FLECAINIDE,C01BC04,ventricular tachycardia (VT)|atrial fibrillation (AF)|ventricular arrhythmias,sodium channel blocker,False,True
CHEMBL134,CLONIDINE,C02AC01;N02CX02;S01EA04,hypertension|attention-deficit/hyperactivity disorder (ADHD),adrenergic receptor agonist,True,True
CHEMBL654,MIRTAZAPINE,N06AX11,depression,adrenergic receptor antagonist|serotonin receptor antagonist,False,True
CHEMBL655,MIDAZOLAM,N05CD08,,,True,True
CHEMBL22242,REMOXIPRIDE,N05AL04,,dopamine receptor antagonist,False,True
CHEMBL656,OXYCODONE,N02AA05,,,True,True
CHEMBL135,ESTRADIOL,G03CA03,contraceptive,estrogen receptor agonist,False,False
CHEMBL657,DIPHENHYDRAMINE,D04AA32;R06AA52;R06AA02,headache,histamine receptor antagonist,False,True
CHEMBL658,SUFENTANIL,N01AH03,,,True,True
CHEMBL659,GALANTAMINE,N06DA04,senile dementia,acetylcholinesterase inhibitor,False,True
CHEMBL660,AMANTADINE,N04BB01,influenza A virus infection|Parkinson's Disease,glutamate receptor antagonist,False,True
CHEMBL661,ALPRAZOLAM,N05BA12,,,False,True
CHEMBL21731,MAPROTILINE,N06AA21,depression|dysthymic disorder,norepinephrine reputake inhibitor|tricyclic antidepressant,False,True
CHEMBL666,FOSCARNET,J05AD01,cytomegalovirus retinitis|acquired immunodeficiency syndrome (AIDS)|virus herpes simplex (HSV),DNA polymerase inhibitor,False,False
CHEMBL667,ACETYLCHOLINE,S01EB09,drowsiness|fatigue|headache|indigestion|chest congestion,acetylcholine receptor agonist,False,True
CHEMBL137,METRONIDAZOLE,D06BX01;P01AB51;G01AF01;A01AB17;P01AB01;J01XD01,rosacea,DNA inhibitor,False,False
CHEMBL668,PROTRIPTYLINE,N06AA11,depression,tricyclic antidepressant,False,True
CHEMBL669,CYCLOBENZAPRINE,M03BX08,spasms,adrenergic receptor agonist|serotonin receptor agonist,False,True
CHEMBL671,THIOTEPA,L01AC01,breast cancer|ovarian cancer|bladder cancer,cytochrome P450 inhibitor,False,False
CHEMBL672,FENOFIBRATE,C10AB05,hypercholesterolemia|hypertriglyceridemia,PPAR receptor agonist,False,False
CHEMBL673,PARGYLINE,C02KC01,hypertension,monoamine oxidase inhibitor,False,True
CHEMBL25105,HEXAMIDINE,R02AA18;R01AX07;S01AX08;D08AC04;S03AA05,,,False,False
CHEMBL675,ALENDRONATE SODIUM,,,,False,False
CHEMBL677,LEVONORDEFRIN,,hemorrhage,vasodilator,False,False
CHEMBL679,EPINEPHRINE,R03AA01;S01EA51;R01AA14;B02BC09;S01EA01;A01AD01;C01CA24;R03AK01,cardiac arrest|anaphylactic shock|asthma,adrenergic receptor agonist|carbonic anhydrase activator|neurotransmitter,False,True
CHEMBL680,CEFACLOR ANHYDROUS,,,,False,False
CHEMBL681,ETOMIDATE,N01AX07,general anaesthetic,GABA receptor modulator,False,True
CHEMBL682,AMODIAQUINE,P01BA06,malaria,histamine receptor agonist,False,True
CHEMBL684,DIETHYLCARBAMAZINE,P02CB02,filariasis,lipoxygenase inhibitor,False,False
CHEMBL685,MEBENDAZOLE,P02CA51;P02CA01,pinworm|whipworm|hookworm|ascariasis,tubulin polymerization inhibitor,False,False
CHEMBL139,DICLOFENAC,M01AB55;S01BC03;D11AX18;M01AB05;M02AA15,rheumatoid arthritis|osteoarthritis|migraine headache,cyclooxygenase inhibitor,True,True
CHEMBL686,MEFENAMIC ACID,M01AG01,,,False,False
CHEMBL688,FENTANYL CITRATE,,,,False,False
CHEMBL689,MANNITOL,B05CX04;B05BC01;A06AD16;R05CB16;V04CX04,,,False,False
CHEMBL690,PRAVASTATIN SODIUM,,,,False,False
CHEMBL24072,PRENYLAMINE,C01DX02;C01DX52,,calcium channel blocker,False,True
CHEMBL691,ETHINYL ESTRADIOL,L02AA03;G03CA01,,,False,False
CHEMBL695,TRIMETHADIONE,N03AC02,seizures,oxazolidine antiepileptic,False,True
CHEMBL696,ETHOSUXIMIDE,N03AD51;N03AD01,epilepsy,succinimide antiepileptic,False,True
CHEMBL697,METHSUXIMIDE,N03AD03,seizures,T-type calcium channel blocker,False,True
CHEMBL698,TETRACAINE,C05AD02;D04AB06;S01HA03;N01BA03,anesthetic,membrane integrity inhibitor,False,True
CHEMBL24441,BETAHISTINE,N07CA01,Meniere's disease,histamine receptor agonist|histamine receptor antagonist,False,True
CHEMBL700,SULFAPYRIDINE,J01EB04,gram-negative bacterial infections|gram-positive bacterial infections,PABA antagonist,False,False
CHEMBL701,BACLOFEN,M03BX01,multiple sclerosis|spasms,benzodiazepine receptor agonist,True,True
CHEMBL702,PIPERACILLIN,J01CA12,intra-abdominal infections|skin infections|pelvic inflammatory disease|pneumonia,bacterial cell wall synthesis inhibitor,False,False
CHEMBL703,SUXAMETHONIUM,M03AB01,,,False,False
CHEMBL704,MESALAMINE,A07EC02,,,False,False
CHEMBL705,ALITRETINOIN,D11AH04;L01XF02,,,False,False
CHEMBL706,CETYL ALCOHOL,,,,False,False
CHEMBL24778,SILODOSIN,G04CA04,benign prostatic hyperplasia (BPH),adrenergic receptor antagonist,False,True
CHEMBL707,DOXAZOSIN,C02CA04,benign prostatic hyperplasia (BPH)|hypertension,adrenergic receptor antagonist,False,True
CHEMBL279516,INDORAMIN,C02CA02,benign prostatic hyperplasia (BPH)|hypertension,adrenergic receptor antagonist,False,True
CHEMBL24828,VANDETANIB,L01EX04,medullary thyroid cancer (MTC),EGFR inhibitor|RET tyrosine kinase inhibitor|VEGFR inhibitor,False,False
CHEMBL278819,MINAPRINE,N06AX07,,serotonin reuptake inhibitor,False,True
CHEMBL25202,TAMIBAROTENE,,acute promyelocytic leukemia (APL),retinoid receptor agonist,False,False
CHEMBL708,ZIPRASIDONE,N05AE04,schizophrenia|bipolar disorder,dopamine receptor antagonist|serotonin receptor antagonist,False,True
CHEMBL709,ALFUZOSIN,G04CA01,benign prostatic hyperplasia (BPH),adrenergic receptor antagonist,False,True
CHEMBL710,FINASTERIDE,G04CB01;D11AX10,androgenetic alopecia,5 alpha reductase inhibitor,False,False
CHEMBL711,PHENINDIONE,B01AA02,deep vein thrombosis (DVT),vitamin K antagonist,False,False
CHEMBL712,ANISINDIONE,,deep vein thrombosis (DVT),vitamin K antagonist,False,False
CHEMBL24924,FLUINDIONE,B01AA12,,,False,False
CHEMBL713,ENTECAVIR ANHYDROUS,,,,False,False
CHEMBL141,LAMIVUDINE,J05AF05,human immunodeficiency virus (HIV-1)|acquired immunodeficiency syndrome (AIDS)|hepatitis B,nucleoside reverse transcriptase inhibitor,False,False
CHEMBL714,ALBUTEROL,R03AC02;R03CC02,asthma,adrenergic receptor agonist,False,True
CHEMBL715,OLANZAPINE,N05AH03,schizophrenia|bipolar disorder,dopamine receptor antagonist|serotonin receptor antagonist,False,True
CHEMBL716,QUETIAPINE,N05AH04,schizophrenia|bipolar disorder,dopamine receptor antagonist|serotonin receptor antagonist,False,True
CHEMBL28333,MEDAZEPAM,N05BA03,,,False,True
CHEMBL717,MEDROXYPROGESTERONE ACETATE,L02AB02;G03AC06;G03DA02,,,False,False
CHEMBL28218,BROMPERIDOL,N05AD06,schizophrenia,dopamine receptor antagonist,False,True
CHEMBL719,MUPIROCIN,D06AX09;R01AX06,impetigo,isoleucyl-tRNA synthetase inhibitor,False,False
CHEMBL720,BENZYL ALCOHOL,P03AX06,,,False,False
CHEMBL28318,PROPYPHENAZONE,N02BB04;N02BB54;N02BB74,,anti-inflammatory agent,False,True
CHEMBL27810,CELIPROLOL,C07AB08,Ehlers-Danlos syndrome (EDS),adrenergic receptor antagonist,False,True
CHEMBL434200,TERTATOLOL,C07AA16,,,False,False
CHEMBL723,CARVEDILOL,C07AG02,myocardial infarction|hypertension,adrenergic receptor antagonist,False,True
CHEMBL726,FLUPHENAZINE,N05AB02,schizophrenia,dopamine receptor antagonist,False,True
CHEMBL727,THIOGUANINE,L01BB03,acute myeloid leukemia (AML),purine antagonist,False,False
CHEMBL27193,DILEVALOL,,,,False,False
CHEMBL728,PROCHLORPERAZINE,N05AB04,nausea|vomiting,dopamine receptor antagonist,False,True
CHEMBL729,LOPINAVIR,,human immunodeficiency virus (HIV-1),HIV protease inhibitor,False,False
CHEMBL730,NITROGLYCERIN,C01DA52;C05AE01;C01DA02,,,False,False
CHEMBL284906,NICORANDIL,C01DX16,angina pectoris,nitric oxide donor|potassium channel activator,False,True
CHEMBL282121,MEBEVERINE,A03AA04,irritable bowel syndrome,acetylcholine receptor antagonist,False,True
CHEMBL738,THIOPENTAL SODIUM,,,,False,False
CHEMBL30219,METHOHEXITAL SODIUM,,,,False,False
CHEMBL741,LAMOTRIGINE,N03AX09,epilepsy|bipolar disorder,serotonin receptor antagonist|sodium channel blocker,True,True
CHEMBL742,KETAMINE,N01AX03,,,True,True
CHEMBL744,RILUZOLE,N07XX02,amyotrophic lateral sclerosis (ALS),glutamate inhibitor,True,True
CHEMBL746,NEDOCROMIL,R01AC07;R03BC03;S01GX04,itching|conjunctivitis,histamine receptor antagonist,False,True
CHEMBL748,PRALIDOXIME CHLORIDE,,,,False,False
CHEMBL750,ZONISAMIDE,N03AX15,seizures|epilepsy,sodium channel blocker|T-type calcium channel blocker,True,True
CHEMBL752,ADENOSINE PHOSPHATE,,,,False,False
CHEMBL753,PHENOXYBENZAMINE,C04AX02,hypertension|pheochromocytoma,adrenergic receptor antagonist,False,True
CHEMBL760,ANAGRELIDE,L01XX35,thrombocythemia|myeloproliferative neoplasms,phosphodiesterase inhibitor,False,False
CHEMBL761,NAPHAZOLINE,R01AA08;S01GA51;S01GA01;R01AB02,eye irritation,adrenergic receptor agonist,False,True
CHEMBL762,OXYMETAZOLINE,D11AX27;R01AA05;S01GA04;R01AB07,nasal congestion,adrenergic receptor agonist,False,True
CHEMBL765,GUANETHIDINE,S01EX01;C02CC02,hypertension,adrenergic inhibitor,False,True
CHEMBL766,CILASTATIN,,,dehydropeptidase inhibitor,False,False
CHEMBL768,ESMOLOL,C07AB09,ventricular tachycardia (VT)|hypertension,adrenergic receptor antagonist,False,True
CHEMBL770,TOLAZOLINE,M02AX02;C04AB02,reverse sedative,adrenergic receptor antagonist,False,True
CHEMBL771,CYCLOSERINE,J04AB01,,,False,False
CHEMBL148,IMIPENEM ANHYDROUS,,,,False,False
CHEMBL772,RESERPINE,C02AA52;C02AA02,hypertension,vesicular monoamine transporter inhibitor,False,True
CHEMBL776,METAPROTERENOL,R03AB03;R03CB03,bronchospasm|asthma|bronchitis|emphysema,adrenergic receptor agonist,False,True
CHEMBL777,CLAVULANIC ACID,,,,False,False
CHEMBL778,DEXMEDETOMIDINE,N05CM18,sedative,adrenergic receptor agonist,True,True
CHEMBL779,TADALAFIL,G04BE08,erectile dysfunction,phosphodiesterase inhibitor,False,False
CHEMBL33986,BUTORPHANOL,N02AF01,,,False,True
CHEMBL780,PENTETIC ACID,,,,False,False
CHEMBL781,MAZINDOL,A08AA05,,,False,False
CHEMBL290106,BITHIONOL,D10AB01;P02BX01,,autotaxin inhibitor,False,False
CHEMBL782,TOLBUTAMIDE,V04CA01;A10BB03,diabetes mellitus,ATP channel blocker,False,False
CHEMBL783,NATEGLINIDE,A10BX03,diabetes mellitus,insulin secretagogue,False,False
CHEMBL32479,BROTIZOLAM,N05CD09,,,False,True
CHEMBL786,TAMOXIFEN CITRATE,,,,False,False
CHEMBL787,MONTELUKAST,R03DC53;R03DC03,asthma|allergic rhinitis|exercise-induced bronchoconstriction (EIB),leukotriene receptor antagonist,False,False
CHEMBL788,IDOXURIDINE,D06BB01;J05AB02;S01AD01,virus herpes simplex (HSV),DNA directed DNA polymerase inhibitor|DNA synthesis inhibitor,False,False
CHEMBL36506,NOVOBIOCIN,,mastitis,bacterial DNA gyrase inhibitor,False,False
CHEMBL152,CIDOFOVIR ANHYDROUS,,,,False,False
CHEMBL790,CHLORHEXIDINE,D08AC02;D09AA12;S01AX09;B05CA02;D08AC52;A01AB03;R02AA05;S02AA09;S03AA04,cosmetic|skin infections|gingivitis,membrane integrity inhibitor,False,False
CHEMBL32800,FENOTEROL,G02CA03;R03CC04;R03AC04,,adrenergic receptor agonist,False,True
CHEMBL796,METHYLPHENIDATE,N06BA04,,,False,True
CHEMBL285674,ESTAZOLAM,N05CD04,,,False,True
CHEMBL797,PHENSUXIMIDE,N03AD02,seizures,succinimide antiepileptic,False,True
CHEMBL34259,METHOTREXATE,L04AX03;L01BA01,gestational choriocarcinoma|hydatidiform mole|acute lymphoblastic leukemia (ALL)|psoriasis|rheumatoid arthritis,dihydrofolate reductase inhibitor,False,False
CHEMBL284092,GEPIRONE,N06AX19,,,False,True
CHEMBL799,CILOSTAZOL,B01AC23,claudication,phosphodiesterase inhibitor,False,False
CHEMBL802,MINOXIDIL,C02DC01;D11AX01,androgenetic alopecia,KATP activator|Kir6 channel (KATP) activator|vasodilator,False,False
CHEMBL154,NAPROXEN,G02CC02;M01AE02;M02AA12,pain relief|rheumatoid arthritis|headache|toothache|backache|muscle pain|common cold|fever,cyclooxygenase inhibitor,False,True
CHEMBL416956,MEFLOQUINE,P01BC02,malaria,adenosine receptor antagonist|hemoglobin antagonist,False,True
CHEMBL803,CYTARABINE,L01BC01,acute lymphoblastic leukemia (ALL)|chronic lymphocytic leukemia (CLL)|acute myeloid leukemia (AML)|non-Hodgkin lymphoma (NHL),ribonucleotide reductase inhibitor,False,False
CHEMBL806,FLUTAMIDE,L02BB01,prostate cancer,androgen receptor antagonist,False,False
CHEMBL807,MEMANTINE,N06DX01,Alzheimer's disease|senile dementia,glutamate receptor antagonist,True,True
CHEMBL808,ECONAZOLE,D01AC03;G01AF05,tinea pedis|tinea cruris|tinea corporis|tinea versicolor|cutaneous candidiasis,lanosterol demethylase inhibitor|sterol demethylase inhibitor,False,False
CHEMBL809,SERTRALINE,N06AB06,depression|obsessive compulsive disorder (OCD)|panic disorders|posttraumatic stress disorder|premenstrual syndrome|social anxiety disorder,selective serotonin reuptake inhibitor (SSRI),False,True
CHEMBL36715,PIRACETAM,N06BX03,senile dementia,acetylcholine receptor agonist,False,True
CHEMBL810,TEMOZOLOMIDE,L01AX03,glioblastoma|astrocytoma,DNA alkylating agent,False,False
CHEMBL811,BROMPHENIRAMINE,R06AB51;R06AB01,allergic rhinitis|common cold,histamine receptor antagonist,False,True
CHEMBL37744,ZIMELDINE,N06AB02,,,False,True
CHEMBL812,PYRIDOSTIGMINE BROMIDE,,,,False,False
CHEMBL813,EPROSARTAN,C09CA02,hypertension,angiotensin receptor antagonist,False,False
CHEMBL289469,GRANISETRON,A04AA02,nausea|vomiting,serotonin receptor antagonist,False,True
CHEMBL814,FLUVOXAMINE,N06AB08,obsessive compulsive disorder (OCD),selective serotonin reuptake inhibitor (SSRI),True,True
CHEMBL815,DINOPROST,G02AD01,labor induction,prostacyclin analog,False,False
CHEMBL39736,BUFORMIN,A10BA03,,,False,False
CHEMBL38827,LUMEFANTRINE,,malaria,antimalarial agent,False,False
CHEMBL817,TOLAZAMIDE,A10BB05,diabetes mellitus,ATP channel blocker,False,False
CHEMBL818,IOBENGUANE,,neuroblastoma|congestive heart failure|pheochromocytoma,antineoplastic agent,False,False
CHEMBL819,OXACILLIN,J01CF04,staphylococcal infections,bacterial cell wall synthesis inhibitor,False,False
CHEMBL290960,NIFURTIMOX,P01CC01,Chagas disease|African trypanosomiasis,DNA inhibitor,False,False
CHEMBL820,BUSULFAN,L01AB01,chronic myeloid leukemia (CML),DNA inhibitor,False,False
CHEMBL822,TERBINAFINE,D01AE15;D01BA02,tinea pedis|tinea cruris|tinea corporis,fungal squalene epoxidase inhibitor,False,False
CHEMBL826,ENOXACIN,J01MA04,urinary tract infections|gonorrhea,topoisomerase inhibitor,False,False
CHEMBL827,DEXMETHYLPHENIDATE,N06BA11,,,False,True
CHEMBL829,METHYLPROMAZINE,R06AD01,,,False,False
CHEMBL43128,PRIMAQUINE PHOSPHATE,,,,False,False
CHEMBL830,EFLORNITHINE,D11AX16;L01XX79;P01CX03,facial hair reduction,ornithine decarboxylase inhibitor,False,False
CHEMBL831,LOXAPINE,N05AH01,schizophrenia,dopamine receptor antagonist|serotonin receptor antagonist,False,True
CHEMBL832,SULFINPYRAZONE,M04AB02,gout,uricosuric blocker,False,False
CHEMBL288470,AMINOPYRINE,N02BB73;N02BB03;N02BB53,,,False,True
CHEMBL833,TICLOPIDINE,B01AC05,thrombosis|stroke,purinergic receptor antagonist,False,False
CHEMBL290916,EDARAVONE,N07XX14,stroke,nootropic agent,False,True
CHEMBL834,PAMIDRONIC ACID,M05BA03,,,False,False
CHEMBL289480,RILMENIDINE,C02AC06,hypertension,adrenergic receptor agonist|imidazoline receptor agonist,False,True
CHEMBL836,TAMSULOSIN,G04CA02,benign prostatic hyperplasia (BPH),adrenergic receptor antagonist,False,True
CHEMBL158,AZTREONAM,J01DF01,urinary tract infections|respiratory tract infections|bacterial septicemia|skin infections|intra-abdominal infections|gynecologic infections,bacterial cell wall synthesis inhibitor,False,False
CHEMBL44354,CEFTAZIDIME,J01DD02,respiratory tract infections|skin infections|bacterial septicemia|bone and joint infections|gynecologic infections|intra-abdominal infections|meningitis,bacterial cell wall synthesis inhibitor,False,False
CHEMBL838,BENAZEPRIL,C09AA07,hypertension,angiotensin converting enzyme inhibitor,False,False
CHEMBL41355,EZOGABINE,N03AX21,,,True,True
CHEMBL288441,BOSUTINIB,L01EA04,chronic myeloid leukemia (CML),Abl kinase inhibitor|Bcr-Abl kinase inhibitor|SRC inhibitor,False,False
CHEMBL839,CARTEOLOL,S01ED05;C07AA15;S01ED55,intraocular pressure|glaucoma|ocular hypertension,adrenergic receptor antagonist,False,True
CHEMBL841,LOPERAMIDE,A07DA03;A07DA53,diarrhea,opioid receptor agonist,False,True
CHEMBL842,CHLOROTHIAZIDE,C03AA04;C03AH01,hypertension,diuretic,False,False
CHEMBL843,ROSIGLITAZONE MALEATE,,,,False,False
CHEMBL844,BRIMONIDINE,S01GA07;S01EA05;D11AX21,intraocular pressure|glaucoma|ocular hypertension,adrenergic receptor agonist,False,True
CHEMBL43452,POMALIDOMIDE,L04AX06,multiple myeloma,angiogenesis inhibitor|tumor necrosis factor production inhibitor,False,False
CHEMBL846,CALCITRIOL,A11CC04;D05AX03,hypocalcemia|hypoparathyroidism|osteoporosis,vitamin D receptor agonist,False,False
CHEMBL847,OXAMNIQUINE,P02BA02,,,False,False
CHEMBL848,LENALIDOMIDE,L04AX04,multiple myeloma|mantle cell lymphoma (MCL)|myelodysplastic diseases (MDS),anticancer agent,False,False
CHEMBL849,TRICLOSAN,D08AE04;D09AA06,first-aid antiseptic,antibacterial agent,False,False
CHEMBL850,SPARFLOXACIN,J01MA09,,bacterial DNA gyrase inhibitor,False,False
CHEMBL852,MELPHALAN,L01AA03,multiple myeloma,DNA alkylating agent|DNA inhibitor,False,False
CHEMBL297302,BENPERIDOL,N05AD07,schizophrenia,dopamine receptor antagonist,False,True
CHEMBL853,ZALCITABINE,J05AF03,human immunodeficiency virus (HIV-1),nucleoside reverse transcriptase inhibitor,False,False
CHEMBL855,TRIPROLIDINE,R06AX07,allergic rhinitis,histamine receptor antagonist,False,True
CHEMBL45029,MEPHOBARBITAL,N03AA01,,,False,True
CHEMBL296419,ASTEMIZOLE,R06AX11,,histamine receptor antagonist,False,True
CHEMBL46740,BAZEDOXIFENE,G03XC02,osteoporosis|menopause,selective estrogen receptor modulator (SERM),False,False
CHEMBL856,PRIMIDONE,N03AA03,seizures,GABA receptor antagonist,False,True
CHEMBL857,BIOTIN,A11HA05,,vitamin B,False,False
CHEMBL861,MEPHENYTOIN,N03AB04;N03AB54,seizures,hydantoin antiepileptic,False,True
CHEMBL46917,CARBARIL,,,acetylcholinesterase inhibitor,False,True
CHEMBL862,GUANFACINE,C02AC02,hypertension,adrenergic receptor agonist,False,True
CHEMBL863,CYSTEINE,,,,False,False
CHEMBL46516,FLUSPIRILENE,N05AG01,schizophrenia,dopamine receptor antagonist,False,True
CHEMBL864,CARBINOXAMINE,R06AA08,allergic rhinitis|conjunctivitis|vasomotor rhinitis|dermatographism,histamine receptor antagonist,False,True
CHEMBL43064,CINNARIZINE,N07CA02;N07CA52,,,False,True
CHEMBL295124,BERBERINE,,,LDL receptor activator,False,False
CHEMBL865,VALDECOXIB,M01AH03,,cyclooxygenase inhibitor,False,False
CHEMBL296913,PARECOXIB SODIUM,,,,False,False
CHEMBL44884,ETHAMBUTOL,J04AK02,tuberculosis,bacterial cell wall synthesis inhibitor,False,False
CHEMBL44618,CHLOROFORM,N01AB02,,,False,False
CHEMBL866,MYCOPHENOLIC ACID,L04AA06,,,False,False
CHEMBL44657,ETOPOSIDE,L01CB01,non-small cell lung cancer (NSCLC),topoisomerase inhibitor,False,False
CHEMBL867,IOPANOIC ACID,V08AC06,,,False,False
CHEMBL46286,OMACETAXINE MEPESUCCINATE,L01XX40,,,False,False
CHEMBL48449,CANTHARIDIN,,blisters,protein phosphatase inhibitor,False,False
CHEMBL869,NITROFURAZONE,B05CA03;P01CC02;S02AA02;D09AA03;D08AF01;S01AX04,first-aid antibiotic,bacterial DNA inhibitor,False,False
CHEMBL870,ALENDRONIC ACID,M05BA04,,,False,False
CHEMBL871,ETIDRONIC ACID,M05BA01,,,False,False
CHEMBL159,VINBLASTINE,L01CA01,Hodgkin's lymphoma|true histiocytic lymphoma (THL)|mycosis|small lymphocytic lymphoma (SLL)|testicular carcinoma|Kaposi sarcoma,microtubule inhibitor|tubulin polymerization inhibitor,False,False
CHEMBL45816,MIBEFRADIL,C08CX01,,T-type calcium channel blocker,False,True
CHEMBL295698,LEVOKETOCONAZOLE,H02CA04,,,False,False
CHEMBL298470,TAFENOQUINE,P01BA07,malaria,antimalarial agent,False,False
CHEMBL877,TRANEXAMIC ACID,B02AA02,,,False,False
CHEMBL878,METOLAZONE,C03BA08,edema|hypertension,carbonic anhydrase inhibitor,False,False
CHEMBL880,FAMCICLOVIR,J05AB09;S01AD07,cold sore|genitial herpes|shingles,DNA polymerase inhibitor,False,False
CHEMBL885,EMTRICITABINE,J05AF09,human immunodeficiency virus (HIV-1),nucleoside reverse transcriptase inhibitor,False,False
CHEMBL887,RASAGILINE,N04BD02,Parkinson's Disease,monoamine oxidase inhibitor,False,True
CHEMBL888,GEMCITABINE,L01BC05,ovarian cancer|breast cancer|non-small cell lung cancer (NSCLC)|pancreatic cancer,ribonucleotide reductase inhibitor,False,False
CHEMBL296306,LACTULOSE,A06AD11;A06AD61,portal-systemic encephalopathy (PSE),laxative,False,False
CHEMBL48582,SAFINAMIDE MESYLATE,,,,False,False
CHEMBL891,CLOXACILLIN,J01CF02,gram-positive bacterial infections,bacterial cell wall synthesis inhibitor,False,False
CHEMBL299400,BUTORPHANOL TARTRATE,,,,False,False
CHEMBL893,DICLOXACILLIN,J01CF01,gram-positive bacterial infections,bacterial cell wall synthesis inhibitor,False,False
CHEMBL894,BUPROPION,N06AX12,depression,dopamine reuptake inhibitor,False,True
CHEMBL50588,EMETINE,P01AX52;P01AX02,,protein synthesis inhibitor,False,False
CHEMBL895,NALBUPHINE,N02AF02,pain relief,opioid receptor agonist|opioid receptor antagonist,False,True
CHEMBL52440,DEXTROMETHORPHAN,N07XX59;R05DA09,cough suppressant,glutamate receptor antagonist|sigma receptor agonist,True,True
CHEMBL896,HYDROXYZINE,N05BB01;N05BB51,anxiety|urticaria|itching|dermatosis,antihistamine,False,True
CHEMBL897,PROBENECID,M04AB01,hyperuricemia|gout,uricosuric blocker,False,False
CHEMBL898,DIFLUNISAL,N02BA11,rheumatoid arthritis|osteoarthritis,prostanoid receptor antagonist,False,True
CHEMBL900,ORPHENADRINE,M03BC51,muscle pain,acetylcholine receptor antagonist,False,True
CHEMBL902,FAMOTIDINE,A02BA03;A02BA53,heartburn,histamine receptor antagonist,False,True
CHEMBL53292,ISOXICAM,,,cyclooxygenase inhibitor,False,False
CHEMBL53463,DOXORUBICIN,L01DB01,acute lymphoblastic leukemia (ALL)|acute myeloid leukemia (AML)|Wilm's tumor|breast cancer|ovarian cancer|Hodgkin's lymphoma|bladder cancer|multiple myeloma,topoisomerase inhibitor,False,False
CHEMBL904,DEXMETHYLPHENIDATE HYDROCHLORIDE,,,,False,False
CHEMBL905,RIZATRIPTAN,N02CC04,migraine headache,serotonin receptor agonist,False,True
CHEMBL908,CHLORPROTHIXENE,N05AF03,schizophrenia|bipolar disorder,dopamine receptor antagonist,False,True
CHEMBL911,ZOLPIDEM,N05CF02,,,False,True
CHEMBL914,FEXOFENADINE,R06AX26,allergic rhinitis|urticaria,histamine receptor antagonist,False,True
CHEMBL915,NEDOCROMIL SODIUM,,,,False,False
CHEMBL916,TIROFIBAN,B01AC17,myocardial infarction|refactory angina,platelet aggregation inhibitor|structural glycoprotein antagonist,False,False
CHEMBL53418,DANTHRON,A06AB53;A06AB03,,,False,False
CHEMBL917,FLOXURIDINE,L01BC09,colorectal cancer,DNA synthesis inhibitor,False,False
CHEMBL918,PHENACEMIDE,N03AX07,epilepsy|seizures,sodium channel blocker,False,True
CHEMBL919,FOSPHENYTOIN SODIUM,,,,False,False
CHEMBL920,CHOLINE,,,acetylcholine precursor,False,True
CHEMBL54349,ALPIDEM,,,benzodiazepine receptor agonist,False,True
CHEMBL922,ADEFOVIR DIPIVOXIL,J05AF08,,,False,False
CHEMBL161,CEFTRIAXONE,J01DD04;J01DD54,gonorrhea|pneumonia|otitis|skin infections|urinary tract infections|pelvic inflammatory disease|bacterial septicemia|bone and joint infections|intra-abdominal infections|meningitis|surgical prophylaxis,bacterial cell wall synthesis inhibitor,False,False
CHEMBL923,RISEDRONIC ACID,M05BA07,,,False,False
CHEMBL924,ZOLEDRONIC ACID ANHYDROUS,,,,False,False
CHEMBL925,TYROSINE,,,,False,False
CHEMBL926,DOBUTAMINE,C01CA07,congestive heart failure,adrenergic receptor agonist,False,True
CHEMBL56021,LEVACETYLLEUCINE,,,,False,False
CHEMBL927,CEFDINIR,J01DD15,pneumonia|tonsillitis|pharyngitis|bronchitis|skin infections|otitis|sinusitis,bacterial cell wall synthesis inhibitor,False,False
CHEMBL54976,TRYPTOPHAN,N06AX02,anxiety|bloating|constipation|fatigue|sleeplessness,serotonin receptor partial agonist,False,True
CHEMBL928,DANTROLENE SODIUM,,,,False,False
CHEMBL298734,LONAFARNIB,A16AX20,,farnesyltransferase inhibitor,False,False
CHEMBL929,DELAVIRDINE MESYLATE,,,,False,False
CHEMBL930,GLUTAMINE,A16AA03,,,False,False
CHEMBL56367,NIMESULIDE,M01AX17;M02AA26,osteoarthritis|menstrual pain,cyclooxygenase inhibitor,False,True
CHEMBL931,HALOTHANE,N01AB01,general anaesthetic,glutamate receptor antagonist,False,True
CHEMBL932,DIPYRIDAMOLE,B01AC07,coronary artery disease (CAD)|peripheral artery disease (PAD)|hypertension,phosphodiesterase inhibitor,False,False
CHEMBL934,METYRAPONE,V04CD01,adrenal diagnostic agent,cytochrome P450 inhibitor,False,False
CHEMBL936,DIPHENIDOL,,vertigo,acetylcholine receptor agonist,False,True
CHEMBL937,DIETHYLCARBAMAZINE CITRATE,,,,False,False
CHEMBL163,RITONAVIR,J05AE03,human immunodeficiency virus (HIV-1),HIV protease inhibitor,False,False
CHEMBL939,GEFITINIB,L01EB01,non-small cell lung cancer (NSCLC),EGFR inhibitor,False,False
CHEMBL940,GABAPENTIN,N02BF01,virus herpes simplex (HSV)|shingles|seizures|restless leg syndrome,calcium channel blocker,True,True
CHEMBL291338,"3,3',4',5-TETRACHLOROSALICYLANILIDE",,,,False,False
CHEMBL58323,LACOSAMIDE,N03AX18,,,True,True
CHEMBL941,IMATINIB,L01EA01,chronic myeloid leukemia (CML)|acute lymphoblastic leukemia (ALL)|myelodysplastic diseases (MDS)|aggressive systemic mastocytosis (ASM)|hypereosinophilic syndrome (HES)|chronic eosinophilic leukemia (CEL)|dermatofibrosarcoma protuberans (DFSP)|gastrointestinal stromal tumors (GIST),Bcr-Abl kinase inhibitor|KIT inhibitor|PDGFR tyrosine kinase receptor inhibitor,False,False
CHEMBL56564,TROPISETRON,A04AA03,nausea|vomiting,serotonin receptor antagonist,False,True
CHEMBL301265,PRAMIPEXOLE,N04BC05,Parkinson's Disease,dopamine receptor agonist,False,True
CHEMBL942,BISACODYL,A06AB02;A06AG02;A06AB52,constipation,laxative,False,False
CHEMBL56337,EPALRESTAT,,diabetic nephropathy,aldose reductase inhibitor,False,False
CHEMBL944,CHLOROPROCAINE HYDROCHLORIDE,,,,False,False
CHEMBL945,AMILORIDE,C03DB01,hypertension|congestive heart failure,sodium channel blocker,False,True
CHEMBL946,AZATADINE,R06AX09,allergic rhinitis,histamine receptor antagonist,False,True
CHEMBL58510,CHLOROQUINE PHOSPHATE,,,,False,False
CHEMBL951,IOPHENDYLATE,V08AD04,,,False,False
CHEMBL294199,CAPSAICIN,N01BX04;M02AB01,muscle pain|rheumatoid arthritis,TRPV agonist,True,True
CHEMBL953,ENTACAPONE,N04BX02,Parkinson's Disease,catechol O methyltransferase inhibitor,False,True
CHEMBL61593,CYCLOTHIAZIDE,C03AA09,hypertension,glutamate receptor modulator,False,True
CHEMBL956,SUPROFEN,M01AE07,,cyclooxygenase inhibitor,False,False
CHEMBL957,BOSENTAN,C02KX01,pulmonary arterial hypertension (PAH),endothelin receptor antagonist,False,False
CHEMBL959,RIMANTADINE,J05AC02,influenza A virus infection,antiviral|RNA synthesis inhibitor,False,False
CHEMBL960,LEFLUNOMIDE,L04AK01,rheumatoid arthritis,dihydroorotate dehydrogenase inhibitor|PDGFR tyrosine kinase receptor inhibitor,False,False
CHEMBL62193,SULFADIMETHOXINE,J01ED01,,,False,False
CHEMBL61006,PHENYLPROPANOLAMINE,R01BA01;R01BA51,,,False,False
CHEMBL962,EPOPROSTENOL SODIUM,,,,False,False
CHEMBL963,OXYMORPHONE,N02AA11,,,False,True
CHEMBL964,DISULFIRAM,P03AA04;P03AA54;N07BB01,abstinence from alcohol,aldehyde dehydrogenase inhibitor|DNA methyltransferase inhibitor|TRPV agonist,False,False
CHEMBL965,CARBAMOYLCHOLINE,,,,False,False
CHEMBL967,TEMAZEPAM,N05CD07,,,False,True
CHEMBL968,FLURAZEPAM,N05CD01,,,False,True
CHEMBL969,PRAZEPAM,N05BA11,,,False,True
CHEMBL970,HALAZEPAM,N05BA13,,,False,True
CHEMBL971,PENTOBARBITAL SODIUM,,,,False,False
CHEMBL972,SELEGILINE,N04BD01,Parkinson's Disease,monoamine oxidase inhibitor,False,True
CHEMBL973,TERIFLUNOMIDE,L04AK02,multiple sclerosis,dihydroorotate dehydrogenase inhibitor,False,False
CHEMBL975,MESNA,V03AF01;R05CB05,hemorrhagic cystitis,antioxidant,False,False
CHEMBL64391,ITRACONAZOLE,J02AC02,onychomycosis|histoplasmosis|blastomycosis|aspergillosis,cytochrome P450 inhibitor,False,False
CHEMBL64894,GENTIAN VIOLET,,,,False,False
CHEMBL976,PRAZIQUANTEL,P02BA01,gastrointestinal parasites|cystic hydatid disease|schistosomiasis,anthelmintic agent,False,False
CHEMBL977,HYDROCORTISONE HEMISUCCINATE ANHYDROUS,,,,False,False
CHEMBL978,METHACHOLINE,V04CX03,bronchial hyperresponsiveness diagnostic,acetylcholine receptor agonist,False,True
CHEMBL979,MEPROBAMATE,N05BC01;N05BC51;N05CX01,,,False,True
CHEMBL980,GUAIFENESIN,R05CA03,cough suppressant,expectorant,False,False
CHEMBL981,FENOFIBRIC ACID,,,,False,False
CHEMBL982,NALMEFENE,N07BB05,respiratory depression,opioid receptor antagonist,True,True
CHEMBL983,SUCCINYLCHOLINE CHLORIDE,,,,False,False
CHEMBL65375,TIPIRACIL HYDROCHLORIDE,,,,False,False
CHEMBL291657,CRINECERFONT,,,,False,False
CHEMBL63857,PHENOLPHTHALEIN,A06AB04,,indicator dye,False,False
CHEMBL986,RETINOL,D10AD02;S01XA02;A11CA01;R01AX02,cosmetic|acne vulgaris (AV)|keratosis,retinoid receptor ligand,False,False
CHEMBL65794,CEFPIROME,J01DE02,gram-negative bacterial infections,bacterial cell wall synthesis inhibitor,False,False
CHEMBL989,FLUOCINOLONE ACETONIDE,S01BA15;S02BA08;D07AC04;C05AA10,,,False,False
CHEMBL990,BUTENAFINE,D01AE23,tinea pedis|tinea cruris|tinea corporis,fungal squalene epoxidase inhibitor,False,False
CHEMBL70246,ACEFYLLINE,,asthma,adenosine receptor agonist,False,True
CHEMBL991,STAVUDINE,J05AF04,human immunodeficiency virus (HIV-1),DNA directed DNA polymerase inhibitor|nucleoside reverse transcriptase inhibitor,False,False
CHEMBL995,LOSARTAN POTASSIUM,,,,False,False
CHEMBL996,CEFOXITIN,J01DC01,respiratory tract infections|urinary tract infections|intra-abdominal infections|gynecologic infections|bacterial septicemia|bone and joint infections|skin infections,bacterial cell wall synthesis inhibitor,False,False
CHEMBL70046,SORIVUDINE,,,,False,False
CHEMBL997,IBANDRONIC ACID,M05BA06,,,False,False
CHEMBL998,LORATADINE,R06AX13,allergic rhinitis|itching,histamine receptor antagonist,False,True
CHEMBL71752,VINPOCETINE,N06BX18,stroke|senile dementia,phosphodiesterase inhibitor|sodium channel blocker,False,True
CHEMBL305660,EBASTINE,R06AX22,allergic rhinitis|urticaria,histamine receptor antagonist,False,True
CHEMBL1000,CETIRIZINE,R06AE07;S01GX12,allergic rhinitis,histamine receptor antagonist,False,True
CHEMBL70418,CLOBAZAM,N05BA09,,,False,True
CHEMBL1002,LEVOSALBUTAMOL,,,,False,False
CHEMBL1003,CLAVULANATE POTASSIUM,,,,False,False
CHEMBL1004,DOXYLAMINE,R06AA59;R06AA09,sedative,histamine receptor antagonist,False,True
CHEMBL70972,SERATRODAST,R03DX06,asthma,prostanoid receptor antagonist,False,False
CHEMBL1005,REMIFENTANIL,N01AH06,,,True,True
CHEMBL70927,DEFERIPRONE,V03AC02,transfusional hemosiderosis|thalassemia|iron overload,chelating agent,False,False
CHEMBL1006,AMIFOSTINE,V03AF05,renal toxicity,reducing agent,False,False
CHEMBL1008,BEPRIDIL,C08EA02,angina pectoris,calcium channel blocker,False,True
CHEMBL1009,LEVODOPA,N04BA01,Parkinson's Disease,dopamine precursor,False,True
CHEMBL1010,CEFOTAXIME SODIUM,,,,False,False
CHEMBL308954,ETRAVIRINE,J05AG04,human immunodeficiency virus (HIV-1),non-nucleoside reverse transcriptase inhibitor,False,False
CHEMBL306700,VILOXAZINE,N06AX09,depression,norepinephrine reuptake inhibitor,False,True
CHEMBL1013,LORACARBEF ANHYDROUS,,,,False,False
CHEMBL74632,MOXALACTAM,J01DD06,gram-positive bacterial infections|gram-negative bacterial infections|skin infections|bone and joint infections|pneumonia|urinary tract infections|meningitis,bacterial cell wall synthesis inhibitor,False,False
CHEMBL312448,XYLOMETAZOLINE,S01GA53;R01AA07;R01AB06;S01GA03,nasal congestion|allergic rhinitis,adrenergic receptor agonist,False,True
CHEMBL1014,CANDESARTAN CILEXETIL,,,,False,False
CHEMBL1017,TELMISARTAN,C09CA07,hypertension,angiotensin receptor antagonist,False,False
CHEMBL1018,DIENESTROL,G03CB01;G03CC02,menopause,estrogen receptor agonist,False,False
CHEMBL75435,DEXKETOPROFEN,M01AE17;M02AA27,,,False,False
CHEMBL73234,CARBETAPENTANE,R05DB05,common cold|nasal congestion|bronchitis,acetylcholine receptor antagonist,False,True
CHEMBL1020,TOLMETIN,M02AA21;M01AB03,rheumatoid arthritis|osteoarthritis,cyclooxygenase inhibitor,False,False
CHEMBL1021,NEPAFENAC,S01BC10,eye inflammation,cyclooxygenase inhibitor,False,False
CHEMBL75880,PERHEXILINE,C08EX02,angina pectoris,carnitine palmitoyltransferase inhibitor,False,False
CHEMBL1023,BEXAROTENE,L01XF03,cutaneous T-cell lymphoma (CTCL),retinoid receptor agonist,False,False
CHEMBL1024,IFOSFAMIDE,L01AA06,testicular carcinoma|hemorrhagic cystitis,DNA alkylating agent,False,False
CHEMBL1025,ISOFLUROPHATE,S01EB07,glaucoma,cholinesterase inhibitor,False,False
CHEMBL307261,ARTENIMOL,P01BE05,,,False,False
CHEMBL1026,FENOLDOPAM MESYLATE,,,,False,False
CHEMBL1027,TIAGABINE,N03AG06,seizures,GABA uptake inhibitor,False,True
CHEMBL76370,TEGASEROD,A06AX06,,serotonin receptor partial agonist,False,True
CHEMBL431770,ISTRADEFYLLINE,N04CX01,Parkinson's Disease|dyskinesia,adenosine receptor antagonist,False,True
CHEMBL1029,MIGLUSTAT,A16AX06,Gaucher disease,glycosyl transferase inhibitor,False,False
CHEMBL1034,DICLOFENAC SODIUM,,,,False,False
CHEMBL1037,GUANADREL,,hypertension,adrenergic inhibitor,False,True
CHEMBL1040,CALCIFEDIOL ANHYDROUS,,,,False,False
CHEMBL1042,CHOLECALCIFEROL,A11CC05,vitamin D deficiency,,False,False
CHEMBL1043,DAPSONE,J04BA02;D10AX05,dermatitis herpetiformis (DH)|leprosy,bacterial antifolate,False,False
CHEMBL1046,AMINOCAPROIC ACID,B02AA01,,,False,False
CHEMBL421701,DITHIAZANINE IODIDE,,,,False,False
CHEMBL311498,CIANIDANOL,,,fatty acid synthase inhibitor,False,False
CHEMBL420762,MOZAVAPTAN,,hyponatremia,vasopressin receptor antagonist,False,False
CHEMBL1051,LATANOPROST,S01EE01,ocular hypertension|glaucoma,prostanoid receptor agonist,False,False
CHEMBL1054,TRICHLORMETHIAZIDE,C03AA06,hypertension|edema,chloride channel blocker,False,False
CHEMBL1055,CHLORTHALIDONE,C03BA04,hypertension|edema|congestive heart failure|hepatic cirrhosis|nephrotic syndrome|acute glomerulonephritis (AGN)|chronic renal failure,carbonic anhydrase inhibitor,False,False
CHEMBL316157,CEPHALORIDINE,J01DB02,,,False,False
CHEMBL1057,FLUORESCEIN,S01JA51;S01JA01,ophthalmology diagnostic,,False,False
CHEMBL1059,PREGABALIN,N02BF02,,,True,True
CHEMBL1064,SIMVASTATIN,C10AA01,hypercholesterolemia|coronary heart disease|myocardial infarction|stroke|hyperlipidemia,HMGCR inhibitor,False,False
CHEMBL83063,RITODRINE,G02CA01,premature labor,adrenergic receptor agonist,False,True
CHEMBL1065,METHYSERGIDE,N02CA04,headache,serotonin receptor antagonist,False,True
CHEMBL1068,OXCARBAZEPINE,N03AF02,seizures,sodium channel blocker,True,True
CHEMBL1069,VALSARTAN,C09CA03,hypertension|congestive heart failure|congestive heart failure,angiotensin receptor antagonist,False,False
CHEMBL315838,ENCAINIDE,C01BC08,,,False,False
CHEMBL86304,MOCLOBEMIDE,N06AG02,depression|anxiety,monoamine oxidase inhibitor,False,True
CHEMBL85231,MEDIFOXAMINE,N06AX13,,,False,True
CHEMBL1070,NABUMETONE,M01AX01,rheumatoid arthritis|osteoarthritis,cyclooxygenase inhibitor,False,False
CHEMBL1071,OXAPROZIN,M01AE12,osteoarthritis|rheumatoid arthritis,cyclooxygenase inhibitor,False,False
CHEMBL314437,MEPTAZINOL,N02AX05,pain relief,opioid receptor agonist,False,True
CHEMBL86715,PROCYCLIDINE,N04AA04,parkinsonism|Parkinson's Disease|akathisia|dystonia,acetylcholine receptor antagonist,False,True
CHEMBL1072,BUMETANIDE,C03CA02,edema|congestive heart failure,solute carrier family member inhibitor,False,False
CHEMBL1073,GLIPIZIDE,A10BB07,diabetes mellitus|hyperglycemia,sulfonylurea,False,False
CHEMBL87708,LOFEPRAMINE,N06AA07,depression,norepinephrine reuptake inhibitor|serotonin–norepinephrine reuptake inhibitor (SNRI),False,True
CHEMBL87493,FENFLURAMINE,N03AX26;A08AA02,,,False,True
CHEMBL315795,CLOMETHIAZOLE,N05CM02;N05CX04,Parkinson's Disease|sedative|muscle relaxant,GABA receptor antagonist|GABA receptor modulator,False,True
CHEMBL315985,ESLICARBAZEPINE,N03AF04,,,True,True
CHEMBL1075,MORICIZINE,C01BG01,,,False,False
CHEMBL87992,ESLICARBAZEPINE ACETATE,,,,False,False
CHEMBL1077,BROMFENAC,S01BC11,,cyclooxygenase inhibitor,False,False
CHEMBL1079,TIZANIDINE,M03BX02,spasms,adrenergic receptor agonist,True,True
CHEMBL89598,VIGABATRIN,N03AG04,seizures|spasms,GABA aminotransferase inhibitor,False,True
CHEMBL90555,VINCRISTINE,L01CA02,acute lymphoblastic leukemia (ALL),tubulin polymerization inhibitor,False,False
CHEMBL1082,AMOXICILLIN,J01CA04,skin infections|duodenal ulcer disease|gonorrhea|ear infections|throat infections|genitourinary tract infections|respiratory tract infections,penicillin binding protein inhibitor,False,False
CHEMBL313972,MASOPROCOL,L01XX10,actinic keratosis (AK),lipoxygenase inhibitor,False,False
CHEMBL314854,FINGOLIMOD,L04AE01,multiple sclerosis,immunosuppressant|sphingosine 1-phosphate receptor agonist,False,False
CHEMBL91397,RUPATADINE,R06AX28,allergic rhinitis|urticaria,histamine receptor antagonist|platelet activating factor receptor antagonist,False,True
CHEMBL1085,ACETOPHENAZINE,N05AB07,psychosis,dopamine receptor antagonist,False,True
CHEMBL1086,DIBUCAINE,S02DA04;S01HA06;D04AB02;N01BB06;C05AD04,,,False,False
CHEMBL1087,MEPIVACAINE,N01BB03;N01BB53,local anesthetic,potassium channel blocker|sodium channel blocker,False,True
CHEMBL1088,MESORIDAZINE,N05AC03,schizophrenia,dopamine receptor antagonist,False,True
CHEMBL1089,PHENELZINE,N06AF03,depression,monoamine oxidase inhibitor,False,True
CHEMBL1090,VIDARABINE,S01AD06;J05AB03,virus herpes simplex (HSV)|varicella-zoster virus (VZV),antiviral,False,False
CHEMBL90593,PRASTERONE,A14AA07;G03XX01,,,False,False
CHEMBL1091,HYDROCORTISONE ACETATE,,,,False,False
CHEMBL1092,TRIHEXYPHENIDYL HYDROCHLORIDE,,,,False,False
CHEMBL1093,ARTICAINE,N01BB58;N01BB08,local anesthetic,local anesthetic,False,True
CHEMBL1094,FELBAMATE,N03AX10,epilepsy,glutamate receptor antagonist,False,True
CHEMBL1095,ETHOTOIN,N03AB01,seizures,hydantoin antiepileptic,False,True
CHEMBL1096,AMLEXANOX,A01AD07;R03DX01,aphthous ulcers|asthma|conjunctivitis|allergic rhinitis,histamine receptor modulator,False,True
CHEMBL94081,ALCLOFENAC,M01AB06,rheumatoid arthritis,cyclooxygenase inhibitor,False,False
CHEMBL92401,IPRONIAZID,N06AF05,,monoamine oxidase inhibitor,False,True
CHEMBL1098,BUPIVACAINE,N01BB01;N01BB51,peripheral nerve block|caudal epidural block|lumbar epidural block,sodium channel blocker,False,True
CHEMBL1100,PARAMETHADIONE,N03AC01,seizures,anticonvulsant,False,True
CHEMBL1101,BIPERIDEN,N04AA02,Parkinson's Disease,acetylcholine receptor antagonist,False,True
CHEMBL328560,SULTHIAME,N03AX03,,,False,True
CHEMBL1102,GLUTETHIMIDE,N05CE01,,,False,True
CHEMBL1103,FURAZOLIDONE,G01AX06,diarrhea|enteritis|cholera,bacterial DNA inhibitor,False,False
CHEMBL1104,EDROPHONIUM,V04CX07,myasthenia gravis,acetylcholinesterase inhibitor,False,True
CHEMBL413965,FELBINAC,M02AA08,rheumatoid arthritis|muscle pain,cyclooxygenase inhibitor,False,True
CHEMBL1106,EPINASTINE,S01GX10;R06AX24,conjunctivitis,histamine receptor antagonist,False,True
CHEMBL1107,HALOFANTRINE,P01BX01,malaria,antimalarial agent,False,False
CHEMBL1108,DROPERIDOL,N05AD08,nausea|vomiting,dopamine receptor antagonist,False,True
CHEMBL94454,MIZOLASTINE,R06AX25,urticaria|allergic rhinitis,histamine receptor antagonist,False,True
CHEMBL1109,SULFAPHENAZOLE,J01ED08;S01AB05,urinary tract infections,dihydropteroate synthetase inhibitor,False,False
CHEMBL1110,ALOSETRON,A03AE01,,serotonin receptor antagonist,False,True
CHEMBL94394,BUFEXAMAC,M01AB17;M02AA09,,cyclooxygenase inhibitor,False,False
CHEMBL316561,PROGLUMIDE,A02BX06,,CCK receptor antagonist,False,False
CHEMBL1111,AMBRISENTAN,C02KX02,pulmonary arterial hypertension (PAH),endothelin receptor antagonist,False,False
CHEMBL1112,ARIPIPRAZOLE,N05AX12,depression|schizophrenia|bipolar disorder,serotonin receptor agonist|serotonin receptor antagonist,False,True
CHEMBL1113,AMOXAPINE,N06AA17,depression,norepinephrine reputake inhibitor,False,True
CHEMBL1115,PYRIDOSTIGMINE,N07AA02,,,False,True
CHEMBL1116,RALOXIFENE HYDROCHLORIDE,,,,False,False
CHEMBL1117,IDARUBICIN,L01DB06,acute myeloid leukemia (AML),topoisomerase inhibitor,False,False
CHEMBL95889,BETAINE,A16AA06,homocystinuria,nitric oxide donor,False,False
CHEMBL1118,DESVENLAFAXINE,N06AX23,depression,serotonin–norepinephrine reuptake inhibitor (SNRI),False,True
CHEMBL319144,MINODRONIC ACID,,,,False,False
CHEMBL328190,LASOFOXIFENE,G03XC03,osteoporosis|breast cancer,selective estrogen receptor modulator (SERM),False,False
CHEMBL317052,REGADENOSON ANHYDROUS,,,,False,False
CHEMBL329522,EXIFONE,,,nootropic agent,False,False
CHEMBL99946,LEVOMILNACIPRAN,N06AX28,,,False,True
CHEMBL317094,IMIDAPRIL,C09AA16,hypertension|congestive heart failure,angiotensin converting enzyme inhibitor,False,False
CHEMBL100116,PENTAZOCINE,N02AD01,,,False,True
CHEMBL1123,DICYCLOMINE,A03AA07,,,False,False
CHEMBL1126,PENICILLIN G SODIUM,,,,False,False
CHEMBL1128,EDROPHONIUM CHLORIDE,,,,False,False
CHEMBL1129,TRIFLURIDINE,L01BC59;S01AD02,virus herpes simplex (HSV),DNA directed DNA polymerase inhibitor|thymidylate synthase inhibitor,False,False
CHEMBL1131,ACITRETIN,D05BB02,psoriasis,retinoid receptor agonist,False,False
CHEMBL1133,OXYBUTYNIN CHLORIDE,,,,False,False
CHEMBL1134,DECAMETHONIUM BROMIDE,,,,False,False
CHEMBL1136,TELITHROMYCIN,J01FA15,pneumonia,bacterial 30S ribosomal subunit inhibitor|bacterial 50S ribosomal subunit inhibitor,False,False
CHEMBL1138,EZETIMIBE,C10AX09,hyperlipidemia|hypercholesterolemia|sitosterolemia,cholesterol inhibitor|Niemann-Pick C1-like 1 protein antagonist,False,False
CHEMBL1139,EPOPROSTENOL,B01AC09,hypertension,prostacyclin analog,False,False
CHEMBL1140,NIACINAMIDE,A11HA01,,,False,False
CHEMBL418995,AMINEPTINE,N06AA19,,dopamine receptor agonist,False,True
CHEMBL106258,AMINOREX,,,,False,False
CHEMBL110458,MIGALASTAT,A16AX14,,,False,False
CHEMBL108545,METHYL SALICYLATE,,,,False,False
CHEMBL1141,POTASSIUM IODIDE,R05CA02;V03AB21;S01XA04,,,False,False
CHEMBL1144,PRAVASTATIN,C10AA03,hypercholesterolemia|myocardial infarction|hyperlipidemia,HMGCR inhibitor,False,False
CHEMBL1146,CEFAMANDOLE,J01DC03,skin infections|urinary tract infections|respiratory tract infections,bacterial cell wall synthesis inhibitor,False,False
CHEMBL1148,TORSEMIDE,C03CA04,,,False,False
CHEMBL1149,LEVOCARNITINE,A16AA01,carnitine deficiency,,False,False
CHEMBL1152,PREDNISOLONE ACETATE,,,,False,False
CHEMBL110691,CHLORMADINONE ACETATE,G03DB06,,,False,False
CHEMBL325041,BORTEZOMIB,L01XG01,multiple myeloma|mantle cell lymphoma (MCL),NFkB pathway inhibitor|proteasome inhibitor,False,False
CHEMBL1159,PINACIDIL ANHYDROUS,,,,False,False
CHEMBL1161,MOMETASONE FUROATE,D07AC13;D07XC03;R01AD09;R03BA07,,,False,False
CHEMBL1162,NORETHINDRONE,G03DC02;G03AC01,endometriosis,progesterone receptor agonist,False,False
CHEMBL1163,ATAZANAVIR,J05AE08,human immunodeficiency virus (HIV-1),HIV protease inhibitor,False,False
CHEMBL1165,MOEXIPRIL,C09AA13,hypertension,angiotensin converting enzyme inhibitor,False,False
CHEMBL1166,ARGATROBAN,B01AE03,heparin-induced thrombocytopenia (HIT),thrombin inhibitor,False,False
CHEMBL1167,SPECTINOMYCIN,J01XX04,airsacculitis|chronic respiratory disease,bacterial 30S ribosomal subunit inhibitor,False,False
CHEMBL1168,RAMIPRIL,C09AA05,hypertension,angiotensin converting enzyme inhibitor,False,False
CHEMBL419213,LISINOPRIL,C09AA03,hypertension|congestive heart failure|diabetes mellitus,angiotensin converting enzyme inhibitor,False,False
CHEMBL1169,AMINOSALICYLIC ACID,J04AA01,,,False,False
CHEMBL1170,TESTOSTERONE PROPIONATE,,,,False,False
CHEMBL117287,PRUCALOPRIDE,A06AX05,constipation,serotonin receptor agonist,False,True
CHEMBL1172,DESLORATADINE,R06AX27,allergic rhinitis|urticaria,histamine receptor antagonist,False,True
CHEMBL333826,DEQUALINIUM,G01AC05;D08AH01;R02AA02,first-aid antiseptic,PKC inhibitor,False,False
CHEMBL1175,DULOXETINE,N06AX21,depression|generalized anxiety disorder (GAD)|muscle pain|peripheral neuropathy,norepinephrine reuptake inhibitor|serotonin–norepinephrine reuptake inhibitor (SNRI),True,True
CHEMBL1177,PEMOLINE,N06BA05,,,False,True
CHEMBL119423,TISOPURINE,M04AA02,,,False,False
CHEMBL117785,TETRABENAZINE,N07XX06,cholera|Huntington's disease,vesicular monoamine transporter inhibitor,False,True
CHEMBL1184,ACETYLCHOLINE CHLORIDE,,,,False,False
CHEMBL1185,ZOLMITRIPTAN,N02CC03,migraine headache,serotonin receptor agonist,True,True
CHEMBL338975,PHYSOSTIGMINE SALICYLATE,,,,False,False
CHEMBL121663,DEQUALINIUM CHLORIDE,,,,False,False
CHEMBL1190,DECAMETHONIUM,,muscle relaxant,acetylcholine receptor agonist,False,True
CHEMBL339427,TUBOCURARINE,M03AA02,anesthetic,acetylcholine receptor antagonist,False,True
CHEMBL338802,SULFAGUANIDINE,A07AB03,urinary tract infections,bacterial antifolate,False,False
CHEMBL1191,SULFAMETHIZOLE,S01AB01;D06BA04;J01EB02;B05CA04,urinary tract infections,bacterial antifolate,False,False
CHEMBL1193,PHENIRAMINE,D04AA16;R06AB05,allergic rhinitis|urticaria,histamine receptor antagonist,False,True
CHEMBL1194,PRILOCAINE,N01BB04;N01BB54,anesthetic,local anesthetic,False,True
CHEMBL1195,PROPOXYCAINE,,anesthetic,local anesthetic,False,True
CHEMBL1196,PROPARACAINE,S01HA04,,,False,False
CHEMBL1197,HEXYLCAINE,,local anesthetic,sodium channel blocker,False,True
CHEMBL1198,PRAMOXINE,D04AB07;C05AD07,corticosteroid-responsive dermatoses,topical anesthetic,False,False
CHEMBL1200,BENOXINATE,D04AB03;S01HA02,,,False,False
CHEMBL1201,THIOTHIXENE,N05AF04,schizophrenia,dopamine receptor antagonist,False,True
CHEMBL126224,IPRINDOLE,N06AA13,,,False,True
CHEMBL127516,BUTAMBEN,,,sodium channel blocker,False,True
CHEMBL1202,CIPROFLOXACIN HYDROCHLORIDE,,,,False,False
CHEMBL1205,NELFINAVIR MESYLATE,,,,False,False
CHEMBL1206,ETHOPROPAZINE,N04AA05,,,False,False
CHEMBL1208,CINOXACIN,J01MB06,urinary tract infections,topoisomerase inhibitor,False,False
CHEMBL334966,CANGRELOR,B01AC25,myocardial infarction,purinergic receptor antagonist,False,False
CHEMBL1214,CARBENICILLIN,J01CA03,gram-negative bacterial infections,bacterial cell wall synthesis inhibitor,False,False
CHEMBL340978,BENOXAPROFEN,M01AE06,,,False,False
CHEMBL1215,PHENYLEPHRINE,R01AA04;R01BA53;R01BA03;S01FB01;S01GA05;C01CA06;S01GA55;C05AX06;R01AB01,nasal congestion|hemorrhoids|hypotension,adrenergic receptor agonist,False,True
CHEMBL1218,RAMELTEON,N05CH02,insomnia,melatonin receptor agonist,False,True
CHEMBL1219,RABEPRAZOLE,A02BC04;A02BC54,gastroesophageal reflux disease (GERD)|duodenal ulcer disease|Zollinger-Ellison syndrome,ATPase inhibitor|gastrin inhibitor,False,False
CHEMBL1220,TINIDAZOLE,G01AF21;P01AB02;J01XD02,giardiasis|amebiasis|bacterial vaginosis|trichomoniasis,antiprotozoal agent,False,False
CHEMBL1221,SULCONAZOLE,D01AC09,tinea pedis|tinea cruris|tinea corporis,sterol demethylase inhibitor,False,False
CHEMBL135400,ZOPICLONE,N05CF01,,,False,True
CHEMBL1223,PENICILLIN G POTASSIUM,,,,False,False
CHEMBL1224,ACRIVASTINE,R06AX18,allergic rhinitis,histamine receptor antagonist,False,True
CHEMBL344159,TOLVAPTAN,C03XA01,hyponatremia|congestive heart failure|hepatic cirrhosis,vasopressin receptor antagonist,False,False
CHEMBL1228,OXYPHENBUTAZONE ANHYDROUS,,,,False,False
CHEMBL1229,OSELTAMIVIR,J05AH02,,,False,False
CHEMBL139367,PERAMIVIR ANHYDROUS,J05AH03,,,False,False
CHEMBL341812,IBUFENAC,,,,False,False
CHEMBL1231,OXYBUTYNIN,G04BD04,urinary incontinence,acetylcholine receptor antagonist,False,True
CHEMBL1232,ERTAPENEM SODIUM,,,,False,False
CHEMBL1233,CARISOPRODOL,M03BA72;M03BA02;M03BA52,,,False,False
CHEMBL1237,LISINOPRIL ANHYDROUS,,,,False,False
CHEMBL1238,AZELAIC ACID,D10AX03,,,False,False
CHEMBL1239,BENZYL BENZOATE,P03AX01,,,False,False
CHEMBL1240,PROPANTHELINE BROMIDE,,,,False,False
CHEMBL1241,TRIPELENNAMINE,R06AC04;D04AA04,asthma|allergic rhinitis|urticaria,histamine receptor antagonist,False,True
CHEMBL1242,PHENAZOPYRIDINE,G04BX06,urinary tract infections,local anesthetic,False,False
CHEMBL141305,CYCLOFENIL,G03GB01,,,False,False
CHEMBL139877,SULFACARBAMIDE,,,,False,False
CHEMBL1243,SULFABENZAMIDE,,gram-negative bacterial infections|gram-positive bacterial infections,bacterial antifolate,False,False
CHEMBL142703,VILDAGLIPTIN,A10BH02,diabetes mellitus,dipeptidyl peptidase inhibitor,False,False
CHEMBL1245,TRIMETHAPHAN CAMSYLATE,,,,False,False
CHEMBL142635,NAFTOPIDIL,,benign prostatic hyperplasia (BPH),adrenergic receptor antagonist,False,True
CHEMBL1256,ISOFLURANE,N01AB06,general anaesthetic,inhaled anaesthetic,False,True
CHEMBL1257,ENFLURANE,N01AB04,anesthetic,membrane permeability inhibitor,False,True
CHEMBL1259,METOCURINE,,muscle relaxant,acetylcholine receptor antagonist,False,True
CHEMBL1261,CITRIC ACID,A09AB04,,,False,False
CHEMBL144673,HEXETIDINE,G01AX16;A01AB12,pharyngitis|meningitis|laryngitis|gingivitis|ulcerative colitis,local anesthetic,False,False
CHEMBL1262,OXICONAZOLE,G01AF17;D01AC11,tinea pedis|tinea cruris|tinea corporis,bacterial cell wall synthesis inhibitor,False,False
CHEMBL1263,SALMETEROL,R03AC12,asthma|chronic obstructive pulmonary disease (COPD)|bronchospasm,adrenergic receptor agonist,False,True
CHEMBL1265,ADAPALENE,D10AD53;D10AD03,acne vulgaris (AV),retinoid receptor agonist,False,False
CHEMBL146095,GLAFENINE,N02BG03,,DeltaF508-CFTR Correctors,False,True
CHEMBL1266,TETRAHYDROZOLINE,S01GA52;R01AA06;R01AB03;S01GA02,eye irritation,adrenergic receptor agonist,False,True
CHEMBL1271,PENTOLINIUM,,hypertension,cholinergic receptor antagonist,False,False
CHEMBL1272,REPAGLINIDE,A10BX02,diabetes mellitus,insulin secretagogue,False,False
CHEMBL1274,NILUTAMIDE,L02BB02,prostate cancer,androgen receptor antagonist,False,False
CHEMBL1275,PERGOLIDE MESYLATE,,,,False,False
CHEMBL1278,NARATRIPTAN,N02CC02,migraine headache,serotonin receptor agonist,False,True
CHEMBL1279,FROVATRIPTAN,N02CC07,migraine headache,serotonin receptor agonist,False,True
CHEMBL1280,VERAPAMIL HYDROCHLORIDE,,,,False,False
CHEMBL149972,PHENOBARBITAL SODIUM,,,,False,False
CHEMBL1282,IMIQUIMOD,D06BB10,actinic keratosis (AK)|genital warts|basal cell carcinoma (BCC),interferon inducer|toll-like receptor agonist,False,False
CHEMBL348000,CINCHOPHEN,M04AC02,gout,analgesic agent,False,False
CHEMBL1286,LEVETIRACETAM,N03AX14,seizures,calcium channel blocker,True,True
CHEMBL1289,HALOPROGIN,D01AE11,tinea pedis,other antifungal,False,False
CHEMBL1290,PENBUTOLOL,C07AA23,hypertension,adrenergic receptor antagonist,False,True
CHEMBL345524,ANTRAFENINE,,,,False,False
CHEMBL152684,BECLOBRATE,,,,False,False
CHEMBL1291,METIPRANOLOL,S01ED04;S01ED54,,adrenergic receptor antagonist,False,True
CHEMBL1292,CLOFAZIMINE,J04BA01,leprosy,GK0582 inhibitor,False,False
CHEMBL1293,BETA CAROTENE,D02BB01;A11CA02,,,False,False
CHEMBL1294,QUINIDINE,C01BA01;C01BA51;C01BA71,malaria|atrial fibrillation (AF)|ventricular arrhythmias,sodium channel blocker,False,True
CHEMBL1295,BUTOCONAZOLE,G01AF15,vulvovaginal candidiasis,bacterial cell wall synthesis inhibitor,False,False
CHEMBL1296,CEFOTIAM,J01DC07,bacterial septicemia|bone and joint infections|respiratory tract infections|skin infections|urinary tract infections,bacterial cell wall synthesis inhibitor,False,False
CHEMBL1297,FENOPROFEN,M01AE04,rheumatoid arthritis|osteoarthritis,prostaglandin inhibitor,False,False
CHEMBL345714,ACIPIMOX,C10AD06,hyperlipidemia,cholesterol inhibitor,False,False
CHEMBL157101,KETOCONAZOLE,D01AC08;G01AF11;H02CA03;J02AB02,seborrheic dermatitis,sterol demethylase inhibitor,False,False
CHEMBL170,QUININE,M09AA72;P01BC01,malaria,hemozoin biocrystallization inhibitor,False,False
CHEMBL346235,DIAMTHAZOLE DIHYDROCHLORIDE,,,,False,False
CHEMBL1301,HYDROXYSTILBAMIDINE,,,,False,False
CHEMBL1303,ROTIGOTINE,N04BC09,Parkinson's Disease|restless leg syndrome,dopamine receptor agonist,False,True
CHEMBL349803,PIRETANIDE,C03CA03,hypertension|edema,glucocorticoid receptor agonist,False,False
CHEMBL1305,ANTAZOLINE,R01AC04;R06AX05,conjunctivitis|nasal congestion,antihistamine,False,True
CHEMBL1311,ISOSORBIDE MONONITRATE,C01DA14,,,False,False
CHEMBL1314,TIOPRONIN,G04BX16,kidney stones,chelating agent|reducing agent,False,False
CHEMBL1316,CARPROFEN,,osteoarthritis,cyclooxygenase inhibitor,False,False
CHEMBL159226,MOXISYLYTE,G04BE06;C04AX10,,adrenergic receptor antagonist,False,True
CHEMBL1321,PROCARBAZINE,L01XB01,Hodgkin's lymphoma,monoamine oxidase inhibitor,False,True
CHEMBL1323,DARUNAVIR,J05AE10,human immunodeficiency virus (HIV-1),HIV protease inhibitor,False,False
CHEMBL1324,TOLCAPONE,N04BX01,,catechol O methyltransferase inhibitor,False,False
CHEMBL162036,BENORILATE,N02BA10,,,False,True
CHEMBL1328,PENTAGASTRIN,V04CG04,anacidity diagnostic|gastric hypersecretion diagnostic,CCK receptor agonist,False,False
CHEMBL1336,SORAFENIB,L01EX02,renal cell carcinoma (RCC)|thyroid cancer|hepatocellular carcinoma (HCC),FLT3 inhibitor|KIT inhibitor|PDGFR tyrosine kinase receptor inhibitor|RAF inhibitor|RET tyrosine kinase inhibitor|VEGFR inhibitor,False,False
CHEMBL168815,CEVIMELINE,N07AX03,sjogren's syndrome,acetylcholine receptor agonist,False,True
CHEMBL167731,PIXANTRONE,L01DB11,non-Hodgkin lymphoma (NHL),topoisomerase inhibitor,False,False
CHEMBL1337,NITISINONE,A16AX04,tyrosinemia,hydroxyphenylpyruvate dioxygenase inhibitor,False,False
CHEMBL170988,PHENFORMIN,A10BA01,,AMPK activator,False,False
CHEMBL169901,DEBRISOQUIN,C02CC04,hypertension,adrenergic neuron blocker,False,True
CHEMBL354077,AMIFAMPRIDINE,N07XX05,Lambert-Eaton myasthenic syndrome (LEMS),potassium channel blocker,False,True
CHEMBL354541,LOMITAPIDE,C10AX12,hypercholesterolemia,microsomal trigylceride transfer protein inhibitor,False,False
CHEMBL1339,VARDENAFIL HYDROCHLORIDE,,,,False,False
CHEMBL1341,METHOXYFLURANE,N02BG09,general anaesthetic,membrane permeability inhibitor,False,True
CHEMBL1342,OXYBATE,,,,False,False
CHEMBL1345,GUANETHIDINE MONOSULFATE,,,,False,False
CHEMBL1346,DARIFENACIN,G04BD10,urinary incontinence,acetylcholine receptor antagonist,False,True
CHEMBL175691,RILPIVIRINE,J05AG05,human immunodeficiency virus (HIV-1),non-nucleoside reverse transcriptase inhibitor,False,False
CHEMBL1349,VALACYCLOVIR,J05AB11,,,False,False
CHEMBL539423,SPARSENTAN,C09XX01,,angiotensin receptor antagonist,False,False
CHEMBL180022,NERATINIB,L01EH02,breast cancer,EGFR inhibitor,False,False
CHEMBL1350,TILUDRONIC ACID,M05BA05,,,False,False
CHEMBL178803,BLONANSERIN,,schizophrenia,dopamine receptor antagonist|serotonin receptor antagonist,False,True
CHEMBL360328,LORCASERIN,A08AA11,,,False,False
CHEMBL361812,RAMATROBAN,,coronary artery disease (CAD)|asthma,prostanoid receptor antagonist,False,False
CHEMBL1356,SODIUM BENZOATE,A16AX11,,,False,False
CHEMBL1358,FULVESTRANT,L02BA03,breast cancer,estrogen receptor antagonist,False,False
CHEMBL1359,ERTAPENEM,J01DH03,intra-abdominal infections|skin infections|pneumonia|urinary tract infections|gynecologic infections|postpartum endomyometritis,bacterial cell wall synthesis inhibitor,False,False
CHEMBL174,AMPICILLIN,J01CA01;J01CA51;S01AA19,respiratory tract infections|meningitis|bacterial septicemia|endocarditis|urinary tract infections|gastrointestinal infections,bacterial cell wall synthesis inhibitor,False,False
CHEMBL185073,PANCURONIUM,M03AC01,endotracheal intubation|muscle relaxant,acetylcholine receptor antagonist,False,True
CHEMBL1363,ARFORMOTEROL,,,,False,False
CHEMBL1364,PYRIDOXINE,A11HA02,vitamin B6 deficiency,vitamin B,False,False
CHEMBL184412,DRONEDARONE,C01BD07,atrial fibrillation (AF),adrenergic receptor antagonist,False,True
CHEMBL363295,TERODILINE,G04BD05,,cholinergic receptor antagonist,False,False
CHEMBL439849,VILAZODONE,N06AX24,depression,serotonin reuptake inhibitor,False,True
CHEMBL1370,BUDESONIDE,A07EA06;R03BA02;D07AC09;R01AD05,Crohn's disease,glucocorticoid receptor agonist,False,False
CHEMBL361506,PENTAMIDINE ISETHIONATE,P01CX01,,,False,False
CHEMBL189171,ACEMETACIN,M01AB11,osteoarthritis,cyclooxygenase inhibitor,False,False
CHEMBL188952,PIRPROFEN,M01AE08,,,False,False
CHEMBL1371,CHLORZOXAZONE,M03BB53;M03BB03;M03BB73,muscle relaxant,bacterial 30S ribosomal subunit inhibitor,False,False
CHEMBL361497,ARTESUNATE,P01BE03,malaria,DNA synthesis inhibitor,False,False
CHEMBL188921,BUFLOMEDIL,C04AX20,peripheral artery disease (PAD),adrenergic receptor antagonist|calcium channel blocker,False,True
CHEMBL187709,TRIPARANOL,,,,False,False
CHEMBL191083,METHYLENE BLUE CATION,,,,False,False
CHEMBL1373,MODAFINIL,N06BA07,,,False,True
CHEMBL365795,TIAPROFENIC ACID,M01AE11,,,False,False
CHEMBL435298,ESFLURBIPROFEN,M02AA29,,,False,False
CHEMBL175,DEXIBUPROFEN,M01AE14,,,False,False
CHEMBL190461,CANNABIDIOL,N03AX24,,,True,True
CHEMBL189963,PALBOCICLIB,L01EF01,breast cancer,CDK inhibitor,False,False
CHEMBL364713,NOSCAPINE,R05DA07,cough suppressant,bradykinin receptor antagonist|tubulin polymerization inhibitor,False,False
CHEMBL1377,PROGUANIL,P01BB01;P01BB51,malaria,dihydrofolate reductase inhibitor,False,False
CHEMBL1378,THIETHYLPERAZINE,R06AD03,nausea,dopamine receptor antagonist,False,True
CHEMBL193240,ROFLUMILAST,R03DX07;D05AX06,chronic obstructive pulmonary disease (COPD)|bronchitis,phosphodiesterase inhibitor,False,False
CHEMBL1380,ABACAVIR,J05AF06,human immunodeficiency virus (HIV-1),nucleoside reverse transcriptase inhibitor,False,False
CHEMBL1382,TOLTERODINE,G04BD07,urinary incontinence|urinary frequency,acetylcholine receptor antagonist,False,True
CHEMBL426084,SAMIDORPHAN,,,,False,False
CHEMBL197084,TROFINETIDE,N07XX24,,cytokine production inhibitor,False,True
CHEMBL193482,ESTRIOL,G03CA04;G03CC06,menopause|vaginal atrophy|urinary tract infections,estrogen receptor agonist,False,False
CHEMBL1387,NORETHYNODREL,,,,False,False
CHEMBL1388,MONOBENZONE,D11AX13,skin depigmentation,melanin inhibitor,False,False
CHEMBL1389,LEVONORGESTREL,G03AD01;G03AC03,contraceptive,estrogen receptor agonist|glucocorticoid receptor antagonist|progesterone receptor agonist|progesterone receptor antagonist,False,False
CHEMBL1393,SPIRONOLACTONE,C03DA01,hyperaldosteronism|congestive heart failure|hepatic cirrhosis|nephrotic syndrome|hypertension|hypokalemia,mineralocorticoid receptor antagonist,False,False
CHEMBL363392,MARALIXIBAT,,,,False,False
CHEMBL1395,METHYLTESTOSTERONE,G03BA02;G03EK01,,,False,False
CHEMBL198362,RIVAROXABAN,B01AF01,stroke|systemic embolism|atrial fibrillation (AF)|deep vein thrombosis (DVT)|pulmonary embolism (PE),coagulation factor inhibitor,False,False
CHEMBL370805,COCAINE,N01BC01;S02DA02;S01HA01;R02AD03,,,False,False
CHEMBL1397,POSACONAZOLE,J02AC04,oropharyngeal candidiasis,sterol demethylase inhibitor,False,False
CHEMBL178,DAUNORUBICIN,L01DB02,acute myeloid leukemia (AML)|acute lymphoblastic leukemia (ALL),RNA synthesis inhibitor|topoisomerase inhibitor,False,False
CHEMBL1399,ANASTROZOLE,L02BG03,breast cancer,aromatase inhibitor,False,False
CHEMBL1401,NITAZOXANIDE,P01AX11,diarrhea,pyruvate ferredoxin oxidoreductase inhibitor,False,False
CHEMBL201960,PYROVALERONE,,,,False,False
CHEMBL204656,ELVITEGRAVIR,J05AJ02,human immunodeficiency virus (HIV-1),HIV integrase inhibitor,False,False
CHEMBL1404,RANOLAZINE,C01EB18,chronic stable angina,sodium channel blocker,False,True
CHEMBL203266,TRIMETAZIDINE,C01EB15,angina pectoris,3-ketoacyl CoA thiolase inhibitor,False,False
CHEMBL206253,NETUPITANT,,nausea|vomiting,tachykinin antagonist,False,False
CHEMBL1405,ESTRONE,G03CC04;G03CA07,menopause,estrogen receptor agonist|estrogenic hormone,False,False
CHEMBL205596,CHOLIC ACID,A05AA03,,,False,False
CHEMBL1409,FLUVOXAMINE MALEATE,,,,False,False
CHEMBL427216,GLICLAZIDE,A10BB09,diabetes mellitus,ATP channel blocker|insulin secretagogue,False,False
CHEMBL207538,BREXANOLONE,N06AX29,,,False,True
CHEMBL211456,EPHEDRINE,C01CA26;R01AB05;A08AA56;R01AA03;S01FB02,hypotension|asthma|narcolepsy|obesity,adrenergic receptor agonist,False,True
CHEMBL1413,CICLOPIROX,D01AE14;G01AX12,onychomycosis,membrane integrity inhibitor,False,False
CHEMBL443052,TAVABOROLE,D01AE24,onychomycosis,leucyl-tRNA synthetase inhibitor,False,False
CHEMBL211471,NEOSTIGMINE METHYLSULFATE,,,,False,False
CHEMBL378544,VINBLASTINE SULFATE,,,,False,False
CHEMBL1419,SIBUTRAMINE,A08AA10,,,False,False
CHEMBL1420,PRALIDOXIME,V03AB04,organophosphate poisoning,acetylcholinesterase inhibitor,False,True
CHEMBL218291,FORODESINE,,peripheral T-cell lymphoma (PTCL),purinergic receptor antagonist,False,False
CHEMBL215303,GARENOXACIN,J01MA19,respiratory tract infections,topoisomerase inhibitor,False,False
CHEMBL218394,BOCEPREVIR,J05AP03,hepatitis C,HCV inhibitor,False,False
CHEMBL385517,SAXAGLIPTIN ANHYDROUS,,,,False,False
CHEMBL1421,DASATINIB ANHYDROUS,L01EA02,,,False,False
CHEMBL1422,SITAGLIPTIN,A10BH01,diabetes mellitus,dipeptidyl peptidase inhibitor,False,False
CHEMBL1423,PIMOZIDE,N05AG02,Tourette's disorder,dopamine receptor antagonist,False,True
CHEMBL386630,TESTOSTERONE,G03BA03,,,False,False
CHEMBL1425,MERCAPTOPURINE ANHYDROUS,,,,False,False
CHEMBL219916,DOMPERIDONE,A03FA03,fescue toxicosis,dopamine receptor antagonist,False,True
CHEMBL181,DIAZOXIDE,V03AH01;C02DA01,hypoglycemia,potassium channel activator,False,True
CHEMBL374478,RIFAMPIN,J04AB02,tuberculosis|meningitis,RNA polymerase inhibitor,False,False
CHEMBL218650,DELAMANID,J04AK06,tuberculosis,bacterial cell wall synthesis inhibitor,False,False
CHEMBL1428,NIMODIPINE,C08CA06,hemorrhage,calcium channel blocker,False,True
CHEMBL384467,DEXAMETHASONE,A01AC02;R01AD03;S02BA06;S03BA01;D07AB19;D10AA03;S01CB01;C05AA09;D07XB05;H02AB02;S01BA01,hypercalcemia|rheumatoid arthritis|psoriatic arthritis|osteoarthritis|allergic rhinitis|ulcerative colitis|anemia|multiple sclerosis|enteritis|lupus|dermatitis herpetiformis (DH)|nephrotic syndrome|psoriasis,glucocorticoid receptor agonist,True,True
CHEMBL182,GANCICLOVIR,S01AD09;J05AB06,cytomegalovirus (CMV),DNA polymerase inhibitor,False,False
CHEMBL184,ACYCLOVIR,J05AB01;S01AD03;D06BB53;D06BB03,genitial herpes|shingles|chicken pox,DNA polymerase inhibitor,False,False
CHEMBL374731,TELBIVUDINE,J05AF11,hepatitis B,DNA polymerase inhibitor,False,False
CHEMBL218490,DORZOLAMIDE,S01EC03,intraocular pressure|glaucoma,carbonic anhydrase inhibitor,False,False
CHEMBL220491,BRINZOLAMIDE,S01EC04;S01EC54,intraocular pressure|glaucoma|ocular hypertension,carbonic anhydrase inhibitor,False,False
CHEMBL220492,TOPIRAMATE,N03AX11,epilepsy|migraine headache,carbonic anhydrase inhibitor|glutamate receptor antagonist|kainate receptor antagonist,True,True
CHEMBL426559,LAROPIPRANT,,cholesterol,prostanoid receptor antagonist,False,False
CHEMBL221959,TOFACITINIB,L04AF01,rheumatoid arthritis,JAK inhibitor,False,False
CHEMBL185,FLUOROURACIL,L01BC02;L01BC52,,,False,False
CHEMBL1430,PENICILLAMINE,M01CC01,,,False,False
CHEMBL1431,METFORMIN,A10BA02,diabetes mellitus,insulin sensitizer,False,False
CHEMBL376897,METHSCOPOLAMINE,A03BB03;S01FA03,peptic ulcer disease (PUD),acetylcholine receptor antagonist,False,True
CHEMBL1433,DOXYCYCLINE ANHYDROUS,,,,False,False
CHEMBL1434,MINOCYCLINE,A01AB23;D10AF07;J01AA08,fever|respiratory tract infections|psittacosis|trachoma|conjunctivitis|urethritis|chancroid|tularemia|cholera|brucellosis,bacterial 30S ribosomal subunit inhibitor,True,True
CHEMBL1435,CEFAZOLIN,J01DB04,urinary tract infections|skin infections|bacterial septicemia|endocarditis|surgical prophylaxis|bone and joint infections,bacterial cell wall synthesis inhibitor,False,False
CHEMBL1436,CEFUROXIME,J01DC02;S01AA27,gram-negative bacterial infections,bacterial cell wall synthesis inhibitor,False,False
CHEMBL186,CEFEPIME,J01DE01,pneumonia|urinary tract infections|skin infections|intra-abdominal infections,bacterial cell wall synthesis inhibitor,False,False
CHEMBL374975,FUSIDIC ACID,J01XC01;S01AA13;D06AX01;D09AA02,,,False,False
CHEMBL222559,TIPRANAVIR,J05AE09,human immunodeficiency virus (HIV-1),HIV protease inhibitor,False,False
CHEMBL1437,NOREPINEPHRINE,C01CA03,hypertension|urticaria|headache|seasonal affective disorder,adrenergic receptor agonist,False,True
CHEMBL221722,FAVIPIRAVIR,J05AX27,,RNA polymerase inhibitor,False,False
CHEMBL222813,ZANAMIVIR,J05AH01,influenza A virus infection,neuraminidase inhibitor,False,False
CHEMBL1439,TAZOBACTAM SODIUM,,,,False,False
CHEMBL376140,TIGECYCLINE,J01AA12,skin infections|pneumonia|intra-abdominal infections,bacterial 30S ribosomal subunit inhibitor,False,False
CHEMBL223448,BROXYQUINOLINE,G01AC06;A07AX01;P01AA01,,antiprotozoal agent,False,False
CHEMBL376488,BEDAQUILINE,J04AK05,tuberculosis,ATPase inhibitor,False,False
CHEMBL1440,TETRACYCLINE,D06AA04;S03AA02;S01AA09;S02AA08;A01AB13;J01AA07,respiratory tract infections|pneumonia|skin infections|urinary tract infections|acne vulgaris (AV)|plague|psittacosis,bacterial 30S ribosomal subunit inhibitor,False,False
CHEMBL1441,ETHIONAMIDE,J04AD03,tuberculosis,mycolic synthesis inhibitor,False,False
CHEMBL225071,RALTITREXED,L01BA03,mesothelioma,thymidylate synthase inhibitor,False,False
CHEMBL225072,PEMETREXED,L01BA04,non-small cell lung cancer (NSCLC)|mesothelioma,dihydrofolate reductase inhibitor|thymidylate synthase inhibitor,False,False
CHEMBL389621,HYDROCORTISONE,A07EA02;S01CB03;D07XA01;S01BA02;D07AA02;A01AC03;R01AD60;C05AA01;H02AB09;S02BA01,eczema|psoriasis|seborrheic dermatitis|itching,glucocorticoid receptor agonist,False,False
CHEMBL1443,NAFCILLIN,J01CF06,gram-positive bacterial infections,bacterial cell wall synthesis inhibitor,False,False
CHEMBL388590,BENZBROMARONE,M04AB03,gout,chloride channel blocker,False,False
CHEMBL1444,LETROZOLE,L02BG04,breast cancer,aromatase inhibitor,False,False
CHEMBL223228,EFAVIRENZ,J05AG03,human immunodeficiency virus (HIV-1),HIV protease inhibitor,False,False
CHEMBL227529,ALOGLIPTIN BENZOATE,,,,False,False
CHEMBL1445,FLUOXYMESTERONE,G03BA01,,,False,False
CHEMBL376359,ALOGLIPTIN,A10BH04,diabetes mellitus,dipeptidyl peptidase inhibitor,False,False
CHEMBL1447,LINCOMYCIN,J01FF02,enteritis,bacterial 30S ribosomal subunit inhibitor,False,False
CHEMBL227875,PRETOMANID,J04AK08,,nitric oxide donor,False,False
CHEMBL1448,NICLOSAMIDE,P02DA01,tapeworm,DNA replication inhibitor|STAT inhibitor,False,False
CHEMBL1449,TICARCILLIN,J01CA13,gram-negative bacterial infections,lactamase inhibitor,False,False
CHEMBL1450,ATOVAQUONE,P01AX06,pneumonia,mitochondrial electron transport inhibitor,False,False
CHEMBL229128,MEPHENESIN,M03BX06,muscle relaxant,muscle relaxant,False,False
CHEMBL189,MILRINONE,C01CE02,congestive heart failure,phosphodiesterase inhibitor,False,False
CHEMBL1451,TRIAMCINOLONE,H02AB08;R03BA06;R01AD11;D07XB02;S01BA05;C05AA12;D07AB09;A01AC01,corticosteroid-responsive dermatoses,glucocorticoid receptor agonist,False,False
CHEMBL230158,SELADELPAR,A05AX07,,PPAR receptor agonist,False,False
CHEMBL1454,LEVAMISOLE,P02CE01,,acetylcholine receptor agonist,False,True
CHEMBL1455,ALTRETAMINE,L01XX03,ovarian cancer,DNA synthesis inhibitor,False,False
CHEMBL1456,MYCOPHENOLATE MOFETIL,,,,False,False
CHEMBL1457,HYDROCODONE,R05DA03,,,False,False
CHEMBL396778,SAFINAMIDE,N04BD03,Parkinson's Disease,dopamine reuptake inhibitor|glutamate inhibitor|monoamine oxidase inhibitor,False,True
CHEMBL231068,FLIBANSERIN,G02CX02,hypoactive sexual desire disorder,serotonin receptor agonist,False,True
CHEMBL243712,AMISULPRIDE,N05AL05,psychosis|bipolar disorder|schizophrenia,dopamine receptor antagonist,False,True
CHEMBL395091,ESKETAMINE,N06AX27;N01AX14,,,True,True
CHEMBL1460,DIDANOSINE,J05AF02,human immunodeficiency virus (HIV-1),nucleoside reverse transcriptase inhibitor,False,False
CHEMBL231884,DIOSMIN,C05CA53;C05CA03,chronic venous insufficiency (CVI)|edema|deep vein thrombosis (DVT)|statis dermatitis|heavy leg syndrome,aryl hydrocarbon receptor agonist|capillary stabilizing agent,False,False
CHEMBL1463,FLUCYTOSINE,J02AX01;D01AE21,bacterial septicemia|endocarditis|urinary tract infections|meningitis,other antifungal,False,False
CHEMBL1464,WARFARIN,B01AA03,deep vein thrombosis (DVT)|pulmonary embolism (PE)|atrial fibrillation (AF)|myocardial infarction,vitamin K antagonist,False,False
CHEMBL397420,ACENOCOUMAROL,B01AA07,deep vein thrombosis (DVT),vitamin K antagonist,False,False
CHEMBL1465,PHENPROCOUMON,B01AA04,thrombosis|pulmonary embolism (PE),vitamin K antagonist,False,False
CHEMBL1466,DICUMAROL,B01AA01,,,False,False
CHEMBL231813,TELAPREVIR,J05AP02,hepatitis C,HCV inhibitor,False,False
CHEMBL1467,ALLOPURINOL,M04AA01;M04AA51,gout|kidney stones,xanthine oxidase inhibitor,False,False
CHEMBL232201,BENZIODARONE,C01DX04;C01DX54,,,False,False
CHEMBL395110,MEPAZINE,,,MALT1 inhibitor (JH),False,False
CHEMBL444633,RIFABUTIN,J04AB04,human immunodeficiency virus (HIV-1),protein synthesis inhibitor,False,False
CHEMBL231779,APIXABAN,B01AF02,stroke|systemic embolism|pulmonary embolism (PE)|atrial fibrillation (AF)|deep vein thrombosis (DVT),coagulation factor inhibitor,False,False
CHEMBL1469,PHENYLBUTANOIC ACID,,,,False,False
CHEMBL437765,RIFAMYCIN,S02AA12;A07AA13;J04AB03;D06AX15;S01AA16,tuberculosis|leprosy,DNA directed RNA polymerase inhibitor,False,False
CHEMBL235668,TIPIRACIL,,colorectal cancer,thymidine phosphorylase inhibitor,False,False
CHEMBL1471,APREPITANT,A04AD12,nausea|vomiting,tachykinin antagonist,False,False
CHEMBL237500,LINAGLIPTIN,A10BH05,diabetes mellitus,dipeptidyl peptidase inhibitor,False,False
CHEMBL1473,FLUTICASONE PROPIONATE,D07AC17;R01AD08;R03BA05;R01AD58,,,False,False
CHEMBL238071,VINDESINE,L01CA03,breast cancer|non-small cell lung cancer (NSCLC)|melanoma,tubulin polymerization inhibitor,False,False
CHEMBL1475,TRIOXSALEN,D05AD01;D05BA01,vitiligo|eczema,DNA synthesis inhibitor,False,False
CHEMBL1477,CERIVASTATIN,C10AA06,,,False,False
CHEMBL240597,CHENODIOL,A05AA01,,,False,False
CHEMBL1479,DANAZOL,G03XA01,endometriosis|angioedema,estrogen receptor antagonist|progesterone receptor agonist,False,False
CHEMBL1480,FELODIPINE,C08CA02,hypertension,calcium channel blocker,False,True
CHEMBL1481,GLIMEPIRIDE,A10BB12,diabetes mellitus,insulin secretagogue,False,False
CHEMBL238804,SELEXIPAG,B01AC27,pulmonary arterial hypertension (PAH),IP1 prostacyclin receptor agonist|platelet aggregation inhibitor,False,False
CHEMBL1482,BETHANECHOL,N07AB02,urinary retention,acetylcholine receptor agonist,False,True
CHEMBL1483,ALBENDAZOLE,P02CA03,cystic hydatid disease|parenchymal neurocysticercosis,tubulin polymerization inhibitor,False,False
CHEMBL393220,ATORVASTATIN CALCIUM,,,,False,False
CHEMBL1484,NICARDIPINE,C08CA04,chronic stable angina|hypertension,calcium channel blocker,False,True
CHEMBL245807,OXYPHENISATINE,A06AB01,,,False,False
CHEMBL191,LOSARTAN,C09CA01,hypertension|diabetic nephropathy|hypertension,angiotensin receptor antagonist,False,False
CHEMBL192,SILDENAFIL,G04BE03,erectile dysfunction,phosphodiesterase inhibitor,False,False
CHEMBL247951,PEMAFIBRATE,C10AB12,,PPAR receptor agonist,False,False
CHEMBL398435,TICAGRELOR,B01AC24,acute coronary syndrome (ACS)|myocardial infarction,purinergic receptor antagonist,False,False
CHEMBL1486,TENOFOVIR DISOPROXIL FUMARATE,,,,False,False
CHEMBL1487,ATORVASTATIN,C10AA05,stroke|heart attack,HMGCR inhibitor,False,False
CHEMBL1488,URACIL MUSTARD,L01AD08,,,False,False
CHEMBL1489,AZACITIDINE,L01BC07,myelodysplastic diseases (MDS)|anemia|chronic myelomonocytic leukemia (CMMoL),DNA methyltransferase inhibitor,False,False
CHEMBL251940,PERICIAZINE,N05AC01,,,False,True
CHEMBL1490,TRIHEXYPHENIDYL,N04AA01,parkinsonism,acetylcholine receptor antagonist,False,True
CHEMBL1491,AMLODIPINE,C08CA01,hypertension|chronic stable angina|vasospastic angina|coronary artery disease (CAD),calcium channel blocker,False,True
CHEMBL400599,BENFLUOREX,A10BX06,,gluconeogenesis inhibitor,False,False
CHEMBL253376,BROMHEXINE,R05CB02,chest congestion,mucolytic agent,False,False
CHEMBL254857,FIPEXIDE,N06BX05,,psychoactive drug,False,True
CHEMBL1492,DIPHENYLPYRALINE,R06AA07;R06AA57,allergic rhinitis,dopamine reuptake inhibitor,False,True
CHEMBL1493,FLAVOXATE,G04BD02,urinary incontinence|interstitial cystitis (IC)|urethritis|prostatitis,acetylcholine receptor antagonist,False,True
CHEMBL255044,FLUPIRTINE,N02BG07,pain relief,glutamate receptor antagonist,True,True
CHEMBL1495,OXYPHENCYCLIMINE,A03AA01,peptic ulcer disease (PUD),cholinergic receptor antagonist,False,False
CHEMBL404849,SULOCTIDIL,C04AX19,,adrenergic receptor antagonist,False,True
CHEMBL252556,IDEBENONE,N06BX13,Alzheimer's disease|Friedreich's ataxia|Leber hereditary optic neuropathy (LHON),calcium channel modulator,False,True
CHEMBL1496,ROSUVASTATIN,C10AA07,hyperlipidemia|dyslipidemia|hypertriglyceridemia|hypercholesterolemia|atherosclerosis,HMGCR inhibitor,False,False
CHEMBL1497,BETAMETHASONE VALERATE,,,,False,False
CHEMBL254219,DIGITOXIN,C01AA04,congestive heart failure|cardiac arrythmia,ATPase inhibitor,False,False
CHEMBL1501,FLUOCINONIDE,C05AA11;D07AC08,seborrheic dermatitis|eczema,glucocorticoid receptor agonist,False,False
CHEMBL398707,HYDROMORPHONE,N02AA03,,,True,True
CHEMBL193,NIFEDIPINE,C08CA05;C08CA55,vasospastic angina|chronic stable angina,calcium channel blocker,False,True
CHEMBL1502,PANTOPRAZOLE,A02BC02,gastroesophageal reflux disease (GERD)|erosive esophagitis (EE)|Zollinger-Ellison syndrome,ATPase inhibitor,False,False
CHEMBL1503,OMEPRAZOLE,A02BC01,heartburn,ATPase inhibitor,False,False
CHEMBL1504,TRIAMCINOLONE ACETONIDE,,,,False,False
CHEMBL1505,ALMOTRIPTAN,N02CC05,migraine headache,serotonin receptor agonist,False,True
CHEMBL1508,ESCITALOPRAM,N06AB10,depression|generalized anxiety disorder (GAD),selective serotonin reuptake inhibitor (SSRI),False,True
CHEMBL1509,DROSPIRENONE,G03AC10,contraceptive,mineralocorticoid receptor antagonist,False,False
CHEMBL1510,ELETRIPTAN,N02CC06,migraine headache,serotonin receptor agonist,False,True
CHEMBL1511,ESTRADIOL VALERATE,,,,False,False
CHEMBL1512,FLUNISOLIDE,R01AD04;R03BA03,allergic rhinitis,cytochrome P450 inhibitor,False,False
CHEMBL251634,FLUOCORTOLONE,D07AC05;H02AB03;C05AA08;D07XC05,,,False,False
CHEMBL1513,IRBESARTAN,C09CA04,hypertension|diabetic nephropathy,angiotensin receptor antagonist,False,False
CHEMBL1514,LEVOMETHADYL ACETATE,N07BC03,,,False,True
CHEMBL249837,METHACYCLINE,J01AA05,bronchitis,protein synthesis inhibitor,False,False
CHEMBL1515,METHIMAZOLE,H03BB52;H03BB02,hyperthyroidism,antithyroid agent,False,False
CHEMBL1517,OXYTETRACYCLINE,J01AA06;D06AA03;A01AB25;S01AA04;G01AA07;J01AA56,chlamydia|urinary tract infections|skin infections|ear infections|gonorrhea|urethritis|Lyme disease,bacterial 30S ribosomal subunit inhibitor,False,False
CHEMBL1518,PROPYLTHIOURACIL,H03BA02,hyperthyroidism|Grave's disease|goiter,thyroid peroxidase inhibitor,False,False
CHEMBL1519,TRANDOLAPRIL,C09AA10,hypertension|myocardial infarction,angiotensin converting enzyme inhibitor,False,False
CHEMBL1520,VARDENAFIL,G04BE09,erectile dysfunction,phosphodiesterase inhibitor,False,False
CHEMBL1521,ZALEPLON,N05CF03,,,False,True
CHEMBL1522,ESZOPICLONE,N05CF04,,,False,True
CHEMBL248702,DEXFENFLURAMINE,A08AA04,,,False,False
CHEMBL249856,ENOXIMONE,C01CE03,congestive heart failure,phosphodiesterase inhibitor,False,False
CHEMBL1525,PERMETHRIN,P03AC04;P03AC54,lice,,False,False
CHEMBL254328,ABIRATERONE,L02BX03,prostate cancer,androgen biosynthesis inhibitor,False,False
CHEMBL254316,RALTEGRAVIR,J05AJ01,human immunodeficiency virus (HIV-1),HIV integrase inhibitor,False,False
CHEMBL254468,FLUCICLOVINE F18,V09IX12,,,False,False
CHEMBL404108,LUMIRACOXIB,M01AH06,,cyclooxygenase inhibitor,False,False
CHEMBL256087,MENTHOL,,,,False,False
CHEMBL1529,DIPHENIDOL HYDROCHLORIDE,,,,False,False
CHEMBL256997,ATALUREN,M09AX03,duchenne muscular dystrophy (DMD)|cystic fibrosis,CFTR channel agonist|dystrophin stimulant,False,False
CHEMBL256105,MONENSIN,,gastrointestinal parasites,bacterial permeability inducer,False,False
CHEMBL255863,NILOTINIB,L01EA03,chronic myeloid leukemia (CML),Abl kinase inhibitor|Bcr-Abl kinase inhibitor,False,False
CHEMBL259209,MILNACIPRAN,N06AX17,fibromyalgia,serotonin–norepinephrine reuptake inhibitor (SNRI),True,True
CHEMBL259571,TAPINAROF,D05AX07,,aryl hydrocarbon receptor agonist,False,False
CHEMBL1531,ETONOGESTREL,G03AC08,contraceptive,progesterone receptor agonist,False,False
CHEMBL1532,QUINETHAZONE,C03BA02,hypertension,thiazide diuretic,False,False
CHEMBL1533,DESOGESTREL,G03AC09,contraceptive,progesterone receptor agonist,False,False
CHEMBL1534,RIBOFLAVIN,A11HA04;S01XA26,jaundice,vitamin B,False,False
CHEMBL258918,MESTEROLONE,G03BB01,,,False,False
CHEMBL259972,MOFEZOLAC,,rheumatoid arthritis|osteoporosis,cyclooxygenase inhibitor,False,False
CHEMBL1535,HYDROXYCHLOROQUINE,P01BA02,malaria,antimalarial agent,False,False
CHEMBL1536,ERGOCALCIFEROL,A11CC01,hypoparathyroidism|rickets|hypophosphatemia,vitamin analog,False,False
CHEMBL261772,MECLOCYCLINE SULFOSALICYLATE,,,,False,False
CHEMBL1537,AZLOCILLIN,J01CA09,gram-positive bacterial infections|gram-negative bacterial infections,bacterial cell wall synthesis inhibitor,False,False
CHEMBL1538,TENOFOVIR DISOPROXIL,J05AF07,,,False,False
CHEMBL1539,SULFADOXINE,,malaria,dihydropteroate synthase inhibitor,False,False
CHEMBL1540,PENCICLOVIR,J05AB13;D06BB06,cold sore,DNA directed DNA polymerase inhibitor,False,False
CHEMBL1541,CEFIXIME,J01DD08,urinary tract infections|otitis|pharyngitis|tonsillitis|gonorrhea|bronchitis,bacterial cell wall synthesis inhibitor,False,False
CHEMBL1542,AZATHIOPRINE,L04AX01,renal homotransplantation|rheumatoid arthritis,dehydrogenase inhibitor,False,False
CHEMBL260538,ULIPRISTAL ACETATE,,,,False,False
CHEMBL405110,METHYLENE BLUE ANHYDROUS,V04CG05;V03AB17,,,False,False
CHEMBL1544,LIOTHYRONINE,,hypothyroidism|myxedema coma,thyroid hormone stimulant,False,False
CHEMBL408513,BELINOSTAT,L01XH04,peripheral T-cell lymphoma (PTCL),HDAC inhibitor,False,False
CHEMBL270190,ALVIMOPAN,A06AH02,postoperative ileus,opioid receptor antagonist,False,True
CHEMBL1546,HYDROXYAMPHETAMINE,,mydriasis,trace amine associated receptor agonist,False,False
CHEMBL1547,THIAMINE ION,,,,False,False
CHEMBL256907,MARAVIROC,J05AX09,human immunodeficiency virus (HIV-1),CC chemokine receptor antagonist,False,False
CHEMBL271227,ABIRATERONE ACETATE,,,,False,False
CHEMBL404520,CHLORTETRACYCLINE,D06AA02;J01AA03;S01AA02;A01AB21,conjunctivitis,protein synthesis inhibitor,False,False
CHEMBL267495,NALFURAFINE,V03AX02,uremic pruritus,opioid receptor agonist,False,True
CHEMBL1549,HYDROCORTISONE CYPIONATE,,,,False,False
CHEMBL1550,PHYTONADIONE,B02BA01,vitamin K deficiency|anticoagulation reversal,,False,False
CHEMBL429910,DAPAGLIFLOZIN,A10BK01,diabetes mellitus,sodium/glucose cotransporter inhibitor,False,False
CHEMBL1551,URSODIOL,A05AA02,gallstones,nuclear factor erythroid derived|like (NRF2) activator,False,False
CHEMBL406393,DEOXYCHOLIC ACID,D11AX24,,,False,False
CHEMBL272427,TAURURSODIOL,A05AA05,,,False,False
CHEMBL1555,GALANTAMINE HYDROBROMIDE,,,,False,False
CHEMBL196,ASCORBIC ACID,G01AD03;A11GA01;S01XA15,,,False,False
CHEMBL1557,DOPAMINE HYDROCHLORIDE,,,,False,False
CHEMBL1558,PRAZOSIN HYDROCHLORIDE,,,,False,False
CHEMBL1559,MICONAZOLE NITRATE,,,,False,False
CHEMBL1560,CAPTOPRIL,C09AA01,hypertension|congestive heart failure|myocardial infarction|diabetes mellitus|diabetic nephropathy,angiotensin converting enzyme inhibitor,False,False
CHEMBL517712,ATROPINE,A03BA01;S01FA01,cycloplegia|mydriasis|amblyopia,acetylcholine receptor antagonist,False,True
CHEMBL1561,MIGLITOL,A10BF02,diabetes mellitus,glucosidase inhibitor,False,False
CHEMBL1563,DAUNORUBICIN HYDROCHLORIDE,,,,False,False
CHEMBL1564,DIPHENYLPYRALINE HYDROCHLORIDE,,,,False,False
CHEMBL529437,COCAINE HYDROCHLORIDE,,,,False,False
CHEMBL471737,IVABRADINE,C01EB17,angina pectoris,HCN channel blocker|potassium channel blocker|sodium channel blocker,False,True
CHEMBL1567,SUNITINIB MALATE,,,,False,False
CHEMBL501849,SIMEPREVIR,J05AP05,hepatitis C,HCV inhibitor,False,False
CHEMBL455186,TREOSULFAN,L01AB02,ovarian cancer,DNA synthesis inhibitor,False,False
CHEMBL1569,AMANTADINE HYDROCHLORIDE,,,,False,False
CHEMBL529888,GLIBORNURIDE,A10BB04,,,False,False
CHEMBL1570,SULFOXONE,,,,False,False
CHEMBL452231,TENIPOSIDE,L01CB02,acute lymphoblastic leukemia (ALL),topoisomerase inhibitor,False,False
CHEMBL1571,TESTOLACTONE,,,,False,False
CHEMBL461522,METAMIZOLE,,,cyclooxygenase inhibitor|opioid receptor agonist,False,True
CHEMBL462394,METRIZAMIDE,V08AB01,contrast agent,radiopaque medium,False,False
CHEMBL1572,NETILMICIN,J01GB07;S01AA23,gram-negative bacterial infections,protein synthesis inhibitor,False,False
CHEMBL1574,PHENTERMINE,A08AA01,,,False,False
CHEMBL1576,ETHINAMATE,,,,False,False
CHEMBL1577,METHYCLOTHIAZIDE,C03AA08,hypertension|edema,chloride reabsorption inhibitor,False,False
CHEMBL1578,ANISOTROPINE METHYLBROMIDE,,,,False,False
CHEMBL1580,PENTOSTATIN,L01XX08,hairy cell leukemia,adenosine deaminase inhibitor|ribonucleotide reductase inhibitor,False,True
CHEMBL1581,PERINDOPRIL,C09AA04,hypertension|myocardial infarction|coronary artery disease (CAD),angiotensin converting enzyme inhibitor,False,False
CHEMBL515914,AZARIBINE,,,,False,False
CHEMBL455917,CHLORAL HYDRATE,N05CC01,,,False,True
CHEMBL515606,CILAZAPRIL,C09AA08,hypertension|congestive heart failure,angiotensin converting enzyme inhibitor,False,False
CHEMBL1583,BACAMPICILLIN,J01CA06,gram-positive bacterial infections|gram-negative bacterial infections,bacterial cell wall synthesis inhibitor,False,False
CHEMBL1584,PIPERACETAZINE,,schizophrenia,dopamine receptor antagonist,False,True
CHEMBL1585,PIPOBROMAN,L01AX02,polycythemia vera|thrombocythemia,DNA alkylating agent,False,False
CHEMBL488093,PYRITINOL,N06BX02,rheumatoid arthritis|senile dementia,,False,True
CHEMBL1587,POLYTHIAZIDE,C03AA05,edema|congestive heart failure|hepatic cirrhosis|nephrotic syndrome|acute glomerulonephritis (AGN)|chronic renal failure|hypertension,sodium/chloride cotransporter inhibitor,False,False
CHEMBL487253,BENDAMUSTINE,L01AA09,chronic lymphocytic leukemia (CLL)|non-Hodgkin lymphoma (NHL),DNA inhibitor,False,False
CHEMBL1588,THIAMINE,A11DA01,thiamine deficiency,vitamin B,False,False
CHEMBL1589,ACETOHEXAMIDE,A10BB31,diabetes mellitus,ATP channel blocker,False,False
CHEMBL1590,PSEUDOEPHEDRINE,R01BA52;R01BA02,,,False,False
CHEMBL1591,DEMECLOCYCLINE,D06AA01;J01AA01,fever|respiratory tract infections|psittacosis|trachoma|conjunctivitis|urethritis|chancroid|cholera|syphilis|listeria|anthrax|actinomycosis|tularemia|brucellosis,bacterial 30S ribosomal subunit inhibitor,False,False
CHEMBL1592,QUINAPRIL,C09AA06,hypertension|congestive heart failure|angioedema,angiotensin converting enzyme inhibitor,False,False
CHEMBL1594,PANTOTHENIC ACID,,,,False,False
CHEMBL499915,CARBENOXOLONE,A02BX51;A02BX01;A02BX71,peptic ulcer disease (PUD)|mouth inflammation,11-beta hydroxysteroid dehydrogenase inhibitor,False,False
CHEMBL1595,DIHYDROCODEINE,N02AA08;N02AA58,,,False,True
CHEMBL462605,PITOLISANT,N07XX11,,histamine receptor antagonist,False,True
CHEMBL1596,CARBENICILLIN INDANYL,J01CA05,,,False,False
CHEMBL1597,DIMERCAPROL,V03AB09,metal toxicity,chelating agent,False,False
CHEMBL1599,CEPHAPIRIN,J01DB08,mastitis,bacterial cell wall synthesis inhibitor,False,False
CHEMBL1601,CEFONICID,J01DC06,gram-positive bacterial infections,bacterial cell wall synthesis inhibitor,False,False
CHEMBL1604,CEPHRADINE,J01DB09,skin infections|respiratory tract infections|urinary tract infections,bacterial cell wall synthesis inhibitor,False,False
CHEMBL1605,CEFTIBUTEN,J01DD14,bronchitis|otitis|pharyngitis|tonsillitis,bacterial cell wall synthesis inhibitor,False,False
CHEMBL454950,TETRACYCLINE HYDROCHLORIDE,,,,False,False
CHEMBL1607,TOPOTECAN HYDROCHLORIDE,,,,False,False
CHEMBL461101,ELTROMBOPAG,B02BX05,anemia|hepatitis C|thrombocytopenia,thrombopoietin receptor agonist,False,False
CHEMBL465026,NEFOPAM,N02BG06,pain relief,cyclooxygenase inhibitor,True,True
CHEMBL474579,CEFOTETAN,J01DC05,urinary tract infections|respiratory tract infections|skin infections|gynecologic infections|chlamydia|intra-abdominal infections|bone and joint infections|surgical prophylaxis,bacterial cell wall synthesis inhibitor,False,False
CHEMBL514800,APREMILAST,L04AA32,psoriasis|psoriatic arthritis,phosphodiesterase inhibitor,False,False
CHEMBL1611,PHENYTOIN SODIUM,,,,True,True
CHEMBL512351,BETRIXABAN,B01AF04,deep vein thrombosis (DVT),coagulation factor inhibitor,False,False
CHEMBL515387,GOSOGLIPTIN,,,,False,False
CHEMBL473417,VISMODEGIB,L01XJ01,basal cell carcinoma (BCC),hedgehog pathway inhibitor|smoothened receptor antagonist,False,False
CHEMBL491571,DORIPENEM,J01DH04,intra-abdominal infections|urinary tract infections|pyelonephritis,bacterial cell wall synthesis inhibitor,False,False
CHEMBL521606,NADOLOL,C07AA12,angina pectoris|hypertension,adrenergic receptor antagonist,False,True
CHEMBL359744,DOXORUBICIN HYDROCHLORIDE,,,,False,False
CHEMBL1617,RIFAXIMIN,D06AX11;A07AA11,diarrhea|irritable bowel syndrome|hepatic encephalopathy (HE),RNA synthesis inhibitor,False,False
CHEMBL1618,CEFAMANDOLE NAFATE,,,,False,False
CHEMBL1619,CLADRIBINE,L01BB04;L04AA40,hairy cell leukemia,adenosine deaminase inhibitor|ribonucleotide reductase inhibitor,False,True
CHEMBL1620,DIPHENHYDRAMINE HYDROCHLORIDE,,,,False,False
CHEMBL1621,PALIPERIDONE,N05AX13,schizophrenia,dopamine receptor antagonist|serotonin receptor antagonist,False,True
CHEMBL1622,FOLIC ACID,V04CX02;B03BB01;B03BB51,,,False,False
CHEMBL524004,MEPENZOLATE,A03AB12,peptic ulcer disease (PUD),acetylcholine receptor antagonist,False,True
CHEMBL1623,MECLIZINE,R06AE55;R06AE05,nausea|vomiting|motion sickness,constitutive androstane receptor (CAR) agonist,False,False
CHEMBL1624,LEVOTHYROXINE,,myxedema coma,thyroid hormone stimulant,False,False
CHEMBL500576,TEMOPORFIN,L01XD05,head and neck squamous cell carcinoma (HNSCC),radical formation stimulant,False,False
CHEMBL1625,OXYBENZONE,,sunscreen lotion,lipase inhibitor,False,False
CHEMBL1626,CLEMASTINE,R06AA54;R06AA04;D04AA14,allergic rhinitis|urticaria,histamine receptor antagonist,False,True
CHEMBL521686,OLAPARIB,L01XK01,ovarian cancer,PARP inhibitor,False,False
CHEMBL493287,GLUCOSAMINE,M01AX05,muscle pain|rheumatoid arthritis|joint pain|backache,glycosylated protein precursor,False,True
CHEMBL518520,RALTEGRAVIR POTASSIUM,,,,False,False
CHEMBL443605,HEXYLRESORCINOL,R02AA12,skin infections|first-aid antiseptic,local anesthetic,False,False
CHEMBL522038,XIMELAGATRAN,B01AE05,,,False,False
CHEMBL1632,CEPHALOTHIN SODIUM,,,,False,False
CHEMBL1633,KETOTIFEN FUMARATE,,,,False,False
CHEMBL467058,LANINAMIVIR OCTANOATE,,,,False,False
CHEMBL1637,GEMCITABINE HYDROCHLORIDE,,,,False,False
CHEMBL1639,ALISKIREN,C09XA02,,,False,False
CHEMBL1641,HYDROCORTISONE PHOSPHORIC ACID,,,,False,False
CHEMBL1642,IMATINIB MESYLATE,,,,False,False
CHEMBL1643,RIBAVIRIN,J05AP01,hepatitis C,antiviral,False,False
CHEMBL1644,CEFADROXIL,J01DB05,urinary tract infections|skin infections|tonsillitis|pharyngitis,bacterial cell wall synthesis inhibitor,False,False
CHEMBL494753,ESTRONE SULFURIC ACID,,,,False,False
CHEMBL494622,FLURPIRIDAZ,,,,False,False
CHEMBL1646,INDOCYANINE GREEN,,,,False,False
CHEMBL1648,ISRADIPINE,C08CA03,hypertension,calcium channel blocker,False,True
CHEMBL493982,VORAPAXAR,B01AC26,myocardial infarction|peripheral artery disease (PAD),thrombin inhibitor,False,False
CHEMBL1650,CORTISONE ACETATE,S01BA03;H02AB10,,,False,False
CHEMBL503565,VINBARBITAL,N05CA09,,,False,True
CHEMBL468837,HEPTABARBITAL,N05CA11,,,False,True
CHEMBL477772,PAZOPANIB,L01EX03,renal cell carcinoma (RCC)|soft tissue sarcoma (STS),KIT inhibitor|PDGFR tyrosine kinase receptor inhibitor|VEGFR inhibitor,False,False
CHEMBL1652,AMBENONIUM,N07AA30,myasthenia gravis,cholinesterase inhibitor,False,True
CHEMBL476960,VOGLIBOSE,A10BF03,diabetes mellitus|hyperglycemia,glucosidase inhibitor,False,False
CHEMBL501867,VINCRISTINE SULFATE,,,,False,False
CHEMBL1653,PHENIRAMINE MALEATE,,,,False,False
CHEMBL450449,TRABECTEDIN,L01CX01,,antitumor agent,False,False
CHEMBL1654,RISEDRONATE SODIUM,,,,False,False
CHEMBL1655,TOREMIFENE,L02BA02,breast cancer,estrogen receptor antagonist|selective estrogen receptor modulator (SERM),False,False
CHEMBL1657,TAZAROTENE,D05AX05,cosmetic|sunscreen lotion,retinoid receptor agonist,False,False
CHEMBL1658,RETAPAMULIN,D06AX13,impetigo,protein synthesis inhibitor,False,False
CHEMBL1659,CHLORPHENIRAMINE MALEATE,,,,False,False
CHEMBL501122,CEFTAROLINE FOSAMIL,J01DI02,,,False,False
CHEMBL1660,RIFAPENTINE,J04AB05,tuberculosis,RNA polymerase inhibitor,False,False
CHEMBL1661,LACTITOL,A06AD12,,,False,False
CHEMBL498847,SECNIDAZOLE,P01AB07,protozoan infection,acetylcholinesterase inhibitor|microtubule inhibitor,False,True
CHEMBL1663,PERFLUTREN,,,,False,False
CHEMBL523299,UMECLIDINIUM BROMIDE,R03BB07,,,False,False
CHEMBL483254,PANOBINOSTAT,L01XH03,multiple myeloma,HDAC inhibitor,False,False
CHEMBL489411,AMOROLFINE,D01AE16,onychomycosis,membrane integrity inhibitor,False,False
CHEMBL1664,FOSAMPRENAVIR,J05AE07,human immunodeficiency virus (HIV-1),HIV protease inhibitor,False,False
CHEMBL1668,RESCINNAMINE,C02AA01,,,False,False
CHEMBL459265,HEXAMETHYL PARAROSANILINE,,,,False,False
CHEMBL1670,MITOTANE,L01XX23,adrenal cortical carcinoma,antineoplastic agent,False,False
CHEMBL1671,PROPRANOLOL HYDROCHLORIDE,,,,False,False
CHEMBL1672,CEFPODOXIME,J01DD13,pharyngitis|pneumonia|bronchitis|gonorrhea|skin infections|urinary tract infections|sinusitis|tonsillitis,bacterial cell wall synthesis inhibitor,False,False
CHEMBL454446,CEFDITOREN PIVOXIL,,,,False,False
CHEMBL518924,MAVORIXAFOR,L03AX24,,,False,False
CHEMBL1675,VITAMIN A PALMITATE,,,,False,False
CHEMBL1676,FLUTICASONE FUROATE,R01AD12;R03BA09,,,False,False
CHEMBL1677,TACRINE HYDROCHLORIDE,,,,False,False
CHEMBL1678,DONEPEZIL HYDROCHLORIDE,,,,False,False
CHEMBL507674,CEFOPERAZONE,J01DD12,gram-negative bacterial infections,bacterial cell wall synthesis inhibitor,False,False
CHEMBL1679,LEUCOVORIN,,osteosarcoma,folate receptor ligand,False,False
CHEMBL1681,IODOHIPPURATE,,,,False,False
CHEMBL1682,SORBITOL,V04CC01;B05CX02;A06AD18;A06AG07,constipation,mucolytic agent,False,False
CHEMBL490665,NALFURAFINE HYDROCHLORIDE,,,,False,False
CHEMBL1683,HYDROCORTISONE BUTYRATE,D07AB02,,,False,False
CHEMBL502182,ELAGOLIX SODIUM,,,,False,False
CHEMBL1684,BENDROFLUMETHIAZIDE,C03AA01,hypertension,sodium/potassium/chloride transporter inhibitor,False,False
CHEMBL485696,SULFISOMIDINE,J01EB01,,,False,False
CHEMBL508102,CARBIMAZOLE,H03BB01,hyperthyroidism,antithyroid agent,False,False
CHEMBL1685,DEZOCINE,N02AX03,,,False,True
CHEMBL515408,MARIBAVIR,J05AX10,,cytomegalovirus inhibitor|protein kinase inhibitor,False,False
CHEMBL484785,CRISABOROLE,D11AH06,dermatitis,phosphodiesterase inhibitor,False,False
CHEMBL502835,NINTEDANIB,L01EX09,idiopathic pulmonary fibrosis (IPF),FGFR inhibitor|PDGFR tyrosine kinase receptor inhibitor|VEGFR inhibitor,False,False
CHEMBL1689,TOLAZOLINE HYDROCHLORIDE,,,,False,False
CHEMBL1690,HYDROXYCHLOROQUINE SULFATE,,,,False,False
CHEMBL535650,MEFLOQUINE HYDROCHLORIDE,,,,False,False
CHEMBL1691,BETAXOLOL HYDROCHLORIDE,,,,False,False
CHEMBL542541,HYDRALAZINE HYDROCHLORIDE,,,,False,False
CHEMBL544665,FINGOLIMOD HYDROCHLORIDE,,,,False,False
CHEMBL1692,IMIPRAMINE HYDROCHLORIDE,,,,False,False
CHEMBL1693,DIETHYLPROPION HYDROCHLORIDE,,,,False,False
CHEMBL1694,BENAZEPRIL HYDROCHLORIDE,,,,False,False
CHEMBL1695,TIAGABINE HYDROCHLORIDE,,,,False,False
CHEMBL1696,DESIPRAMINE HYDROCHLORIDE,,,,False,False
CHEMBL1697,DILTIAZEM HYDROCHLORIDE,,,,False,False
CHEMBL1698,BUPROPION HYDROCHLORIDE,,,,False,False
CHEMBL1699,MEMANTINE HYDROCHLORIDE,,,,False,False
CHEMBL1700,SOTALOL HYDROCHLORIDE,,,,False,False
CHEMBL1701,MEPERIDINE HYDROCHLORIDE,,,,False,False
CHEMBL1702,ATOMOXETINE HYDROCHLORIDE,,,,False,False
CHEMBL1703,METFORMIN HYDROCHLORIDE,,,,False,False
CHEMBL1705,CLONIDINE HYDROCHLORIDE,,,,False,False
CHEMBL1706,NAPHAZOLINE HYDROCHLORIDE,,,,False,False
CHEMBL1707,LOPERAMIDE HYDROCHLORIDE,,,,False,False
CHEMBL1709,SERTRALINE HYDROCHLORIDE,,,,False,False
CHEMBL535396,RIMANTADINE HYDROCHLORIDE,,,,False,False
CHEMBL1711,ISOPROTERENOL HYDROCHLORIDE,,,,False,False
CHEMBL1713,CHLORPROMAZINE HYDROCHLORIDE,,,,False,False
CHEMBL1714,KETAMINE HYDROCHLORIDE,,,,False,False
CHEMBL1715,PIOGLITAZONE HYDROCHLORIDE,,,,False,False
CHEMBL1716,CYPROHEPTADINE HYDROCHLORIDE,,,,False,False
CHEMBL1717,TICLOPIDINE HYDROCHLORIDE,,,,False,False
CHEMBL1718,NALOXONE HYDROCHLORIDE,,,,False,False
CHEMBL539770,TERODILINE HYDROCHLORIDE,,,,False,False
CHEMBL1719,OLOPATADINE HYDROCHLORIDE,,,,False,False
CHEMBL1720,PALONOSETRON HYDROCHLORIDE,,,,False,False
CHEMBL1722,METHYLPHENIDATE HYDROCHLORIDE,,,,False,False
CHEMBL1723,ALFUZOSIN HYDROCHLORIDE,,,,False,False
CHEMBL1724,MEPENZOLATE BROMIDE,,,,False,False
CHEMBL1725,IOPROMIDE,V08AB05,contrast agent,radiopaque medium,False,False
CHEMBL1726,NISOLDIPINE,C08CA07,hypertension,calcium channel blocker,False,True
CHEMBL1727,CEPHALEXIN ANHYDROUS,,,,False,False
CHEMBL1728,LOMEFLOXACIN HYDROCHLORIDE,,,,False,False
CHEMBL1729,CISAPRIDE,A03FA02,,serotonin receptor agonist,False,True
CHEMBL561157,TREPROSTINIL SODIUM,,,,False,False
CHEMBL1730,CEFOTAXIME,J01DD01,respiratory tract infections|bone and joint infections|pelvic inflammatory disease|intra-abdominal infections|skin infections|meningitis|urinary tract infections|bacterial septicemia|gynecologic infections,bacterial cell wall synthesis inhibitor,False,False
CHEMBL1731,MEZLOCILLIN,J01CA10,gram-negative bacterial infections|gram-positive bacterial infections,bacterial cell wall synthesis inhibitor,False,False
CHEMBL1732,DIHYDROERGOTAMINE,N02CA01;N02CA51,migraine headache,serotonin receptor agonist,False,True
CHEMBL553025,VINORELBINE,L01CA04,non-small cell lung cancer (NSCLC),tubulin polymerization inhibitor,False,False
CHEMBL539697,DABIGATRAN ETEXILATE,B01AE07,,,False,False
CHEMBL1734,SOLIFENACIN,G04BD08,,,False,False
CHEMBL551466,ACLIDINIUM BROMIDE,R03BB05,,,False,False
CHEMBL1735,INDINAVIR SULFATE,,,,False,False
CHEMBL550495,METHYLENE BLUE,,,,False,False
CHEMBL1736,METRIZOIC ACID,V08AA02,,,False,False
CHEMBL557555,CIPROFIBRATE,C10AB08,hyperlipidemia,PPAR receptor agonist,False,False
CHEMBL538943,VINORELBINE TARTRATE,,,,False,False
CHEMBL1737,SILDENAFIL CITRATE,,,,False,False
CHEMBL550348,DEFERASIROX,V03AC03,transfusional hemosiderosis|thalassemia|iron overload,chelating agent,False,False
CHEMBL550755,FORODESINE HYDROCHLORIDE,,,,False,False
CHEMBL1738,DEXRAZOXANE,V03AF02,cardiomyopathy,chelating agent|topoisomerase inhibitor,False,False
CHEMBL1739,METOCURINE IODIDE,,,,False,False
CHEMBL1741,CLARITHROMYCIN,J01FA09,pharyngitis|tonsillitis|sinusitis|bronchitis|pneumonia|skin infections|otitis,bacterial 50S ribosomal subunit inhibitor,False,False
CHEMBL576982,QUIZARTINIB,L01EX11,,FLT3 inhibitor,False,False
CHEMBL566534,ARTEMETHER,P01BE02,malaria,antimalarial agent,False,False
CHEMBL566315,OBETICHOLIC ACID,A05AA04,,,False,False
CHEMBL566752,FLORBETABEN F18,V09AX06,,,False,False
CHEMBL578767,FLUMEXADOL,,,,False,False
CHEMBL1746,SODIUM PHENYLBUTYRATE,A16AX03,,,False,False
CHEMBL579205,FLUTEMETAMOL,,,,False,False
CHEMBL1747,TOBRAMYCIN,J01GB01;S01AA12,bacterial septicemia|respiratory tract infections|meningitis|skin infections|urinary tract infections,bacterial 30S ribosomal subunit inhibitor,False,False
CHEMBL569713,SCOPOLAMINE,S01FA02;A04AD01;A04AD51;N05CM05,motion sickness|vomiting|nausea,acetylcholine receptor antagonist,False,True
CHEMBL571546,TIRBANIBULIN,D06BX03,,,False,False
CHEMBL1749,EDETATE DISODIUM ANHYDROUS,,,,False,False
CHEMBL1750,CLOFARABINE,L01BB06,acute lymphoblastic leukemia (ALL),ribonucleotide reductase inhibitor,False,False
CHEMBL576127,FENSPIRIDE,R03DX03;R03BX01,asthma|otitis|sinusitis|rhinopharyngitis|laryngitis,bronchodilator,False,False
CHEMBL1751,DIGOXIN,C01AA05,congestive heart failure|atrial fibrillation (AF),ATPase inhibitor,False,False
CHEMBL1752,DYPHYLLINE,R03DA51;R03DA01,asthma|bronchitis|emphysema,adenosine receptor antagonist|phosphodiesterase inhibitor,False,True
CHEMBL1753,CLINDAMYCIN,G01AA10;D10AF01;J01FF01,respiratory tract infections|pneumonia|skin infections|gynecologic infections|intra-abdominal infections|bacterial septicemia|bone and joint infections,protein synthesis inhibitor,False,False
CHEMBL1754,DOXAPRAM,R07AB01,respiratory depression|central nervous system depression|acute hypercapnia (AHC),potassium channel blocker,False,True
CHEMBL1755,CONIVAPTAN,C03XA02,hyponatremia,vasopressin receptor antagonist,False,False
CHEMBL1756,ESTRAMUSTINE PHOSPHATE,,,,False,False
CHEMBL1757,FOSFOMYCIN,S02AA17;J01XX01,urinary tract infections,bacterial cell wall synthesis inhibitor,False,False
CHEMBL1760,TERBUTALINE,R03CC53;R03AC03;R03CC03,bronchospasm|bronchitis|emphysema,adrenergic receptor agonist,False,True
CHEMBL1761,PROCYCLIDINE HYDROCHLORIDE,,,,False,False
CHEMBL1762,TOCAINIDE,C01BB03,cardiac arrythmia,sodium channel blocker,False,True
CHEMBL1763,HYDROFLUMETHIAZIDE,C03AA02;C03AH02,edema|congestive heart failure|hepatic cirrhosis|nephrotic syndrome|chronic renal failure|acute glomerulonephritis (AGN)|hypertension,sodium/potassium/chloride transporter inhibitor,False,False
CHEMBL1764,LEVOMEPROMAZINE,N05AA02,psychosis|schizophrenia|bipolar disorder|nausea|insomnia,dopamine receptor antagonist,False,True
CHEMBL1766,DESOXIMETASONE,D07AC03;D07XC02,corticosteroid-responsive dermatoses,glucocorticoid receptor agonist,False,False
CHEMBL1768,BETHANECHOL CHLORIDE,,,,False,False
CHEMBL1769,PROPOXYCAINE HYDROCHLORIDE,,,,False,False
CHEMBL1770,LEVAMISOLE HYDROCHLORIDE,,,,False,False
CHEMBL591665,SODIUM ASCORBATE,,,,False,False
CHEMBL1771,CLOPIDOGREL,B01AC04,myocardial infarction|stroke|peripheral artery disease (PAD)|acute coronary syndrome (ACS),purinergic receptor antagonist,False,False
CHEMBL1773,CAPECITABINE,L01BC06,breast cancer|colorectal cancer,DNA synthesis inhibitor|thymidylate synthase inhibitor,False,False
CHEMBL589586,MONOMETHYL FUMARATE,,,,False,False
CHEMBL601719,CRIZOTINIB,L01ED01,non-small cell lung cancer (NSCLC),ALK tyrosine kinase receptor inhibitor,False,False
CHEMBL605846,OLODATEROL,R03AC19,,,False,False
CHEMBL607710,CHLORPHENESIN CARBAMATE,D01AE07,,,False,False
CHEMBL606260,CARBENICILLIN DISODIUM,,,,False,False
CHEMBL608533,MIDOSTAURIN,L01EX10,acute myeloid leukemia (AML),FLT3 inhibitor|KIT inhibitor|PKC inhibitor,False,False
CHEMBL607400,BRIVARACETAM,N03AX23,,,False,True
CHEMBL43708,IMIPENEM,,pneumonia|urinary tract infections|intra-abdominal infections|gynecologic infections|bacterial septicemia|bone and joint infections|skin infections|endocarditis,bacterial cell wall synthesis inhibitor,False,False
CHEMBL1079742,ERLOTINIB HYDROCHLORIDE,,,,False,False
CHEMBL1079604,METAXALONE,,muscle pain,muscle relaxant,False,True
CHEMBL1076903,VARENICLINE,N07BA03;S01XA28,smoking cessation,acetylcholine receptor agonist,False,True
CHEMBL1078178,MOMELOTINIB,L01EJ04,,,False,False
CHEMBL1078261,PROPIVERINE,G04BD06,urinary incontinence,acetylcholine receptor antagonist,False,True
CHEMBL1077896,ROPIVACAINE,N01BB09,anesthetic,sodium channel blocker,False,True
CHEMBL1089221,BENDAZAC,M02AA11;S01BC07,muscle pain|joint pain,cyclooxygenase inhibitor,False,True
CHEMBL1089318,OPICAPONE,N04BX04,,catechol O methyltransferase inhibitor,False,False
CHEMBL1091250,INDIGOTINDISULFONATE,,,,False,False
CHEMBL1096562,METHYL AMINOLEVULINATE,L01XD03,,,False,False
CHEMBL1096882,FLUDARABINE PHOSPHATE,L01BB05,,,False,False
CHEMBL1097620,IOTHALAMATE SODIUM,,,,False,False
CHEMBL1094966,PIRBUTEROL,R03CC07;R03AC08,,,False,False
CHEMBL1096885,VALRUBICIN,L01DB09,bladder cancer,DNA inhibitor|topoisomerase inhibitor,False,False
CHEMBL1094636,NIRAPARIB,L01XK02,primary peritoneal cancer (PPC),PARP inhibitor,False,False
CHEMBL1095292,BRETYLIUM TOSYLATE,C01BD02,,,False,False
CHEMBL1095930,CEFUROXIME AXETIL,,,,False,False
CHEMBL1098319,2-MERCAPTOETHANESULFONIC ACID,,,,False,False
CHEMBL1098285,DISTIGMINE BROMIDE,,,,False,False
CHEMBL1095777,INDACATEROL,R03AC18,chronic obstructive pulmonary disease (COPD),adrenergic receptor agonist,False,True
CHEMBL1095097,EPLERENONE,C03DA04,congestive heart failure|hypertension,cytochrome P450 inhibitor,False,False
CHEMBL1096146,PONESIMOD,L04AE04,,sphingosine 1-phosphate receptor agonist,False,False
CHEMBL1083659,SUVOREXANT,N05CJ01,,,False,True
CHEMBL1083385,CLOPIDOGREL BISULFATE,,,,False,False
CHEMBL1083993,AMIODARONE HYDROCHLORIDE,,,,False,False
CHEMBL1086440,TRICLABENDAZOLE,P02BX04,tapeworm,microtubule inhibitor,False,False
CHEMBL1082407,ENZALUTAMIDE,L02BB04,prostate cancer,androgen receptor antagonist,False,False
CHEMBL1082607,SALMETEROL XINAFOATE,,,,False,False
CHEMBL1084172,VILANTEROL TRIFENATATE,,,,False,False
CHEMBL1159650,CLOBETASOL PROPIONATE,D07AD01,,,False,False
CHEMBL1165342,VINCAMINE,C04AX07,,adrenergic receptor antagonist,False,True
CHEMBL1164729,FEBUXOSTAT,M04AA03,hyperuricemia,xanthine oxidase inhibitor,False,False
CHEMBL1171837,PONATINIB,L01EA05,chronic myeloid leukemia (CML)|acute lymphoblastic leukemia (ALL),Bcr-Abl kinase inhibitor|FLT3 inhibitor|PDGFR tyrosine kinase receptor inhibitor,False,False
CHEMBL1173655,AFATINIB,L01EB03,non-small cell lung cancer (NSCLC),EGFR inhibitor,False,False
CHEMBL1173055,RUCAPARIB,L01XK03,,PARP inhibitor,False,False
CHEMBL1179047,CHLOROPROCAINE,S01HA08;N01BA04,local anesthetic,sodium channel blocker,False,True
CHEMBL1180725,PROPANTHELINE,A03AB05,peptic ulcer disease (PUD),acetylcholine receptor antagonist,False,True
CHEMBL1183349,ISAVUCONAZONIUM,,,,False,False
CHEMBL1183717,ALMITRINE,R07AB07,chronic obstructive pulmonary disease (COPD),neurotransmitter agonist,False,False
CHEMBL1184360,DIAMTHAZOLE,D01AE17,,,False,False
CHEMBL1185568,DITHIAZANINE,,,,False,False
CHEMBL1186579,METHYLNALTREXONE,,constipation,opioid receptor antagonist,False,True
CHEMBL1186610,ANISOTROPINE,,peptic ulcer disease (PUD),acetylcholine receptor antagonist,False,True
CHEMBL1187833,UMECLIDINIUM,,chronic obstructive pulmonary disease (COPD)|bronchitis|emphysema,acetylcholine receptor antagonist,False,True
CHEMBL1189432,OLOPATADINE,R01AC08;S01GX09,conjunctivitis,histamine receptor antagonist,False,True
CHEMBL1189679,PALONOSETRON,A04AA55;A04AA05,nausea|vomiting,serotonin receptor antagonist,False,True
CHEMBL1194325,ACLIDINIUM,,bronchitis|emphysema|chronic obstructive pulmonary disease (COPD),acetylcholine receptor antagonist,False,True
CHEMBL1194666,DIETHYLPROPION,A08AA03,,,False,False
CHEMBL1198857,VILANTEROL,,chronic obstructive pulmonary disease (COPD),adrenergic receptor agonist,False,True
CHEMBL1199080,BRETYLIUM,,ventricular arrhythmias|ventricular fibrillation (VF)|ventricular tachycardia (VT),norepinephrine inhibitor,False,True
CHEMBL1199307,DISTIGMINE,N07AA03,,,False,True
CHEMBL1199324,FOSAPREPITANT,,,,False,False
CHEMBL1200321,SULFISOXAZOLE DIOLAMINE,,,,False,False
CHEMBL1200322,ESCITALOPRAM OXALATE,,,,False,False
CHEMBL1200323,LABETALOL HYDROCHLORIDE,,,,False,False
CHEMBL1200326,NICARDIPINE HYDROCHLORIDE,,,,False,False
CHEMBL1200328,DULOXETINE HYDROCHLORIDE,,,,False,False
CHEMBL1200329,TIZANIDINE HYDROCHLORIDE,,,,False,False
CHEMBL1200330,PILOCARPINE HYDROCHLORIDE,,,,False,False
CHEMBL1200331,FOSFOMYCIN TROMETHAMINE,,,,False,False
CHEMBL1200332,PROTRIPTYLINE HYDROCHLORIDE,,,,False,False
CHEMBL1200334,MORICIZINE HYDROCHLORIDE,,,,False,False
CHEMBL1200335,TESTOSTERONE ENANTHATE,,,,False,False
CHEMBL1200338,PINACIDIL,C02DG01,hypertension,ATP channel activator|potassium channel activator,False,True
CHEMBL1200339,PHENYLEPHRINE HYDROCHLORIDE,,,,False,False
CHEMBL1200340,OSELTAMIVIR PHOSPHATE,,,,False,False
CHEMBL1200341,INDECAINIDE HYDROCHLORIDE,,,,False,False
CHEMBL1200342,PARAMETHASONE ACETATE,H02AB05,,,False,False
CHEMBL1200343,PERINDOPRIL ERBUMINE,,,,False,False
CHEMBL1200345,SODIUM SUCCINATE,,,,False,False
CHEMBL1200347,ISOPROPAMIDE IODIDE,,,,False,False
CHEMBL1200348,SULCONAZOLE NITRATE,,,,False,False
CHEMBL1200351,SULFADIAZINE SODIUM,,,,False,False
CHEMBL1200353,MEGLUMINE METRIZOATE,,,,False,False
CHEMBL1200354,SODIUM TETRADECYL SULFATE,C05BB04,,,False,False
CHEMBL1200356,CYCLACILLIN,,,,False,False
CHEMBL1200357,MOXALACTAM DISODIUM,,,,False,False
CHEMBL1200358,SODIUM PHENYLACETATE,,,,False,False
CHEMBL1200359,SULFAMETER,J01ED04,urinary tract infections,dihydrofolate reductase inhibitor,False,False
CHEMBL1200360,IOFETAMINE HYDROCHLORIDE I 123,V09AB01,,,False,False
CHEMBL1200365,AMINOHIPPURATE SODIUM,,,,False,False
CHEMBL1200366,CEPHALEXIN HYDROCHLORIDE,,,,False,False
CHEMBL1200367,ECHOTHIOPHATE IODIDE,,,,False,False
CHEMBL1200368,BENTIROMIDE,V04CK03,pancreas diagnostic agent,,False,False
CHEMBL1200370,BENZOYL PEROXIDE,D10AE01;D10AE51,,,False,False
CHEMBL1200374,EXEMESTANE,L02BG06,breast cancer,aromatase inhibitor,False,False
CHEMBL1200376,BETAMETHASONE BENZOATE,,,,False,False
CHEMBL1200377,AMPHETAMINE ASPARTATE,,,,False,False
CHEMBL1200379,APRACLONIDINE HYDROCHLORIDE,,,,False,False
CHEMBL1200380,ACYCLOVIR SODIUM,,,,False,False
CHEMBL1200381,ARGININE HYDROCHLORIDE,B05XB01,,,False,False
CHEMBL1200382,BEPRIDIL HYDROCHLORIDE,,,,False,False
CHEMBL1200383,BENZTROPINE MESYLATE,,,,False,False
CHEMBL1200384,BETAMETHASONE DIPROPIONATE,,,,False,False
CHEMBL1200385,ARBUTAMINE HYDROCHLORIDE,,,,False,False
CHEMBL1200386,PREDNICARBATE,D07AC18,eczema|contact dermatitis|itching,phospholipase activator,False,False
CHEMBL1200387,AMPHETAMINE ADIPATE,,,,False,False
CHEMBL1200388,CLOXACILLIN SODIUM,,,,False,False
CHEMBL1200389,BRIMONIDINE TARTRATE,,,,False,False
CHEMBL1200391,TROMETHAMINE,B05BB03;B05XX02,,,False,False
CHEMBL1200392,DOXYLAMINE SUCCINATE,,,,False,False
CHEMBL1200393,GREPAFLOXACIN HYDROCHLORIDE,,,,False,False
CHEMBL1200395,ORPHENADRINE CITRATE,M03BC01,,,False,False
CHEMBL1200396,BUPIVACAINE HYDROCHLORIDE,,,,False,False
CHEMBL1200397,BUTENAFINE HYDROCHLORIDE,,,,False,False
CHEMBL1200398,BUTOCONAZOLE NITRATE,,,,False,False
CHEMBL1200399,BUSPIRONE HYDROCHLORIDE,,,,False,False
CHEMBL1200400,AZATHIOPRINE SODIUM,,,,False,False
CHEMBL1200402,AMLODIPINE BESYLATE,,,,False,False
CHEMBL1200405,BITOLTEROL MESYLATE,,,,False,False
CHEMBL1200406,DIMENHYDRINATE,R06AA11,motion sickness|nausea|vomiting,histamine receptor antagonist,False,True
CHEMBL1200409,LIDOCAINE HYDROCHLORIDE,,,,False,False
CHEMBL1200410,PROCARBAZINE HYDROCHLORIDE,,,,False,False
CHEMBL1200411,ROPINIROLE HYDROCHLORIDE,,,,False,False
CHEMBL1200412,NANDROLONE PHENPROPIONATE,,,,False,False
CHEMBL1200413,TETRAHYDROZOLINE HYDROCHLORIDE,,,,False,False
CHEMBL1200418,DOBUTAMINE HYDROCHLORIDE,,,,False,False
CHEMBL1200419,MOLINDONE HYDROCHLORIDE,,,,False,False
CHEMBL1200420,MIDAZOLAM HYDROCHLORIDE,,,,False,False
CHEMBL1200423,METRIZOATE SODIUM,,,,False,False
CHEMBL1200425,PARGYLINE HYDROCHLORIDE,,,,False,False
CHEMBL1200426,METHIXENE HYDROCHLORIDE,,,,False,False
CHEMBL1200430,ESTRADIOL ACETATE,,,,False,False
CHEMBL1200432,METHYLDOPATE HYDROCHLORIDE,,,,False,False
CHEMBL1200434,OXTRIPHYLLINE,R03DA02,,,False,False
CHEMBL1200436,OXANDROLONE,A14AA08,,,False,False
CHEMBL1200437,QUINIDINE GLUCONATE,,,,False,False
CHEMBL1200438,TIOCONAZOLE,G01AF08;D01AC07,yeast infection,sterol demethylase inhibitor,False,False
CHEMBL1200439,IODOHIPPURATE SODIUM I 123,V09CX01,,,False,False
CHEMBL1200440,MEPIVACAINE HYDROCHLORIDE,,,,False,False
CHEMBL1200444,PIRBUTEROL ACETATE,,,,False,False
CHEMBL1200446,TRIPELENNAMINE HYDROCHLORIDE,,,,False,False
CHEMBL1200448,TILUDRONATE DISODIUM,,,,False,False
CHEMBL1200449,TRIAMCINOLONE DIACETATE,,,,False,False
CHEMBL1200453,DOCOSANOL,D06BB11,cold sore,lipase clearing factor inhibitor,False,False
CHEMBL1200454,VALGANCICLOVIR HYDROCHLORIDE,,,,False,False
CHEMBL1200455,IOHEXOL,V08AB02,contrast agent,radiopaque medium,False,False
CHEMBL1200461,MIDODRINE HYDROCHLORIDE,,,,False,False
CHEMBL1200463,OXAPROZIN POTASSIUM,,,,False,False
CHEMBL1200464,PROPARACAINE HYDROCHLORIDE,,,,False,False
CHEMBL1200467,HYDROXYZINE PAMOATE,,,,False,False
CHEMBL1200468,MALATHION,P03AX03,lice,cholinesterase inhibitor,False,False
CHEMBL1200469,PROMAZINE HYDROCHLORIDE,,,,False,False
CHEMBL1200470,ESOMEPRAZOLE SODIUM,,,,False,False
CHEMBL1200471,PYRITHIONE ZINC,D11AX12,,,False,False
CHEMBL1200472,QUAZEPAM,N05CD10,,,False,True
CHEMBL1200473,CYCLOPENTOLATE HYDROCHLORIDE,,,,False,False
CHEMBL1200474,DEMECLOCYCLINE HYDROCHLORIDE,,,,False,False
CHEMBL1200475,DAUNORUBICIN CITRATE,,,,False,False
CHEMBL1200477,ALLOPURINOL SODIUM,,,,False,False
CHEMBL1200478,DYCLONINE HYDROCHLORIDE,,,,False,False
CHEMBL1200479,DICYCLOMINE HYDROCHLORIDE,,,,False,False
CHEMBL1200482,CEFOPERAZONE SODIUM,,,,False,False
CHEMBL1200483,PHENMETRAZINE HYDROCHLORIDE,,,,False,False
CHEMBL1200485,SORAFENIB TOSYLATE,,,,False,False
CHEMBL1200487,ETHACRYNATE SODIUM,,,,False,False
CHEMBL1200491,EPINASTINE HYDROCHLORIDE,,,,False,False
CHEMBL1200492,NEFAZODONE HYDROCHLORIDE,,,,False,False
CHEMBL1200493,NAFTIFINE HYDROCHLORIDE,,,,False,False
CHEMBL1200494,GUANFACINE HYDROCHLORIDE,,,,False,False
CHEMBL1200495,HYDROCORTISONE SODIUM SUCCINATE,,,,False,False
CHEMBL1200497,CYCLIZINE LACTATE,,,,False,False
CHEMBL1200498,ALATROFLOXACIN MESYLATE,,,,False,False
CHEMBL1200500,BECLOMETHASONE DIPROPIONATE,R03BA01;D07AC15;R01AD01;A07EA07,,,False,False
CHEMBL1200503,BROMOCRIPTINE MESYLATE,,,,False,False
CHEMBL1200506,ERYTHROMYCIN LACTOBIONATE,,,,False,False
CHEMBL1200510,ERYTHROMYCIN STEARATE,,,,False,False
CHEMBL1200514,DEMECARIUM BROMIDE,,,,False,False
CHEMBL1200515,DESERPIDINE,C02AA05,hypertension,angiotensin converting enzyme inhibitor,False,False
CHEMBL1200517,DIHYDROERGOTAMINE MESYLATE,,,,False,False
CHEMBL1200521,ALMOTRIPTAN MALATE,,,,False,False
CHEMBL1200522,AVOBENZONE,,cosmetic|sunscreen lotion,topical sunscreen agent,False,False
CHEMBL1200523,CEFAZOLIN SODIUM,,,,False,False
CHEMBL1200530,CEFOXITIN SODIUM,,,,False,False
CHEMBL1200531,ALFENTANIL HYDROCHLORIDE,,,,False,False
CHEMBL1200532,METHDILAZINE HYDROCHLORIDE,,,,False,False
CHEMBL1200534,MOEXIPRIL HYDROCHLORIDE,,,,False,False
CHEMBL1200538,BETAMETHASONE ACETATE,,,,False,False
CHEMBL1200541,AMBENONIUM CHLORIDE,,,,False,False
CHEMBL1200542,DESOXYCORTICOSTERONE ACETATE,H02AA03,,,False,False
CHEMBL1200543,ANILERIDINE PHOSPHATE,,,,False,False
CHEMBL1200544,CEPHALEXIN,J01DB01,respiratory tract infections|otitis|skin infections|bone and joint infections|genitourinary tract infections,bacterial cell wall synthesis inhibitor,False,False
CHEMBL1200545,DIFLORASONE DIACETATE,D07AC10,,,False,False
CHEMBL1200549,RAPACURONIUM BROMIDE,,,,False,False
CHEMBL1200550,ANTAZOLINE PHOSPHATE,,,,False,False
CHEMBL1200560,GUANABENZ ACETATE,,,,False,False
CHEMBL1200561,DOXAZOSIN MESYLATE,,,,False,False
CHEMBL1200562,HYDROCORTISONE VALERATE,,,,False,False
CHEMBL1200563,CERIVASTATIN SODIUM,,,,False,False
CHEMBL1200569,CAFFEINE CITRATE,,,,False,False
CHEMBL1200570,MEGLUMINE,,,excipient,False,False
CHEMBL1200577,CYSTEAMINE BITARTRATE,,,,False,False
CHEMBL1200578,THEOPHYLLINE SODIUM GLYCINATE,,,,False,False
CHEMBL1200580,SULFOXONE SODIUM,J04BA03,,,False,False
CHEMBL1200581,DIATRIZOATE SODIUM,,,,False,False
CHEMBL1200582,AMINOLEVULINIC ACID HYDROCHLORIDE,,,,False,False
CHEMBL1200584,AMINOSALICYLATE POTASSIUM,,,,False,False
CHEMBL1200585,OXYMETHOLONE,A14AA05,,,False,False
CHEMBL1200586,PRILOCAINE HYDROCHLORIDE,,,,False,False
CHEMBL1200588,CLINDAMYCIN HYDROCHLORIDE,,,,False,False
CHEMBL1200592,DESOXYCORTICOSTERONE PIVALATE,,,,False,False
CHEMBL1200595,CHLORPHENTERMINE HYDROCHLORIDE,,,,False,False
CHEMBL1200596,CHLOROXINE,,diarrhea|inflammatory bowel disease|giardiasis|dandruff,opioid receptor antagonist,False,True
CHEMBL1200597,ETIDOCAINE HYDROCHLORIDE,,,,False,False
CHEMBL1200598,DIETHYLSTILBESTROL DIPHOSPHATE,L02AA04,,,False,False
CHEMBL1200599,DIFENOXIN HYDROCHLORIDE,,,,False,False
CHEMBL1200600,FLUOROMETHOLONE,S01BA07;D07XB04;D07AB06;D10AA01;S01CB05;C05AA06,eye inflammation,glucocorticoid receptor agonist,False,False
CHEMBL1200601,NARATRIPTAN HYDROCHLORIDE,,,,False,False
CHEMBL1200604,TROPICAMIDE,S01FA06;S01FA56,mydriasis diagnostic|cycloplegia diagnostic,acetylcholine receptor antagonist,False,True
CHEMBL1200606,MEXILETINE HYDROCHLORIDE,,,,False,False
CHEMBL1200607,PERFLEXANE,,,,False,False
CHEMBL1200609,PAROXETINE MESYLATE,,,,False,False
CHEMBL1200610,LORACARBEF,J01DC08,ear infections|laryngitis|bronchitis|pneumonia|urinary tract infections|skin infections,bacterial cell wall synthesis inhibitor,False,False
CHEMBL1200612,DIBUCAINE HYDROCHLORIDE,,,,False,False
CHEMBL1200613,TOLMETIN SODIUM,,,,False,False
CHEMBL1200614,IOVERSOL,V08AB07,contrast agent,radiopaque medium,False,False
CHEMBL1200616,CHLOROTHIAZIDE SODIUM,,,,False,False
CHEMBL1200617,RIMEXOLONE,H02AB12;S01BA13,anterior uveitis,glucocorticoid receptor agonist,False,False
CHEMBL1200618,FEXOFENADINE HYDROCHLORIDE,,,,False,False
CHEMBL1200621,GEMIFLOXACIN MESYLATE,,,,False,False
CHEMBL1200622,PARICALCITOL,H05BX02,chronic kidney disease (CKD)|hyperthyroidism,vitamin D receptor agonist,False,False
CHEMBL1200623,ETHYLESTRENOL,A14AB02,,,False,False
CHEMBL1200624,ETHYNODIOL DIACETATE,G03DC06,,,False,False
CHEMBL1200629,VECURONIUM BROMIDE,,,,False,False
CHEMBL1200630,CYSTEINE HYDROCHLORIDE,,,,False,False
CHEMBL1200635,HYDROCORTAMATE HYDROCHLORIDE,,,,False,False
CHEMBL1200636,CYCLOBENZAPRINE HYDROCHLORIDE,,,,False,False
CHEMBL1200638,DEXBROMPHENIRAMINE MALEATE,,,,False,False
CHEMBL1200645,ETOPOSIDE PHOSPHATE,,,,False,False
CHEMBL1200648,ROCURONIUM BROMIDE,M03AC09,,,False,False
CHEMBL1200654,BENOXINATE HYDROCHLORIDE,,,,False,False
CHEMBL1200656,NATAMYCIN,S01AA10;D01AA02;A07AA03;A01AB10;G01AA02,conjunctivitis|fungal keratosis|blepharitis,fungal ergosterol inhibitor,False,False
CHEMBL1200659,ENALAPRIL MALEATE,,,,False,False
CHEMBL1200660,ISOSORBIDE,,angina pectoris|coronary artery disease (CAD),nitric oxide stimulant,False,False
CHEMBL1200661,UNOPROSTONE ISOPROPYL,,,,False,False
CHEMBL1200665,DIPHENOXYLATE HYDROCHLORIDE,,,,False,False
CHEMBL1200666,CALCIPOTRIENE,D05AX02;D05AX52,,,False,False
CHEMBL1200672,CEFPIRAMIDE SODIUM,,,,False,False
CHEMBL1200675,TOREMIFENE CITRATE,,,,False,False
CHEMBL1200678,ATAZANAVIR SULFATE,,,,False,False
CHEMBL1200681,MONTELUKAST SODIUM,,,,False,False
CHEMBL1200682,SODIUM OXYBATE,N01AX11;N07XX04,,,False,False
CHEMBL1200686,PIMECROLIMUS,D11AH02,eczema,calcineurin inhibitor,False,False
CHEMBL1200692,OLMESARTAN MEDOXOMIL,C09CA08,,,False,False
CHEMBL1200694,SEVOFLURANE,N01AB08,anesthetic,membrane integrity inhibitor,False,True
CHEMBL1200695,PHENYLPROPANOLAMINE HYDROCHLORIDE,,,,False,False
CHEMBL1200699,DOXYCYCLINE,A01AB22;J01AA02,periodontitis,bacterial 30S ribosomal subunit inhibitor|metalloproteinase inhibitor,False,False
CHEMBL1200701,DICLOXACILLIN SODIUM,,,,False,False
CHEMBL1200703,CHLORDIAZEPOXIDE HYDROCHLORIDE,,,,False,False
CHEMBL1200705,HYDROXYAMPHETAMINE HYDROBROMIDE,,,,False,False
CHEMBL1200707,BENZQUINAMIDE HYDROCHLORIDE,,,,False,False
CHEMBL1200710,CLOMIPRAMINE HYDROCHLORIDE,,,,False,False
CHEMBL1200711,OMEGA-3-ACID ETHYL ESTERS,C10AX06,,,False,False
CHEMBL1200714,CHLORMEZANONE,M03BB72;M03BB52;M03BB02,,GABA receptor modulator,False,True
CHEMBL1200715,HEXYLCAINE HYDROCHLORIDE,,,,False,False
CHEMBL1200721,ESTRAMUSTINE PHOSPHATE SODIUM,,,,False,False
CHEMBL1200722,PIPECURONIUM BROMIDE,M03AC06,,,False,False
CHEMBL1200724,PSEUDOEPHEDRINE HYDROCHLORIDE,,,,False,False
CHEMBL1200725,SERTACONAZOLE NITRATE,,,,False,False
CHEMBL1200729,CHLORAMPHENICOL SODIUM SUCCINATE,,,,False,False
CHEMBL1200732,AMCINONIDE,D07AC11,corticosteroid-responsive dermatoses,glucocorticoid receptor agonist,False,False
CHEMBL1200733,DESFLURANE,N01AB07,,,False,False
CHEMBL1200734,FOSAMPRENAVIR CALCIUM,,,,False,False
CHEMBL1200735,MOXIFLOXACIN HYDROCHLORIDE,,,,False,False
CHEMBL1200745,OXPRENOLOL HYDROCHLORIDE,,,,False,False
CHEMBL1200748,CARBIDOPA,,Parkinson's Disease,aromatic L-amino acid decarboxylase inhibitor,False,True
CHEMBL1200749,LEVOBUPIVACAINE HYDROCHLORIDE,,,,False,False
CHEMBL1200750,PROMETHAZINE HYDROCHLORIDE,,,,False,False
CHEMBL1200751,MERCAPTOPURINE,L01BB02,acute lymphoblastic leukemia (ALL),immunosuppressant|protein synthesis inhibitor|purine antagonist,False,False
CHEMBL1200756,PYRIDOXINE HYDROCHLORIDE,,,,False,False
CHEMBL1200757,PANCURONIUM BROMIDE,,,,False,False
CHEMBL1200758,AMPICILLIN SODIUM,,,,False,False
CHEMBL1200759,ANAGRELIDE HYDROCHLORIDE,,,,False,False
CHEMBL1200760,BALSALAZIDE DISODIUM,,,,False,False
CHEMBL1200761,CHLOROTRIANISENE,G03CA06,menopause|prostate cancer,estrogenic hormone,False,False
CHEMBL1200762,BETAMETHASONE SODIUM PHOSPHATE,,,,False,False
CHEMBL1200763,IODOHIPPURATE SODIUM I 131,V09CX02,,,False,False
CHEMBL1200764,METHACHOLINE CHLORIDE,,,,False,False
CHEMBL1200768,CEFTAZIDIME SODIUM,,,,False,False
CHEMBL1200769,TRIPELENNAMINE CITRATE,,,,False,False
CHEMBL1200770,IOCETAMIC ACID,V08AC07,,,False,False
CHEMBL1200771,TRIDIHEXETHYL CHLORIDE,,,,False,False
CHEMBL1200772,WARFARIN POTASSIUM,,,,False,False
CHEMBL1200773,TOCAINIDE HYDROCHLORIDE,,,,False,False
CHEMBL1200774,FLUPREDNISOLONE,,,,False,False
CHEMBL1200776,CINACALCET HYDROCHLORIDE,,,,False,False
CHEMBL1200778,DEXRAZOXANE HYDROCHLORIDE,,,,False,False
CHEMBL1200779,TROVAFLOXACIN MESYLATE,,,,False,False
CHEMBL1200781,CITALOPRAM HYDROBROMIDE,,,,False,False
CHEMBL1200782,DEXTROAMPHETAMINE ADIPATE,,,,False,False
CHEMBL1200787,PHENOXYBENZAMINE HYDROCHLORIDE,,,,False,False
CHEMBL1200788,CISAPRIDE MONOHYDRATE,,,,False,False
CHEMBL1200789,TRICLOFOS SODIUM,,,,False,False
CHEMBL1200790,METHYPRYLON,N05CE02,,,False,True
CHEMBL1200791,OXYMETAZOLINE HYDROCHLORIDE,,,,False,False
CHEMBL1200794,OXYMORPHONE HYDROCHLORIDE,,,,False,False
CHEMBL1200795,CLEMASTINE FUMARATE,,,,False,False
CHEMBL1200796,CYCLOPHOSPHAMIDE,L01AA01,Hodgkin's lymphoma|small lymphocytic lymphoma (SLL)|breast cancer|neuroblastoma|Burkitt's lymphoma|multiple myeloma|chronic lymphocytic leukemia (CLL)|acute myeloid leukemia (AML)|acute lymphoblastic leukemia (ALL)|chronic myeloid leukemia (CML)|true histiocytic lymphoma (THL)|retinoblastoma|ovarian cancer,DNA alkylating agent,False,False
CHEMBL1200798,TRAZODONE HYDROCHLORIDE,,,,False,False
CHEMBL1200799,TRAVOPROST,S01EE04,ocular hypertension|glaucoma,prostanoid receptor agonist,False,False
CHEMBL1200802,TALBUTAL,N05CA07,,,False,True
CHEMBL1200803,SOLIFENACIN SUCCINATE,,,,False,False
CHEMBL1200804,DICLOFENAC POTASSIUM,,,,False,False
CHEMBL1200805,DILTIAZEM MALATE,,,,False,False
CHEMBL1200806,NAPROXEN SODIUM,,,,False,False
CHEMBL1200807,NORELGESTROMIN,,contraceptive,,False,False
CHEMBL1200809,AZELASTINE HYDROCHLORIDE,,,,False,False
CHEMBL1200810,DOXERCALCIFEROL,H05BX03,chronic kidney disease (CKD)|hyperparathyroidism,vitamin D receptor agonist,False,False
CHEMBL1200813,ACEBUTOLOL HYDROCHLORIDE,,,,False,False
CHEMBL1200814,ACETAZOLAMIDE SODIUM,,,,False,False
CHEMBL1200817,LEVOMETHADYL ACETATE HYDROCHLORIDE,,,,False,False
CHEMBL1200819,ARTICAINE HYDROCHLORIDE,,,,False,False
CHEMBL1200820,PIPERACILLIN SODIUM,,,,False,False
CHEMBL1200821,PROPYLIODONE,V08AD03,,,False,False
CHEMBL1200822,FLECAINIDE ACETATE,,,,False,False
CHEMBL1200825,METHADONE HYDROCHLORIDE,,,,False,False
CHEMBL1200828,CYCRIMINE HYDROCHLORIDE,,,,False,False
CHEMBL1200829,GLUCONOLACTONE,,,,False,False
CHEMBL1200831,SPIRAPRIL HYDROCHLORIDE,,,,False,False
CHEMBL1200832,TERBINAFINE HYDROCHLORIDE,,,,False,False
CHEMBL1200833,DIPIVEFRIN HYDROCHLORIDE,,,,False,False
CHEMBL1200836,OXICONAZOLE NITRATE,,,,False,False
CHEMBL1200837,LEVOBETAXOLOL HYDROCHLORIDE,,,,False,False
CHEMBL1200839,DIATRIZOATE MEGLUMINE,,,,False,False
CHEMBL1200841,PROCAINE HYDROCHLORIDE,,,,False,False
CHEMBL1200843,METHYLERGONOVINE MALEATE,,,,False,False
CHEMBL1200845,HALCINONIDE,D07AD02,corticosteroid-responsive dermatoses,glucocorticoid receptor agonist,False,False
CHEMBL1200848,HYDROXYPROGESTERONE CAPROATE,G03DA03,,,False,False
CHEMBL1200850,GANCICLOVIR SODIUM,,,,False,False
CHEMBL1200851,HOMATROPINE METHYLBROMIDE,A03BB06;A03CB04,,,False,False
CHEMBL1200852,PENICILLIN V POTASSIUM,,,,False,False
CHEMBL1200853,DYDROGESTERONE,G03DB01,infertility,progesterone receptor agonist,False,False
CHEMBL1200854,FLUPHENAZINE DECANOATE,,,,False,False
CHEMBL1200855,TICARCILLIN DISODIUM,,,,False,False
CHEMBL1200859,ISOSULFAN BLUE,,,,False,False
CHEMBL1200862,METYROSINE,C02KB01,,,False,False
CHEMBL1200863,MELPHALAN HYDROCHLORIDE,,,,False,False
CHEMBL1200865,LOTEPREDNOL ETABONATE,S01BA14,,,False,False
CHEMBL1200866,PERFLUBRON,V08CX01,contrast agent,contrast agent,False,False
CHEMBL1200868,PHENYL AMINOSALICYLATE,,,,False,False
CHEMBL1200869,METRONIDAZOLE HYDROCHLORIDE,,,,False,False
CHEMBL1200870,TIMOLOL MALEATE,,,,False,False
CHEMBL1200873,PHENTOLAMINE MESYLATE,,,,False,False
CHEMBL1200874,TOLBUTAMIDE SODIUM,,,,False,False
CHEMBL1200875,FLAVOXATE HYDROCHLORIDE,,,,False,False
CHEMBL1200877,FLUMETHASONE PIVALATE,,,,False,False
CHEMBL1200878,TRIAMCINOLONE HEXACETONIDE,,,,False,False
CHEMBL1200879,WARFARIN SODIUM,,,,False,False
CHEMBL1200880,DIPHEMANIL METHYLSULFATE,,,,False,False
CHEMBL1200881,MINOCYCLINE HYDROCHLORIDE,,,,False,False
CHEMBL1200885,ALOSETRON HYDROCHLORIDE,,,,False,False
CHEMBL1200887,TRIMETHOBENZAMIDE HYDROCHLORIDE,,,,False,False
CHEMBL1200890,OXYCODONE HYDROCHLORIDE,,,,False,False
CHEMBL1200891,OXYPHENCYCLIMINE HYDROCHLORIDE,,,,False,False
CHEMBL1200893,PROTOKYLOL HYDROCHLORIDE,,,,False,False
CHEMBL1200895,PHENELZINE SULFATE,,,,False,False
CHEMBL1200896,DINOPROST TROMETHAMINE,,,,False,False
CHEMBL1200899,TYROPANOATE SODIUM,,,,False,False
CHEMBL1200901,HALOFANTRINE HYDROCHLORIDE,,,,False,False
CHEMBL1200903,SECOBARBITAL SODIUM,,,,False,False
CHEMBL1200904,SELEGILINE HYDROCHLORIDE,,,,False,False
CHEMBL1200906,OXYPHENONIUM BROMIDE,,,,False,False
CHEMBL1200907,TRILOSTANE,H02CA01,Cushing's syndrome,3beta-hydroxy-delta5-steroid dehydrogenase inhibitor,False,False
CHEMBL1200908,HALOBETASOL PROPIONATE,D07AC21,,,False,False
CHEMBL1200909,PREDNISOLONE TEBUTATE,,,,False,False
CHEMBL1200910,SULFISOXAZOLE ACETYL,,,,False,False
CHEMBL1200912,PHENTERMINE HYDROCHLORIDE,,,,False,False
CHEMBL1200914,TAMSULOSIN HYDROCHLORIDE,,,,False,False
CHEMBL1200916,THIORIDAZINE HYDROCHLORIDE,,,,False,False
CHEMBL1200920,ISOETHARINE HYDROCHLORIDE,,,,False,False
CHEMBL1200922,MEBUTAMATE,N05BC04,,,False,True
CHEMBL1200927,DEXCHLORPHENIRAMINE MALEATE,,,,False,False
CHEMBL1200930,RABEPRAZOLE SODIUM,,,,False,False
CHEMBL1200932,IOPAMIDOL,V08AB04,contrast agent,radiopaque medium,False,False
CHEMBL1200933,HEXAFLUORENIUM BROMIDE,,,,False,False
CHEMBL1200934,NORGESTIMATE,,contraceptive,progesterone receptor agonist,False,False
CHEMBL1200935,DARIFENACIN HYDROBROMIDE,,,,False,False
CHEMBL1200936,PENICILLIN G PROCAINE,,,,False,False
CHEMBL1200937,DALFOPRISTIN,,,antibacterial ,False,False
CHEMBL1200938,METHYSERGIDE MALEATE,,,,False,False
CHEMBL1200940,METOCLOPRAMIDE HYDROCHLORIDE,,,,False,False
CHEMBL1200941,THIAMINE HYDROCHLORIDE,,,,False,False
CHEMBL1200944,SULBACTAM SODIUM,,,,False,False
CHEMBL1200946,NANDROLONE DECANOATE,,,,False,False
CHEMBL1200947,METIPRANOLOL HYDROCHLORIDE,,,,False,False
CHEMBL1200948,TRIMIPRAMINE MALEATE,,,,False,False
CHEMBL1200949,BETAZOLE HYDROCHLORIDE,,,,False,False
CHEMBL1200950,CLIDINIUM BROMIDE,A03CA02,,,False,False
CHEMBL1200951,FLUPHENAZINE ENANTHATE,,,,False,False
CHEMBL1200952,METHAMPHETAMINE HYDROCHLORIDE,,,,False,False
CHEMBL1200953,HYDROCORTISONE PROBUTATE,D07AB11,,,False,False
CHEMBL1200955,MYCOPHENOLATE MOFETIL HYDROCHLORIDE,,,,False,False
CHEMBL1200959,METHDILAZINE,R06AD04,,,False,False
CHEMBL1200961,BROMPHENIRAMINE MALEATE,,,,False,False
CHEMBL1200962,CEFEPIME HYDROCHLORIDE,,,,False,False
CHEMBL1200963,BIMATOPROST,S01EE03,intraocular pressure|glaucoma|ocular hypertension,prostanoid receptor agonist,False,False
CHEMBL1200964,AMITRIPTYLINE HYDROCHLORIDE,,,,False,False
CHEMBL1200965,BACAMPICILLIN HYDROCHLORIDE,,,,False,False
CHEMBL1200967,BROMODIPHENHYDRAMINE HYDROCHLORIDE,,,,False,False
CHEMBL1200968,HYDROCORTISONE SODIUM PHOSPHATE,,,,False,False
CHEMBL1200969,DUTASTERIDE,G04CB02,benign prostatic hyperplasia (BPH),5 alpha reductase inhibitor,False,False
CHEMBL1200970,ETHOPROPAZINE HYDROCHLORIDE,,,,False,False
CHEMBL1200971,CEPHALOGLYCIN,,,,False,False
CHEMBL1200972,CHLOPHEDIANOL HYDROCHLORIDE,,,,False,False
CHEMBL1200973,ESTRADIOL CYPIONATE,,,,False,False
CHEMBL1200974,CARBINOXAMINE MALEATE,,,,False,False
CHEMBL1200975,CLOCORTOLONE PIVALATE,,,,False,False
CHEMBL1200976,IDARUBICIN HYDROCHLORIDE,,,,False,False
CHEMBL1200977,MILRINONE LACTATE,,,,False,False
CHEMBL1200979,DEXPANTHENOL,D03AX03;A11HA30;S01XA12,paralytic ileus,,False,False
CHEMBL1200980,ESTROPIPATE,,osteoporosis|menopause|vaginal atrophy|hypoestrogenism,estrogen receptor agonist,False,False
CHEMBL1200981,EPIRUBICIN HYDROCHLORIDE,,,,False,False
CHEMBL1200982,BUTABARBITAL SODIUM,,,,False,False
CHEMBL1200984,AMLODIPINE MALEATE,,,,False,False
CHEMBL1200985,CEFTIBUTEN DIHYDRATE,,,,False,False
CHEMBL1200986,HALOPERIDOL DECANOATE,,,,False,False
CHEMBL1200987,EPROSARTAN MESYLATE,,,,False,False
CHEMBL1200988,METHANTHELINE BROMIDE,,,,False,False
CHEMBL1200989,ALCLOMETASONE DIPROPIONATE,D07AB10;S01BA10,,,False,False
CHEMBL1200991,CARBENICILLIN INDANYL SODIUM,,,,False,False
CHEMBL1201000,NITROFURANTOIN SODIUM,,,,False,False
CHEMBL1201001,MECHLORETHAMINE HYDROCHLORIDE,,,,False,False
CHEMBL1201002,CARTEOLOL HYDROCHLORIDE,,,,False,False
CHEMBL1201003,ELETRIPTAN HYDROBROMIDE,,,,False,False
CHEMBL1201005,CEFONICID SODIUM,,,,False,False
CHEMBL1201006,PYRILAMINE MALEATE,,,,False,False
CHEMBL1201010,FLUDROCORTISONE ACETATE,H02AA02,,,False,False
CHEMBL1201011,QUINAPRIL HYDROCHLORIDE,,,,False,False
CHEMBL1201012,FLURANDRENOLIDE,D07AC07,,,False,False
CHEMBL1201013,OLSALAZINE SODIUM,,,,False,False
CHEMBL1201014,PREDNISOLONE SODIUM PHOSPHATE,,,,False,False
CHEMBL1201016,CEFPODOXIME PROXETIL,,,,False,False
CHEMBL1201018,CEFACLOR,J01DC04,pneumonia|skin infections|urinary tract infections|respiratory tract infections|tonsillitis|pharyngitis,bacterial cell wall synthesis inhibitor,False,False
CHEMBL1201019,CEFTIZOXIME SODIUM,,,,False,False
CHEMBL1201020,DISOPYRAMIDE PHOSPHATE,,,,False,False
CHEMBL1201022,PHENAZOPYRIDINE HYDROCHLORIDE,,,,False,False
CHEMBL1201023,ORPHENADRINE HYDROCHLORIDE,N04AB02,,,False,False
CHEMBL1201027,GLYCOPYRRONIUM BROMIDE,A03AB02;R03BB06,,,False,False
CHEMBL1201032,RIZATRIPTAN BENZOATE,,,,False,False
CHEMBL1201033,IPODATE SODIUM,V08AC08,,,False,False
CHEMBL1201035,BIPERIDEN HYDROCHLORIDE,,,,False,False
CHEMBL1201037,EFLORNITHINE HYDROCHLORIDE,,,,False,False
CHEMBL1201038,ACRISORCIN,,fungal infection,other antifungal,False,False
CHEMBL1201039,BENZTHIAZIDE,,hypertension|edema,carbonic anhydrase inhibitor,False,False
CHEMBL1201041,AZLOCILLIN SODIUM,,,,False,False
CHEMBL1201042,ETIDRONATE DISODIUM,,,,False,False
CHEMBL1201043,CEPHAPIRIN SODIUM,,,,False,False
CHEMBL1201044,DAPIPRAZOLE HYDROCHLORIDE,,,,False,False
CHEMBL1201045,ACETRIZOATE SODIUM,,,,False,False
CHEMBL1201046,CEFORANIDE,J01DC11,gram-negative bacterial infections,penicillin binding protein inhibitor,False,False
CHEMBL1201047,ANILERIDINE HYDROCHLORIDE,,,,False,False
CHEMBL1201048,DROMOSTANOLONE PROPIONATE,,,,False,False
CHEMBL1201049,ECONAZOLE NITRATE,,,,False,False
CHEMBL1201050,PEMIROLAST POTASSIUM,,,,False,False
CHEMBL1201051,CIMETIDINE HYDROCHLORIDE,,,,False,False
CHEMBL1201052,MESORIDAZINE BESYLATE,,,,False,False
CHEMBL1201056,SULFACYTINE,,,,False,False
CHEMBL1201057,CILASTATIN SODIUM,,,,False,False
CHEMBL1201059,PROGUANIL HYDROCHLORIDE,,,,False,False
CHEMBL1201060,LOXAPINE HYDROCHLORIDE,,,,False,False
CHEMBL1201061,LEVALBUTEROL HYDROCHLORIDE,,,,False,False
CHEMBL1201063,PROPAFENONE HYDROCHLORIDE,,,,False,False
CHEMBL1201064,FLUOROMETHOLONE ACETATE,,,,False,False
CHEMBL1201065,THIAMYLAL SODIUM,,,,False,False
CHEMBL1201066,VENLAFAXINE HYDROCHLORIDE,,,,False,False
CHEMBL1201067,BIPERIDEN LACTATE,,,,False,False
CHEMBL1201068,PROPIOMAZINE HYDROCHLORIDE,,,,False,False
CHEMBL1201071,TETRACYCLINE PHOSPHATE COMPLEX,,,,False,False
CHEMBL1201073,SUCCIMER,,,,False,False
CHEMBL1201075,IOXILAN,V08AB12,angiography,radiopaque medium,False,False
CHEMBL1201080,TRIMETHOPRIM HYDROCHLORIDE,,,,False,False
CHEMBL1201081,METHYLPREDNISOLONE SODIUM SUCCINATE,,,,False,False
CHEMBL1201082,FLUOXETINE HYDROCHLORIDE,,,,False,False
CHEMBL1201083,SODIUM IODIDE I 123,V09FX02,,,False,False
CHEMBL1201084,SODIUM IODIDE I 131,V10XA01;V09FX03,,,False,False
CHEMBL1201087,CABERGOLINE,G02CB03;N04BC06,hyperprolactinemia,dopamine receptor agonist,False,True
CHEMBL1201089,DIPHENHYDRAMINE CITRATE,,,,False,False
CHEMBL1201092,RIVASTIGMINE TARTRATE,,,,False,False
CHEMBL1201093,METHYL AMINOLEVULINATE HYDROCHLORIDE,,,,False,False
CHEMBL1201098,CEFOTETAN DISODIUM,,,,False,False
CHEMBL1201101,TESTOSTERONE CYPIONATE,,,,False,False
CHEMBL1201102,TRIFLUPROMAZINE HYDROCHLORIDE,,,,False,False
CHEMBL1201103,METHOXAMINE HYDROCHLORIDE,,,,False,False
CHEMBL1201104,METHENAMINE HIPPURATE,,,,False,False
CHEMBL1201108,CONIVAPTAN HYDROCHLORIDE,,,,False,False
CHEMBL1201109,DESONIDE,S01BA11;D07AB08,Crohn's disease,glucocorticoid receptor agonist,False,False
CHEMBL1201110,VALACYCLOVIR HYDROCHLORIDE,,,,False,False
CHEMBL1201112,NELARABINE,L01BB07,acute lymphoblastic leukemia (ALL),DNA synthesis inhibitor|T cell inhibitor,False,False
CHEMBL1201115,ESMOLOL HYDROCHLORIDE,,,,False,False
CHEMBL1201116,HETACILLIN,J01CA18,mastitis,bacterial cell wall synthesis inhibitor,False,False
CHEMBL1201117,METHOCARBAMOL,M03BA53;M03BA03;M03BA73,muscle relaxant,muscle relaxant,False,False
CHEMBL1201118,CEFMETAZOLE SODIUM,,,,False,False
CHEMBL1201119,LIOTHYRONINE SODIUM,H03AA02,,,False,False
CHEMBL1201120,REMIFENTANIL HYDROCHLORIDE,,,,False,False
CHEMBL1201121,HETACILLIN POTASSIUM,,,,False,False
CHEMBL1201124,KETOROLAC TROMETHAMINE,,,,False,False
CHEMBL1201125,IOTHALAMATE MEGLUMINE,,,,False,False
CHEMBL1201127,DARUNAVIR ETHANOLATE,,,,False,False
CHEMBL1201129,DECITABINE,L01BC08,myelodysplastic diseases (MDS)|anemia|chronic myeloid leukemia (CML),DNA methyltransferase inhibitor,False,False
CHEMBL1201131,PIPERONYL BUTOXIDE,,,,False,False
CHEMBL1201132,NALBUPHINE HYDROCHLORIDE,,,,False,False
CHEMBL1201134,LUBIPROSTONE,A06AX03,constipation|irritable bowel syndrome,chloride channel activator,False,False
CHEMBL1201138,LEUCOVORIN CALCIUM,V03AF03,,,False,False
CHEMBL1201139,MEGESTROL ACETATE,L02AB01;G03DB02;G03AC05,,,False,False
CHEMBL1201141,IBUPROFEN LYSINE,,,,False,False
CHEMBL1201142,RASAGILINE MESYLATE,,,,False,False
CHEMBL1201146,NORETHINDRONE ACETATE,,,,False,False
CHEMBL1201147,OCTOCRYLENE,,sunscreen lotion,,False,False
CHEMBL1201148,MEPREDNISONE,H02AB15,,,False,False
CHEMBL1201149,NALTREXONE HYDROCHLORIDE,,,,False,False
CHEMBL1201150,SUMATRIPTAN SUCCINATE,,,,False,False
CHEMBL1201151,MESTRANOL,,contraceptive,estrogen receptor agonist,False,False
CHEMBL1201152,NALMEFENE HYDROCHLORIDE,,,,False,False
CHEMBL1201153,ISOETHARINE MESYLATE,,,,False,False
CHEMBL1201154,PROCHLORPERAZINE EDISYLATE,,,,False,False
CHEMBL1201155,LOXAPINE SUCCINATE,,,,False,False
CHEMBL1201156,NORTRIPTYLINE HYDROCHLORIDE,,,,False,False
CHEMBL1201159,FENTANYL HYDROCHLORIDE,,,,False,False
CHEMBL1201161,MAFENIDE ACETATE,,,,False,False
CHEMBL1201162,DORZOLAMIDE HYDROCHLORIDE,,,,False,False
CHEMBL1201163,SUFENTANIL CITRATE,,,,False,False
CHEMBL1201165,QUINESTROL,,menopause,estrogen receptor agonist,False,False
CHEMBL1201167,CARVEDILOL PHOSPHATE,,,,False,False
CHEMBL1201168,ISOCARBOXAZID,N06AF01,depression,monoamine oxidase inhibitor,False,True
CHEMBL1201171,PRAMOXINE HYDROCHLORIDE,,,,False,False
CHEMBL1201172,IODAMIDE MEGLUMINE,,,,False,False
CHEMBL1201173,MEDRYSONE,S01BA08,conjunctivitis|episcleritis,glucocorticoid receptor agonist,False,False
CHEMBL1201174,SITAGLIPTIN PHOSPHATE,,,,False,False
CHEMBL1201177,LEVOBUNOLOL HYDROCHLORIDE,,,,False,False
CHEMBL1201178,LISDEXAMFETAMINE DIMESYLATE,,,,False,False
CHEMBL1201179,LAPATINIB DITOSYLATE,,,,False,False
CHEMBL1201180,DICLOFENAC EPOLAMINE,,,,False,False
CHEMBL1201190,LEVOCETIRIZINE DIHYDROCHLORIDE,,,,False,False
CHEMBL1201191,LEVOCETIRIZINE,R06AE09,allergic rhinitis|urticaria,histamine receptor antagonist,False,True
CHEMBL1201192,ARMODAFINIL,N06BA13,,,False,True
CHEMBL1201193,LEVOBUPIVACAINE,N01BB10,,,False,False
CHEMBL1201195,CEFMETAZOLE,J01DC09,urinary tract infections|skin infections,bacterial cell wall synthesis inhibitor,False,False
CHEMBL1201196,SERTACONAZOLE,D01AC14;G01AF19,tinea pedis,sterol demethylase inhibitor,False,False
CHEMBL1201197,ALATROFLOXACIN,,,,False,False
CHEMBL1201198,PEMIROLAST,,asthma,mediator release inhibitor,False,False
CHEMBL1201201,METHAMPHETAMINE,N06BA03,,,False,True
CHEMBL1201203,BENZTROPINE,N04AC01,,,False,False
CHEMBL1201204,CEFPIRAMIDE,J01DD11,gram-negative bacterial infections,bacterial cell wall synthesis inhibitor,False,False
CHEMBL1201206,PIPECURONIUM,,anesthetic,neuromuscular blocker,False,True
CHEMBL1201207,BETAMETHASONE PHOSPHORIC ACID,,,,False,False
CHEMBL1201208,PHENMETRAZINE,,,,False,False
CHEMBL1201210,PROPIOMAZINE,N05CM06,,,False,True
CHEMBL1201212,MIDODRINE,C01CA17,hypotension,adrenergic receptor agonist,False,True
CHEMBL1201213,ISOETHARINE,R03AC07;R03CC06,bronchospasm|asthma,adrenergic receptor agonist,False,True
CHEMBL1201216,DAPIPRAZOLE,S01EX02,mydriasis,adrenergic receptor antagonist,False,True
CHEMBL1201217,DYCLONINE,R02AD04;N01BX02,local anesthetic,sodium channel blocker,False,True
CHEMBL1201218,CEFAMANDOLE NAFATE FREE BASE,,,,False,False
CHEMBL1201219,VECURONIUM,M03AC03,muscle relaxant,acetylcholine receptor antagonist,False,True
CHEMBL1201220,DIATRIZOIC ACID,V08AA01,,,False,False
CHEMBL1201222,LISDEXAMFETAMINE,N06BA12,,,False,True
CHEMBL1201224,CEFMENOXIME,S02AA18;J01DD05;S01AA31,gram-negative bacterial infections,bacterial cell wall synthesis inhibitor,False,False
CHEMBL1201227,CYCRIMINE,,,,False,False
CHEMBL1201229,DEMECARIUM,S01EB04,intraocular pressure|glaucoma,acetylcholinesterase inhibitor,False,True
CHEMBL1201231,PREDNISOLONE PHOSPHORIC ACID,,,,False,False
CHEMBL1201232,ISOPROPAMIDE,A03AB09,,,False,False
CHEMBL1201233,METHYLDOPATE,,hypertension,,False,False
CHEMBL1201234,MEPHENTERMINE,C01CA11,hypotension,adrenergic receptor agonist,False,True
CHEMBL1201235,METHYLHOMATROPINE,,,,False,False
CHEMBL1201236,CARBIDOPA ANHYDROUS,,,,False,False
CHEMBL1201237,LEVOBUNOLOL,S01ED03,glaucoma|ocular hypertension,adrenergic receptor antagonist,False,True
CHEMBL1201239,IODAMIDE,V08AA03,,,False,False
CHEMBL1201242,INDECAINIDE,,,,False,False
CHEMBL1201243,IPODATE,,,,False,False
CHEMBL1201244,ROCURONIUM,,anesthetic,acetylcholine receptor antagonist,False,True
CHEMBL1201245,BROMODIPHENHYDRAMINE,R06AA01,,,False,False
CHEMBL1201250,BENZQUINAMIDE,,,,False,False
CHEMBL1201251,ARBUTAMINE,C01CA22,,,False,False
CHEMBL1201256,TRIMETHOBENZAMIDE,R06AA10,vomiting|nausea|gastroenteritis,histamine receptor antagonist,False,True
CHEMBL1201260,BETHANIDINE,C02CC01,,,False,False
CHEMBL1201261,TYROPANOIC ACID,V08AC09,,,False,False
CHEMBL1201262,DIPIVEFRIN,S01EA02,,,False,False
CHEMBL1201263,HYDROCORTAMATE,,,,False,False
CHEMBL1201264,METHANTHELINE,A03AB07,peptic ulcer disease (PUD)|irritable bowel syndrome|pancreatitis|dyskinesia|neurogenic bladder,acetylcholine receptor antagonist,False,True
CHEMBL1201265,METHYLPREDNISOLONE HEMISUCCINATE,,,,False,False
CHEMBL1201266,LODOXAMIDE,S01GX05,vernal keratoconjunctivitis (VKC),histamine receptor antagonist,False,True
CHEMBL1201269,CHLORPHENTERMINE,,,,False,False
CHEMBL1201270,METHENAMINE,J01XX05,urinary tract infections,bacterial DNA inhibitor,False,False
CHEMBL1201271,BUCLIZINE,R06AE51;R06AE01,migraine headache,histamine receptor antagonist,False,True
CHEMBL1201273,PROTOKYLOL,,,,False,False
CHEMBL1201274,LEVOBETAXOLOL,,intraocular pressure|glaucoma,adrenergic receptor antagonist,False,True
CHEMBL1201275,ISOSULFAN BLUE INNER SALT,,,,False,False
CHEMBL1201281,CHLORAMPHENICOL SUCCINIC ACID,,,,False,False
CHEMBL1201284,CINACALCET,H05BX01,hyperparathyroidism|chronic kidney disease (CKD)|parathyroid carcinoma|hypercalcemia,calcium channel activator,False,True
CHEMBL1201286,OXYPHENONIUM,A03AB53;A03AB03,peptic ulcer disease (PUD),cholinergic receptor antagonist,False,False
CHEMBL1201287,DEXBROMPHENIRAMINE,R06AB56;R06AB06,,,False,False
CHEMBL1201288,DANTROLENE,M03CA01,spasms|malignant hyperthermia (MH),calcium channel blocker,False,True
CHEMBL1201293,ACAMPROSATE,N07BB03,abstinence from alcohol,glutamate receptor antagonist,False,True
CHEMBL1201294,DIPHENOXYLATE,A07DA01,,,False,False
CHEMBL1201295,BITOLTEROL,R03AC17,,,False,False
CHEMBL1201300,IOTHALAMIC ACID,V08AA04,,,False,False
CHEMBL1201302,DEXAMETHASONE PHOSPHORIC ACID,,,,False,False
CHEMBL1201303,PYRVINIUM,P02CX01,,,False,False
CHEMBL1201304,INDOCYANINE GREEN ACID FORM,V04CX01,,,False,False
CHEMBL1201308,IOFETAMINE,,,,False,False
CHEMBL1201313,CHLOPHEDIANOL,R05DB10,,,False,False
CHEMBL1201314,VALGANCICLOVIR,J05AB14,cytomegalovirus (CMV),DNA synthesis inhibitor,False,False
CHEMBL1201317,TRICLOFOS,N05CM07,,,False,True
CHEMBL1201319,METARAMINOL,C01CA09,hypotension,adrenergic receptor agonist,False,True
CHEMBL1201320,ESOMEPRAZOLE,A02BC05,gastroesophageal reflux disease (GERD)|Zollinger-Ellison syndrome|peptic ulcer disease (PUD),ATPase inhibitor,False,False
CHEMBL1201321,DIFENOXIN,A07DA04,,,False,False
CHEMBL1201323,BETAZOLE,V04CG02,gastric hypersecretion diagnostic,histamine receptor agonist,False,True
CHEMBL1201325,HEXOCYCLIUM,A03AB10,,,False,False
CHEMBL1201327,ACETRIZOIC ACID,V08AA07,,,False,False
CHEMBL1201328,CARPHENAZINE,,,,False,False
CHEMBL1201329,TRIMETHAPHAN,C02BA01,,,False,False
CHEMBL1201335,GLYCOPYRRONIUM,D11AA01,,,False,False
CHEMBL1201336,FOSPHENYTOIN,N03AB05,epilepsy|seizures,sodium channel blocker,False,True
CHEMBL1201338,CYCLOPENTOLATE,S01FA54;S01FA04,mydriasis|cycloplegia,acetylcholine receptor antagonist,False,True
CHEMBL1201340,DIPHEMANIL,A03AB15,spasms,acetylcholine receptor antagonist,False,True
CHEMBL1201341,ECHOTHIOPHATE,S01EB03,,,False,False
CHEMBL1201342,METHIXENE,N04AA03,,,False,False
CHEMBL1201345,TETRADECYL SULFURIC ACID,,,,False,False
CHEMBL1201346,BALSALAZIDE,A07EC04,ulcerative colitis,cyclooxygenase inhibitor,False,False
CHEMBL1201347,ANILERIDINE,N01AH05,,,False,False
CHEMBL1201348,MENADIOL DIPHOSPHORIC ACID,,,,False,False
CHEMBL1201349,HEXAFLUORENIUM,M03AC05,,,False,False
CHEMBL1201352,RAPACURONIUM,,,,False,False
CHEMBL1201353,DEXCHLORPHENIRAMINE,R06AB02;R06AB52,allergic conjunctivitis|allergic rhinitis|urticaria|angioedema,histamine receptor antagonist,False,True
CHEMBL1201354,TRIDIHEXETHYL,A03AB08,peptic ulcer disease (PUD)|nystagmus,acetylcholine receptor antagonist,False,True
CHEMBL1201356,METHYLERGONOVINE,G02AB01,,,False,False
CHEMBL1201728,DESVENLAFAXINE SUCCINATE,,,,False,False
CHEMBL1201729,DRONEDARONE HYDROCHLORIDE,,,,False,False
CHEMBL1201731,NEBIVOLOL HYDROCHLORIDE,,,,False,False
CHEMBL1201733,PAZOPANIB HYDROCHLORIDE,,,,False,False
CHEMBL1201734,BENDAMUSTINE HYDROCHLORIDE,,,,False,False
CHEMBL1201735,BUPROPION HYDROBROMIDE,,,,False,False
CHEMBL1201740,NILOTINIB HYDROCHLORIDE MONOHYDRATE,,,,False,False
CHEMBL1201743,SAXAGLIPTIN HYDROCHLORIDE,,,,False,False
CHEMBL1201745,CHOLINE FENOFIBRATE,C10AB11,,,False,False
CHEMBL1201746,PRALATREXATE,L01BA05,peripheral T-cell lymphoma (PTCL),dihydrofolate reductase inhibitor,False,False
CHEMBL1201747,ALCAFTADINE,S01GX11,allergic conjunctivitis,histamine receptor antagonist,False,True
CHEMBL1201748,CABAZITAXEL,L01CD04,prostate cancer,microtubule inhibitor,False,False
CHEMBL1201749,DIFLUPREDNATE,D07AC19;S01BA16,endogenous uveitis,glucocorticoid receptor agonist,False,False
CHEMBL1201752,IXABEPILONE,L01DC04,breast cancer,microtubule stabilizing agent,False,False
CHEMBL1201753,PITAVASTATIN,C10AA08,hyperlipidemia,HMGCR inhibitor,False,False
CHEMBL1201754,RUFINAMIDE,N03AF03,seizures,voltage-gated sodium channel blocker,False,True
CHEMBL1201758,BEPOTASTINE,,conjunctivitis,histamine receptor antagonist,False,True
CHEMBL1201759,BEPOTASTINE BESYLATE,,,,False,False
CHEMBL1201760,BESIFLOXACIN,S01AE08,conjunctivitis,bacterial DNA gyrase inhibitor,False,False
CHEMBL1201761,BESIFLOXACIN HYDROCHLORIDE,,,,False,False
CHEMBL1201764,FESOTERODINE,G04BD11,urinary incontinence,acetylcholine receptor antagonist,False,True
CHEMBL1201765,FESOTERODINE FUMARATE,,,,False,False
CHEMBL1201766,FOSPROPOFOL,,,,False,False
CHEMBL1201770,METHYLNALTREXONE BROMIDE,A06AH01,,,False,False
CHEMBL1201772,PRASUGREL,B01AC22,myocardial infarction|acute coronary syndrome (ACS),purinergic receptor antagonist,False,False
CHEMBL1201773,PRASUGREL HYDROCHLORIDE,,,,False,False
CHEMBL1201774,SAPROPTERIN,A16AX07,hyperphenylalaninemia (HPA),phenylalanine 4-hydroxylase stimulant,False,False
CHEMBL1201775,SAPROPTERIN DIHYDROCHLORIDE,,,,False,False
CHEMBL1201776,TAPENTADOL,N02AX06,,,True,True
CHEMBL1201777,TAPENTADOL HYDROCHLORIDE,,,,False,False
CHEMBL1201780,CARGLUMIC ACID,A16AA05,,,False,False
CHEMBL1201782,FOSAPREPITANT DIMEGLUMINE,,,,False,False
CHEMBL1201784,HEXAMINOLEVULINATE,V04CX06,diagnostic agent,,False,False
CHEMBL1201785,HEXAMINOLEVULINATE HYDROCHLORIDE,,,,False,False
CHEMBL1201786,LAPYRIUM,,,,False,False
CHEMBL1201787,LAPYRIUM CHLORIDE,,,,False,False
CHEMBL1201794,RIBOFLAVIN 5'-PHOSPHATE,,,,False,False
CHEMBL1201863,DEXLANSOPRAZOLE,A02BC06,gastroesophageal reflux disease (GERD)|erosive esophagitis (EE),ATPase inhibitor,False,False
CHEMBL1201864,DIENOGEST,G03DB08,contraceptive|endometriosis,progesterone receptor agonist,False,False
CHEMBL1201891,DEFLAZACORT,H02AB13,joint inflammation,glucocorticoid receptor agonist,False,False
CHEMBL1204165,DILEVALOL HYDROCHLORIDE,,,,False,False
CHEMBL1204187,GEPIRONE HYDROCHLORIDE,,,,False,False
CHEMBL1206690,PARECOXIB,M01AH04,pain relief,cyclooxygenase inhibitor,False,True
CHEMBL1208155,ELAGOLIX,H01CC03,,gonadotropin releasing factor hormone receptor antagonist,False,False
CHEMBL1208642,THIOSULFURIC ACID,V03AB06,,,False,False
CHEMBL1208646,THEOPHYLLINE GLYCINATE,,,,False,False
CHEMBL1213165,DOLUTEGRAVIR SODIUM,,,,False,False
CHEMBL1213250,CEFTOLOZANE SULFATE,,,,False,False
CHEMBL1213251,CLOBENZOREX,A08AA08,,,False,False
CHEMBL1213252,CLORAZEPIC ACID,,,,False,False
CHEMBL1213351,PROPOXYPHENE,N02AC04,,,False,True
CHEMBL1213492,GIVINOSTAT,M09AX14,,HDAC inhibitor,False,False
CHEMBL1214124,PERAMPANEL,N03AX22,,,True,True
CHEMBL1222250,DEXTROSE,B05CX01;C05BB56;V06DC01;V04CA02,hypoglycemia,,False,False
CHEMBL1229211,DOLUTEGRAVIR,J05AJ03,human immunodeficiency virus (HIV-1),HIV integrase inhibitor,False,False
CHEMBL1229517,VEMURAFENIB,L01EC01,melanoma,RAF inhibitor,False,False
CHEMBL1230314,ESTETROL ANHYDROUS,,,,False,False
CHEMBL1231574,LEVOMEFOLIC ACID,,,,False,False
CHEMBL1232131,DOBESILIC ACID,,,,False,False
CHEMBL1235452,SULFUR,D10AB02;D11AC08,,,False,False
CHEMBL1236315,TARTARIC ACID,,,,False,False
CHEMBL1236821,XYLOSE,,,,False,False
CHEMBL1237021,LURASIDONE,N05AE05,schizophrenia,dopamine receptor antagonist|serotonin receptor antagonist,False,True
CHEMBL1237044,TRAMADOL,N02AX02,,,True,True
CHEMBL1237055,HYDROMORPHONE HYDROCHLORIDE,,,,False,False
CHEMBL1237061,PITAVASTATIN CALCIUM,,,,False,False
CHEMBL1237065,TRAMADOL HYDROCHLORIDE,,,,False,False
CHEMBL1237066,CALCIUM GLUCEPTATE,A12AA10,,,False,False
CHEMBL1237080,GRANISETRON HYDROCHLORIDE,,,,False,False
CHEMBL1237082,MECAMYLAMINE HYDROCHLORIDE,,,,False,False
CHEMBL1237102,LEVOCABASTINE HYDROCHLORIDE,,,,False,False
CHEMBL1237104,PROPOXYPHENE HYDROCHLORIDE,,,,False,False
CHEMBL1237105,CARBOPROST TROMETHAMINE,,,,False,False
CHEMBL1237119,TREPROSTINIL,B01AC21,pulmonary arterial hypertension (PAH),prostanoid receptor agonist,False,False
CHEMBL1237122,CARBOPROST,G02AD04,,,False,False
CHEMBL1237132,CLEVIDIPINE,C08CA16,,,False,False
CHEMBL1237135,MAPROTILINE HYDROCHLORIDE,,,,False,False
CHEMBL1241951,LETERMOVIR,J05AX18,cytomegalovirus (CMV),CMV terminase inhibitor,False,False
CHEMBL1254682,LEVALLORPHAN,,respiratory depression,opioid receptor antagonist,False,True
CHEMBL1255654,TETRACAINE HYDROCHLORIDE,,,,False,False
CHEMBL1255739,METHAPYRILENE HYDROCHLORIDE,,,,False,False
CHEMBL1256391,PIRFENIDONE,L04AX05,idiopathic pulmonary fibrosis (IPF),TGF beta receptor inhibitor,False,False
CHEMBL1256400,XYLOMETAZOLINE HYDROCHLORIDE,,,,False,False
CHEMBL1256696,CARBETAPENTANE CITRATE,,,,False,False
CHEMBL1256786,FORMOTEROL,R03AC13;R03CC15,asthma|chronic obstructive pulmonary disease (COPD)|bronchospasm,adrenergic receptor agonist,False,True
CHEMBL1256818,DEXTROMETHORPHAN HYDROBROMIDE,,,,False,False
CHEMBL1256841,NIALAMIDE,N06AF02,,monoamine oxidase inhibitor,False,True
CHEMBL1256842,NOMIFENSINE MALEATE,,,,False,False
CHEMBL1256958,EPINEPHRINE BITARTRATE,,,,False,False
CHEMBL1256987,FUSIDATE SODIUM,,,,False,False
CHEMBL1257015,PICOTAMIDE,B01AC03,thrombosis,thromboxane receptor antagonist|thromboxane synthase inhibitor,False,False
CHEMBL1257040,TRIFLUOPERAZINE HYDROCHLORIDE,,,,False,False
CHEMBL1257051,TEDIZOLID,J01XX11,skin infections,bacterial 50S ribosomal subunit inhibitor,False,False
CHEMBL1257073,TECOVIRIMAT,J05AX24,smallpox,orthopoxvirus egress inhibitor,False,False
CHEMBL1259059,SOFOSBUVIR,J05AP08,hepatitis C|hepatitis C,HCV inhibitor,False,False
CHEMBL1269025,EDOXABAN,B01AF03,stroke|pulmonary embolism (PE)|systemic embolism|deep vein thrombosis (DVT)|atrial fibrillation (AF),coagulation factor inhibitor,False,False
CHEMBL1276308,MIFEPRISTONE,G03XB01;G03XB51,hyperglycemia|diabetes mellitus,glucocorticoid receptor antagonist|progesterone receptor antagonist,False,False
CHEMBL1287853,FEDRATINIB,L01EJ02,myelofibrosis,FLT3 inhibitor|JAK inhibitor,False,False
CHEMBL1289494,TIVOZANIB,L01EK03,renal cell carcinoma (RCC),VEGFR inhibitor,False,False
CHEMBL1289601,LENVATINIB,L01EX08,thyroid cancer,FGFR inhibitor|KIT inhibitor|PDGFR tyrosine kinase receptor inhibitor|VEGFR inhibitor,False,False
CHEMBL1289926,AXITINIB,L01EK01,renal cell carcinoma (RCC),PDGFR tyrosine kinase receptor inhibitor|VEGFR inhibitor,False,False
CHEMBL1314751,PROCHLORPERAZINE MALEATE,,,,False,False
CHEMBL1315867,TERBUTALINE SULFATE,,,,False,False
CHEMBL1318287,PENTOLINIUM TARTRATE,,,,False,False
CHEMBL1319139,BROMHEXINE HYDROCHLORIDE,,,,False,False
CHEMBL1319362,HOMATROPINE HYDROBROMIDE,,,,False,False
CHEMBL1322884,PHENOTHRIN,P03AC03;P03AC53,lice,,False,False
CHEMBL1329455,MOLSIDOMINE,C01DX12,coronary artery disease (CAD),guanylate cyclase stimulant,False,False
CHEMBL1334033,PERHEXILINE MALEATE,,,,False,False
CHEMBL1354199,METHSCOPOLAMINE BROMIDE,,,,False,False
CHEMBL1356238,PYRITHIONE,,,,False,False
CHEMBL1357648,AMODIAQUINE HYDROCHLORIDE,,,,False,False
CHEMBL1364144,METHYLPREDNISOLONE ACETATE,,,,False,False
CHEMBL1364551,MINAPRINE HYDROCHLORIDE,,,,False,False
CHEMBL1367605,RITODRINE HYDROCHLORIDE,,,,False,False
CHEMBL1372950,NICERGOLINE,C04AE02,Raynaud's disease|migraine headache|atherosclerosis|thrombosis,adrenergic receptor antagonist,False,True
CHEMBL1375743,ZIPRASIDONE HYDROCHLORIDE,,,,False,False
CHEMBL1382627,"SULFADIAZINE, SILVER",D06BA51;D06BA01,,,False,False
CHEMBL1398126,AMILORIDE HYDROCHLORIDE,,,,False,False
CHEMBL1402684,OXYPHENISATIN ACETATE,,,,False,False
CHEMBL1407915,NEFOPAM HYDROCHLORIDE,,,,False,False
CHEMBL1410743,PARALDEHYDE,N05CC05,,,False,True
CHEMBL1411979,METHAPYRILENE,R06AC05,,histamine receptor antagonist,False,True
CHEMBL1414320,SUXIBUZONE,M02AA22,joint pain|muscle pain,cyclooxygenase inhibitor,False,True
CHEMBL1417019,MITOXANTRONE HYDROCHLORIDE,,,,False,False
CHEMBL1418176,METHANDROSTENOLONE,D11AE01;A14AA03,,,False,False
CHEMBL1434513,NOREPINEPHRINE BITARTRATE,,,,False,False
CHEMBL1441059,ALBUTEROL SULFATE,,,,False,False
CHEMBL1442422,DIBENZEPIN,N06AA08,,,False,True
CHEMBL1446650,MEBEVERINE HYDROCHLORIDE,,,,False,False
CHEMBL1446813,BETAHISTINE HYDROCHLORIDE,,,,False,False
CHEMBL1447476,BITHIONOLATE SODIUM,,,,False,False
CHEMBL1448187,FLUPHENAZINE HYDROCHLORIDE,,,,False,False
CHEMBL1449676,ORNIDAZOLE,G01AF06;P01AB03;J01XD03,protozoan infection,antiprotozoal agent,False,False
CHEMBL1452696,FEPRAZONE,M02AA16;M01AX18;M01AX68,,,False,False
CHEMBL1454910,NITROXOLINE,J01XX07,urinary tract infections,cathepsin inhibitor,False,False
CHEMBL1463345,CANRENONE,C03DA03,,mineralocorticoid receptor antagonist,False,False
CHEMBL1472989,BISOPROLOL FUMARATE,,,,False,False
CHEMBL1474889,CLOBUTINOL,R05DB03,,antitussive,False,False
CHEMBL1474963,BENZARONE,,,,False,False
CHEMBL1476022,NOMEGESTROL ACETATE,,,,False,False
CHEMBL1477036,DOCUSATE,,constipation,laxative,False,False
CHEMBL1477274,MEPTAZINOL HYDROCHLORIDE,,,,False,False
CHEMBL1480987,CYCLANDELATE,C04AX01,claudication|arteriosclerosis|Raynaud's disease,calcium channel blocker,False,True
CHEMBL1492500,DOTHIEPIN,N06AA16,,,False,True
CHEMBL1500276,OXELADIN,R05DB09,,,False,False
CHEMBL1511957,PIPERIDOLATE HYDROCHLORIDE,,,,False,False
CHEMBL1514715,ETHAMSYLATE,B02BX01,,,False,False
CHEMBL1515611,BROMISOVALUM,N05CM03,,,False,True
CHEMBL1516474,TEGASEROD MALEATE,,,,False,False
CHEMBL1523964,EPHEDRINE SULFATE,,,,False,False
CHEMBL1524273,PHTHALYLSULFATHIAZOLE,A07AB02,dysentry|colitis,dihydropteroate synthetase inhibitor,False,False
CHEMBL1525826,SULFALENE,J01ED02,,,False,False
CHEMBL1528134,BENZYDAMINE HYDROCHLORIDE,,,,False,False
CHEMBL1528839,PHENFORMIN HYDROCHLORIDE,,,,False,False
CHEMBL1530428,DEXAMETHASONE ACETATE,,,,False,False
CHEMBL1531864,PIRENZEPINE HYDROCHLORIDE,,,,False,False
CHEMBL1533310,HISTAMINE DIHYDROCHLORIDE,L03AX14,,,False,False
CHEMBL1534525,MIBEFRADIL DIHYDROCHLORIDE,,,,False,False
CHEMBL1560089,XANTHINOL NIACINATE,C04AD02,,,False,False
CHEMBL1562610,MECLOFENAMATE SODIUM,,,,False,False
CHEMBL1567328,OMEPRAZOLE MAGNESIUM,,,,False,False
CHEMBL1568057,METAPROTERENOL SULFATE,,,,False,False
CHEMBL1568276,NAFCILLIN SODIUM,,,,False,False
CHEMBL1568698,GANAXOLONE,N03AX27,,GABA receptor modulator,False,True
CHEMBL1571863,ISOCONAZOLE,D01AC05;G01AF07,gram-positive bacterial infections,fungal lanosterol demethylase inhibitor,False,False
CHEMBL1593558,DEBRISOQUIN SULFATE,,,,False,False
CHEMBL1593719,PHENICARBAZIDE,,,,False,False
CHEMBL1593906,LEVOPROPOXYPHENE NAPSYLATE,,,,False,False
CHEMBL1599768,PYRANTEL PAMOATE,,,,False,False
CHEMBL1601669,ALFACALCIDOL,A11CC03,vitamin D deficiency,vitamin D receptor agonist,False,False
CHEMBL1607273,CETIRIZINE HYDROCHLORIDE,,,,False,False
CHEMBL1607480,OXYTETRACYCLINE HYDROCHLORIDE,,,,False,False
CHEMBL1614701,SELUMETINIB,L01EE04,,MEK inhibitor,False,False
CHEMBL1615350,CLOMACRAN,,,,False,False
CHEMBL1615369,DABIGATRAN ETEXILATE MESYLATE,,,,False,False
CHEMBL1615371,LEVOMEFOLATE CALCIUM,,,,False,False
CHEMBL1615372,LURASIDONE HYDROCHLORIDE,,,,False,False
CHEMBL1615374,VILAZODONE HYDROCHLORIDE,,,,False,False
CHEMBL1615438,LEVOCABASTINE,R01AC02;S01GX02,conjunctivitis,histamine receptor antagonist,False,True
CHEMBL1615439,PHENDIMETRAZINE,,,,False,False
CHEMBL1615779,IOBENGUANE I 131,V09IX02;V10XA02,,,False,False
CHEMBL1618018,HOMATROPINE,S01FA05,uveal tract inflammation|pupil dilation,acetylcholine receptor antagonist,False,True
CHEMBL1621597,IPRATROPIUM,,bronchospasm|chronic obstructive pulmonary disease (COPD)|bronchitis|emphysema,acetylcholine receptor antagonist,False,True
CHEMBL1623992,PIPERIDOLATE,A03AA30,spasms,acetylcholine receptor antagonist,False,True
CHEMBL1624126,XANTHINOL,,,,False,False
CHEMBL1626223,PYRANTEL,P02CC01,gastrointestinal roundworms,acetylcholine receptor agonist|nicotinic receptor agonist,False,True
CHEMBL1626570,HEXOCYCLIUM METHYLSULFATE,,,,False,False
CHEMBL1627367,FLUOROESTRADIOL,,,,False,False
CHEMBL1628227,DOXEPIN,D04AX01;N06AA12,depression|anxiety,histamine receptor antagonist,False,True
CHEMBL1628233,FLUORESCEIN SODIUM,,,,False,False
CHEMBL1628234,DOXEPIN HYDROCHLORIDE,,,,False,False
CHEMBL1628385,PROCAINE BENZYLPENICILLIN,J01CE09,,,False,False
CHEMBL1628502,GABAPENTIN ENACARBIL,,,,True,True
CHEMBL1628504,RILPIVIRINE HYDROCHLORIDE,,,,False,False
CHEMBL1631694,FEXINIDAZOLE,P01CA03,,,False,False
CHEMBL1643895,RAMOSETRON,,nausea|vomiting|irritable bowel syndrome,serotonin receptor antagonist,False,True
CHEMBL1644695,SODIUM IODIDE,,,,False,False
CHEMBL1650443,TRELAGLIPTIN,,diabetes mellitus,dipeptidyl peptidase inhibitor,False,False
CHEMBL1650818,AMDINOCILLIN PIVOXIL,J01CA08,,,False,False
CHEMBL1651990,FENTICONAZOLE,D01AC12;G01AF12,vulvovaginal candidiasis,bacterial cell wall synthesis inhibitor,False,False
CHEMBL1683544,ERIBULIN MESYLATE,,,,False,False
CHEMBL1683590,ERIBULIN,L01XX41,breast cancer,microtubule inhibitor,False,False
CHEMBL1689063,AVIBACTAM,,intra-abdominal infections|urinary tract infections|pyelonephritis,beta lactamase inhibitor,False,False
CHEMBL1689772,OMADACYCLINE,J01AA15,pneumonia,bacterial 30S ribosomal subunit inhibitor,False,False
CHEMBL1697686,CLOFOREX,,,,False,False
CHEMBL1697708,MEZLOCILLIN SODIUM,,,,False,False
CHEMBL1697717,CARBENOXOLONE SODIUM,,,,False,False
CHEMBL1697737,CLOTIAZEPAM,N05BA21,,,False,True
CHEMBL1697744,ERDOSTEINE,R05CB15,bronchitis|cough suppressant|chronic obstructive pulmonary disease (COPD)|respiratory tract infections,mucolytic agent,False,False
CHEMBL1697751,ISAXONINE PHOSPHATE,,,,False,False
CHEMBL1697760,MUZOLIMINE,C03CD01,,,False,False
CHEMBL1697768,SODIUM PICOSULFATE,A06AB58;A06AB08,,,False,False
CHEMBL1697841,ISOMETHEPTENE,A03AX10,,,False,False
CHEMBL1697856,BUCETIN,N02BE74;N02BE04;N02BE54,,analgesic agent,False,True
CHEMBL1707007,GLUCOSAMINE HYDROCHLORIDE,,,,False,False
CHEMBL1711280,DOTHIEPIN HYDROCHLORIDE,,,,False,False
CHEMBL1712842,MEPAZINE ACETATE,,,,False,False
CHEMBL1714574,TERCONAZOLE,G01AG02,vulvovaginal candidiasis,sterol demethylase inhibitor,False,False
CHEMBL1722209,TOLTERODINE TARTRATE,,,,False,False
CHEMBL1723241,SULFACETAMIDE SODIUM,,,,False,False
CHEMBL1738797,ALECTINIB,L01ED03,non-small cell lung cancer (NSCLC),ALK tyrosine kinase receptor inhibitor,False,False
CHEMBL1738990,LEVOPROPOXYPHENE,,cough suppressant,antitussive,False,False
CHEMBL1740513,ISAXONINE,,,nerve growth factor agonist,False,False
CHEMBL1741134,PICOSULFURIC ACID,,,,False,False
CHEMBL1742423,BILASTINE,R06AX29;S01GX13,conjunctivitis,histamine receptor antagonist,False,True
CHEMBL1742424,CELIPROLOL HYDROCHLORIDE,,,,False,False
CHEMBL1742466,LANDIOLOL,C07AB14,cardiac arrythmia,adrenergic receptor antagonist,False,True
CHEMBL1742471,EBROTIDINE,,,histamine receptor antagonist,False,True
CHEMBL1744447,ROSUVASTATIN CALCIUM,,,,False,False
CHEMBL1770248,ERTUGLIFLOZIN,A10BK04,diabetes mellitus,sodium/glucose cotransporter inhibitor,False,False
CHEMBL1770916,NIROGACESTAT,L01XX81,,,False,False
CHEMBL1774461,FLORBETAPIR F 18,V09AX05,,,False,False
CHEMBL1779710,EVOGLIPTIN,A10BH07,,,False,False
CHEMBL1788132,LOFEXIDINE HYDROCHLORIDE,,,,False,False
CHEMBL1788385,TILBROQUINOL,P01AA05,,,False,False
CHEMBL1788386,TETRAMETHRIN,P03BA04,,,False,False
CHEMBL1788403,BIOALLETHRIN,P03AC52;P03AC02,,,False,False
CHEMBL1789842,INDACATEROL MALEATE,,,,False,False
CHEMBL1789941,RUXOLITINIB,D11AH09;L01EJ01,myelofibrosis|polycythemia vera,JAK inhibitor,False,False
CHEMBL1790041,RANITIDINE,A02BA02,heartburn,histamine receptor antagonist,False,True
CHEMBL1795071,RUXOLITINIB PHOSPHATE,,,,False,False
CHEMBL1796998,SULFUR HEXAFLUORIDE,V08DA05,,,False,False
CHEMBL1800159,RELUGOLIX,L02BX04,,gonadotropin releasing factor hormone receptor antagonist,False,False
CHEMBL1801800,METABROMSALAN,,,,False,False
CHEMBL1808388,BEXAGLIFLOZIN,A10BK08,,solute carrier family member inhibitor,False,False
CHEMBL1834657,INFIGRATINIB PHOSPHATE,,,,False,False
CHEMBL1852688,INFIGRATINIB,L01EN03,,,False,False
CHEMBL1863513,INGENOL MEBUTATE,D06BX02,,,False,False
CHEMBL1865134,DIBUNIC ACID,R05DB16,,,False,False
CHEMBL1873475,IBRUTINIB,L01EL01,chronic lymphocytic leukemia (CLL)|mantle cell lymphoma (MCL)|Waldenstrom's macroglobulinemia (WM),Bruton's tyrosine kinase (BTK) inhibitor,False,False
CHEMBL1874750,CINEPAZIDE,C04AX27,,calcium channel activator,False,True
CHEMBL1887891,DEXFENFLURAMINE HYDROCHLORIDE,,,,False,False
CHEMBL1888176,TROSPIUM,G04BD09,urinary incontinence|urinary frequency,acetylcholine receptor antagonist,False,True
CHEMBL1889140,ROPIVACAINE HYDROCHLORIDE,,,,False,False
CHEMBL1899801,PERFLENAPENT,V08DA03,,,False,False
CHEMBL1900528,TIOTROPIUM,,chronic obstructive pulmonary disease (COPD)|bronchitis|emphysema,acetylcholine receptor antagonist,False,True
CHEMBL1905872,DOCUSATE SODIUM,A06AG10;A06AA02,,,False,False
CHEMBL1908307,FLOSEQUINAN,C01DB01,,phosphodiesterase inhibitor,False,False
CHEMBL1908315,GEMEPROST,G02AD03,,,False,False
CHEMBL1908348,SPARTEINE SULFATE,,,,False,False
CHEMBL1908361,LEVOLEUCOVORIN CALCIUM,V03AF04,,,False,False
CHEMBL1908370,FINAFLOXACIN,,intra-abdominal infections|chronic obstructive pulmonary disease (COPD)|cystic fibrosis,bacterial DNA gyrase inhibitor,False,False
CHEMBL1908377,PYRVINIUM PAMOATE,,,,False,False
CHEMBL1908841,LEVOLEUCOVORIN,,,,False,False
CHEMBL1908847,SPARTEINE,C01BA04,,,False,False
CHEMBL1908906,FLORBETABEN,,,,False,False
CHEMBL1908917,FLUCICLOVINE,,,,False,False
CHEMBL1908919,FLORBETAPIR,,,,False,False
CHEMBL1909072,PIPAMAZINE,,,,False,False
CHEMBL1909282,FENCLOZIC ACID,,,,False,False
CHEMBL1909283,MEBANAZINE,,,,False,False
CHEMBL1909285,NITREFAZOLE,,,,False,False
CHEMBL1909286,PHENOXYPROPAZINE,,,,False,False
CHEMBL1909288,TRIACETYLDIPHENOLISATIN,,,,False,False
CHEMBL1909289,XENAZOIC ACID,,,,False,False
CHEMBL1909298,PINAVERIUM BROMIDE,,,,False,False
CHEMBL1909324,PINAVERIUM,A03AX04,irritable bowel syndrome,T-type calcium channel blocker,False,True
CHEMBL1929396,ANAGLIPTIN,,diabetes mellitus,dipeptidyl peptidase inhibitor,False,False
CHEMBL1945778,IOFLUPANE,,,,False,False
CHEMBL1946170,REGORAFENIB,L01EX05,colorectal cancer|gastrointestinal stromal tumors (GIST),FGFR inhibitor|KIT inhibitor|PDGFR tyrosine kinase receptor inhibitor|RAF inhibitor|RET tyrosine kinase inhibitor|VEGFR inhibitor,False,False
CHEMBL1951071,ARFORMOTEROL TARTRATE,,,,False,False
CHEMBL1951095,ERAVACYCLINE,J01AA13,,antibacterial,False,False
CHEMBL1963681,AVANAFIL,G04BE10,erectile dysfunction,phosphodiesterase inhibitor,False,False
CHEMBL1963683,TAFLUPROST,S01EE05,glaucoma|ocular hypertension,prostaglandin inhibitor,False,False
CHEMBL1977579,STREPTOZOCIN,L01AD04,,,False,False
CHEMBL1983268,ENTRECTINIB,L01EX14,non-small cell lung cancer (NSCLC),ALK tyrosine kinase receptor inhibitor|proto-oncogene tyrosine protein kinase inhibitor,False,False
CHEMBL1983350,STIRIPENTOL,N03AX17,epilepsy,GABA uptake inhibitor,False,True
CHEMBL1998966,PIFOXIME,,,,False,False
CHEMBL2005186,BELUMOSUDIL,L04AA48,,,False,False
CHEMBL2010601,IVACAFTOR,R07AX02,cystic fibrosis,CFTR channel potentiator,False,False
CHEMBL2018096,IPRAGLIFLOZIN,A10BK05,,,False,False
CHEMBL2021422,FOSPROPOFOL DISODIUM,,,,False,False
CHEMBL2021430,DEXAMETHASONE SODIUM PHOSPHATE,,,,False,False
CHEMBL2023895,HYDROXYSTILBAMIDINE ISETHIONATE,,,,False,False
CHEMBL2023898,DACLATASVIR,J05AP07,hepatitis C,HCV inhibitor,False,False
CHEMBL2024517,CARIPRAZINE HYDROCHLORIDE,,,,False,False
CHEMBL2028019,CARIPRAZINE,N05AX15,schizophrenia,dopamine receptor antagonist,False,True
CHEMBL2028661,AZILSARTAN MEDOXOMIL,C09CA09,,,False,False
CHEMBL2028663,DABRAFENIB,L01EC02,melanoma,RAF inhibitor,False,False
CHEMBL2030434,FLUDEOXYGLUCOSE F 18,V09IX04,,,False,False
CHEMBL2035187,PACRITINIB,L01EJ03,,FLT3 inhibitor|JAK inhibitor,False,False
CHEMBL2040682,CICLESONIDE,R03BA08;R01AD13,allergic rhinitis,glucocorticoid receptor agonist,False,False
CHEMBL2042122,FLUTEMETAMOL F 18,V09AX04,,,False,False
CHEMBL2043437,GLASDEGIB,L01XJ03,acute myeloid leukemia (AML),hedgehog pathway inhibitor,False,False
CHEMBL2048028,LIFITEGRAST,S01XA25,dry eye syndrome,lymphocyte function-associated antigen negative modulator,False,False
CHEMBL2048484,CANAGLIFLOZIN ANHYDROUS,,,,False,False
CHEMBL2062163,PHENDIMETRAZINE TARTRATE,,,,False,False
CHEMBL2062262,METARAMINOL BITARTRATE,,,,False,False
CHEMBL2062264,PHENYLEPHRINE BITARTRATE,,,,False,False
CHEMBL2062266,DIHYDROCODEINE BITARTRATE,,,,False,False
CHEMBL2062276,LEVALLORPHAN TARTRATE,,,,False,False
CHEMBL2062335,METOPROLOL TARTRATE,,,,False,False
CHEMBL2063090,GRAZOPREVIR ANHYDROUS,,,,False,False
CHEMBL2064032,VONOPRAZAN FUMARATE,,,,False,False
CHEMBL2068723,CALCIUM METRIZOATE,,,,False,False
CHEMBL2068724,ACAMPROSATE CALCIUM,,,,False,False
CHEMBL2068725,IPODATE CALCIUM,V08AC10,,,False,False
CHEMBL2068864,FLUDEOXYGLUCOSE,,,,False,False
CHEMBL2068884,SODIUM GLUCONATE,,,,False,False
CHEMBL2079130,VONOPRAZAN,A02BC08,peptic ulcer disease (PUD),potassium-competitive acid antagonist,False,False
CHEMBL2079587,STANOZOLOL,A14AA02,,,False,False
CHEMBL2079793,PENCICLOVIR SODIUM,,,,False,False
CHEMBL2095206,BOSUTINIB MONOHYDRATE,,,,False,False
CHEMBL2095207,CHOLINE C-11,,,,False,False
CHEMBL2095208,COBICISTAT,V03AX03,human immunodeficiency virus (HIV-1),cytochrome P450 inhibitor,False,False
CHEMBL2095209,ICOSAPENT ETHYL,,,,False,False
CHEMBL2095211,LORCASERIN HYDROCHLORIDE,,,,False,False
CHEMBL2095212,MIRABEGRON,G04BD12,urinary incontinence,adrenergic receptor agonist,False,True
CHEMBL2096631,CLORAZEPATE DIPOTASSIUM,,,,False,False
CHEMBL2096642,INAMRINONE LACTATE,,,,False,False
CHEMBL2096646,AMINOSALICYLATE SODIUM,J04AA02,,,False,False
CHEMBL2096650,SODIUM THIOSULFATE,,,,False,False
CHEMBL2103736,FENOPROFEN CALCIUM,,,,False,False
CHEMBL2103739,EMEDASTINE DIFUMARATE,,,,False,False
CHEMBL2103741,LEVOTHYROXINE SODIUM,H03AA01,,,False,False
CHEMBL2103743,TOFACITINIB CITRATE,,,,False,False
CHEMBL2103744,MORPHINE SULFATE,,,,False,False
CHEMBL2103772,RACECADOTRIL,A07XA04,diarrhea,enkephalinase inhibitor,False,False
CHEMBL2103774,TIBOLONE,G03CX01,endometriosis,androgen receptor agonist|estrogen receptor agonist|progesterone receptor agonist,False,False
CHEMBL2103795,AZILSARTAN KAMEDOXOMIL,,,,False,False
CHEMBL2103802,DAPAGLIFLOZIN PROPANEDIOL,,,,False,False
CHEMBL2103822,TASIMELTEON,N05CH03,Non-24-Hour Sleep-Wake Disorder,melatonin receptor agonist,False,True
CHEMBL2103827,DROXIDOPA,C01CA27,hypertension|Parkinson's Disease,norepinephrine precursor,False,True
CHEMBL2103830,FOSTAMATINIB,B02BX09,chronic immune thrombocytopenia (ITP),SYK inhibitor,False,False
CHEMBL2103837,TAFAMIDIS,N07XX08,,,False,True
CHEMBL2103844,PIXANTRONE DIMALEATE,,,,False,False
CHEMBL2103846,ULIPRISTAL,G03XB02;G03AD02,contraceptive,progesterone receptor antagonist,False,False
CHEMBL2103854,OMADACYCLINE TOSYLATE,,,,False,False
CHEMBL2103855,TELOTRISTAT,A16AX15,diarrhea,tryptophan hydroxylase inhibitor,False,False
CHEMBL2103868,CABOZANTINIB S-MALATE,,,,False,False
CHEMBL2103870,LUMACAFTOR,,cystic fibrosis,CFTR channel agonist,False,False
CHEMBL2103872,CEFTOLOZANE,,,,False,False
CHEMBL2103873,MACITENTAN,C02KX04,contraceptive,endothelin receptor antagonist,False,False
CHEMBL2103875,TRAMETINIB,L01EE01,melanoma,MEK inhibitor,False,False
CHEMBL2103877,EFINACONAZOLE,D01AC19,onychomycosis,lanosterol demethylase inhibitor,False,False
CHEMBL2103883,AVATROMBOPAG,B02BX08,thrombocytopenia,thrombopoietin receptor agonist,False,False
CHEMBL2103929,LYMECYCLINE,J01AA04,acne vulgaris (AV),bacterial 50S ribosomal subunit inhibitor,False,False
CHEMBL2104095,CHOLINE SALICYLATE,N02BA03,,,False,True
CHEMBL2104136,CLOMACRAN PHOSPHATE,,,,False,False
CHEMBL2104287,DIBENZEPIN HYDROCHLORIDE,,,,False,False
CHEMBL2104356,KETAZOLAM,N05BA10,,,False,True
CHEMBL2104415,MOXIDECTIN,P02CX03,gastrointestinal parasites,chloride channel antagonist,False,False
CHEMBL2104445,TRITOQUALINE,R06AX21,,,False,False
CHEMBL2104489,ANAGESTONE ACETATE,,,,False,False
CHEMBL2104537,AMOPROXAN,,,,False,False
CHEMBL2104594,CALCIUM GLUBIONATE,A12AA02,,,False,False
CHEMBL2104793,PYROVALERONE HYDROCHLORIDE,,,,False,False
CHEMBL2104910,SULFADICRAMIDE,S01AB03,,,False,False
CHEMBL2104941,INDORAMIN HYDROCHLORIDE,,,,False,False
CHEMBL2104993,VORTIOXETINE,N06AX26,depression,serotonin receptor agonist|serotonin receptor antagonist,False,True
CHEMBL2105023,INDIGOTINDISULFONATE SODIUM,V04CH02,,,False,False
CHEMBL2105131,MEFRUSIDE,C03BA05,,,False,False
CHEMBL2105224,PHOLCODINE,R05DA08,,,False,False
CHEMBL2105233,PROXIBARBAL,N05CA22,,,False,True
CHEMBL2105248,POTASSIUM BITARTRATE,A12BA03,,,False,False
CHEMBL2105275,PROPYLHEXEDRINE,,nasal congestion|fever|allergic rhinitis,adrenergic receptor agonist,False,True
CHEMBL2105345,PROPANIDID,N01AX04,,,False,False
CHEMBL2105395,OSPEMIFENE,G03XC05,vaginal atrophy|dyspareunia|menopause,selective estrogen receptor modulator (SERM),False,False
CHEMBL2105420,TAUROLIDINE,B05CA05,catheter-related bloodstream infection,apoptosis stimulant,False,False
CHEMBL2105458,THENALIDINE,R06AX53;D04AA03;R06AX03,,,False,False
CHEMBL2105497,ZIPEPROL,R05DB15,,,False,False
CHEMBL2105527,TETRAZEPAM,M03BX07,,,False,False
CHEMBL2105566,FENPROPOREX,,,,False,False
CHEMBL2105581,VERALIPRIDE,N05AL06,,dopamine receptor antagonist,False,True
CHEMBL2105611,TACALCITOL,D05AX04,psoriasis|chapped lips,vitamin D receptor agonist,False,False
CHEMBL2105613,DIVALPROEX SODIUM,,,,False,False
CHEMBL2105629,VINFLUNINE DITARTRATE,,,,False,False
CHEMBL2105637,DELAFLOXACIN,J01MA23,,antiinfective drug,False,False
CHEMBL2105638,DELAFLOXACIN MEGLUMINE,,,,False,False
CHEMBL2105648,PALOVAROTENE,M09AX11,,retinoid receptor agonist,False,False
CHEMBL2105662,LOMITAPIDE MESYLATE,,,,False,False
CHEMBL2105669,TEDIZOLID PHOSPHATE,,,,False,False
CHEMBL2105675,TAFAMIDIS MEGLUMINE,,,,False,False
CHEMBL2105680,RIFAMYCIN SODIUM,,,,False,False
CHEMBL2105682,EDOXABAN TOSYLATE,,,,False,False
CHEMBL2105684,SELUMETINIB SULFATE,,,,False,False
CHEMBL2105689,LULICONAZOLE,D01AC18,tinea pedis|tinea cruris|tinea corporis,sterol demethylase inhibitor,False,False
CHEMBL2105695,TELOTRISTAT ETHYL,,,,False,False
CHEMBL2105700,BEDAQUILINE FUMARATE,,,,False,False
CHEMBL2105704,LENVATINIB MESYLATE,,,,False,False
CHEMBL2105708,PONATINIB HYDROCHLORIDE,,,,False,False
CHEMBL2105709,QUIZARTINIB DIHYDROCHLORIDE,,,,False,False
CHEMBL2105711,TOFOGLIFLOZIN,,diabetes mellitus,sodium/glucose cotransporter inhibitor,False,False
CHEMBL2105712,AFATINIB DIMALEATE,,,,False,False
CHEMBL2105717,CABOZANTINIB,L01EX07,medullary thyroid cancer (MTC),RET tyrosine kinase inhibitor|VEGFR inhibitor,False,False
CHEMBL2105719,DACOMITINIB,L01EB07,,EGFR inhibitor,False,False
CHEMBL2105720,LESINURAD,M04AB05,gout,uric acid diuretic,False,False
CHEMBL2105722,NOMEGESTROL,G03DB04,,,False,False
CHEMBL2105729,DABRAFENIB MESYLATE,,,,False,False
CHEMBL2105732,LEVOMILNACIPRAN HYDROCHLORIDE,,,,False,False
CHEMBL2105735,ASUNAPREVIR,J05AP06,,HCV inhibitor,False,False
CHEMBL2105737,SONIDEGIB,L01XJ02,basal cell carcinoma (BCC),smoothened receptor antagonist,False,False
CHEMBL2105740,SITAXENTAN SODIUM,,,,False,False
CHEMBL2105741,TRAMETINIB DIMETHYL SULFOXIDE,,,,False,False
CHEMBL2105743,OLODATEROL HYDROCHLORIDE,,,,False,False
CHEMBL2105745,GLYCEROL PHENYLBUTYRATE,A16AX09,,,False,False
CHEMBL2105748,PRUCALOPRIDE SUCCINATE,,,,False,False
CHEMBL2105749,SAMIDORPHAN L-MALATE,,,,False,False
CHEMBL2105754,TRELAGLIPTIN SUCCINATE,,,,False,False
CHEMBL2105755,NALDEMEDINE,A06AH05,,,False,False
CHEMBL2105756,TIVOZANIB HYDROCHLORIDE,,,,False,False
CHEMBL2105758,AVATROMBOPAG MALEATE,,,,False,False
CHEMBL2105759,BARICITINIB,L04AF02,rheumatoid arthritis,JAK inhibitor,False,False
CHEMBL2105760,BREXPIPRAZOLE,N05AX16,depression|schizophrenia,dopamine receptor partial agonist,False,True
CHEMBL2105762,OMARIGLIPTIN,,diabetes mellitus,dipeptidyl peptidase inhibitor,False,False
CHEMBL2105827,"GLYCEROL, IODINATED",,,,False,False
CHEMBL2105842,CORTIVAZOL,H02AB17,,,False,False
CHEMBL2105904,BARBITAL SODIUM,,,,False,False
CHEMBL2105941,AMOBARBITAL SODIUM,,,,False,False
CHEMBL2105980,CHLORPHENOXAMINE HYDROCHLORIDE,,,,False,False
CHEMBL2106076,CEFPIROME SULFATE,,,,False,False
CHEMBL2106119,CALCIUM GLUCONATE,B05XA19;A12AA03;D11AX03,,,False,False
CHEMBL2106122,EMEPRONIUM BROMIDE,,,,False,False
CHEMBL2106155,ENCAINIDE HYDROCHLORIDE,,,,False,False
CHEMBL2106195,DEXMEDETOMIDINE HYDROCHLORIDE,,,,False,False
CHEMBL2106217,FENFLURAMINE HYDROCHLORIDE,,,,False,False
CHEMBL2106318,IOTHALAMATE SODIUM I 125,V09CX03,,,False,False
CHEMBL2106441,NOXYTIOLIN,B05CA07,,,False,False
CHEMBL2106483,VILOXAZINE HYDROCHLORIDE,,,,False,False
CHEMBL2106556,CYCLOBARBITAL CALCIUM,,,,False,False
CHEMBL2106615,BAZEDOXIFENE ACETATE,,,,False,False
CHEMBL2106638,LOFEPRAMINE HYDROCHLORIDE,,,,False,False
CHEMBL2106643,MYCOPHENOLATE SODIUM,,,,False,False
CHEMBL2106660,ACEFYLLINE PIPERAZINE,R03DA09,,,False,False
CHEMBL2106732,NOSCAPINE HYDROCHLORIDE,,,,False,False
CHEMBL2106794,NAFTAZONE,C05CX02,,,False,False
CHEMBL2106825,MEDROGESTONE,G03DB03,,,False,False
CHEMBL2106829,METHAQUALONE HYDROCHLORIDE,,,,False,False
CHEMBL2106907,METHIODAL SODIUM,,,,False,False
CHEMBL2106915,METHOPHOLINE,,,,False,False
CHEMBL2106939,POLIHEXANIDE,D08AC05;S01AX24,,,False,False
CHEMBL2107011,OXYPERTINE,N05AE01,,,False,True
CHEMBL2107067,TESTOSTERONE UNDECANOATE,,,,False,False
CHEMBL2107124,PROTHIPENDYL HYDROCHLORIDE,,,,False,False
CHEMBL2107175,RANELIC ACID,,,,False,False
CHEMBL2107214,IOMEPROL,V08AB10,,,False,False
CHEMBL2107239,IOXITALAMIC ACID,V08AA05,,,False,False
CHEMBL2107253,SULFADIMETHOXINE SODIUM,,,,False,False
CHEMBL2107260,SULFAMERAZINE SODIUM,,,,False,False
CHEMBL2107333,DIMETHYL FUMARATE,L04AX07,,,False,False
CHEMBL2107355,MIGALASTAT HYDROCHLORIDE,,,,False,False
CHEMBL2107360,PALIPERIDONE PALMITATE,,,,False,False
CHEMBL2107381,URIDINE TRIACETATE,A16AX13,,,False,False
CHEMBL2107383,VERNAKALANT HYDROCHLORIDE,,,,False,False
CHEMBL2107386,VORAPAXAR SULFATE,,,,False,False
CHEMBL2107387,VORTIOXETINE HYDROBROMIDE,,,,False,False
CHEMBL2107430,FLUTRIMAZOLE,D01AC16;G01AF18,mycosis,sterol demethylase inhibitor,False,False
CHEMBL2107431,LYNESTRENOL,G03AC02;G03DC03,contraceptive,progestogen hormone,False,False
CHEMBL2107495,TEMAFLOXACIN HYDROCHLORIDE,,,,False,False
CHEMBL2107519,CHLORNAPHAZINE,,,,False,False
CHEMBL2107554,SODIUM DIBUNATE,,,,False,False
CHEMBL2107703,FENTICONAZOLE NITRATE,,,,False,False
CHEMBL2107726,ARIMOCLOMOL,N07XX17,,,False,True
CHEMBL2107797,NORGESTREL,,contraceptive,progesterone receptor agonist,False,False
CHEMBL2107799,FLURPIRIDAZ F 18,,,,False,False
CHEMBL2107815,TREPROSTINIL DIOLAMINE,,,,False,False
CHEMBL2107817,AVIBACTAM SODIUM,,,,False,False
CHEMBL2107825,TENOFOVIR ALAFENAMIDE,J05AF13,,,False,False
CHEMBL2107826,VIBEGRON,G04BD15,,,False,False
CHEMBL2107830,EMPAGLIFLOZIN,A10BK03,diabetes mellitus,sodium/glucose cotransporter inhibitor,False,False
CHEMBL2107831,LUSUTROMBOPAG,B02BX07,,thrombopoietin receptor agonist,False,False
CHEMBL2107834,RIOCIGUAT,C02KX05,hypertension,guanylate cyclase stimulant,False,False
CHEMBL2109882,TRISILICATE,,,,False,False
CHEMBL2110367,TRIMETHOPRIM SULFATE,,,,False,False
CHEMBL2110368,BETHANIDINE SULFATE,,,,False,False
CHEMBL2110372,RANITIDINE HYDROCHLORIDE,,,,False,False
CHEMBL2110588,ELIGLUSTAT,A16AX10,Gaucher disease,glycosyl transferase inhibitor,False,False
CHEMBL2110636,BUNAMIODYL,,,,False,False
CHEMBL2110725,VINFLUNINE,L01CA05,bladder cancer,microtubule inhibitor,False,False
CHEMBL2110731,TOFOGLIFLOZIN ANHYDROUS,,,,False,False
CHEMBL2110732,DACOMITINIB ANHYDROUS,,,,False,False
CHEMBL2110774,CHLORPHENOXAMINE,R06AA06;D04AA34;R06AA56,,histamine receptor antagonist,False,True
CHEMBL2110805,EMEPRONIUM,N05CX05;G04BD01,,,False,True
CHEMBL2110816,BUTRIPTYLINE,N06AA15,,,False,True
CHEMBL2110962,MEFENOREX,A08AA09,,,False,False
CHEMBL2110978,METHIODAL,V08AA09,,,False,False
CHEMBL2111030,PROTHIPENDYL,N05AX07,,,False,True
CHEMBL2111097,LEVAMLODIPINE,C08CA17,hypertension,calcium channel blocker,False,True
CHEMBL2111101,PIMAVANSERIN,N05AX17,Parkinson's Disease,serotonin receptor inverse agonist,False,True
CHEMBL2111112,VERNAKALANT,C01BG11,atrial fibrillation (AF),potassium channel blocker,False,True
CHEMBL2111186,TALAPORFIN,,,photosensitizing agent,False,False
CHEMBL2111286,RANITIDINE BISMUTH CITRATE,A02BA07,,,False,False
CHEMBL2134724,IPRATROPIUM BROMIDE,R03BB01;R01AX03,,,False,False
CHEMBL2138684,FROVATRIPTAN SUCCINATE,,,,False,False
CHEMBL2145077,IVABRADINE HYDROCHLORIDE,,,,False,False
CHEMBL2146063,CHLORTETRACYCLINE HYDROCHLORIDE,,,,False,False
CHEMBL2146102,EPHEDRINE HYDROCHLORIDE,,,,False,False
CHEMBL2146123,METHACYCLINE HYDROCHLORIDE,,,,False,False
CHEMBL2146124,CEFUROXIME SODIUM,,,,False,False
CHEMBL2146140,ESOMEPRAZOLE STRONTIUM,,,,False,False
CHEMBL2146146,ATROPINE SULFATE,,,,False,False
CHEMBL2146883,COBIMETINIB,L01EE02,melanoma,MEK inhibitor,False,False
CHEMBL2147777,TENELIGLIPTIN,A10BH08,diabetes mellitus,dipeptidyl peptidase inhibitor,False,False
CHEMBL2159122,ELUXADOLINE,A07DA06,irritable bowel syndrome,opioid receptor agonist|opioid receptor antagonist,False,True
CHEMBL2165326,APROCITENTAN,C02KN01,,,False,False
CHEMBL2178422,RIMEGEPANT,N02CD06,,calcitonin antagonist,False,True
CHEMBL2181927,FINERENONE,C03DA05,,,False,False
CHEMBL2205807,ABAMETAPIR,P03AX07,,metalloproteinase inhibitor,False,False
CHEMBL2216870,IDELALISIB,L01EM01,chronic lymphocytic leukemia (CLL),PI3K inhibitor,False,False
CHEMBL2218861,QUINAGOLIDE,G02CB04,hyperprolactinemia,dopamine receptor agonist,False,True
CHEMBL2218877,ERYTHROMYCIN ESTOLATE,,,,False,False
CHEMBL2218878,TRIMETREXATE GLUCURONATE,,,,False,False
CHEMBL2218894,FLUVASTATIN SODIUM,,,,False,False
CHEMBL2218896,NABILONE,A04AD11,,,True,True
CHEMBL2218917,CEVIMELINE HYDROCHLORIDE,,,,False,False
CHEMBL2219411,MOMELOTINIB DIHYDROCHLORIDE,,,,False,False
CHEMBL2219414,ERAVACYCLINE DIHYDROCHLORIDE,,,,False,False
CHEMBL2219425,ARIPIPRAZOLE LAUROXIL,,,,False,False
CHEMBL2219740,CALCIUM GLUBIONATE ANHYDROUS,,,,False,False
CHEMBL2220427,ERYTHROMYCIN PROPIONATE,,,,False,False
CHEMBL2220442,FLUVASTATIN,C10AA04,hypercholesterolemia|congenital heart defects,HMGCR inhibitor,False,False
CHEMBL2303621,DACLATASVIR DIHYDROCHLORIDE,,,,False,False
CHEMBL2308885,CLOBETASONE BUTYRATE,,,,False,False
CHEMBL2325741,CAPIVASERTIB,L01EX27,,,False,False
CHEMBL2336050,XANOMELINE TARTRATE,,,,False,False
CHEMBL2336071,SIPONIMOD,L04AE03,multiple sclerosis,sphingosine 1-phosphate receptor modulator,False,False
CHEMBL2338329,ROXADUSTAT,B03XA05,,,False,False
CHEMBL2338675,FOSDENOPTERIN,A16AX19,,,False,False
CHEMBL2348780,VAMOROLONE,H02AB18,,,False,False
CHEMBL2355051,CLOMIPHENE,G03GB02,,,False,False
CHEMBL2355333,ZIMELDINE HYDROCHLORIDE,,,,False,False
CHEMBL2355456,IBUTILIDE FUMARATE,,,,False,False
CHEMBL2355839,ISOMETHEPTENE MUCATE,,,,False,False
CHEMBL2356023,DIHYDROTACHYSTEROL,A11CC02,rickets|hypocalcemia|osteomalacia,vitamin analog,False,False
CHEMBL2356097,METOPROLOL SUCCINATE,,,,False,False
CHEMBL2358147,CARPHENAZINE MALEATE,,,,False,False
CHEMBL2359670,THIETHYLPERAZINE MALATE,,,,False,False
CHEMBL2359966,QUININE SULFATE,,,,False,False
CHEMBL2360079,ACETOPHENAZINE MALEATE,,,,False,False
CHEMBL2360464,PEMETREXED DISODIUM,,,,False,False
CHEMBL2360580,BUCLIZINE HYDROCHLORIDE,,,,False,False
CHEMBL2361370,PENBUTOLOL SULFATE,,,,False,False
CHEMBL2362410,LANDIOLOL HYDROCHLORIDE,,,,False,False
CHEMBL2364574,DOXYCYCLINE CALCIUM,,,,False,False
CHEMBL2364607,COBIMETINIB FUMARATE,,,,False,False
CHEMBL2364608,DORAVIRINE,J05AG06,,non-nucleoside reverse transcriptase inhibitor,False,False
CHEMBL2364609,ESKETAMINE HYDROCHLORIDE,,,,False,False
CHEMBL2364612,LATANOPROSTENE BUNOD,S01EE06,,,False,False
CHEMBL2364617,MACIMORELIN ACETATE,,,,False,False
CHEMBL2364629,RIMEGEPANT SULFATE,,,,False,False
CHEMBL2364632,SARECYCLINE,J01AA14,,,False,False
CHEMBL2364633,SARECYCLINE HYDROCHLORIDE,,,,False,False
CHEMBL2364635,TAFENOQUINE SUCCINATE,,,,False,False
CHEMBL2364637,TENOFOVIR ALAFENAMIDE FUMARATE,,,,False,False
CHEMBL2364638,UBROGEPANT,N02CD04,,,False,True
CHEMBL2364639,VALBENAZINE,N07XX13,dyskinesia,vesicular monoamine transporter inhibitor,False,True
CHEMBL2364738,METRIZOATE MAGNESIUM,,,,False,False
CHEMBL2374220,LEDIPASVIR,,hepatitis C,HCV inhibitor,False,False
CHEMBL2396661,ALPELISIB,L01EM03,breast cancer,PI3K inhibitor,False,False
CHEMBL2397415,ZAVEGEPANT,N02CD08,,,False,True
CHEMBL2403108,CERITINIB,L01ED02,non-small cell lung cancer (NSCLC),ALK tyrosine kinase receptor inhibitor,False,False
CHEMBL2403238,CABOTEGRAVIR,J05AJ04,,HIV integrase inhibitor,False,False
CHEMBL2443262,OLICERIDINE,N02AX07,,,False,True
CHEMBL2448612,ERGOTAMINE TARTRATE,,,,False,False
CHEMBL2448613,PIMAVANSERIN TARTRATE,,,,False,False
CHEMBL3039502,DUVELISIB,L01EM04,,PI3K inhibitor,False,False
CHEMBL3039504,NINTEDANIB ESYLATE,,,,False,False
CHEMBL3039507,SOTAGLIFLOZIN,A10BK06,,sodium/glucose cotransporter inhibitor,False,False
CHEMBL3039508,NALDEMEDINE TOSYLATE,,,,False,False
CHEMBL3039514,ELBASVIR,J05AP10,hepatitis C,HCV inhibitor,False,False
CHEMBL3039520,LASMIDITAN,N02CC08,,serotonin receptor agonist,False,True
CHEMBL3039526,LASMIDITAN SUCCINATE,,,,False,False
CHEMBL3039596,FOSINOPRIL SODIUM,,,,False,False
CHEMBL3039598,FOSINOPRIL,C09AA09,hypertension|congestive heart failure,angiotensin converting enzyme inhibitor,False,False
CHEMBL3084748,TROSPIUM CHLORIDE,,,,False,False
CHEMBL3099695,OSILODROSTAT,H02CA02,,cytochrome P450 inhibitor,False,False
CHEMBL3112741,RELEBACTAM ANHYDROUS,,,,False,False
CHEMBL3127326,OMBITASVIR,,hepatitis C,HCV inhibitor,False,False
CHEMBL3137301,SACUBITRIL,,congestive heart failure,neprilysin inhibitor,False,False
CHEMBL3137308,PEFICITINIB,L04AF06,rheumatoid arthritis,JAK inhibitor,False,False
CHEMBL3137309,VENETOCLAX,L01XX52,chronic lymphocytic leukemia (CLL),BCL inhibitor,False,False
CHEMBL3137310,BENZHYDROCODONE HYDROCHLORIDE,,,,False,False
CHEMBL3137312,DASABUVIR,J05AP09,hepatitis C,HCV inhibitor,False,False
CHEMBL3137317,SONIDEGIB PHOSPHATE,,,,False,False
CHEMBL3137318,TALAZOPARIB TOSYLATE,,,,False,False
CHEMBL3137320,TALAZOPARIB,L01XK04,breast cancer,PARP inhibitor,False,False
CHEMBL3137321,BENZHYDROCODONE,,,,False,False
CHEMBL3137326,DEUTETRABENAZINE,N07XX16,,,False,True
CHEMBL3137329,PEFICITINIB HYDROBROMIDE,,,,False,False
CHEMBL3137330,CABOTEGRAVIR SODIUM,,,,False,False
CHEMBL3137333,ISAVUCONAZONIUM SULFATE,,,,False,False
CHEMBL3137358,SIMEPREVIR SODIUM,,,,False,False
CHEMBL3140361,ETHAMBUTOL HYDROCHLORIDE,,,,False,False
CHEMBL3142541,BUTAMBEN PICRATE,,,,False,False
CHEMBL3181832,METHICILLIN SODIUM,,,,False,False
CHEMBL3181841,RAMOSETRON HYDROCHLORIDE,,,,False,False
CHEMBL3181947,BROMFENAC SODIUM,,,,False,False
CHEMBL3182343,PIVAMPICILLIN,J01CA02,bronchitis|pneumonia|gynecologic infections,bacterial cell wall synthesis inhibitor,False,False
CHEMBL3182733,PRAMIPEXOLE DIHYDROCHLORIDE,,,,False,False
CHEMBL3183075,NIZATIDINE,A02BA04,duodenal ulcer disease|erosive esophagitis (EE)|ulcerative esophagitis (UE)|gastroesophageal reflux disease (GERD),histamine receptor antagonist,False,True
CHEMBL3183184,OCTINOXATE,D02BA02,sunscreen lotion,,False,False
CHEMBL3183193,CEFMENOXIME HYDROCHLORIDE,,,,False,False
CHEMBL3183409,APALUTAMIDE,L02BB05,prostate cancer,androgen receptor antagonist,False,False
CHEMBL3183451,GARENOXACIN MESYLATE,,,,False,False
CHEMBL3183453,NOVOBIOCIN SODIUM,,,,False,False
CHEMBL3184143,GUANADREL SULFATE,,,,False,False
CHEMBL3184512,CLINDAMYCIN PHOSPHATE,,,,False,False
CHEMBL3184799,MEPHENTERMINE SULFATE,,,,False,False
CHEMBL3185958,CLOMIPHENE CITRATE,,,,False,False
CHEMBL3186492,ONDANSETRON HYDROCHLORIDE,,,,False,False
CHEMBL3186993,HYDROXYZINE HYDROCHLORIDE,,,,False,False
CHEMBL3187246,METHAPYRILENE FUMARATE,,,,False,False
CHEMBL3187365,ASENAPINE,N05AH05,schizophrenia|bipolar disorder,dopamine receptor antagonist|serotonin receptor antagonist,False,True
CHEMBL3187723,BINIMETINIB,L01EE03,melanoma,MEK inhibitor,False,False
CHEMBL3187985,APOMORPHINE HYDROCHLORIDE,,,,False,False
CHEMBL3188034,TRIPROLIDINE HYDROCHLORIDE,,,,False,False
CHEMBL3188267,CAPMATINIB,L01EX17,,,False,False
CHEMBL3188993,QUETIAPINE FUMARATE,,,,False,False
CHEMBL3189072,TIROFIBAN HYDROCHLORIDE,,,,False,False
CHEMBL3218576,COPANLISIB,L01EM02,follicular lymphoma,PI3K inhibitor,False,False
CHEMBL3233142,LUMATEPERONE TOSYLATE,,,,False,False
CHEMBL3237547,CEDAZURIDINE,,,,False,False
CHEMBL3244648,METHOTREXATE SODIUM,,,,False,False
CHEMBL3261331,RESMETIROM,,,thyroid hormone receptor agonist,False,False
CHEMBL3286830,LORLATINIB,L01ED05,non-small cell lung cancer (NSCLC),ALK tyrosine kinase receptor inhibitor,False,False
CHEMBL3291398,LEFAMULIN,J01XX12,,,False,False
CHEMBL3301594,FOSTEMSAVIR,J05AX29,,antiviral,False,False
CHEMBL3301598,FOSTEMSAVIR TROMETHAMINE,,,,False,False
CHEMBL3301603,GILTERITINIB FUMARATE,,,,False,False
CHEMBL3301605,RELEBACTAM,,,beta lactamase inhibitor,False,False
CHEMBL3301607,FILGOTINIB,L04AF04,,JAK inhibitor,False,False
CHEMBL3301610,ABEMACICLIB,L01EF03,breast cancer,CDK inhibitor,False,False
CHEMBL3301611,AMIFAMPRIDINE PHOSPHATE,,,,False,False
CHEMBL3301612,ENCORAFENIB,L01EC03,melanoma,RAF inhibitor,False,False
CHEMBL3301622,GILTERITINIB,L01EX13,,FLT3 inhibitor,False,False
CHEMBL3301670,DIFEMERINE HYDROCHLORIDE,,,,False,False
CHEMBL3304486,DIFEMERINE,A03AA09,,,False,False
CHEMBL3306803,LUMATEPERONE,N05AD10,,dopamine receptor modulator|serotonin receptor antagonist,False,True
CHEMBL3311228,OTESECONAZOLE,J02AC06,,,False,False
CHEMBL3317857,VABORBACTAM,,,beta lactamase inhibitor,False,False
CHEMBL3348923,TOVORAFENIB,,,,False,False
CHEMBL3348963,TELOTRISTAT ETIPRATE,,,,False,False
CHEMBL3353410,OSIMERTINIB,L01EB04,non-small cell lung cancer (NSCLC),EGFR inhibitor,False,False
CHEMBL3358920,ETRASIMOD,L04AE05,,sphingosine 1-phosphate receptor antagonist,False,False
CHEMBL3391662,PARITAPREVIR,,hepatitis C,HCV inhibitor,False,False
CHEMBL3400972,FLUORODOPA F 18,V09IX05,,,False,False
CHEMBL3402762,TEPOTINIB,L01EX21,,,False,False
CHEMBL3414621,TAZEMETOSTAT,L01XX72,,histone lysine methyltransferase inhibitor,False,False
CHEMBL3544906,BENZPHETAMINE HYDROCHLORIDE,,,,False,False
CHEMBL3544908,AZATADINE MALEATE,,,,False,False
CHEMBL3544909,CALCIFEDIOL,A11CC06;H05BX05,hyperparathyroidism,vitamin D receptor agonist,False,False
CHEMBL3544914,TEZACAFTOR,,cystic fibrosis,CFTR channel agonist,False,False
CHEMBL3544971,DEXTROAMPHETAMINE SULFATE,,,,False,False
CHEMBL3544973,CEFTAROLINE FOSAMIL ACETATE,,,,False,False
CHEMBL3544974,ASENAPINE MALEATE,,,,False,False
CHEMBL3544985,DASABUVIR SODIUM MONOHYDRATE,,,,False,False
CHEMBL3544986,PERINDOPRIL ARGININE,,,,False,False
CHEMBL3544988,DAPRODUSTAT,B03XA07,,hypoxia inducible factor inhibitor,False,False
CHEMBL3545057,ACETYLDIGITOXIN,C01AA01,,,False,False
CHEMBL3545058,DEXTROTHYROXINE SODIUM,,,,False,False
CHEMBL3545059,ALISKIREN FUMARATE,,,,False,False
CHEMBL3545060,ERYTHROMYCIN GLUCEPTATE,,,,False,False
CHEMBL3545062,VELPATASVIR,,hepatitis C,antiviral,False,False
CHEMBL3545063,OSIMERTINIB MESYLATE,,,,False,False
CHEMBL3545068,COPANLISIB HYDROCHLORIDE,,,,False,False
CHEMBL3545110,RIBOCICLIB,,breast cancer,CDK inhibitor,False,False
CHEMBL3545181,TIOTROPIUM BROMIDE,R03BB04;R03BB54,,,False,False
CHEMBL3545185,SELINEXOR,L01XX66,multiple myeloma,exportin antagonist,False,False
CHEMBL3545252,DOCETAXEL,L01CD02,breast cancer|non-small cell lung cancer (NSCLC)|prostate cancer|gastric adenocarcinoma|head and neck squamous cell carcinoma (HNSCC),tubulin polymerization inhibitor,False,False
CHEMBL3545253,FLORTAUCIPIR F 18,V09AX07,,,False,False
CHEMBL3545309,LEFAMULIN ACETATE,,,,False,False
CHEMBL3545311,BRIGATINIB,L01ED04,non-small cell lung cancer (NSCLC),ALK tyrosine kinase receptor inhibitor|EGFR inhibitor,False,False
CHEMBL3545313,BEMPEDOIC ACID,C10AX15,,,False,False
CHEMBL3545363,GLECAPREVIR,,hepatitis C,serine protease inhibitor,False,False
CHEMBL3545367,LEMBOREXANT,N05CJ02,,orexin receptor antagonist,False,True
CHEMBL3545368,PANOBINOSTAT LACTATE,,,,False,False
CHEMBL3545376,ERDAFITINIB,L01EN01,,FGFR inhibitor,False,False
CHEMBL3545432,IXAZOMIB CITRATE,,,,False,False
CHEMBL3545985,BENZPHETAMINE,,,,False,False
CHEMBL3546271,FLORTAUCIPIR,,,,False,False
CHEMBL3547132,FLUORODOPA,,,,False,False
CHEMBL3561076,TRIMETAZIDINE DIHYDROCHLORIDE,,,,False,False
CHEMBL3590187,CLASCOTERONE,D10AX06,,,False,False
CHEMBL3608680,FEZOLINETANT,G02CX06,,neurokinin receptor antagonist,False,False
CHEMBL3622821,UPADACITINIB,L04AF03,,JAK inhibitor,False,False
CHEMBL3643413,LENIOLISIB,L03AX22,,PI3K inhibitor,False,False
CHEMBL3646221,VADADUSTAT,B03XA08,,hypoxia inducible factor prolyl hydroxylase inhibitor,False,False
CHEMBL3655081,ABROCITINIB,D11AH08,,,False,False
CHEMBL3668014,LINZAGOLIX,H01CC04,,,False,False
CHEMBL3701238,FUTIBATINIB,L01EN04,,FGFR inhibitor,False,False
CHEMBL3707183,QUINIDINE SULFATE,,,,False,False
CHEMBL3707223,SOFPIRONIUM BROMIDE,,,,False,False
CHEMBL3707224,SOFPIRONIUM,,,,False,False
CHEMBL3707243,GLYCOPYRRONIUM TOSYLATE,,,,False,False
CHEMBL3707246,OZANIMOD HYDROCHLORIDE,,,,False,False
CHEMBL3707247,OZANIMOD,L04AE02,,sphingosine 1-phosphate receptor agonist,False,False
CHEMBL3707248,VALBENAZINE TOSYLATE,,,,False,False
CHEMBL3707266,RIBOCICLIB SUCCINATE,L01EF02,,,False,False
CHEMBL3707310,LOTILANER,S01AX25,,,False,False
CHEMBL3707313,TRIFAROTENE,D10AD06,,,False,False
CHEMBL3707320,ALECTINIB HYDROCHLORIDE,,,,False,False
CHEMBL3707330,ROLAPITANT HYDROCHLORIDE,,,,False,False
CHEMBL3707331,ROLAPITANT,A04AD14,,neurokinin receptor antagonist,False,False
CHEMBL3707348,ACALABRUTINIB,L01EL02,mantle cell lymphoma (MCL),Bruton's tyrosine kinase (BTK) inhibitor,False,False
CHEMBL3707372,VOXILAPREVIR,,,,False,False
CHEMBL3707377,SEGESTERONE ACETATE,,,,False,False
CHEMBL3707393,OSILODROSTAT PHOSPHATE,,,,False,False
CHEMBL3707395,ELAFIBRANOR,A05AX06,,PPAR receptor agonist,False,False
CHEMBL3716057,GEFAPIXANT,R05DB29,,purinergic receptor antagonist,False,False
CHEMBL3786343,OLMUTINIB,L01EB06,non-small cell lung cancer (NSCLC),Bruton's tyrosine kinase (BTK) inhibitor|EGFR inhibitor,False,False
CHEMBL3813873,PEXIDARTINIB,L01EX15,,tyrosine kinase inhibitor,False,False
CHEMBL3833301,BARBEXACLONE,N03AA04,,,False,True
CHEMBL3833311,DEXTROMORAMIDE TARTRATE,,,,False,False
CHEMBL3833319,REVEFENACIN,R03BB08,,cholinergic receptor antagonist,False,False
CHEMBL3833335,CHLORAL BETAINE,,,,False,False
CHEMBL3833340,AZTREONAM LYSINE,,,,False,False
CHEMBL3833368,RUCAPARIB CAMSYLATE,,,,False,False
CHEMBL3833389,DEXTROMORAMIDE,N02AC01,,,False,True
CHEMBL3889654,LAROTRECTINIB,L01EX12,,tropomyosin receptor kinase inhibitor,False,False
CHEMBL3894860,TRILACICLIB,V03AF12,,CDK inhibitor,False,False
CHEMBL3936761,ZANUBRUTINIB,L01EL03,,Bruton's tyrosine kinase (BTK) inhibitor,False,False
CHEMBL3940890,ACORAMIDIS,C01EB25,,,False,False
CHEMBL3948730,UMBRALISIB,L01EX25,,,False,False
CHEMBL3989401,PAMIDRONATE DISODIUM,,,,False,False
CHEMBL3989402,PERAMIVIR,,influenza A virus infection,neuraminidase inhibitor,False,False
CHEMBL3989403,ZOMEPIRAC SODIUM,,,,False,False
CHEMBL3989406,ENALAPRILAT,,hypertension,angiotensin converting enzyme inhibitor,False,False
CHEMBL3989408,IBUPROFEN SODIUM,,,,False,False
CHEMBL3989410,INDOMETHACIN SODIUM,,,,False,False
CHEMBL3989478,THIETHYLPERAZINE MALEATE,,,,False,False
CHEMBL3989507,EDETATE DISODIUM,S01XA05,,,False,False
CHEMBL3989509,PENTAZOCINE LACTATE,,,,False,False
CHEMBL3989510,PENTAZOCINE HYDROCHLORIDE,,,,False,False
CHEMBL3989511,IOBENGUANE SULFATE I 131,,,,False,False
CHEMBL3989514,IRINOTECAN HYDROCHLORIDE,,,,False,False
CHEMBL3989515,PENICILLIN G BENZATHINE,J01CE08,,,False,False
CHEMBL3989516,FOSTAMATINIB DISODIUM,,,,False,False
CHEMBL3989517,IOFLUPANE I 123,V09AB03,,,False,False
CHEMBL3989519,DOXAPRAM HYDROCHLORIDE,,,,False,False
CHEMBL3989520,HISTAMINE PHOSPHATE,V04CG03,,,False,False
CHEMBL3989521,ISOPROTERENOL SULFATE,,,,False,False
CHEMBL3989523,IOBENGUANE SULFATE I 123,,,,False,False
CHEMBL3989529,ETHANOLAMINE OLEATE,,,,False,False
CHEMBL3989543,VINDESINE SULFATE,,,,False,False
CHEMBL3989551,LINCOMYCIN HYDROCHLORIDE,,,,False,False
CHEMBL3989555,MECLIZINE HYDROCHLORIDE,,,,False,False
CHEMBL3989556,REMOXIPRIDE HYDROCHLORIDE,,,,False,False
CHEMBL3989559,PANTOPRAZOLE SODIUM,,,,False,False
CHEMBL3989562,TERAZOSIN HYDROCHLORIDE,,,,False,False
CHEMBL3989564,TOBRAMYCIN SULFATE,,,,False,False
CHEMBL3989566,METOPROLOL FUMARATE,,,,False,False
CHEMBL3989567,OXACILLIN SODIUM,,,,False,False
CHEMBL3989568,OXYTETRACYCLINE CALCIUM,,,,False,False
CHEMBL3989569,IBANDRONATE SODIUM,,,,False,False
CHEMBL3989571,SPECTINOMYCIN HYDROCHLORIDE,,,,False,False
CHEMBL3989676,OXYPHENBUTAZONE,M02AA04;S01BC02;M01AA03,,cyclooxygenase inhibitor,False,False
CHEMBL3989677,HYDROCODONE BITARTRATE,,,,False,False
CHEMBL3989678,PIPERAZINE CITRATE,,,,False,False
CHEMBL3989691,ELTROMBOPAG OLAMINE,,,,False,False
CHEMBL3989693,LEVALBUTEROL TARTRATE,,,,False,False
CHEMBL3989694,OLANZAPINE PAMOATE,,,,False,False
CHEMBL3989695,REGADENOSON,C01EB21,myocardial perfusion imaging (MPI),adenosine receptor agonist,False,True
CHEMBL3989697,RIBOFLAVIN 5'-PHOSPHATE SODIUM,,,,False,False
CHEMBL3989698,TRANYLCYPROMINE SULFATE,,,,False,False
CHEMBL3989715,MUPIROCIN CALCIUM,,,,False,False
CHEMBL3989716,PROPOXYPHENE NAPSYLATE,,,,False,False
CHEMBL3989724,FLURAZEPAM HYDROCHLORIDE,,,,False,False
CHEMBL3989725,LODOXAMIDE TROMETHAMINE,,,,False,False
CHEMBL3989740,DOXYCYCLINE HYCLATE,,,,False,False
CHEMBL3989750,GLUCOSAMINE SULFATE,,,,False,False
CHEMBL3989754,FLURBIPROFEN SODIUM,,,,False,False
CHEMBL3989768,LEVORPHANOL TARTRATE,,,,False,False
CHEMBL3989777,TRIENTINE HYDROCHLORIDE,,,,False,False
CHEMBL3989798,FORMOTEROL FUMARATE,,,,False,False
CHEMBL3989803,DIPYRONE,N02BB02;N02BB72;N02BB52,,,False,True
CHEMBL3989820,ZOLPIDEM TARTRATE,,,,False,False
CHEMBL3989821,TUBOCURARINE CHLORIDE,,,,False,False
CHEMBL3989824,THIOTHIXENE HYDROCHLORIDE,,,,False,False
CHEMBL3989826,OXYCODONE TEREPHTHALATE,,,,False,False
CHEMBL3989829,NETILMICIN SULFATE,,,,False,False
CHEMBL3989830,SIBUTRAMINE HYDROCHLORIDE,,,,False,False
CHEMBL3989833,ZIPRASIDONE MESYLATE,,,,False,False
CHEMBL3989843,TRANYLCYPROMINE,N06AF04,depression,monoamine oxidase inhibitor,False,True
CHEMBL3989844,DEXTROAMPHETAMINE SACCHARATE,,,,False,False
CHEMBL3989845,IMIPRAMINE PAMOATE,,,,False,False
CHEMBL3989850,ECAMSULE,,,,False,False
CHEMBL3989855,PSEUDOEPHEDRINE SULFATE,,,,False,False
CHEMBL3989859,TOCOPHEROL ACETATE,,,,False,False
CHEMBL3989861,DESVENLAFAXINE FUMARATE,,,,False,False
CHEMBL3989866,BICTEGRAVIR,,human immunodeficiency virus (HIV-1),HIV integrase inhibitor,False,False
CHEMBL3989867,BICTEGRAVIR SODIUM,,,,False,False
CHEMBL3989868,TUCATINIB,L01EH03,,EGFR inhibitor,False,False
CHEMBL3989869,UMBRALISIB TOSYLATE,,,,False,False
CHEMBL3989871,AVACOPAN,L04AJ05,,complement inhibitor,False,False
CHEMBL3989885,TRIMEPRAZINE TARTRATE,,,,False,False
CHEMBL3989887,TACROLIMUS,L04AD02;D11AH01,organ rejection,calcineurin inhibitor,False,False
CHEMBL3989908,ENASIDENIB,L01XM01,acute myeloid leukemia (AML),isocitrate dehydrogenase inhibitor,False,False
CHEMBL3989909,LENIOLISIB PHOSPHATE,,,,False,False
CHEMBL3989917,FOSNETUPITANT,,,,False,False
CHEMBL3989919,FOSNETUPITANT CHLORIDE HYDROCHLORIDE,,,,False,False
CHEMBL3989920,PITAVASTATIN SODIUM,,,,False,False
CHEMBL3989921,NERATINIB MALEATE,,,,False,False
CHEMBL3989922,NIRAPARIB TOSYLATE MONOHYDRATE,,,,False,False
CHEMBL3989923,PITAVASTATIN MAGNESIUM,,,,False,False
CHEMBL3989931,ENASIDENIB MESYLATE,,,,False,False
CHEMBL3989933,ETRASIMOD ARGININE,,,,False,False
CHEMBL3989937,CAPMATINIB HYDROCHLORIDE,,,,False,False
CHEMBL3989939,LAROTRECTINIB SULFATE,,,,False,False
CHEMBL3989944,DIROXIMEL FUMARATE,L04AX09,,,False,False
CHEMBL3989949,CENOBAMATE,N03AX25,,GABA receptor modulator|voltage-gated sodium channel blocker,False,True
CHEMBL3989958,IVOSIDENIB,L01XM02,acute myeloid leukemia (AML),isocitrate dehydrogenase inhibitor,False,False
CHEMBL3989960,SELADELPAR LYSINE,,,,False,False
CHEMBL3989962,PEMETREXED TROMETHAMINE,,,,False,False
CHEMBL3989973,PEXIDARTINIB HYDROCHLORIDE,,,,False,False
CHEMBL3989974,CEFIDEROCOL,J01DI04,,antibacterial ,False,False
CHEMBL3990047,OZENOXACIN,D06AX14,,antiinfective drug,False,False
CHEMBL3990694,PIPERAZINE CITRATE ANHYDROUS,,,,False,False
CHEMBL3991065,ATOGEPANT,N02CD07,,,False,True
CHEMBL4065616,REMDESIVIR,J05AB16,,,False,False
CHEMBL4066936,VERICIGUAT,C01DX22,,guanylate cyclase stimulant,False,False
CHEMBL4071161,TIRABRUTINIB,L01EL06,,,False,False
CHEMBL4085457,RITLECITINIB,L04AF08,,,False,False
CHEMBL4101807,VOXELOTOR,B06AX03,,hemoglobin modulator,False,False
CHEMBL4105630,ZURANOLONE,N06AX31,,GABA receptor agonist,False,True
CHEMBL4113131,ENSARTINIB,,,,False,False
CHEMBL4164059,PITOLISANT HYDROCHLORIDE,,,,False,False
CHEMBL4173394,BRILLIANT BLUE G,,,,False,False
CHEMBL4204794,AVAPRITINIB,L01EX18,,KIT inhibitor,False,False
CHEMBL4208229,ASCIMINIB,L01EA06,,Bcr-Abl kinase inhibitor,False,False
CHEMBL4216467,RIPRETINIB,L01EX19,,receptor tyrosine protein kinase inhibitor,False,False
CHEMBL4250860,DANICOPAN,L04AJ09,,,False,False
CHEMBL4279047,VORASIDENIB,L01XM04,,isocitrate dehydrogenase inhibitor,False,False
CHEMBL4297064,MILNACIPRAN HYDROCHLORIDE,,,,False,False
CHEMBL4297065,SPINOSAD,,,,False,False
CHEMBL4297088,CHLORHEXIDINE GLUCONATE,,,,False,False
CHEMBL4297091,CODEINE SULFATE,,,,False,False
CHEMBL4297147,HALOPERIDOL LACTATE,,,,False,False
CHEMBL4297165,CHLOROQUINE HYDROCHLORIDE,,,,False,False
CHEMBL4297185,DAROLUTAMIDE,L02BB06,prostate cancer,androgen receptor antagonist,False,False
CHEMBL4297211,CEFIDEROCOL SULFATE TOSYLATE,,,,False,False
CHEMBL4297212,SOLRIAMFETOL HYDROCHLORIDE,,,,False,False
CHEMBL4297216,FEDRATINIB HYDROCHLORIDE,,,,False,False
CHEMBL4297220,ASCIMINIB HYDROCHLORIDE,,,,False,False
CHEMBL4297223,MITAPIVAT SULFATE,,,,False,False
CHEMBL4297334,PIFLUFOLASTAT F18,V09IX16,,,False,False
CHEMBL4297378,DURLOBACTAM SODIUM,,,,False,False
CHEMBL4297403,MELPHALAN FLUFENAMIDE HYDROCHLORIDE,,,,False,False
CHEMBL4297503,BALOXAVIR MARBOXIL,J05AX25,,,False,False
CHEMBL4297509,ELACESTRANT,L02BA04,,estrogen receptor degrader,False,False
CHEMBL4297513,IBREXAFUNGERP,J02AX07,,,False,False
CHEMBL4297516,LURBINECTEDIN,L01XX69,,DNA binding agent,False,False
CHEMBL4297517,MAVACAMTEN,C01EB24,,myosin inhibitor ,False,False
CHEMBL4297522,PEMIGATINIB,L01EN02,,,False,False
CHEMBL4297526,REMIMAZOLAM,N05CD14,,benzodiazepine receptor agonist,False,True
CHEMBL4297528,RISDIPLAM,M09AX10,,RNA splicing inhibitor,False,False
CHEMBL4297534,GLASDEGIB MALEATE,,,,False,False
CHEMBL4297585,TRIHEPTANOIN,A16AX17,,,False,False
CHEMBL4297588,ODEVIXIBAT,A05AX05,,,False,False
CHEMBL4297590,DARIDOREXANT,N05CJ03,,,False,True
CHEMBL4297592,AMENAMEVIR,J05AX26,,helicase primase inhibitor,False,False
CHEMBL4297603,DEUTIVACAFTOR,,,,False,False
CHEMBL4297610,OLUTASIDENIB,L01XM03,,,False,False
CHEMBL4297620,SOLRIAMFETOL,N06BA14,narcolepsy,dopamine reuptake inhibitor,False,True
CHEMBL4297666,OMIDENEPAG ISOPROPYL,,,,False,False
CHEMBL4298128,ELEXACAFTOR,,,,False,False
CHEMBL4298137,DURLOBACTAM,,,,False,False
CHEMBL4298138,REPOTRECTINIB,L01EX28,,receptor tyrosine protein kinase inhibitor,False,False
CHEMBL4298139,SERDEXMETHYLPHENIDATE CHLORIDE,,,,False,False
CHEMBL4298149,ARIMOCLOMOL CITRATE,,,,False,False
CHEMBL4298150,SIPONIMOD FUMARIC ACID,,,,False,False
CHEMBL4298153,NIROGACESTAT HYDROBROMIDE,,,,False,False
CHEMBL4298167,FILGOTINIB MALEATE,,,,False,False
CHEMBL4298168,IBREXAFUNGERP CITRATE,,,,False,False
CHEMBL4298171,LINZAGOLIX CHOLINE,,,,False,False
CHEMBL4299851,PIFLUFOLASTAT,,,,False,False
CHEMBL4299940,MITAPIVAT,B06AX04,,pyruvate kinase isozyme activator,False,False
CHEMBL4301162,SERDEXMETHYLPHENIDATE,,,,False,False
CHEMBL4301898,BRILLIANT BLUE G FREE ACID,,,,False,False
CHEMBL4303060,MELPHALAN FLUFENAMIDE,L01AA10,,,False,False
CHEMBL4303214,FRUQUINTINIB,L01EK04,colorectal cancer,VEGFR inhibitor,False,False
CHEMBL4303232,CEFOTIAM HYDROCHLORIDE,,,,False,False
CHEMBL4303288,ABACAVIR SULFATE,,,,False,False
CHEMBL4303454,DORIPENEM MONOHYDRATE,,,,False,False
CHEMBL4303525,OMAVELOXOLONE,N07XX25,,,False,True
CHEMBL4303669,ZOLEDRONIC ACID,M05BA08,,,False,False
CHEMBL4435170,DEUCRAVACITINIB,L04AF07,,,False,False
CHEMBL4458276,ENMETAZOBACTAM,,,,False,False
CHEMBL4535757,SOTORASIB,L01XX73,,,False,False
CHEMBL4558324,LAZERTINIB,L01EB09,,tyrosine kinase inhibitor,False,False
CHEMBL4559134,SELPERCATINIB,L01EX22,,,False,False
CHEMBL4582651,PRALSETINIB,L01EX23,,,False,False
CHEMBL4585668,BELZUTIFAN,L01XX74,,,False,False
CHEMBL4594217,CANAGLIFLOZIN,A10BK02,diabetes mellitus,sodium/glucose cotransporter inhibitor,False,False
CHEMBL4594246,SULOPENEM ETZADROXIL,,,,False,False
CHEMBL4594250,NETARSUDIL,S01EX05,,,False,False
CHEMBL4594251,NETARSUDIL DIMESYLATE,,,,False,False
CHEMBL4594260,TAZEMETOSTAT HYDROBROMIDE,,,,False,False
CHEMBL4594261,FLUOROESTRADIOL F-18,V09IX11,,,False,False
CHEMBL4594262,AMLODIPINE BENZOATE,,,,False,False
CHEMBL4594273,ELACESTRANT HYDROCHLORIDE,,,,False,False
CHEMBL4594278,GEFAPIXANT CITRATE,,,,False,False
CHEMBL4594287,ENSIFENTRINE,,,,False,False
CHEMBL4594288,LEVAMLODIPINE MALEATE,,,,False,False
CHEMBL4594292,TEPOTINIB HYDROCHLORIDE,,,,False,False
CHEMBL4594293,ACALABRUTINIB MALEATE,,,,False,False
CHEMBL4594300,FOSDENOPTERIN HYDROBROMIDE,,,,False,False
CHEMBL4594301,REMIMAZOLAM BESYLATE,,,,False,False
CHEMBL4594350,ADAGRASIB,L01XX77,,,False,False
CHEMBL4594379,FOSLEVODOPA,,,,False,False
CHEMBL4594382,DEURUXOLITINIB PHOSPHATE,,,,False,False
CHEMBL4594393,CALCIUM OXYBATE,,,,False,False
CHEMBL4594394,MAGNESIUM OXYBATE,,,,False,False
CHEMBL4594395,POTASSIUM OXYBATE,,,,False,False
CHEMBL4594448,IPTACOPAN,L04AJ08,,,False,False
CHEMBL4596392,CRAVACITINIB,,,,False,False
CHEMBL4650215,INAVOLISIB,,,,False,False
CHEMBL4650216,DARIDOREXANT HYDROCHLORIDE,,,,False,False
CHEMBL4650220,ZAVEGEPANT HYDROCHLORIDE,,,,False,False
CHEMBL4650226,ACORAMIDIS HYDROCHLORIDE,,,,False,False
CHEMBL4650272,TRILACICLIB DIHYDROCHLORIDE,,,,False,False
CHEMBL4650319,MOBOCERTINIB,L01EB10,,,False,False
CHEMBL4650485,PIRTOBRUTINIB,L01EL05,,,False,False
CHEMBL4650827,REVUMENIB,,,,False,False
CHEMBL4802130,BELUMOSUDIL MESYLATE,,,,False,False
CHEMBL4802135,NIRMATRELVIR,,,,False,False
CHEMBL4802239,MOBOCERTINIB SUCCINATE,,,,False,False
CHEMBL4802240,FOSCARBIDOPA,,,,False,False
CHEMBL5095048,AMPHETAMINE ASPARTATE/DEXTROAMPHETAMINE SULFATE,,,,False,False
CHEMBL5095049,PACRITINIB CITRATE,,,,False,False
CHEMBL5095050,FINGOLIMOD LAURYL SULFATE,,,,False,False
CHEMBL5095051,VENLAFAXINE BESYLATE,,,,False,False
CHEMBL5095056,BENZGALANTAMINE,,,,False,False
CHEMBL5095401,IPTACOPAN HYDROCHLORIDE,,,,False,False
CHEMBL5095420,TRIENTINE TETRAHYDROCHLORIDE,,,,False,False
CHEMBL5095505,AMPHETAMINE/DEXTROAMPHETAMINE,,,,False,False
CHEMBL5189739,BEROTRALSTAT,B06AC06,,,False,False
CHEMBL5314362,ENTECAVIR,J05AF10,hepatitis B,DNA replication inhibitor|nucleoside reverse transcriptase inhibitor,False,False
CHEMBL5314365,MONENSIN SODIUM,,,,False,False
CHEMBL5314366,ESOMEPRAZOLE MAGNESIUM,,,,False,False
CHEMBL5314373,"CEFPROZIL, (E)-",J01DC10,,,False,False
CHEMBL5314375,CIDOFOVIR,J05AB12,acquired immunodeficiency syndrome (AIDS)|cytomegalovirus retinitis,DNA polymerase inhibitor,False,False
CHEMBL5314588,PERFLUOROHEXYLOCTANE,,,,False,False
CHEMBL5314600,TIRABRUTINIB HYDROCHLORIDE,,,,False,False
CHEMBL5314649,RITLECITINIB TOSYLATE,,,,False,False
CHEMBL5314934,VANZACAFTOR,,,,False,False
CHEMBL5315049,SITAGLIPTIN FUMARATE,,,,False,False
CHEMBL5315053,PEMETREXED MONOHYDRATE,,,,False,False
CHEMBL5315054,ERTUGLIFLOZIN PIDOLATE,,,,False,False
CHEMBL5315055,NALMEFENE HYDROCHLORIDE DIHYDRATE,,,,False,False
CHEMBL5315056,NALOXONE HYDROCHLORIDE DIHYDRATE,,,,False,False
CHEMBL5315117,ZANAMIVIR HYDRATE,,,,False,False
CHEMBL5315118,ILOPROST TROMETHAMINE,,,,False,False
CHEMBL5315119,UPADACITINIB HEMIHYDRATE,,,,False,False
CHEMBL5315120,ODEVIXIBAT SESQUIHYDRATE,,,,False,False
CHEMBL5315121,TECOVIRIMAT MONOHYDRATE,,,,False,False
CHEMBL5315122,BORTEZOMIB D-MANNITOL,,,,False,False
CHEMBL5315124,LEVOFLOXACIN,J01MA12;S01AE05,pneumonia|sinusitis|bronchitis|skin infections|prostatitis|urinary tract infections|pyelonephritis|anthrax|plague,bacterial DNA gyrase inhibitor,False,False
CHEMBL5315125,DUVELISIB MONOHYDRATE,,,,False,False
CHEMBL5416410,DASATINIB,,chronic myeloid leukemia (CML)|acute lymphoblastic leukemia (ALL),Bcr-Abl kinase inhibitor|ephrin inhibitor|KIT inhibitor|PDGFR tyrosine kinase receptor inhibitor|SRC inhibitor|tyrosine kinase inhibitor,False,False
CHEMBL5723563,ELIGLUSTAT TARTRATE,,,,False,False
CHEMBL6067642,CODEINE PHOSPHATE,,,,False,False
CHEMBL6067650,PAROXETINE HYDROCHLORIDE,,,,False,False
CHEMBL6067656,CEFTRIAXONE SODIUM,,,,False,False
CHEMBL6067972,VARENICLINE TARTRATE,,,,False,False
CHEMBL6067988,RASAGILINE TARTRATE,,,,False,False
CHEMBL6067995,BEROTRALSTAT HYDROCHLORIDE,,,,False,False
CHEMBL6067998,LASOFOXIFENE TARTRATE,,,,False,False
CHEMBL6068327,ACETYLCYSTEINE LYSINE,,,,False,False
CHEMBL6068328,ELTROMBOPAG CHOLINE,,,,False,False
CHEMBL6068329,PEMETREXED DIPOTASSIUM,,,,False,False
CHEMBL6068332,TENOFOVIR DISOPROXIL MALEATE,,,,False,False
CHEMBL6068333,CLOPIDOGREL BESILATE,,,,False,False
CHEMBL6068334,SITAGLIPTIN HYDROCHLORIDE MONOHYDRATE,,,,False,False
CHEMBL6068335,PEMETREXED DISODIUM HEMIPENTAHYDRATE,,,,False,False
CHEMBL6068336,MOMELOTINIB DIHYDROCHLORIDE MONOHYDRATE,,,,False,False
CHEMBL6068337,LENALIDOMIDE HYDROCHLORIDE MONOHYDRATE,,,,False,False
CHEMBL6068338,CLOPIDOGREL HYDROCHLORIDE,,,,False,False
CHEMBL6068339,IRBESARTAN HYDROCHLORIDE,,,,False,False
CHEMBL6068340,PRASUGREL BESYLATE,,,,False,False
CHEMBL6068341,TENOFOVIR DISOPROXIL PHOSPHATE,,,,False,False
CHEMBL6068343,CLOPIDOGREL HYDROBROMIDE,,,,False,False
CHEMBL6068395,REVUMENIB CITRATE,,,,False,False
CHEMBL6068400,GIVINOSTAT HYDROCHLORIDE,,,,False,False
CHEMBL6068423,ESTETROL,,,selective estrogen receptor modulator (SERM),False,False
CHEMBL6068431,BENZGALANTAMINE GLUCONATE,,,,False,False
CHEMBL6068478,LAZERTINIB MESYLATE,,,,False,False
