chembl_id,pref_name,best_target_raw,mw,affinity,score_raw,best_target_mwres,score_mwres,best_target_mwstrat,score_mwstrat,rank_raw,rank_mwres,rank_mwstrat
CHEMBL442,ERGOTAMINE,ADRA2A,581.7,-10.36,0.7732,ADRA2A,0.7498,ADRA2A,0.7567,1.0,7.0,9.0
CHEMBL85,RISPERIDONE,ADRA2A,410.5,-10.08,0.7691,ADRA2A,0.773,ADRA2A,0.7632,2.0,1.0,5.0
CHEMBL1732,DIHYDROERGOTAMINE,ADRA2A,583.7,-10.05,0.7683,AXL,0.7309,ADRA2A,0.7437,3.0,26.0,15.0
CHEMBL1201271,BUCLIZINE,ACVR1,433.0,-10.9,0.7573,ACVR1,0.7583,ACVR1,0.7579,4.0,2.0,8.0
CHEMBL1372950,NICERGOLINE,AXL,484.4,-8.408,0.7493,ACVR1,0.7378,ACVR1,0.7239,5.0,11.0,79.0
CHEMBL708,ZIPRASIDONE,ADRA2A,412.9,-9.354,0.7476,ADRA2A,0.7464,ADRA2A,0.7244,6.0,8.0,77.0
CHEMBL19299,LOXOPROFEN,TNIK,246.3,-8.829,0.7467,TNIK,0.7557,TNIK,0.771,7.0,3.0,2.0
CHEMBL255044,FLUPIRTINE,MAPK14,304.3,-8.467,0.7441,MAPK14,0.7554,MAPK14,0.7584,8.0,4.0,7.0
CHEMBL1279,FROVATRIPTAN,TNIK,243.3,-8.759,0.7433,TNIK,0.7537,SLC2A1,0.7823,9.0,5.0,1.0
CHEMBL413965,FELBINAC,TNIK,212.2,-8.586,0.736,TNIK,0.7499,TNIK,0.7684,10.0,6.0,3.0
CHEMBL4297528,RISDIPLAM,SLC2A1,401.5,-11.47,0.7294,SLC2A1,0.7353,SLC2A1,0.7332,11.0,13.0,34.0
CHEMBL1505,ALMOTRIPTAN,TNIK,335.5,-8.459,0.729,TNIK,0.735,TNIK,0.7377,12.0,15.0,17.0
CHEMBL521686,OLAPARIB,AXL,434.5,-9.122,0.7262,SLC2A1,0.7318,SLC2A1,0.73,13.0,23.0,46.0
CHEMBL1162,NORETHINDRONE,AXL,298.4,-9.084,0.726,AXL,0.7318,AXL,0.732,14.0,22.0,39.0
CHEMBL779,TADALAFIL,SLC2A1,389.4,-11.19,0.7251,SLC2A1,0.7347,SLC2A1,0.7286,15.0,16.0,59.0
CHEMBL1510,ELETRIPTAN,ACVR1,382.5,-9.305,0.7249,ACVR1,0.7353,ACVR1,0.6936,16.0,14.0,315.0
CHEMBL3188267,CAPMATINIB,SLC2A1,412.4,-11.13,0.7244,SLC2A1,0.7326,SLC2A1,0.7264,17.0,20.0,69.0
CHEMBL3989937,CAPMATINIB HYDROCHLORIDE,SLC2A1,412.4,-11.13,0.7244,SLC2A1,0.7326,SLC2A1,0.7264,17.0,20.0,69.0
CHEMBL1237021,LURASIDONE,ADRA2A,492.7,-10.39,0.7238,ADRA2A,0.7199,ADRA2A,0.7097,19.0,76.0,161.0
CHEMBL154,NAPROXEN,TNIK,230.3,-8.37,0.7234,TNIK,0.7401,TNIK,0.7671,20.0,9.0,4.0
CHEMBL3137318,TALAZOPARIB TOSYLATE,SLC2A1,380.4,-10.95,0.7223,SLC2A1,0.7333,SLC2A1,0.7218,21.0,17.0,93.0
CHEMBL3137320,TALAZOPARIB,SLC2A1,380.4,-10.95,0.7223,SLC2A1,0.7333,SLC2A1,0.7218,21.0,17.0,93.0
CHEMBL1185,ZOLMITRIPTAN,TNIK,287.4,-8.332,0.7215,TNIK,0.733,TNIK,0.7389,23.0,19.0,16.0
CHEMBL2107495,TEMAFLOXACIN HYDROCHLORIDE,AXL,417.4,-8.724,0.7204,AXL,0.7243,AXL,0.7219,24.0,50.0,89.0
CHEMBL277100,TEMAFLOXACIN,AXL,417.4,-8.724,0.7204,AXL,0.7243,AXL,0.7219,24.0,50.0,89.0
CHEMBL1375743,ZIPRASIDONE HYDROCHLORIDE,TNIK,412.9,-10.15,0.7202,TNIK,0.7209,TNIK,0.7157,26.0,69.0,118.0
CHEMBL3989833,ZIPRASIDONE MESYLATE,TNIK,412.9,-10.15,0.7202,TNIK,0.7209,TNIK,0.7157,26.0,69.0,118.0
CHEMBL502,DONEPEZIL,TNIK,379.5,-10.03,0.7193,TNIK,0.7199,TNIK,0.7128,28.0,75.0,140.0
CHEMBL2103774,TIBOLONE,AXL,312.5,-8.677,0.7187,AXL,0.7299,AXL,0.7293,29.0,30.0,54.0
CHEMBL2105722,NOMEGESTROL,AXL,328.5,-8.651,0.7186,AXL,0.7291,AXL,0.7287,30.0,34.0,57.0
CHEMBL51,KETANSERIN,TNIK,395.4,-9.912,0.7184,TNIK,0.7191,TNIK,0.7111,31.0,80.0,147.0
CHEMBL5315121,TECOVIRIMAT MONOHYDRATE,TNIK,376.3,-9.889,0.7181,SLC2A1,0.7311,SLC2A1,0.7361,32.0,24.0,20.0
CHEMBL1257073,TECOVIRIMAT,TNIK,376.3,-9.889,0.7181,SLC2A1,0.7311,SLC2A1,0.7361,32.0,24.0,20.0
CHEMBL1278,NARATRIPTAN,TNIK,335.5,-8.23,0.7175,TNIK,0.7221,TNIK,0.7222,34.0,57.0,87.0
CHEMBL895,NALBUPHINE,MAPK14,357.5,-7.972,0.717,AXL,0.7389,AXL,0.7352,35.0,10.0,24.0
CHEMBL1389,LEVONORGESTREL,AXL,312.5,-8.578,0.7163,AXL,0.7294,AXL,0.728,36.0,32.0,60.0
CHEMBL3546271,FLORTAUCIPIR,TNIK,263.3,-9.586,0.7153,SLC2A1,0.727,SLC2A1,0.7297,37.0,41.0,49.0
CHEMBL3545253,FLORTAUCIPIR F 18,TNIK,262.3,-9.586,0.7153,SLC2A1,0.7275,SLC2A1,0.7297,37.0,39.0,49.0
CHEMBL3137310,BENZHYDROCODONE HYDROCHLORIDE,SLC2A1,403.5,-10.59,0.7151,SLC2A1,0.7265,SLC2A1,0.7114,39.0,42.0,143.0
CHEMBL3137321,BENZHYDROCODONE,SLC2A1,403.5,-10.59,0.7151,SLC2A1,0.7265,SLC2A1,0.7114,39.0,42.0,143.0
CHEMBL1346,DARIFENACIN,ACVR1,426.6,-10.62,0.7143,ACVR1,0.7166,ACVR1,0.7144,41.0,91.0,131.0
CHEMBL1200935,DARIFENACIN HYDROBROMIDE,ACVR1,426.6,-10.62,0.7143,ACVR1,0.7166,ACVR1,0.7144,41.0,91.0,131.0
CHEMBL3889654,LAROTRECTINIB,SLC2A1,428.4,-10.57,0.7143,SLC2A1,0.7202,SLC2A1,0.7094,43.0,72.0,166.0
CHEMBL3989939,LAROTRECTINIB SULFATE,SLC2A1,428.4,-10.57,0.7143,SLC2A1,0.7202,SLC2A1,0.7094,43.0,72.0,166.0
CHEMBL219916,DOMPERIDONE,TNIK,425.9,-9.501,0.714,TNIK,0.7138,TNIK,0.7026,45.0,108.0,225.0
CHEMBL1201206,PIPECURONIUM,AXL,602.9,-8.894,0.7136,AXL,0.6522,AXL,0.6897,46.0,703.0,352.0
CHEMBL710,FINASTERIDE,TNIK,372.6,-9.483,0.7133,AXL,0.7201,SLC2A1,0.7221,47.0,74.0,88.0
CHEMBL1095097,EPLERENONE,AXL,414.5,-8.507,0.713,AXL,0.7176,AXL,0.7086,48.0,88.0,173.0
CHEMBL535,SUNITINIB,TNIK,398.5,-9.467,0.713,TNIK,0.7143,TNIK,0.7003,49.0,105.0,239.0
CHEMBL1567,SUNITINIB MALATE,TNIK,398.5,-9.467,0.713,TNIK,0.7143,TNIK,0.7003,49.0,105.0,239.0
CHEMBL1175,DULOXETINE,TNIK,297.4,-8.167,0.713,TNIK,0.7224,TNIK,0.7333,51.0,55.0,32.0
CHEMBL1206690,PARECOXIB,SLC2A1,370.4,-9.428,0.7128,SLC2A1,0.7374,SLC2A1,0.7524,52.0,12.0,11.0
CHEMBL256997,ATALUREN,TNIK,284.2,-9.437,0.7124,TNIK,0.7161,TNIK,0.721,53.0,93.0,97.0
CHEMBL1621,PALIPERIDONE,AXL,426.5,-8.481,0.7122,AXL,0.7135,AXL,0.7059,54.0,113.0,191.0
CHEMBL3039526,LASMIDITAN SUCCINATE,MAPK14,377.4,-9.109,0.7119,MAPK14,0.7129,ACVR1,0.7094,55.0,115.0,164.0
CHEMBL3039520,LASMIDITAN,MAPK14,377.4,-9.109,0.7119,MAPK14,0.7129,ACVR1,0.7094,55.0,115.0,164.0
CHEMBL3545367,LEMBOREXANT,SLC2A1,410.4,-10.48,0.7118,SLC2A1,0.7225,SLC2A1,0.7032,57.0,54.0,218.0
CHEMBL1057,FLUORESCEIN,AXL,332.3,-8.446,0.7109,AXL,0.7278,AXL,0.7254,58.0,37.0,74.0
CHEMBL1200609,PAROXETINE MESYLATE,MAPK14,329.4,-9.002,0.7107,MAPK14,0.7138,TNIK,0.7146,59.0,110.0,126.0
CHEMBL6067650,PAROXETINE HYDROCHLORIDE,MAPK14,329.4,-9.002,0.7107,MAPK14,0.7138,TNIK,0.7146,59.0,110.0,126.0
CHEMBL490,PAROXETINE,MAPK14,329.4,-9.002,0.7107,MAPK14,0.7138,TNIK,0.7146,59.0,110.0,126.0
CHEMBL469,KETOROLAC,TNIK,255.3,-8.128,0.7105,TNIK,0.7247,TNIK,0.7313,62.0,49.0,42.0
CHEMBL1201731,NEBIVOLOL HYDROCHLORIDE,MAPK14,405.4,-8.981,0.7101,MAPK14,0.7108,MAPK14,0.7073,63.0,130.0,180.0
CHEMBL434394,NEBIVOLOL,MAPK14,405.4,-8.981,0.7101,MAPK14,0.7108,MAPK14,0.7073,63.0,130.0,180.0
CHEMBL652,FLECAINIDE,MAPK14,414.3,-8.979,0.7097,MAPK14,0.7105,MAPK14,0.7054,65.0,135.0,196.0
CHEMBL1200822,FLECAINIDE ACETATE,MAPK14,414.3,-8.979,0.7097,MAPK14,0.7105,MAPK14,0.7054,65.0,135.0,196.0
CHEMBL3233142,LUMATEPERONE TOSYLATE,TNIK,393.5,-9.297,0.7096,TNIK,0.711,TNIK,0.695,67.0,127.0,300.0
CHEMBL3306803,LUMATEPERONE,TNIK,393.5,-9.297,0.7096,TNIK,0.711,TNIK,0.695,67.0,127.0,300.0
CHEMBL1201151,MESTRANOL,ACVR1,310.4,-10.3,0.7093,ACVR1,0.7185,ACVR1,0.7176,69.0,81.0,108.0
CHEMBL231068,FLIBANSERIN,TNIK,390.4,-9.254,0.7089,SLC2A1,0.7212,TNIK,0.694,70.0,67.0,312.0
CHEMBL3084748,TROSPIUM CHLORIDE,ACVR1,392.5,-10.25,0.7084,ACVR1,0.7148,ACVR1,0.7005,71.0,99.0,236.0
CHEMBL1888176,TROSPIUM,ACVR1,392.5,-10.25,0.7084,ACVR1,0.7148,ACVR1,0.7005,71.0,99.0,236.0
CHEMBL2104941,INDORAMIN HYDROCHLORIDE,TNIK,347.5,-9.215,0.708,AXL,0.7194,TNIK,0.7162,73.0,78.0,116.0
CHEMBL279516,INDORAMIN,TNIK,347.5,-9.215,0.708,AXL,0.7194,TNIK,0.7162,73.0,78.0,116.0
CHEMBL361812,RAMATROBAN,AXL,416.5,-8.374,0.7073,AXL,0.711,ACVR1,0.6976,75.0,129.0,265.0
CHEMBL1189679,PALONOSETRON,MAPK14,296.4,-8.843,0.707,SLC2A1,0.7279,SLC2A1,0.7336,76.0,35.0,30.0
CHEMBL1720,PALONOSETRON HYDROCHLORIDE,MAPK14,296.4,-8.843,0.707,SLC2A1,0.7279,SLC2A1,0.7336,76.0,35.0,30.0
CHEMBL270190,ALVIMOPAN,SLC2A1,424.5,-10.35,0.7066,SLC2A1,0.7144,SLC2A1,0.6941,78.0,104.0,311.0
CHEMBL295124,BERBERINE,TNIK,336.4,-9.164,0.7065,AXL,0.7119,SLC2A1,0.7129,79.0,121.0,139.0
CHEMBL1509,DROSPIRENONE,AXL,366.5,-9.134,0.7064,SLC2A1,0.7128,SLC2A1,0.7171,80.0,117.0,111.0
CHEMBL94454,MIZOLASTINE,ACVR1,432.5,-10.08,0.7061,SLC2A1,0.7105,ACVR1,0.6963,81.0,134.0,282.0
CHEMBL2079587,STANOZOLOL,AXL,328.5,-9.114,0.7061,AXL,0.7111,AXL,0.7113,82.0,126.0,146.0
CHEMBL3989754,FLURBIPROFEN SODIUM,TNIK,243.3,-9.152,0.7059,TNIK,0.7132,SLC2A1,0.7332,83.0,114.0,33.0
CHEMBL2107431,LYNESTRENOL,AXL,284.4,-9.041,0.7056,AXL,0.712,AXL,0.7113,84.0,120.0,145.0
CHEMBL245807,OXYPHENISATINE,AXL,317.3,-8.322,0.7047,AXL,0.7275,AXL,0.7218,85.0,38.0,92.0
CHEMBL563,FLURBIPROFEN,TNIK,244.3,-9.076,0.7046,TNIK,0.7117,SLC2A1,0.7345,86.0,123.0,27.0
CHEMBL1908377,PYRVINIUM PAMOATE,SLC2A1,382.5,-11.13,0.7044,SLC2A1,0.7145,SLC2A1,0.7064,87.0,102.0,188.0
CHEMBL1201303,PYRVINIUM,SLC2A1,382.5,-11.13,0.7044,SLC2A1,0.7145,SLC2A1,0.7064,87.0,102.0,188.0
CHEMBL1200907,TRILOSTANE,SLC2A1,329.4,-10.25,0.7033,SLC2A1,0.7303,SLC2A1,0.7339,89.0,29.0,29.0
CHEMBL1094636,NIRAPARIB,MAPK14,320.4,-8.667,0.7026,SLC2A1,0.7308,SLC2A1,0.7322,90.0,27.0,37.0
CHEMBL3989922,NIRAPARIB TOSYLATE MONOHYDRATE,MAPK14,320.4,-8.667,0.7026,SLC2A1,0.7308,SLC2A1,0.7322,90.0,27.0,37.0
CHEMBL254857,FIPEXIDE,MAPK14,388.9,-8.659,0.7023,MAPK14,0.7044,MAPK14,0.6887,92.0,171.0,360.0
CHEMBL193482,ESTRIOL,TNIK,288.4,-8.992,0.7022,AXL,0.7258,SLC2A1,0.7306,93.0,47.0,45.0
CHEMBL1405,ESTRONE,TNIK,270.4,-8.964,0.7016,AXL,0.7273,SLC2A1,0.7287,94.0,40.0,56.0
CHEMBL427216,GLICLAZIDE,MAPK14,323.4,-8.648,0.7015,MAPK14,0.709,MAPK14,0.7037,95.0,148.0,214.0
CHEMBL1108,DROPERIDOL,TNIK,379.4,-8.939,0.7013,TNIK,0.7014,TNIK,0.6763,96.0,184.0,482.0
CHEMBL898,DIFLUNISAL,TNIK,250.2,-8.937,0.7012,TNIK,0.7082,TNIK,0.7177,97.0,152.0,105.0
CHEMBL1200585,OXYMETHOLONE,AXL,332.5,-8.745,0.701,AXL,0.7095,AXL,0.7107,98.0,143.0,155.0
CHEMBL1200980,ESTROPIPATE,TNIK,350.4,-8.916,0.7006,AXL,0.7083,TNIK,0.7091,99.0,150.0,168.0
CHEMBL494753,ESTRONE SULFURIC ACID,TNIK,350.4,-8.916,0.7006,AXL,0.7083,TNIK,0.7091,99.0,150.0,168.0
CHEMBL198362,RIVAROXABAN,MAPK14,435.9,-8.589,0.6998,MAPK14,0.6959,MAPK14,0.6815,101.0,233.0,427.0
CHEMBL4594261,FLUOROESTRADIOL F-18,ACVR1,289.4,-9.858,0.6994,SLC2A1,0.7297,SLC2A1,0.7349,102.0,31.0,25.0
CHEMBL1627367,FLUOROESTRADIOL,ACVR1,290.4,-9.858,0.6994,SLC2A1,0.7293,SLC2A1,0.7349,102.0,33.0,25.0
CHEMBL1678,DONEPEZIL HYDROCHLORIDE,TNIK,379.5,-10.03,0.6993,TNIK,0.6999,TNIK,0.6928,104.0,190.0,326.0
CHEMBL1475,TRIOXSALEN,TNIK,228.2,-8.894,0.6992,AXL,0.7098,SLC2A1,0.7352,105.0,141.0,23.0
CHEMBL254328,ABIRATERONE,AXL,349.5,-8.694,0.6989,AXL,0.7088,AXL,0.71,106.0,149.0,159.0
CHEMBL1200600,FLUOROMETHOLONE,AXL,376.5,-8.205,0.6988,AXL,0.715,AXL,0.7176,107.0,98.0,109.0
CHEMBL15870,INDOPROFEN,TNIK,281.3,-8.883,0.6986,MAPK14,0.7093,TNIK,0.7171,108.0,144.0,113.0
CHEMBL1623,MECLIZINE,SLC2A1,391.0,-10.09,0.6985,SLC2A1,0.7153,SLC2A1,0.6794,109.0,96.0,440.0
CHEMBL2105760,BREXPIPRAZOLE,TNIK,433.6,-9.226,0.6985,TNIK,0.6974,TNIK,0.6834,110.0,213.0,414.0
CHEMBL1402684,OXYPHENISATIN ACETATE,AXL,401.4,-8.194,0.6977,AXL,0.7066,AXL,0.678,111.0,157.0,464.0
CHEMBL25202,TAMIBAROTENE,TNIK,351.4,-9.786,0.6976,SLC2A1,0.7115,SLC2A1,0.7145,112.0,125.0,129.0
CHEMBL126,LINEZOLID,MAPK14,337.4,-8.532,0.6976,MAPK14,0.705,MAPK14,0.7011,113.0,170.0,232.0
CHEMBL42,CLOZAPINE,AXL,326.8,-8.191,0.6976,AXL,0.7253,SLC2A1,0.7227,114.0,48.0,85.0
CHEMBL435298,ESFLURBIPROFEN,TNIK,244.3,-8.858,0.6976,TNIK,0.7068,SLC2A1,0.728,115.0,156.0,61.0
CHEMBL976,PRAZIQUANTEL,ACVR1,312.4,-9.772,0.6969,ACVR1,0.7145,ACVR1,0.713,116.0,101.0,138.0
CHEMBL5315049,SITAGLIPTIN FUMARATE,MAPK14,407.3,-8.51,0.6969,MAPK14,0.6966,MAPK14,0.6753,117.0,223.0,489.0
CHEMBL1422,SITAGLIPTIN,MAPK14,407.3,-8.51,0.6969,MAPK14,0.6966,MAPK14,0.6753,117.0,223.0,489.0
CHEMBL6068334,SITAGLIPTIN HYDROCHLORIDE MONOHYDRATE,MAPK14,407.3,-8.51,0.6969,MAPK14,0.6966,MAPK14,0.6753,117.0,223.0,489.0
CHEMBL1201174,SITAGLIPTIN PHOSPHATE,MAPK14,407.3,-8.51,0.6969,MAPK14,0.6966,MAPK14,0.6753,117.0,223.0,489.0
CHEMBL3990047,OZENOXACIN,SLC2A1,363.4,-10.06,0.6966,SLC2A1,0.7216,SLC2A1,0.7293,121.0,60.0,55.0
CHEMBL1201284,CINACALCET,MAPK14,357.4,-9.825,0.6965,MAPK14,0.6967,MAPK14,0.6965,122.0,221.0,278.0
CHEMBL1200776,CINACALCET HYDROCHLORIDE,MAPK14,357.4,-9.825,0.6965,MAPK14,0.6967,MAPK14,0.6965,122.0,221.0,278.0
CHEMBL2107797,NORGESTREL,ACVR1,312.5,-9.761,0.6964,SLC2A1,0.7166,ACVR1,0.7117,124.0,90.0,142.0
CHEMBL1450,ATOVAQUONE,SLC2A1,366.8,-10.64,0.6961,SLC2A1,0.7116,SLC2A1,0.7152,125.0,124.0,121.0
CHEMBL1452696,FEPRAZONE,ACVR1,320.4,-9.746,0.6957,ACVR1,0.7125,ACVR1,0.7111,126.0,119.0,149.0
CHEMBL661,ALPRAZOLAM,ACVR1,308.8,-9.743,0.6956,ACVR1,0.7138,ACVR1,0.7176,127.0,109.0,107.0
CHEMBL90593,PRASTERONE,TNIK,288.4,-8.803,0.6954,AXL,0.721,SLC2A1,0.7255,128.0,68.0,72.0
CHEMBL2107011,OXYPERTINE,SLC2A1,379.5,-10.02,0.6954,SLC2A1,0.716,SLC2A1,0.6715,129.0,94.0,539.0
CHEMBL832,SULFINPYRAZONE,SLC2A1,404.5,-10.02,0.6954,SLC2A1,0.7056,SLC2A1,0.6715,129.0,166.0,539.0
CHEMBL1463345,CANRENONE,AXL,340.5,-8.557,0.6953,AXL,0.7082,AXL,0.7074,131.0,153.0,179.0
CHEMBL1200399,BUSPIRONE HYDROCHLORIDE,MAPK14,385.5,-8.47,0.6946,MAPK14,0.6982,MAPK14,0.6688,132.0,205.0,577.0
CHEMBL49,BUSPIRONE,MAPK14,385.5,-8.47,0.6946,MAPK14,0.6982,MAPK14,0.6688,132.0,205.0,577.0
CHEMBL493,BROMOCRIPTINE,ADRA2A,654.6,-9.286,0.6937,AXL,0.6621,AXL,0.6725,134.0,584.0,530.0
CHEMBL1265,ADAPALENE,SLC2A1,412.5,-11.96,0.6935,SLC2A1,0.6967,SLC2A1,0.6971,135.0,220.0,268.0
CHEMBL1112,ARIPIPRAZOLE,TNIK,448.4,-9.034,0.6934,TNIK,0.6906,TNIK,0.6728,136.0,284.0,524.0
CHEMBL2138684,FROVATRIPTAN SUCCINATE,TNIK,243.3,-8.759,0.6933,TNIK,0.7037,SLC2A1,0.7323,137.0,176.0,36.0
CHEMBL291338,"3,3',4',5-TETRACHLOROSALICYLANILIDE",MAPK14,351.0,-9.365,0.6933,MAPK14,0.6957,MAPK14,0.6942,138.0,235.0,309.0
CHEMBL4650272,TRILACICLIB DIHYDROCHLORIDE,SLC2A1,446.6,-11.94,0.6931,SLC2A1,0.6955,SLC2A1,0.6962,139.0,239.0,285.0
CHEMBL3894860,TRILACICLIB,SLC2A1,446.6,-11.94,0.6931,SLC2A1,0.6955,SLC2A1,0.6962,139.0,239.0,285.0
CHEMBL135,ESTRADIOL,TNIK,272.4,-8.755,0.6931,SLC2A1,0.7223,SLC2A1,0.7248,141.0,56.0,76.0
CHEMBL24924,FLUINDIONE,MAPK14,240.2,-8.418,0.6928,MAPK14,0.71,SLC2A1,0.7339,142.0,140.0,28.0
CHEMBL1788386,TETRAMETHRIN,MAPK14,331.4,-8.413,0.6927,MAPK14,0.7022,MAPK14,0.6978,143.0,182.0,262.0
CHEMBL227875,PRETOMANID,TNIK,359.3,-8.742,0.6926,TNIK,0.6954,TNIK,0.7042,144.0,244.0,208.0
CHEMBL1201168,ISOCARBOXAZID,MAPK14,231.3,-8.394,0.6921,MAPK14,0.7101,SLC2A1,0.7235,145.0,139.0,82.0
CHEMBL6068328,ELTROMBOPAG CHOLINE,SLC2A1,441.5,-11.68,0.6921,SLC2A1,0.6949,SLC2A1,0.6952,146.0,252.0,295.0
CHEMBL297302,BENPERIDOL,TNIK,381.5,-8.72,0.6919,ACVR1,0.6972,ACVR1,0.6711,147.0,217.0,548.0
CHEMBL1200397,BUTENAFINE HYDROCHLORIDE,TNIK,317.5,-9.422,0.6918,TNIK,0.6955,TNIK,0.7001,148.0,242.0,242.0
CHEMBL990,BUTENAFINE,TNIK,317.5,-9.422,0.6918,TNIK,0.6955,TNIK,0.7001,148.0,242.0,242.0
CHEMBL1201288,DANTROLENE,TNIK,314.3,-8.965,0.6917,TNIK,0.6963,TNIK,0.7,150.0,228.0,244.0
CHEMBL1200798,TRAZODONE HYDROCHLORIDE,TNIK,371.9,-8.717,0.6916,TNIK,0.6934,TNIK,0.7032,151.0,261.0,216.0
CHEMBL621,TRAZODONE,TNIK,371.9,-8.717,0.6916,TNIK,0.6934,TNIK,0.7032,151.0,261.0,216.0
CHEMBL521,IBUPROFEN,TNIK,206.3,-7.832,0.6914,TNIK,0.7104,TNIK,0.7564,153.0,137.0,10.0
CHEMBL1479,DANAZOL,AXL,337.5,-8.451,0.6913,AXL,0.7077,AXL,0.7067,154.0,154.0,184.0
CHEMBL1200934,NORGESTIMATE,AXL,369.5,-8.447,0.6911,AXL,0.7051,AXL,0.7061,155.0,169.0,190.0
CHEMBL1201745,CHOLINE FENOFIBRATE,TNIK,317.7,-8.713,0.6911,TNIK,0.6973,TNIK,0.7023,156.0,216.0,227.0
CHEMBL276520,INDALPINE,TNIK,228.3,-8.711,0.691,TNIK,0.7026,AXL,0.7268,157.0,181.0,66.0
CHEMBL142703,VILDAGLIPTIN,MAPK14,303.4,-8.367,0.691,MAPK14,0.7032,MAPK14,0.7077,158.0,178.0,178.0
CHEMBL1657,TAZAROTENE,TNIK,351.5,-9.385,0.691,TNIK,0.6945,TNIK,0.6985,159.0,256.0,253.0
CHEMBL2348780,VAMOROLONE,SLC2A1,356.5,-9.9,0.6905,SLC2A1,0.7178,SLC2A1,0.7253,160.0,87.0,75.0
CHEMBL1571,TESTOLACTONE,TNIK,300.4,-8.695,0.6905,AXL,0.7157,SLC2A1,0.7242,161.0,95.0,78.0
CHEMBL259571,TAPINAROF,MAPK14,254.3,-9.001,0.6904,MAPK14,0.6956,MAPK14,0.6955,162.0,236.0,292.0
CHEMBL2042122,FLUTEMETAMOL F 18,TNIK,273.3,-8.69,0.6903,TNIK,0.6997,TNIK,0.7102,163.0,192.0,157.0
CHEMBL579205,FLUTEMETAMOL,TNIK,274.3,-8.69,0.6903,TNIK,0.6996,TNIK,0.7102,163.0,194.0,157.0
CHEMBL289469,GRANISETRON,MAPK14,312.4,-8.355,0.69,SLC2A1,0.709,MAPK14,0.6968,165.0,146.0,273.0
CHEMBL1237080,GRANISETRON HYDROCHLORIDE,MAPK14,312.4,-8.355,0.69,SLC2A1,0.709,MAPK14,0.6968,165.0,146.0,273.0
CHEMBL1200430,ESTRADIOL ACETATE,TNIK,314.4,-8.684,0.6895,AXL,0.7139,TNIK,0.7016,167.0,107.0,230.0
CHEMBL685,MEBENDAZOLE,TNIK,295.3,-8.682,0.6894,TNIK,0.6975,TNIK,0.7079,168.0,212.0,177.0
CHEMBL1201149,NALTREXONE HYDROCHLORIDE,SLC2A1,341.4,-9.877,0.6892,SLC2A1,0.7214,SLC2A1,0.7237,169.0,63.0,80.0
CHEMBL19019,NALTREXONE,SLC2A1,341.4,-9.877,0.6892,SLC2A1,0.7214,SLC2A1,0.7237,169.0,63.0,80.0
CHEMBL1023,BEXAROTENE,ACVR1,348.5,-10.27,0.6891,ACVR1,0.6977,ACVR1,0.6969,171.0,209.0,272.0
CHEMBL1200973,ESTRADIOL CYPIONATE,SLC2A1,396.6,-10.42,0.6891,SLC2A1,0.7042,AXL,0.6788,172.0,172.0,452.0
CHEMBL2103837,TAFAMIDIS,TNIK,308.1,-9.26,0.689,TNIK,0.6929,TNIK,0.6997,173.0,270.0,246.0
CHEMBL2216870,IDELALISIB,SLC2A1,415.4,-11.44,0.6889,SLC2A1,0.6948,SLC2A1,0.6926,174.0,255.0,327.0
CHEMBL981,FENOFIBRIC ACID,TNIK,318.8,-8.66,0.6886,TNIK,0.695,TNIK,0.7003,175.0,251.0,238.0
CHEMBL1201340,DIPHEMANIL,ACVR1,278.4,-9.569,0.6885,SLC2A1,0.7184,SLC2A1,0.7232,176.0,82.0,83.0
CHEMBL691,ETHINYL ESTRADIOL,AXL,296.4,-8.078,0.6885,AXL,0.726,AXL,0.7294,177.0,46.0,53.0
CHEMBL3989866,BICTEGRAVIR,AXL,449.4,-9.417,0.6884,AXL,0.6892,AXL,0.69,178.0,292.0,345.0
CHEMBL973,TERIFLUNOMIDE,TNIK,270.2,-8.658,0.6884,TNIK,0.6986,TNIK,0.7072,179.0,201.0,182.0
CHEMBL3989820,ZOLPIDEM TARTRATE,ACVR1,307.4,-9.562,0.6881,AXL,0.7215,SLC2A1,0.7264,180.0,61.0,67.0
CHEMBL911,ZOLPIDEM,ACVR1,307.4,-9.562,0.6881,AXL,0.7215,SLC2A1,0.7264,180.0,61.0,67.0
CHEMBL75435,DEXKETOPROFEN,TNIK,254.3,-8.65,0.6878,TNIK,0.6995,TNIK,0.7066,182.0,195.0,185.0
CHEMBL340978,BENOXAPROFEN,MAPK14,301.7,-8.87,0.6877,AXL,0.7005,AXL,0.7022,183.0,189.0,228.0
CHEMBL799,CILOSTAZOL,TNIK,369.5,-8.625,0.6872,SLC2A1,0.6933,SLC2A1,0.7083,184.0,264.0,176.0
CHEMBL1568698,GANAXOLONE,TNIK,332.5,-9.181,0.6868,TNIK,0.6899,TNIK,0.6933,185.0,289.0,319.0
CHEMBL571,KETOPROFEN,TNIK,254.3,-8.603,0.6864,TNIK,0.6974,TNIK,0.704,186.0,214.0,210.0
CHEMBL1201165,QUINESTROL,AXL,364.5,-8.351,0.6863,AXL,0.7032,AXL,0.7048,187.0,177.0,202.0
CHEMBL783,NATEGLINIDE,TNIK,317.4,-8.578,0.6858,TNIK,0.6923,TNIK,0.6977,188.0,274.0,264.0
CHEMBL1200810,DOXERCALCIFEROL,AXL,412.7,-9.018,0.6855,AXL,0.6883,AXL,0.6874,189.0,299.0,375.0
CHEMBL1200853,DYDROGESTERONE,ACVR1,312.5,-10.04,0.6854,AXL,0.6999,ACVR1,0.6963,190.0,191.0,281.0
CHEMBL189963,PALBOCICLIB,SLC2A1,447.5,-11.15,0.685,SLC2A1,0.6901,SLC2A1,0.688,191.0,287.0,368.0
CHEMBL271227,ABIRATERONE ACETATE,AXL,391.6,-8.325,0.6849,AXL,0.6958,AXL,0.6697,192.0,234.0,563.0
CHEMBL277535,BIFONAZOLE,TNIK,310.4,-9.101,0.6848,SLC2A1,0.6948,TNIK,0.692,193.0,254.0,332.0
CHEMBL54,HALOPERIDOL,TNIK,375.9,-8.552,0.6843,SLC2A1,0.6956,SLC2A1,0.7178,194.0,237.0,103.0
CHEMBL315838,ENCAINIDE,MAPK14,352.5,-8.707,0.6841,MAPK14,0.6886,MAPK14,0.6873,195.0,297.0,376.0
CHEMBL2106155,ENCAINIDE HYDROCHLORIDE,MAPK14,352.5,-8.707,0.6841,MAPK14,0.6886,MAPK14,0.6873,195.0,297.0,376.0
CHEMBL12713,SERTINDOLE,SLC2A1,441.0,-11.09,0.684,SLC2A1,0.69,SLC2A1,0.6847,197.0,288.0,400.0
CHEMBL1200722,PIPECURONIUM BROMIDE,AXL,602.9,-8.894,0.6836,AXL,0.6222,AXL,0.6597,198.0,1028.0,647.0
CHEMBL2356023,DIHYDROTACHYSTEROL,AXL,398.7,-8.296,0.6834,AXL,0.6929,AXL,0.6664,199.0,269.0,596.0
CHEMBL38,TRETINOIN,MAPK14,300.4,-8.681,0.6834,MAPK14,0.6912,MAPK14,0.6929,200.0,280.0,322.0
CHEMBL1256841,NIALAMIDE,MAPK14,298.3,-8.24,0.6832,MAPK14,0.6994,MAPK14,0.7051,201.0,196.0,199.0
CHEMBL2105648,PALOVAROTENE,AXL,414.5,-8.868,0.6831,AXL,0.6866,AXL,0.6848,202.0,308.0,399.0
CHEMBL2010601,IVACAFTOR,SLC2A1,392.5,-11.03,0.683,SLC2A1,0.6931,SLC2A1,0.6828,203.0,267.0,418.0
CHEMBL43064,CINNARIZINE,SLC2A1,368.5,-10.23,0.6825,SLC2A1,0.7051,SLC2A1,0.7132,204.0,168.0,137.0
CHEMBL3989867,BICTEGRAVIR SODIUM,AXL,448.4,-8.791,0.6819,AXL,0.68,AXL,0.6842,205.0,381.0,407.0
CHEMBL108,CARBAMAZEPINE,MAPK14,236.3,-8.222,0.6818,SLC2A1,0.7092,SLC2A1,0.7371,206.0,145.0,18.0
CHEMBL1165342,VINCAMINE,ACVR1,354.5,-9.456,0.6818,SLC2A1,0.7108,SLC2A1,0.7201,207.0,132.0,99.0
CHEMBL400599,BENFLUOREX,MAPK14,351.4,-8.651,0.6817,MAPK14,0.6873,MAPK14,0.6843,208.0,306.0,404.0
CHEMBL4585668,BELZUTIFAN,SLC2A1,383.3,-9.708,0.6816,SLC2A1,0.701,SLC2A1,0.6379,209.0,188.0,850.0
CHEMBL1289926,AXITINIB,TNIK,386.5,-10.24,0.6811,TNIK,0.6822,TNIK,0.6797,210.0,364.0,437.0
CHEMBL2107826,VIBEGRON,TNIK,444.5,-10.23,0.681,SLC2A1,0.6821,TNIK,0.679,211.0,365.0,447.0
CHEMBL3707377,SEGESTERONE ACETATE,AXL,370.5,-8.247,0.6808,AXL,0.6978,AXL,0.6995,212.0,208.0,247.0
CHEMBL48582,SAFINAMIDE MESYLATE,MAPK14,302.3,-8.188,0.6806,MAPK14,0.6975,MAPK14,0.7038,213.0,210.0,211.0
CHEMBL56564,TROPISETRON,MAPK14,284.4,-8.188,0.6806,MAPK14,0.6992,MAPK14,0.7038,213.0,197.0,211.0
CHEMBL396778,SAFINAMIDE,MAPK14,302.3,-8.188,0.6806,MAPK14,0.6975,MAPK14,0.7038,213.0,210.0,211.0
CHEMBL5315125,DUVELISIB MONOHYDRATE,SLC2A1,416.9,-10.87,0.6804,SLC2A1,0.6895,AXL,0.6806,216.0,290.0,432.0
CHEMBL3039502,DUVELISIB,SLC2A1,416.9,-10.87,0.6804,SLC2A1,0.6895,AXL,0.6806,216.0,290.0,432.0
CHEMBL712,ANISINDIONE,MAPK14,252.3,-8.182,0.6801,MAPK14,0.703,MAPK14,0.7025,218.0,179.0,226.0
CHEMBL1095777,INDACATEROL,SLC2A1,392.5,-10.85,0.6798,SLC2A1,0.6913,SLC2A1,0.6785,219.0,278.0,453.0
CHEMBL1789842,INDACATEROL MALEATE,SLC2A1,392.5,-10.85,0.6798,SLC2A1,0.6913,SLC2A1,0.6785,219.0,278.0,453.0
CHEMBL3286830,LORLATINIB,ACVR1,406.4,-11.7,0.6793,ACVR1,0.6794,ACVR1,0.6795,221.0,385.0,439.0
CHEMBL489411,AMOROLFINE,MAPK14,317.5,-8.568,0.6792,MAPK14,0.6883,MAPK14,0.683,222.0,300.0,416.0
CHEMBL428,TROVAFLOXACIN,AXL,416.4,-8.7,0.6791,AXL,0.6836,AXL,0.678,223.0,344.0,462.0
CHEMBL1200779,TROVAFLOXACIN MESYLATE,AXL,416.4,-8.7,0.6791,AXL,0.6836,AXL,0.678,223.0,344.0,462.0
CHEMBL1200521,ALMOTRIPTAN MALATE,TNIK,335.5,-8.459,0.679,TNIK,0.685,TNIK,0.6877,225.0,326.0,369.0
CHEMBL142635,NAFTOPIDIL,ACVR1,392.5,-9.4,0.6789,ACVR1,0.6873,ACVR1,0.6517,226.0,305.0,713.0
CHEMBL2147777,TENELIGLIPTIN,AXL,426.6,-7.95,0.6788,AXL,0.6796,AXL,0.6481,227.0,383.0,754.0
CHEMBL3989555,MECLIZINE HYDROCHLORIDE,SLC2A1,391.0,-10.09,0.6785,SLC2A1,0.6953,SLC2A1,0.6594,228.0,245.0,652.0
CHEMBL207538,BREXANOLONE,TNIK,318.5,-8.878,0.6784,AXL,0.6982,AXL,0.6871,229.0,207.0,381.0
CHEMBL1200522,AVOBENZONE,TNIK,310.4,-8.877,0.6782,TNIK,0.6839,TNIK,0.6862,230.0,341.0,387.0
CHEMBL494,ILOPROST,TNIK,360.5,-8.449,0.6781,MAPK14,0.6835,TNIK,0.6864,231.0,347.0,384.0
CHEMBL5315118,ILOPROST TROMETHAMINE,TNIK,360.5,-8.449,0.6781,MAPK14,0.6835,TNIK,0.6864,231.0,347.0,384.0
CHEMBL1042,CHOLECALCIFEROL,AXL,384.6,-8.197,0.678,AXL,0.6923,AXL,0.6586,233.0,273.0,662.0
CHEMBL1200463,OXAPROZIN POTASSIUM,MAPK14,292.3,-8.144,0.6779,MAPK14,0.6963,MAPK14,0.7019,234.0,227.0,229.0
CHEMBL1229211,DOLUTEGRAVIR,TNIK,419.4,-9.873,0.6779,SLC2A1,0.6832,AXL,0.6725,235.0,353.0,531.0
CHEMBL1201219,VECURONIUM,SLC2A1,557.8,-11.31,0.6777,SLC2A1,0.6569,SLC2A1,0.6458,236.0,639.0,774.0
CHEMBL4105630,ZURANOLONE,TNIK,409.6,-9.758,0.6775,SLC2A1,0.6843,TNIK,0.6692,237.0,336.0,571.0
CHEMBL46516,FLUSPIRILENE,SLC2A1,475.6,-11.3,0.6775,SLC2A1,0.6786,AXL,0.6624,238.0,392.0,620.0
CHEMBL2146883,COBIMETINIB,SLC2A1,531.3,-10.69,0.6774,SLC2A1,0.642,SLC2A1,0.6234,239.0,815.0,998.0
CHEMBL2364607,COBIMETINIB FUMARATE,SLC2A1,531.3,-10.69,0.6774,SLC2A1,0.642,SLC2A1,0.6234,239.0,815.0,998.0
CHEMBL3187985,APOMORPHINE HYDROCHLORIDE,AXL,267.3,-7.934,0.6773,AXL,0.7264,SLC2A1,0.7277,241.0,44.0,62.0
CHEMBL53,APOMORPHINE,AXL,267.3,-7.934,0.6773,AXL,0.7264,SLC2A1,0.7277,241.0,44.0,62.0
CHEMBL2360580,BUCLIZINE HYDROCHLORIDE,ACVR1,433.0,-10.9,0.6773,ACVR1,0.6783,ACVR1,0.6779,243.0,399.0,465.0
CHEMBL251940,PERICIAZINE,MAPK14,365.5,-8.511,0.6772,MAPK14,0.682,SLC2A1,0.6936,244.0,366.0,316.0
CHEMBL583,GREPAFLOXACIN,ACVR1,359.4,-9.335,0.6772,AXL,0.6952,AXL,0.6956,245.0,249.0,289.0
CHEMBL1200393,GREPAFLOXACIN HYDROCHLORIDE,ACVR1,359.4,-9.335,0.6772,AXL,0.6952,AXL,0.6956,245.0,249.0,289.0
CHEMBL118,CELECOXIB,ACVR1,381.4,-9.332,0.677,ACVR1,0.6872,ACVR1,0.6485,247.0,307.0,749.0
CHEMBL1082407,ENZALUTAMIDE,SLC2A1,464.4,-10.68,0.6769,SLC2A1,0.6743,ACVR1,0.6429,248.0,445.0,808.0
CHEMBL477772,PAZOPANIB,TNIK,437.5,-9.723,0.6769,TNIK,0.6764,AXL,0.6708,249.0,420.0,550.0
CHEMBL1201733,PAZOPANIB HYDROCHLORIDE,TNIK,437.5,-9.723,0.6769,TNIK,0.6764,AXL,0.6708,249.0,420.0,550.0
CHEMBL4297534,GLASDEGIB MALEATE,ACVR1,374.4,-10.85,0.6767,ACVR1,0.6791,AXL,0.6805,251.0,388.0,434.0
CHEMBL2043437,GLASDEGIB,ACVR1,374.4,-10.85,0.6767,ACVR1,0.6791,AXL,0.6805,251.0,388.0,434.0
CHEMBL1200806,NAPROXEN SODIUM,TNIK,229.3,-8.428,0.6766,TNIK,0.6926,TNIK,0.7178,253.0,272.0,104.0
CHEMBL3545110,RIBOCICLIB,SLC2A1,434.5,-10.64,0.6761,SLC2A1,0.681,SLC2A1,0.6727,254.0,374.0,526.0
CHEMBL3707266,RIBOCICLIB SUCCINATE,SLC2A1,434.5,-10.64,0.6761,SLC2A1,0.681,SLC2A1,0.6727,254.0,374.0,526.0
CHEMBL494622,FLURPIRIDAZ,MAPK14,368.8,-8.103,0.6758,MAPK14,0.6822,MAPK14,0.6772,256.0,363.0,474.0
CHEMBL2107799,FLURPIRIDAZ F 18,MAPK14,367.8,-8.103,0.6758,MAPK14,0.6825,MAPK14,0.6772,256.0,362.0,474.0
CHEMBL547,ISOTRETINOIN,MAPK14,300.4,-8.495,0.6758,MAPK14,0.6878,MAPK14,0.689,258.0,303.0,357.0
CHEMBL1316,CARPROFEN,TNIK,273.7,-8.808,0.6756,TNIK,0.6835,TNIK,0.6951,259.0,346.0,298.0
CHEMBL408,TROGLITAZONE,TNIK,441.5,-9.598,0.6755,TNIK,0.6749,TNIK,0.6646,260.0,437.0,606.0
CHEMBL41,FLUOXETINE,TNIK,309.3,-8.419,0.6753,TNIK,0.6858,TNIK,0.6951,261.0,317.0,298.0
CHEMBL231779,APIXABAN,SLC2A1,459.5,-11.2,0.6753,SLC2A1,0.6788,SLC2A1,0.636,262.0,391.0,876.0
CHEMBL1073,GLIPIZIDE,MAPK14,445.5,-9.53,0.675,MAPK14,0.6753,MAPK14,0.6755,263.0,435.0,488.0
CHEMBL1387,NORETHYNODREL,TNIK,298.4,-8.415,0.6749,AXL,0.7206,AXL,0.7216,264.0,71.0,95.0
CHEMBL1201003,ELETRIPTAN HYDROBROMIDE,ACVR1,382.5,-9.305,0.6749,ACVR1,0.6853,ACVR1,0.6436,265.0,324.0,802.0
CHEMBL1200938,METHYSERGIDE MALEATE,ACVR1,353.5,-9.305,0.6749,ACVR1,0.6932,ACVR1,0.6885,265.0,265.0,362.0
CHEMBL1065,METHYSERGIDE,ACVR1,353.5,-9.305,0.6749,ACVR1,0.6932,ACVR1,0.6885,265.0,265.0,362.0
CHEMBL1536,ERGOCALCIFEROL,ACVR1,396.7,-9.721,0.6748,ACVR1,0.6791,ACVR1,0.655,268.0,387.0,696.0
CHEMBL576127,FENSPIRIDE,MAPK14,260.3,-8.082,0.6748,MAPK14,0.6988,MAPK14,0.7006,269.0,200.0,234.0
CHEMBL3181841,RAMOSETRON HYDROCHLORIDE,TNIK,279.3,-8.409,0.6747,SLC2A1,0.7065,SLC2A1,0.7109,270.0,158.0,152.0
CHEMBL1643895,RAMOSETRON,TNIK,279.3,-8.409,0.6747,SLC2A1,0.7065,SLC2A1,0.7109,270.0,158.0,152.0
CHEMBL28218,BROMPERIDOL,TNIK,420.3,-8.555,0.6747,TNIK,0.6724,TNIK,0.6406,272.0,470.0,825.0
CHEMBL960,LEFLUNOMIDE,TNIK,270.2,-8.406,0.6745,TNIK,0.689,MAPK14,0.6928,273.0,294.0,325.0
CHEMBL1503,OMEPRAZOLE,MAPK14,345.4,-8.078,0.6745,MAPK14,0.6848,MAPK14,0.6749,274.0,329.0,506.0
CHEMBL1200412,NANDROLONE PHENPROPIONATE,AXL,406.6,-8.523,0.6741,SLC2A1,0.6826,AXL,0.6699,275.0,359.0,562.0
CHEMBL1445,FLUOXYMESTERONE,TNIK,336.4,-8.38,0.6737,AXL,0.6955,AXL,0.6829,276.0,241.0,417.0
CHEMBL626,NAFTIFINE,TNIK,287.4,-8.771,0.6737,TNIK,0.6812,TNIK,0.6928,277.0,371.0,323.0
CHEMBL1200493,NAFTIFINE HYDROCHLORIDE,TNIK,287.4,-8.771,0.6737,TNIK,0.6812,TNIK,0.6928,277.0,371.0,323.0
CHEMBL6068339,IRBESARTAN HYDROCHLORIDE,ACVR1,428.5,-10.57,0.6736,ACVR1,0.676,ACVR1,0.6721,279.0,425.0,534.0
CHEMBL1513,IRBESARTAN,ACVR1,428.5,-10.57,0.6736,ACVR1,0.676,ACVR1,0.6721,279.0,425.0,534.0
CHEMBL3608680,FEZOLINETANT,ACVR1,358.4,-9.285,0.6736,ACVR1,0.6908,ACVR1,0.6876,281.0,283.0,370.0
CHEMBL1998966,PIFOXIME,MAPK14,276.3,-8.073,0.6735,MAPK14,0.6949,MAPK14,0.6999,282.0,253.0,245.0
CHEMBL1423,PIMOZIDE,SLC2A1,461.6,-11.06,0.6734,SLC2A1,0.6762,MAPK14,0.6524,283.0,423.0,711.0
CHEMBL223228,EFAVIRENZ,MAPK14,315.7,-8.447,0.6734,MAPK14,0.6848,MAPK14,0.6784,284.0,330.0,457.0
CHEMBL1078178,MOMELOTINIB,SLC2A1,414.5,-10.52,0.6732,SLC2A1,0.6829,SLC2A1,0.6665,285.0,356.0,593.0
CHEMBL2219411,MOMELOTINIB DIHYDROCHLORIDE,SLC2A1,414.5,-10.52,0.6732,SLC2A1,0.6829,SLC2A1,0.6665,285.0,356.0,593.0
CHEMBL6068336,MOMELOTINIB DIHYDROCHLORIDE MONOHYDRATE,SLC2A1,414.5,-10.52,0.6732,SLC2A1,0.6829,SLC2A1,0.6665,285.0,356.0,593.0
CHEMBL386630,TESTOSTERONE,TNIK,288.4,-8.365,0.6731,SLC2A1,0.7071,SLC2A1,0.7144,288.0,155.0,130.0
CHEMBL3989973,PEXIDARTINIB HYDROCHLORIDE,MAPK14,417.8,-9.363,0.6731,MAPK14,0.6748,MAPK14,0.6732,289.0,440.0,521.0
CHEMBL3813873,PEXIDARTINIB,MAPK14,417.8,-9.363,0.6731,MAPK14,0.6748,MAPK14,0.6732,289.0,440.0,521.0
CHEMBL1584,PIPERACETAZINE,SLC2A1,410.6,-9.751,0.6729,SLC2A1,0.6766,SLC2A1,0.6292,291.0,415.0,932.0
CHEMBL1200622,PARICALCITOL,AXL,416.6,-8.502,0.6728,AXL,0.6765,AXL,0.6679,292.0,419.0,584.0
CHEMBL1511,ESTRADIOL VALERATE,ACVR1,356.5,-9.645,0.6724,ACVR1,0.6845,SLC2A1,0.69,293.0,335.0,346.0
CHEMBL4208229,ASCIMINIB,SLC2A1,449.8,-10.5,0.6723,SLC2A1,0.6721,SLC2A1,0.6648,294.0,474.0,602.0
CHEMBL4297220,ASCIMINIB HYDROCHLORIDE,SLC2A1,449.8,-10.5,0.6723,SLC2A1,0.6721,SLC2A1,0.6648,294.0,474.0,602.0
CHEMBL4435170,DEUCRAVACITINIB,MAPK14,425.5,-9.113,0.6721,MAPK14,0.6717,MAPK14,0.6696,296.0,479.0,564.0
CHEMBL1200807,NORELGESTROMIN,AXL,327.5,-8.108,0.6715,AXL,0.7028,AXL,0.6923,297.0,180.0,329.0
CHEMBL1200803,SOLIFENACIN SUCCINATE,TNIK,362.5,-8.323,0.6713,AXL,0.6854,AXL,0.6871,298.0,322.0,379.0
CHEMBL1734,SOLIFENACIN,TNIK,362.5,-8.323,0.6713,AXL,0.6854,AXL,0.6871,298.0,322.0,379.0
CHEMBL1395,METHYLTESTOSTERONE,SLC2A1,302.5,-9.94,0.6713,SLC2A1,0.7098,SLC2A1,0.7171,300.0,142.0,111.0
CHEMBL535650,MEFLOQUINE HYDROCHLORIDE,AXL,378.3,-8.105,0.6711,SLC2A1,0.6911,AXL,0.6499,301.0,281.0,732.0
CHEMBL416956,MEFLOQUINE,AXL,378.3,-8.105,0.6711,SLC2A1,0.6911,AXL,0.6499,301.0,281.0,732.0
CHEMBL117785,TETRABENAZINE,TNIK,317.4,-8.314,0.671,TNIK,0.6783,TNIK,0.6783,303.0,398.0,458.0
CHEMBL4297603,DEUTIVACAFTOR,SLC2A1,401.6,-10.46,0.671,SLC2A1,0.6838,SLC2A1,0.6616,304.0,342.0,625.0
CHEMBL4297610,OLUTASIDENIB,TNIK,354.8,-9.367,0.6708,SLC2A1,0.6755,SLC2A1,0.6814,305.0,432.0,428.0
CHEMBL3183409,APALUTAMIDE,ACVR1,477.4,-10.38,0.6707,ACVR1,0.6654,ACVR1,0.652,306.0,552.0,712.0
CHEMBL4297223,MITAPIVAT SULFATE,SLC2A1,450.6,-10.44,0.6704,SLC2A1,0.6685,SLC2A1,0.6596,307.0,516.0,648.0
CHEMBL4299940,MITAPIVAT,SLC2A1,450.6,-10.44,0.6704,SLC2A1,0.6685,SLC2A1,0.6596,307.0,516.0,648.0
CHEMBL2218894,FLUVASTATIN SODIUM,SLC2A1,410.5,-9.513,0.6702,SLC2A1,0.6658,SLC2A1,0.6131,309.0,550.0,1098.0
CHEMBL103,PROGESTERONE,ACVR1,314.5,-9.594,0.6699,AXL,0.6943,ACVR1,0.6852,310.0,257.0,397.0
CHEMBL1138,EZETIMIBE,TNIK,409.4,-9.299,0.6698,TNIK,0.6695,TNIK,0.656,311.0,499.0,690.0
CHEMBL1237102,LEVOCABASTINE HYDROCHLORIDE,AXL,420.5,-8.411,0.6698,AXL,0.6712,AXL,0.6617,312.0,484.0,623.0
CHEMBL1615438,LEVOCABASTINE,AXL,420.5,-8.411,0.6698,AXL,0.6712,AXL,0.6617,312.0,484.0,623.0
CHEMBL14376,ILOPERIDONE,TNIK,426.5,-8.463,0.6698,TNIK,0.6674,TNIK,0.6334,314.0,529.0,899.0
CHEMBL1511957,PIPERIDOLATE HYDROCHLORIDE,ACVR1,323.4,-9.228,0.6697,ACVR1,0.6961,ACVR1,0.6827,315.0,231.0,420.0
CHEMBL1623992,PIPERIDOLATE,ACVR1,323.4,-9.228,0.6697,ACVR1,0.6961,ACVR1,0.6827,315.0,231.0,420.0
CHEMBL809,SERTRALINE,MAPK14,306.2,-8.027,0.6696,MAPK14,0.6888,MAPK14,0.699,317.0,296.0,251.0
CHEMBL1200436,OXANDROLONE,SLC2A1,306.4,-9.501,0.6695,SLC2A1,0.7182,SLC2A1,0.7326,318.0,85.0,35.0
CHEMBL41355,EZOGABINE,MAPK14,303.3,-8.018,0.6695,SLC2A1,0.7106,SLC2A1,0.7222,319.0,133.0,86.0
CHEMBL1324,TOLCAPONE,TNIK,273.2,-9.277,0.6693,TNIK,0.6746,TNIK,0.6804,320.0,443.0,436.0
CHEMBL1909289,XENAZOIC ACID,TNIK,375.4,-9.269,0.6691,TNIK,0.6714,TNIK,0.6772,321.0,481.0,476.0
CHEMBL490665,NALFURAFINE HYDROCHLORIDE,AXL,476.6,-8.403,0.6691,AXL,0.6505,AXL,0.6173,322.0,726.0,1068.0
CHEMBL267495,NALFURAFINE,AXL,476.6,-8.403,0.6691,AXL,0.6505,AXL,0.6173,322.0,726.0,1068.0
CHEMBL711,PHENINDIONE,MAPK14,222.2,-8.008,0.6689,MAPK14,0.6997,SLC2A1,0.7287,324.0,193.0,58.0
CHEMBL595,PIOGLITAZONE,TNIK,356.4,-8.248,0.6689,TNIK,0.6703,TNIK,0.6748,325.0,492.0,507.0
CHEMBL1715,PIOGLITAZONE HYDROCHLORIDE,TNIK,356.4,-8.248,0.6689,TNIK,0.6703,TNIK,0.6748,325.0,492.0,507.0
CHEMBL1201863,DEXLANSOPRAZOLE,MAPK14,369.4,-8.007,0.6688,MAPK14,0.6773,MAPK14,0.6716,327.0,403.0,537.0
CHEMBL1200624,ETHYNODIOL DIACETATE,AXL,384.5,-8.08,0.6687,AXL,0.686,AXL,0.6437,328.0,315.0,801.0
CHEMBL1625,OXYBENZONE,TNIK,228.2,-8.247,0.6687,TNIK,0.6838,AXL,0.7203,329.0,343.0,98.0
CHEMBL1257015,PICOTAMIDE,MAPK14,376.4,-8.923,0.6686,MAPK14,0.6713,MAPK14,0.6696,330.0,482.0,565.0
CHEMBL1200880,DIPHEMANIL METHYLSULFATE,ACVR1,278.4,-9.569,0.6685,SLC2A1,0.6984,SLC2A1,0.7032,331.0,203.0,219.0
CHEMBL1789941,RUXOLITINIB,TNIK,306.4,-8.244,0.6682,TNIK,0.6767,MAPK14,0.6899,332.0,413.0,349.0
CHEMBL1795071,RUXOLITINIB PHOSPHATE,TNIK,306.4,-8.244,0.6682,TNIK,0.6767,MAPK14,0.6899,332.0,413.0,349.0
CHEMBL1201173,MEDRYSONE,AXL,344.5,-7.808,0.668,AXL,0.7053,AXL,0.7005,334.0,167.0,235.0
CHEMBL398707,HYDROMORPHONE,SLC2A1,285.3,-9.485,0.6679,SLC2A1,0.7235,SLC2A1,0.7316,335.0,52.0,40.0
CHEMBL1237055,HYDROMORPHONE HYDROCHLORIDE,SLC2A1,285.3,-9.485,0.6679,SLC2A1,0.7235,SLC2A1,0.7316,335.0,52.0,40.0
CHEMBL1088,MESORIDAZINE,SLC2A1,386.6,-9.485,0.6679,SLC2A1,0.6817,SLC2A1,0.6096,335.0,368.0,1130.0
CHEMBL1201064,FLUOROMETHOLONE ACETATE,AXL,418.5,-7.804,0.6677,AXL,0.6683,AXL,0.6259,338.0,522.0,964.0
CHEMBL84,TOPOTECAN,AXL,421.5,-8.375,0.6675,AXL,0.6692,AXL,0.6565,339.0,501.0,673.0
CHEMBL1607,TOPOTECAN HYDROCHLORIDE,AXL,421.5,-8.375,0.6675,AXL,0.6692,AXL,0.6565,339.0,501.0,673.0
CHEMBL1200601,NARATRIPTAN HYDROCHLORIDE,TNIK,335.5,-8.23,0.6675,TNIK,0.6721,TNIK,0.6722,341.0,476.0,533.0
CHEMBL1200885,ALOSETRON HYDROCHLORIDE,AXL,294.4,-7.802,0.6674,AXL,0.7184,AXL,0.72,342.0,83.0,100.0
CHEMBL1110,ALOSETRON,AXL,294.4,-7.802,0.6674,AXL,0.7184,AXL,0.72,342.0,83.0,100.0
CHEMBL1418176,METHANDROSTENOLONE,TNIK,300.4,-8.627,0.6673,AXL,0.689,AXL,0.6958,344.0,293.0,288.0
CHEMBL1113,AMOXAPINE,ACVR1,313.8,-9.178,0.6671,SLC2A1,0.7151,SLC2A1,0.7044,345.0,97.0,205.0
CHEMBL1201132,NALBUPHINE HYDROCHLORIDE,MAPK14,357.5,-7.972,0.667,AXL,0.6889,AXL,0.6852,346.0,295.0,398.0
CHEMBL15023,TRIFLUPERIDOL,MAPK14,409.4,-8.843,0.667,MAPK14,0.6679,MAPK14,0.6598,347.0,524.0,643.0
CHEMBL1322884,PHENOTHRIN,TNIK,350.5,-8.611,0.6668,TNIK,0.6715,TNIK,0.679,348.0,480.0,446.0
CHEMBL1131,ACITRETIN,MAPK14,326.4,-8.283,0.6667,MAPK14,0.6784,MAPK14,0.6706,349.0,397.0,553.0
CHEMBL1214124,PERAMPANEL,AXL,349.4,-8.049,0.6665,AXL,0.6956,AXL,0.6891,350.0,238.0,356.0
CHEMBL2111101,PIMAVANSERIN,SLC2A1,427.6,-9.601,0.6664,SLC2A1,0.6502,SLC2A1,0.6165,351.0,729.0,1074.0
CHEMBL516,CYPROHEPTADINE,AXL,287.4,-8.046,0.6663,AXL,0.7062,AXL,0.7084,352.0,162.0,174.0
CHEMBL1716,CYPROHEPTADINE HYDROCHLORIDE,AXL,287.4,-8.046,0.6663,AXL,0.7062,AXL,0.7084,352.0,162.0,174.0
CHEMBL1200617,RIMEXOLONE,MAPK14,370.5,-8.274,0.6663,SLC2A1,0.6734,SLC2A1,0.69,354.0,457.0,346.0
CHEMBL473417,VISMODEGIB,TNIK,421.3,-9.158,0.6661,TNIK,0.6664,MAPK14,0.6513,355.0,541.0,721.0
CHEMBL578767,FLUMEXADOL,TNIK,231.2,-8.212,0.666,TNIK,0.6817,SLC2A1,0.7163,356.0,369.0,115.0
CHEMBL1201216,DAPIPRAZOLE,TNIK,325.5,-8.21,0.6658,SLC2A1,0.6991,SLC2A1,0.6713,357.0,198.0,544.0
CHEMBL1201044,DAPIPRAZOLE HYDROCHLORIDE,TNIK,325.5,-8.21,0.6658,SLC2A1,0.6991,SLC2A1,0.6713,357.0,198.0,544.0
CHEMBL1719,OLOPATADINE HYDROCHLORIDE,AXL,337.4,-7.772,0.6655,AXL,0.7056,AXL,0.6983,359.0,164.0,256.0
CHEMBL1189432,OLOPATADINE,AXL,337.4,-7.772,0.6655,AXL,0.7056,AXL,0.6983,359.0,164.0,256.0
CHEMBL1201321,DIFENOXIN,ACVR1,424.5,-10.04,0.6654,SLC2A1,0.6673,ACVR1,0.654,361.0,531.0,701.0
CHEMBL1200599,DIFENOXIN HYDROCHLORIDE,ACVR1,424.5,-10.04,0.6654,SLC2A1,0.6673,ACVR1,0.654,361.0,531.0,701.0
CHEMBL1551,URSODIOL,MAPK14,392.6,-8.75,0.6652,MAPK14,0.666,MAPK14,0.6533,363.0,546.0,707.0
CHEMBL4066936,VERICIGUAT,SLC2A1,426.4,-10.32,0.665,SLC2A1,0.673,SLC2A1,0.6508,364.0,461.0,723.0
CHEMBL282052,METHAQUALONE,ACVR1,250.3,-9.147,0.6648,AXL,0.7219,AXL,0.7148,365.0,58.0,122.0
CHEMBL1200491,EPINASTINE HYDROCHLORIDE,ACVR1,249.3,-9.147,0.6648,AXL,0.7212,AXL,0.7135,365.0,65.0,135.0
CHEMBL1106,EPINASTINE,ACVR1,249.3,-9.147,0.6648,AXL,0.7212,AXL,0.7135,365.0,65.0,135.0
CHEMBL2106829,METHAQUALONE HYDROCHLORIDE,ACVR1,250.3,-9.147,0.6648,AXL,0.7219,AXL,0.7148,365.0,58.0,122.0
CHEMBL483254,PANOBINOSTAT,MAPK14,349.4,-8.739,0.6647,MAPK14,0.6692,SLC2A1,0.6791,369.0,503.0,444.0
CHEMBL3545368,PANOBINOSTAT LACTATE,MAPK14,349.4,-8.739,0.6647,MAPK14,0.6692,SLC2A1,0.6791,369.0,503.0,444.0
CHEMBL409,BICALUTAMIDE,SLC2A1,430.4,-10.29,0.6646,SLC2A1,0.6693,SLC2A1,0.6495,371.0,500.0,737.0
CHEMBL1493,FLAVOXATE,ACVR1,391.5,-9.489,0.6646,ACVR1,0.671,ACVR1,0.6443,372.0,487.0,795.0
CHEMBL1200875,FLAVOXATE HYDROCHLORIDE,ACVR1,391.5,-9.489,0.6646,ACVR1,0.671,ACVR1,0.6443,372.0,487.0,795.0
CHEMBL4297147,HALOPERIDOL LACTATE,TNIK,375.9,-8.552,0.6643,SLC2A1,0.6756,SLC2A1,0.6978,374.0,430.0,261.0
CHEMBL571546,TIRBANIBULIN,SLC2A1,431.5,-10.27,0.6643,SLC2A1,0.6675,SLC2A1,0.6482,375.0,528.0,752.0
CHEMBL1201146,NORETHINDRONE ACETATE,AXL,340.5,-8.011,0.6641,SLC2A1,0.6963,SLC2A1,0.7008,376.0,229.0,233.0
CHEMBL3261331,RESMETIROM,AXL,435.2,-8.314,0.6641,AXL,0.6612,AXL,0.6471,377.0,593.0,764.0
CHEMBL422,TRIFLUOPERAZINE,SLC2A1,407.5,-9.573,0.664,SLC2A1,0.6634,ACVR1,0.6155,378.0,569.0,1081.0
CHEMBL550348,DEFERASIROX,TNIK,373.4,-9.056,0.664,SLC2A1,0.6808,SLC2A1,0.6906,379.0,378.0,340.0
CHEMBL635,PREDNISONE,MAPK14,358.4,-8.076,0.664,ACVR1,0.6769,ACVR1,0.6717,380.0,410.0,536.0
CHEMBL726,FLUPHENAZINE,AXL,437.5,-7.896,0.6635,AXL,0.6552,AXL,0.6247,381.0,664.0,986.0
CHEMBL1257051,TEDIZOLID,TNIK,370.3,-9.019,0.6633,SLC2A1,0.6807,SLC2A1,0.6899,382.0,379.0,348.0
CHEMBL1364551,MINAPRINE HYDROCHLORIDE,TNIK,298.4,-8.176,0.6632,TNIK,0.6732,TNIK,0.6846,383.0,458.0,401.0
CHEMBL278819,MINAPRINE,TNIK,298.4,-8.176,0.6632,TNIK,0.6732,TNIK,0.6846,383.0,458.0,401.0
CHEMBL986,RETINOL,TNIK,286.5,-8.526,0.663,TNIK,0.6724,TNIK,0.682,385.0,468.0,424.0
CHEMBL1393,SPIRONOLACTONE,ACVR1,416.6,-9.969,0.6629,ACVR1,0.6622,ACVR1,0.6479,386.0,582.0,756.0
CHEMBL1200374,EXEMESTANE,ACVR1,296.4,-9.471,0.6628,AXL,0.6962,SLC2A1,0.7003,387.0,230.0,241.0
CHEMBL406393,DEOXYCHOLIC ACID,MAPK14,392.6,-8.664,0.6624,MAPK14,0.6643,MAPK14,0.6494,388.0,559.0,738.0
CHEMBL3989824,THIOTHIXENE HYDROCHLORIDE,AXL,443.6,-7.728,0.6622,AXL,0.6356,AXL,0.6185,389.0,888.0,1053.0
CHEMBL1201,THIOTHIXENE,AXL,443.6,-7.728,0.6622,AXL,0.6356,AXL,0.6185,389.0,888.0,1053.0
CHEMBL251634,FLUOCORTOLONE,MAPK14,376.5,-7.907,0.6621,SLC2A1,0.6792,SLC2A1,0.6887,391.0,386.0,361.0
CHEMBL1201101,TESTOSTERONE CYPIONATE,SLC2A1,412.6,-10.22,0.6618,SLC2A1,0.6738,SLC2A1,0.643,392.0,450.0,807.0
CHEMBL715,OLANZAPINE,AXL,312.4,-7.723,0.6614,AXL,0.7103,AXL,0.6947,393.0,138.0,306.0
CHEMBL2218896,NABILONE,TNIK,372.5,-8.48,0.6613,TNIK,0.6629,TNIK,0.6716,394.0,574.0,538.0
CHEMBL1201048,DROMOSTANOLONE PROPIONATE,TNIK,360.5,-8.478,0.6611,SLC2A1,0.6691,TNIK,0.6706,395.0,507.0,552.0
CHEMBL421,SULFASALAZINE,MAPK14,398.4,-8.627,0.6609,MAPK14,0.6623,MAPK14,0.6455,396.0,581.0,780.0
CHEMBL1224,ACRIVASTINE,ACVR1,348.4,-9.424,0.6609,ACVR1,0.6785,ACVR1,0.6761,397.0,396.0,485.0
CHEMBL905,RIZATRIPTAN,TNIK,269.4,-7.471,0.6609,TNIK,0.6769,TNIK,0.69,398.0,409.0,344.0
CHEMBL1201124,KETOROLAC TROMETHAMINE,TNIK,255.3,-8.128,0.6605,TNIK,0.6747,TNIK,0.6813,399.0,442.0,430.0
CHEMBL439849,VILAZODONE,ACVR1,441.5,-10.34,0.6604,ACVR1,0.6608,ACVR1,0.6544,400.0,607.0,697.0
CHEMBL1201342,METHIXENE,ACVR1,309.5,-9.411,0.6603,ACVR1,0.6857,ACVR1,0.6751,401.0,320.0,495.0
CHEMBL1200426,METHIXENE HYDROCHLORIDE,ACVR1,309.5,-9.411,0.6603,ACVR1,0.6857,ACVR1,0.6751,401.0,320.0,495.0
CHEMBL1525,PERMETHRIN,TNIK,391.3,-8.468,0.6603,TNIK,0.6608,TNIK,0.626,403.0,605.0,963.0
CHEMBL3545185,SELINEXOR,MAPK14,443.3,-8.603,0.6602,MAPK14,0.6547,MAPK14,0.6435,404.0,671.0,803.0
CHEMBL3707246,OZANIMOD HYDROCHLORIDE,MAPK14,404.5,-8.595,0.66,SLC2A1,0.6643,MAPK14,0.6425,405.0,557.0,810.0
CHEMBL3707247,OZANIMOD,MAPK14,404.5,-8.595,0.66,SLC2A1,0.6643,MAPK14,0.6425,405.0,557.0,810.0
CHEMBL1201244,ROCURONIUM,SLC2A1,529.8,-10.43,0.6599,SLC2A1,0.6085,SLC2A1,0.5924,407.0,1169.0,1301.0
CHEMBL1269025,EDOXABAN,SLC2A1,548.1,-10.43,0.6599,SLC2A1,0.5907,SLC2A1,0.5924,407.0,1334.0,1301.0
CHEMBL376897,METHSCOPOLAMINE,TNIK,318.4,-8.11,0.6597,TNIK,0.6669,TNIK,0.6605,409.0,537.0,634.0
CHEMBL1354199,METHSCOPOLAMINE BROMIDE,TNIK,318.4,-8.11,0.6597,TNIK,0.6669,TNIK,0.6605,409.0,537.0,634.0
CHEMBL1779710,EVOGLIPTIN,MAPK14,401.4,-7.858,0.6593,MAPK14,0.6595,MAPK14,0.6075,411.0,618.0,1149.0
CHEMBL4,OFLOXACIN,ACVR1,361.4,-9.055,0.6593,AXL,0.686,AXL,0.6861,412.0,316.0,388.0
CHEMBL523299,UMECLIDINIUM BROMIDE,TNIK,428.6,-8.885,0.659,TNIK,0.6564,TNIK,0.632,413.0,647.0,910.0
CHEMBL1187833,UMECLIDINIUM,TNIK,428.6,-8.885,0.659,TNIK,0.6564,TNIK,0.632,413.0,647.0,910.0
CHEMBL3646221,VADADUSTAT,MAPK14,306.7,-8.558,0.6589,MAPK14,0.6684,MAPK14,0.6703,415.0,518.0,557.0
CHEMBL515387,GOSOGLIPTIN,MAPK14,366.4,-8.165,0.6589,MAPK14,0.6659,TNIK,0.6635,416.0,548.0,610.0
CHEMBL24072,PRENYLAMINE,ACVR1,329.5,-9.4,0.6589,ACVR1,0.6811,ACVR1,0.6741,417.0,373.0,509.0
CHEMBL1200592,DESOXYCORTICOSTERONE PIVALATE,AXL,414.6,-8.204,0.6586,AXL,0.6617,AXL,0.6393,418.0,589.0,835.0
CHEMBL1677,TACRINE HYDROCHLORIDE,TNIK,198.3,-8.097,0.6585,AXL,0.7014,AXL,0.7297,419.0,185.0,47.0
CHEMBL95,TACRINE,TNIK,198.3,-8.097,0.6585,AXL,0.7014,AXL,0.7297,419.0,185.0,47.0
CHEMBL1064,SIMVASTATIN,TNIK,418.6,-8.246,0.6585,TNIK,0.6541,TNIK,0.6176,421.0,681.0,1065.0
CHEMBL1200543,ANILERIDINE PHOSPHATE,SLC2A1,352.5,-9.386,0.6584,SLC2A1,0.6953,SLC2A1,0.692,422.0,246.0,333.0
CHEMBL1201347,ANILERIDINE,SLC2A1,352.5,-9.386,0.6584,SLC2A1,0.6953,SLC2A1,0.692,422.0,246.0,333.0
CHEMBL1201047,ANILERIDINE HYDROCHLORIDE,SLC2A1,352.5,-9.386,0.6584,SLC2A1,0.6953,SLC2A1,0.692,422.0,246.0,333.0
CHEMBL185073,PANCURONIUM,SLC2A1,572.9,-10.41,0.6584,SLC2A1,0.5634,SLC2A1,0.5871,425.0,1617.0,1371.0
CHEMBL4596392,CRAVACITINIB,MAPK14,422.4,-8.547,0.658,MAPK14,0.6561,MAPK14,0.6376,426.0,652.0,854.0
CHEMBL4297517,MAVACAMTEN,MAPK14,273.3,-7.847,0.658,MAPK14,0.6846,MAPK14,0.6941,427.0,333.0,310.0
CHEMBL1201203,BENZTROPINE,ACVR1,307.4,-9.347,0.6579,SLC2A1,0.6848,SLC2A1,0.6993,428.0,327.0,248.0
CHEMBL1200383,BENZTROPINE MESYLATE,ACVR1,307.4,-9.347,0.6579,SLC2A1,0.6848,SLC2A1,0.6993,428.0,327.0,248.0
CHEMBL1070,NABUMETONE,TNIK,228.3,-8.093,0.6577,TNIK,0.6756,TNIK,0.7139,430.0,431.0,133.0
CHEMBL4298167,FILGOTINIB MALEATE,SLC2A1,425.5,-10.07,0.6575,SLC2A1,0.6618,SLC2A1,0.6364,431.0,586.0,868.0
CHEMBL3301607,FILGOTINIB,SLC2A1,425.5,-10.07,0.6575,SLC2A1,0.6618,SLC2A1,0.6364,431.0,586.0,868.0
CHEMBL1200666,CALCIPOTRIENE,AXL,412.6,-8.189,0.6574,AXL,0.6616,AXL,0.6373,433.0,591.0,857.0
CHEMBL1218,RAMELTEON,MAPK14,259.3,-7.831,0.6571,MAPK14,0.6864,MAPK14,0.6934,434.0,309.0,318.0
CHEMBL2397415,ZAVEGEPANT,SLC2A1,638.8,-13.68,0.6569,SLC2A1,0.656,SLC2A1,0.6561,435.0,655.0,688.0
CHEMBL4650220,ZAVEGEPANT HYDROCHLORIDE,SLC2A1,638.8,-13.68,0.6569,SLC2A1,0.656,SLC2A1,0.6561,435.0,655.0,688.0
CHEMBL2105395,OSPEMIFENE,SLC2A1,378.9,-9.607,0.6569,SLC2A1,0.6758,SLC2A1,0.6082,437.0,427.0,1141.0
CHEMBL1164729,FEBUXOSTAT,TNIK,316.4,-8.069,0.6568,TNIK,0.6642,TNIK,0.657,438.0,560.0,670.0
CHEMBL3622821,UPADACITINIB,SLC2A1,380.4,-9.362,0.6567,SLC2A1,0.6748,SLC2A1,0.5932,439.0,438.0,1289.0
CHEMBL5315119,UPADACITINIB HEMIHYDRATE,SLC2A1,380.4,-9.362,0.6567,SLC2A1,0.6748,SLC2A1,0.5932,439.0,438.0,1289.0
CHEMBL408513,BELINOSTAT,TNIK,318.4,-8.821,0.6563,TNIK,0.6608,TNIK,0.6655,441.0,606.0,599.0
CHEMBL1201328,CARPHENAZINE,ACVR1,425.6,-9.01,0.6563,ACVR1,0.6422,ACVR1,0.601,442.0,812.0,1210.0
CHEMBL2358147,CARPHENAZINE MALEATE,ACVR1,425.6,-9.01,0.6563,ACVR1,0.6422,ACVR1,0.601,442.0,812.0,1210.0
CHEMBL6067998,LASOFOXIFENE TARTRATE,ACVR1,413.6,-9.749,0.656,ACVR1,0.6558,ACVR1,0.6372,444.0,657.0,860.0
CHEMBL364713,NOSCAPINE,ACVR1,413.4,-9.008,0.656,ACVR1,0.6485,ACVR1,0.5997,444.0,747.0,1226.0
CHEMBL328190,LASOFOXIFENE,ACVR1,413.6,-9.749,0.656,ACVR1,0.6558,ACVR1,0.6372,444.0,657.0,860.0
CHEMBL2106732,NOSCAPINE HYDROCHLORIDE,ACVR1,413.4,-9.008,0.656,ACVR1,0.6485,ACVR1,0.5997,444.0,747.0,1226.0
CHEMBL822,TERBINAFINE,TNIK,291.4,-8.426,0.6559,AXL,0.6757,AXL,0.6773,448.0,428.0,471.0
CHEMBL1200832,TERBINAFINE HYDROCHLORIDE,TNIK,291.4,-8.426,0.6559,AXL,0.6757,AXL,0.6773,448.0,428.0,471.0
CHEMBL1171837,PONATINIB,SLC2A1,532.6,-12.73,0.6556,SLC2A1,0.6558,SLC2A1,0.6496,450.0,660.0,734.0
CHEMBL2105708,PONATINIB HYDROCHLORIDE,SLC2A1,532.6,-12.73,0.6556,SLC2A1,0.6558,SLC2A1,0.6496,450.0,660.0,734.0
CHEMBL2103736,FENOPROFEN CALCIUM,TNIK,241.3,-8.052,0.6556,TNIK,0.671,AXL,0.717,452.0,486.0,114.0
CHEMBL1865134,DIBUNIC ACID,MAPK14,320.5,-8.096,0.6555,MAPK14,0.6701,MAPK14,0.6562,453.0,494.0,685.0
CHEMBL878,METOLAZONE,MAPK14,365.8,-8.488,0.6555,MAPK14,0.6606,MAPK14,0.6598,454.0,608.0,645.0
CHEMBL608533,MIDOSTAURIN,SLC2A1,570.6,-12.54,0.6554,SLC2A1,0.6536,SLC2A1,0.6486,455.0,687.0,746.0
CHEMBL1201082,FLUOXETINE HYDROCHLORIDE,TNIK,309.3,-8.419,0.6553,TNIK,0.6658,TNIK,0.6751,456.0,549.0,494.0
CHEMBL1983268,ENTRECTINIB,SLC2A1,560.6,-12.34,0.655,SLC2A1,0.6524,SLC2A1,0.6466,457.0,701.0,770.0
CHEMBL4594382,DEURUXOLITINIB PHOSPHATE,MAPK14,314.4,-7.805,0.6549,MAPK14,0.676,MAPK14,0.6559,458.0,424.0,692.0
CHEMBL1628233,FLUORESCEIN SODIUM,AXL,330.3,-8.149,0.6548,AXL,0.6834,AXL,0.6749,459.0,352.0,502.0
CHEMBL1524273,PHTHALYLSULFATHIAZOLE,TNIK,403.4,-8.794,0.6548,TNIK,0.6545,TNIK,0.6257,460.0,673.0,969.0
CHEMBL2105638,DELAFLOXACIN MEGLUMINE,SLC2A1,440.8,-10.0,0.6547,SLC2A1,0.6459,SLC2A1,0.6296,461.0,774.0,930.0
CHEMBL2105637,DELAFLOXACIN,SLC2A1,440.8,-10.0,0.6547,SLC2A1,0.6459,SLC2A1,0.6296,461.0,774.0,930.0
CHEMBL1200969,DUTASTERIDE,SLC2A1,528.5,-12.23,0.6547,SLC2A1,0.654,SLC2A1,0.6447,463.0,682.0,786.0
CHEMBL3707320,ALECTINIB HYDROCHLORIDE,SLC2A1,482.6,-12.05,0.6545,SLC2A1,0.6551,AXL,0.6458,464.0,665.0,778.0
CHEMBL1738797,ALECTINIB,SLC2A1,482.6,-12.05,0.6545,SLC2A1,0.6551,AXL,0.6458,464.0,665.0,778.0
CHEMBL1200517,DIHYDROERGOTAMINE MESYLATE,SLC2A1,583.7,-12.02,0.6542,AXL,0.6509,AXL,0.6516,466.0,720.0,716.0
CHEMBL345524,ANTRAFENINE,SLC2A1,588.6,-12.01,0.654,SLC2A1,0.6437,SLC2A1,0.6414,467.0,800.0,821.0
CHEMBL1718,NALOXONE HYDROCHLORIDE,SLC2A1,327.4,-9.332,0.6538,SLC2A1,0.704,SLC2A1,0.6861,468.0,173.0,389.0
CHEMBL80,NALOXONE,SLC2A1,327.4,-9.332,0.6538,SLC2A1,0.704,SLC2A1,0.6861,468.0,173.0,389.0
CHEMBL5315056,NALOXONE HYDROCHLORIDE DIHYDRATE,SLC2A1,327.4,-9.332,0.6538,SLC2A1,0.704,SLC2A1,0.6861,468.0,173.0,389.0
CHEMBL1109,SULFAPHENAZOLE,TNIK,314.4,-8.028,0.6535,TNIK,0.6608,TNIK,0.6537,471.0,604.0,705.0
CHEMBL1684,BENDROFLUMETHIAZIDE,TNIK,421.4,-8.765,0.6535,TNIK,0.6527,TNIK,0.6224,472.0,700.0,1014.0
CHEMBL64894,GENTIAN VIOLET,SLC2A1,372.5,-9.559,0.6531,SLC2A1,0.6765,SLC2A1,0.6952,473.0,417.0,293.0
CHEMBL459265,HEXAMETHYL PARAROSANILINE,SLC2A1,372.5,-9.559,0.6531,SLC2A1,0.6765,SLC2A1,0.6952,473.0,417.0,293.0
CHEMBL1200607,PERFLEXANE,TNIK,338.0,-8.361,0.653,TNIK,0.6592,TNIK,0.6616,475.0,620.0,626.0
CHEMBL517712,ATROPINE,TNIK,289.4,-8.017,0.6528,TNIK,0.6636,MAPK14,0.6763,476.0,563.0,483.0
CHEMBL2146146,ATROPINE SULFATE,TNIK,289.4,-8.017,0.6528,TNIK,0.6636,MAPK14,0.6763,476.0,563.0,483.0
CHEMBL1615372,LURASIDONE HYDROCHLORIDE,SLC2A1,492.7,-11.73,0.6524,SLC2A1,0.652,SLC2A1,0.6352,478.0,705.0,885.0
CHEMBL1201356,METHYLERGONOVINE,ACVR1,339.4,-8.951,0.6524,AXL,0.6936,AXL,0.6819,479.0,259.0,425.0
CHEMBL1200843,METHYLERGONOVINE MALEATE,ACVR1,339.4,-8.951,0.6524,AXL,0.6936,AXL,0.6819,479.0,259.0,425.0
CHEMBL5095401,IPTACOPAN HYDROCHLORIDE,SLC2A1,422.5,-9.964,0.6522,SLC2A1,0.6549,SLC2A1,0.6231,481.0,668.0,1005.0
CHEMBL4594448,IPTACOPAN,SLC2A1,422.5,-9.964,0.6522,SLC2A1,0.6549,SLC2A1,0.6231,481.0,668.0,1005.0
CHEMBL1909288,TRIACETYLDIPHENOLISATIN,MAPK14,443.5,-7.763,0.652,MAPK14,0.637,VASH2,0.5967,483.0,874.0,1252.0
CHEMBL2448612,ERGOTAMINE TARTRATE,AXL,581.7,-10.48,0.6516,AXL,0.6506,AXL,0.6503,484.0,725.0,731.0
CHEMBL461101,ELTROMBOPAG,SLC2A1,442.5,-11.6,0.6516,SLC2A1,0.6542,SLC2A1,0.6542,485.0,677.0,698.0
CHEMBL3989691,ELTROMBOPAG OLAMINE,SLC2A1,442.5,-11.6,0.6516,SLC2A1,0.6542,SLC2A1,0.6542,485.0,677.0,698.0
CHEMBL1480987,CYCLANDELATE,TNIK,276.4,-7.994,0.6515,MAPK14,0.6676,MAPK14,0.6824,487.0,525.0,423.0
CHEMBL557555,CIPROFIBRATE,TNIK,289.2,-7.992,0.6514,TNIK,0.6611,TNIK,0.6731,488.0,601.0,523.0
CHEMBL5315124,LEVOFLOXACIN,ACVR1,361.4,-8.935,0.6513,AXL,0.6687,ACVR1,0.6677,489.0,514.0,586.0
CHEMBL33,LEVOFLOXACIN ANHYDROUS,ACVR1,361.4,-8.935,0.6513,AXL,0.6687,ACVR1,0.6677,489.0,514.0,586.0
CHEMBL32479,BROTIZOLAM,ACVR1,393.7,-9.246,0.6513,ACVR1,0.6577,ACVR1,0.6123,491.0,632.0,1106.0
CHEMBL1471,APREPITANT,SLC2A1,534.4,-11.58,0.6512,SLC2A1,0.6449,SLC2A1,0.6312,492.0,784.0,917.0
CHEMBL3545311,BRIGATINIB,SLC2A1,584.1,-11.58,0.6512,SLC2A1,0.6299,SLC2A1,0.6312,492.0,956.0,917.0
CHEMBL465,DRONABINOL,SLC2A1,314.5,-9.527,0.6509,SLC2A1,0.6973,SLC2A1,0.6923,494.0,215.0,331.0
CHEMBL1200845,HALCINONIDE,AXL,455.0,-8.103,0.6507,AXL,0.637,AXL,0.6282,495.0,873.0,943.0
CHEMBL1170,TESTOSTERONE PROPIONATE,TNIK,344.5,-8.289,0.6506,TNIK,0.6551,TNIK,0.6577,496.0,667.0,668.0
CHEMBL1230314,ESTETROL ANHYDROUS,ACVR1,304.4,-9.609,0.6506,SLC2A1,0.6882,SLC2A1,0.6962,497.0,301.0,283.0
CHEMBL6068423,ESTETROL,ACVR1,304.4,-9.609,0.6506,SLC2A1,0.6882,SLC2A1,0.6962,497.0,301.0,283.0
CHEMBL53418,DANTHRON,MAPK14,240.2,-7.744,0.6505,AXL,0.718,SLC2A1,0.7358,499.0,86.0,22.0
CHEMBL4204794,AVAPRITINIB,SLC2A1,498.6,-11.54,0.6505,SLC2A1,0.6492,AXL,0.6383,500.0,742.0,847.0
CHEMBL4250860,DANICOPAN,SLC2A1,580.4,-11.54,0.6505,SLC2A1,0.6297,SLC2A1,0.6279,500.0,961.0,945.0
CHEMBL1364144,METHYLPREDNISOLONE ACETATE,SLC2A1,416.5,-9.9,0.6505,SLC2A1,0.6542,SLC2A1,0.6201,502.0,675.0,1032.0
CHEMBL569713,SCOPOLAMINE,TNIK,303.4,-7.972,0.6504,TNIK,0.6574,TNIK,0.6712,503.0,635.0,547.0
CHEMBL1200503,BROMOCRIPTINE MESYLATE,SLC2A1,654.6,-11.53,0.6503,AXL,0.6321,AXL,0.6425,504.0,922.0,812.0
CHEMBL215303,GARENOXACIN,AXL,426.4,-8.1,0.6502,AXL,0.651,AXL,0.6266,505.0,716.0,960.0
CHEMBL3183451,GARENOXACIN MESYLATE,AXL,426.4,-8.1,0.6502,AXL,0.651,AXL,0.6266,505.0,716.0,960.0
CHEMBL2103846,ULIPRISTAL,SLC2A1,433.6,-9.895,0.6502,SLC2A1,0.6439,SLC2A1,0.6195,507.0,796.0,1038.0
CHEMBL45,MELATONIN,SERPINE1,232.3,-7.137,0.6502,SERPINE1,0.6651,SLC2A1,0.6981,508.0,554.0,258.0
CHEMBL3301610,ABEMACICLIB,SLC2A1,506.6,-11.5,0.6501,SLC2A1,0.6476,SLC2A1,0.6257,509.0,757.0,970.0
CHEMBL1709,SERTRALINE HYDROCHLORIDE,MAPK14,306.2,-8.027,0.6496,MAPK14,0.6688,MAPK14,0.679,510.0,512.0,448.0
CHEMBL786,TAMOXIFEN CITRATE,SLC2A1,371.5,-9.501,0.6495,SLC2A1,0.6727,SLC2A1,0.6913,511.0,463.0,338.0
CHEMBL83,TAMOXIFEN,SLC2A1,371.5,-9.501,0.6495,SLC2A1,0.6727,SLC2A1,0.6913,511.0,463.0,338.0
CHEMBL846,CALCITRIOL,AXL,416.6,-8.089,0.6492,AXL,0.6554,AXL,0.6256,513.0,663.0,971.0
CHEMBL928,DANTROLENE SODIUM,TNIK,313.2,-8.669,0.6492,TNIK,0.6557,TNIK,0.661,514.0,662.0,631.0
CHEMBL2364639,VALBENAZINE,ACVR1,418.6,-8.92,0.6491,ACVR1,0.6351,ACVR1,0.5874,515.0,896.0,1365.0
CHEMBL3707248,VALBENAZINE TOSYLATE,ACVR1,418.6,-8.92,0.6491,ACVR1,0.6351,ACVR1,0.5874,515.0,896.0,1365.0
CHEMBL650,METHYLPREDNISOLONE,ACVR1,374.5,-9.046,0.6489,ACVR1,0.66,ACVR1,0.6645,517.0,614.0,607.0
CHEMBL258918,MESTEROLONE,TNIK,304.5,-8.248,0.6489,SLC2A1,0.6845,SLC2A1,0.6983,518.0,334.0,254.0
CHEMBL2364608,DORAVIRINE,SLC2A1,425.8,-9.874,0.6489,SLC2A1,0.6455,SLC2A1,0.6156,519.0,783.0,1079.0
CHEMBL2105762,OMARIGLIPTIN,TNIK,398.4,-8.662,0.6488,SLC2A1,0.6606,ADRA2A,0.6223,520.0,609.0,1015.0
CHEMBL3701238,FUTIBATINIB,SLC2A1,418.5,-9.866,0.6487,SLC2A1,0.6507,SLC2A1,0.6149,521.0,721.0,1087.0
CHEMBL365795,TIAPROFENIC ACID,TNIK,260.3,-7.942,0.6487,TNIK,0.6612,TNIK,0.6699,522.0,596.0,561.0
CHEMBL3707395,ELAFIBRANOR,MAPK14,384.5,-8.006,0.6487,MAPK14,0.6548,MAPK14,0.6074,523.0,670.0,1150.0
CHEMBL831,LOXAPINE,ITPKC,327.8,-6.43,0.6486,ADRA2A,0.679,ITPKC,0.6691,524.0,390.0,574.0
CHEMBL1201155,LOXAPINE SUCCINATE,ITPKC,327.8,-6.43,0.6486,AXL,0.6782,ITPKC,0.6691,524.0,400.0,574.0
CHEMBL1201060,LOXAPINE HYDROCHLORIDE,ITPKC,327.8,-6.43,0.6486,AXL,0.6782,ITPKC,0.6691,524.0,400.0,574.0
CHEMBL941,IMATINIB,SLC2A1,493.6,-11.43,0.6486,SLC2A1,0.6485,TNIK,0.625,527.0,749.0,981.0
CHEMBL1642,IMATINIB MESYLATE,SLC2A1,493.6,-11.43,0.6486,SLC2A1,0.6485,TNIK,0.625,527.0,749.0,981.0
CHEMBL3039507,SOTAGLIFLOZIN,ACVR1,424.9,-8.912,0.6485,TNIK,0.6412,TNIK,0.598,529.0,825.0,1241.0
CHEMBL4297185,DAROLUTAMIDE,TNIK,398.9,-8.658,0.6484,AXL,0.6498,TNIK,0.6178,530.0,735.0,1062.0
CHEMBL1626,CLEMASTINE,MAPK14,343.9,-7.997,0.6483,MAPK14,0.6611,MAPK14,0.6506,531.0,599.0,726.0
CHEMBL1200795,CLEMASTINE FUMARATE,MAPK14,343.9,-7.997,0.6483,MAPK14,0.6611,MAPK14,0.6506,531.0,599.0,726.0
CHEMBL1367605,RITODRINE HYDROCHLORIDE,MAPK14,287.4,-8.317,0.6482,MAPK14,0.6634,MAPK14,0.6667,533.0,567.0,589.0
CHEMBL83063,RITODRINE,MAPK14,287.4,-8.317,0.6482,MAPK14,0.6634,MAPK14,0.6667,533.0,567.0,589.0
CHEMBL1186579,METHYLNALTREXONE,AXL,356.4,-7.581,0.648,AXL,0.6848,AXL,0.6793,535.0,331.0,441.0
CHEMBL1201770,METHYLNALTREXONE BROMIDE,AXL,356.4,-7.581,0.648,AXL,0.6848,AXL,0.6793,535.0,331.0,441.0
CHEMBL1201052,MESORIDAZINE BESYLATE,SLC2A1,386.6,-9.485,0.6479,SLC2A1,0.6617,SLC2A1,0.5896,537.0,590.0,1344.0
CHEMBL256907,MARAVIROC,SLC2A1,513.7,-11.31,0.6477,SLC2A1,0.6417,ACVR1,0.6212,538.0,821.0,1023.0
CHEMBL1200629,VECURONIUM BROMIDE,SLC2A1,557.8,-11.31,0.6477,SLC2A1,0.6269,SLC2A1,0.6158,538.0,990.0,1078.0
CHEMBL1089318,OPICAPONE,MAPK14,413.2,-8.31,0.6476,MAPK14,0.6458,MAPK14,0.6167,540.0,777.0,1072.0
CHEMBL16476,PRONETALOL,SERPINE1,229.3,-7.09,0.6476,MAPK14,0.6741,TNIK,0.7119,541.0,446.0,141.0
CHEMBL1443,NAFCILLIN,SLC2A1,414.5,-9.844,0.6474,SLC2A1,0.6516,SLC2A1,0.6116,542.0,710.0,1116.0
CHEMBL1201148,MEPREDNISONE,MAPK14,372.5,-8.288,0.6472,MAPK14,0.6511,MAPK14,0.6512,543.0,714.0,722.0
CHEMBL2107386,VORAPAXAR SULFATE,SLC2A1,492.6,-11.29,0.6471,SLC2A1,0.6457,TNIK,0.6309,544.0,780.0,921.0
CHEMBL493982,VORAPAXAR,SLC2A1,492.6,-11.29,0.6471,SLC2A1,0.6457,TNIK,0.6309,544.0,780.0,921.0
CHEMBL761,NAPHAZOLINE,TNIK,210.3,-7.919,0.647,ADRA2A,0.6817,ADRA2A,0.7503,546.0,370.0,12.0
CHEMBL1706,NAPHAZOLINE HYDROCHLORIDE,TNIK,210.3,-7.919,0.647,TNIK,0.6666,SLC2A1,0.7218,546.0,539.0,91.0
CHEMBL4303214,FRUQUINTINIB,TNIK,393.4,-8.622,0.6469,TNIK,0.6489,TNIK,0.6146,548.0,745.0,1093.0
CHEMBL4303525,OMAVELOXOLONE,AXL,554.7,-9.248,0.6469,AXL,0.6315,AXL,0.6304,549.0,926.0,923.0
CHEMBL1200370,BENZOYL PEROXIDE,TNIK,242.2,-7.911,0.6468,TNIK,0.6613,TNIK,0.71,550.0,592.0,160.0
CHEMBL1276308,MIFEPRISTONE,SLC2A1,429.6,-9.824,0.6466,SLC2A1,0.6401,SLC2A1,0.6097,551.0,832.0,1129.0
CHEMBL2105611,TACALCITOL,AXL,416.6,-8.052,0.6466,AXL,0.652,AXL,0.6198,552.0,704.0,1037.0
CHEMBL2364638,UBROGEPANT,AXL,549.6,-9.193,0.6466,AXL,0.6302,AXL,0.6291,553.0,949.0,938.0
CHEMBL4594350,ADAGRASIB,SLC2A1,604.1,-11.28,0.6466,SLC2A1,0.6008,SLC2A1,0.6112,554.0,1240.0,1121.0
CHEMBL1017,TELMISARTAN,SLC2A1,514.6,-11.28,0.6466,SLC2A1,0.64,MAPK14,0.6361,554.0,833.0,871.0
CHEMBL294199,CAPSAICIN,TNIK,305.4,-7.333,0.6464,TNIK,0.6596,TNIK,0.6792,556.0,617.0,443.0
CHEMBL2338329,ROXADUSTAT,TNIK,352.3,-8.602,0.6463,SLC2A1,0.6585,SLC2A1,0.6585,557.0,625.0,663.0
CHEMBL1185568,DITHIAZANINE,ACVR1,391.6,-9.159,0.6463,AXL,0.6561,ADRA2A,0.6057,558.0,651.0,1164.0
CHEMBL5315055,NALMEFENE HYDROCHLORIDE DIHYDRATE,AXL,339.4,-7.563,0.6463,AXL,0.6915,AXL,0.675,559.0,275.0,499.0
CHEMBL982,NALMEFENE,AXL,339.4,-7.563,0.6463,AXL,0.6915,AXL,0.675,559.0,275.0,499.0
CHEMBL1201152,NALMEFENE HYDROCHLORIDE,AXL,339.4,-7.563,0.6463,AXL,0.6915,AXL,0.675,559.0,275.0,499.0
CHEMBL121,ROSIGLITAZONE,TNIK,357.4,-7.9,0.6463,TNIK,0.649,TNIK,0.6443,562.0,743.0,793.0
CHEMBL843,ROSIGLITAZONE MALEATE,TNIK,357.4,-7.9,0.6463,TNIK,0.649,TNIK,0.6443,562.0,743.0,793.0
CHEMBL529888,GLIBORNURIDE,MAPK14,366.5,-8.273,0.6461,MAPK14,0.6515,SLC2A1,0.6631,564.0,711.0,614.0
CHEMBL1874750,CINEPAZIDE,SLC2A1,417.5,-9.258,0.6461,SLC2A1,0.6303,SLC2A1,0.5662,565.0,948.0,1571.0
CHEMBL3833311,DEXTROMORAMIDE TARTRATE,AXL,392.5,-7.556,0.6457,AXL,0.658,AXL,0.5827,566.0,627.0,1423.0
CHEMBL3833389,DEXTROMORAMIDE,AXL,392.5,-7.556,0.6457,AXL,0.658,AXL,0.5827,566.0,627.0,1423.0
CHEMBL2396661,ALPELISIB,MAPK14,441.5,-8.262,0.6456,MAPK14,0.6395,MAPK14,0.6122,568.0,843.0,1109.0
CHEMBL3137326,DEUTETRABENAZINE,TNIK,323.5,-7.888,0.6453,TNIK,0.651,TNIK,0.6414,569.0,715.0,820.0
CHEMBL237500,LINAGLIPTIN,AXL,472.6,-8.982,0.6452,AXL,0.6417,AXL,0.6259,570.0,822.0,965.0
CHEMBL1200623,ETHYLESTRENOL,AXL,288.5,-7.766,0.645,AXL,0.6986,AXL,0.699,571.0,202.0,250.0
CHEMBL1319362,HOMATROPINE HYDROBROMIDE,SERPINE1,275.3,-7.021,0.6449,SERPINE1,0.6591,MAPK14,0.6633,572.0,621.0,612.0
CHEMBL1618018,HOMATROPINE,SERPINE1,275.3,-7.021,0.6449,SERPINE1,0.6591,MAPK14,0.6633,572.0,621.0,612.0
CHEMBL1448,NICLOSAMIDE,TNIK,327.1,-8.559,0.6448,TNIK,0.6512,TNIK,0.6571,574.0,712.0,669.0
CHEMBL3707331,ROLAPITANT,SLC2A1,500.5,-11.14,0.6448,SLC2A1,0.6391,ACVR1,0.6301,575.0,850.0,927.0
CHEMBL3707330,ROLAPITANT HYDROCHLORIDE,SLC2A1,500.5,-11.14,0.6448,SLC2A1,0.6391,ACVR1,0.6301,575.0,850.0,927.0
CHEMBL21869,DIBROMSALAN,TNIK,371.0,-8.187,0.6447,TNIK,0.6458,TNIK,0.648,577.0,776.0,755.0
CHEMBL3989871,AVACOPAN,AXL,581.7,-8.947,0.6445,ACVR1,0.6251,ACVR1,0.6317,578.0,1011.0,913.0
CHEMBL6067972,VARENICLINE TARTRATE,MAPK14,211.3,-7.676,0.6445,MAPK14,0.6862,SLC2A1,0.727,579.0,313.0,64.0
CHEMBL1076903,VARENICLINE,MAPK14,211.3,-7.676,0.6445,MAPK14,0.6862,SLC2A1,0.727,579.0,313.0,64.0
CHEMBL1533,DESOGESTREL,AXL,310.5,-7.755,0.644,AXL,0.6933,AXL,0.6773,581.0,263.0,473.0
CHEMBL452231,TENIPOSIDE,AXL,656.7,-8.932,0.644,TNIK,0.5427,AXL,0.6219,582.0,1774.0,1016.0
CHEMBL2105737,SONIDEGIB,SLC2A1,485.5,-11.09,0.644,TNIK,0.642,TNIK,0.6387,583.0,817.0,839.0
CHEMBL3137317,SONIDEGIB PHOSPHATE,SLC2A1,485.5,-11.09,0.644,TNIK,0.642,TNIK,0.6387,583.0,817.0,839.0
CHEMBL654,MIRTAZAPINE,SERPINE1,265.4,-6.994,0.6439,SLC2A1,0.7168,SLC2A1,0.7157,585.0,89.0,120.0
CHEMBL1728,LOMEFLOXACIN HYDROCHLORIDE,ACVR1,351.4,-8.87,0.6439,SLC2A1,0.6829,SLC2A1,0.6733,586.0,354.0,519.0
CHEMBL561,LOMEFLOXACIN,ACVR1,351.4,-8.87,0.6439,SLC2A1,0.6829,SLC2A1,0.6733,586.0,354.0,519.0
CHEMBL1292,CLOFAZIMINE,SLC2A1,473.4,-11.07,0.6436,SLC2A1,0.6446,ACVR1,0.6271,588.0,788.0,955.0
CHEMBL1476022,NOMEGESTROL ACETATE,AXL,370.5,-7.748,0.6435,AXL,0.6707,AXL,0.6766,589.0,489.0,479.0
CHEMBL175,DEXIBUPROFEN,TNIK,206.3,-7.857,0.6433,TNIK,0.662,TNIK,0.709,590.0,585.0,170.0
CHEMBL1256391,PIRFENIDONE,TNIK,185.2,-7.857,0.6433,TNIK,0.6656,TNIK,0.709,590.0,551.0,170.0
CHEMBL4071161,TIRABRUTINIB,SLC2A1,454.5,-11.05,0.6432,SLC2A1,0.6473,SLC2A1,0.6438,592.0,758.0,797.0
CHEMBL5314600,TIRABRUTINIB HYDROCHLORIDE,SLC2A1,454.5,-11.05,0.6432,SLC2A1,0.6473,SLC2A1,0.6438,592.0,758.0,797.0
CHEMBL61593,CYCLOTHIAZIDE,MAPK14,389.9,-8.24,0.6432,MAPK14,0.646,MAPK14,0.6057,594.0,771.0,1165.0
CHEMBL3991065,ATOGEPANT,TNIK,603.5,-10.72,0.6431,TNIK,0.6426,TNIK,0.641,595.0,810.0,823.0
CHEMBL1201772,PRASUGREL,SLC2A1,373.4,-9.208,0.6431,SLC2A1,0.6662,SLC2A1,0.6749,596.0,542.0,503.0
CHEMBL6068340,PRASUGREL BESYLATE,SLC2A1,373.4,-9.208,0.6431,SLC2A1,0.6662,SLC2A1,0.6749,596.0,542.0,503.0
CHEMBL1201773,PRASUGREL HYDROCHLORIDE,SLC2A1,373.4,-9.208,0.6431,SLC2A1,0.6662,SLC2A1,0.6749,596.0,542.0,503.0
CHEMBL3311228,OTESECONAZOLE,SLC2A1,527.4,-11.03,0.643,SLC2A1,0.625,TNIK,0.6077,599.0,1012.0,1145.0
CHEMBL1200328,DULOXETINE HYDROCHLORIDE,TNIK,297.4,-8.167,0.643,TNIK,0.6524,TNIK,0.6633,600.0,702.0,611.0
CHEMBL2103875,TRAMETINIB,AXL,615.4,-8.84,0.6428,ACVR1,0.612,ACVR1,0.6284,601.0,1134.0,941.0
CHEMBL2105741,TRAMETINIB DIMETHYL SULFOXIDE,AXL,615.4,-8.84,0.6428,ACVR1,0.612,ACVR1,0.6284,601.0,1134.0,941.0
CHEMBL206253,NETUPITANT,SLC2A1,578.6,-11.02,0.6428,ACVR1,0.6156,ACVR1,0.6232,603.0,1087.0,1000.0
CHEMBL3099695,OSILODROSTAT,TNIK,227.2,-7.853,0.6427,MAPK14,0.6786,AXL,0.7147,604.0,393.0,124.0
CHEMBL3707393,OSILODROSTAT PHOSPHATE,TNIK,227.2,-7.853,0.6427,MAPK14,0.6786,AXL,0.7147,604.0,393.0,124.0
CHEMBL1200991,CARBENICILLIN INDANYL SODIUM,SLC2A1,493.6,-10.97,0.6425,SLC2A1,0.6361,MAPK14,0.6152,606.0,877.0,1083.0
CHEMBL1201864,DIENOGEST,TNIK,311.4,-7.846,0.6419,AXL,0.684,AXL,0.64,607.0,339.0,830.0
CHEMBL1079604,METAXALONE,TNIK,221.3,-7.291,0.6419,TNIK,0.6688,AXL,0.7481,608.0,513.0,13.0
CHEMBL9967,PIRENZEPINE,ACVR1,351.4,-8.853,0.6418,SLC2A1,0.6722,ACVR1,0.6608,609.0,472.0,632.0
CHEMBL1531864,PIRENZEPINE HYDROCHLORIDE,ACVR1,351.4,-8.853,0.6418,SLC2A1,0.6722,ACVR1,0.6608,609.0,472.0,632.0
CHEMBL1521,ZALEPLON,MAPK14,305.3,-7.647,0.6418,MAPK14,0.6672,MAPK14,0.6863,611.0,533.0,386.0
CHEMBL717,MEDROXYPROGESTERONE ACETATE,AXL,386.5,-7.725,0.6416,AXL,0.6622,AXL,0.5962,612.0,583.0,1256.0
CHEMBL1873475,IBRUTINIB,SLC2A1,440.5,-10.93,0.6416,SLC2A1,0.6471,SLC2A1,0.6408,613.0,760.0,824.0
CHEMBL128,SUMATRIPTAN,TNIK,295.4,-7.287,0.6416,TNIK,0.6575,TNIK,0.671,614.0,634.0,549.0
CHEMBL1201141,IBUPROFEN LYSINE,TNIK,206.3,-7.832,0.6414,TNIK,0.6604,TNIK,0.7064,615.0,613.0,186.0
CHEMBL480,LANSOPRAZOLE,MAPK14,369.4,-7.641,0.6414,MAPK14,0.647,MAPK14,0.6405,616.0,762.0,826.0
CHEMBL1213251,CLOBENZOREX,MAPK14,259.8,-7.893,0.6412,MAPK14,0.6699,MAPK14,0.676,617.0,495.0,486.0
CHEMBL1766,DESOXIMETASONE,ACVR1,376.5,-8.85,0.6412,ACVR1,0.6535,ACVR1,0.6592,618.0,692.0,653.0
CHEMBL3181947,BROMFENAC SODIUM,TNIK,333.2,-7.829,0.641,TNIK,0.6463,TNIK,0.6388,619.0,769.0,838.0
CHEMBL3544985,DASABUVIR SODIUM MONOHYDRATE,TNIK,492.6,-10.22,0.6409,TNIK,0.6397,TNIK,0.6351,620.0,840.0,886.0
CHEMBL11662,OZAGREL,TNIK,228.3,-7.825,0.6408,TNIK,0.6568,TNIK,0.7054,621.0,640.0,195.0
CHEMBL384467,DEXAMETHASONE,AXL,392.5,-7.601,0.6408,AXL,0.6533,SERPINE1,0.5849,622.0,693.0,1398.0
CHEMBL46,ONDANSETRON,AXL,293.4,-7.521,0.6407,AXL,0.7064,AXL,0.7109,623.0,160.0,150.0
CHEMBL3186492,ONDANSETRON HYDROCHLORIDE,AXL,293.4,-7.521,0.6407,AXL,0.7064,AXL,0.7109,623.0,160.0,150.0
CHEMBL2220442,FLUVASTATIN,ACVR1,411.5,-9.422,0.6407,ACVR1,0.6431,ACVR1,0.6162,625.0,801.0,1075.0
CHEMBL313972,MASOPROCOL,TNIK,302.4,-8.471,0.6405,TNIK,0.6493,TNIK,0.6587,626.0,741.0,658.0
CHEMBL1213165,DOLUTEGRAVIR SODIUM,TNIK,418.4,-10.19,0.6405,SLC2A1,0.6477,TNIK,0.6371,627.0,756.0,862.0
CHEMBL3643413,LENIOLISIB,TNIK,450.5,-8.468,0.6403,TNIK,0.6345,TNIK,0.606,628.0,901.0,1161.0
CHEMBL3989909,LENIOLISIB PHOSPHATE,TNIK,450.5,-8.468,0.6403,TNIK,0.6345,TNIK,0.606,628.0,901.0,1161.0
CHEMBL524004,MEPENZOLATE,ACVR1,340.4,-8.839,0.6403,ACVR1,0.6697,ACVR1,0.6579,630.0,497.0,664.0
CHEMBL1724,MEPENZOLATE BROMIDE,ACVR1,340.4,-8.839,0.6403,ACVR1,0.6697,ACVR1,0.6579,630.0,497.0,664.0
CHEMBL43,AMSACRINE,SLC2A1,393.5,-9.654,0.6402,SLC2A1,0.6495,SLC2A1,0.596,632.0,739.0,1259.0
CHEMBL157101,KETOCONAZOLE,SLC2A1,531.4,-10.86,0.64,SLC2A1,0.6145,SLC2A1,0.5896,633.0,1102.0,1341.0
CHEMBL385517,SAXAGLIPTIN ANHYDROUS,MAPK14,315.4,-8.18,0.6399,MAPK14,0.6542,MAPK14,0.6437,634.0,679.0,799.0
CHEMBL1201743,SAXAGLIPTIN HYDROCHLORIDE,MAPK14,315.4,-8.18,0.6399,MAPK14,0.6542,MAPK14,0.6437,634.0,679.0,799.0
CHEMBL395110,MEPAZINE,ACVR1,310.5,-9.059,0.6399,ACVR1,0.6735,ACVR1,0.6562,636.0,455.0,686.0
CHEMBL1712842,MEPAZINE ACETATE,ACVR1,310.5,-9.059,0.6399,ACVR1,0.6735,ACVR1,0.6562,636.0,455.0,686.0
CHEMBL1200542,DESOXYCORTICOSTERONE ACETATE,AXL,372.5,-7.703,0.6397,AXL,0.6661,AXL,0.6733,638.0,545.0,518.0
CHEMBL1200342,PARAMETHASONE ACETATE,SLC2A1,434.5,-9.647,0.6397,SLC2A1,0.6196,SLC2A1,0.5934,639.0,1045.0,1286.0
CHEMBL2403238,CABOTEGRAVIR,TNIK,405.4,-10.12,0.6397,AXL,0.6427,TNIK,0.6344,640.0,807.0,889.0
CHEMBL17157,TERFENADINE,SLC2A1,471.7,-10.83,0.6396,SLC2A1,0.6372,TNIK,0.6188,641.0,871.0,1049.0
CHEMBL416146,ETORICOXIB,AXL,358.9,-7.698,0.6395,AXL,0.6722,AXL,0.6727,642.0,471.0,525.0
CHEMBL1564,DIPHENYLPYRALINE HYDROCHLORIDE,ACVR1,281.4,-8.829,0.6393,ACVR1,0.6903,ACVR1,0.6939,643.0,285.0,313.0
CHEMBL1492,DIPHENYLPYRALINE,ACVR1,281.4,-8.829,0.6393,ACVR1,0.6903,ACVR1,0.6939,643.0,285.0,313.0
CHEMBL3989933,ETRASIMOD ARGININE,SLC2A1,457.5,-10.79,0.6392,SLC2A1,0.6398,SLC2A1,0.6372,645.0,836.0,858.0
CHEMBL3358920,ETRASIMOD,SLC2A1,457.5,-10.79,0.6392,SLC2A1,0.6398,SLC2A1,0.6372,645.0,836.0,858.0
CHEMBL2106825,MEDROGESTONE,ADRA2A,340.5,-9.641,0.639,AXL,0.6636,ADRA2A,0.6514,647.0,562.0,720.0
CHEMBL1466,DICUMAROL,AXL,336.3,-7.952,0.639,AXL,0.6745,AXL,0.6677,648.0,444.0,585.0
CHEMBL3786343,OLMUTINIB,SLC2A1,486.6,-10.76,0.6389,SLC2A1,0.6296,TNIK,0.6005,649.0,962.0,1213.0
CHEMBL1908370,FINAFLOXACIN,SLC2A1,398.4,-9.632,0.6388,SLC2A1,0.6448,SLC2A1,0.5914,650.0,785.0,1321.0
CHEMBL15770,SULINDAC,AXL,356.4,-7.687,0.6388,AXL,0.6724,AXL,0.6714,651.0,469.0,541.0
CHEMBL1303,ROTIGOTINE,TNIK,315.5,-7.799,0.6387,TNIK,0.6465,TNIK,0.633,652.0,768.0,901.0
CHEMBL1091250,INDIGOTINDISULFONATE,SLC2A1,422.4,-10.75,0.6387,SLC2A1,0.6467,SLC2A1,0.6353,653.0,766.0,884.0
CHEMBL1077,BROMFENAC,TNIK,334.2,-7.797,0.6386,SERPINE1,0.6468,SERPINE1,0.6496,654.0,765.0,736.0
CHEMBL1201139,MEGESTROL ACETATE,AXL,384.5,-7.685,0.6384,AXL,0.6595,AXL,0.5864,655.0,619.0,1383.0
CHEMBL3544906,BENZPHETAMINE HYDROCHLORIDE,TNIK,239.4,-7.792,0.6383,TNIK,0.6536,ACVR1,0.7049,656.0,689.0,200.0
CHEMBL3545985,BENZPHETAMINE,TNIK,239.4,-7.792,0.6383,TNIK,0.6536,ACVR1,0.7049,656.0,689.0,200.0
CHEMBL2105023,INDIGOTINDISULFONATE SODIUM,SLC2A1,420.4,-10.71,0.6381,SLC2A1,0.646,SLC2A1,0.6343,658.0,770.0,894.0
CHEMBL1086440,TRICLABENDAZOLE,TNIK,359.7,-8.095,0.6379,TNIK,0.639,TNIK,0.6383,659.0,852.0,848.0
CHEMBL426084,SAMIDORPHAN,AXL,370.4,-7.938,0.6378,AXL,0.6629,AXL,0.6655,660.0,575.0,600.0
CHEMBL2105749,SAMIDORPHAN L-MALATE,AXL,370.4,-7.938,0.6378,AXL,0.6629,AXL,0.6655,660.0,575.0,600.0
CHEMBL421701,DITHIAZANINE IODIDE,ACVR1,391.6,-9.036,0.6378,ACVR1,0.6418,ACVR1,0.5839,662.0,820.0,1413.0
CHEMBL3137330,CABOTEGRAVIR SODIUM,TNIK,404.3,-9.807,0.6378,TNIK,0.6379,MAPK14,0.6316,663.0,865.0,914.0
CHEMBL3989408,IBUPROFEN SODIUM,TNIK,205.3,-7.783,0.6375,TNIK,0.6565,TNIK,0.7035,664.0,645.0,215.0
CHEMBL3187365,ASENAPINE,SLC2A1,285.8,-9.152,0.6374,SLC2A1,0.7127,SLC2A1,0.7174,665.0,118.0,110.0
CHEMBL1200376,BETAMETHASONE BENZOATE,AXL,496.6,-8.614,0.6374,AXL,0.618,AXL,0.6024,666.0,1061.0,1194.0
CHEMBL1201352,RAPACURONIUM,SLC2A1,597.9,-10.69,0.6374,SLC2A1,0.5425,SLC2A1,0.5834,667.0,1783.0,1417.0
CHEMBL1200549,RAPACURONIUM BROMIDE,SLC2A1,597.9,-10.69,0.6374,SLC2A1,0.5425,SLC2A1,0.5834,667.0,1783.0,1417.0
CHEMBL936,DIPHENIDOL,ACVR1,309.5,-8.807,0.6373,ACVR1,0.6818,ACVR1,0.6566,669.0,367.0,671.0
CHEMBL457,GEMFIBROZIL,MAPK14,250.3,-7.613,0.6372,MAPK14,0.6765,MAPK14,0.6844,670.0,416.0,403.0
CHEMBL122,ROFECOXIB,ACVR1,314.4,-8.806,0.637,ACVR1,0.6796,ACVR1,0.6556,671.0,382.0,693.0
CHEMBL1754,DOXAPRAM,AXL,378.5,-7.482,0.6368,AXL,0.6604,AXL,0.5658,672.0,610.0,1575.0
CHEMBL3989519,DOXAPRAM HYDROCHLORIDE,AXL,378.5,-7.482,0.6368,AXL,0.6604,AXL,0.5658,672.0,610.0,1575.0
CHEMBL240597,CHENODIOL,AXL,392.6,-7.928,0.6367,AXL,0.6543,AXL,0.6055,674.0,674.0,1167.0
CHEMBL2105711,TOFOGLIFLOZIN,TNIK,386.4,-9.72,0.6366,TNIK,0.6374,TNIK,0.6269,675.0,869.0,958.0
CHEMBL2110731,TOFOGLIFLOZIN ANHYDROUS,TNIK,386.4,-9.72,0.6366,TNIK,0.6374,TNIK,0.6269,675.0,869.0,958.0
CHEMBL1200613,TOLMETIN SODIUM,TNIK,256.3,-8.064,0.6366,TNIK,0.6501,TNIK,0.6604,677.0,733.0,639.0
CHEMBL4650485,PIRTOBRUTINIB,SLC2A1,479.4,-10.65,0.6365,SLC2A1,0.6259,MAPK14,0.5969,678.0,998.0,1250.0
CHEMBL2448613,PIMAVANSERIN TARTRATE,SLC2A1,427.6,-9.601,0.6364,SLC2A1,0.6202,SLC2A1,0.5865,679.0,1042.0,1380.0
CHEMBL2205807,ABAMETAPIR,TNIK,184.2,-7.772,0.6363,TNIK,0.6577,TNIK,0.7028,680.0,631.0,224.0
CHEMBL3707348,ACALABRUTINIB,TNIK,465.5,-9.703,0.6361,TNIK,0.6359,TNIK,0.627,681.0,883.0,956.0
CHEMBL4594293,ACALABRUTINIB MALEATE,TNIK,465.5,-9.703,0.6361,TNIK,0.6359,TNIK,0.627,681.0,883.0,956.0
CHEMBL1650,CORTISONE ACETATE,SLC2A1,402.5,-9.598,0.6358,SLC2A1,0.64,SLC2A1,0.5855,683.0,835.0,1389.0
CHEMBL2105224,PHOLCODINE,AXL,398.5,-7.475,0.6357,AXL,0.6392,SERPINE1,0.6039,684.0,848.0,1178.0
CHEMBL3590187,CLASCOTERONE,TNIK,402.5,-7.765,0.6357,TNIK,0.6309,TNIK,0.5865,685.0,938.0,1382.0
CHEMBL488,AMINOGLUTETHIMIDE,VASH2,232.3,-8.107,0.6357,VASH2,0.6652,SLC2A1,0.7072,686.0,553.0,183.0
CHEMBL1589,ACETOHEXAMIDE,MAPK14,324.4,-8.09,0.6352,MAPK14,0.6494,MAPK14,0.6355,687.0,740.0,881.0
CHEMBL1200368,BENTIROMIDE,MAPK14,404.4,-9.576,0.6351,MAPK14,0.6359,MAPK14,0.6361,688.0,882.0,870.0
CHEMBL295698,LEVOKETOCONAZOLE,SLC2A1,531.4,-10.59,0.6351,TNIK,0.6184,TNIK,0.6051,689.0,1056.0,1171.0
CHEMBL2110732,DACOMITINIB ANHYDROUS,SLC2A1,469.9,-10.59,0.6351,SLC2A1,0.6277,MAPK14,0.5783,689.0,980.0,1459.0
CHEMBL2105719,DACOMITINIB,SLC2A1,469.9,-10.59,0.6351,SLC2A1,0.6277,MAPK14,0.5783,689.0,980.0,1459.0
CHEMBL1241951,LETERMOVIR,AXL,572.6,-8.549,0.6348,AXL,0.5582,AXL,0.5945,692.0,1653.0,1277.0
CHEMBL1301,HYDROXYSTILBAMIDINE,MAPK14,280.3,-9.462,0.6348,SLC2A1,0.6375,TNIK,0.642,693.0,867.0,814.0
CHEMBL2023895,HYDROXYSTILBAMIDINE ISETHIONATE,MAPK14,280.3,-9.462,0.6348,SLC2A1,0.6375,TNIK,0.642,693.0,867.0,814.0
CHEMBL32,MOXIFLOXACIN,AXL,401.4,-7.467,0.6341,AXL,0.636,GALNS,0.5668,695.0,878.0,1558.0
CHEMBL1200735,MOXIFLOXACIN HYDROCHLORIDE,AXL,401.4,-7.467,0.6341,AXL,0.636,GALNS,0.5668,695.0,878.0,1558.0
CHEMBL1257040,TRIFLUOPERAZINE HYDROCHLORIDE,SLC2A1,407.5,-9.573,0.634,SLC2A1,0.6334,ACVR1,0.5855,697.0,910.0,1390.0
CHEMBL3707313,TRIFAROTENE,SLC2A1,459.6,-10.55,0.6339,SLC2A1,0.63,AXL,0.5867,698.0,955.0,1378.0
CHEMBL707,DOXAZOSIN,TNIK,451.5,-9.497,0.6338,TNIK,0.6325,AXL,0.6243,699.0,914.0,989.0
CHEMBL1200561,DOXAZOSIN MESYLATE,TNIK,451.5,-9.497,0.6338,TNIK,0.6325,AXL,0.6243,699.0,914.0,989.0
CHEMBL1152,PREDNISOLONE ACETATE,MAPK14,402.5,-8.075,0.6338,MAPK14,0.6357,MAPK14,0.5959,701.0,887.0,1261.0
CHEMBL63857,PHENOLPHTHALEIN,SERPINE1,318.3,-6.861,0.6336,AXL,0.6763,ITPKC,0.6599,702.0,422.0,641.0
CHEMBL1089221,BENDAZAC,GALNS,282.3,-7.325,0.6336,GALNS,0.684,GALNS,0.6978,703.0,340.0,263.0
CHEMBL188952,PIRPROFEN,TNIK,251.7,-7.749,0.6335,TNIK,0.6506,TNIK,0.662,704.0,724.0,621.0
CHEMBL1448187,FLUPHENAZINE HYDROCHLORIDE,AXL,437.5,-7.896,0.6335,AXL,0.6252,AXL,0.5947,705.0,1010.0,1276.0
CHEMBL189,MILRINONE,TNIK,211.2,-7.748,0.6333,TNIK,0.654,AXL,0.7056,706.0,683.0,193.0
CHEMBL1200977,MILRINONE LACTATE,TNIK,211.2,-7.748,0.6333,TNIK,0.654,AXL,0.7056,706.0,683.0,193.0
CHEMBL2105689,LULICONAZOLE,TNIK,354.3,-8.022,0.6332,TNIK,0.6355,TNIK,0.6324,708.0,890.0,906.0
CHEMBL1714574,TERCONAZOLE,SLC2A1,532.5,-10.52,0.6332,TNIK,0.6056,TNIK,0.592,709.0,1188.0,1308.0
CHEMBL1481,GLIMEPIRIDE,TNIK,490.6,-9.475,0.6332,TNIK,0.6315,MAPK14,0.6231,710.0,927.0,1007.0
CHEMBL2028019,CARIPRAZINE,SLC2A1,427.4,-9.208,0.6331,ITPKC,0.6092,ITPKC,0.5583,711.0,1164.0,1641.0
CHEMBL1201235,METHYLHOMATROPINE,TNIK,290.4,-7.734,0.6329,SLC2A1,0.6457,TNIK,0.661,712.0,778.0,629.0
CHEMBL1200851,HOMATROPINE METHYLBROMIDE,TNIK,290.4,-7.734,0.6329,SLC2A1,0.6457,TNIK,0.661,712.0,778.0,629.0
CHEMBL1096,AMLEXANOX,SERPINE1,298.3,-8.142,0.6329,AXL,0.6673,SLC2A1,0.6764,714.0,530.0,481.0
CHEMBL249856,ENOXIMONE,SERPINE1,248.3,-6.85,0.6328,SERPINE1,0.653,VASH2,0.6562,715.0,696.0,684.0
CHEMBL4594287,ENSIFENTRINE,ACVR1,477.6,-10.53,0.6328,ACVR1,0.63,ACVR1,0.6179,716.0,954.0,1061.0
CHEMBL1201325,HEXOCYCLIUM,ACVR1,317.5,-8.763,0.6327,ACVR1,0.6737,ACVR1,0.6507,717.0,451.0,724.0
CHEMBL1626570,HEXOCYCLIUM METHYLSULFATE,ACVR1,317.5,-8.763,0.6327,ACVR1,0.6737,ACVR1,0.6507,717.0,451.0,724.0
CHEMBL4279047,VORASIDENIB,MAPK14,414.7,-8.063,0.6326,MAPK14,0.6331,MAPK14,0.592,719.0,911.0,1309.0
CHEMBL389621,HYDROCORTISONE,AXL,362.5,-7.527,0.6325,AXL,0.6666,AXL,0.6598,720.0,540.0,644.0
CHEMBL1200866,PERFLUBRON,TNIK,499.0,-9.432,0.6321,TNIK,0.6287,TNIK,0.6181,721.0,971.0,1058.0
CHEMBL406,INDAPAMIDE,MAPK14,365.8,-8.049,0.6319,MAPK14,0.64,MAPK14,0.6336,722.0,834.0,898.0
CHEMBL426559,LAROPIPRANT,SLC2A1,435.9,-9.551,0.6318,AXL,0.6123,AXL,0.5846,723.0,1128.0,1403.0
CHEMBL1201067,BIPERIDEN LACTATE,TNIK,311.5,-7.71,0.6318,ACVR1,0.6741,ACVR1,0.6458,724.0,447.0,775.0
CHEMBL1201035,BIPERIDEN HYDROCHLORIDE,TNIK,311.5,-7.71,0.6318,ACVR1,0.6741,ACVR1,0.6458,724.0,447.0,775.0
CHEMBL1101,BIPERIDEN,TNIK,311.5,-7.71,0.6318,ACVR1,0.6741,ACVR1,0.6458,724.0,447.0,775.0
CHEMBL1245,TRIMETHAPHAN CAMSYLATE,ACVR1,365.5,-8.748,0.6315,ACVR1,0.6498,ACVR1,0.6487,727.0,736.0,741.0
CHEMBL1201329,TRIMETHAPHAN,ACVR1,365.5,-8.748,0.6315,ACVR1,0.6498,ACVR1,0.6487,727.0,736.0,741.0
CHEMBL24828,VANDETANIB,TNIK,475.4,-9.4,0.6314,TNIK,0.6289,TNIK,0.6155,729.0,969.0,1080.0
CHEMBL1201346,BALSALAZIDE,MAPK14,357.3,-9.069,0.6313,MAPK14,0.6335,MAPK14,0.6329,730.0,909.0,902.0
CHEMBL2146140,ESOMEPRAZOLE STRONTIUM,TNIK,344.4,-7.707,0.6311,TNIK,0.6359,TNIK,0.6236,731.0,880.0,996.0
CHEMBL1200470,ESOMEPRAZOLE SODIUM,TNIK,344.4,-7.707,0.6311,TNIK,0.6359,TNIK,0.6236,731.0,880.0,996.0
CHEMBL865,VALDECOXIB,ACVR1,314.4,-8.736,0.6311,ACVR1,0.6727,ACVR1,0.6478,733.0,462.0,757.0
CHEMBL1201286,OXYPHENONIUM,MAPK14,348.5,-7.531,0.6311,MAPK14,0.6408,MAPK14,0.6313,734.0,829.0,915.0
CHEMBL1200906,OXYPHENONIUM BROMIDE,MAPK14,348.5,-7.531,0.6311,MAPK14,0.6408,MAPK14,0.6313,734.0,829.0,915.0
CHEMBL1983350,STIRIPENTOL,MAPK14,234.3,-7.531,0.6311,MAPK14,0.6751,MAPK14,0.7064,734.0,436.0,187.0
CHEMBL1200760,BALSALAZIDE DISODIUM,MAPK14,355.3,-9.008,0.6309,MAPK14,0.6325,MAPK14,0.6322,737.0,913.0,909.0
CHEMBL93,ZILEUTON,TNIK,236.3,-7.705,0.6309,TNIK,0.6498,TNIK,0.6989,738.0,734.0,252.0
CHEMBL135400,ZOPICLONE,ACVR1,388.8,-9.243,0.6309,ACVR1,0.6401,ACVR1,0.5917,739.0,831.0,1316.0
CHEMBL2336071,SIPONIMOD,SLC2A1,516.6,-10.9,0.6309,SLC2A1,0.6137,SLC2A1,0.5825,740.0,1110.0,1426.0
CHEMBL1237061,PITAVASTATIN CALCIUM,AXL,420.5,-7.852,0.6309,AXL,0.6323,AXL,0.5918,741.0,917.0,1313.0
CHEMBL3989920,PITAVASTATIN SODIUM,AXL,420.5,-7.852,0.6309,AXL,0.6323,AXL,0.5918,741.0,917.0,1313.0
CHEMBL3989923,PITAVASTATIN MAGNESIUM,AXL,420.5,-7.852,0.6309,AXL,0.6323,AXL,0.5918,741.0,917.0,1313.0
CHEMBL3544988,DAPRODUSTAT,SLC2A1,393.4,-9.521,0.6307,SLC2A1,0.6397,SLC2A1,0.5745,744.0,839.0,1496.0
CHEMBL1021,NEPAFENAC,TNIK,254.3,-7.704,0.6307,AXL,0.6982,AXL,0.6866,745.0,204.0,382.0
CHEMBL566315,OBETICHOLIC ACID,SLC2A1,420.6,-9.517,0.6305,SLC2A1,0.6169,SLC2A1,0.5738,746.0,1072.0,1499.0
CHEMBL1444,LETROZOLE,TNIK,285.3,-7.699,0.6304,SLC2A1,0.6796,SLC2A1,0.6853,747.0,384.0,395.0
CHEMBL1615374,VILAZODONE HYDROCHLORIDE,ACVR1,441.5,-10.34,0.6304,ACVR1,0.6308,ACVR1,0.6244,748.0,940.0,988.0
CHEMBL1414320,SUXIBUZONE,SLC2A1,438.5,-9.07,0.6303,SLC2A1,0.5872,SLC2A1,0.5388,749.0,1366.0,1814.0
CHEMBL934,METYRAPONE,TNIK,226.3,-7.698,0.6303,MAPK14,0.6564,TNIK,0.6983,750.0,646.0,255.0
CHEMBL6437,MIANSERIN,SERPINE1,264.4,-6.813,0.63,SLC2A1,0.7118,SLC2A1,0.7086,751.0,122.0,172.0
CHEMBL688,FENTANYL CITRATE,TNIK,336.5,-7.969,0.63,SLC2A1,0.667,SLC2A1,0.6445,752.0,534.0,790.0
CHEMBL1201159,FENTANYL HYDROCHLORIDE,TNIK,336.5,-7.969,0.63,SLC2A1,0.667,SLC2A1,0.6445,752.0,534.0,790.0
CHEMBL596,FENTANYL,TNIK,336.5,-7.969,0.63,SLC2A1,0.667,SLC2A1,0.6445,752.0,534.0,790.0
CHEMBL2105682,EDOXABAN TOSYLATE,SLC2A1,548.1,-10.43,0.6299,SLC2A1,0.5607,SLC2A1,0.5624,755.0,1635.0,1610.0
CHEMBL1200648,ROCURONIUM BROMIDE,SLC2A1,529.8,-10.43,0.6299,SLC2A1,0.5785,SLC2A1,0.5624,755.0,1458.0,1610.0
CHEMBL1607273,CETIRIZINE HYDROCHLORIDE,ACVR1,388.9,-8.731,0.6299,ACVR1,0.6336,ACVR1,0.5506,757.0,907.0,1720.0
CHEMBL57,NEVIRAPINE,ACVR1,266.3,-8.731,0.6299,AXL,0.6942,AXL,0.6898,757.0,258.0,351.0
CHEMBL1000,CETIRIZINE,ACVR1,388.9,-8.731,0.6299,ACVR1,0.6336,ACVR1,0.5506,757.0,907.0,1720.0
CHEMBL1697768,SODIUM PICOSULFATE,SLC2A1,435.4,-9.505,0.6298,SLC2A1,0.6022,SLC2A1,0.5718,760.0,1222.0,1516.0
CHEMBL2360079,ACETOPHENAZINE MALEATE,SLC2A1,411.6,-9.059,0.6296,SLC2A1,0.6113,ACVR1,0.537,761.0,1140.0,1826.0
CHEMBL1085,ACETOPHENAZINE,SLC2A1,411.6,-9.059,0.6296,SLC2A1,0.6113,ACVR1,0.537,761.0,1140.0,1826.0
CHEMBL849,TRICLOSAN,SERPINE1,289.5,-7.123,0.6294,SERPINE1,0.6411,SERPINE1,0.6375,763.0,828.0,855.0
CHEMBL141305,CYCLOFENIL,SLC2A1,364.4,-9.293,0.6293,SLC2A1,0.661,SLC2A1,0.6628,764.0,602.0,617.0
CHEMBL1200761,CHLOROTRIANISENE,ACVR1,380.9,-8.924,0.6293,SLC2A1,0.6375,ACVR1,0.5684,765.0,866.0,1541.0
CHEMBL1201087,CABERGOLINE,ADRA2A,451.6,-8.345,0.6292,ADRA2A,0.5838,AXL,0.5466,766.0,1399.0,1759.0
CHEMBL646,TRIAZOLAM,AXL,343.2,-7.586,0.6286,AXL,0.6712,AXL,0.6602,767.0,483.0,640.0
CHEMBL162036,BENORILATE,TNIK,313.3,-7.674,0.6286,TNIK,0.6381,TNIK,0.6214,768.0,860.0,1021.0
CHEMBL3940890,ACORAMIDIS,MAPK14,292.3,-7.499,0.6285,MAPK14,0.6574,MAPK14,0.6789,769.0,636.0,449.0
CHEMBL4650226,ACORAMIDIS HYDROCHLORIDE,MAPK14,292.3,-7.499,0.6285,MAPK14,0.6574,MAPK14,0.6789,769.0,636.0,449.0
CHEMBL1628227,DOXEPIN,ACVR1,279.4,-8.712,0.6284,ACVR1,0.6858,ACVR1,0.6875,771.0,318.0,373.0
CHEMBL1628234,DOXEPIN HYDROCHLORIDE,ACVR1,279.4,-8.712,0.6284,ACVR1,0.6858,ACVR1,0.6875,771.0,318.0,373.0
CHEMBL1200757,PANCURONIUM BROMIDE,SLC2A1,572.9,-10.41,0.6284,SLC2A1,0.5334,SLC2A1,0.5571,773.0,1885.0,1650.0
CHEMBL1091,HYDROCORTISONE ACETATE,ACVR1,404.5,-9.196,0.6283,ACVR1,0.6284,ACVR1,0.5865,774.0,973.0,1381.0
CHEMBL1213492,GIVINOSTAT,TNIK,421.5,-9.223,0.6283,TNIK,0.6276,TNIK,0.6124,775.0,982.0,1103.0
CHEMBL6068400,GIVINOSTAT HYDROCHLORIDE,TNIK,421.5,-9.223,0.6283,TNIK,0.6276,TNIK,0.6124,775.0,982.0,1103.0
CHEMBL100116,PENTAZOCINE,ADRA2A,285.4,-9.06,0.6283,ACVR1,0.6834,ACVR1,0.6839,777.0,349.0,408.0
CHEMBL3989509,PENTAZOCINE LACTATE,ADRA2A,285.4,-9.06,0.6283,ACVR1,0.6834,ACVR1,0.6839,777.0,349.0,408.0
CHEMBL3989510,PENTAZOCINE HYDROCHLORIDE,ADRA2A,285.4,-9.06,0.6283,ACVR1,0.6834,ACVR1,0.6839,777.0,349.0,408.0
CHEMBL53292,ISOXICAM,SERPINE1,335.3,-7.705,0.6282,MAPK14,0.6325,SERPINE1,0.6343,780.0,916.0,893.0
CHEMBL1159,PINACIDIL ANHYDROUS,MAPK14,245.3,-7.497,0.6279,MAPK14,0.6703,MAPK14,0.7047,781.0,490.0,203.0
CHEMBL1200338,PINACIDIL,MAPK14,245.3,-7.497,0.6279,MAPK14,0.6703,MAPK14,0.7047,781.0,490.0,203.0
CHEMBL3301594,FOSTEMSAVIR,SLC2A1,583.5,-10.4,0.6279,SLC2A1,0.5211,SLC2A1,0.5548,783.0,1989.0,1671.0
CHEMBL4216467,RIPRETINIB,SLC2A1,510.4,-10.4,0.6279,TNIK,0.6095,TNIK,0.5953,783.0,1158.0,1273.0
CHEMBL3301598,FOSTEMSAVIR TROMETHAMINE,SLC2A1,583.5,-10.4,0.6279,SLC2A1,0.5211,SLC2A1,0.5548,783.0,1989.0,1671.0
CHEMBL3707183,QUINIDINE SULFATE,AXL,324.4,-7.408,0.6278,AXL,0.6864,AXL,0.6586,786.0,310.0,659.0
CHEMBL1294,QUINIDINE,AXL,324.4,-7.408,0.6278,AXL,0.6864,AXL,0.6586,786.0,310.0,659.0
CHEMBL1200437,QUINIDINE GLUCONATE,AXL,324.4,-7.408,0.6278,AXL,0.6864,AXL,0.6586,786.0,310.0,659.0
CHEMBL1200891,OXYPHENCYCLIMINE HYDROCHLORIDE,TNIK,344.5,-7.659,0.6275,TNIK,0.6305,TNIK,0.6191,789.0,946.0,1043.0
CHEMBL1495,OXYPHENCYCLIMINE,TNIK,344.5,-7.659,0.6275,TNIK,0.6305,TNIK,0.6191,789.0,946.0,1043.0
CHEMBL3707310,LOTILANER,SLC2A1,596.8,-10.38,0.6274,TNIK,0.5978,TNIK,0.5887,791.0,1264.0,1353.0
CHEMBL686,MEFENAMIC ACID,TNIK,241.3,-7.657,0.6273,SLC2A1,0.702,SLC2A1,0.7365,792.0,183.0,19.0
CHEMBL2048484,CANAGLIFLOZIN ANHYDROUS,ACVR1,444.5,-10.12,0.6271,SLC2A1,0.6254,ACVR1,0.6185,793.0,1004.0,1050.0
CHEMBL4594217,CANAGLIFLOZIN,ACVR1,444.5,-10.12,0.6271,SLC2A1,0.6254,ACVR1,0.6185,793.0,1004.0,1050.0
CHEMBL601719,CRIZOTINIB,AXL,450.3,-8.366,0.6271,AXL,0.6195,AXL,0.6149,795.0,1047.0,1088.0
CHEMBL567,PERPHENAZINE,SLC2A1,404.0,-8.993,0.6271,AXL,0.6137,ACVR1,0.5412,796.0,1109.0,1792.0
CHEMBL814,FLUVOXAMINE,TNIK,318.3,-7.652,0.6271,TNIK,0.6346,TNIK,0.6178,797.0,900.0,1063.0
CHEMBL1388,MONOBENZONE,TNIK,200.2,-7.651,0.6269,TNIK,0.6501,TNIK,0.697,798.0,732.0,269.0
CHEMBL1596,CARBENICILLIN INDANYL,AXL,494.6,-8.356,0.6267,MAPK14,0.6017,MAPK14,0.6008,799.0,1231.0,1212.0
CHEMBL746,NEDOCROMIL,SLC2A1,371.3,-9.149,0.6267,SLC2A1,0.6517,SLC2A1,0.6564,800.0,709.0,676.0
CHEMBL472,GLYBURIDE,TNIK,494.0,-9.177,0.6267,TNIK,0.6227,TNIK,0.6083,801.0,1026.0,1138.0
CHEMBL590,MENADIONE,TNIK,172.2,-7.646,0.6266,TNIK,0.6518,TNIK,0.6963,802.0,708.0,280.0
CHEMBL1707,LOPERAMIDE HYDROCHLORIDE,SLC2A1,477.0,-10.35,0.6266,SLC2A1,0.6105,TNIK,0.5662,803.0,1149.0,1569.0
CHEMBL841,LOPERAMIDE,SLC2A1,477.0,-10.35,0.6266,SLC2A1,0.6105,TNIK,0.5662,803.0,1149.0,1569.0
CHEMBL468,THALIDOMIDE,TNIK,258.2,-8.215,0.6265,AXL,0.6649,AXL,0.6563,805.0,555.0,683.0
CHEMBL1200580,SULFOXONE SODIUM,TNIK,402.5,-8.215,0.6265,TNIK,0.6233,TNIK,0.5836,805.0,1021.0,1415.0
CHEMBL656,OXYCODONE,SERPINE1,315.4,-6.786,0.6265,AXL,0.6438,SERPINE1,0.6378,807.0,797.0,851.0
CHEMBL1200890,OXYCODONE HYDROCHLORIDE,SERPINE1,315.4,-6.786,0.6265,AXL,0.6438,SERPINE1,0.6378,807.0,797.0,851.0
CHEMBL3989826,OXYCODONE TEREPHTHALATE,SERPINE1,315.4,-6.786,0.6265,AXL,0.6438,SERPINE1,0.6378,807.0,797.0,851.0
CHEMBL1621597,IPRATROPIUM,TNIK,332.5,-7.635,0.6259,SLC2A1,0.6395,TNIK,0.6159,810.0,844.0,1076.0
CHEMBL2134724,IPRATROPIUM BROMIDE,TNIK,332.5,-7.635,0.6259,SLC2A1,0.6395,TNIK,0.6159,810.0,844.0,1076.0
CHEMBL431770,ISTRADEFYLLINE,MAPK14,384.4,-7.486,0.6256,MAPK14,0.6266,MAPK14,0.5582,812.0,993.0,1642.0
CHEMBL54976,TRYPTOPHAN,SERPINE1,204.2,-6.774,0.6256,SERPINE1,0.6547,SLC2A1,0.6883,813.0,672.0,365.0
CHEMBL5314588,PERFLUOROHEXYLOCTANE,MAPK14,432.3,-8.764,0.6253,MAPK14,0.6231,MAPK14,0.6139,814.0,1024.0,1094.0
CHEMBL1504,TRIAMCINOLONE ACETONIDE,AXL,434.5,-7.768,0.6253,AXL,0.6112,AXL,0.5827,815.0,1142.0,1423.0
CHEMBL1558,PRAZOSIN HYDROCHLORIDE,MAPK14,383.4,-7.948,0.6252,AXL,0.6343,MAPK14,0.5753,816.0,903.0,1490.0
CHEMBL2,PRAZOSIN,MAPK14,383.4,-7.948,0.6252,AXL,0.6343,MAPK14,0.5753,816.0,903.0,1490.0
CHEMBL1239,BENZYL BENZOATE,TNIK,212.2,-7.629,0.6252,MAPK14,0.6683,SLC2A1,0.7053,818.0,521.0,198.0
CHEMBL2443262,OLICERIDINE,TNIK,386.6,-7.886,0.6251,TNIK,0.6232,TNIK,0.576,819.0,1023.0,1483.0
CHEMBL806,FLUTAMIDE,TNIK,276.2,-7.626,0.6249,MAPK14,0.6431,MAPK14,0.6604,820.0,802.0,638.0
CHEMBL1200420,MIDAZOLAM HYDROCHLORIDE,AXL,325.8,-7.548,0.6248,AXL,0.6773,AXL,0.6527,821.0,404.0,709.0
CHEMBL655,MIDAZOLAM,AXL,325.8,-7.548,0.6248,AXL,0.6773,AXL,0.6527,821.0,404.0,709.0
CHEMBL2105748,PRUCALOPRIDE SUCCINATE,MAPK14,367.9,-7.464,0.6243,MAPK14,0.6298,MAPK14,0.6228,823.0,959.0,1009.0
CHEMBL117287,PRUCALOPRIDE,MAPK14,367.9,-7.464,0.6243,MAPK14,0.6298,MAPK14,0.6228,823.0,959.0,1009.0
CHEMBL1909072,PIPAMAZINE,ACVR1,402.0,-9.144,0.6242,ACVR1,0.6253,ACVR1,0.5768,825.0,1006.0,1476.0
CHEMBL4650216,DARIDOREXANT HYDROCHLORIDE,ACVR1,450.9,-10.01,0.6239,ACVR1,0.618,ACVR1,0.6095,826.0,1059.0,1131.0
CHEMBL4297590,DARIDOREXANT,ACVR1,450.9,-10.01,0.6239,ACVR1,0.618,ACVR1,0.6095,826.0,1059.0,1131.0
CHEMBL1200335,TESTOSTERONE ENANTHATE,MAPK14,400.6,-7.922,0.6239,MAPK14,0.6253,MAPK14,0.573,828.0,1007.0,1506.0
CHEMBL6,INDOMETHACIN,GALNS,357.8,-7.703,0.6238,GALNS,0.6396,GALNS,0.6468,829.0,841.0,768.0
CHEMBL1717,TICLOPIDINE HYDROCHLORIDE,TNIK,263.8,-7.616,0.6238,TNIK,0.6395,TNIK,0.6564,830.0,846.0,677.0
CHEMBL2106217,FENFLURAMINE HYDROCHLORIDE,TNIK,231.3,-7.616,0.6238,SERPINE1,0.6459,TNIK,0.6947,830.0,772.0,304.0
CHEMBL87493,FENFLURAMINE,TNIK,231.3,-7.616,0.6238,SERPINE1,0.6459,TNIK,0.6947,830.0,772.0,304.0
CHEMBL833,TICLOPIDINE,TNIK,263.8,-7.616,0.6238,TNIK,0.6395,TNIK,0.6564,830.0,846.0,677.0
CHEMBL2105712,AFATINIB DIMALEATE,TNIK,485.9,-9.047,0.6237,TNIK,0.6189,TNIK,0.6028,834.0,1052.0,1188.0
CHEMBL1173655,AFATINIB,TNIK,485.9,-9.047,0.6237,TNIK,0.6189,TNIK,0.6028,834.0,1052.0,1188.0
CHEMBL4559134,SELPERCATINIB,AXL,525.6,-8.293,0.6232,SERPINE1,0.57,AXL,0.5665,836.0,1559.0,1564.0
CHEMBL2105669,TEDIZOLID PHOSPHATE,TNIK,450.3,-9.017,0.6231,TNIK,0.62,TNIK,0.6022,837.0,1043.0,1195.0
CHEMBL1201049,ECONAZOLE NITRATE,MAPK14,381.7,-7.664,0.6231,MAPK14,0.6253,MAPK14,0.5633,838.0,1008.0,1599.0
CHEMBL808,ECONAZOLE,MAPK14,381.7,-7.664,0.6231,MAPK14,0.6253,MAPK14,0.5633,838.0,1008.0,1599.0
CHEMBL2107554,SODIUM DIBUNATE,AXL,319.4,-7.53,0.6229,AXL,0.6785,AXL,0.6504,840.0,395.0,730.0
CHEMBL50588,EMETINE,SLC2A1,480.6,-10.24,0.6228,SLC2A1,0.5995,ACVR1,0.5646,841.0,1250.0,1586.0
CHEMBL1180725,PROPANTHELINE,MAPK14,368.5,-7.662,0.6228,MAPK14,0.629,MAPK14,0.6218,842.0,967.0,1017.0
CHEMBL1240,PROPANTHELINE BROMIDE,MAPK14,368.5,-7.662,0.6228,MAPK14,0.629,MAPK14,0.6218,842.0,967.0,1017.0
CHEMBL308954,ETRAVIRINE,TNIK,435.3,-9.008,0.6227,TNIK,0.6203,TNIK,0.6002,844.0,1041.0,1220.0
CHEMBL1512,FLUNISOLIDE,ADRA2A,434.5,-9.788,0.6227,ADRA2A,0.619,ADRA2A,0.6105,845.0,1049.0,1126.0
CHEMBL31,GATIFLOXACIN,SLC2A1,375.4,-8.928,0.6226,AXL,0.6386,SLC2A1,0.6481,846.0,856.0,753.0
CHEMBL593,DELAVIRDINE,SLC2A1,456.6,-10.23,0.6225,SLC2A1,0.614,SLC2A1,0.6046,847.0,1105.0,1174.0
CHEMBL929,DELAVIRDINE MESYLATE,SLC2A1,456.6,-10.23,0.6225,SLC2A1,0.614,SLC2A1,0.6046,847.0,1105.0,1174.0
CHEMBL348000,CINCHOPHEN,TNIK,249.3,-7.606,0.6224,SLC2A1,0.7014,SLC2A1,0.6827,849.0,187.0,422.0
CHEMBL1201250,BENZQUINAMIDE,SLC2A1,404.5,-8.925,0.6224,SLC2A1,0.6028,SLC2A1,0.5247,850.0,1212.0,1937.0
CHEMBL1200707,BENZQUINAMIDE HYDROCHLORIDE,SLC2A1,404.5,-8.925,0.6224,SLC2A1,0.6028,SLC2A1,0.5247,850.0,1212.0,1937.0
CHEMBL1200478,DYCLONINE HYDROCHLORIDE,MAPK14,289.4,-7.441,0.6223,MAPK14,0.653,MAPK14,0.674,852.0,697.0,510.0
CHEMBL1201217,DYCLONINE,MAPK14,289.4,-7.441,0.6223,MAPK14,0.653,MAPK14,0.674,852.0,697.0,510.0
CHEMBL1201039,BENZTHIAZIDE,TNIK,431.9,-8.154,0.6223,GALNS,0.6175,GALNS,0.5982,854.0,1063.0,1238.0
CHEMBL599,MELOXICAM,SERPINE1,351.4,-7.432,0.622,MAPK14,0.6293,SERPINE1,0.6246,855.0,964.0,987.0
CHEMBL518520,RALTEGRAVIR POTASSIUM,AXL,443.4,-8.26,0.6217,AXL,0.6159,AXL,0.6032,856.0,1084.0,1184.0
CHEMBL27,PROPRANOLOL,MAPK14,259.3,-6.999,0.6213,MAPK14,0.6659,MAPK14,0.6725,857.0,547.0,532.0
CHEMBL191,LOSARTAN,MAPK14,422.9,-8.631,0.6212,MAPK14,0.6193,MAPK14,0.6064,858.0,1048.0,1159.0
CHEMBL1530428,DEXAMETHASONE ACETATE,MAPK14,434.5,-7.889,0.6211,MAPK14,0.6113,MAPK14,0.5704,859.0,1139.0,1527.0
CHEMBL1201022,PHENAZOPYRIDINE HYDROCHLORIDE,TNIK,213.2,-7.592,0.6209,TNIK,0.644,SLC2A1,0.7095,860.0,794.0,162.0
CHEMBL2104910,SULFADICRAMIDE,TNIK,254.3,-7.592,0.6209,TNIK,0.6389,TNIK,0.6528,860.0,853.0,708.0
CHEMBL1242,PHENAZOPYRIDINE,TNIK,213.2,-7.592,0.6209,TNIK,0.644,SLC2A1,0.7095,860.0,794.0,162.0
CHEMBL705,ALITRETINOIN,ADRA2A,300.4,-9.224,0.6208,SLC2A1,0.6646,SLC2A1,0.6828,863.0,556.0,419.0
CHEMBL2106794,NAFTAZONE,MAPK14,215.2,-7.885,0.6207,MAPK14,0.6558,MAPK14,0.6735,864.0,659.0,514.0
CHEMBL1887891,DEXFENFLURAMINE HYDROCHLORIDE,TNIK,231.3,-7.589,0.6205,MAPK14,0.6509,MAPK14,0.6943,865.0,718.0,307.0
CHEMBL248702,DEXFENFLURAMINE,TNIK,231.3,-7.589,0.6205,MAPK14,0.6509,MAPK14,0.6943,865.0,718.0,307.0
CHEMBL1321,PROCARBAZINE,TNIK,221.3,-7.586,0.6203,TNIK,0.6427,TNIK,0.6888,867.0,805.0,358.0
CHEMBL1200410,PROCARBAZINE HYDROCHLORIDE,TNIK,221.3,-7.586,0.6203,TNIK,0.6427,TNIK,0.6888,867.0,805.0,358.0
CHEMBL518924,MAVORIXAFOR,MAPK14,349.5,-7.41,0.6199,MAPK14,0.6307,ITPKC,0.6266,869.0,941.0,962.0
CHEMBL10878,AGOMELATINE,TNIK,243.3,-7.581,0.6198,MAPK14,0.661,AXL,0.7138,870.0,603.0,134.0
CHEMBL1568276,NAFCILLIN SODIUM,SLC2A1,413.5,-9.395,0.6197,SLC2A1,0.6106,SLC2A1,0.5578,871.0,1143.0,1644.0
CHEMBL86304,MOCLOBEMIDE,MAPK14,268.7,-7.399,0.6195,MAPK14,0.6542,MAPK14,0.6695,872.0,676.0,566.0
CHEMBL1200497,CYCLIZINE LACTATE,ACVR1,266.4,-8.621,0.6195,ACVR1,0.6842,ACVR1,0.6771,873.0,337.0,477.0
CHEMBL648,CYCLIZINE,ACVR1,266.4,-8.621,0.6195,ACVR1,0.6842,ACVR1,0.6771,873.0,337.0,477.0
CHEMBL1501,FLUOCINONIDE,SLC2A1,494.5,-10.12,0.6194,SLC2A1,0.5757,AXL,0.541,875.0,1479.0,1798.0
CHEMBL850,SPARFLOXACIN,ACVR1,392.4,-9.053,0.6192,SLC2A1,0.6242,ACVR1,0.5678,876.0,1018.0,1549.0
CHEMBL1148,TORSEMIDE,TNIK,348.4,-8.101,0.6191,ACVR1,0.6312,ACVR1,0.6254,877.0,934.0,973.0
CHEMBL1201294,DIPHENOXYLATE,AXL,452.6,-8.208,0.6189,AXL,0.6074,AXL,0.6003,878.0,1180.0,1218.0
CHEMBL1200665,DIPHENOXYLATE HYDROCHLORIDE,AXL,452.6,-8.208,0.6189,AXL,0.6074,AXL,0.6003,878.0,1180.0,1218.0
CHEMBL781,MAZINDOL,TNIK,284.7,-7.56,0.6189,SLC2A1,0.6806,SLC2A1,0.6866,880.0,380.0,383.0
CHEMBL1200916,THIORIDAZINE HYDROCHLORIDE,SLC2A1,370.6,-9.174,0.6189,SLC2A1,0.6445,SLC2A1,0.6484,881.0,790.0,750.0
CHEMBL479,THIORIDAZINE,SLC2A1,370.6,-9.174,0.6189,SLC2A1,0.6445,SLC2A1,0.6484,881.0,790.0,750.0
CHEMBL1200774,FLUPREDNISOLONE,MAPK14,378.4,-7.855,0.6188,MAPK14,0.6255,MAPK14,0.5665,883.0,1000.0,1563.0
CHEMBL1072,BUMETANIDE,MAPK14,364.4,-7.851,0.6186,MAPK14,0.6281,MAPK14,0.6198,884.0,976.0,1036.0
CHEMBL529437,COCAINE HYDROCHLORIDE,TNIK,303.4,-7.555,0.6183,TNIK,0.6281,TNIK,0.6505,885.0,977.0,728.0
CHEMBL370805,COCAINE,TNIK,303.4,-7.555,0.6183,TNIK,0.6281,TNIK,0.6505,885.0,977.0,728.0
CHEMBL1200341,INDECAINIDE HYDROCHLORIDE,ACVR1,308.4,-8.604,0.6183,AXL,0.6825,AXL,0.6947,887.0,360.0,302.0
CHEMBL1201242,INDECAINIDE,ACVR1,308.4,-8.604,0.6183,AXL,0.6825,AXL,0.6947,887.0,360.0,302.0
CHEMBL1641,HYDROCORTISONE PHOSPHORIC ACID,MAPK14,442.4,-8.55,0.6181,MAPK14,0.6136,MAPK14,0.5983,889.0,1113.0,1235.0
CHEMBL94394,BUFEXAMAC,SERPINE1,223.3,-6.702,0.6181,SERPINE1,0.6503,TNIK,0.6814,890.0,728.0,429.0
CHEMBL1801800,METABROMSALAN,TNIK,371.0,-7.785,0.618,TNIK,0.6185,TNIK,0.6111,891.0,1055.0,1122.0
CHEMBL1201109,DESONIDE,ADRA2A,416.5,-9.593,0.6177,ADRA2A,0.6152,ADRA2A,0.6027,892.0,1092.0,1191.0
CHEMBL193240,ROFLUMILAST,MAPK14,403.2,-7.84,0.6177,MAPK14,0.6152,MAPK14,0.5652,893.0,1093.0,1579.0
CHEMBL1337,NITISINONE,TNIK,329.2,-8.083,0.6176,SLC2A1,0.6268,TNIK,0.6176,894.0,991.0,1064.0
CHEMBL1201753,PITAVASTATIN,SLC2A1,421.5,-10.07,0.6175,SLC2A1,0.6223,SLC2A1,0.5964,895.0,1027.0,1255.0
CHEMBL1465,PHENPROCOUMON,SERPINE1,280.3,-6.897,0.6174,AXL,0.6875,AXL,0.6893,896.0,304.0,355.0
CHEMBL760,ANAGRELIDE,TNIK,256.1,-7.541,0.6174,TNIK,0.6341,TNIK,0.6485,897.0,905.0,747.0
CHEMBL1200759,ANAGRELIDE HYDROCHLORIDE,TNIK,256.1,-7.541,0.6174,TNIK,0.6341,TNIK,0.6485,897.0,905.0,747.0
CHEMBL3544974,ASENAPINE MALEATE,SLC2A1,285.8,-9.152,0.6174,SLC2A1,0.6927,SLC2A1,0.6974,899.0,271.0,267.0
CHEMBL1529,DIPHENIDOL HYDROCHLORIDE,ACVR1,309.5,-8.807,0.6173,ACVR1,0.6618,ACVR1,0.6366,900.0,588.0,866.0
CHEMBL8,CIPROFLOXACIN,VASH2,331.3,-7.812,0.6172,SLC2A1,0.6611,VASH2,0.636,901.0,597.0,874.0
CHEMBL1202,CIPROFLOXACIN HYDROCHLORIDE,VASH2,331.3,-7.812,0.6172,SLC2A1,0.6611,VASH2,0.636,901.0,597.0,874.0
CHEMBL81,RALOXIFENE,AXL,473.6,-8.183,0.6171,AXL,0.593,ACVR1,0.5633,903.0,1316.0,1601.0
CHEMBL1116,RALOXIFENE HYDROCHLORIDE,AXL,473.6,-8.183,0.6171,AXL,0.593,ACVR1,0.5633,903.0,1316.0,1601.0
CHEMBL942,BISACODYL,SLC2A1,361.4,-9.151,0.6171,SLC2A1,0.6502,SLC2A1,0.6471,905.0,730.0,767.0
CHEMBL131,PREDNISOLONE,MAPK14,360.5,-7.817,0.6168,MAPK14,0.6262,MAPK14,0.6185,906.0,995.0,1052.0
CHEMBL481,IRINOTECAN,SLC2A1,586.7,-13.36,0.6167,SLC2A1,0.6165,SLC2A1,0.6148,907.0,1075.0,1089.0
CHEMBL3989514,IRINOTECAN HYDROCHLORIDE,SLC2A1,586.7,-13.36,0.6167,SLC2A1,0.6165,SLC2A1,0.6148,907.0,1075.0,1089.0
CHEMBL205596,CHOLIC ACID,MAPK14,408.6,-8.504,0.6164,MAPK14,0.6162,MAPK14,0.5937,909.0,1080.0,1282.0
CHEMBL3948730,UMBRALISIB,SLC2A1,571.6,-13.13,0.6164,SLC2A1,0.6163,SLC2A1,0.6135,910.0,1077.0,1096.0
CHEMBL3989869,UMBRALISIB TOSYLATE,SLC2A1,571.6,-13.13,0.6164,SLC2A1,0.6163,SLC2A1,0.6135,910.0,1077.0,1096.0
CHEMBL672,FENOFIBRATE,MAPK14,360.8,-7.601,0.6163,MAPK14,0.6261,MAPK14,0.6149,912.0,996.0,1086.0
CHEMBL608,PROBUCOL,SLC2A1,516.9,-10.04,0.6162,SLC2A1,0.5464,SLC2A1,0.524,913.0,1748.0,1946.0
CHEMBL1201740,NILOTINIB HYDROCHLORIDE MONOHYDRATE,SLC2A1,529.5,-13.12,0.6162,SLC2A1,0.6169,SLC2A1,0.6122,914.0,1070.0,1107.0
CHEMBL255863,NILOTINIB,SLC2A1,529.5,-13.12,0.6162,SLC2A1,0.6169,SLC2A1,0.6122,914.0,1070.0,1107.0
CHEMBL641,ATOMOXETINE,MAPK14,255.4,-7.374,0.6161,MAPK14,0.6562,MAPK14,0.6646,916.0,649.0,604.0
CHEMBL1702,ATOMOXETINE HYDROCHLORIDE,MAPK14,255.4,-7.374,0.6161,MAPK14,0.6562,MAPK14,0.6646,916.0,649.0,604.0
CHEMBL1201891,DEFLAZACORT,SLC2A1,441.5,-9.355,0.6161,TNIK,0.5997,TNIK,0.5593,918.0,1249.0,1630.0
CHEMBL3989677,HYDROCODONE BITARTRATE,SERPINE1,299.4,-6.683,0.6159,AXL,0.6754,AXL,0.6876,919.0,433.0,371.0
CHEMBL1457,HYDROCODONE,SERPINE1,299.4,-6.683,0.6159,AXL,0.6754,AXL,0.6876,919.0,433.0,371.0
CHEMBL70,MORPHINE,SLC2A1,285.3,-8.842,0.6159,SLC2A1,0.6969,SLC2A1,0.7044,921.0,218.0,206.0
CHEMBL2103744,MORPHINE SULFATE,SLC2A1,285.3,-8.842,0.6159,SLC2A1,0.6969,SLC2A1,0.7044,921.0,218.0,206.0
CHEMBL848,LENALIDOMIDE,TNIK,259.3,-8.809,0.6158,TNIK,0.625,TNIK,0.6361,923.0,1013.0,872.0
CHEMBL6068337,LENALIDOMIDE HYDROCHLORIDE MONOHYDRATE,TNIK,259.3,-8.809,0.6158,TNIK,0.625,TNIK,0.6361,923.0,1013.0,872.0
CHEMBL597,PHENTOLAMINE,ADRA2A,281.4,-7.849,0.6158,ACVR1,0.6771,ADRA2A,0.6752,925.0,407.0,493.0
CHEMBL1200873,PHENTOLAMINE MESYLATE,ACVR1,281.4,-8.588,0.6155,ACVR1,0.6771,ACVR1,0.6712,926.0,407.0,546.0
CHEMBL428880,CROMOLYN,SLC2A1,468.4,-10.02,0.6154,SLC2A1,0.5886,ITPKC,0.5709,927.0,1354.0,1523.0
CHEMBL926,DOBUTAMINE,TNIK,301.4,-8.048,0.6152,TNIK,0.6249,TNIK,0.6394,928.0,1015.0,831.0
CHEMBL1200418,DOBUTAMINE HYDROCHLORIDE,TNIK,301.4,-8.048,0.6152,TNIK,0.6249,TNIK,0.6394,928.0,1015.0,831.0
CHEMBL3545057,ACETYLDIGITOXIN,SLC2A1,807.0,-12.42,0.6152,SERPINE1,0.516,SLC2A1,0.6073,930.0,2036.0,1156.0
CHEMBL2107834,RIOCIGUAT,ACVR1,422.4,-8.994,0.6152,ITPKC,0.6049,ITPKC,0.568,931.0,1192.0,1547.0
CHEMBL1200732,AMCINONIDE,AXL,502.6,-8.154,0.6151,AXL,0.5655,AXL,0.545,932.0,1600.0,1768.0
CHEMBL2107519,CHLORNAPHAZINE,TNIK,268.2,-7.76,0.6151,TNIK,0.6295,TNIK,0.6459,933.0,963.0,773.0
CHEMBL338975,PHYSOSTIGMINE SALICYLATE,TNIK,275.4,-7.517,0.615,AXL,0.6768,AXL,0.6739,934.0,411.0,512.0
CHEMBL94,PHYSOSTIGMINE,TNIK,275.4,-7.517,0.615,AXL,0.6768,AXL,0.6739,934.0,411.0,512.0
CHEMBL1201012,FLURANDRENOLIDE,ADRA2A,436.5,-9.505,0.6149,ADRA2A,0.6078,SERPINE1,0.6027,936.0,1174.0,1190.0
CHEMBL110,BENZNIDAZOLE,MAPK14,260.3,-7.804,0.6147,MAPK14,0.6442,MAPK14,0.6515,937.0,793.0,717.0
CHEMBL605846,OLODATEROL,TNIK,386.4,-8.787,0.6146,TNIK,0.6152,TNIK,0.5847,938.0,1094.0,1400.0
CHEMBL2105743,OLODATEROL HYDROCHLORIDE,TNIK,386.4,-8.787,0.6146,TNIK,0.6152,TNIK,0.5847,938.0,1094.0,1400.0
CHEMBL1201198,PEMIROLAST,TNIK,228.2,-8.038,0.6145,TNIK,0.6313,SLC2A1,0.6796,940.0,930.0,438.0
CHEMBL291657,CRINECERFONT,ACVR1,483.1,-9.699,0.6142,ACVR1,0.5915,ACVR1,0.5702,941.0,1327.0,1528.0
CHEMBL1221,SULCONAZOLE,MAPK14,397.8,-7.576,0.6142,MAPK14,0.6128,MAPK14,0.5503,942.0,1118.0,1724.0
CHEMBL1200348,SULCONAZOLE NITRATE,MAPK14,397.8,-7.576,0.6142,MAPK14,0.6128,MAPK14,0.5503,942.0,1118.0,1724.0
CHEMBL1200877,FLUMETHASONE PIVALATE,SLC2A1,494.6,-9.998,0.6141,SLC2A1,0.5623,ADRA2A,0.5491,944.0,1625.0,1741.0
CHEMBL1282,IMIQUIMOD,MAPK14,240.3,-7.354,0.614,AXL,0.6698,SLC2A1,0.7261,945.0,496.0,71.0
CHEMBL254316,RALTEGRAVIR,TNIK,444.4,-8.782,0.614,TNIK,0.612,AXL,0.585,946.0,1136.0,1397.0
CHEMBL5314366,ESOMEPRAZOLE MAGNESIUM,VASH2,345.4,-7.766,0.614,VASH2,0.6305,VASH2,0.6328,947.0,944.0,903.0
CHEMBL1201320,ESOMEPRAZOLE,VASH2,345.4,-7.766,0.614,VASH2,0.6305,VASH2,0.6328,947.0,944.0,903.0
CHEMBL1421,DASATINIB ANHYDROUS,SLC2A1,488.0,-9.997,0.6139,SLC2A1,0.5691,MAPK14,0.5273,949.0,1568.0,1913.0
CHEMBL5416410,DASATINIB,SLC2A1,488.0,-9.997,0.6139,SLC2A1,0.5691,MAPK14,0.5273,949.0,1568.0,1913.0
CHEMBL175691,RILPIVIRINE,AXL,366.4,-8.139,0.6139,SLC2A1,0.638,SLC2A1,0.6476,951.0,861.0,760.0
CHEMBL1628504,RILPIVIRINE HYDROCHLORIDE,AXL,366.4,-8.139,0.6139,SLC2A1,0.638,SLC2A1,0.6476,951.0,861.0,760.0
CHEMBL1201010,FLUDROCORTISONE ACETATE,SLC2A1,422.5,-9.332,0.6138,TNIK,0.5968,ADRA2A,0.5524,953.0,1276.0,1700.0
CHEMBL354541,LOMITAPIDE,SLC2A1,693.7,-12.0,0.6138,SLC2A1,0.5587,SLC2A1,0.6004,954.0,1651.0,1214.0
CHEMBL2105662,LOMITAPIDE MESYLATE,SLC2A1,693.7,-12.0,0.6138,SLC2A1,0.5587,SLC2A1,0.6004,954.0,1651.0,1214.0
CHEMBL363295,TERODILINE,ACVR1,281.4,-8.775,0.6135,ACVR1,0.6684,ACVR1,0.67,956.0,519.0,559.0
CHEMBL539770,TERODILINE HYDROCHLORIDE,ACVR1,281.4,-8.775,0.6135,ACVR1,0.6684,ACVR1,0.67,956.0,519.0,559.0
CHEMBL3348923,TOVORAFENIB,MAPK14,506.3,-8.447,0.6134,MAPK14,0.5979,MAPK14,0.5995,958.0,1260.0,1230.0
CHEMBL1200908,HALOBETASOL PROPIONATE,ACVR1,485.0,-9.658,0.6133,ACVR1,0.5883,ACVR1,0.5675,959.0,1360.0,1550.0
CHEMBL4297522,PEMIGATINIB,ACVR1,487.5,-8.96,0.6131,VASH2,0.5666,ACVR1,0.5437,960.0,1590.0,1781.0
CHEMBL3187723,BINIMETINIB,TNIK,441.2,-7.487,0.6131,TNIK,0.6009,TNIK,0.5605,961.0,1239.0,1621.0
CHEMBL1200868,PHENYL AMINOSALICYLATE,TNIK,229.2,-7.486,0.6129,MAPK14,0.6446,SLC2A1,0.7228,962.0,789.0,84.0
CHEMBL4594292,TEPOTINIB HYDROCHLORIDE,SLC2A1,492.6,-11.9,0.6129,SLC2A1,0.6138,SLC2A1,0.5978,963.0,1107.0,1243.0
CHEMBL3402762,TEPOTINIB,SLC2A1,492.6,-11.9,0.6129,SLC2A1,0.6138,SLC2A1,0.5978,963.0,1107.0,1243.0
CHEMBL991,STAVUDINE,SERPINE1,224.2,-7.176,0.6129,SERPINE1,0.6263,SLC2A1,0.6412,965.0,994.0,822.0
CHEMBL405110,METHYLENE BLUE ANHYDROUS,TNIK,284.4,-7.481,0.6126,TNIK,0.6254,TNIK,0.6423,966.0,1003.0,813.0
CHEMBL3989868,TUCATINIB,SLC2A1,480.5,-11.75,0.6126,SLC2A1,0.613,SLC2A1,0.5961,967.0,1116.0,1257.0
CHEMBL285674,ESTAZOLAM,TNIK,294.7,-7.479,0.6125,AXL,0.6851,AXL,0.6924,968.0,325.0,328.0
CHEMBL632,BETAMETHASONE,SLC2A1,392.5,-9.322,0.6125,SLC2A1,0.6213,ADRA2A,0.5544,969.0,1034.0,1677.0
CHEMBL1567328,OMEPRAZOLE MAGNESIUM,SERPINE1,344.4,-6.658,0.6123,SERPINE1,0.6204,SERPINE1,0.628,970.0,1040.0,944.0
CHEMBL1201196,SERTACONAZOLE,MAPK14,437.8,-7.767,0.6122,MAPK14,0.5986,MAPK14,0.557,971.0,1256.0,1652.0
CHEMBL1200725,SERTACONAZOLE NITRATE,MAPK14,437.8,-7.767,0.6122,MAPK14,0.5986,MAPK14,0.557,971.0,1256.0,1652.0
CHEMBL36506,NOVOBIOCIN,SLC2A1,612.6,-11.68,0.6121,SLC2A1,0.5833,SLC2A1,0.5942,973.0,1408.0,1279.0
CHEMBL1020,TOLMETIN,MAPK14,257.3,-7.335,0.612,MAPK14,0.6528,MAPK14,0.661,974.0,699.0,628.0
CHEMBL3936761,ZANUBRUTINIB,SLC2A1,471.6,-11.6,0.6116,SLC2A1,0.6123,TNIK,0.5997,975.0,1125.0,1225.0
CHEMBL1293,BETA CAROTENE,SLC2A1,536.9,-11.6,0.6116,SLC2A1,0.6047,SLC2A1,0.5925,975.0,1194.0,1300.0
CHEMBL1357648,AMODIAQUINE HYDROCHLORIDE,TNIK,355.9,-7.709,0.6114,TNIK,0.6131,TNIK,0.6052,977.0,1114.0,1168.0
CHEMBL682,AMODIAQUINE,TNIK,355.9,-7.709,0.6114,TNIK,0.6131,TNIK,0.6052,977.0,1114.0,1168.0
CHEMBL2105755,NALDEMEDINE,AXL,570.6,-10.39,0.6114,AXL,0.6102,AXL,0.609,979.0,1152.0,1134.0
CHEMBL3039508,NALDEMEDINE TOSYLATE,AXL,570.6,-10.39,0.6114,AXL,0.6102,AXL,0.609,979.0,1152.0,1134.0
CHEMBL989,FLUOCINOLONE ACETONIDE,SLC2A1,452.5,-9.94,0.6113,SLC2A1,0.5931,SLC2A1,0.5808,981.0,1313.0,1441.0
CHEMBL2107430,FLUTRIMAZOLE,GALNS,346.4,-7.831,0.6113,GALNS,0.6278,GALNS,0.6301,982.0,979.0,924.0
CHEMBL1200334,MORICIZINE HYDROCHLORIDE,SLC2A1,427.5,-9.308,0.6112,SLC2A1,0.5876,SLC2A1,0.5392,983.0,1364.0,1812.0
CHEMBL1075,MORICIZINE,SLC2A1,427.5,-9.308,0.6112,SLC2A1,0.5876,SLC2A1,0.5392,983.0,1364.0,1812.0
CHEMBL1201108,CONIVAPTAN HYDROCHLORIDE,AXL,498.6,-8.105,0.6111,AXL,0.5611,ITPKC,0.5373,985.0,1632.0,1824.0
CHEMBL1755,CONIVAPTAN,AXL,498.6,-8.105,0.6111,AXL,0.5611,ITPKC,0.5373,985.0,1632.0,1824.0
CHEMBL1200963,BIMATOPROST,MAPK14,415.6,-8.371,0.6111,MAPK14,0.6086,MAPK14,0.582,987.0,1168.0,1433.0
CHEMBL1201349,HEXAFLUORENIUM,SLC2A1,502.7,-11.57,0.6109,SLC2A1,0.609,SLC2A1,0.5899,988.0,1165.0,1338.0
CHEMBL1200933,HEXAFLUORENIUM BROMIDE,SLC2A1,502.7,-11.57,0.6109,SLC2A1,0.609,SLC2A1,0.5899,988.0,1165.0,1338.0
CHEMBL778,DEXMEDETOMIDINE,ADRA2A,200.3,-7.806,0.6109,ADRA2A,0.7197,ADRA2A,0.7604,990.0,77.0,6.0
CHEMBL1201032,RIZATRIPTAN BENZOATE,TNIK,269.4,-7.471,0.6109,TNIK,0.6269,TNIK,0.64,991.0,989.0,829.0
CHEMBL1200681,MONTELUKAST SODIUM,SLC2A1,585.2,-11.55,0.6107,SLC2A1,0.5879,SLC2A1,0.5889,992.0,1361.0,1352.0
CHEMBL1382,TOLTERODINE,ACVR1,325.5,-8.733,0.6106,ACVR1,0.6481,ACVR1,0.6258,993.0,754.0,966.0
CHEMBL1722209,TOLTERODINE TARTRATE,ACVR1,325.5,-8.733,0.6106,ACVR1,0.6481,ACVR1,0.6258,993.0,754.0,966.0
CHEMBL204656,ELVITEGRAVIR,TNIK,447.9,-7.974,0.6105,TNIK,0.6023,TNIK,0.5626,995.0,1220.0,1608.0
CHEMBL1200388,CLOXACILLIN SODIUM,ACVR1,434.9,-8.933,0.6105,ACVR1,0.5837,ACVR1,0.5503,996.0,1400.0,1723.0
CHEMBL847,OXAMNIQUINE,MAPK14,279.3,-7.315,0.6104,MAPK14,0.6413,MAPK14,0.6597,997.0,824.0,646.0
CHEMBL296419,ASTEMIZOLE,SLC2A1,458.6,-9.897,0.6103,VASH2,0.5916,SERPINE1,0.5931,998.0,1326.0,1295.0
CHEMBL260538,ULIPRISTAL ACETATE,AXL,475.6,-8.097,0.61,AXL,0.5819,ADRA2A,0.538,999.0,1423.0,1820.0
CHEMBL2018096,IPRAGLIFLOZIN,TNIK,404.5,-8.686,0.61,TNIK,0.6106,ACVR1,0.5833,1000.0,1144.0,1419.0
CHEMBL191083,METHYLENE BLUE CATION,TNIK,284.4,-7.465,0.6099,AXL,0.669,AXL,0.6714,1001.0,508.0,542.0
CHEMBL550495,METHYLENE BLUE,TNIK,284.4,-7.465,0.6099,AXL,0.669,AXL,0.6714,1001.0,508.0,542.0
CHEMBL1200545,DIFLORASONE DIACETATE,AXL,494.5,-8.095,0.6098,AXL,0.5644,AXL,0.5299,1003.0,1607.0,1889.0
CHEMBL44657,ETOPOSIDE,AXL,588.6,-8.095,0.6098,SERPINE1,0.5709,ITPKC,0.565,1003.0,1547.0,1583.0
CHEMBL3301622,GILTERITINIB,SLC2A1,552.7,-11.49,0.6098,SLC2A1,0.597,SLC2A1,0.584,1005.0,1273.0,1405.0
CHEMBL2105709,QUIZARTINIB DIHYDROCHLORIDE,SLC2A1,560.7,-11.49,0.6098,SLC2A1,0.5946,SLC2A1,0.584,1005.0,1303.0,1405.0
CHEMBL576982,QUIZARTINIB,SLC2A1,560.7,-11.49,0.6098,SLC2A1,0.5946,SLC2A1,0.584,1005.0,1303.0,1405.0
CHEMBL3301603,GILTERITINIB FUMARATE,SLC2A1,552.7,-11.49,0.6098,SLC2A1,0.597,SLC2A1,0.584,1005.0,1273.0,1405.0
CHEMBL1404,RANOLAZINE,TNIK,427.5,-7.961,0.6097,TNIK,0.6038,TNIK,0.5616,1009.0,1203.0,1614.0
CHEMBL1200863,MELPHALAN HYDROCHLORIDE,SERPINE1,305.2,-6.638,0.6096,SERPINE1,0.6293,SERPINE1,0.6248,1010.0,965.0,984.0
CHEMBL852,MELPHALAN,SERPINE1,305.2,-6.638,0.6096,SERPINE1,0.6293,SERPINE1,0.6248,1010.0,965.0,984.0
CHEMBL1297,FENOPROFEN,TNIK,242.3,-7.464,0.6096,MAPK14,0.6397,AXL,0.7177,1012.0,838.0,106.0
CHEMBL2048028,LIFITEGRAST,AXL,615.5,-9.853,0.6095,AXL,0.6009,AXL,0.6015,1013.0,1238.0,1198.0
CHEMBL3137329,PEFICITINIB HYDROBROMIDE,MAPK14,326.4,-8.349,0.6095,SLC2A1,0.6314,SLC2A1,0.6254,1014.0,928.0,974.0
CHEMBL3137308,PEFICITINIB,MAPK14,326.4,-8.349,0.6095,SLC2A1,0.6314,SLC2A1,0.6254,1014.0,928.0,974.0
CHEMBL71752,VINPOCETINE,ACVR1,350.5,-8.53,0.6094,AXL,0.6424,AXL,0.6331,1016.0,811.0,900.0
CHEMBL1751,DIGOXIN,SLC2A1,780.9,-11.46,0.6093,SERPINE1,0.545,AXL,0.5852,1017.0,1756.0,1395.0
CHEMBL259972,MOFEZOLAC,SLC2A1,339.3,-8.77,0.6091,SLC2A1,0.6497,SLC2A1,0.6311,1018.0,738.0,920.0
CHEMBL1051,LATANOPROST,MAPK14,432.6,-8.346,0.6091,MAPK14,0.6037,MAPK14,0.5774,1019.0,1206.0,1472.0
CHEMBL341812,IBUFENAC,TNIK,192.3,-7.453,0.609,SERPINE1,0.6388,TNIK,0.6853,1020.0,854.0,396.0
CHEMBL170,QUININE,MAPK14,324.4,-7.301,0.609,SLC2A1,0.6353,MAPK14,0.6084,1021.0,894.0,1136.0
CHEMBL2359966,QUININE SULFATE,MAPK14,324.4,-7.301,0.609,SLC2A1,0.6353,MAPK14,0.6084,1021.0,894.0,1136.0
CHEMBL3989676,OXYPHENBUTAZONE,SLC2A1,324.4,-8.769,0.6089,SLC2A1,0.6628,SLC2A1,0.6301,1023.0,577.0,925.0
CHEMBL1228,OXYPHENBUTAZONE ANHYDROUS,SLC2A1,324.4,-8.769,0.6089,SLC2A1,0.6628,SLC2A1,0.6301,1023.0,577.0,925.0
CHEMBL3545376,ERDAFITINIB,TNIK,446.6,-8.662,0.6088,TNIK,0.606,TNIK,0.5788,1025.0,1186.0,1452.0
CHEMBL1096146,PONESIMOD,SLC2A1,461.0,-9.861,0.6086,SLC2A1,0.579,SLC2A1,0.5122,1026.0,1446.0,2011.0
CHEMBL27193,DILEVALOL,MAPK14,328.4,-8.319,0.6084,MAPK14,0.619,MAPK14,0.6129,1027.0,1050.0,1099.0
CHEMBL1204165,DILEVALOL HYDROCHLORIDE,MAPK14,328.4,-8.319,0.6084,MAPK14,0.619,MAPK14,0.6129,1027.0,1050.0,1099.0
CHEMBL3989410,INDOMETHACIN SODIUM,GALNS,356.8,-7.538,0.6084,GALNS,0.6275,GALNS,0.6318,1029.0,985.0,912.0
CHEMBL101,PHENYLBUTAZONE,ACVR1,308.4,-8.517,0.6083,ACVR1,0.6581,ACVR1,0.667,1030.0,626.0,588.0
CHEMBL4298171,LINZAGOLIX CHOLINE,AXL,507.4,-8.077,0.6083,MAPK14,0.5627,MAPK14,0.5613,1031.0,1623.0,1617.0
CHEMBL2103870,LUMACAFTOR,SLC2A1,452.4,-11.41,0.6083,SLC2A1,0.6122,SLC2A1,0.6119,1032.0,1130.0,1112.0
CHEMBL139,DICLOFENAC,ADRA2A,296.2,-8.243,0.6082,ADRA2A,0.6588,ADRA2A,0.6615,1033.0,624.0,627.0
CHEMBL485696,SULFISOMIDINE,SERPINE1,278.3,-7.097,0.6082,SERPINE1,0.621,SERPINE1,0.6168,1034.0,1037.0,1070.0
CHEMBL45029,MEPHOBARBITAL,VASH2,246.3,-7.686,0.6082,VASH2,0.6482,SLC2A1,0.7059,1035.0,753.0,192.0
CHEMBL4113131,ENSARTINIB,SLC2A1,561.4,-11.38,0.6081,TNIK,0.5897,TNIK,0.5827,1036.0,1343.0,1422.0
CHEMBL2105704,LENVATINIB MESYLATE,TNIK,426.9,-8.656,0.608,TNIK,0.6075,VASH2,0.5784,1037.0,1175.0,1457.0
CHEMBL1289601,LENVATINIB,TNIK,426.9,-8.656,0.608,TNIK,0.6075,VASH2,0.5784,1037.0,1175.0,1457.0
CHEMBL1615439,PHENDIMETRAZINE,TNIK,191.3,-7.441,0.6079,TNIK,0.6363,TNIK,0.6843,1039.0,875.0,405.0
CHEMBL2062163,PHENDIMETRAZINE TARTRATE,TNIK,191.3,-7.441,0.6079,TNIK,0.6363,TNIK,0.6843,1039.0,875.0,405.0
CHEMBL54349,ALPIDEM,ACVR1,404.3,-8.905,0.6076,ACVR1,0.6038,ACVR1,0.5432,1041.0,1204.0,1783.0
CHEMBL4594260,TAZEMETOSTAT HYDROBROMIDE,AXL,572.8,-9.301,0.6076,AXL,0.5878,AXL,0.5934,1042.0,1362.0,1287.0
CHEMBL3414621,TAZEMETOSTAT,AXL,572.8,-9.301,0.6076,AXL,0.5878,AXL,0.5934,1042.0,1362.0,1287.0
CHEMBL18116,TOLOXATONE,TNIK,207.2,-7.439,0.6075,TNIK,0.6321,TNIK,0.6833,1044.0,923.0,415.0
CHEMBL2005186,BELUMOSUDIL,SLC2A1,452.5,-11.29,0.6071,SLC2A1,0.6105,SLC2A1,0.6109,1045.0,1145.0,1123.0
CHEMBL4802130,BELUMOSUDIL MESYLATE,SLC2A1,452.5,-11.29,0.6071,SLC2A1,0.6105,SLC2A1,0.6109,1045.0,1145.0,1123.0
CHEMBL1409,FLUVOXAMINE MALEATE,TNIK,318.3,-7.652,0.6071,TNIK,0.6146,TNIK,0.5978,1047.0,1099.0,1242.0
CHEMBL1071,OXAPROZIN,ACVR1,293.3,-8.695,0.6069,ACVR1,0.6604,ACVR1,0.6626,1048.0,612.0,618.0
CHEMBL1945778,IOFLUPANE,TNIK,431.3,-7.433,0.6068,TNIK,0.5972,TNIK,0.5516,1049.0,1268.0,1707.0
CHEMBL3989517,IOFLUPANE I 123,TNIK,427.3,-7.433,0.6068,TNIK,0.5979,TNIK,0.5516,1049.0,1261.0,1707.0
CHEMBL807,MEMANTINE,MAPK14,179.3,-7.27,0.6068,MAPK14,0.6689,MAPK14,0.6969,1051.0,510.0,270.0
CHEMBL1699,MEMANTINE HYDROCHLORIDE,MAPK14,179.3,-7.27,0.6068,MAPK14,0.6689,MAPK14,0.6969,1051.0,510.0,270.0
CHEMBL1201754,RUFINAMIDE,MAPK14,238.2,-7.382,0.6068,MAPK14,0.6536,MAPK14,0.6931,1053.0,688.0,321.0
CHEMBL254219,DIGITOXIN,AXL,765.0,-9.206,0.6068,SERPINE1,0.5436,AXL,0.5898,1054.0,1766.0,1340.0
CHEMBL1370,BUDESONIDE,TNIK,430.5,-7.908,0.6066,TNIK,0.5993,TNIK,0.5573,1055.0,1251.0,1647.0
CHEMBL787,MONTELUKAST,SLC2A1,586.2,-11.28,0.6066,SLC2A1,0.5722,SLC2A1,0.5712,1056.0,1527.0,1520.0
CHEMBL723,CARVEDILOL,SLC2A1,406.5,-9.258,0.6061,SLC2A1,0.6012,TNIK,0.5294,1057.0,1236.0,1892.0
CHEMBL1201167,CARVEDILOL PHOSPHATE,SLC2A1,406.5,-9.258,0.6061,SLC2A1,0.6012,TNIK,0.5294,1057.0,1236.0,1892.0
CHEMBL1490,TRIHEXYPHENIDYL,SLC2A1,301.5,-8.735,0.6059,SLC2A1,0.6772,SLC2A1,0.6979,1059.0,406.0,260.0
CHEMBL3137312,DASABUVIR,SLC2A1,493.6,-11.23,0.6059,SLC2A1,0.6045,ACVR1,0.5884,1060.0,1196.0,1356.0
CHEMBL1200604,TROPICAMIDE,TNIK,284.4,-7.426,0.6058,TNIK,0.6211,TNIK,0.6345,1061.0,1036.0,888.0
CHEMBL56337,EPALRESTAT,MAPK14,319.4,-7.26,0.6058,MAPK14,0.6233,MAPK14,0.6032,1062.0,1020.0,1183.0
CHEMBL425,OLSALAZINE,MAPK14,302.2,-8.257,0.6055,MAPK14,0.6196,MAPK14,0.6258,1063.0,1046.0,968.0
CHEMBL1474963,BENZARONE,ACVR1,266.3,-8.491,0.6052,AXL,0.693,AXL,0.6885,1064.0,268.0,364.0
CHEMBL46917,CARBARIL,TNIK,201.2,-7.414,0.6052,TNIK,0.6312,ACVR1,0.6981,1065.0,933.0,259.0
CHEMBL856,PRIMIDONE,MAPK14,218.3,-7.256,0.6052,MAPK14,0.656,MAPK14,0.696,1066.0,654.0,287.0
CHEMBL33986,BUTORPHANOL,SERPINE1,327.5,-6.611,0.6051,AXL,0.6519,AXL,0.621,1067.0,706.0,1025.0
CHEMBL299400,BUTORPHANOL TARTRATE,SERPINE1,327.5,-6.611,0.6051,AXL,0.6519,AXL,0.621,1067.0,706.0,1025.0
CHEMBL3039504,NINTEDANIB ESYLATE,AXL,539.6,-8.021,0.605,TNIK,0.5307,ACVR1,0.5305,1069.0,1903.0,1882.0
CHEMBL502835,NINTEDANIB,AXL,539.6,-8.021,0.605,TNIK,0.5307,ACVR1,0.5305,1069.0,1903.0,1882.0
CHEMBL1200405,BITOLTEROL MESYLATE,MAPK14,461.6,-8.253,0.6049,MAPK14,0.5953,MAPK14,0.5855,1071.0,1292.0,1391.0
CHEMBL1201295,BITOLTEROL,MAPK14,461.6,-8.253,0.6049,MAPK14,0.5953,MAPK14,0.5855,1071.0,1292.0,1391.0
CHEMBL1200538,BETAMETHASONE ACETATE,SLC2A1,434.5,-9.24,0.6049,MAPK14,0.5859,MAPK14,0.5378,1073.0,1383.0,1822.0
CHEMBL1741134,PICOSULFURIC ACID,ACVR1,437.5,-8.875,0.6048,ITPKC,0.575,ACVR1,0.5332,1074.0,1492.0,1857.0
CHEMBL1442422,DIBENZEPIN,ACVR1,295.4,-8.485,0.6045,ACVR1,0.6633,ACVR1,0.6641,1075.0,570.0,608.0
CHEMBL2104287,DIBENZEPIN HYDROCHLORIDE,ACVR1,295.4,-8.485,0.6045,ACVR1,0.6633,ACVR1,0.6641,1075.0,570.0,608.0
CHEMBL503,LOVASTATIN,ACVR1,404.5,-8.871,0.6044,AXL,0.6016,AXL,0.5339,1077.0,1232.0,1850.0
CHEMBL611,TERAZOSIN,SLC2A1,387.4,-9.228,0.6043,SLC2A1,0.6153,SERPINE1,0.5507,1078.0,1090.0,1718.0
CHEMBL3989562,TERAZOSIN HYDROCHLORIDE,SLC2A1,387.4,-9.228,0.6043,SLC2A1,0.6153,SERPINE1,0.5507,1078.0,1090.0,1718.0
CHEMBL1200492,NEFAZODONE HYDROCHLORIDE,TNIK,470.0,-8.539,0.6037,TNIK,0.5972,TNIK,0.5753,1080.0,1269.0,1488.0
CHEMBL623,NEFAZODONE,TNIK,470.0,-8.539,0.6037,TNIK,0.5972,TNIK,0.5753,1080.0,1269.0,1488.0
CHEMBL2325741,CAPIVASERTIB,AXL,428.9,-8.009,0.6037,AXL,0.6033,AXL,0.5749,1082.0,1210.0,1494.0
CHEMBL1800159,RELUGOLIX,SLC2A1,623.6,-11.08,0.6037,ACVR1,0.5768,ACVR1,0.5923,1083.0,1467.0,1303.0
CHEMBL388590,BENZBROMARONE,AXL,424.1,-7.532,0.6035,AXL,0.5865,AXL,0.5365,1084.0,1376.0,1832.0
CHEMBL1601669,ALFACALCIDOL,ACVR1,400.6,-8.867,0.6034,ACVR1,0.6024,ADRA2A,0.5453,1085.0,1218.0,1767.0
CHEMBL1201782,FOSAPREPITANT DIMEGLUMINE,AXL,614.4,-8.885,0.6033,ACVR1,0.5408,AXL,0.5784,1086.0,1805.0,1455.0
CHEMBL1199324,FOSAPREPITANT,AXL,614.4,-8.885,0.6033,ACVR1,0.5408,AXL,0.5784,1086.0,1805.0,1455.0
CHEMBL2024517,CARIPRAZINE HYDROCHLORIDE,SLC2A1,427.4,-9.208,0.6031,ITPKC,0.5792,ITPKC,0.5283,1088.0,1439.0,1901.0
CHEMBL499915,CARBENOXOLONE,AXL,570.8,-8.844,0.603,AXL,0.56,AXL,0.5774,1089.0,1643.0,1473.0
CHEMBL1520,VARDENAFIL,SLC2A1,488.6,-9.751,0.6029,GALNS,0.5629,GALNS,0.5363,1090.0,1622.0,1835.0
CHEMBL2106915,METHOPHOLINE,ACVR1,345.9,-8.66,0.6029,ACVR1,0.6323,ACVR1,0.6167,1091.0,920.0,1073.0
CHEMBL436,TOLRESTAT,ADRA2A,357.4,-8.741,0.6027,ADRA2A,0.6232,ADRA2A,0.6229,1092.0,1022.0,1008.0
CHEMBL1200714,CHLORMEZANONE,SERPINE1,273.7,-6.597,0.6027,SERPINE1,0.6326,SERPINE1,0.6231,1093.0,912.0,1003.0
CHEMBL891,CLOXACILLIN,ACVR1,435.9,-8.861,0.6027,GALNS,0.5971,GALNS,0.5587,1094.0,1272.0,1638.0
CHEMBL3188034,TRIPROLIDINE HYDROCHLORIDE,ACVR1,278.4,-8.471,0.6027,ACVR1,0.6691,ACVR1,0.6628,1095.0,505.0,615.0
CHEMBL855,TRIPROLIDINE,ACVR1,278.4,-8.471,0.6027,ACVR1,0.6691,ACVR1,0.6628,1095.0,505.0,615.0
CHEMBL1946170,REGORAFENIB,TNIK,482.8,-10.48,0.6026,TNIK,0.6025,TNIK,0.6004,1097.0,1217.0,1216.0
CHEMBL1243,SULFABENZAMIDE,VASH2,276.3,-7.611,0.6026,AXL,0.6502,VASH2,0.6556,1098.0,731.0,694.0
CHEMBL1200323,LABETALOL HYDROCHLORIDE,MAPK14,328.4,-8.233,0.6026,MAPK14,0.6146,MAPK14,0.607,1099.0,1100.0,1157.0
CHEMBL429,LABETALOL,MAPK14,328.4,-8.233,0.6026,MAPK14,0.6146,MAPK14,0.607,1099.0,1100.0,1157.0
CHEMBL4303288,ABACAVIR SULFATE,SERPINE1,286.3,-6.975,0.6025,SERPINE1,0.6158,ITPKC,0.6191,1101.0,1085.0,1041.0
CHEMBL1380,ABACAVIR,SERPINE1,286.3,-6.975,0.6025,SERPINE1,0.6158,ITPKC,0.6191,1101.0,1085.0,1041.0
CHEMBL1117,IDARUBICIN,AXL,497.5,-8.839,0.6025,AXL,0.5886,AXL,0.5751,1103.0,1356.0,1492.0
CHEMBL1200976,IDARUBICIN HYDROCHLORIDE,AXL,497.5,-8.839,0.6025,AXL,0.5886,AXL,0.5751,1103.0,1356.0,1492.0
CHEMBL2105700,BEDAQUILINE FUMARATE,AXL,555.5,-7.999,0.6024,GALNS,0.5294,ACVR1,0.5319,1105.0,1918.0,1871.0
CHEMBL376488,BEDAQUILINE,AXL,555.5,-7.999,0.6024,GALNS,0.5294,ACVR1,0.5319,1105.0,1918.0,1871.0
CHEMBL819,OXACILLIN,GALNS,401.4,-8.055,0.6021,GALNS,0.608,GALNS,0.5646,1107.0,1170.0,1585.0
CHEMBL2103855,TELOTRISTAT,AXL,546.9,-8.796,0.6021,TNIK,0.5804,AXL,0.5728,1108.0,1430.0,1507.0
CHEMBL3183453,NOVOBIOCIN SODIUM,SLC2A1,611.6,-10.94,0.602,TNIK,0.5744,TNIK,0.567,1109.0,1505.0,1557.0
CHEMBL178,DAUNORUBICIN,AXL,527.5,-8.786,0.6017,AXL,0.5763,AXL,0.5715,1110.0,1471.0,1517.0
CHEMBL1200475,DAUNORUBICIN CITRATE,AXL,527.5,-8.786,0.6017,AXL,0.5763,AXL,0.5715,1110.0,1471.0,1517.0
CHEMBL1563,DAUNORUBICIN HYDROCHLORIDE,AXL,527.5,-8.786,0.6017,AXL,0.5763,AXL,0.5715,1110.0,1471.0,1517.0
CHEMBL4582651,PRALSETINIB,SLC2A1,533.6,-10.93,0.6016,SLC2A1,0.5799,MAPK14,0.568,1113.0,1432.0,1546.0
CHEMBL32800,FENOTEROL,TNIK,303.4,-8.495,0.6016,TNIK,0.6098,TNIK,0.6194,1114.0,1157.0,1039.0
CHEMBL2105758,AVATROMBOPAG MALEATE,SLC2A1,649.7,-10.92,0.6011,TNIK,0.5602,TNIK,0.5589,1115.0,1639.0,1634.0
CHEMBL2103883,AVATROMBOPAG,SLC2A1,649.7,-10.92,0.6011,TNIK,0.5602,TNIK,0.5589,1115.0,1639.0,1634.0
CHEMBL4101807,VOXELOTOR,AXL,337.4,-7.141,0.6011,AXL,0.647,AXL,0.6275,1117.0,761.0,952.0
CHEMBL1516474,TEGASEROD MALEATE,SERPINE1,301.4,-6.943,0.6011,SERPINE1,0.6126,VASH2,0.6243,1118.0,1120.0,991.0
CHEMBL76370,TEGASEROD,SERPINE1,301.4,-6.943,0.6011,SERPINE1,0.6126,VASH2,0.6243,1118.0,1120.0,991.0
CHEMBL1201116,HETACILLIN,AXL,389.5,-7.139,0.6009,AXL,0.5983,AXL,0.4952,1120.0,1258.0,2122.0
CHEMBL4298150,SIPONIMOD FUMARIC ACID,SLC2A1,516.6,-10.9,0.6009,SLC2A1,0.5837,SLC2A1,0.5525,1121.0,1401.0,1697.0
CHEMBL249837,METHACYCLINE,AXL,442.4,-8.732,0.6008,AXL,0.5987,AXL,0.6032,1122.0,1254.0,1184.0
CHEMBL2146123,METHACYCLINE HYDROCHLORIDE,AXL,442.4,-8.732,0.6008,AXL,0.5987,AXL,0.6032,1122.0,1254.0,1184.0
CHEMBL4594250,NETARSUDIL,TNIK,453.5,-10.21,0.6007,TNIK,0.6006,TNIK,0.598,1124.0,1244.0,1239.0
CHEMBL4594251,NETARSUDIL DIMESYLATE,TNIK,453.5,-10.21,0.6007,TNIK,0.6006,TNIK,0.598,1124.0,1244.0,1239.0
CHEMBL1256987,FUSIDATE SODIUM,SLC2A1,515.7,-10.89,0.6007,SLC2A1,0.5835,SLC2A1,0.5516,1126.0,1407.0,1709.0
CHEMBL4298168,IBREXAFUNGERP CITRATE,SLC2A1,730.1,-10.87,0.6004,AXL,0.3897,AXL,0.564,1127.0,2687.0,1594.0
CHEMBL4297513,IBREXAFUNGERP,SLC2A1,730.1,-10.87,0.6004,AXL,0.3897,AXL,0.564,1127.0,2687.0,1594.0
CHEMBL1770248,ERTUGLIFLOZIN,TNIK,436.9,-8.467,0.5999,TNIK,0.596,TNIK,0.5644,1129.0,1284.0,1589.0
CHEMBL5315054,ERTUGLIFLOZIN PIDOLATE,TNIK,436.9,-8.467,0.5999,TNIK,0.596,TNIK,0.5644,1129.0,1284.0,1589.0
CHEMBL531,PERGOLIDE,ADRA2A,314.5,-7.89,0.5997,AXL,0.6507,AXL,0.6121,1131.0,722.0,1110.0
CHEMBL603,ZAFIRLUKAST,SLC2A1,575.7,-10.83,0.5996,TNIK,0.5884,TNIK,0.5821,1132.0,1359.0,1429.0
CHEMBL1200781,CITALOPRAM HYDROBROMIDE,TNIK,324.4,-7.363,0.5996,VASH2,0.6102,VASH2,0.5955,1133.0,1155.0,1265.0
CHEMBL549,CITALOPRAM,TNIK,324.4,-7.363,0.5996,VASH2,0.6102,VASH2,0.5955,1133.0,1155.0,1265.0
CHEMBL1290,PENBUTOLOL,MAPK14,291.4,-7.209,0.5994,MAPK14,0.6283,MAPK14,0.649,1135.0,974.0,739.0
CHEMBL2361370,PENBUTOLOL SULFATE,MAPK14,291.4,-7.209,0.5994,MAPK14,0.6283,MAPK14,0.649,1135.0,974.0,739.0
CHEMBL620,CLIDINIUM,ACVR1,352.5,-8.44,0.5993,ACVR1,0.622,GALNS,0.619,1137.0,1031.0,1045.0
CHEMBL1761,PROCYCLIDINE HYDROCHLORIDE,ACVR1,287.4,-8.44,0.5993,ACVR1,0.6635,ACVR1,0.6596,1137.0,565.0,650.0
CHEMBL86715,PROCYCLIDINE,ACVR1,287.4,-8.44,0.5993,ACVR1,0.6635,ACVR1,0.6596,1137.0,565.0,650.0
CHEMBL1200950,CLIDINIUM BROMIDE,ACVR1,352.5,-8.44,0.5993,ACVR1,0.622,GALNS,0.619,1137.0,1031.0,1045.0
CHEMBL1336,SORAFENIB,TNIK,464.8,-10.03,0.5993,TNIK,0.5989,TNIK,0.5928,1141.0,1252.0,1297.0
CHEMBL1200485,SORAFENIB TOSYLATE,TNIK,464.8,-10.03,0.5993,TNIK,0.5989,TNIK,0.5928,1141.0,1252.0,1297.0
CHEMBL1200936,PENICILLIN G PROCAINE,TNIK,334.4,-7.806,0.5992,TNIK,0.6044,TNIK,0.5953,1143.0,1197.0,1269.0
CHEMBL1628385,PROCAINE BENZYLPENICILLIN,TNIK,334.4,-7.806,0.5992,TNIK,0.6044,TNIK,0.5953,1143.0,1197.0,1269.0
CHEMBL3989515,PENICILLIN G BENZATHINE,TNIK,334.4,-7.806,0.5992,TNIK,0.6044,TNIK,0.5953,1143.0,1197.0,1269.0
CHEMBL29,PENICILLIN G,TNIK,334.4,-7.806,0.5992,TNIK,0.6044,TNIK,0.5953,1143.0,1197.0,1269.0
CHEMBL1200893,PROTOKYLOL HYDROCHLORIDE,MAPK14,331.4,-8.168,0.5992,MAPK14,0.6121,MAPK14,0.6024,1147.0,1132.0,1192.0
CHEMBL1201273,PROTOKYLOL,MAPK14,331.4,-8.168,0.5992,MAPK14,0.6121,MAPK14,0.6024,1147.0,1132.0,1192.0
CHEMBL1200675,TOREMIFENE CITRATE,SLC2A1,406.0,-9.634,0.5991,SLC2A1,0.6004,SLC2A1,0.5524,1149.0,1246.0,1701.0
CHEMBL1655,TOREMIFENE,SLC2A1,406.0,-9.634,0.5991,SLC2A1,0.6004,SLC2A1,0.5524,1149.0,1246.0,1701.0
CHEMBL2104489,ANAGESTONE ACETATE,ACVR1,372.5,-8.617,0.5991,AXL,0.6162,AXL,0.62,1151.0,1079.0,1033.0
CHEMBL585,TRIAMTERENE,TNIK,253.3,-8.456,0.5988,TNIK,0.6122,TNIK,0.6181,1152.0,1131.0,1060.0
CHEMBL697,METHSUXIMIDE,VASH2,203.2,-7.581,0.5985,VASH2,0.6512,AXL,0.6955,1153.0,713.0,291.0
CHEMBL744,RILUZOLE,SERPINE1,234.2,-6.572,0.5983,SERPINE1,0.6387,TNIK,0.6625,1154.0,855.0,619.0
CHEMBL1200645,ETOPOSIDE PHOSPHATE,AXL,668.5,-8.646,0.5982,AXL,0.4449,AXL,0.563,1155.0,2453.0,1603.0
CHEMBL1899801,PERFLENAPENT,TNIK,288.0,-7.549,0.598,MAPK14,0.6161,MAPK14,0.6365,1156.0,1081.0,867.0
CHEMBL2218861,QUINAGOLIDE,AXL,395.6,-7.117,0.5979,AXL,0.5919,AXL,0.4907,1157.0,1322.0,2164.0
CHEMBL1200612,DIBUCAINE HYDROCHLORIDE,MAPK14,343.5,-7.389,0.5978,MAPK14,0.6105,MAPK14,0.5956,1158.0,1147.0,1263.0
CHEMBL1086,DIBUCAINE,MAPK14,343.5,-7.389,0.5978,MAPK14,0.6105,MAPK14,0.5956,1158.0,1147.0,1263.0
CHEMBL2107387,VORTIOXETINE HYDROBROMIDE,SLC2A1,298.5,-8.651,0.5976,SLC2A1,0.672,SLC2A1,0.6882,1160.0,477.0,366.0
CHEMBL2104993,VORTIOXETINE,SLC2A1,298.5,-8.651,0.5976,SLC2A1,0.672,SLC2A1,0.6882,1160.0,477.0,366.0
CHEMBL2105717,CABOZANTINIB,TNIK,501.5,-9.734,0.5972,TNIK,0.5952,TNIK,0.5883,1162.0,1295.0,1359.0
CHEMBL2103868,CABOZANTINIB S-MALATE,TNIK,501.5,-9.734,0.5972,TNIK,0.5952,TNIK,0.5883,1162.0,1295.0,1359.0
CHEMBL1464,WARFARIN,ACVR1,308.3,-8.428,0.597,SLC2A1,0.6639,SLC2A1,0.6872,1164.0,561.0,378.0
CHEMBL4802135,NIRMATRELVIR,AXL,499.5,-7.93,0.597,MAPK14,0.5635,MAPK14,0.5544,1165.0,1616.0,1676.0
CHEMBL2110805,EMEPRONIUM,ACVR1,282.5,-8.593,0.597,ACVR1,0.6566,ACVR1,0.6538,1166.0,643.0,703.0
CHEMBL2106122,EMEPRONIUM BROMIDE,ACVR1,282.5,-8.593,0.597,ACVR1,0.6566,ACVR1,0.6538,1166.0,643.0,703.0
CHEMBL2364609,ESKETAMINE HYDROCHLORIDE,MAPK14,237.7,-7.194,0.597,MAPK14,0.6429,SLC2A1,0.703,1168.0,803.0,220.0
CHEMBL395091,ESKETAMINE,MAPK14,237.7,-7.194,0.597,MAPK14,0.6429,SLC2A1,0.703,1168.0,803.0,220.0
CHEMBL3544914,TEZACAFTOR,SLC2A1,520.5,-10.68,0.5969,SLC2A1,0.5679,SLC2A1,0.5411,1170.0,1577.0,1795.0
CHEMBL305660,EBASTINE,SLC2A1,469.7,-10.68,0.5969,TNIK,0.5957,TNIK,0.586,1170.0,1286.0,1386.0
CHEMBL570,TRIFLUPROMAZINE,SLC2A1,352.4,-8.648,0.5968,SLC2A1,0.6217,AXL,0.6079,1172.0,1033.0,1144.0
CHEMBL512351,BETRIXABAN,MAPK14,451.9,-10.04,0.5968,MAPK14,0.5965,MAPK14,0.5968,1173.0,1278.0,1251.0
CHEMBL4297091,CODEINE SULFATE,AXL,299.4,-7.102,0.5968,AXL,0.6727,AXL,0.6853,1174.0,465.0,392.0
CHEMBL6067642,CODEINE PHOSPHATE,AXL,299.4,-7.102,0.5968,AXL,0.6727,AXL,0.6853,1174.0,465.0,392.0
CHEMBL485,CODEINE,AXL,299.4,-7.102,0.5968,AXL,0.6727,AXL,0.6853,1174.0,465.0,392.0
CHEMBL4297503,BALOXAVIR MARBOXIL,AXL,571.6,-7.927,0.5966,GALNS,0.5791,GALNS,0.578,1177.0,1443.0,1463.0
CHEMBL1200419,MOLINDONE HYDROCHLORIDE,MAPK14,276.4,-7.19,0.5964,MAPK14,0.632,MAPK14,0.6477,1178.0,924.0,758.0
CHEMBL460,MOLINDONE,MAPK14,276.4,-7.19,0.5964,MAPK14,0.632,MAPK14,0.6477,1178.0,924.0,758.0
CHEMBL1201336,FOSPHENYTOIN,ACVR1,362.3,-8.497,0.5964,ACVR1,0.6122,ACVR1,0.5999,1180.0,1129.0,1224.0
CHEMBL1201227,CYCRIMINE,ACVR1,287.4,-8.42,0.5962,ACVR1,0.6596,ACVR1,0.6563,1181.0,615.0,679.0
CHEMBL1200828,CYCRIMINE HYDROCHLORIDE,ACVR1,287.4,-8.42,0.5962,ACVR1,0.6596,ACVR1,0.6563,1181.0,615.0,679.0
CHEMBL1200515,DESERPIDINE,SLC2A1,578.7,-10.64,0.5961,SLC2A1,0.5156,AXL,0.5565,1183.0,2037.0,1658.0
CHEMBL4297592,AMENAMEVIR,ACVR1,482.6,-9.311,0.5958,TNIK,0.5726,TNIK,0.5554,1184.0,1525.0,1667.0
CHEMBL638,VORICONAZOLE,SLC2A1,349.3,-8.646,0.5958,SLC2A1,0.6256,SLC2A1,0.6036,1185.0,999.0,1180.0
CHEMBL2107815,TREPROSTINIL DIOLAMINE,TNIK,390.5,-7.762,0.5953,TNIK,0.5923,TNIK,0.5445,1186.0,1320.0,1769.0
CHEMBL1237119,TREPROSTINIL,TNIK,390.5,-7.762,0.5953,TNIK,0.5923,TNIK,0.5445,1186.0,1320.0,1769.0
CHEMBL9,NORFLOXACIN,TNIK,319.3,-7.321,0.5951,AXL,0.6536,AXL,0.6174,1188.0,691.0,1066.0
CHEMBL1378,THIETHYLPERAZINE,AXL,399.6,-7.28,0.595,AXL,0.5911,ACVR1,0.5083,1189.0,1329.0,2034.0
CHEMBL3989478,THIETHYLPERAZINE MALEATE,AXL,399.6,-7.28,0.595,AXL,0.5911,ACVR1,0.5083,1189.0,1329.0,2034.0
CHEMBL2359670,THIETHYLPERAZINE MALATE,AXL,399.6,-7.28,0.595,AXL,0.5911,ACVR1,0.5083,1189.0,1329.0,2034.0
CHEMBL311498,CIANIDANOL,MAPK14,290.3,-8.084,0.5949,SLC2A1,0.6261,SLC2A1,0.6351,1192.0,997.0,887.0
CHEMBL70972,SERATRODAST,ACVR1,354.4,-8.781,0.5947,ACVR1,0.6179,ACVR1,0.6123,1193.0,1062.0,1105.0
CHEMBL1788403,BIOALLETHRIN,VASH2,302.4,-7.546,0.5946,VASH2,0.6267,VASH2,0.6517,1194.0,992.0,714.0
CHEMBL702,PIPERACILLIN,AXL,517.6,-8.54,0.5946,AXL,0.5623,AXL,0.5536,1195.0,1624.0,1682.0
CHEMBL3989931,ENASIDENIB MESYLATE,MAPK14,473.4,-9.415,0.5945,MAPK14,0.5933,MAPK14,0.5912,1196.0,1311.0,1325.0
CHEMBL3989908,ENASIDENIB,MAPK14,473.4,-9.415,0.5945,MAPK14,0.5933,MAPK14,0.5912,1196.0,1311.0,1325.0
CHEMBL2107703,FENTICONAZOLE NITRATE,MAPK14,455.4,-8.078,0.5945,MAPK14,0.5846,MAPK14,0.5572,1198.0,1393.0,1648.0
CHEMBL1651990,FENTICONAZOLE,MAPK14,455.4,-8.078,0.5945,MAPK14,0.5846,MAPK14,0.5572,1198.0,1393.0,1648.0
CHEMBL253376,BROMHEXINE,TNIK,376.1,-7.507,0.5945,TNIK,0.5947,TNIK,0.5862,1200.0,1301.0,1384.0
CHEMBL1319139,BROMHEXINE HYDROCHLORIDE,TNIK,376.1,-7.507,0.5945,TNIK,0.5947,TNIK,0.5862,1200.0,1301.0,1384.0
CHEMBL2105842,CORTIVAZOL,AXL,530.7,-8.53,0.5944,AXL,0.5515,AXL,0.5526,1202.0,1719.0,1693.0
CHEMBL21731,MAPROTILINE,SERPINE1,277.4,-6.539,0.5943,ACVR1,0.6488,ACVR1,0.6382,1203.0,746.0,849.0
CHEMBL407,FLUMAZENIL,ACVR1,303.3,-8.396,0.5941,AXL,0.6579,AXL,0.6788,1204.0,630.0,451.0
CHEMBL782,TOLBUTAMIDE,MAPK14,270.4,-7.171,0.594,MAPK14,0.6322,MAPK14,0.6468,1205.0,921.0,769.0
CHEMBL1201154,PROCHLORPERAZINE EDISYLATE,SLC2A1,374.0,-8.824,0.594,SLC2A1,0.6006,SLC2A1,0.6202,1206.0,1241.0,1028.0
CHEMBL1314751,PROCHLORPERAZINE MALEATE,SLC2A1,374.0,-8.824,0.594,SLC2A1,0.6006,SLC2A1,0.6202,1206.0,1241.0,1028.0
CHEMBL728,PROCHLORPERAZINE,SLC2A1,374.0,-8.824,0.594,SLC2A1,0.6006,SLC2A1,0.6202,1206.0,1241.0,1028.0
CHEMBL2107726,ARIMOCLOMOL,TNIK,313.8,-7.31,0.5939,TNIK,0.606,TNIK,0.5822,1209.0,1184.0,1427.0
CHEMBL4298149,ARIMOCLOMOL CITRATE,TNIK,313.8,-7.31,0.5939,TNIK,0.606,TNIK,0.5822,1209.0,1184.0,1427.0
CHEMBL1201263,HYDROCORTAMATE,SLC2A1,475.6,-9.571,0.5938,TNIK,0.5618,TNIK,0.54,1211.0,1629.0,1807.0
CHEMBL1200635,HYDROCORTAMATE HYDROCHLORIDE,SLC2A1,475.6,-9.571,0.5938,TNIK,0.5618,TNIK,0.54,1211.0,1629.0,1807.0
CHEMBL16,PHENYTOIN,ACVR1,252.3,-8.382,0.5936,ACVR1,0.6731,ACVR1,0.6515,1213.0,460.0,718.0
CHEMBL1474889,CLOBUTINOL,TNIK,255.8,-7.308,0.5934,TNIK,0.616,TNIK,0.6253,1214.0,1082.0,976.0
CHEMBL2040682,CICLESONIDE,AXL,540.7,-8.513,0.5933,AXL,0.5428,AXL,0.548,1215.0,1770.0,1746.0
CHEMBL273575,NOMIFENSINE,ACVR1,238.3,-8.379,0.5933,ACVR1,0.6808,SLC2A1,0.7296,1216.0,376.0,51.0
CHEMBL1256842,NOMIFENSINE MALEATE,ACVR1,238.3,-8.379,0.5933,ACVR1,0.6808,SLC2A1,0.7296,1216.0,376.0,51.0
CHEMBL1254682,LEVALLORPHAN,SERPINE1,283.4,-6.529,0.5932,SLC2A1,0.6737,SLC2A1,0.6785,1218.0,453.0,455.0
CHEMBL2062276,LEVALLORPHAN TARTRATE,SERPINE1,283.4,-6.529,0.5932,SLC2A1,0.6737,SLC2A1,0.6785,1218.0,453.0,455.0
CHEMBL1200384,BETAMETHASONE DIPROPIONATE,AXL,504.6,-7.892,0.593,TNIK,0.5385,TNIK,0.5188,1220.0,1825.0,1976.0
CHEMBL900,ORPHENADRINE,ACVR1,269.4,-7.934,0.5929,ACVR1,0.6681,ACVR1,0.6541,1221.0,523.0,700.0
CHEMBL52440,DEXTROMETHORPHAN,SERPINE1,271.4,-6.527,0.5929,AXL,0.6676,AXL,0.6577,1222.0,526.0,666.0
CHEMBL1256818,DEXTROMETHORPHAN HYDROBROMIDE,SERPINE1,271.4,-6.527,0.5929,AXL,0.6676,AXL,0.6577,1222.0,526.0,666.0
CHEMBL91,MICONAZOLE,TNIK,416.1,-7.389,0.5926,TNIK,0.5844,TNIK,0.533,1224.0,1395.0,1858.0
CHEMBL1201027,GLYCOPYRRONIUM BROMIDE,MAPK14,318.4,-7.157,0.5922,SLC2A1,0.6382,MAPK14,0.5839,1225.0,857.0,1410.0
CHEMBL3707243,GLYCOPYRRONIUM TOSYLATE,MAPK14,318.4,-7.157,0.5922,SLC2A1,0.6382,MAPK14,0.5839,1225.0,857.0,1410.0
CHEMBL1201335,GLYCOPYRRONIUM,MAPK14,318.4,-7.157,0.5922,SLC2A1,0.6382,MAPK14,0.5839,1225.0,857.0,1410.0
CHEMBL527,PIROXICAM,ACVR1,331.4,-8.757,0.592,AXL,0.6443,AXL,0.62,1228.0,792.0,1035.0
CHEMBL908,CHLORPROTHIXENE,ACVR1,315.9,-8.37,0.5919,ACVR1,0.642,ACVR1,0.5936,1229.0,814.0,1285.0
CHEMBL977,HYDROCORTISONE HEMISUCCINATE ANHYDROUS,SLC2A1,462.5,-9.551,0.5918,SLC2A1,0.5396,SLC2A1,0.4781,1230.0,1812.0,2253.0
CHEMBL953,ENTACAPONE,MAPK14,305.3,-7.222,0.5917,MAPK14,0.615,MAPK14,0.6445,1231.0,1098.0,787.0
CHEMBL1201150,SUMATRIPTAN SUCCINATE,TNIK,295.4,-7.287,0.5916,TNIK,0.6075,TNIK,0.621,1232.0,1179.0,1024.0
CHEMBL1200772,WARFARIN POTASSIUM,ADRA2A,307.3,-8.612,0.5916,ADRA2A,0.6354,ADRA2A,0.6445,1233.0,892.0,788.0
CHEMBL1200879,WARFARIN SODIUM,ADRA2A,307.3,-8.612,0.5916,ADRA2A,0.6354,ADRA2A,0.6445,1233.0,892.0,788.0
CHEMBL939,GEFITINIB,SLC2A1,446.9,-9.083,0.5915,MAPK14,0.5687,TNIK,0.5257,1235.0,1573.0,1925.0
CHEMBL218650,DELAMANID,SLC2A1,534.5,-10.47,0.5914,SERPINE1,0.5524,SERPINE1,0.5478,1236.0,1715.0,1750.0
CHEMBL2105745,GLYCEROL PHENYLBUTYRATE,MAPK14,530.7,-9.021,0.5912,MAPK14,0.5814,MAPK14,0.5837,1237.0,1424.0,1414.0
CHEMBL174,AMPICILLIN,MAPK14,349.4,-8.041,0.5911,MAPK14,0.6021,MAPK14,0.5923,1238.0,1225.0,1304.0
CHEMBL700,SULFAPYRIDINE,TNIK,249.3,-7.281,0.5911,MAPK14,0.6276,MAPK14,0.6325,1239.0,984.0,905.0
CHEMBL995,LOSARTAN POTASSIUM,MAPK14,421.9,-7.531,0.5911,MAPK14,0.5774,MAPK14,0.5247,1240.0,1464.0,1936.0
CHEMBL1522,ESZOPICLONE,SLC2A1,388.8,-9.079,0.5909,SLC2A1,0.5972,SLC2A1,0.4994,1241.0,1271.0,2093.0
CHEMBL418995,AMINEPTINE,MAPK14,337.5,-7.32,0.5909,MAPK14,0.6038,MAPK14,0.5894,1242.0,1205.0,1345.0
CHEMBL2096642,INAMRINONE LACTATE,SERPINE1,187.2,-6.513,0.5909,SERPINE1,0.6427,TNIK,0.6667,1243.0,808.0,591.0
CHEMBL12856,INAMRINONE,SERPINE1,187.2,-6.513,0.5909,SERPINE1,0.6427,TNIK,0.6667,1243.0,808.0,591.0
CHEMBL1200794,OXYMORPHONE HYDROCHLORIDE,SLC2A1,301.3,-9.075,0.5906,SLC2A1,0.6625,SLC2A1,0.6735,1245.0,579.0,515.0
CHEMBL963,OXYMORPHONE,SLC2A1,301.3,-9.075,0.5906,SLC2A1,0.6625,SLC2A1,0.6735,1245.0,579.0,515.0
CHEMBL1200975,CLOCORTOLONE PIVALATE,AXL,495.0,-7.848,0.5905,GALNS,0.5338,ACVR1,0.5283,1247.0,1883.0,1902.0
CHEMBL2105729,DABRAFENIB MESYLATE,TNIK,519.6,-9.319,0.5901,TNIK,0.5861,TNIK,0.5732,1248.0,1379.0,1503.0
CHEMBL2028663,DABRAFENIB,TNIK,519.6,-9.319,0.5901,TNIK,0.5861,TNIK,0.5732,1248.0,1379.0,1503.0
CHEMBL1201134,LUBIPROSTONE,TNIK,390.5,-8.272,0.5901,TNIK,0.5889,TNIK,0.5502,1250.0,1345.0,1726.0
CHEMBL1291,METIPRANOLOL,MAPK14,309.4,-7.124,0.5895,MAPK14,0.6123,MAPK14,0.6432,1251.0,1126.0,805.0
CHEMBL1200947,METIPRANOLOL HYDROCHLORIDE,MAPK14,309.4,-7.124,0.5895,MAPK14,0.6123,MAPK14,0.6432,1251.0,1126.0,805.0
CHEMBL1413,CICLOPIROX,MAPK14,207.3,-7.124,0.5895,MAPK14,0.6466,ACVR1,0.6903,1251.0,767.0,343.0
CHEMBL3668014,LINZAGOLIX,AXL,508.4,-7.84,0.5894,GALNS,0.5299,MAPK14,0.5106,1254.0,1913.0,2022.0
CHEMBL111,RIMONABANT,SLC2A1,463.8,-9.498,0.5892,GALNS,0.5736,GALNS,0.5467,1255.0,1513.0,1758.0
CHEMBL1200959,METHDILAZINE,ACVR1,296.4,-8.523,0.589,ACVR1,0.6447,ACVR1,0.6487,1256.0,786.0,744.0
CHEMBL1200532,METHDILAZINE HYDROCHLORIDE,ACVR1,296.4,-8.523,0.589,ACVR1,0.6447,ACVR1,0.6487,1256.0,786.0,744.0
CHEMBL709,ALFUZOSIN,TNIK,389.5,-7.675,0.589,TNIK,0.586,TNIK,0.5386,1258.0,1381.0,1816.0
CHEMBL1723,ALFUZOSIN HYDROCHLORIDE,TNIK,389.5,-7.675,0.589,TNIK,0.586,TNIK,0.5386,1258.0,1381.0,1816.0
CHEMBL1266,TETRAHYDROZOLINE,MAPK14,200.3,-7.119,0.5889,MAPK14,0.6484,SLC2A1,0.6965,1260.0,751.0,276.0
CHEMBL1200413,TETRAHYDROZOLINE HYDROCHLORIDE,MAPK14,200.3,-7.119,0.5889,MAPK14,0.6484,SLC2A1,0.6965,1260.0,751.0,276.0
CHEMBL87708,LOFEPRAMINE,VASH2,419.0,-7.583,0.5888,VASH2,0.5716,VASH2,0.5175,1262.0,1537.0,1980.0
CHEMBL1200968,HYDROCORTISONE SODIUM PHOSPHATE,SLC2A1,440.4,-9.495,0.5888,MAPK14,0.5687,SLC2A1,0.5312,1263.0,1571.0,1879.0
CHEMBL914,FEXOFENADINE,TNIK,501.7,-9.233,0.5887,TNIK,0.5848,TNIK,0.5706,1264.0,1391.0,1524.0
CHEMBL1200618,FEXOFENADINE HYDROCHLORIDE,TNIK,501.7,-9.233,0.5887,TNIK,0.5848,TNIK,0.5706,1264.0,1391.0,1524.0
CHEMBL2104793,PYROVALERONE HYDROCHLORIDE,TNIK,245.4,-7.25,0.5884,TNIK,0.6118,SLC2A1,0.703,1266.0,1137.0,220.0
CHEMBL201960,PYROVALERONE,TNIK,245.4,-7.25,0.5884,TNIK,0.6118,SLC2A1,0.703,1266.0,1137.0,220.0
CHEMBL1531,ETONOGESTREL,ADRA2A,324.5,-8.801,0.5883,ADRA2A,0.6213,ADRA2A,0.6082,1268.0,1035.0,1142.0
CHEMBL3989768,LEVORPHANOL TARTRATE,SERPINE1,257.4,-6.493,0.5881,SLC2A1,0.6537,SLC2A1,0.6344,1269.0,685.0,890.0
CHEMBL592,LEVORPHANOL,SERPINE1,257.4,-6.493,0.5881,SLC2A1,0.6537,SLC2A1,0.6344,1269.0,685.0,890.0
CHEMBL3185958,CLOMIPHENE CITRATE,TNIK,406.0,-8.237,0.5878,TNIK,0.5852,TNIK,0.5466,1271.0,1388.0,1760.0
CHEMBL2355051,CLOMIPHENE,TNIK,406.0,-8.237,0.5878,TNIK,0.5852,TNIK,0.5466,1271.0,1388.0,1760.0
CHEMBL24944,TRIBROMSALAN,TNIK,449.9,-7.667,0.5878,TNIK,0.5765,TNIK,0.5363,1273.0,1468.0,1836.0
CHEMBL397420,ACENOCOUMAROL,TNIK,353.3,-7.664,0.5876,TNIK,0.59,GALNS,0.5911,1274.0,1342.0,1327.0
CHEMBL1111,AMBRISENTAN,GALNS,378.4,-7.353,0.5875,GALNS,0.5964,GALNS,0.502,1275.0,1281.0,2084.0
CHEMBL420762,MOZAVAPTAN,VASH2,427.5,-7.947,0.5872,VASH2,0.5803,VASH2,0.5358,1276.0,1431.0,1839.0
CHEMBL2103877,EFINACONAZOLE,SLC2A1,348.4,-8.532,0.5867,SLC2A1,0.6102,SLC2A1,0.5872,1277.0,1154.0,1367.0
CHEMBL1126,PENICILLIN G SODIUM,MAPK14,333.4,-7.49,0.5866,MAPK14,0.6017,MAPK14,0.5868,1278.0,1228.0,1374.0
CHEMBL1223,PENICILLIN G POTASSIUM,MAPK14,333.4,-7.49,0.5866,MAPK14,0.6017,MAPK14,0.5868,1278.0,1228.0,1374.0
CHEMBL1201749,DIFLUPREDNATE,AXL,508.6,-7.785,0.5864,AXL,0.5066,AXL,0.4777,1280.0,2115.0,2255.0
CHEMBL1774461,FLORBETAPIR F 18,TNIK,359.4,-7.43,0.5863,TNIK,0.5901,TNIK,0.579,1281.0,1340.0,1450.0
CHEMBL1908919,FLORBETAPIR,TNIK,360.4,-7.43,0.5863,TNIK,0.59,TNIK,0.579,1281.0,1341.0,1450.0
CHEMBL669,CYCLOBENZAPRINE,AXL,275.4,-6.992,0.5862,AXL,0.6776,AXL,0.6765,1283.0,402.0,480.0
CHEMBL1201013,OLSALAZINE SODIUM,TNIK,300.2,-8.213,0.5862,TNIK,0.5952,TNIK,0.6056,1284.0,1297.0,1166.0
CHEMBL404108,LUMIRACOXIB,MAPK14,293.7,-7.262,0.5862,SLC2A1,0.6309,SLC2A1,0.6471,1285.0,939.0,763.0
CHEMBL1200874,TOLBUTAMIDE SODIUM,TNIK,269.3,-7.228,0.586,TNIK,0.6058,TNIK,0.6154,1286.0,1187.0,1082.0
CHEMBL1092,TRIHEXYPHENIDYL HYDROCHLORIDE,SLC2A1,301.5,-8.735,0.5859,SLC2A1,0.6572,SLC2A1,0.6779,1287.0,638.0,466.0
CHEMBL1201177,LEVOBUNOLOL HYDROCHLORIDE,MAPK14,291.4,-7.098,0.5859,MAPK14,0.6155,MAPK14,0.6393,1288.0,1088.0,833.0
CHEMBL1201237,LEVOBUNOLOL,MAPK14,291.4,-7.098,0.5859,MAPK14,0.6155,MAPK14,0.6393,1288.0,1088.0,833.0
CHEMBL1201207,BETAMETHASONE PHOSPHORIC ACID,AXL,472.4,-8.343,0.5859,AXL,0.5687,AXL,0.5304,1290.0,1572.0,1888.0
CHEMBL1592,QUINAPRIL,MAPK14,438.5,-7.953,0.5855,MAPK14,0.5754,MAPK14,0.5366,1291.0,1481.0,1830.0
CHEMBL1201011,QUINAPRIL HYDROCHLORIDE,MAPK14,438.5,-7.953,0.5855,MAPK14,0.5754,MAPK14,0.5366,1291.0,1481.0,1830.0
CHEMBL38827,LUMEFANTRINE,SLC2A1,529.0,-10.32,0.585,SLC2A1,0.5262,SLC2A1,0.506,1293.0,1943.0,2058.0
CHEMBL1013,LORACARBEF ANHYDROUS,TNIK,349.8,-8.191,0.5849,TNIK,0.5887,TNIK,0.5889,1294.0,1352.0,1350.0
CHEMBL1200610,LORACARBEF,TNIK,349.8,-8.191,0.5849,TNIK,0.5887,TNIK,0.5889,1294.0,1352.0,1350.0
CHEMBL3544909,CALCIFEDIOL,SLC2A1,400.6,-8.966,0.5847,SLC2A1,0.5708,SLC2A1,0.4886,1296.0,1550.0,2177.0
CHEMBL1040,CALCIFEDIOL ANHYDROUS,SLC2A1,400.6,-8.966,0.5847,SLC2A1,0.5708,SLC2A1,0.4886,1296.0,1550.0,2177.0
CHEMBL284092,GEPIRONE,TNIK,359.5,-7.217,0.5846,TNIK,0.5853,TNIK,0.5699,1298.0,1386.0,1530.0
CHEMBL1204187,GEPIRONE HYDROCHLORIDE,TNIK,359.5,-7.217,0.5846,TNIK,0.5853,TNIK,0.5699,1298.0,1386.0,1530.0
CHEMBL1595,DIHYDROCODEINE,AXL,301.4,-6.984,0.5846,AXL,0.6567,AXL,0.6726,1300.0,641.0,528.0
CHEMBL2062266,DIHYDROCODEINE BITARTRATE,AXL,301.4,-6.984,0.5846,AXL,0.6567,AXL,0.6726,1300.0,641.0,528.0
CHEMBL3137301,SACUBITRIL,MAPK14,411.5,-7.931,0.5845,MAPK14,0.5833,MAPK14,0.5337,1302.0,1409.0,1851.0
CHEMBL1200386,PREDNICARBATE,MAPK14,488.6,-7.577,0.5844,MAPK14,0.5481,MAPK14,0.5276,1303.0,1738.0,1912.0
CHEMBL1201071,TETRACYCLINE PHOSPHATE COMPLEX,AXL,444.4,-8.317,0.5844,AXL,0.5793,AXL,0.5684,1304.0,1436.0,1538.0
CHEMBL454950,TETRACYCLINE HYDROCHLORIDE,AXL,444.4,-8.317,0.5844,AXL,0.5793,AXL,0.5684,1304.0,1436.0,1538.0
CHEMBL1440,TETRACYCLINE,AXL,444.4,-8.317,0.5844,AXL,0.5793,AXL,0.5684,1304.0,1436.0,1538.0
CHEMBL1200495,HYDROCORTISONE SODIUM SUCCINATE,MAPK14,461.5,-8.714,0.5843,MAPK14,0.5785,MAPK14,0.5726,1307.0,1457.0,1513.0
CHEMBL12610,BENZYDAMINE,MAPK14,309.4,-7.082,0.5841,MAPK14,0.6078,MAPK14,0.6367,1308.0,1171.0,863.0
CHEMBL1528134,BENZYDAMINE HYDROCHLORIDE,MAPK14,309.4,-7.082,0.5841,MAPK14,0.6078,MAPK14,0.6367,1308.0,1171.0,863.0
CHEMBL1229517,VEMURAFENIB,SLC2A1,489.9,-10.26,0.584,SLC2A1,0.5539,VASH2,0.5329,1310.0,1697.0,1859.0
CHEMBL1200848,HYDROXYPROGESTERONE CAPROATE,ADRA2A,428.6,-9.014,0.584,ADRA2A,0.5747,ADRA2A,0.5283,1311.0,1497.0,1900.0
CHEMBL1275,PERGOLIDE MESYLATE,AXL,314.5,-7.181,0.5837,AXL,0.6507,AXL,0.6121,1312.0,722.0,1110.0
CHEMBL1201210,PROPIOMAZINE,SLC2A1,340.5,-8.71,0.5835,SLC2A1,0.6209,SLC2A1,0.5996,1313.0,1038.0,1228.0
CHEMBL1201068,PROPIOMAZINE HYDROCHLORIDE,SLC2A1,340.5,-8.71,0.5835,SLC2A1,0.6209,SLC2A1,0.5996,1313.0,1038.0,1228.0
CHEMBL1200389,BRIMONIDINE TARTRATE,MAPK14,292.1,-7.079,0.5835,MAPK14,0.6136,MAPK14,0.6341,1315.0,1111.0,895.0
CHEMBL844,BRIMONIDINE,MAPK14,292.1,-7.079,0.5835,MAPK14,0.6136,MAPK14,0.6341,1315.0,1111.0,895.0
CHEMBL1200385,ARBUTAMINE HYDROCHLORIDE,MAPK14,317.4,-7.917,0.5833,MAPK14,0.6014,MAPK14,0.5854,1317.0,1233.0,1393.0
CHEMBL1201251,ARBUTAMINE,MAPK14,317.4,-7.917,0.5833,MAPK14,0.6014,MAPK14,0.5854,1317.0,1233.0,1393.0
CHEMBL416,METHOXSALEN,MAPK14,216.2,-7.075,0.5828,MAPK14,0.6392,AXL,0.6903,1319.0,849.0,341.0
CHEMBL3989694,OLANZAPINE PAMOATE,AXL,388.4,-8.283,0.5828,AXL,0.5953,AXL,0.5651,1320.0,1289.0,1580.0
CHEMBL3989845,IMIPRAMINE PAMOATE,AXL,388.4,-8.283,0.5828,AXL,0.5953,AXL,0.5651,1320.0,1289.0,1580.0
CHEMBL1599768,PYRANTEL PAMOATE,AXL,388.4,-8.283,0.5828,AXL,0.5953,AXL,0.5651,1320.0,1289.0,1580.0
CHEMBL75880,PERHEXILINE,ACVR1,277.5,-8.465,0.5819,SLC2A1,0.6612,SLC2A1,0.6604,1323.0,594.0,636.0
CHEMBL1334033,PERHEXILINE MALEATE,ACVR1,277.5,-8.465,0.5819,SLC2A1,0.6612,SLC2A1,0.6604,1323.0,594.0,636.0
CHEMBL2218878,TRIMETREXATE GLUCURONATE,ITPKC,369.4,-6.078,0.5818,ITPKC,0.602,ITPKC,0.615,1325.0,1226.0,1084.0
CHEMBL119,TRIMETREXATE,ITPKC,369.4,-6.078,0.5818,ITPKC,0.602,ITPKC,0.615,1325.0,1226.0,1084.0
CHEMBL25105,HEXAMIDINE,MAPK14,354.5,-8.654,0.5818,MAPK14,0.5871,MAPK14,0.585,1327.0,1367.0,1396.0
CHEMBL22097,LORMETAZEPAM,ACVR1,335.2,-8.294,0.5817,ACVR1,0.6172,ACVR1,0.5766,1328.0,1066.0,1478.0
CHEMBL772,RESERPINE,AXL,608.7,-8.254,0.5814,TNIK,0.5083,AXL,0.5213,1329.0,2102.0,1962.0
CHEMBL956,SUPROFEN,MAPK14,260.3,-7.067,0.5813,MAPK14,0.6228,MAPK14,0.6312,1330.0,1025.0,919.0
CHEMBL1697717,CARBENOXOLONE SODIUM,AXL,568.8,-8.251,0.5811,AXL,0.4786,AXL,0.5206,1331.0,2306.0,1966.0
CHEMBL2107383,VERNAKALANT HYDROCHLORIDE,AXL,349.5,-6.962,0.581,AXL,0.6093,AXL,0.5896,1332.0,1160.0,1342.0
CHEMBL2111112,VERNAKALANT,AXL,349.5,-6.962,0.581,AXL,0.6093,AXL,0.5896,1332.0,1160.0,1342.0
CHEMBL1133,OXYBUTYNIN CHLORIDE,TNIK,357.5,-7.18,0.5809,TNIK,0.5806,TNIK,0.5615,1334.0,1426.0,1615.0
CHEMBL1231,OXYBUTYNIN,TNIK,357.5,-7.18,0.5809,TNIK,0.5806,TNIK,0.5615,1334.0,1426.0,1615.0
CHEMBL110691,CHLORMADINONE ACETATE,AXL,404.9,-7.345,0.5805,ADRA2A,0.5795,SERPINE1,0.5167,1336.0,1434.0,1984.0
CHEMBL4298128,ELEXACAFTOR,SLC2A1,597.7,-10.19,0.5804,VASH2,0.5391,VASH2,0.5439,1337.0,1816.0,1780.0
CHEMBL282724,SITAXENTAN,SLC2A1,454.9,-9.394,0.5795,GALNS,0.5605,GALNS,0.5286,1338.0,1636.0,1898.0
CHEMBL333826,DEQUALINIUM,TNIK,456.7,-8.896,0.5794,TNIK,0.5747,TNIK,0.5533,1339.0,1499.0,1684.0
CHEMBL121663,DEQUALINIUM CHLORIDE,TNIK,456.7,-8.896,0.5794,TNIK,0.5747,TNIK,0.5533,1339.0,1499.0,1684.0
CHEMBL904,DEXMETHYLPHENIDATE HYDROCHLORIDE,MAPK14,233.3,-7.046,0.579,MAPK14,0.6312,ACVR1,0.6893,1341.0,931.0,353.0
CHEMBL827,DEXMETHYLPHENIDATE,MAPK14,233.3,-7.046,0.579,MAPK14,0.6312,ACVR1,0.6893,1341.0,931.0,353.0
CHEMBL312448,XYLOMETAZOLINE,TNIK,244.4,-7.158,0.5789,ADRA2A,0.656,ADRA2A,0.7451,1343.0,653.0,14.0
CHEMBL1256400,XYLOMETAZOLINE HYDROCHLORIDE,TNIK,244.4,-7.158,0.5789,AXL,0.6152,AXL,0.7108,1343.0,1097.0,154.0
CHEMBL1201059,PROGUANIL HYDROCHLORIDE,MAPK14,253.7,-7.394,0.5788,SLC2A1,0.6222,MAPK14,0.6278,1345.0,1029.0,950.0
CHEMBL1377,PROGUANIL,MAPK14,253.7,-7.394,0.5788,SLC2A1,0.6222,MAPK14,0.6278,1345.0,1029.0,950.0
CHEMBL1909285,NITREFAZOLE,TNIK,248.2,-7.556,0.5785,TNIK,0.598,TNIK,0.6115,1347.0,1259.0,1118.0
CHEMBL2106076,CEFPIROME SULFATE,AXL,514.6,-8.198,0.5783,AXL,0.5206,AXL,0.5131,1348.0,1996.0,2003.0
CHEMBL65794,CEFPIROME,AXL,514.6,-8.198,0.5783,AXL,0.5206,AXL,0.5131,1348.0,1996.0,2003.0
CHEMBL14370,REBOXETINE,ACVR1,313.4,-8.264,0.5779,SLC2A1,0.6309,ACVR1,0.5695,1350.0,937.0,1535.0
CHEMBL1289494,TIVOZANIB,SLC2A1,454.9,-10.07,0.5775,SLC2A1,0.5636,SLC2A1,0.5564,1351.0,1614.0,1659.0
CHEMBL2105756,TIVOZANIB HYDROCHLORIDE,SLC2A1,454.9,-10.07,0.5775,SLC2A1,0.5636,SLC2A1,0.5564,1351.0,1614.0,1659.0
CHEMBL622,ETODOLAC,SLC2A1,287.4,-8.418,0.5774,SLC2A1,0.6579,SLC2A1,0.6684,1353.0,629.0,579.0
CHEMBL314854,FINGOLIMOD,MAPK14,307.5,-7.041,0.5773,MAPK14,0.6036,MAPK14,0.6273,1354.0,1207.0,954.0
CHEMBL1339,VARDENAFIL HYDROCHLORIDE,SLC2A1,488.6,-9.369,0.5772,GALNS,0.5372,GALNS,0.5059,1355.0,1853.0,2059.0
CHEMBL500576,TEMOPORFIN,SLC2A1,680.8,-15.71,0.5771,SLC2A1,0.5771,SLC2A1,0.5771,1356.0,1466.0,1474.0
CHEMBL1262,OXICONAZOLE,SLC2A1,429.1,-8.855,0.5769,SLC2A1,0.5294,SLC2A1,0.4717,1357.0,1916.0,2293.0
CHEMBL1200836,OXICONAZOLE NITRATE,SLC2A1,429.1,-8.855,0.5769,SLC2A1,0.5294,SLC2A1,0.4717,1357.0,1916.0,2293.0
CHEMBL1201102,TRIFLUPROMAZINE HYDROCHLORIDE,SLC2A1,352.4,-8.648,0.5768,SLC2A1,0.6017,AXL,0.5879,1359.0,1230.0,1361.0
CHEMBL1200946,NANDROLONE DECANOATE,ADRA2A,428.7,-9.555,0.5767,ADRA2A,0.5721,ADRA2A,0.5604,1360.0,1530.0,1622.0
CHEMBL1770,LEVAMISOLE HYDROCHLORIDE,SERPINE1,204.3,-6.419,0.5767,SERPINE1,0.6306,AXL,0.6692,1361.0,942.0,569.0
CHEMBL1454,LEVAMISOLE,SERPINE1,204.3,-6.419,0.5767,SERPINE1,0.6306,AXL,0.6692,1361.0,942.0,569.0
CHEMBL1087,MEPIVACAINE,MAPK14,246.4,-7.04,0.5765,AXL,0.6532,AXL,0.6292,1363.0,694.0,933.0
CHEMBL1200440,MEPIVACAINE HYDROCHLORIDE,MAPK14,246.4,-7.04,0.5765,AXL,0.6532,AXL,0.6292,1363.0,694.0,933.0
CHEMBL1139,EPOPROSTENOL,TNIK,352.5,-7.53,0.5765,TNIK,0.5797,TNIK,0.5697,1365.0,1433.0,1532.0
CHEMBL74,CROMOLYN SODIUM,SLC2A1,466.4,-10.05,0.5764,TNIK,0.5678,TNIK,0.5455,1366.0,1578.0,1766.0
CHEMBL1201014,PREDNISOLONE SODIUM PHOSPHATE,SLC2A1,438.4,-9.359,0.5762,MAPK14,0.5601,MAPK14,0.5242,1367.0,1642.0,1943.0
CHEMBL429910,DAPAGLIFLOZIN,TNIK,408.9,-8.055,0.5762,TNIK,0.5716,TNIK,0.5282,1368.0,1539.0,1903.0
CHEMBL2103802,DAPAGLIFLOZIN PROPANEDIOL,TNIK,408.9,-8.055,0.5762,TNIK,0.5716,TNIK,0.5282,1368.0,1539.0,1903.0
CHEMBL962,EPOPROSTENOL SODIUM,MAPK14,351.5,-7.374,0.5761,MAPK14,0.5858,MAPK14,0.5733,1370.0,1384.0,1502.0
CHEMBL1200449,TRIAMCINOLONE DIACETATE,SLC2A1,478.5,-9.354,0.576,MAPK14,0.5283,MAPK14,0.5034,1371.0,1926.0,2072.0
CHEMBL959,RIMANTADINE,MAPK14,179.3,-7.037,0.5758,MAPK14,0.6468,MAPK14,0.6774,1372.0,763.0,467.0
CHEMBL535396,RIMANTADINE HYDROCHLORIDE,MAPK14,179.3,-7.037,0.5758,MAPK14,0.6468,MAPK14,0.6774,1372.0,763.0,467.0
CHEMBL2103743,TOFACITINIB CITRATE,ACVR1,312.4,-8.233,0.5755,ACVR1,0.6254,ACVR1,0.5639,1374.0,1001.0,1596.0
CHEMBL221959,TOFACITINIB,ACVR1,312.4,-8.233,0.5755,ACVR1,0.6254,ACVR1,0.5639,1374.0,1001.0,1596.0
CHEMBL2106643,MYCOPHENOLATE SODIUM,MAPK14,319.3,-7.372,0.5755,MAPK14,0.5972,MAPK14,0.5727,1376.0,1267.0,1510.0
CHEMBL3137309,VENETOCLAX,SLC2A1,868.5,-12.52,0.5753,MAPK14,0.5308,SLC2A1,0.5679,1377.0,1900.0,1548.0
CHEMBL13376,CLOMETACIN,AXL,357.8,-6.902,0.5751,AXL,0.5944,AXL,0.5775,1378.0,1308.0,1470.0
CHEMBL98,VORINOSTAT,TNIK,264.3,-7.13,0.575,TNIK,0.596,TNIK,0.6036,1379.0,1283.0,1179.0
CHEMBL187709,TRIPARANOL,ADRA2A,438.0,-9.496,0.5745,ADRA2A,0.5668,ADRA2A,0.5568,1380.0,1587.0,1654.0
CHEMBL3989567,OXACILLIN SODIUM,ACVR1,400.4,-8.978,0.5743,ACVR1,0.5726,ACVR1,0.5161,1381.0,1526.0,1986.0
CHEMBL1237135,MAPROTILINE HYDROCHLORIDE,SERPINE1,277.4,-6.539,0.5743,ACVR1,0.6288,ACVR1,0.6182,1382.0,970.0,1056.0
CHEMBL3989559,PANTOPRAZOLE SODIUM,TNIK,382.4,-7.502,0.5742,TNIK,0.5732,TNIK,0.5224,1383.0,1517.0,1954.0
CHEMBL1219,RABEPRAZOLE,TNIK,359.5,-7.124,0.5738,TNIK,0.5718,TNIK,0.5537,1384.0,1536.0,1679.0
CHEMBL896,HYDROXYZINE,VASH2,374.9,-7.354,0.5734,VASH2,0.5747,VASH2,0.5814,1385.0,1502.0,1434.0
CHEMBL3186993,HYDROXYZINE HYDROCHLORIDE,VASH2,374.9,-7.354,0.5734,VASH2,0.5747,VASH2,0.5814,1385.0,1502.0,1434.0
CHEMBL1200467,HYDROXYZINE PAMOATE,VASH2,374.9,-7.354,0.5734,VASH2,0.5747,VASH2,0.5814,1385.0,1502.0,1434.0
CHEMBL893,DICLOXACILLIN,ACVR1,470.3,-8.96,0.5731,ACVR1,0.5247,ACVR1,0.5037,1388.0,1957.0,2070.0
CHEMBL272427,TAURURSODIOL,TNIK,499.7,-8.747,0.5729,TNIK,0.5652,TNIK,0.5481,1389.0,1603.0,1745.0
CHEMBL152684,BECLOBRATE,MAPK14,346.9,-7.162,0.5729,MAPK14,0.5831,MAPK14,0.5658,1390.0,1414.0,1574.0
CHEMBL2104136,CLOMACRAN PHOSPHATE,ACVR1,300.8,-8.375,0.5729,ACVR1,0.6301,AXL,0.6358,1391.0,950.0,878.0
CHEMBL1615350,CLOMACRAN,ACVR1,300.8,-8.375,0.5729,ACVR1,0.6301,AXL,0.6358,1391.0,950.0,878.0
CHEMBL1201260,BETHANIDINE,MAPK14,177.3,-7.161,0.5727,MAPK14,0.6412,MAPK14,0.6691,1393.0,826.0,572.0
CHEMBL2110368,BETHANIDINE SULFATE,MAPK14,177.3,-7.161,0.5727,MAPK14,0.6412,MAPK14,0.6691,1393.0,826.0,572.0
CHEMBL64391,ITRACONAZOLE,SLC2A1,705.6,-11.85,0.5727,TNIK,0.5191,SLC2A1,0.5568,1395.0,2005.0,1655.0
CHEMBL1201038,ACRISORCIN,SERPINE1,194.3,-6.398,0.5727,SERPINE1,0.631,TNIK,0.6563,1396.0,935.0,681.0
CHEMBL443605,HEXYLRESORCINOL,SERPINE1,194.3,-6.398,0.5727,SERPINE1,0.631,TNIK,0.6563,1396.0,935.0,681.0
CHEMBL2308885,CLOBETASONE BUTYRATE,AXL,479.0,-7.619,0.5725,AXL,0.5093,GALNS,0.4573,1398.0,2092.0,2372.0
CHEMBL1909282,FENCLOZIC ACID,TNIK,253.7,-7.106,0.5724,TNIK,0.595,TNIK,0.601,1399.0,1300.0,1209.0
CHEMBL2104356,KETAZOLAM,ACVR1,368.8,-8.204,0.5723,ACVR1,0.5824,ACVR1,0.559,1400.0,1420.0,1633.0
CHEMBL918,PHENACEMIDE,TNIK,178.2,-7.192,0.5723,TNIK,0.6069,TNIK,0.6662,1401.0,1182.0,597.0
CHEMBL716,QUETIAPINE,GALNS,383.5,-7.213,0.5723,GALNS,0.5736,GALNS,0.4743,1402.0,1511.0,2278.0
CHEMBL3188993,QUETIAPINE FUMARATE,GALNS,383.5,-7.213,0.5723,GALNS,0.5736,GALNS,0.4743,1402.0,1511.0,2278.0
CHEMBL2106195,DEXMEDETOMIDINE HYDROCHLORIDE,MAPK14,200.3,-7.005,0.5721,MAPK14,0.638,AXL,0.6965,1404.0,864.0,275.0
CHEMBL1700,SOTALOL HYDROCHLORIDE,SERPINE1,272.4,-6.393,0.572,SERPINE1,0.6092,SERPINE1,0.5982,1405.0,1162.0,1236.0
CHEMBL471,SOTALOL,SERPINE1,272.4,-6.393,0.572,SERPINE1,0.6092,SERPINE1,0.5982,1405.0,1162.0,1236.0
CHEMBL1646,INDOCYANINE GREEN,SLC2A1,752.0,-11.65,0.5719,SERPINE1,0.4821,SLC2A1,0.5535,1407.0,2282.0,1683.0
CHEMBL1201081,METHYLPREDNISOLONE SODIUM SUCCINATE,SLC2A1,473.5,-9.954,0.5719,MAPK14,0.5562,MAPK14,0.5497,1408.0,1676.0,1738.0
CHEMBL1691,BETAXOLOL HYDROCHLORIDE,MAPK14,307.4,-7.156,0.5718,MAPK14,0.5965,MAPK14,0.6251,1409.0,1279.0,977.0
CHEMBL423,BETAXOLOL,MAPK14,307.4,-7.156,0.5718,MAPK14,0.5965,MAPK14,0.6251,1409.0,1279.0,977.0
CHEMBL4535757,SOTORASIB,TNIK,560.6,-8.718,0.5718,TNIK,0.5579,TNIK,0.5435,1411.0,1659.0,1782.0
CHEMBL1200909,PREDNISOLONE TEBUTATE,ACVR1,458.6,-8.937,0.5716,GALNS,0.5522,ACVR1,0.5116,1412.0,1716.0,2014.0
CHEMBL1200930,RABEPRAZOLE SODIUM,TNIK,358.4,-7.097,0.5716,TNIK,0.5689,TNIK,0.5515,1413.0,1570.0,1710.0
CHEMBL866,MYCOPHENOLIC ACID,SERPINE1,320.3,-6.654,0.5715,SERPINE1,0.5869,SERPINE1,0.587,1414.0,1369.0,1372.0
CHEMBL826,ENOXACIN,SERPINE1,320.3,-6.654,0.5715,SLC2A1,0.5965,SERPINE1,0.587,1414.0,1277.0,1372.0
CHEMBL9225,HEXESTROL,TNIK,270.4,-7.286,0.5713,ACVR1,0.5914,TNIK,0.6,1416.0,1328.0,1221.0
CHEMBL1671,PROPRANOLOL HYDROCHLORIDE,MAPK14,259.3,-6.999,0.5713,MAPK14,0.6159,MAPK14,0.6225,1417.0,1083.0,1013.0
CHEMBL129,ZIDOVUDINE,SERPINE1,267.2,-7.144,0.5711,SERPINE1,0.5828,TNIK,0.5797,1418.0,1415.0,1449.0
CHEMBL1689772,OMADACYCLINE,SLC2A1,556.7,-9.933,0.571,SLC2A1,0.4518,SLC2A1,0.4745,1419.0,2408.0,2275.0
CHEMBL2103854,OMADACYCLINE TOSYLATE,SLC2A1,556.7,-9.933,0.571,SLC2A1,0.4518,SLC2A1,0.4745,1419.0,2408.0,2275.0
CHEMBL1177,PEMOLINE,TNIK,176.2,-7.28,0.571,TNIK,0.6048,TNIK,0.6588,1421.0,1193.0,657.0
CHEMBL1200396,BUPIVACAINE HYDROCHLORIDE,MAPK14,288.4,-6.992,0.5703,ACVR1,0.6301,SLC2A1,0.6383,1422.0,952.0,845.0
CHEMBL1098,BUPIVACAINE,MAPK14,288.4,-6.992,0.5703,ACVR1,0.6301,SLC2A1,0.6383,1422.0,952.0,845.0
CHEMBL1201190,LEVOCETIRIZINE DIHYDROCHLORIDE,SLC2A1,388.9,-8.34,0.5701,AXL,0.5505,SLC2A1,0.4595,1424.0,1722.0,2357.0
CHEMBL1201191,LEVOCETIRIZINE,SLC2A1,388.9,-8.34,0.5701,AXL,0.5505,SLC2A1,0.4595,1424.0,1722.0,2357.0
CHEMBL1773,CAPECITABINE,MAPK14,359.4,-7.737,0.5699,MAPK14,0.5808,MAPK14,0.5726,1426.0,1425.0,1512.0
CHEMBL434200,TERTATOLOL,MAPK14,295.4,-6.981,0.5696,MAPK14,0.6004,MAPK14,0.6182,1427.0,1248.0,1055.0
CHEMBL1742423,BILASTINE,TNIK,463.6,-8.672,0.5693,TNIK,0.5643,TNIK,0.5396,1428.0,1608.0,1811.0
CHEMBL438,SULFAMERAZINE,TNIK,264.3,-7.461,0.5692,TNIK,0.5866,TNIK,0.5977,1429.0,1372.0,1246.0
CHEMBL2107260,SULFAMERAZINE SODIUM,TNIK,263.3,-7.46,0.5691,TNIK,0.5867,TNIK,0.5971,1430.0,1370.0,1249.0
CHEMBL243712,AMISULPRIDE,MAPK14,369.5,-7.046,0.569,MAPK14,0.5674,MAPK14,0.5582,1431.0,1582.0,1643.0
CHEMBL1200852,PENICILLIN V POTASSIUM,MAPK14,349.4,-7.724,0.5689,MAPK14,0.5823,MAPK14,0.57,1432.0,1421.0,1529.0
CHEMBL2107830,EMPAGLIFLOZIN,AXL,450.9,-8.081,0.5689,AXL,0.5578,AXL,0.5443,1433.0,1662.0,1776.0
CHEMBL5189739,BEROTRALSTAT,SLC2A1,562.6,-11.44,0.5689,SLC2A1,0.5524,SLC2A1,0.5407,1434.0,1713.0,1801.0
CHEMBL6067995,BEROTRALSTAT HYDROCHLORIDE,SLC2A1,562.6,-11.44,0.5689,SLC2A1,0.5524,SLC2A1,0.5407,1434.0,1713.0,1801.0
CHEMBL1197,HEXYLCAINE,TNIK,261.4,-7.082,0.5688,MAPK14,0.6021,MAPK14,0.6082,1436.0,1223.0,1139.0
CHEMBL1200715,HEXYLCAINE HYDROCHLORIDE,TNIK,261.4,-7.082,0.5688,MAPK14,0.6021,MAPK14,0.6082,1436.0,1223.0,1139.0
CHEMBL1908307,FLOSEQUINAN,MAPK14,239.3,-6.973,0.5688,MAPK14,0.6198,AXL,0.6838,1438.0,1044.0,411.0
CHEMBL2105497,ZIPEPROL,MAPK14,384.5,-7.117,0.5686,ACVR1,0.5652,MAPK14,0.4932,1439.0,1604.0,2138.0
CHEMBL1508,ESCITALOPRAM,VASH2,324.4,-7.315,0.5686,VASH2,0.5951,VASH2,0.5758,1440.0,1298.0,1486.0
CHEMBL1200322,ESCITALOPRAM OXALATE,VASH2,324.4,-7.315,0.5686,VASH2,0.5951,VASH2,0.5758,1440.0,1298.0,1486.0
CHEMBL1631694,FEXINIDAZOLE,SERPINE1,279.3,-6.365,0.5686,SERPINE1,0.6031,SERPINE1,0.5959,1442.0,1211.0,1260.0
CHEMBL631,PROPAFENONE,MAPK14,341.5,-7.116,0.5684,MAPK14,0.5786,MAPK14,0.5609,1443.0,1455.0,1618.0
CHEMBL1201063,PROPAFENONE HYDROCHLORIDE,MAPK14,341.5,-7.116,0.5684,MAPK14,0.5786,MAPK14,0.5609,1443.0,1455.0,1618.0
CHEMBL4301898,BRILLIANT BLUE G FREE ACID,SLC2A1,832.1,-11.42,0.5684,SERPINE1,0.4515,SLC2A1,0.5384,1445.0,2411.0,1818.0
CHEMBL464,ETRETINATE,VASH2,354.5,-7.486,0.5682,SLC2A1,0.5831,VASH2,0.581,1446.0,1412.0,1437.0
CHEMBL231884,DIOSMIN,SLC2A1,608.5,-11.36,0.568,TNIK,0.5405,AXL,0.5406,1447.0,1807.0,1803.0
CHEMBL917,FLOXURIDINE,SERPINE1,246.2,-7.093,0.5679,SERPINE1,0.5826,TNIK,0.5929,1448.0,1419.0,1296.0
CHEMBL1200758,AMPICILLIN SODIUM,TNIK,348.4,-7.926,0.5676,TNIK,0.5709,TNIK,0.5653,1449.0,1548.0,1578.0
CHEMBL1055,CHLORTHALIDONE,MAPK14,338.8,-7.705,0.5674,MAPK14,0.5841,MAPK14,0.5674,1450.0,1398.0,1551.0
CHEMBL189171,ACEMETACIN,SLC2A1,415.8,-8.755,0.5673,SLC2A1,0.5307,VASH2,0.4595,1451.0,1905.0,2359.0
CHEMBL222559,TIPRANAVIR,SLC2A1,602.7,-11.29,0.5671,SLC2A1,0.5227,SLC2A1,0.5332,1452.0,1972.0,1856.0
CHEMBL290916,EDARAVONE,TNIK,174.2,-7.067,0.5671,TNIK,0.6065,TNIK,0.6703,1453.0,1183.0,554.0
CHEMBL1200904,SELEGILINE HYDROCHLORIDE,TNIK,187.3,-7.067,0.5671,TNIK,0.6039,TNIK,0.6703,1453.0,1201.0,554.0
CHEMBL972,SELEGILINE,TNIK,187.3,-7.067,0.5671,TNIK,0.6039,TNIK,0.6703,1453.0,1201.0,554.0
CHEMBL1201265,METHYLPREDNISOLONE HEMISUCCINATE,AXL,474.6,-7.575,0.5669,GALNS,0.5498,GALNS,0.5147,1456.0,1726.0,1994.0
CHEMBL15677,FENCLOFENAC,MAPK14,297.1,-7.107,0.5669,MAPK14,0.5944,MAPK14,0.6203,1457.0,1307.0,1027.0
CHEMBL797,PHENSUXIMIDE,TNIK,189.2,-7.063,0.5668,AXL,0.6244,AXL,0.6923,1458.0,1017.0,330.0
CHEMBL411,DIETHYLSTILBESTROL,TNIK,268.4,-7.236,0.5666,ACVR1,0.624,ACVR1,0.6033,1459.0,1019.0,1182.0
CHEMBL1201050,PEMIROLAST POTASSIUM,TNIK,227.2,-7.432,0.5666,AXL,0.5973,SLC2A1,0.6783,1460.0,1266.0,461.0
CHEMBL1737,SILDENAFIL CITRATE,VASH2,474.6,-8.327,0.5665,VASH2,0.5547,VASH2,0.5289,1461.0,1690.0,1896.0
CHEMBL192,SILDENAFIL,VASH2,474.6,-8.327,0.5665,VASH2,0.5547,VASH2,0.5289,1461.0,1690.0,1896.0
CHEMBL1200483,PHENMETRAZINE HYDROCHLORIDE,TNIK,177.2,-7.058,0.5663,TNIK,0.6051,TNIK,0.668,1463.0,1190.0,582.0
CHEMBL1201208,PHENMETRAZINE,TNIK,177.2,-7.058,0.5663,TNIK,0.6051,TNIK,0.668,1463.0,1190.0,582.0
CHEMBL114,SAQUINAVIR,SLC2A1,670.9,-11.27,0.5662,MAPK14,0.5379,MAPK14,0.5499,1465.0,1835.0,1736.0
CHEMBL282042,SAQUINAVIR MESYLATE,SLC2A1,670.9,-11.27,0.5662,MAPK14,0.5379,MAPK14,0.5499,1465.0,1835.0,1736.0
CHEMBL1200636,CYCLOBENZAPRINE HYDROCHLORIDE,AXL,275.4,-6.992,0.5662,AXL,0.6576,AXL,0.6565,1467.0,633.0,672.0
CHEMBL1201304,INDOCYANINE GREEN ACID FORM,SLC2A1,753.0,-11.25,0.566,SERPINE1,0.492,AXL,0.5426,1468.0,2216.0,1788.0
CHEMBL1200498,ALATROFLOXACIN MESYLATE,AXL,558.5,-9.061,0.5658,AXL,0.5405,AXL,0.5475,1469.0,1808.0,1751.0
CHEMBL1201197,ALATROFLOXACIN,AXL,558.5,-9.061,0.5658,AXL,0.5405,AXL,0.5475,1469.0,1808.0,1751.0
CHEMBL681,ETOMIDATE,TNIK,244.3,-7.05,0.5657,TNIK,0.5887,TNIK,0.6657,1471.0,1351.0,598.0
CHEMBL2103822,TASIMELTEON,MAPK14,245.3,-6.935,0.5655,MAPK14,0.6143,SLC2A1,0.7105,1472.0,1103.0,156.0
CHEMBL915,NEDOCROMIL SODIUM,ACVR1,369.3,-8.878,0.5655,ACVR1,0.5788,ACVR1,0.5847,1473.0,1448.0,1402.0
CHEMBL4164059,PITOLISANT HYDROCHLORIDE,TNIK,295.9,-7.22,0.5653,TNIK,0.579,TNIK,0.5931,1474.0,1444.0,1293.0
CHEMBL462605,PITOLISANT,TNIK,295.9,-7.22,0.5653,TNIK,0.579,TNIK,0.5931,1474.0,1444.0,1293.0
CHEMBL1549,HYDROCORTISONE CYPIONATE,SLC2A1,486.6,-9.787,0.5652,MAPK14,0.5435,MAPK14,0.5353,1476.0,1767.0,1841.0
CHEMBL1502,PANTOPRAZOLE,MAPK14,383.4,-7.256,0.5652,MAPK14,0.5596,MAPK14,0.4928,1477.0,1645.0,2147.0
CHEMBL329522,EXIFONE,TNIK,278.2,-7.886,0.5651,ITPKC,0.5831,TNIK,0.5885,1478.0,1413.0,1354.0
CHEMBL1434,MINOCYCLINE,AXL,457.5,-8.978,0.565,AXL,0.5646,AXL,0.5664,1479.0,1605.0,1565.0
CHEMBL1200881,MINOCYCLINE HYDROCHLORIDE,AXL,457.5,-8.978,0.565,AXL,0.5646,AXL,0.5664,1479.0,1605.0,1565.0
CHEMBL1201193,LEVOBUPIVACAINE,ACVR1,288.4,-8.144,0.5648,SLC2A1,0.6358,SLC2A1,0.646,1481.0,885.0,771.0
CHEMBL3989919,FOSNETUPITANT CHLORIDE HYDROCHLORIDE,ACVR1,689.6,-9.497,0.5648,SERPINE1,0.5053,SERPINE1,0.5183,1481.0,2125.0,1978.0
CHEMBL1200749,LEVOBUPIVACAINE HYDROCHLORIDE,ACVR1,288.4,-8.144,0.5648,SLC2A1,0.6358,SLC2A1,0.646,1481.0,885.0,771.0
CHEMBL1027,TIAGABINE,SLC2A1,375.6,-8.294,0.5648,ITPKC,0.5594,ITPKC,0.5693,1484.0,1647.0,1536.0
CHEMBL3304486,DIFEMERINE,VASH2,327.4,-7.29,0.5646,VASH2,0.5905,VASH2,0.5644,1485.0,1338.0,1587.0
CHEMBL3301670,DIFEMERINE HYDROCHLORIDE,VASH2,327.4,-7.29,0.5646,VASH2,0.5905,VASH2,0.5644,1485.0,1338.0,1587.0
CHEMBL1200560,GUANABENZ ACETATE,MAPK14,231.1,-6.925,0.5643,MAPK14,0.6172,SLC2A1,0.675,1487.0,1064.0,497.0
CHEMBL420,GUANABENZ,MAPK14,231.1,-6.925,0.5643,MAPK14,0.6172,SLC2A1,0.675,1487.0,1064.0,497.0
CHEMBL1200878,TRIAMCINOLONE HEXACETONIDE,AXL,532.6,-8.015,0.5643,GALNS,0.4961,GALNS,0.4819,1489.0,2184.0,2220.0
CHEMBL2064032,VONOPRAZAN FUMARATE,ITPKC,345.4,-5.598,0.5642,ITPKC,0.5978,ITPKC,0.5932,1490.0,1262.0,1291.0
CHEMBL2079130,VONOPRAZAN,ITPKC,345.4,-5.598,0.5642,ITPKC,0.5978,ITPKC,0.5932,1490.0,1262.0,1291.0
CHEMBL1274,NILUTAMIDE,MAPK14,317.2,-7.243,0.564,MAPK14,0.582,MAPK14,0.5609,1492.0,1422.0,1620.0
CHEMBL22242,REMOXIPRIDE,MAPK14,371.3,-6.922,0.564,MAPK14,0.5592,MAPK14,0.5502,1493.0,1648.0,1727.0
CHEMBL3989556,REMOXIPRIDE HYDROCHLORIDE,MAPK14,371.3,-6.922,0.564,MAPK14,0.5592,MAPK14,0.5502,1493.0,1648.0,1727.0
CHEMBL1200887,TRIMETHOBENZAMIDE HYDROCHLORIDE,TNIK,388.5,-7.214,0.564,TNIK,0.5578,TNIK,0.4961,1495.0,1660.0,2116.0
CHEMBL1201256,TRIMETHOBENZAMIDE,TNIK,388.5,-7.214,0.564,TNIK,0.5578,TNIK,0.4961,1495.0,1660.0,2116.0
CHEMBL1200360,IOFETAMINE HYDROCHLORIDE I 123,TNIK,299.2,-7.04,0.5639,TNIK,0.5749,TNIK,0.5915,1497.0,1493.0,1318.0
CHEMBL1201308,IOFETAMINE,TNIK,303.2,-7.04,0.5639,TNIK,0.5736,TNIK,0.5915,1497.0,1514.0,1318.0
CHEMBL1201231,PREDNISOLONE PHOSPHORIC ACID,MAPK14,440.4,-7.67,0.5639,ITPKC,0.5484,ITPKC,0.509,1499.0,1736.0,2032.0
CHEMBL2105735,ASUNAPREVIR,SLC2A1,748.3,-9.765,0.5638,TNIK,0.4834,TNIK,0.5017,1500.0,2273.0,2086.0
CHEMBL3989917,FOSNETUPITANT,SLC2A1,688.6,-9.758,0.5634,TNIK,0.5148,MAPK14,0.5262,1501.0,2044.0,1919.0
CHEMBL1200398,BUTOCONAZOLE NITRATE,TNIK,411.8,-7.397,0.5634,TNIK,0.5566,TNIK,0.505,1502.0,1673.0,2064.0
CHEMBL1295,BUTOCONAZOLE,TNIK,411.8,-7.397,0.5634,TNIK,0.5566,TNIK,0.505,1502.0,1673.0,2064.0
CHEMBL1900528,TIOTROPIUM,SLC2A1,392.5,-8.264,0.563,SLC2A1,0.5308,SLC2A1,0.4536,1504.0,1901.0,2389.0
CHEMBL3545181,TIOTROPIUM BROMIDE,SLC2A1,392.5,-8.264,0.563,SLC2A1,0.5308,SLC2A1,0.4536,1504.0,1901.0,2389.0
CHEMBL1018,DIENESTROL,ACVR1,266.3,-8.302,0.5627,AXL,0.659,AXL,0.6452,1506.0,623.0,782.0
CHEMBL3833319,REVEFENACIN,SLC2A1,597.8,-10.98,0.5626,SLC2A1,0.4961,SLC2A1,0.5194,1507.0,2185.0,1971.0
CHEMBL1559,MICONAZOLE NITRATE,TNIK,416.1,-7.389,0.5626,TNIK,0.5544,TNIK,0.503,1508.0,1694.0,2077.0
CHEMBL76,CHLOROQUINE,TNIK,319.9,-7.193,0.5626,TNIK,0.5707,TNIK,0.547,1509.0,1552.0,1755.0
CHEMBL58510,CHLOROQUINE PHOSPHATE,TNIK,319.9,-7.193,0.5626,TNIK,0.5707,TNIK,0.547,1509.0,1552.0,1755.0
CHEMBL4297165,CHLOROQUINE HYDROCHLORIDE,TNIK,319.9,-7.193,0.5626,TNIK,0.5707,TNIK,0.547,1509.0,1552.0,1755.0
CHEMBL1373,MODAFINIL,ACVR1,273.4,-8.121,0.5624,ACVR1,0.6416,ACVR1,0.6249,1512.0,823.0,983.0
CHEMBL1670,MITOTANE,TNIK,320.0,-7.192,0.5623,TNIK,0.5704,TNIK,0.5457,1513.0,1555.0,1765.0
CHEMBL3833368,RUCAPARIB CAMSYLATE,AXL,323.4,-6.77,0.5622,AXL,0.6035,AXL,0.5536,1514.0,1208.0,1680.0
CHEMBL1173055,RUCAPARIB,AXL,323.4,-6.77,0.5622,AXL,0.6035,AXL,0.5536,1514.0,1208.0,1680.0
CHEMBL1676,FLUTICASONE FUROATE,AXL,538.6,-7.998,0.562,AXL,0.4704,AXL,0.4733,1516.0,2344.0,2283.0
CHEMBL1200820,PIPERACILLIN SODIUM,AXL,516.6,-7.998,0.562,MAPK14,0.5212,MAPK14,0.5236,1516.0,1988.0,1950.0
CHEMBL349803,PIRETANIDE,SLC2A1,362.4,-8.69,0.5618,SLC2A1,0.575,SLC2A1,0.576,1518.0,1489.0,1482.0
CHEMBL1201121,HETACILLIN POTASSIUM,TNIK,388.5,-7.839,0.5616,SLC2A1,0.5698,TNIK,0.5107,1519.0,1563.0,2020.0
CHEMBL1201302,DEXAMETHASONE PHOSPHORIC ACID,AXL,472.4,-7.993,0.5616,MAPK14,0.5479,MAPK14,0.536,1520.0,1739.0,1838.0
CHEMBL146095,GLAFENINE,ACVR1,372.8,-8.464,0.5614,ACVR1,0.57,ACVR1,0.5647,1521.0,1560.0,1584.0
CHEMBL1201758,BEPOTASTINE,AXL,388.9,-6.964,0.5613,AXL,0.5531,VASH2,0.4619,1522.0,1705.0,2341.0
CHEMBL1201759,BEPOTASTINE BESYLATE,AXL,388.9,-6.964,0.5613,AXL,0.5531,VASH2,0.4619,1522.0,1705.0,2341.0
CHEMBL4173394,BRILLIANT BLUE G,AXL,831.0,-8.768,0.5613,SERPINE1,0.449,AXL,0.5296,1524.0,2429.0,1890.0
CHEMBL1200534,MOEXIPRIL HYDROCHLORIDE,MAPK14,498.6,-8.202,0.5611,MAPK14,0.5426,MAPK14,0.537,1525.0,1776.0,1828.0
CHEMBL1165,MOEXIPRIL,MAPK14,498.6,-8.202,0.5611,MAPK14,0.5426,MAPK14,0.537,1525.0,1776.0,1828.0
CHEMBL2105759,BARICITINIB,TNIK,371.4,-7.379,0.5611,ITPKC,0.5682,ITPKC,0.5836,1527.0,1576.0,1416.0
CHEMBL1200562,HYDROCORTISONE VALERATE,ADRA2A,446.6,-8.723,0.5609,ADRA2A,0.5313,ADRA2A,0.4826,1528.0,1895.0,2216.0
CHEMBL252556,IDEBENONE,TNIK,338.4,-6.661,0.5608,TNIK,0.5565,TNIK,0.528,1529.0,1675.0,1909.0
CHEMBL509,MECLOFENAMIC ACID,SLC2A1,296.2,-8.472,0.5606,SLC2A1,0.6355,SLC2A1,0.6517,1530.0,891.0,715.0
CHEMBL3989850,ECAMSULE,SLC2A1,562.7,-9.678,0.5605,SERPINE1,0.4642,ACVR1,0.4699,1531.0,2366.0,2307.0
CHEMBL1201192,ARMODAFINIL,ACVR1,273.4,-8.104,0.5605,ACVR1,0.6395,ACVR1,0.6217,1532.0,842.0,1019.0
CHEMBL768,ESMOLOL,TNIK,295.4,-7.174,0.5604,MAPK14,0.5765,MAPK14,0.5966,1533.0,1469.0,1253.0
CHEMBL1201115,ESMOLOL HYDROCHLORIDE,TNIK,295.4,-7.174,0.5604,MAPK14,0.5765,MAPK14,0.5966,1533.0,1469.0,1253.0
CHEMBL453,SULFISOXAZOLE,TNIK,267.3,-7.374,0.5604,SERPINE1,0.5832,TNIK,0.5902,1535.0,1410.0,1332.0
CHEMBL1200321,SULFISOXAZOLE DIOLAMINE,TNIK,267.3,-7.374,0.5604,SERPINE1,0.5832,TNIK,0.5902,1535.0,1410.0,1332.0
CHEMBL169901,DEBRISOQUIN,MAPK14,175.2,-7.053,0.5599,MAPK14,0.6298,SLC2A1,0.6693,1537.0,957.0,567.0
CHEMBL1593558,DEBRISOQUIN SULFATE,MAPK14,175.2,-7.053,0.5599,MAPK14,0.6298,SLC2A1,0.6693,1537.0,957.0,567.0
CHEMBL1079742,ERLOTINIB HYDROCHLORIDE,VASH2,393.4,-7.59,0.5599,VASH2,0.5558,VASH2,0.4892,1539.0,1679.0,2173.0
CHEMBL553,ERLOTINIB,VASH2,393.4,-7.59,0.5599,VASH2,0.5558,VASH2,0.4892,1539.0,1679.0,2173.0
CHEMBL1201764,FESOTERODINE,ACVR1,411.6,-8.834,0.5599,ACVR1,0.5492,ACVR1,0.4848,1541.0,1731.0,2202.0
CHEMBL1201765,FESOTERODINE FUMARATE,ACVR1,411.6,-8.834,0.5599,ACVR1,0.5492,ACVR1,0.4848,1541.0,1731.0,2202.0
CHEMBL18,ETHOXZOLAMIDE,SERPINE1,258.3,-6.306,0.5598,SERPINE1,0.6023,SERPINE1,0.592,1543.0,1219.0,1307.0
CHEMBL1200494,GUANFACINE HYDROCHLORIDE,TNIK,246.1,-7.005,0.5594,ITPKC,0.6171,AXL,0.6933,1544.0,1067.0,320.0
CHEMBL862,GUANFACINE,TNIK,246.1,-7.005,0.5594,ITPKC,0.6171,ADRA2A,0.721,1544.0,1067.0,96.0
CHEMBL3545063,OSIMERTINIB MESYLATE,SLC2A1,499.6,-9.634,0.5591,MAPK14,0.4932,MAPK14,0.4827,1546.0,2203.0,2213.0
CHEMBL3353410,OSIMERTINIB,SLC2A1,499.6,-9.634,0.5591,MAPK14,0.4932,MAPK14,0.4827,1546.0,2203.0,2213.0
CHEMBL1200762,BETAMETHASONE SODIUM PHOSPHATE,AXL,470.4,-7.952,0.559,AXL,0.5252,ACVR1,0.4712,1548.0,1950.0,2300.0
CHEMBL2106638,LOFEPRAMINE HYDROCHLORIDE,VASH2,419.0,-7.583,0.5588,VASH2,0.5416,VASH2,0.4875,1549.0,1797.0,2181.0
CHEMBL606,MISOPROSTOL,MAPK14,382.5,-7.204,0.5587,MAPK14,0.5536,MAPK14,0.4843,1550.0,1701.0,2207.0
CHEMBL1562610,MECLOFENAMATE SODIUM,ADRA2A,295.1,-8.249,0.5586,ADRA2A,0.6103,ADRA2A,0.6128,1551.0,1151.0,1101.0
CHEMBL1492500,DOTHIEPIN,VASH2,295.5,-7.401,0.5585,AXL,0.6026,AXL,0.6189,1552.0,1215.0,1047.0
CHEMBL1711280,DOTHIEPIN HYDROCHLORIDE,VASH2,295.5,-7.401,0.5585,AXL,0.6026,AXL,0.6189,1552.0,1215.0,1047.0
CHEMBL4594278,GEFAPIXANT CITRATE,ACVR1,353.4,-8.438,0.5585,ACVR1,0.5805,ITPKC,0.5764,1554.0,1428.0,1480.0
CHEMBL3716057,GEFAPIXANT,ACVR1,353.4,-8.438,0.5585,ACVR1,0.5805,ITPKC,0.5764,1554.0,1428.0,1480.0
CHEMBL2095212,MIRABEGRON,MAPK14,396.5,-8.147,0.5584,MAPK14,0.5601,MAPK14,0.5224,1556.0,1641.0,1955.0
CHEMBL2403108,CERITINIB,SLC2A1,558.1,-10.71,0.5581,SLC2A1,0.5033,MAPK14,0.5091,1557.0,2131.0,2031.0
CHEMBL431,SPIRAPRIL,MAPK14,466.6,-8.137,0.5576,MAPK14,0.5457,MAPK14,0.5304,1558.0,1752.0,1886.0
CHEMBL1200831,SPIRAPRIL HYDROCHLORIDE,MAPK14,466.6,-8.137,0.5576,MAPK14,0.5457,MAPK14,0.5304,1558.0,1752.0,1886.0
CHEMBL1929396,ANAGLIPTIN,TNIK,383.5,-7.783,0.5575,TNIK,0.557,TNIK,0.5081,1560.0,1667.0,2040.0
CHEMBL2103772,RACECADOTRIL,MAPK14,385.5,-7.195,0.5575,MAPK14,0.551,MAPK14,0.4817,1561.0,1720.0,2223.0
CHEMBL1201127,DARUNAVIR ETHANOLATE,SLC2A1,547.7,-9.615,0.5574,GALNS,0.4817,GALNS,0.4783,1562.0,2285.0,2249.0
CHEMBL1323,DARUNAVIR,SLC2A1,547.7,-9.615,0.5574,GALNS,0.4817,GALNS,0.4783,1562.0,2285.0,2249.0
CHEMBL544665,FINGOLIMOD HYDROCHLORIDE,MAPK14,307.5,-7.041,0.5573,MAPK14,0.5836,MAPK14,0.6073,1564.0,1402.0,1154.0
CHEMBL5095050,FINGOLIMOD LAURYL SULFATE,MAPK14,307.5,-7.041,0.5573,MAPK14,0.5836,MAPK14,0.6073,1564.0,1402.0,1154.0
CHEMBL1852688,INFIGRATINIB,TNIK,560.5,-8.432,0.5573,TNIK,0.5379,TNIK,0.5281,1566.0,1837.0,1907.0
CHEMBL1834657,INFIGRATINIB PHOSPHATE,TNIK,560.5,-8.432,0.5573,TNIK,0.5379,TNIK,0.5281,1566.0,1837.0,1907.0
CHEMBL4298153,NIROGACESTAT HYDROBROMIDE,SLC2A1,489.7,-9.608,0.5571,TNIK,0.5415,TNIK,0.5223,1568.0,1798.0,1956.0
CHEMBL1770916,NIROGACESTAT,SLC2A1,489.7,-9.608,0.5571,TNIK,0.5415,TNIK,0.5223,1568.0,1798.0,1956.0
CHEMBL1159650,CLOBETASOL PROPIONATE,TNIK,467.0,-7.778,0.5569,TNIK,0.544,TNIK,0.5168,1570.0,1763.0,1983.0
CHEMBL6466,COUMARIN,TNIK,146.1,-6.987,0.5565,MAPK14,0.6189,TNIK,0.6618,1571.0,1054.0,622.0
CHEMBL1200788,CISAPRIDE MONOHYDRATE,AXL,466.0,-7.48,0.5565,AXL,0.5004,MAPK14,0.4704,1572.0,2155.0,2302.0
CHEMBL1729,CISAPRIDE,AXL,466.0,-7.48,0.5565,AXL,0.5004,MAPK14,0.4704,1572.0,2155.0,2302.0
CHEMBL1583,BACAMPICILLIN,TNIK,465.5,-7.773,0.5565,TNIK,0.5438,TNIK,0.5152,1574.0,1764.0,1990.0
CHEMBL1200965,BACAMPICILLIN HYDROCHLORIDE,TNIK,465.5,-7.773,0.5565,TNIK,0.5438,TNIK,0.5152,1574.0,1764.0,1990.0
CHEMBL71,CHLORPROMAZINE,ADRA2A,318.9,-7.266,0.5564,ADRA2A,0.5786,AXL,0.513,1576.0,1454.0,2006.0
CHEMBL328560,SULTHIAME,TNIK,290.4,-7.769,0.5561,TNIK,0.5678,TNIK,0.5866,1577.0,1579.0,1379.0
CHEMBL6068478,LAZERTINIB MESYLATE,SLC2A1,554.7,-10.64,0.5561,SLC2A1,0.4992,SLC2A1,0.4984,1578.0,2167.0,2101.0
CHEMBL4558324,LAZERTINIB,SLC2A1,554.7,-10.64,0.5561,SLC2A1,0.4992,SLC2A1,0.4984,1578.0,2167.0,2101.0
CHEMBL1483,ALBENDAZOLE,SERPINE1,265.3,-6.283,0.556,SERPINE1,0.5975,SERPINE1,0.5901,1580.0,1265.0,1336.0
CHEMBL298734,LONAFARNIB,TNIK,638.8,-7.768,0.5559,TNIK,0.5121,TNIK,0.5142,1581.0,2070.0,1998.0
CHEMBL607710,CHLORPHENESIN CARBAMATE,SERPINE1,245.7,-6.28,0.5558,SERPINE1,0.6027,TNIK,0.6449,1582.0,1214.0,785.0
CHEMBL1908906,FLORBETABEN,TNIK,359.4,-7.523,0.5556,TNIK,0.558,TNIK,0.5474,1583.0,1657.0,1753.0
CHEMBL566752,FLORBETABEN F18,TNIK,358.4,-7.523,0.5556,TNIK,0.5581,TNIK,0.5474,1583.0,1654.0,1753.0
CHEMBL554,LAPATINIB,SLC2A1,581.1,-10.63,0.5555,TNIK,0.5164,MAPK14,0.5244,1585.0,2033.0,1940.0
CHEMBL1201179,LAPATINIB DITOSYLATE,SLC2A1,581.1,-10.63,0.5555,TNIK,0.5164,MAPK14,0.5244,1585.0,2033.0,1940.0
CHEMBL1200699,DOXYCYCLINE,AXL,444.4,-7.914,0.5554,AXL,0.5425,AXL,0.5216,1587.0,1780.0,1959.0
CHEMBL3989740,DOXYCYCLINE HYCLATE,AXL,444.4,-7.914,0.5554,AXL,0.5425,AXL,0.5216,1587.0,1780.0,1959.0
CHEMBL1433,DOXYCYCLINE ANHYDROUS,AXL,444.4,-7.914,0.5554,AXL,0.5425,AXL,0.5216,1587.0,1780.0,1959.0
CHEMBL446,SULFAMETHAZINE,TNIK,278.3,-7.326,0.5554,VASH2,0.593,VASH2,0.6097,1590.0,1315.0,1128.0
CHEMBL2364617,MACIMORELIN ACETATE,MAPK14,474.6,-9.605,0.5553,MAPK14,0.5552,MAPK14,0.5525,1591.0,1686.0,1698.0
CHEMBL278623,MACIMORELIN,MAPK14,474.6,-9.605,0.5553,MAPK14,0.5552,MAPK14,0.5525,1591.0,1686.0,1698.0
CHEMBL634,ALFENTANIL,SLC2A1,416.5,-8.634,0.5551,SLC2A1,0.5134,SLC2A1,0.4456,1593.0,2061.0,2428.0
CHEMBL1200531,ALFENTANIL HYDROCHLORIDE,SLC2A1,416.5,-8.634,0.5551,SLC2A1,0.5134,SLC2A1,0.4456,1593.0,2061.0,2428.0
CHEMBL43452,POMALIDOMIDE,MAPK14,273.2,-7.588,0.555,AXL,0.6271,AXL,0.6231,1595.0,988.0,1004.0
CHEMBL3545068,COPANLISIB HYDROCHLORIDE,SLC2A1,480.5,-9.581,0.5548,ITPKC,0.5192,ITPKC,0.4868,1596.0,2003.0,2184.0
CHEMBL3218576,COPANLISIB,SLC2A1,480.5,-9.581,0.5548,ITPKC,0.5192,ITPKC,0.4868,1596.0,2003.0,2184.0
CHEMBL1201056,SULFACYTINE,TNIK,294.3,-7.755,0.5547,TNIK,0.5659,TNIK,0.5846,1598.0,1597.0,1404.0
CHEMBL296913,PARECOXIB SODIUM,GALNS,369.4,-7.887,0.5544,GALNS,0.5668,GALNS,0.5727,1599.0,1586.0,1508.0
CHEMBL1660,RIFAPENTINE,SLC2A1,877.0,-10.57,0.5543,SERPINE1,0.2193,SLC2A1,0.4932,1600.0,3047.0,2137.0
CHEMBL2364612,LATANOPROSTENE BUNOD,MAPK14,507.6,-8.077,0.5541,MAPK14,0.5265,MAPK14,0.5255,1601.0,1940.0,1926.0
CHEMBL561157,TREPROSTINIL SODIUM,ACVR1,389.5,-8.394,0.554,ACVR1,0.5538,MAPK14,0.4738,1602.0,1698.0,2281.0
CHEMBL1077896,ROPIVACAINE,ACVR1,274.4,-8.019,0.5539,SLC2A1,0.6347,SLC2A1,0.6292,1603.0,898.0,935.0
CHEMBL1889140,ROPIVACAINE HYDROCHLORIDE,ACVR1,274.4,-8.019,0.5539,SLC2A1,0.6347,SLC2A1,0.6292,1603.0,898.0,935.0
CHEMBL344159,TOLVAPTAN,AXL,449.0,-7.07,0.5535,AXL,0.4963,SERPINE1,0.4864,1605.0,2178.0,2188.0
CHEMBL572,NITROFURANTOIN,SERPINE1,238.2,-6.857,0.5534,SERPINE1,0.5752,MAPK14,0.6075,1606.0,1487.0,1148.0
CHEMBL1731,MEZLOCILLIN,MAPK14,539.6,-8.07,0.5534,MAPK14,0.5171,MAPK14,0.5242,1607.0,2024.0,1942.0
CHEMBL565,CLOFIBRATE,TNIK,242.7,-6.956,0.5532,TNIK,0.5772,TNIK,0.6599,1608.0,1465.0,642.0
CHEMBL44354,CEFTAZIDIME,AXL,546.6,-8.507,0.553,AXL,0.4975,AXL,0.5074,1609.0,2176.0,2047.0
CHEMBL1697708,MEZLOCILLIN SODIUM,AXL,538.6,-7.881,0.5527,VASH2,0.4912,VASH2,0.4859,1610.0,2221.0,2197.0
CHEMBL443,SULFAMETHOXAZOLE,TNIK,253.3,-7.3,0.5525,TNIK,0.5756,TNIK,0.5833,1611.0,1480.0,1420.0
CHEMBL261772,MECLOCYCLINE SULFOSALICYLATE,AXL,476.9,-8.485,0.5523,AXL,0.5374,AXL,0.5061,1612.0,1846.0,2057.0
CHEMBL668,PROTRIPTYLINE,ACVR1,263.4,-8.011,0.5522,AXL,0.6371,AXL,0.6279,1613.0,872.0,946.0
CHEMBL2107253,SULFADIMETHOXINE SODIUM,TNIK,309.3,-7.291,0.5519,SERPINE1,0.573,TNIK,0.582,1614.0,1521.0,1432.0
CHEMBL53463,DOXORUBICIN,SLC2A1,543.5,-10.48,0.5518,ITPKC,0.4951,ITPKC,0.4892,1615.0,2189.0,2171.0
CHEMBL359744,DOXORUBICIN HYDROCHLORIDE,SLC2A1,543.5,-10.48,0.5518,ITPKC,0.4951,ITPKC,0.4892,1615.0,2189.0,2171.0
CHEMBL1519,TRANDOLAPRIL,MAPK14,430.5,-7.541,0.5518,MAPK14,0.5357,MAPK14,0.486,1617.0,1863.0,2196.0
CHEMBL4085457,RITLECITINIB,MAPK14,285.4,-6.841,0.5516,SLC2A1,0.6272,SLC2A1,0.6324,1618.0,986.0,907.0
CHEMBL5314649,RITLECITINIB TOSYLATE,MAPK14,285.4,-6.841,0.5516,SLC2A1,0.6272,SLC2A1,0.6324,1618.0,986.0,907.0
CHEMBL2219414,ERAVACYCLINE DIHYDROCHLORIDE,AXL,558.6,-8.456,0.5515,AXL,0.4775,AXL,0.5031,1620.0,2311.0,2075.0
CHEMBL1951095,ERAVACYCLINE,AXL,558.6,-8.456,0.5515,AXL,0.4775,AXL,0.5031,1620.0,2311.0,2075.0
CHEMBL1690,HYDROXYCHLOROQUINE SULFATE,TNIK,335.9,-7.095,0.5514,TNIK,0.5533,TNIK,0.5305,1622.0,1702.0,1884.0
CHEMBL1535,HYDROXYCHLOROQUINE,TNIK,335.9,-7.095,0.5514,TNIK,0.5533,TNIK,0.5305,1622.0,1702.0,1884.0
CHEMBL232201,BENZIODARONE,ACVR1,518.1,-8.745,0.5512,ACVR1,0.4564,ACVR1,0.4687,1624.0,2391.0,2310.0
CHEMBL1201171,PRAMOXINE HYDROCHLORIDE,MAPK14,293.4,-6.998,0.551,MAPK14,0.5843,MAPK14,0.6012,1625.0,1396.0,1207.0
CHEMBL1198,PRAMOXINE,MAPK14,293.4,-6.998,0.551,MAPK14,0.5843,MAPK14,0.6012,1625.0,1396.0,1207.0
CHEMBL1611,PHENYTOIN SODIUM,ACVR1,251.3,-8.194,0.5509,SLC2A1,0.642,SLC2A1,0.6173,1627.0,819.0,1067.0
CHEMBL1473,FLUTICASONE PROPIONATE,AXL,500.6,-7.439,0.5506,AXL,0.464,AXL,0.4223,1628.0,2367.0,2537.0
CHEMBL307261,ARTENIMOL,SLC2A1,284.4,-8.142,0.5505,SLC2A1,0.6286,SLC2A1,0.6366,1629.0,972.0,865.0
CHEMBL3348963,TELOTRISTAT ETIPRATE,TNIK,575.0,-9.321,0.5504,TNIK,0.5429,TNIK,0.5345,1630.0,1768.0,1844.0
CHEMBL2105695,TELOTRISTAT ETHYL,TNIK,575.0,-9.321,0.5504,TNIK,0.5429,TNIK,0.5345,1630.0,1768.0,1844.0
CHEMBL1963681,AVANAFIL,SLC2A1,484.0,-9.515,0.5503,GALNS,0.5177,MAPK14,0.5027,1632.0,2020.0,2080.0
CHEMBL1349,VALACYCLOVIR,MAPK14,324.3,-7.522,0.5503,MAPK14,0.5693,MAPK14,0.55,1633.0,1566.0,1729.0
CHEMBL1201110,VALACYCLOVIR HYDROCHLORIDE,MAPK14,324.3,-7.522,0.5503,MAPK14,0.5693,MAPK14,0.55,1633.0,1566.0,1729.0
CHEMBL1200981,EPIRUBICIN HYDROCHLORIDE,AXL,543.5,-8.41,0.5495,ITPKC,0.5033,AXL,0.4992,1635.0,2129.0,2095.0
CHEMBL417,EPIRUBICIN,AXL,543.5,-8.41,0.5495,ITPKC,0.5033,AXL,0.4992,1635.0,2129.0,2095.0
CHEMBL1014,CANDESARTAN CILEXETIL,MAPK14,610.7,-8.961,0.5495,MAPK14,0.5271,MAPK14,0.5417,1637.0,1938.0,1789.0
CHEMBL55,PENTAMIDINE,TNIK,340.4,-8.265,0.5494,TNIK,0.5537,TNIK,0.5561,1638.0,1699.0,1661.0
CHEMBL361506,PENTAMIDINE ISETHIONATE,TNIK,340.4,-8.265,0.5494,TNIK,0.5537,TNIK,0.5561,1638.0,1699.0,1661.0
CHEMBL2178422,RIMEGEPANT,AXL,534.6,-7.836,0.5493,AXL,0.4483,ACVR1,0.4578,1640.0,2438.0,2369.0
CHEMBL2364629,RIMEGEPANT SULFATE,AXL,534.6,-7.836,0.5493,AXL,0.4483,ACVR1,0.4578,1640.0,2438.0,2369.0
CHEMBL1571863,ISOCONAZOLE,SLC2A1,416.1,-8.572,0.5492,AXL,0.5054,SLC2A1,0.4381,1642.0,2122.0,2461.0
CHEMBL4297216,FEDRATINIB HYDROCHLORIDE,SLC2A1,524.7,-10.42,0.5491,TNIK,0.5031,TNIK,0.4862,1643.0,2134.0,2193.0
CHEMBL502182,ELAGOLIX SODIUM,SLC2A1,630.6,-10.42,0.5491,ACVR1,0.4459,ACVR1,0.5072,1643.0,2448.0,2048.0
CHEMBL1287853,FEDRATINIB,SLC2A1,524.7,-10.42,0.5491,TNIK,0.5031,TNIK,0.4862,1643.0,2134.0,2193.0
CHEMBL1963683,TAFLUPROST,MAPK14,452.5,-8.011,0.5491,MAPK14,0.5385,MAPK14,0.508,1646.0,1826.0,2041.0
CHEMBL4297620,SOLRIAMFETOL,SERPINE1,194.2,-6.302,0.549,SERPINE1,0.6089,TNIK,0.6242,1647.0,1167.0,995.0
CHEMBL104,CLOTRIMAZOLE,AXL,344.8,-6.828,0.549,AXL,0.5747,AXL,0.5483,1648.0,1501.0,1742.0
CHEMBL1095,ETHOTOIN,TNIK,204.2,-6.922,0.5483,AXL,0.5895,AXL,0.676,1649.0,1344.0,487.0
CHEMBL3989960,SELADELPAR LYSINE,TNIK,444.5,-7.668,0.548,TNIK,0.5374,TNIK,0.4972,1650.0,1849.0,2110.0
CHEMBL230158,SELADELPAR,TNIK,444.5,-7.668,0.548,TNIK,0.5374,TNIK,0.4972,1650.0,1849.0,2110.0
CHEMBL1517,OXYTETRACYCLINE,AXL,460.4,-8.389,0.5479,AXL,0.5378,AXL,0.4946,1652.0,1839.0,2125.0
CHEMBL1607480,OXYTETRACYCLINE HYDROCHLORIDE,AXL,460.4,-8.389,0.5479,AXL,0.5378,AXL,0.4946,1652.0,1839.0,2125.0
CHEMBL1697760,MUZOLIMINE,TNIK,272.1,-6.921,0.5479,ACVR1,0.5713,TNIK,0.5689,1654.0,1541.0,1537.0
CHEMBL288441,BOSUTINIB,MAPK14,530.5,-7.981,0.5476,MAPK14,0.51,MAPK14,0.5128,1655.0,2089.0,2007.0
CHEMBL2095206,BOSUTINIB MONOHYDRATE,MAPK14,530.5,-7.981,0.5476,MAPK14,0.51,MAPK14,0.5128,1655.0,2089.0,2007.0
CHEMBL1237044,TRAMADOL,MAPK14,263.4,-6.807,0.5475,MAPK14,0.5908,MAPK14,0.5991,1657.0,1332.0,1231.0
CHEMBL1237065,TRAMADOL HYDROCHLORIDE,MAPK14,263.4,-6.807,0.5475,MAPK14,0.5908,MAPK14,0.5991,1657.0,1332.0,1231.0
CHEMBL5,NALIDIXIC ACID,MAPK14,232.2,-6.807,0.5475,AXL,0.6056,AXL,0.7014,1657.0,1189.0,231.0
CHEMBL4594300,FOSDENOPTERIN HYDROBROMIDE,ITPKC,363.2,-6.9,0.5472,SLC2A1,0.5721,SLC2A1,0.5808,1660.0,1531.0,1439.0
CHEMBL2338675,FOSDENOPTERIN,ITPKC,363.2,-6.9,0.5472,SLC2A1,0.5721,SLC2A1,0.5808,1660.0,1531.0,1439.0
CHEMBL3989958,IVOSIDENIB,SLC2A1,583.0,-9.483,0.5472,TNIK,0.5125,TNIK,0.5082,1662.0,2068.0,2037.0
CHEMBL2364574,DOXYCYCLINE CALCIUM,AXL,443.4,-7.793,0.5467,AXL,0.5264,AXL,0.5053,1663.0,1941.0,2061.0
CHEMBL1200791,OXYMETAZOLINE HYDROCHLORIDE,TNIK,260.4,-6.897,0.5466,AXL,0.6075,AXL,0.5884,1664.0,1177.0,1357.0
CHEMBL762,OXYMETAZOLINE,TNIK,260.4,-6.897,0.5466,AXL,0.6075,AXL,0.5884,1664.0,1177.0,1357.0
CHEMBL1534,RIBOFLAVIN,SLC2A1,376.4,-9.467,0.5464,SLC2A1,0.5665,SLC2A1,0.5877,1666.0,1591.0,1362.0
CHEMBL317094,IMIDAPRIL,MAPK14,405.5,-7.964,0.5461,MAPK14,0.5471,MAPK14,0.4996,1667.0,1745.0,2092.0
CHEMBL1683,HYDROCORTISONE BUTYRATE,MAPK14,432.6,-7.096,0.5458,TNIK,0.5197,TNIK,0.4705,1668.0,1999.0,2301.0
CHEMBL36,PYRIMETHAMINE,MAPK14,248.7,-6.787,0.5455,MAPK14,0.5945,MAPK14,0.5972,1669.0,1306.0,1248.0
CHEMBL1200621,GEMIFLOXACIN MESYLATE,SLC2A1,389.4,-8.972,0.5453,ITPKC,0.5551,ITPKC,0.4863,1670.0,1688.0,2191.0
CHEMBL430,GEMIFLOXACIN,SLC2A1,389.4,-8.972,0.5453,ITPKC,0.5551,ITPKC,0.4863,1670.0,1688.0,2191.0
CHEMBL496,HEXACHLOROPHENE,SLC2A1,406.9,-8.522,0.5449,SLC2A1,0.5074,SLC2A1,0.4325,1672.0,2108.0,2494.0
CHEMBL268164,CYCLOBARBITAL,MAPK14,236.3,-6.783,0.5449,SLC2A1,0.6078,SLC2A1,0.7189,1673.0,1173.0,102.0
CHEMBL1695,TIAGABINE HYDROCHLORIDE,SLC2A1,375.6,-8.294,0.5448,ITPKC,0.5394,ITPKC,0.5493,1674.0,1815.0,1740.0
CHEMBL1570,SULFOXONE,TNIK,404.5,-7.625,0.5447,TNIK,0.5403,TNIK,0.4926,1675.0,1811.0,2149.0
CHEMBL701,BACLOFEN,TNIK,213.7,-6.878,0.5445,TNIK,0.5729,TNIK,0.6553,1676.0,1522.0,695.0
CHEMBL5095056,BENZGALANTAMINE,SLC2A1,391.5,-8.087,0.5444,SLC2A1,0.5084,SLC2A1,0.4347,1677.0,2100.0,2483.0
CHEMBL6068431,BENZGALANTAMINE GLUCONATE,SLC2A1,391.5,-8.087,0.5444,SLC2A1,0.5084,SLC2A1,0.4347,1677.0,2100.0,2483.0
CHEMBL1908315,GEMEPROST,TNIK,394.6,-7.215,0.5444,TNIK,0.5361,TNIK,0.4777,1679.0,1856.0,2256.0
CHEMBL1200988,METHANTHELINE BROMIDE,AXL,340.4,-6.623,0.5442,AXL,0.5667,ADRA2A,0.525,1680.0,1588.0,1933.0
CHEMBL1201264,METHANTHELINE,AXL,340.4,-6.623,0.5442,AXL,0.5667,ADRA2A,0.525,1680.0,1588.0,1933.0
CHEMBL2103795,AZILSARTAN KAMEDOXOMIL,AXL,567.5,-8.302,0.544,ACVR1,0.4916,ACVR1,0.5091,1682.0,2218.0,2030.0
CHEMBL2107360,PALIPERIDONE PALMITATE,TNIK,664.9,-9.054,0.5439,TNIK,0.5267,TNIK,0.5238,1683.0,1939.0,1948.0
CHEMBL1200799,TRAVOPROST,MAPK14,500.6,-8.704,0.5439,MAPK14,0.5319,MAPK14,0.5319,1684.0,1892.0,1870.0
CHEMBL861,MEPHENYTOIN,SERPINE1,218.3,-6.213,0.5437,SERPINE1,0.6022,SLC2A1,0.6903,1685.0,1221.0,342.0
CHEMBL1534525,MIBEFRADIL DIHYDROCHLORIDE,ACVR1,495.6,-9.117,0.5429,TNIK,0.5017,TNIK,0.4817,1686.0,2143.0,2221.0
CHEMBL1201023,ORPHENADRINE HYDROCHLORIDE,ACVR1,269.4,-7.934,0.5429,ACVR1,0.6181,ACVR1,0.6041,1686.0,1057.0,1176.0
CHEMBL1200395,ORPHENADRINE CITRATE,ACVR1,269.4,-7.934,0.5429,ACVR1,0.6181,ACVR1,0.6041,1686.0,1057.0,1176.0
CHEMBL45816,MIBEFRADIL,ACVR1,495.6,-9.117,0.5429,TNIK,0.5017,TNIK,0.4817,1686.0,2143.0,2221.0
CHEMBL1614701,SELUMETINIB,MAPK14,457.7,-7.075,0.5428,MAPK14,0.4993,MAPK14,0.4771,1690.0,2165.0,2258.0
CHEMBL2105684,SELUMETINIB SULFATE,MAPK14,457.7,-7.075,0.5428,MAPK14,0.4993,MAPK14,0.4771,1690.0,2165.0,2258.0
CHEMBL1764,LEVOMEPROMAZINE,SLC2A1,328.5,-8.068,0.5427,SLC2A1,0.5757,ACVR1,0.5062,1692.0,1478.0,2056.0
CHEMBL2028661,AZILSARTAN MEDOXOMIL,SLC2A1,568.5,-10.23,0.5425,ACVR1,0.4863,ACVR1,0.5052,1693.0,2254.0,2062.0
CHEMBL4594273,ELACESTRANT HYDROCHLORIDE,MAPK14,458.6,-7.91,0.5425,MAPK14,0.5257,MAPK14,0.5063,1694.0,1946.0,2053.0
CHEMBL4297509,ELACESTRANT,MAPK14,458.6,-7.91,0.5425,MAPK14,0.5257,MAPK14,0.5063,1694.0,1946.0,2053.0
CHEMBL21333,PRANLUKAST,ACVR1,481.5,-9.947,0.5424,ACVR1,0.529,MAPK14,0.5136,1696.0,1923.0,2001.0
CHEMBL288470,AMINOPYRINE,SERPINE1,231.3,-6.205,0.5422,SERPINE1,0.597,ACVR1,0.6935,1697.0,1275.0,317.0
CHEMBL742,KETAMINE,MAPK14,237.7,-6.758,0.5421,MAPK14,0.5953,SLC2A1,0.6919,1698.0,1287.0,336.0
CHEMBL1714,KETAMINE HYDROCHLORIDE,MAPK14,237.7,-6.758,0.5421,MAPK14,0.5953,SLC2A1,0.6919,1698.0,1287.0,336.0
CHEMBL498,CHLORPROPAMIDE,TNIK,276.7,-6.853,0.5421,VASH2,0.5851,VASH2,0.5914,1700.0,1390.0,1324.0
CHEMBL106258,AMINOREX,TNIK,162.2,-6.852,0.542,TNIK,0.5827,TNIK,0.6514,1701.0,1416.0,719.0
CHEMBL514800,APREMILAST,GALNS,460.5,-7.663,0.5419,GALNS,0.5152,TNIK,0.4868,1702.0,2040.0,2186.0
CHEMBL1102,GLUTETHIMIDE,TNIK,217.3,-6.851,0.5418,AXL,0.5716,AXL,0.6734,1703.0,1538.0,517.0
CHEMBL3989516,FOSTAMATINIB DISODIUM,SLC2A1,578.5,-9.412,0.5417,MAPK14,0.4761,MAPK14,0.5007,1704.0,2319.0,2088.0
CHEMBL1200721,ESTRAMUSTINE PHOSPHATE SODIUM,TNIK,518.4,-8.138,0.5416,TNIK,0.5251,TNIK,0.5108,1705.0,1952.0,2019.0
CHEMBL3545363,GLECAPREVIR,SLC2A1,838.9,-8.909,0.5414,TNIK,0.2781,SLC2A1,0.4132,1706.0,2977.0,2579.0
CHEMBL452,CLONAZEPAM,ACVR1,315.7,-7.917,0.5407,ACVR1,0.5861,ACVR1,0.514,1707.0,1378.0,2000.0
CHEMBL1591,DEMECLOCYCLINE,AXL,464.9,-8.24,0.5406,AXL,0.5238,AXL,0.479,1708.0,1962.0,2241.0
CHEMBL1200474,DEMECLOCYCLINE HYDROCHLORIDE,AXL,464.9,-8.24,0.5406,AXL,0.5238,AXL,0.479,1708.0,1962.0,2241.0
CHEMBL1711,ISOPROTERENOL HYDROCHLORIDE,SERPINE1,211.3,-6.446,0.5404,SERPINE1,0.5918,SERPINE1,0.6012,1710.0,1323.0,1204.0
CHEMBL434,ISOPROTERENOL,SERPINE1,211.3,-6.446,0.5404,SERPINE1,0.5918,SERPINE1,0.6012,1710.0,1323.0,1204.0
CHEMBL3989521,ISOPROTERENOL SULFATE,SERPINE1,211.3,-6.446,0.5404,SERPINE1,0.5918,SERPINE1,0.6012,1710.0,1323.0,1204.0
CHEMBL1129,TRIFLURIDINE,MAPK14,296.2,-7.412,0.5402,MAPK14,0.5674,MAPK14,0.5908,1713.0,1581.0,1330.0
CHEMBL28318,PROPYPHENAZONE,ACVR1,230.3,-7.911,0.5402,ACVR1,0.6455,ACVR1,0.7111,1714.0,782.0,148.0
CHEMBL643,PROMETHAZINE,SLC2A1,284.4,-8.044,0.5401,SLC2A1,0.6152,SLC2A1,0.6214,1715.0,1096.0,1020.0
CHEMBL180022,NERATINIB,SLC2A1,557.1,-10.16,0.54,TNIK,0.487,TNIK,0.477,1716.0,2248.0,2260.0
CHEMBL3989921,NERATINIB MALEATE,SLC2A1,557.1,-10.16,0.54,TNIK,0.487,TNIK,0.477,1716.0,2248.0,2260.0
CHEMBL714,ALBUTEROL,SERPINE1,239.3,-6.445,0.5398,SERPINE1,0.5836,MAPK14,0.6251,1718.0,1404.0,979.0
CHEMBL1441059,ALBUTEROL SULFATE,SERPINE1,239.3,-6.445,0.5398,SERPINE1,0.5836,MAPK14,0.6251,1718.0,1404.0,979.0
CHEMBL1617,RIFAXIMIN,SLC2A1,785.9,-10.14,0.5397,TNIK,0.2289,SLC2A1,0.4525,1720.0,3035.0,2398.0
CHEMBL1208155,ELAGOLIX,ACVR1,631.6,-9.846,0.5393,ACVR1,0.4379,ACVR1,0.5032,1721.0,2484.0,2074.0
CHEMBL190461,CANNABIDIOL,SLC2A1,314.5,-8.21,0.5392,SLC2A1,0.5867,SLC2A1,0.5194,1722.0,1371.0,1972.0
CHEMBL1069,VALSARTAN,MAPK14,435.5,-7.851,0.5386,MAPK14,0.5272,MAPK14,0.4859,1723.0,1934.0,2198.0
CHEMBL1232,ERTAPENEM SODIUM,SLC2A1,474.5,-10.09,0.5385,MAPK14,0.5147,MAPK14,0.5078,1724.0,2047.0,2043.0
CHEMBL1908348,SPARTEINE SULFATE,SLC2A1,234.4,-8.024,0.5385,SLC2A1,0.6631,SLC2A1,0.731,1725.0,572.0,43.0
CHEMBL1908847,SPARTEINE,SLC2A1,234.4,-8.024,0.5385,SLC2A1,0.6631,SLC2A1,0.731,1725.0,572.0,43.0
CHEMBL1201180,DICLOFENAC EPOLAMINE,ADRA2A,296.2,-8.243,0.5382,ADRA2A,0.5888,ADRA2A,0.5915,1727.0,1348.0,1320.0
CHEMBL7728,HEXOBARBITAL,MAPK14,236.3,-6.734,0.5382,MAPK14,0.5927,SLC2A1,0.6975,1728.0,1319.0,266.0
CHEMBL1697686,CLOFOREX,TNIK,255.7,-6.829,0.5381,TNIK,0.5578,TNIK,0.559,1729.0,1663.0,1632.0
CHEMBL1183717,ALMITRINE,ADRA2A,477.6,-9.6,0.538,ADRA2A,0.518,ADRA2A,0.4999,1730.0,2017.0,2091.0
CHEMBL6068395,REVUMENIB CITRATE,AXL,630.8,-8.197,0.538,TNIK,0.4155,AXL,0.4718,1731.0,2582.0,2291.0
CHEMBL4650827,REVUMENIB,AXL,630.8,-8.197,0.538,TNIK,0.4155,AXL,0.4718,1731.0,2582.0,2291.0
CHEMBL1200550,ANTAZOLINE PHOSPHATE,TNIK,265.4,-6.824,0.5377,SLC2A1,0.6168,SLC2A1,0.6,1733.0,1073.0,1222.0
CHEMBL1305,ANTAZOLINE,TNIK,265.4,-6.824,0.5377,SLC2A1,0.6168,SLC2A1,0.6,1733.0,1073.0,1222.0
CHEMBL1201348,MENADIOL DIPHOSPHORIC ACID,ITPKC,334.2,-6.052,0.5377,ITPKC,0.5722,ITPKC,0.5741,1735.0,1529.0,1498.0
CHEMBL6995,PRACTOLOL,TNIK,266.3,-6.821,0.5375,TNIK,0.554,TNIK,0.5571,1736.0,1695.0,1651.0
CHEMBL970,HALAZEPAM,MAPK14,352.7,-6.882,0.5374,MAPK14,0.5425,MAPK14,0.52,1737.0,1779.0,1970.0
CHEMBL1200989,ALCLOMETASONE DIPROPIONATE,AXL,521.1,-7.311,0.5371,AXL,0.4229,AXL,0.4079,1738.0,2551.0,2602.0
CHEMBL1735,INDINAVIR SULFATE,TNIK,613.8,-8.845,0.5369,TNIK,0.5194,TNIK,0.5143,1739.0,2001.0,1996.0
CHEMBL115,INDINAVIR ANHYDROUS,TNIK,613.8,-8.845,0.5369,TNIK,0.5194,TNIK,0.5143,1739.0,2001.0,1996.0
CHEMBL1668,RESCINNAMINE,MAPK14,634.7,-8.509,0.5366,MAPK14,0.4896,MAPK14,0.5234,1741.0,2227.0,1951.0
CHEMBL2146063,CHLORTETRACYCLINE HYDROCHLORIDE,AXL,478.9,-8.18,0.5365,AXL,0.5085,AXL,0.4685,1742.0,2098.0,2312.0
CHEMBL404520,CHLORTETRACYCLINE,AXL,478.9,-8.18,0.5365,AXL,0.5085,AXL,0.4685,1742.0,2098.0,2312.0
CHEMBL1401,NITAZOXANIDE,TNIK,307.3,-7.139,0.5362,TNIK,0.5465,TNIK,0.5643,1744.0,1747.0,1591.0
CHEMBL2021430,DEXAMETHASONE SODIUM PHOSPHATE,MAPK14,470.4,-7.814,0.536,MAPK14,0.5133,MAPK14,0.4935,1745.0,2064.0,2134.0
CHEMBL2374220,LEDIPASVIR,SLC2A1,889.0,-13.09,0.536,SLC2A1,0.4197,SLC2A1,0.5312,1746.0,2571.0,1878.0
CHEMBL1397,POSACONAZOLE,SLC2A1,700.8,-10.03,0.5358,SERPINE1,0.4796,SERPINE1,0.4865,1747.0,2301.0,2187.0
CHEMBL3545062,VELPATASVIR,SLC2A1,883.0,-12.79,0.5358,SERPINE1,0.3992,SLC2A1,0.5306,1748.0,2646.0,1881.0
CHEMBL1756,ESTRAMUSTINE PHOSPHATE,ACVR1,520.4,-9.001,0.5358,ACVR1,0.4505,ACVR1,0.4686,1749.0,2417.0,2311.0
CHEMBL1200951,FLUPHENAZINE ENANTHATE,AXL,549.7,-7.65,0.5358,TNIK,0.5062,TNIK,0.4964,1750.0,2119.0,2112.0
CHEMBL741,LAMOTRIGINE,TNIK,256.1,-6.885,0.5356,ITPKC,0.5785,MAPK14,0.568,1751.0,1459.0,1544.0
CHEMBL1200955,MYCOPHENOLATE MOFETIL HYDROCHLORIDE,SLC2A1,433.5,-8.837,0.5355,SLC2A1,0.483,SLC2A1,0.4291,1752.0,2276.0,2515.0
CHEMBL1456,MYCOPHENOLATE MOFETIL,SLC2A1,433.5,-8.837,0.5355,SLC2A1,0.483,SLC2A1,0.4291,1752.0,2276.0,2515.0
CHEMBL4594301,REMIMAZOLAM BESYLATE,GALNS,439.3,-7.246,0.5354,GALNS,0.5054,GALNS,0.4413,1754.0,2123.0,2446.0
CHEMBL4297526,REMIMAZOLAM,GALNS,439.3,-7.246,0.5354,GALNS,0.5054,GALNS,0.4413,1754.0,2123.0,2446.0
CHEMBL181,DIAZOXIDE,MAPK14,230.7,-6.717,0.5354,MAPK14,0.5931,AXL,0.6565,1756.0,1314.0,673.0
CHEMBL1528839,PHENFORMIN HYDROCHLORIDE,SERPINE1,205.3,-7.215,0.535,MAPK14,0.5639,SLC2A1,0.5953,1757.0,1611.0,1267.0
CHEMBL170988,PHENFORMIN,SERPINE1,205.3,-7.215,0.535,MAPK14,0.5639,SLC2A1,0.5953,1757.0,1611.0,1267.0
CHEMBL3127326,OMBITASVIR,SLC2A1,894.1,-12.33,0.5349,SLC2A1,0.3193,SLC2A1,0.526,1759.0,2895.0,1921.0
CHEMBL1683544,ERIBULIN MESYLATE,SLC2A1,729.9,-8.832,0.5349,SERPINE1,0.3296,SERPINE1,0.4117,1760.0,2877.0,2586.0
CHEMBL1683590,ERIBULIN,SLC2A1,729.9,-8.832,0.5349,SERPINE1,0.3296,SERPINE1,0.4117,1760.0,2877.0,2586.0
CHEMBL1201178,LISDEXAMFETAMINE DIMESYLATE,MAPK14,263.4,-6.716,0.5348,MAPK14,0.5781,MAPK14,0.5874,1762.0,1460.0,1363.0
CHEMBL1201222,LISDEXAMFETAMINE,MAPK14,263.4,-6.716,0.5348,MAPK14,0.5781,MAPK14,0.5874,1762.0,1460.0,1363.0
CHEMBL3039514,ELBASVIR,SLC2A1,882.0,-12.24,0.5348,SERPINE1,0.4218,SLC2A1,0.5253,1764.0,2557.0,1931.0
CHEMBL61,PODOFILOX,AXL,414.4,-6.894,0.5346,AXL,0.5025,TNIK,0.4402,1765.0,2137.0,2453.0
CHEMBL1650443,TRELAGLIPTIN,GALNS,357.4,-7.58,0.5344,GALNS,0.5519,GALNS,0.5593,1766.0,1717.0,1628.0
CHEMBL2105754,TRELAGLIPTIN SUCCINATE,GALNS,357.4,-7.58,0.5344,GALNS,0.5519,GALNS,0.5593,1766.0,1717.0,1628.0
CHEMBL376359,ALOGLIPTIN,SLC2A1,339.4,-8.826,0.5343,SLC2A1,0.575,SLC2A1,0.5619,1768.0,1490.0,1612.0
CHEMBL227529,ALOGLIPTIN BENZOATE,SLC2A1,339.4,-8.826,0.5343,SLC2A1,0.575,SLC2A1,0.5619,1768.0,1490.0,1612.0
CHEMBL456,ETHACRYNIC ACID,MAPK14,303.1,-6.708,0.5342,MAPK14,0.5597,MAPK14,0.5858,1770.0,1644.0,1387.0
CHEMBL59,DOPAMINE,SERPINE1,153.2,-6.154,0.5341,SERPINE1,0.6128,SERPINE1,0.6116,1771.0,1117.0,1117.0
CHEMBL268869,SULFAMETHOXYPYRIDAZINE,TNIK,280.3,-7.497,0.5335,TNIK,0.5476,TNIK,0.5636,1772.0,1740.0,1598.0
CHEMBL2023898,DACLATASVIR,SLC2A1,738.9,-11.96,0.5335,SLC2A1,0.4349,SLC2A1,0.5191,1773.0,2498.0,1974.0
CHEMBL2303621,DACLATASVIR DIHYDROCHLORIDE,SLC2A1,738.9,-11.96,0.5335,SLC2A1,0.4349,SLC2A1,0.5191,1773.0,2498.0,1974.0
CHEMBL25,ASPIRIN,TNIK,180.2,-6.386,0.5335,AXL,0.5749,AXL,0.6454,1775.0,1494.0,781.0
CHEMBL1200351,SULFADIAZINE SODIUM,TNIK,249.3,-7.113,0.5333,TNIK,0.557,TNIK,0.5626,1776.0,1668.0,1606.0
CHEMBL1382627,"SULFADIAZINE, SILVER",TNIK,249.3,-7.113,0.5333,TNIK,0.557,TNIK,0.5626,1776.0,1668.0,1606.0
CHEMBL1487,ATORVASTATIN,ACVR1,558.7,-9.96,0.5328,ACVR1,0.4872,ACVR1,0.5018,1778.0,2246.0,2085.0
CHEMBL1399,ANASTROZOLE,AXL,293.4,-6.525,0.5327,AXL,0.5962,AXL,0.6107,1779.0,1282.0,1125.0
CHEMBL94081,ALCLOFENAC,TNIK,226.7,-6.759,0.5327,SERPINE1,0.5787,TNIK,0.6417,1780.0,1449.0,816.0
CHEMBL2364633,SARECYCLINE HYDROCHLORIDE,AXL,487.5,-8.125,0.5327,AXL,0.4939,AXL,0.4588,1781.0,2199.0,2365.0
CHEMBL2364632,SARECYCLINE,AXL,487.5,-8.125,0.5327,AXL,0.4939,AXL,0.4588,1781.0,2199.0,2365.0
CHEMBL539423,SPARSENTAN,SLC2A1,592.8,-9.973,0.5326,GALNS,0.3899,SLC2A1,0.4368,1783.0,2685.0,2471.0
CHEMBL1168,RAMIPRIL,MAPK14,416.5,-7.337,0.5324,MAPK14,0.5163,TNIK,0.4607,1784.0,2035.0,2350.0
CHEMBL48449,CANTHARIDIN,MAPK14,196.2,-6.848,0.5324,MAPK14,0.6012,MAPK14,0.6473,1785.0,1235.0,762.0
CHEMBL857,BIOTIN,SERPINE1,244.3,-6.395,0.5322,SERPINE1,0.5778,SERPINE1,0.5921,1786.0,1463.0,1306.0
CHEMBL1200332,PROTRIPTYLINE HYDROCHLORIDE,ACVR1,263.4,-8.011,0.5322,AXL,0.6171,AXL,0.6079,1787.0,1069.0,1143.0
CHEMBL1201786,LAPYRIUM,MAPK14,363.5,-6.844,0.5319,MAPK14,0.5309,MAPK14,0.5171,1788.0,1898.0,1981.0
CHEMBL1201787,LAPYRIUM CHLORIDE,MAPK14,363.5,-6.844,0.5319,MAPK14,0.5309,MAPK14,0.5171,1788.0,1898.0,1981.0
CHEMBL3137333,ISAVUCONAZONIUM SULFATE,AXL,717.8,-8.109,0.5318,MAPK14,0.4013,MAPK14,0.4761,1790.0,2639.0,2270.0
CHEMBL1183349,ISAVUCONAZONIUM,AXL,717.8,-8.109,0.5318,MAPK14,0.4013,MAPK14,0.4761,1790.0,2639.0,2270.0
CHEMBL2165326,APROCITENTAN,SLC2A1,546.2,-8.804,0.5318,TNIK,0.4082,TNIK,0.4266,1792.0,2610.0,2524.0
CHEMBL1272,REPAGLINIDE,SLC2A1,452.6,-9.31,0.5315,MAPK14,0.4987,MAPK14,0.4617,1793.0,2169.0,2345.0
CHEMBL1200985,CEFTIBUTEN DIHYDRATE,ITPKC,410.4,-6.464,0.5312,ITPKC,0.5381,ITPKC,0.512,1794.0,1831.0,2012.0
CHEMBL1605,CEFTIBUTEN,ITPKC,410.4,-6.464,0.5312,ITPKC,0.5381,ITPKC,0.512,1794.0,1831.0,2012.0
CHEMBL690,PRAVASTATIN SODIUM,ACVR1,423.5,-8.549,0.5311,ACVR1,0.5078,ACVR1,0.4437,1796.0,2106.0,2436.0
CHEMBL1587,POLYTHIAZIDE,ITPKC,439.9,-5.645,0.531,ITPKC,0.4874,MAPK14,0.453,1797.0,2245.0,2392.0
CHEMBL2103830,FOSTAMATINIB,SLC2A1,580.5,-9.917,0.5307,TNIK,0.4468,MAPK14,0.4408,1798.0,2445.0,2450.0
CHEMBL1200701,DICLOXACILLIN SODIUM,SLC2A1,469.3,-8.784,0.5304,ITPKC,0.4674,ACVR1,0.4314,1799.0,2355.0,2505.0
CHEMBL398435,TICAGRELOR,MAPK14,522.6,-8.359,0.5304,MAPK14,0.5087,MAPK14,0.5123,1800.0,2097.0,2010.0
CHEMBL1200804,DICLOFENAC POTASSIUM,ADRA2A,295.1,-7.959,0.5299,ADRA2A,0.5787,ADRA2A,0.5914,1801.0,1450.0,1322.0
CHEMBL1034,DICLOFENAC SODIUM,ADRA2A,295.1,-7.959,0.5299,ADRA2A,0.5787,ADRA2A,0.5914,1801.0,1450.0,1322.0
CHEMBL3182343,PIVAMPICILLIN,TNIK,463.6,-7.465,0.5299,TNIK,0.5136,TNIK,0.4861,1803.0,2057.0,2195.0
CHEMBL4303454,DORIPENEM MONOHYDRATE,ITPKC,420.5,-6.449,0.5299,ITPKC,0.5346,ITPKC,0.5094,1804.0,1876.0,2027.0
CHEMBL491571,DORIPENEM,ITPKC,420.5,-6.449,0.5299,ITPKC,0.5346,ITPKC,0.5094,1804.0,1876.0,2027.0
CHEMBL316157,CEPHALORIDINE,AXL,415.5,-7.234,0.5298,AXL,0.5101,TNIK,0.4528,1806.0,2088.0,2393.0
CHEMBL1497,BETAMETHASONE VALERATE,AXL,476.6,-7.233,0.5295,AXL,0.4546,AXL,0.402,1807.0,2401.0,2631.0
CHEMBL2105581,VERALIPRIDE,MAPK14,383.5,-7.307,0.5295,MAPK14,0.5271,MAPK14,0.4567,1808.0,1935.0,2375.0
CHEMBL3707224,SOFPIRONIUM,ACVR1,390.5,-7.813,0.5294,ACVR1,0.5134,ACVR1,0.4155,1809.0,2059.0,2570.0
CHEMBL3707223,SOFPIRONIUM BROMIDE,ACVR1,390.5,-7.813,0.5294,ACVR1,0.5134,ACVR1,0.4155,1809.0,2059.0,2570.0
CHEMBL1200692,OLMESARTAN MEDOXOMIL,ACVR1,558.6,-9.58,0.5292,MAPK14,0.495,MAPK14,0.5104,1811.0,2193.0,2023.0
CHEMBL1644,CEFADROXIL,MAPK14,363.4,-7.727,0.5291,MAPK14,0.5384,MAPK14,0.5307,1812.0,1828.0,1880.0
CHEMBL2105740,SITAXENTAN SODIUM,SLC2A1,453.9,-9.291,0.5291,GALNS,0.5166,GALNS,0.4826,1813.0,2031.0,2215.0
CHEMBL35,FUROSEMIDE,TNIK,330.7,-7.083,0.529,ITPKC,0.541,ITPKC,0.5145,1814.0,1803.0,1995.0
CHEMBL3989511,IOBENGUANE SULFATE I 131,TNIK,279.1,-6.728,0.5285,MAPK14,0.5485,MAPK14,0.5518,1815.0,1733.0,1703.0
CHEMBL3989523,IOBENGUANE SULFATE I 123,TNIK,271.1,-6.728,0.5285,MAPK14,0.5526,MAPK14,0.5518,1815.0,1711.0,1703.0
CHEMBL818,IOBENGUANE,TNIK,275.1,-6.728,0.5285,MAPK14,0.5507,MAPK14,0.5518,1815.0,1721.0,1703.0
CHEMBL1615779,IOBENGUANE I 131,TNIK,279.1,-6.728,0.5285,MAPK14,0.5485,MAPK14,0.5518,1815.0,1733.0,1703.0
CHEMBL1201018,CEFACLOR,TNIK,367.8,-7.445,0.5283,TNIK,0.5303,ITPKC,0.5259,1819.0,1906.0,1922.0
CHEMBL680,CEFACLOR ANHYDROUS,TNIK,367.8,-7.445,0.5283,TNIK,0.5303,ITPKC,0.5259,1819.0,1906.0,1922.0
CHEMBL625,THIABENDAZOLE,TNIK,201.3,-6.726,0.5279,SLC2A1,0.5575,SLC2A1,0.6487,1821.0,1664.0,743.0
CHEMBL3655081,ABROCITINIB,TNIK,323.4,-7.071,0.5276,TNIK,0.5331,TNIK,0.5043,1822.0,1889.0,2067.0
CHEMBL639,AZELASTINE,AXL,381.9,-6.661,0.5276,AXL,0.5182,AXL,0.419,1823.0,2014.0,2551.0
CHEMBL1200809,AZELASTINE HYDROCHLORIDE,AXL,381.9,-6.661,0.5276,AXL,0.5182,AXL,0.419,1823.0,2014.0,2551.0
CHEMBL1328,PENTAGASTRIN,SLC2A1,767.9,-9.85,0.5276,TNIK,0.455,TNIK,0.4744,1825.0,2397.0,2277.0
CHEMBL1201041,AZLOCILLIN SODIUM,AXL,460.5,-7.579,0.5275,AXL,0.4782,MAPK14,0.421,1826.0,2308.0,2543.0
CHEMBL1697856,BUCETIN,TNIK,223.3,-6.724,0.5275,SERPINE1,0.5722,TNIK,0.6384,1827.0,1528.0,844.0
CHEMBL1200366,CEPHALEXIN HYDROCHLORIDE,TNIK,347.4,-7.435,0.5272,AXL,0.5462,AXL,0.5322,1828.0,1749.0,1864.0
CHEMBL1200544,CEPHALEXIN,TNIK,347.4,-7.435,0.5272,AXL,0.5462,AXL,0.5322,1828.0,1749.0,1864.0
CHEMBL1727,CEPHALEXIN ANHYDROUS,TNIK,347.4,-7.435,0.5272,AXL,0.5462,AXL,0.5322,1828.0,1749.0,1864.0
CHEMBL1648,ISRADIPINE,AXL,371.4,-6.812,0.5271,AXL,0.5262,AXL,0.5237,1831.0,1944.0,1949.0
CHEMBL3989697,RIBOFLAVIN 5'-PHOSPHATE SODIUM,MAPK14,455.3,-8.287,0.5271,MAPK14,0.5182,MAPK14,0.4961,1832.0,2016.0,2115.0
CHEMBL1201147,OCTOCRYLENE,VASH2,361.5,-7.474,0.5269,VASH2,0.5368,VASH2,0.5384,1833.0,1855.0,1819.0
CHEMBL589,ROPINIROLE,ADRA2A,260.4,-6.99,0.5265,ADRA2A,0.5862,ADRA2A,0.5546,1834.0,1377.0,1675.0
CHEMBL1550,PHYTONADIONE,TNIK,450.7,-7.901,0.5265,TNIK,0.5172,TNIK,0.4767,1835.0,2023.0,2264.0
CHEMBL1200970,ETHOPROPAZINE HYDROCHLORIDE,SLC2A1,312.5,-8.103,0.5261,SLC2A1,0.5754,SLC2A1,0.4909,1836.0,1483.0,2162.0
CHEMBL1206,ETHOPROPAZINE,SLC2A1,312.5,-8.103,0.5261,SLC2A1,0.5754,SLC2A1,0.4909,1836.0,1483.0,2162.0
CHEMBL19490,ZOMEPIRAC,TNIK,291.7,-6.719,0.526,SLC2A1,0.5503,SLC2A1,0.5624,1838.0,1724.0,1609.0
CHEMBL37744,ZIMELDINE,TNIK,317.2,-6.716,0.5259,AXL,0.5373,TNIK,0.4922,1839.0,1851.0,2151.0
CHEMBL2355333,ZIMELDINE HYDROCHLORIDE,TNIK,317.2,-6.716,0.5259,AXL,0.5373,TNIK,0.4922,1839.0,1851.0,2151.0
CHEMBL945,AMILORIDE,SERPINE1,229.6,-7.045,0.5258,SERPINE1,0.5421,ITPKC,0.5527,1841.0,1790.0,1689.0
CHEMBL1398126,AMILORIDE HYDROCHLORIDE,SERPINE1,229.6,-7.045,0.5258,SERPINE1,0.5421,ITPKC,0.5527,1841.0,1790.0,1689.0
CHEMBL267894,AMOBARBITAL,TNIK,226.3,-6.714,0.5254,VASH2,0.5712,VASH2,0.6435,1843.0,1545.0,804.0
CHEMBL266349,MELAGATRAN,TNIK,429.5,-8.561,0.5253,TNIK,0.5218,TNIK,0.4929,1844.0,1977.0,2144.0
CHEMBL887,RASAGILINE,TNIK,171.2,-6.713,0.5251,AXL,0.5906,AXL,0.6591,1845.0,1335.0,654.0
CHEMBL1201142,RASAGILINE MESYLATE,TNIK,171.2,-6.713,0.5251,AXL,0.5906,AXL,0.6591,1845.0,1335.0,654.0
CHEMBL6067988,RASAGILINE TARTRATE,TNIK,171.2,-6.713,0.5251,AXL,0.5906,AXL,0.6591,1845.0,1335.0,654.0
CHEMBL1200748,CARBIDOPA,SERPINE1,226.2,-6.672,0.5248,SERPINE1,0.558,SLC2A1,0.5727,1848.0,1656.0,1511.0
CHEMBL1200813,ACEBUTOLOL HYDROCHLORIDE,MAPK14,336.4,-6.93,0.5248,MAPK14,0.5358,MAPK14,0.5115,1849.0,1861.0,2015.0
CHEMBL642,ACEBUTOLOL,MAPK14,336.4,-6.93,0.5248,MAPK14,0.5358,MAPK14,0.5115,1849.0,1861.0,2015.0
CHEMBL463,AMINOHIPPURIC ACID,SERPINE1,194.2,-6.609,0.5248,SERPINE1,0.5686,SERPINE1,0.5748,1851.0,1574.0,1495.0
CHEMBL56367,NIMESULIDE,SLC2A1,308.3,-7.77,0.5246,SLC2A1,0.5683,SLC2A1,0.5941,1852.0,1575.0,1280.0
CHEMBL5315053,PEMETREXED MONOHYDRATE,TNIK,427.4,-8.554,0.5245,TNIK,0.5215,ITPKC,0.4986,1853.0,1982.0,2099.0
CHEMBL225072,PEMETREXED,TNIK,427.4,-8.554,0.5245,TNIK,0.5215,ITPKC,0.4986,1853.0,1982.0,2099.0
CHEMBL1532,QUINETHAZONE,VASH2,289.7,-7.639,0.5244,VASH2,0.5567,VASH2,0.5768,1855.0,1672.0,1475.0
CHEMBL615,PENICILLIN V,SLC2A1,350.4,-8.725,0.5243,SLC2A1,0.5531,SLC2A1,0.5406,1856.0,1704.0,1804.0
CHEMBL839,CARTEOLOL,VASH2,292.4,-6.984,0.5243,SLC2A1,0.5787,ITPKC,0.5936,1857.0,1452.0,1283.0
CHEMBL1201002,CARTEOLOL HYDROCHLORIDE,VASH2,292.4,-6.984,0.5243,SLC2A1,0.5787,ITPKC,0.5936,1857.0,1452.0,1283.0
CHEMBL1201354,TRIDIHEXETHYL,ACVR1,318.5,-7.939,0.5239,ACVR1,0.5673,ACVR1,0.4979,1859.0,1583.0,2105.0
CHEMBL1200771,TRIDIHEXETHYL CHLORIDE,ACVR1,318.5,-7.939,0.5239,ACVR1,0.5673,ACVR1,0.4979,1859.0,1583.0,2105.0
CHEMBL605,PROCAINAMIDE HYDROCHLORIDE,TNIK,235.3,-6.69,0.5236,MAPK14,0.5733,MAPK14,0.6404,1861.0,1515.0,827.0
CHEMBL640,PROCAINAMIDE,TNIK,235.3,-6.69,0.5236,MAPK14,0.5733,MAPK14,0.6404,1861.0,1515.0,827.0
CHEMBL24,ATENOLOL,TNIK,266.3,-7.033,0.5235,TNIK,0.5426,TNIK,0.5505,1863.0,1778.0,1722.0
CHEMBL317052,REGADENOSON ANHYDROUS,AXL,390.4,-7.532,0.5235,AXL,0.536,ITPKC,0.4614,1864.0,1857.0,2346.0
CHEMBL3989695,REGADENOSON,AXL,390.4,-7.532,0.5235,AXL,0.536,ITPKC,0.4614,1864.0,1857.0,2346.0
CHEMBL1788385,TILBROQUINOL,MAPK14,238.1,-6.638,0.5231,MAPK14,0.5791,AXL,0.6702,1866.0,1442.0,558.0
CHEMBL1615369,DABIGATRAN ETEXILATE MESYLATE,SLC2A1,627.7,-9.741,0.5227,TNIK,0.4962,TNIK,0.494,1867.0,2182.0,2130.0
CHEMBL539697,DABIGATRAN ETEXILATE,SLC2A1,627.7,-9.741,0.5227,TNIK,0.4962,TNIK,0.494,1867.0,2182.0,2130.0
CHEMBL5314365,MONENSIN SODIUM,AXL,669.9,-7.527,0.5225,GALNS,0.3788,GALNS,0.4539,1869.0,2717.0,2388.0
CHEMBL1446650,MEBEVERINE HYDROCHLORIDE,TNIK,429.6,-7.387,0.5224,TNIK,0.511,TNIK,0.4617,1870.0,2079.0,2343.0
CHEMBL282121,MEBEVERINE,TNIK,429.6,-7.387,0.5224,TNIK,0.511,TNIK,0.4617,1870.0,2079.0,2343.0
CHEMBL5314373,"CEFPROZIL, (E)-",ITPKC,389.4,-6.335,0.5222,ITPKC,0.5356,ITPKC,0.491,1872.0,1864.0,2160.0
CHEMBL276568,"CEFPROZIL ANHYDROUS, (E)-",ITPKC,389.4,-6.335,0.5222,ITPKC,0.5356,ITPKC,0.491,1872.0,1864.0,2160.0
CHEMBL4297403,MELPHALAN FLUFENAMIDE HYDROCHLORIDE,SLC2A1,498.4,-8.694,0.5221,TNIK,0.4887,TNIK,0.4793,1874.0,2236.0,2235.0
CHEMBL4303060,MELPHALAN FLUFENAMIDE,SLC2A1,498.4,-8.694,0.5221,TNIK,0.4887,TNIK,0.4793,1874.0,2236.0,2235.0
CHEMBL437,SULFATHIAZOLE,TNIK,255.3,-6.677,0.5219,TNIK,0.5377,TNIK,0.5387,1876.0,1843.0,1815.0
CHEMBL1359,ERTAPENEM,TNIK,475.5,-8.488,0.5214,TNIK,0.5134,TNIK,0.4917,1877.0,2063.0,2155.0
CHEMBL4297666,OMIDENEPAG ISOPROPYL,SLC2A1,520.6,-9.196,0.5213,MAPK14,0.4333,MAPK14,0.4344,1878.0,2514.0,2487.0
CHEMBL298470,TAFENOQUINE,ACVR1,463.5,-8.85,0.5212,ACVR1,0.4763,TNIK,0.4491,1879.0,2317.0,2415.0
CHEMBL2364635,TAFENOQUINE SUCCINATE,ACVR1,463.5,-8.85,0.5212,ACVR1,0.4763,TNIK,0.4491,1879.0,2317.0,2415.0
CHEMBL448,PENTOBARBITAL,MAPK14,226.3,-6.63,0.5211,VASH2,0.5946,VASH2,0.6535,1881.0,1305.0,706.0
CHEMBL1201262,DIPIVEFRIN,SLC2A1,351.4,-7.843,0.5208,AXL,0.5232,AXL,0.4881,1882.0,1968.0,2179.0
CHEMBL1200833,DIPIVEFRIN HYDROCHLORIDE,SLC2A1,351.4,-7.843,0.5208,AXL,0.5232,AXL,0.4881,1882.0,1968.0,2179.0
CHEMBL473,DOFETILIDE,TNIK,441.6,-7.376,0.5207,TNIK,0.5068,TNIK,0.4568,1884.0,2114.0,2374.0
CHEMBL2105720,LESINURAD,AXL,404.3,-6.754,0.5206,ACVR1,0.4963,AXL,0.4155,1885.0,2180.0,2569.0
CHEMBL500,PINDOLOL,SERPINE1,248.3,-6.066,0.5204,SLC2A1,0.572,SERPINE1,0.568,1886.0,1533.0,1545.0
CHEMBL3989406,ENALAPRILAT,GALNS,348.4,-7.137,0.5204,GALNS,0.5422,GALNS,0.5322,1887.0,1787.0,1862.0
CHEMBL577,ENALAPRILAT ANHYDROUS,GALNS,348.4,-7.137,0.5204,GALNS,0.5422,GALNS,0.5322,1887.0,1787.0,1862.0
CHEMBL1200347,ISOPROPAMIDE IODIDE,ACVR1,353.5,-7.914,0.5204,ACVR1,0.5331,ACVR1,0.493,1889.0,1887.0,2141.0
CHEMBL1201232,ISOPROPAMIDE,ACVR1,353.5,-7.914,0.5204,ACVR1,0.5331,ACVR1,0.493,1889.0,1887.0,2141.0
CHEMBL3989861,DESVENLAFAXINE FUMARATE,SLC2A1,263.4,-7.838,0.5203,SLC2A1,0.6124,SLC2A1,0.5919,1891.0,1122.0,1310.0
CHEMBL1201728,DESVENLAFAXINE SUCCINATE,SLC2A1,263.4,-7.838,0.5203,SLC2A1,0.6124,SLC2A1,0.5919,1891.0,1122.0,1310.0
CHEMBL1118,DESVENLAFAXINE,SLC2A1,263.4,-7.838,0.5203,SLC2A1,0.6124,SLC2A1,0.5919,1891.0,1122.0,1310.0
CHEMBL1191,SULFAMETHIZOLE,TNIK,270.3,-7.011,0.5201,TNIK,0.5387,TNIK,0.5417,1894.0,1820.0,1791.0
CHEMBL1200750,PROMETHAZINE HYDROCHLORIDE,SLC2A1,284.4,-8.044,0.5201,SLC2A1,0.5952,SLC2A1,0.6014,1895.0,1294.0,1199.0
CHEMBL1201274,LEVOBETAXOLOL,TNIK,307.4,-6.842,0.52,TNIK,0.5282,TNIK,0.54,1896.0,1928.0,1809.0
CHEMBL1200837,LEVOBETAXOLOL HYDROCHLORIDE,TNIK,307.4,-6.842,0.52,TNIK,0.5282,TNIK,0.54,1896.0,1928.0,1809.0
CHEMBL1161,MOMETASONE FUROATE,AXL,521.4,-7.513,0.5196,AXL,0.415,AXL,0.3986,1898.0,2585.0,2645.0
CHEMBL1358,FULVESTRANT,ACVR1,606.8,-8.831,0.5196,ACVR1,0.3668,ACVR1,0.4444,1899.0,2764.0,2434.0
CHEMBL158,AZTREONAM,ITPKC,435.4,-6.291,0.5196,ITPKC,0.5176,ITPKC,0.4864,1900.0,2021.0,2189.0
CHEMBL3833340,AZTREONAM LYSINE,ITPKC,435.4,-6.291,0.5196,ITPKC,0.5176,ITPKC,0.4864,1900.0,2021.0,2189.0
CHEMBL1201163,SUFENTANIL CITRATE,ACVR1,386.6,-7.902,0.5194,ACVR1,0.5063,TNIK,0.4369,1902.0,2117.0,2469.0
CHEMBL658,SUFENTANIL,ACVR1,386.6,-7.902,0.5194,ACVR1,0.5063,TNIK,0.4369,1902.0,2117.0,2469.0
CHEMBL1094,FELBAMATE,SERPINE1,238.2,-6.368,0.5194,SERPINE1,0.5658,ACVR1,0.6182,1904.0,1599.0,1057.0
CHEMBL2106556,CYCLOBARBITAL CALCIUM,SLC2A1,235.3,-7.817,0.5193,SLC2A1,0.638,SLC2A1,0.7254,1905.0,863.0,73.0
CHEMBL580,LORAZEPAM,SLC2A1,321.2,-7.817,0.5193,SLC2A1,0.5485,SLC2A1,0.4766,1905.0,1735.0,2265.0
CHEMBL17860,LOFEXIDINE,MAPK14,259.1,-6.619,0.5192,MAPK14,0.566,MAPK14,0.5661,1907.0,1595.0,1572.0
CHEMBL1788132,LOFEXIDINE HYDROCHLORIDE,MAPK14,259.1,-6.619,0.5192,MAPK14,0.566,MAPK14,0.5661,1907.0,1595.0,1572.0
CHEMBL3301605,RELEBACTAM,TNIK,348.4,-7.36,0.5191,TNIK,0.5255,ITPKC,0.5155,1909.0,1948.0,1987.0
CHEMBL3112741,RELEBACTAM ANHYDROUS,TNIK,348.4,-7.36,0.5191,TNIK,0.5255,ITPKC,0.5155,1909.0,1948.0,1987.0
CHEMBL4297212,SOLRIAMFETOL HYDROCHLORIDE,SERPINE1,194.2,-6.302,0.519,SERPINE1,0.5789,TNIK,0.5942,1911.0,1447.0,1278.0
CHEMBL276832,HYDRALAZINE,TNIK,160.2,-6.837,0.5189,SERPINE1,0.5726,TNIK,0.6279,1912.0,1523.0,947.0
CHEMBL542541,HYDRALAZINE HYDROCHLORIDE,TNIK,160.2,-6.837,0.5189,SERPINE1,0.5726,TNIK,0.6279,1912.0,1523.0,947.0
CHEMBL551466,ACLIDINIUM BROMIDE,AXL,484.7,-7.508,0.5189,MAPK14,0.449,MAPK14,0.4317,1914.0,2430.0,2497.0
CHEMBL1194325,ACLIDINIUM,AXL,484.7,-7.508,0.5189,MAPK14,0.449,MAPK14,0.4317,1914.0,2430.0,2497.0
CHEMBL1201204,CEFPIRAMIDE,AXL,612.7,-8.686,0.5188,ITPKC,0.4236,AXL,0.485,1916.0,2547.0,2200.0
CHEMBL2105458,THENALIDINE,SLC2A1,286.4,-7.808,0.5187,SLC2A1,0.5871,SLC2A1,0.59,1917.0,1368.0,1337.0
CHEMBL1259,METOCURINE,ITPKC,652.8,-5.628,0.5184,AXL,0.3094,ITPKC,0.3839,1918.0,2922.0,2699.0
CHEMBL238804,SELEXIPAG,ACVR1,496.6,-8.814,0.5182,ACVR1,0.4412,ACVR1,0.4424,1919.0,2464.0,2438.0
CHEMBL3989962,PEMETREXED TROMETHAMINE,AXL,427.4,-7.942,0.518,AXL,0.5187,AXL,0.4874,1920.0,2011.0,2182.0
CHEMBL1454910,NITROXOLINE,TNIK,190.2,-6.643,0.518,MAPK14,0.5704,TNIK,0.6274,1921.0,1556.0,953.0
CHEMBL1593719,PHENICARBAZIDE,MAPK14,151.2,-6.73,0.5178,MAPK14,0.6046,MAPK14,0.6356,1922.0,1195.0,880.0
CHEMBL957,BOSENTAN,SLC2A1,551.6,-9.617,0.5177,SLC2A1,0.3741,SLC2A1,0.4102,1923.0,2734.0,2592.0
CHEMBL1742471,EBROTIDINE,TNIK,477.4,-7.784,0.5177,TNIK,0.5026,TNIK,0.4794,1924.0,2136.0,2234.0
CHEMBL4297211,CEFIDEROCOL SULFATE TOSYLATE,AXL,753.2,-7.935,0.5177,TNIK,0.4614,TNIK,0.478,1925.0,2383.0,2254.0
CHEMBL4802240,FOSCARBIDOPA,SERPINE1,306.2,-6.899,0.5175,SERPINE1,0.5311,SERPINE1,0.5258,1926.0,1896.0,1924.0
CHEMBL1201129,DECITABINE,SERPINE1,228.2,-6.565,0.5174,SERPINE1,0.5595,SLC2A1,0.5797,1927.0,1646.0,1448.0
CHEMBL1622,FOLIC ACID,TNIK,441.4,-8.432,0.5173,TNIK,0.5135,ITPKC,0.4933,1928.0,2058.0,2135.0
CHEMBL2105680,RIFAMYCIN SODIUM,SLC2A1,696.8,-9.612,0.5172,TNIK,0.3939,TNIK,0.4185,1929.0,2666.0,2556.0
CHEMBL1200854,FLUPHENAZINE DECANOATE,TNIK,591.8,-7.78,0.517,TNIK,0.4847,TNIK,0.4775,1930.0,2262.0,2257.0
CHEMBL3989568,OXYTETRACYCLINE CALCIUM,AXL,459.4,-7.929,0.5169,AXL,0.4921,SERPINE1,0.422,1931.0,2215.0,2538.0
CHEMBL1200661,UNOPROSTONE ISOPROPYL,TNIK,424.6,-7.333,0.5164,TNIK,0.5055,TNIK,0.4502,1932.0,2121.0,2407.0
CHEMBL562,GRISEOFULVIN,AXL,352.8,-6.374,0.5162,AXL,0.5211,AXL,0.4855,1933.0,1991.0,2199.0
CHEMBL1200356,CYCLACILLIN,SLC2A1,341.4,-8.647,0.5162,SLC2A1,0.553,ITPKC,0.5322,1934.0,1707.0,1867.0
CHEMBL2104537,AMOPROXAN,MAPK14,425.5,-6.875,0.5162,MAPK14,0.4821,MAPK14,0.4412,1935.0,2281.0,2448.0
CHEMBL12,DIAZEPAM,ACVR1,284.7,-7.657,0.5158,ACVR1,0.5742,ACVR1,0.5711,1936.0,1506.0,1521.0
CHEMBL1318287,PENTOLINIUM TARTRATE,MAPK14,240.4,-6.595,0.5157,MAPK14,0.5712,MAPK14,0.6391,1937.0,1543.0,836.0
CHEMBL1271,PENTOLINIUM,MAPK14,240.4,-6.595,0.5157,MAPK14,0.5712,MAPK14,0.6391,1937.0,1543.0,836.0
CHEMBL776,METAPROTERENOL,SERPINE1,211.3,-6.279,0.5155,SERPINE1,0.5718,SERPINE1,0.582,1939.0,1534.0,1430.0
CHEMBL1568057,METAPROTERENOL SULFATE,SERPINE1,211.3,-6.279,0.5155,SERPINE1,0.5718,SERPINE1,0.582,1939.0,1534.0,1430.0
CHEMBL2096631,CLORAZEPATE DIPOTASSIUM,ACVR1,313.7,-7.653,0.5153,ACVR1,0.5484,ACVR1,0.4703,1941.0,1737.0,2304.0
CHEMBL1214,CARBENICILLIN,SLC2A1,378.4,-8.635,0.5153,SLC2A1,0.513,TNIK,0.4088,1942.0,2066.0,2599.0
CHEMBL1760,TERBUTALINE,MAPK14,225.3,-6.869,0.5153,MAPK14,0.5738,MAPK14,0.629,1943.0,1509.0,939.0
CHEMBL1315867,TERBUTALINE SULFATE,MAPK14,225.3,-6.869,0.5153,MAPK14,0.5738,MAPK14,0.629,1943.0,1509.0,939.0
CHEMBL339427,TUBOCURARINE,AXL,609.7,-6.79,0.5152,AXL,0.3228,AXL,0.3834,1945.0,2887.0,2703.0
CHEMBL1713,CHLORPROMAZINE HYDROCHLORIDE,AXL,318.9,-6.555,0.5151,AXL,0.5579,AXL,0.493,1946.0,1658.0,2143.0
CHEMBL568,OXAZEPAM,ACVR1,286.7,-7.65,0.5151,ACVR1,0.5711,ACVR1,0.5704,1947.0,1546.0,1526.0
CHEMBL1103,FURAZOLIDONE,SERPINE1,225.2,-6.545,0.5149,SERPINE1,0.5581,MAPK14,0.5828,1948.0,1655.0,1421.0
CHEMBL1200901,HALOFANTRINE HYDROCHLORIDE,SLC2A1,500.4,-9.128,0.5149,TNIK,0.4819,TNIK,0.4602,1949.0,2283.0,2352.0
CHEMBL1107,HALOFANTRINE,SLC2A1,500.4,-9.128,0.5149,TNIK,0.4819,TNIK,0.4602,1949.0,2283.0,2352.0
CHEMBL5723563,ELIGLUSTAT TARTRATE,MAPK14,404.6,-6.864,0.5149,VASH2,0.4984,MAPK14,0.4376,1951.0,2173.0,2462.0
CHEMBL2110588,ELIGLUSTAT,MAPK14,404.6,-6.864,0.5149,VASH2,0.4984,MAPK14,0.4376,1951.0,2173.0,2462.0
CHEMBL1200330,PILOCARPINE HYDROCHLORIDE,TNIK,208.3,-6.631,0.5145,TNIK,0.5427,TNIK,0.6231,1953.0,1772.0,1001.0
CHEMBL550,PILOCARPINE,TNIK,208.3,-6.631,0.5145,TNIK,0.5427,TNIK,0.6231,1953.0,1772.0,1001.0
CHEMBL7568,QUINACRINE,MAPK14,400.0,-7.175,0.5145,MAPK14,0.502,MAPK14,0.4371,1955.0,2139.0,2468.0
CHEMBL1200487,ETHACRYNATE SODIUM,MAPK14,302.1,-6.587,0.5144,MAPK14,0.5404,MAPK14,0.5592,1956.0,1810.0,1631.0
CHEMBL919,FOSPHENYTOIN SODIUM,GALNS,360.3,-7.407,0.5142,GALNS,0.5317,GALNS,0.5348,1957.0,1893.0,1843.0
CHEMBL796,METHYLPHENIDATE,TNIK,233.3,-6.629,0.5141,SLC2A1,0.5545,SLC2A1,0.6835,1958.0,1692.0,412.0
CHEMBL1722,METHYLPHENIDATE HYDROCHLORIDE,TNIK,233.3,-6.629,0.5141,SLC2A1,0.5545,SLC2A1,0.6835,1958.0,1692.0,412.0
CHEMBL454,BUTALBITAL,MAPK14,224.3,-6.642,0.5141,MAPK14,0.5747,MAPK14,0.6359,1960.0,1498.0,877.0
CHEMBL1557,DOPAMINE HYDROCHLORIDE,SERPINE1,153.2,-6.154,0.5141,SERPINE1,0.5928,SERPINE1,0.5916,1961.0,1318.0,1317.0
CHEMBL2360464,PEMETREXED DISODIUM,AXL,425.4,-7.898,0.514,AXL,0.5149,AXL,0.4764,1962.0,2041.0,2267.0
CHEMBL6068335,PEMETREXED DISODIUM HEMIPENTAHYDRATE,AXL,425.4,-7.898,0.514,AXL,0.5149,AXL,0.4764,1962.0,2041.0,2267.0
CHEMBL6068329,PEMETREXED DIPOTASSIUM,AXL,425.4,-7.898,0.514,AXL,0.5149,AXL,0.4764,1962.0,2041.0,2267.0
CHEMBL770,TOLAZOLINE,SERPINE1,160.2,-6.029,0.5139,SERPINE1,0.5939,ADRA2A,0.656,1965.0,1309.0,691.0
CHEMBL1689,TOLAZOLINE HYDROCHLORIDE,SERPINE1,160.2,-6.029,0.5139,SERPINE1,0.5939,VASH2,0.6291,1965.0,1309.0,937.0
CHEMBL218394,BOCEPREVIR,SLC2A1,519.7,-9.116,0.5135,MAPK14,0.4438,MAPK14,0.4419,1967.0,2455.0,2441.0
CHEMBL139877,SULFACARBAMIDE,SERPINE1,215.2,-6.534,0.5135,SERPINE1,0.5591,ITPKC,0.5774,1968.0,1650.0,1471.0
CHEMBL13280,FLUNITRAZEPAM,ACVR1,313.3,-7.629,0.5134,ACVR1,0.5467,ACVR1,0.4644,1969.0,1746.0,2336.0
CHEMBL3301612,ENCORAFENIB,ACVR1,540.0,-8.774,0.5133,TNIK,0.4316,ACVR1,0.4339,1970.0,2520.0,2488.0
CHEMBL440,THIAMYLAL,MAPK14,254.4,-6.577,0.5132,MAPK14,0.5629,MAPK14,0.556,1971.0,1621.0,1663.0
CHEMBL1909298,PINAVERIUM BROMIDE,MAPK14,511.5,-7.552,0.5129,MAPK14,0.4645,MAPK14,0.454,1972.0,2363.0,2386.0
CHEMBL1909324,PINAVERIUM,MAPK14,511.5,-7.552,0.5129,MAPK14,0.4645,MAPK14,0.454,1972.0,2363.0,2386.0
CHEMBL1577,METHYCLOTHIAZIDE,MAPK14,360.2,-7.16,0.5125,MAPK14,0.5168,MAPK14,0.5052,1974.0,2030.0,2063.0
CHEMBL2105941,AMOBARBITAL SODIUM,TNIK,225.3,-6.95,0.5125,TNIK,0.541,TNIK,0.6192,1975.0,1804.0,1040.0
CHEMBL750,ZONISAMIDE,TNIK,212.2,-6.68,0.5122,MAPK14,0.5528,TNIK,0.62,1976.0,1710.0,1034.0
CHEMBL3039598,FOSINOPRIL,AXL,563.7,-7.874,0.5122,TNIK,0.4773,TNIK,0.4689,1977.0,2314.0,2309.0
CHEMBL465026,NEFOPAM,ACVR1,253.3,-7.09,0.5115,ACVR1,0.5712,ACVR1,0.5443,1978.0,1542.0,1777.0
CHEMBL6068338,CLOPIDOGREL HYDROCHLORIDE,SLC2A1,321.8,-7.723,0.5114,SLC2A1,0.5353,SLC2A1,0.4668,1979.0,1869.0,2320.0
CHEMBL6068343,CLOPIDOGREL HYDROBROMIDE,SLC2A1,321.8,-7.723,0.5114,SLC2A1,0.5353,SLC2A1,0.4668,1979.0,1869.0,2320.0
CHEMBL1771,CLOPIDOGREL,SLC2A1,321.8,-7.723,0.5114,SLC2A1,0.5353,SLC2A1,0.4668,1979.0,1869.0,2320.0
CHEMBL6068333,CLOPIDOGREL BESILATE,SLC2A1,321.8,-7.723,0.5114,SLC2A1,0.5353,SLC2A1,0.4668,1979.0,1869.0,2320.0
CHEMBL1083385,CLOPIDOGREL BISULFATE,SLC2A1,321.8,-7.723,0.5114,SLC2A1,0.5353,SLC2A1,0.4668,1979.0,1869.0,2320.0
CHEMBL447,SECOBARBITAL,MAPK14,238.3,-6.564,0.5113,MAPK14,0.5675,MAPK14,0.6374,1984.0,1580.0,856.0
CHEMBL1460,DIDANOSINE,SERPINE1,236.2,-6.516,0.5113,SERPINE1,0.553,SLC2A1,0.6214,1985.0,1708.0,1022.0
CHEMBL1604,CEPHRADINE,TNIK,349.4,-7.278,0.5108,TNIK,0.5155,TNIK,0.4993,1986.0,2039.0,2094.0
CHEMBL1200500,BECLOMETHASONE DIPROPIONATE,AXL,521.1,-7.44,0.5108,TNIK,0.4047,TNIK,0.4108,1987.0,2628.0,2590.0
CHEMBL1043,DAPSONE,ITPKC,248.3,-5.273,0.5108,ITPKC,0.6095,ITPKC,0.5927,1988.0,1159.0,1299.0
CHEMBL3183184,OCTINOXATE,MAPK14,290.4,-6.995,0.5106,MAPK14,0.5448,MAPK14,0.5602,1989.0,1759.0,1623.0
CHEMBL437765,RIFAMYCIN,SLC2A1,697.8,-9.517,0.5105,ITPKC,0.3112,ITPKC,0.4406,1990.0,2919.0,2452.0
CHEMBL1166,ARGATROBAN,SLC2A1,508.6,-10.44,0.5104,SLC2A1,0.4757,SLC2A1,0.444,1991.0,2323.0,2435.0
CHEMBL1371,CHLORZOXAZONE,SERPINE1,169.6,-6.008,0.5103,SERPINE1,0.5885,SERPINE1,0.5911,1992.0,1358.0,1328.0
CHEMBL62193,SULFADIMETHOXINE,SERPINE1,310.3,-6.506,0.5101,SERPINE1,0.5323,SERPINE1,0.5284,1993.0,1891.0,1899.0
CHEMBL2110774,CHLORPHENOXAMINE,ACVR1,303.8,-7.816,0.5098,ACVR1,0.5604,ACVR1,0.5722,1994.0,1637.0,1514.0
CHEMBL1200382,BEPRIDIL HYDROCHLORIDE,ACVR1,366.5,-8.189,0.5098,ACVR1,0.5217,ACVR1,0.4928,1994.0,1978.0,2145.0
CHEMBL2105980,CHLORPHENOXAMINE HYDROCHLORIDE,ACVR1,303.8,-7.816,0.5098,ACVR1,0.5604,ACVR1,0.5722,1994.0,1637.0,1514.0
CHEMBL1008,BEPRIDIL,ACVR1,366.5,-8.189,0.5098,ACVR1,0.5217,ACVR1,0.4928,1994.0,1978.0,2145.0
CHEMBL6067656,CEFTRIAXONE SODIUM,AXL,552.6,-7.423,0.5097,TNIK,0.4085,TNIK,0.4213,1998.0,2608.0,2540.0
CHEMBL1200472,QUAZEPAM,ACVR1,386.8,-7.815,0.5096,ACVR1,0.4962,ACVR1,0.3965,1999.0,2181.0,2654.0
CHEMBL26,SULPIRIDE,MAPK14,341.4,-6.898,0.5095,MAPK14,0.5188,MAPK14,0.4939,2000.0,2007.0,2132.0
CHEMBL105,MITOMYCIN,ITPKC,334.3,-5.804,0.5095,ITPKC,0.5525,ITPKC,0.5479,2001.0,1712.0,1749.0
CHEMBL461522,METAMIZOLE,AXL,311.4,-6.677,0.5094,AXL,0.5612,AXL,0.49,2002.0,1631.0,2166.0
CHEMBL2181927,FINERENONE,AXL,378.4,-6.675,0.5091,AXL,0.5032,TNIK,0.4053,2003.0,2132.0,2618.0
CHEMBL584,NELFINAVIR,SLC2A1,567.8,-10.42,0.5091,ACVR1,0.4625,ACVR1,0.4786,2004.0,2375.0,2245.0
CHEMBL1205,NELFINAVIR MESYLATE,SLC2A1,567.8,-10.42,0.5091,ACVR1,0.4625,ACVR1,0.4786,2004.0,2375.0,2245.0
CHEMBL636,RIVASTIGMINE,TNIK,250.3,-6.596,0.509,MAPK14,0.5299,MAPK14,0.52,2006.0,1911.0,1968.0
CHEMBL1201092,RIVASTIGMINE TARTRATE,TNIK,250.3,-6.596,0.509,MAPK14,0.5299,MAPK14,0.52,2006.0,1911.0,1968.0
CHEMBL3989859,TOCOPHEROL ACETATE,TNIK,472.8,-7.675,0.509,TNIK,0.4943,TNIK,0.4683,2008.0,2198.0,2316.0
CHEMBL790,CHLORHEXIDINE,MAPK14,505.5,-8.927,0.5088,MAPK14,0.5004,MAPK14,0.5001,2009.0,2157.0,2089.0
CHEMBL4297088,CHLORHEXIDINE GLUCONATE,MAPK14,505.5,-8.927,0.5088,MAPK14,0.5004,MAPK14,0.5001,2009.0,2157.0,2089.0
CHEMBL1363,ARFORMOTEROL,TNIK,344.4,-7.674,0.5086,SLC2A1,0.5227,SLC2A1,0.5075,2011.0,1970.0,2044.0
CHEMBL1951071,ARFORMOTEROL TARTRATE,TNIK,344.4,-7.674,0.5086,SLC2A1,0.5227,SLC2A1,0.5075,2011.0,1970.0,2044.0
CHEMBL2104445,TRITOQUALINE,AXL,500.5,-7.024,0.5085,ACVR1,0.4198,ACVR1,0.4248,2013.0,2569.0,2528.0
CHEMBL1078261,PROPIVERINE,ADRA2A,367.5,-7.791,0.5085,ADRA2A,0.5123,ADRA2A,0.49,2014.0,2069.0,2165.0
CHEMBL3142541,BUTAMBEN PICRATE,SERPINE1,193.2,-6.001,0.5082,SERPINE1,0.5792,SERPINE1,0.5901,2015.0,1440.0,1334.0
CHEMBL127516,BUTAMBEN,SERPINE1,193.2,-6.001,0.5082,SERPINE1,0.5792,SERPINE1,0.5901,2015.0,1440.0,1334.0
CHEMBL1451,TRIAMCINOLONE,SLC2A1,394.4,-9.011,0.5082,SLC2A1,0.5043,TNIK,0.4444,2017.0,2127.0,2433.0
CHEMBL1200326,NICARDIPINE HYDROCHLORIDE,MAPK14,479.5,-7.498,0.5082,MAPK14,0.4719,MAPK14,0.4494,2018.0,2340.0,2411.0
CHEMBL1484,NICARDIPINE,MAPK14,479.5,-7.498,0.5082,MAPK14,0.4719,MAPK14,0.4494,2018.0,2340.0,2411.0
CHEMBL1201233,METHYLDOPATE,SERPINE1,239.3,-6.493,0.5081,SERPINE1,0.5497,SERPINE1,0.5641,2020.0,1727.0,1592.0
CHEMBL1200432,METHYLDOPATE HYDROCHLORIDE,SERPINE1,239.3,-6.493,0.5081,SERPINE1,0.5497,SERPINE1,0.5641,2020.0,1727.0,1592.0
CHEMBL24778,SILODOSIN,SLC2A1,495.5,-9.01,0.5081,GALNS,0.4209,TNIK,0.4089,2022.0,2562.0,2598.0
CHEMBL2159122,ELUXADOLINE,ACVR1,569.7,-10.22,0.508,MAPK14,0.4766,MAPK14,0.4874,2023.0,2315.0,2183.0
CHEMBL698,TETRACAINE,SERPINE1,264.4,-6.0,0.5079,SERPINE1,0.5493,SERPINE1,0.5567,2024.0,1729.0,1656.0
CHEMBL1255654,TETRACAINE HYDROCHLORIDE,SERPINE1,264.4,-6.0,0.5079,SERPINE1,0.5493,SERPINE1,0.5567,2024.0,1729.0,1656.0
CHEMBL1200411,ROPINIROLE HYDROCHLORIDE,TNIK,260.4,-6.588,0.5078,TNIK,0.524,TNIK,0.5154,2026.0,1961.0,1989.0
CHEMBL548,DINOPROSTONE,TNIK,352.5,-7.245,0.5077,TNIK,0.5095,TNIK,0.4922,2027.0,2091.0,2153.0
CHEMBL1200971,CEPHALOGLYCIN,SERPINE1,405.4,-6.491,0.5077,SERPINE1,0.5011,SERPINE1,0.48,2028.0,2152.0,2230.0
CHEMBL393220,ATORVASTATIN CALCIUM,ACVR1,557.6,-9.186,0.5075,ACVR1,0.4044,ACVR1,0.4476,2029.0,2630.0,2420.0
CHEMBL2107067,TESTOSTERONE UNDECANOATE,MAPK14,456.7,-7.493,0.5075,MAPK14,0.4805,MAPK14,0.4395,2030.0,2298.0,2456.0
CHEMBL1200482,CEFOPERAZONE SODIUM,SLC2A1,644.7,-9.484,0.5075,SERPINE1,0.4355,SERPINE1,0.4535,2031.0,2496.0,2391.0
CHEMBL1469,PHENYLBUTANOIC ACID,SERPINE1,164.2,-5.996,0.5075,SERPINE1,0.5886,TNIK,0.5975,2032.0,1355.0,1247.0
CHEMBL829,METHYLPROMAZINE,AXL,298.5,-6.475,0.5071,AXL,0.5652,AXL,0.5804,2033.0,1601.0,1444.0
CHEMBL3989885,TRIMEPRAZINE TARTRATE,AXL,298.5,-6.475,0.5071,AXL,0.5652,AXL,0.5804,2033.0,1601.0,1444.0
CHEMBL488093,PYRITINOL,SLC2A1,368.5,-8.193,0.507,SLC2A1,0.4963,SLC2A1,0.4829,2035.0,2179.0,2212.0
CHEMBL4650215,INAVOLISIB,TNIK,407.4,-6.904,0.5069,TNIK,0.4924,TNIK,0.4396,2036.0,2210.0,2455.0
CHEMBL1037,GUANADREL,MAPK14,213.3,-6.801,0.5066,SLC2A1,0.5888,SLC2A1,0.6773,2037.0,1349.0,469.0
CHEMBL3184143,GUANADREL SULFATE,MAPK14,213.3,-6.801,0.5066,SLC2A1,0.5888,SLC2A1,0.6773,2037.0,1349.0,469.0
CHEMBL116,AMPRENAVIR,ACVR1,505.6,-8.69,0.5064,VASH2,0.4221,ACVR1,0.4241,2039.0,2554.0,2531.0
CHEMBL1004,DOXYLAMINE,ACVR1,270.4,-7.547,0.5064,ACVR1,0.5695,ACVR1,0.5597,2039.0,1564.0,1626.0
CHEMBL1200392,DOXYLAMINE SUCCINATE,ACVR1,270.4,-7.547,0.5064,ACVR1,0.5695,ACVR1,0.5597,2039.0,1564.0,1626.0
CHEMBL3391662,PARITAPREVIR,AXL,765.9,-6.992,0.5062,AXL,0.2677,AXL,0.3662,2042.0,3005.0,2775.0
CHEMBL1200672,CEFPIRAMIDE SODIUM,AXL,611.6,-8.35,0.5062,AXL,0.374,AXL,0.4511,2043.0,2735.0,2404.0
CHEMBL1200972,CHLOPHEDIANOL HYDROCHLORIDE,SLC2A1,289.8,-7.652,0.506,SLC2A1,0.5639,SLC2A1,0.5695,2044.0,1609.0,1533.0
CHEMBL1201313,CHLOPHEDIANOL,SLC2A1,289.8,-7.652,0.506,SLC2A1,0.5639,SLC2A1,0.5695,2044.0,1609.0,1533.0
CHEMBL2111186,TALAPORFIN,SLC2A1,711.8,-10.34,0.5058,ITPKC,0.344,AXL,0.4419,2046.0,2831.0,2440.0
CHEMBL92401,IPRONIAZID,MAPK14,179.2,-6.646,0.5058,MAPK14,0.5856,MAPK14,0.6278,2047.0,1385.0,949.0
CHEMBL225071,RALTITREXED,AXL,458.5,-7.776,0.5057,TNIK,0.4787,TNIK,0.4558,2048.0,2305.0,2380.0
CHEMBL1590,PSEUDOEPHEDRINE,SERPINE1,165.2,-5.989,0.5056,SERPINE1,0.5865,SERPINE1,0.5872,2049.0,1373.0,1368.0
CHEMBL1200724,PSEUDOEPHEDRINE HYDROCHLORIDE,SERPINE1,165.2,-5.989,0.5056,SERPINE1,0.5865,SERPINE1,0.5872,2049.0,1373.0,1368.0
CHEMBL3989855,PSEUDOEPHEDRINE SULFATE,SERPINE1,165.2,-5.989,0.5056,SERPINE1,0.5865,SERPINE1,0.5872,2049.0,1373.0,1368.0
CHEMBL1259059,SOFOSBUVIR,VASH2,529.5,-7.913,0.5052,VASH2,0.4486,VASH2,0.4423,2052.0,2435.0,2439.0
CHEMBL19449,IBUDILAST,AXL,230.3,-6.254,0.5051,AXL,0.6142,AXL,0.704,2053.0,1104.0,209.0
CHEMBL4650319,MOBOCERTINIB,SLC2A1,585.7,-9.452,0.5049,ITPKC,0.3617,ITPKC,0.4057,2054.0,2783.0,2615.0
CHEMBL4802239,MOBOCERTINIB SUCCINATE,SLC2A1,585.7,-9.452,0.5049,ITPKC,0.3617,ITPKC,0.4057,2054.0,2783.0,2615.0
CHEMBL729,LOPINAVIR,MAPK14,628.8,-8.734,0.5045,MAPK14,0.4722,MAPK14,0.4933,2056.0,2339.0,2136.0
CHEMBL1201020,DISOPYRAMIDE PHOSPHATE,AXL,339.5,-6.25,0.5045,AXL,0.5144,AXL,0.4658,2057.0,2048.0,2330.0
CHEMBL517,DISOPYRAMIDE,AXL,339.5,-6.25,0.5045,AXL,0.5144,AXL,0.4658,2057.0,2048.0,2330.0
CHEMBL2095208,COBICISTAT,ACVR1,776.0,-9.144,0.5042,MAPK14,0.3422,MAPK14,0.4587,2059.0,2839.0,2367.0
CHEMBL606260,CARBENICILLIN DISODIUM,SLC2A1,376.4,-8.517,0.504,SLC2A1,0.5021,SLC2A1,0.5026,2060.0,2138.0,2081.0
CHEMBL1201000,NITROFURANTOIN SODIUM,MAPK14,237.2,-7.081,0.5039,MAPK14,0.5539,MAPK14,0.603,2061.0,1696.0,1187.0
CHEMBL218291,FORODESINE,SERPINE1,266.3,-6.755,0.5037,ITPKC,0.5359,ITPKC,0.5411,2062.0,1859.0,1796.0
CHEMBL550755,FORODESINE HYDROCHLORIDE,SERPINE1,266.3,-6.755,0.5037,ITPKC,0.5359,ITPKC,0.5411,2062.0,1859.0,1796.0
CHEMBL1201066,VENLAFAXINE HYDROCHLORIDE,SLC2A1,277.4,-7.619,0.5036,SLC2A1,0.5731,SLC2A1,0.5666,2064.0,1518.0,1560.0
CHEMBL637,VENLAFAXINE,SLC2A1,277.4,-7.619,0.5036,SLC2A1,0.5731,SLC2A1,0.5666,2064.0,1518.0,1560.0
CHEMBL5095051,VENLAFAXINE BESYLATE,SLC2A1,277.4,-7.619,0.5036,SLC2A1,0.5731,SLC2A1,0.5666,2064.0,1518.0,1560.0
CHEMBL374975,FUSIDIC ACID,SLC2A1,516.7,-8.952,0.5035,SERPINE1,0.4356,ADRA2A,0.4231,2067.0,2495.0,2533.0
CHEMBL70046,SORIVUDINE,TNIK,349.1,-7.615,0.5035,TNIK,0.5071,TNIK,0.4949,2068.0,2110.0,2124.0
CHEMBL1763,HYDROFLUMETHIAZIDE,SERPINE1,331.3,-6.463,0.5034,SERPINE1,0.522,SERPINE1,0.5206,2069.0,1976.0,1967.0
CHEMBL1200595,CHLORPHENTERMINE HYDROCHLORIDE,TNIK,183.7,-6.553,0.5034,TNIK,0.538,TNIK,0.6118,2070.0,1833.0,1113.0
CHEMBL1201269,CHLORPHENTERMINE,TNIK,183.7,-6.553,0.5034,TNIK,0.538,TNIK,0.6118,2070.0,1833.0,1113.0
CHEMBL1626223,PYRANTEL,TNIK,206.3,-6.553,0.5034,SERPINE1,0.537,TNIK,0.6118,2070.0,1854.0,1113.0
CHEMBL1201061,LEVALBUTEROL HYDROCHLORIDE,SERPINE1,239.3,-6.212,0.5033,SERPINE1,0.5553,ADRA2A,0.6073,2073.0,1683.0,1151.0
CHEMBL3989693,LEVALBUTEROL TARTRATE,SERPINE1,239.3,-6.212,0.5033,SERPINE1,0.5553,ADRA2A,0.6073,2073.0,1683.0,1151.0
CHEMBL1002,LEVOSALBUTAMOL,SERPINE1,239.3,-6.212,0.5033,SERPINE1,0.5553,ADRA2A,0.6073,2073.0,1683.0,1151.0
CHEMBL4594379,FOSLEVODOPA,SERPINE1,277.2,-6.752,0.5032,SERPINE1,0.5248,SERPINE1,0.5142,2076.0,1954.0,1999.0
CHEMBL58323,LACOSAMIDE,TNIK,250.3,-6.688,0.503,TNIK,0.5208,TNIK,0.5207,2077.0,1992.0,1965.0
CHEMBL1201005,CEFONICID SODIUM,AXL,540.6,-7.736,0.5029,TNIK,0.4529,TNIK,0.4362,2078.0,2407.0,2472.0
CHEMBL1200802,TALBUTAL,MAPK14,224.3,-6.759,0.5024,MAPK14,0.5609,MAPK14,0.6202,2079.0,1634.0,1031.0
CHEMBL1652,AMBENONIUM,TNIK,537.6,-7.292,0.5022,TNIK,0.4635,TNIK,0.4647,2080.0,2371.0,2335.0
CHEMBL657,DIPHENHYDRAMINE,ACVR1,255.4,-7.51,0.5017,ACVR1,0.5761,ACVR1,0.55,2081.0,1474.0,1731.0
CHEMBL1201089,DIPHENHYDRAMINE CITRATE,ACVR1,255.4,-7.51,0.5017,ACVR1,0.5761,ACVR1,0.55,2081.0,1474.0,1731.0
CHEMBL1620,DIPHENHYDRAMINE HYDROCHLORIDE,ACVR1,255.4,-7.51,0.5017,ACVR1,0.5761,ACVR1,0.55,2081.0,1474.0,1731.0
CHEMBL1200406,DIMENHYDRINATE,ACVR1,255.4,-7.51,0.5017,ACVR1,0.5761,ACVR1,0.55,2081.0,1474.0,1731.0
CHEMBL439,SULFADIAZINE,TNIK,250.3,-7.185,0.5017,TNIK,0.5248,TNIK,0.5295,2085.0,1955.0,1891.0
CHEMBL2219425,ARIPIPRAZOLE LAUROXIL,SLC2A1,660.7,-8.906,0.5011,TNIK,0.3891,TNIK,0.4226,2086.0,2691.0,2534.0
CHEMBL1146,CEFAMANDOLE,SLC2A1,462.5,-8.896,0.5004,ADRA2A,0.4297,ADRA2A,0.3993,2087.0,2530.0,2641.0
CHEMBL43128,PRIMAQUINE PHOSPHATE,ACVR1,259.4,-7.487,0.4998,ACVR1,0.5703,ACVR1,0.5461,2088.0,1557.0,1763.0
CHEMBL506,PRIMAQUINE,ACVR1,259.4,-7.487,0.4998,ACVR1,0.5703,ACVR1,0.5461,2088.0,1557.0,1763.0
CHEMBL546,OXPRENOLOL,MAPK14,265.4,-6.624,0.4997,MAPK14,0.5448,MAPK14,0.548,2090.0,1757.0,1747.0
CHEMBL1200745,OXPRENOLOL HYDROCHLORIDE,MAPK14,265.4,-6.624,0.4997,MAPK14,0.5448,MAPK14,0.548,2090.0,1757.0,1747.0
CHEMBL564,PROMAZINE,AXL,284.4,-6.191,0.4997,SLC2A1,0.5556,AXL,0.5683,2092.0,1682.0,1542.0
CHEMBL3244648,METHOTREXATE SODIUM,TNIK,452.4,-8.108,0.4995,TNIK,0.4908,TNIK,0.4524,2093.0,2222.0,2399.0
CHEMBL1200596,CHLOROXINE,MAPK14,214.1,-6.477,0.4994,MAPK14,0.5662,AXL,0.6429,2094.0,1594.0,809.0
CHEMBL1082,AMOXICILLIN,TNIK,365.4,-7.574,0.4994,TNIK,0.5012,TNIK,0.4923,2095.0,2151.0,2150.0
CHEMBL651,METHADONE,ACVR1,309.5,-7.705,0.499,ACVR1,0.5387,ACVR1,0.4591,2096.0,1818.0,2361.0
CHEMBL1200825,METHADONE HYDROCHLORIDE,ACVR1,309.5,-7.705,0.499,ACVR1,0.5387,ACVR1,0.4591,2096.0,1818.0,2361.0
CHEMBL1256786,FORMOTEROL,TNIK,344.4,-7.559,0.4987,MAPK14,0.5087,VASH2,0.4964,2098.0,2095.0,2113.0
CHEMBL3989798,FORMOTEROL FUMARATE,TNIK,344.4,-7.559,0.4987,MAPK14,0.5087,VASH2,0.4964,2098.0,2095.0,2113.0
CHEMBL1054,TRICHLORMETHIAZIDE,MAPK14,380.7,-7.045,0.4986,MAPK14,0.4922,MAPK14,0.4247,2100.0,2212.0,2529.0
CHEMBL3989566,METOPROLOL FUMARATE,SERPINE1,267.4,-6.056,0.4986,SERPINE1,0.5385,SERPINE1,0.5445,2101.0,1821.0,1771.0
CHEMBL2062335,METOPROLOL TARTRATE,SERPINE1,267.4,-6.056,0.4986,SERPINE1,0.5385,SERPINE1,0.5445,2101.0,1821.0,1771.0
CHEMBL13,METOPROLOL,SERPINE1,267.4,-6.056,0.4986,SERPINE1,0.5385,SERPINE1,0.5445,2101.0,1821.0,1771.0
CHEMBL2356097,METOPROLOL SUCCINATE,SERPINE1,267.4,-6.056,0.4986,SERPINE1,0.5385,SERPINE1,0.5445,2101.0,1821.0,1771.0
CHEMBL1200359,SULFAMETER,TNIK,280.3,-7.152,0.4985,TNIK,0.5147,TNIK,0.5269,2105.0,2045.0,1917.0
CHEMBL1201224,CEFMENOXIME,ITPKC,511.6,-6.059,0.4985,ITPKC,0.4346,ITPKC,0.4101,2106.0,2501.0,2593.0
CHEMBL3183193,CEFMENOXIME HYDROCHLORIDE,ITPKC,511.6,-6.059,0.4985,ITPKC,0.4346,ITPKC,0.4101,2106.0,2501.0,2593.0
CHEMBL247951,PEMAFIBRATE,SLC2A1,490.6,-9.386,0.4984,VASH2,0.4486,VASH2,0.4251,2108.0,2434.0,2527.0
CHEMBL2095209,ICOSAPENT ETHYL,MAPK14,330.5,-6.889,0.4984,MAPK14,0.513,MAPK14,0.482,2109.0,2065.0,2219.0
CHEMBL1200912,PHENTERMINE HYDROCHLORIDE,TNIK,149.2,-6.518,0.4983,TNIK,0.542,TNIK,0.6075,2110.0,1792.0,1146.0
CHEMBL1574,PHENTERMINE,TNIK,149.2,-6.518,0.4983,TNIK,0.542,TNIK,0.6075,2110.0,1792.0,1146.0
CHEMBL4301162,SERDEXMETHYLPHENIDATE,SLC2A1,500.5,-8.868,0.4981,GALNS,0.403,TNIK,0.3909,2112.0,2633.0,2674.0
CHEMBL4298139,SERDEXMETHYLPHENIDATE CHLORIDE,SLC2A1,500.5,-8.868,0.4981,GALNS,0.403,TNIK,0.3909,2112.0,2633.0,2674.0
CHEMBL3189072,TIROFIBAN HYDROCHLORIDE,TNIK,440.6,-7.149,0.4981,TNIK,0.4776,TNIK,0.4295,2114.0,2309.0,2513.0
CHEMBL916,TIROFIBAN,TNIK,440.6,-7.149,0.4981,TNIK,0.4776,TNIK,0.4295,2114.0,2309.0,2513.0
CHEMBL1628502,GABAPENTIN ENACARBIL,MAPK14,329.4,-6.733,0.498,MAPK14,0.5103,MAPK14,0.4765,2116.0,2083.0,2266.0
CHEMBL1200464,PROPARACAINE HYDROCHLORIDE,MAPK14,294.4,-6.606,0.498,MAPK14,0.5271,MAPK14,0.5441,2117.0,1936.0,1778.0
CHEMBL1196,PROPARACAINE,MAPK14,294.4,-6.606,0.498,MAPK14,0.5271,MAPK14,0.5441,2117.0,1936.0,1778.0
CHEMBL1200586,PRILOCAINE HYDROCHLORIDE,TNIK,220.3,-6.513,0.4978,AXL,0.5753,AXL,0.6783,2119.0,1485.0,459.0
CHEMBL1194,PRILOCAINE,TNIK,220.3,-6.513,0.4978,AXL,0.5753,AXL,0.6783,2119.0,1485.0,459.0
CHEMBL802,MINOXIDIL,TNIK,209.3,-7.147,0.4974,SERPINE1,0.5302,SLC2A1,0.6136,2121.0,1910.0,1095.0
CHEMBL1200986,HALOPERIDOL DECANOATE,SLC2A1,530.1,-8.86,0.4974,ADRA2A,0.4185,ADRA2A,0.4315,2122.0,2573.0,2499.0
CHEMBL1201761,BESIFLOXACIN HYDROCHLORIDE,AXL,393.8,-6.17,0.4973,AXL,0.4426,AXL,0.3869,2123.0,2458.0,2686.0
CHEMBL1201760,BESIFLOXACIN,AXL,393.8,-6.17,0.4973,AXL,0.4426,AXL,0.3869,2123.0,2458.0,2686.0
CHEMBL569,PROCAINE,TNIK,236.3,-6.507,0.4973,TNIK,0.5188,TNIK,0.6049,2125.0,2008.0,1172.0
CHEMBL1200841,PROCAINE HYDROCHLORIDE,TNIK,236.3,-6.507,0.4973,TNIK,0.5188,TNIK,0.6049,2125.0,2008.0,1172.0
CHEMBL1200962,CEFEPIME HYDROCHLORIDE,ITPKC,481.6,-6.05,0.4973,ITPKC,0.4571,ITPKC,0.4065,2127.0,2388.0,2607.0
CHEMBL1441,ETHIONAMIDE,SERPINE1,166.2,-5.941,0.4968,SERPINE1,0.5795,SERPINE1,0.58,2128.0,1435.0,1446.0
CHEMBL1697737,CLOTIAZEPAM,ACVR1,318.8,-7.453,0.4965,ACVR1,0.5191,ACVR1,0.4383,2129.0,2006.0,2458.0
CHEMBL1200357,MOXALACTAM DISODIUM,AXL,518.5,-7.662,0.4964,TNIK,0.4256,TNIK,0.4123,2130.0,2539.0,2581.0
CHEMBL1672,CEFPODOXIME,ITPKC,427.5,-5.693,0.4964,ITPKC,0.4675,ITPKC,0.4131,2131.0,2354.0,2580.0
CHEMBL1200705,HYDROXYAMPHETAMINE HYDROBROMIDE,SERPINE1,151.2,-5.934,0.4961,SERPINE1,0.5827,SERPINE1,0.5784,2132.0,1417.0,1453.0
CHEMBL1546,HYDROXYAMPHETAMINE,SERPINE1,151.2,-5.934,0.4961,SERPINE1,0.5827,SERPINE1,0.5784,2132.0,1417.0,1453.0
CHEMBL1447476,BITHIONOLATE SODIUM,SLC2A1,354.0,-7.783,0.4961,SLC2A1,0.4892,SLC2A1,0.4526,2134.0,2229.0,2397.0
CHEMBL566534,ARTEMETHER,SLC2A1,298.4,-7.523,0.4959,SLC2A1,0.5345,SLC2A1,0.5556,2135.0,1878.0,1666.0
CHEMBL1241,TRIPELENNAMINE,MAPK14,255.4,-6.448,0.4959,MAPK14,0.5417,MAPK14,0.5333,2136.0,1794.0,1853.0
CHEMBL1200769,TRIPELENNAMINE CITRATE,MAPK14,255.4,-6.448,0.4959,MAPK14,0.5417,MAPK14,0.5333,2136.0,1794.0,1853.0
CHEMBL1200446,TRIPELENNAMINE HYDROCHLORIDE,MAPK14,255.4,-6.448,0.4959,MAPK14,0.5417,MAPK14,0.5333,2136.0,1794.0,1853.0
CHEMBL1200438,TIOCONAZOLE,SLC2A1,387.7,-7.775,0.4957,MAPK14,0.4766,MAPK14,0.4149,2139.0,2316.0,2574.0
CHEMBL925,TYROSINE,SERPINE1,181.2,-6.164,0.4957,SERPINE1,0.5664,SERPINE1,0.5732,2140.0,1592.0,1505.0
CHEMBL231813,TELAPREVIR,AXL,679.9,-7.642,0.4954,VASH2,0.2962,VASH2,0.3873,2141.0,2950.0,2685.0
CHEMBL607400,BRIVARACETAM,TNIK,212.3,-6.633,0.4953,MAPK14,0.545,MAPK14,0.6057,2142.0,1755.0,1163.0
CHEMBL106,FLUCONAZOLE,SERPINE1,306.3,-6.159,0.4952,SERPINE1,0.5213,SERPINE1,0.5365,2143.0,1985.0,1834.0
CHEMBL1201236,CARBIDOPA ANHYDROUS,SERPINE1,226.2,-6.672,0.4948,SERPINE1,0.528,SLC2A1,0.5427,2144.0,1932.0,1787.0
CHEMBL660,AMANTADINE,MAPK14,151.3,-6.439,0.494,MAPK14,0.5888,MAPK14,0.6228,2145.0,1346.0,1011.0
CHEMBL1569,AMANTADINE HYDROCHLORIDE,MAPK14,151.3,-6.439,0.494,MAPK14,0.5888,MAPK14,0.6228,2145.0,1346.0,1011.0
CHEMBL27810,CELIPROLOL,ADRA2A,379.5,-7.459,0.494,ADRA2A,0.4774,SERPINE1,0.4196,2147.0,2313.0,2548.0
CHEMBL1200711,OMEGA-3-ACID ETHYL ESTERS,TNIK,356.6,-6.966,0.4938,TNIK,0.4928,TNIK,0.464,2148.0,2206.0,2338.0
CHEMBL451,CHLORDIAZEPOXIDE,AXL,299.8,-6.125,0.4937,AXL,0.5339,AXL,0.5585,2149.0,1881.0,1639.0
CHEMBL1200703,CHLORDIAZEPOXIDE HYDROCHLORIDE,AXL,299.8,-6.125,0.4937,AXL,0.5339,AXL,0.5585,2149.0,1881.0,1639.0
CHEMBL507674,CEFOPERAZONE,AXL,645.7,-8.135,0.4937,SERPINE1,0.354,AXL,0.4217,2149.0,2803.0,2539.0
CHEMBL184412,DRONEDARONE,ADRA2A,556.8,-7.82,0.4936,MAPK14,0.3854,MAPK14,0.4121,2152.0,2698.0,2583.0
CHEMBL2105566,FENPROPOREX,TNIK,188.3,-6.48,0.4934,SERPINE1,0.5337,TNIK,0.6014,2153.0,1884.0,1200.0
CHEMBL1201338,CYCLOPENTOLATE,SLC2A1,291.4,-7.494,0.4934,SLC2A1,0.5382,SLC2A1,0.5527,2154.0,1829.0,1691.0
CHEMBL1200473,CYCLOPENTOLATE HYDROCHLORIDE,SLC2A1,291.4,-7.494,0.4934,SLC2A1,0.5382,SLC2A1,0.5527,2154.0,1829.0,1691.0
CHEMBL1200865,LOTEPREDNOL ETABONATE,AXL,467.0,-6.87,0.4932,TNIK,0.4547,TNIK,0.4469,2156.0,2400.0,2425.0
CHEMBL533,IBUTILIDE,MAPK14,384.6,-6.855,0.4931,MAPK14,0.4814,MAPK14,0.4144,2157.0,2291.0,2576.0
CHEMBL2355456,IBUTILIDE FUMARATE,MAPK14,384.6,-6.855,0.4931,MAPK14,0.4814,MAPK14,0.4144,2157.0,2291.0,2576.0
CHEMBL1201746,PRALATREXATE,MAPK14,477.5,-8.428,0.4931,MAPK14,0.4816,MAPK14,0.4782,2159.0,2290.0,2251.0
CHEMBL91397,RUPATADINE,SLC2A1,416.0,-7.948,0.4924,GALNS,0.4505,AXL,0.3778,2160.0,2416.0,2733.0
CHEMBL1201138,LEUCOVORIN CALCIUM,TNIK,471.4,-8.737,0.4924,TNIK,0.4877,TNIK,0.4661,2161.0,2244.0,2328.0
CHEMBL1808388,BEXAGLIFLOZIN,TNIK,464.9,-8.006,0.4923,TNIK,0.4824,TNIK,0.4591,2162.0,2278.0,2363.0
CHEMBL1201104,METHENAMINE HIPPURATE,SERPINE1,179.2,-6.017,0.4923,SERPINE1,0.5659,TNIK,0.5892,2163.0,1598.0,1349.0
CHEMBL1201734,BENDAMUSTINE HYDROCHLORIDE,MAPK14,358.3,-6.569,0.4922,MAPK14,0.4878,MAPK14,0.4716,2164.0,2242.0,2295.0
CHEMBL487253,BENDAMUSTINE,MAPK14,358.3,-6.569,0.4922,MAPK14,0.4878,MAPK14,0.4716,2164.0,2242.0,2295.0
CHEMBL2105345,PROPANIDID,MAPK14,337.4,-6.569,0.4922,MAPK14,0.4985,MAPK14,0.4716,2164.0,2172.0,2295.0
CHEMBL1200598,DIETHYLSTILBESTROL DIPHOSPHATE,AXL,428.3,-7.255,0.4922,AXL,0.4615,SERPINE1,0.4468,2167.0,2382.0,2426.0
CHEMBL1200940,METOCLOPRAMIDE HYDROCHLORIDE,VASH2,299.8,-6.748,0.4922,VASH2,0.534,VASH2,0.5547,2168.0,1879.0,1673.0
CHEMBL86,METOCLOPRAMIDE,VASH2,299.8,-6.748,0.4922,VASH2,0.534,VASH2,0.5547,2168.0,1879.0,1673.0
CHEMBL505,CHLORPHENIRAMINE,ACVR1,274.8,-7.411,0.492,ACVR1,0.5471,ACVR1,0.5341,2170.0,1743.0,1848.0
CHEMBL1659,CHLORPHENIRAMINE MALEATE,ACVR1,274.8,-7.411,0.492,ACVR1,0.5471,ACVR1,0.5341,2170.0,1743.0,1848.0
CHEMBL522038,XIMELAGATRAN,SLC2A1,473.6,-9.312,0.4918,SLC2A1,0.4206,MAPK14,0.3803,2172.0,2565.0,2721.0
CHEMBL13209,NITRAZEPAM,ACVR1,281.3,-7.409,0.4914,ACVR1,0.5426,ACVR1,0.5325,2173.0,1775.0,1861.0
CHEMBL16073,PHENACETIN,SERPINE1,179.2,-5.909,0.4911,SERPINE1,0.5672,TNIK,0.5857,2174.0,1585.0,1388.0
CHEMBL1005,REMIFENTANIL,ACVR1,376.5,-7.4,0.491,ACVR1,0.4756,ACVR1,0.4315,2175.0,2324.0,2503.0
CHEMBL1201120,REMIFENTANIL HYDROCHLORIDE,ACVR1,376.5,-7.4,0.491,ACVR1,0.4756,ACVR1,0.4315,2175.0,2324.0,2503.0
CHEMBL3184799,MEPHENTERMINE SULFATE,TNIK,163.3,-6.461,0.491,SERPINE1,0.5572,TNIK,0.5984,2177.0,1665.0,1233.0
CHEMBL1201234,MEPHENTERMINE,TNIK,163.3,-6.461,0.491,SERPINE1,0.5572,TNIK,0.5984,2177.0,1665.0,1233.0
CHEMBL178803,BLONANSERIN,SLC2A1,367.5,-7.478,0.4909,SLC2A1,0.4538,SLC2A1,0.4347,2179.0,2403.0,2486.0
CHEMBL1200734,FOSAMPRENAVIR CALCIUM,ACVR1,583.6,-8.546,0.4908,ACVR1,0.3478,ACVR1,0.4051,2180.0,2818.0,2619.0
CHEMBL3989715,MUPIROCIN CALCIUM,TNIK,499.6,-7.47,0.4907,TNIK,0.466,TNIK,0.4474,2181.0,2359.0,2422.0
CHEMBL3989803,DIPYRONE,AXL,310.4,-6.504,0.4907,AXL,0.5384,AXL,0.4655,2182.0,1827.0,2332.0
CHEMBL1200987,EPROSARTAN MESYLATE,SLC2A1,424.5,-8.784,0.4904,ACVR1,0.4553,ACVR1,0.3924,2183.0,2395.0,2668.0
CHEMBL813,EPROSARTAN,SLC2A1,424.5,-8.784,0.4904,ACVR1,0.4553,ACVR1,0.3924,2183.0,2395.0,2668.0
CHEMBL1200961,BROMPHENIRAMINE MALEATE,ACVR1,319.2,-7.384,0.4903,ACVR1,0.5116,ACVR1,0.4301,2185.0,2076.0,2509.0
CHEMBL811,BROMPHENIRAMINE,ACVR1,319.2,-7.384,0.4903,ACVR1,0.5116,ACVR1,0.4301,2185.0,2076.0,2509.0
CHEMBL58,MITOXANTRONE,AXL,444.5,-7.342,0.4901,AXL,0.4494,AXL,0.4033,2187.0,2428.0,2625.0
CHEMBL1908361,LEVOLEUCOVORIN CALCIUM,TNIK,471.4,-8.686,0.49,TNIK,0.4846,TNIK,0.4602,2188.0,2263.0,2351.0
CHEMBL220492,TOPIRAMATE,SLC2A1,339.4,-7.467,0.4896,SLC2A1,0.4842,ITPKC,0.4452,2189.0,2265.0,2431.0
CHEMBL256105,MONENSIN,AXL,670.9,-8.093,0.4895,TNIK,0.3957,AXL,0.4086,2190.0,2656.0,2601.0
CHEMBL1350,TILUDRONIC ACID,SERPINE1,318.6,-6.368,0.4894,SERPINE1,0.5116,SERPINE1,0.5036,2191.0,2075.0,2071.0
CHEMBL1599,CEPHAPIRIN,AXL,423.5,-6.83,0.4892,AXL,0.4434,TNIK,0.3864,2192.0,2456.0,2690.0
CHEMBL2107124,PROTHIPENDYL HYDROCHLORIDE,AXL,285.4,-6.091,0.489,AXL,0.5423,AXL,0.5514,2193.0,1785.0,1711.0
CHEMBL2111030,PROTHIPENDYL,AXL,285.4,-6.091,0.489,AXL,0.5423,AXL,0.5514,2193.0,1785.0,1711.0
CHEMBL497,CLIOQUINOL,MAPK14,305.5,-6.407,0.4886,MAPK14,0.5091,MAPK14,0.5262,2195.0,2093.0,1920.0
CHEMBL1739,METOCURINE IODIDE,ITPKC,652.8,-5.628,0.4884,AXL,0.2794,ITPKC,0.3539,2196.0,2971.0,2822.0
CHEMBL1231574,LEVOMEFOLIC ACID,TNIK,459.5,-8.657,0.4882,TNIK,0.4842,TNIK,0.4589,2197.0,2264.0,2364.0
CHEMBL2103827,DROXIDOPA,SERPINE1,213.2,-6.434,0.4882,ITPKC,0.5427,ITPKC,0.5765,2198.0,1771.0,1479.0
CHEMBL1653,PHENIRAMINE MALEATE,ACVR1,240.4,-7.374,0.4882,ACVR1,0.5699,ACVR1,0.6952,2199.0,1561.0,296.0
CHEMBL1193,PHENIRAMINE,ACVR1,240.4,-7.374,0.4882,ACVR1,0.5699,ACVR1,0.6952,2199.0,1561.0,296.0
CHEMBL501849,SIMEPREVIR,SLC2A1,750.0,-8.759,0.488,MAPK14,0.2342,SLC2A1,0.3555,2201.0,3032.0,2812.0
CHEMBL1619,CLADRIBINE,ITPKC,285.7,-5.618,0.4879,ITPKC,0.553,ITPKC,0.5736,2202.0,1709.0,1501.0
CHEMBL528,CEFTIZOXIME,ITPKC,383.4,-5.616,0.4877,ITPKC,0.4905,ITPKC,0.3986,2203.0,2224.0,2644.0
CHEMBL1201766,FOSPROPOFOL,MAPK14,288.3,-6.396,0.4877,MAPK14,0.5156,MAPK14,0.5252,2204.0,2038.0,1932.0
CHEMBL1200678,ATAZANAVIR SULFATE,ACVR1,704.9,-9.553,0.4876,ACVR1,0.3047,ACVR1,0.4328,2205.0,2934.0,2489.0
CHEMBL1163,ATAZANAVIR,ACVR1,704.9,-9.553,0.4876,ACVR1,0.3047,ACVR1,0.4328,2205.0,2934.0,2489.0
CHEMBL134,CLONIDINE,MAPK14,230.1,-6.391,0.4873,MAPK14,0.5447,SLC2A1,0.6243,2207.0,1760.0,993.0
CHEMBL1705,CLONIDINE HYDROCHLORIDE,MAPK14,230.1,-6.391,0.4873,MAPK14,0.5447,SLC2A1,0.6243,2207.0,1760.0,993.0
CHEMBL1172,DESLORATADINE,AXL,310.8,-6.269,0.4869,AXL,0.5252,AXL,0.4494,2209.0,1951.0,2410.0
CHEMBL645,BISOPROLOL,MAPK14,325.4,-6.535,0.4868,MAPK14,0.4997,MAPK14,0.4634,2210.0,2163.0,2339.0
CHEMBL1472989,BISOPROLOL FUMARATE,MAPK14,325.4,-6.535,0.4868,MAPK14,0.4997,MAPK14,0.4634,2210.0,2163.0,2339.0
CHEMBL1679,LEUCOVORIN,TNIK,473.4,-8.61,0.4867,TNIK,0.4804,TNIK,0.4576,2212.0,2299.0,2371.0
CHEMBL1079,TIZANIDINE,SLC2A1,253.7,-7.43,0.4863,SLC2A1,0.574,SLC2A1,0.541,2213.0,1507.0,1799.0
CHEMBL1200329,TIZANIDINE HYDROCHLORIDE,SLC2A1,253.7,-7.43,0.4863,SLC2A1,0.574,SLC2A1,0.541,2213.0,1507.0,1799.0
CHEMBL1201353,DEXCHLORPHENIRAMINE,ACVR1,274.8,-7.363,0.4862,ACVR1,0.5411,ACVR1,0.5254,2215.0,1801.0,1928.0
CHEMBL1200927,DEXCHLORPHENIRAMINE MALEATE,ACVR1,274.8,-7.363,0.4862,ACVR1,0.5411,ACVR1,0.5254,2215.0,1801.0,1928.0
CHEMBL1615371,LEVOMEFOLATE CALCIUM,TNIK,457.4,-8.596,0.4862,TNIK,0.4812,TNIK,0.457,2217.0,2296.0,2373.0
CHEMBL998,LORATADINE,AXL,382.9,-6.066,0.4861,AXL,0.4383,AXL,0.3752,2218.0,2480.0,2744.0
CHEMBL1194666,DIETHYLPROPION,TNIK,205.3,-6.406,0.4856,TNIK,0.5144,TNIK,0.5952,2219.0,2050.0,1274.0
CHEMBL1693,DIETHYLPROPION HYDROCHLORIDE,TNIK,205.3,-6.406,0.4856,TNIK,0.5144,TNIK,0.5952,2219.0,2050.0,1274.0
CHEMBL3989821,TUBOCURARINE CHLORIDE,AXL,609.7,-6.79,0.4852,AXL,0.2928,AXL,0.3534,2221.0,2956.0,2823.0
CHEMBL515408,MARIBAVIR,ACVR1,376.2,-8.145,0.485,VASH2,0.4856,VASH2,0.4844,2222.0,2259.0,2206.0
CHEMBL1762,TOCAINIDE,MAPK14,192.3,-6.368,0.485,MAPK14,0.5621,SLC2A1,0.6353,2223.0,1626.0,882.0
CHEMBL1200773,TOCAINIDE HYDROCHLORIDE,MAPK14,192.3,-6.368,0.485,MAPK14,0.5621,SLC2A1,0.6353,2223.0,1626.0,882.0
CHEMBL515,CHLORAMBUCIL,TNIK,304.2,-6.565,0.4847,MAPK14,0.5079,SERPINE1,0.5253,2225.0,2104.0,1930.0
CHEMBL1201281,CHLORAMPHENICOL SUCCINIC ACID,MAPK14,423.2,-6.922,0.484,MAPK14,0.4516,MAPK14,0.4123,2226.0,2410.0,2582.0
CHEMBL130,CHLORAMPHENICOL,VASH2,323.1,-7.281,0.4839,VASH2,0.5114,VASH2,0.4831,2227.0,2078.0,2211.0
CHEMBL1009,LEVODOPA,SERPINE1,197.2,-6.405,0.4838,SERPINE1,0.5412,SERPINE1,0.5443,2228.0,1800.0,1775.0
CHEMBL267744,TICRYNAFEN,MAPK14,331.2,-6.364,0.4838,MAPK14,0.4907,MAPK14,0.4641,2229.0,2223.0,2337.0
CHEMBL3545313,BEMPEDOIC ACID,MAPK14,344.5,-7.24,0.4837,MAPK14,0.493,MAPK14,0.4803,2230.0,2205.0,2227.0
CHEMBL259209,MILNACIPRAN,ACVR1,246.4,-6.742,0.4832,SLC2A1,0.5389,ACVR1,0.4976,2231.0,1817.0,2109.0
CHEMBL2105527,TETRAZEPAM,ACVR1,288.8,-7.335,0.4829,ACVR1,0.5261,ACVR1,0.5231,2232.0,1945.0,1952.0
CHEMBL1436,CEFUROXIME,SERPINE1,424.4,-6.322,0.4827,SERPINE1,0.4598,SERPINE1,0.4418,2233.0,2384.0,2442.0
CHEMBL1096885,VALRUBICIN,AXL,723.6,-7.526,0.482,GALNS,0.2517,ADRA2A,0.3694,2234.0,3026.0,2763.0
CHEMBL1201080,TRIMETHOPRIM HYDROCHLORIDE,MAPK14,290.3,-6.633,0.482,MAPK14,0.5139,MAPK14,0.5316,2235.0,2053.0,1874.0
CHEMBL2110367,TRIMETHOPRIM SULFATE,MAPK14,290.3,-6.633,0.482,MAPK14,0.5139,MAPK14,0.5316,2235.0,2053.0,1874.0
CHEMBL22,TRIMETHOPRIM,MAPK14,290.3,-6.633,0.482,MAPK14,0.5139,MAPK14,0.5316,2235.0,2053.0,1874.0
CHEMBL607,MEPERIDINE,SLC2A1,247.3,-7.385,0.4816,SLC2A1,0.5748,SLC2A1,0.5293,2238.0,1495.0,1894.0
CHEMBL1701,MEPERIDINE HYDROCHLORIDE,SLC2A1,247.3,-7.385,0.4816,SLC2A1,0.5748,SLC2A1,0.5293,2238.0,1495.0,1894.0
CHEMBL1082607,SALMETEROL XINAFOATE,TNIK,415.6,-7.38,0.4814,TNIK,0.4731,TNIK,0.4184,2240.0,2335.0,2557.0
CHEMBL1263,SALMETEROL,TNIK,415.6,-7.38,0.4814,TNIK,0.4731,TNIK,0.4184,2240.0,2335.0,2557.0
CHEMBL1909283,MEBANAZINE,SERPINE1,136.2,-5.853,0.4813,SERPINE1,0.5752,MAPK14,0.5903,2242.0,1487.0,1331.0
CHEMBL1083659,SUVOREXANT,SLC2A1,450.9,-8.246,0.4811,SLC2A1,0.3835,SLC2A1,0.3707,2243.0,2705.0,2760.0
CHEMBL1200910,SULFISOXAZOLE ACETYL,AXL,309.3,-6.412,0.481,AXL,0.5237,AXL,0.55,2244.0,1964.0,1735.0
CHEMBL1200862,METYROSINE,TNIK,195.2,-6.663,0.481,ITPKC,0.529,TNIK,0.5893,2245.0,1922.0,1346.0
CHEMBL511,PYRILAMINE,TNIK,285.4,-6.359,0.4807,SLC2A1,0.5119,SLC2A1,0.5067,2246.0,2073.0,2051.0
CHEMBL1201006,PYRILAMINE MALEATE,TNIK,285.4,-6.359,0.4807,SLC2A1,0.5119,SLC2A1,0.5067,2246.0,2073.0,2051.0
CHEMBL450,METHARBITAL,MAPK14,198.2,-6.347,0.4805,MAPK14,0.5556,MAPK14,0.6101,2248.0,1681.0,1127.0
CHEMBL1746,SODIUM PHENYLBUTYRATE,TNIK,163.2,-6.525,0.4803,SERPINE1,0.5316,TNIK,0.5885,2249.0,1894.0,1355.0
CHEMBL1200448,TILUDRONATE DISODIUM,SERPINE1,316.6,-6.308,0.48,SERPINE1,0.5032,SERPINE1,0.4945,2250.0,2133.0,2128.0
CHEMBL1200937,DALFOPRISTIN,AXL,690.9,-6.75,0.4799,AXL,0.2714,AXL,0.3466,2251.0,2989.0,2838.0
CHEMBL2103929,LYMECYCLINE,AXL,602.6,-7.972,0.4799,AXL,0.329,AXL,0.3865,2252.0,2879.0,2689.0
CHEMBL127,MEROPENEM,ITPKC,383.5,-5.563,0.4798,ITPKC,0.4796,ITPKC,0.3894,2253.0,2300.0,2679.0
CHEMBL1200469,PROMAZINE HYDROCHLORIDE,AXL,284.4,-6.191,0.4797,SLC2A1,0.5356,AXL,0.5483,2254.0,1866.0,1743.0
CHEMBL1169,AMINOSALICYLIC ACID,MAPK14,153.1,-6.62,0.4794,MAPK14,0.5708,MAPK14,0.6033,2255.0,1549.0,1181.0
CHEMBL112,ACETAMINOPHEN,SERPINE1,151.2,-5.842,0.4794,SERPINE1,0.5664,SERPINE1,0.5599,2256.0,1593.0,1625.0
CHEMBL3181832,METHICILLIN SODIUM,MAPK14,379.4,-6.895,0.4792,ITPKC,0.4738,MAPK14,0.4038,2257.0,2331.0,2624.0
CHEMBL1200659,ENALAPRIL MALEATE,MAPK14,376.5,-6.894,0.479,GALNS,0.4824,GALNS,0.4821,2258.0,2279.0,2217.0
CHEMBL578,ENALAPRIL,MAPK14,376.5,-6.894,0.479,GALNS,0.4824,GALNS,0.4821,2258.0,2279.0,2217.0
CHEMBL1213351,PROPOXYPHENE,AXL,339.5,-6.179,0.4787,AXL,0.4817,AXL,0.4357,2260.0,2287.0,2475.0
CHEMBL1237104,PROPOXYPHENE HYDROCHLORIDE,AXL,339.5,-6.179,0.4787,AXL,0.4817,AXL,0.4357,2260.0,2287.0,2475.0
CHEMBL3989716,PROPOXYPHENE NAPSYLATE,AXL,339.5,-6.179,0.4787,AXL,0.4817,AXL,0.4357,2260.0,2287.0,2475.0
CHEMBL1289,HALOPROGIN,MAPK14,361.4,-6.469,0.4784,MAPK14,0.4723,MAPK14,0.4546,2263.0,2338.0,2384.0
CHEMBL3989403,ZOMEPIRAC SODIUM,AXL,290.7,-5.999,0.4782,AXL,0.5225,AXL,0.5349,2264.0,1973.0,1842.0
CHEMBL3989843,TRANYLCYPROMINE,TNIK,133.2,-6.331,0.4781,SERPINE1,0.5568,TNIK,0.5893,2265.0,1670.0,1346.0
CHEMBL3989698,TRANYLCYPROMINE SULFATE,TNIK,133.2,-6.331,0.4781,SERPINE1,0.5568,TNIK,0.5893,2265.0,1670.0,1346.0
CHEMBL1201019,CEFTIZOXIME SODIUM,MAPK14,382.4,-6.888,0.4781,MAPK14,0.4678,MAPK14,0.4032,2267.0,2353.0,2627.0
CHEMBL1200768,CEFTAZIDIME SODIUM,SLC2A1,545.6,-9.166,0.4779,AXL,0.336,SLC2A1,0.3575,2268.0,2854.0,2807.0
CHEMBL2105420,TAUROLIDINE,SERPINE1,284.4,-6.295,0.4776,SERPINE1,0.512,SERPINE1,0.5107,2269.0,2072.0,2021.0
CHEMBL4065616,REMDESIVIR,SLC2A1,602.6,-9.163,0.4776,GALNS,0.3658,GALNS,0.4015,2270.0,2766.0,2634.0
CHEMBL1201794,RIBOFLAVIN 5'-PHOSPHATE,ACVR1,456.3,-8.801,0.4768,ACVR1,0.4353,ACVR1,0.3999,2271.0,2497.0,2638.0
CHEMBL7863,APROBARBITAL,MAPK14,210.2,-6.6,0.4768,MAPK14,0.5452,MAPK14,0.6013,2272.0,1754.0,1201.0
CHEMBL2336050,XANOMELINE TARTRATE,TNIK,281.4,-6.307,0.4767,TNIK,0.4892,TNIK,0.48,2273.0,2230.0,2228.0
CHEMBL21536,XANOMELINE,TNIK,281.4,-6.307,0.4767,TNIK,0.4892,TNIK,0.48,2273.0,2230.0,2228.0
CHEMBL79,LIDOCAINE,SERPINE1,234.3,-5.829,0.4766,SERPINE1,0.5281,ACVR1,0.6113,2275.0,1930.0,1119.0
CHEMBL1200409,LIDOCAINE HYDROCHLORIDE,SERPINE1,234.3,-5.829,0.4766,SERPINE1,0.5281,ACVR1,0.6113,2275.0,1930.0,1119.0
CHEMBL1200597,ETIDOCAINE HYDROCHLORIDE,ADRA2A,276.4,-7.482,0.4762,ADRA2A,0.5377,ADRA2A,0.5272,2277.0,1844.0,1915.0
CHEMBL492,ETIDOCAINE,ADRA2A,276.4,-7.482,0.4762,ADRA2A,0.5377,ADRA2A,0.5272,2277.0,1844.0,1915.0
CHEMBL459,METHYLDOPA,SERPINE1,211.2,-6.556,0.4762,SERPINE1,0.5217,ITPKC,0.5316,2279.0,1981.0,1873.0
CHEMBL455,SULFACETAMIDE,TNIK,214.2,-6.637,0.4761,SERPINE1,0.5217,TNIK,0.5848,2280.0,1980.0,1399.0
CHEMBL1201729,DRONEDARONE HYDROCHLORIDE,MAPK14,556.8,-7.181,0.4753,MAPK14,0.3854,MAPK14,0.4121,2281.0,2698.0,2583.0
CHEMBL1200903,SECOBARBITAL SODIUM,MAPK14,237.3,-6.317,0.4749,MAPK14,0.5297,MAPK14,0.6062,2282.0,1914.0,1160.0
CHEMBL1537,AZLOCILLIN,AXL,461.5,-7.47,0.4749,ITPKC,0.4445,TNIK,0.4091,2283.0,2454.0,2596.0
CHEMBL290960,NIFURTIMOX,MAPK14,287.3,-6.864,0.4749,MAPK14,0.508,MAPK14,0.5246,2284.0,2103.0,1939.0
CHEMBL1184360,DIAMTHAZOLE,TNIK,293.4,-6.289,0.4744,TNIK,0.4837,TNIK,0.4767,2285.0,2271.0,2262.0
CHEMBL346235,DIAMTHAZOLE DIHYDROCHLORIDE,TNIK,293.4,-6.289,0.4744,TNIK,0.4837,TNIK,0.4767,2285.0,2271.0,2262.0
CHEMBL1742466,LANDIOLOL,TNIK,509.6,-7.753,0.4742,TNIK,0.4558,TNIK,0.4319,2287.0,2392.0,2495.0
CHEMBL2362410,LANDIOLOL HYDROCHLORIDE,TNIK,509.6,-7.753,0.4742,TNIK,0.4558,TNIK,0.4319,2287.0,2392.0,2495.0
CHEMBL161,CEFTRIAXONE,AXL,554.6,-7.467,0.4741,GALNS,0.3633,GALNS,0.3741,2289.0,2773.0,2748.0
CHEMBL1200425,PARGYLINE HYDROCHLORIDE,TNIK,159.2,-6.287,0.4741,SERPINE1,0.5169,TNIK,0.5867,2290.0,2028.0,1376.0
CHEMBL673,PARGYLINE,TNIK,159.2,-6.287,0.4741,SERPINE1,0.5169,TNIK,0.5867,2290.0,2028.0,1376.0
CHEMBL647,APRACLONIDINE,ADRA2A,245.1,-6.457,0.4737,ACVR1,0.5287,ACVR1,0.6682,2292.0,1924.0,580.0
CHEMBL3989949,CENOBAMATE,TNIK,267.7,-6.625,0.4736,TNIK,0.4872,TNIK,0.4895,2293.0,2247.0,2168.0
CHEMBL1480,FELODIPINE,AXL,384.3,-5.948,0.4733,AXL,0.4178,SERPINE1,0.3745,2294.0,2576.0,2745.0
CHEMBL1090,VIDARABINE,SERPINE1,267.2,-6.529,0.4732,SERPINE1,0.5063,SERPINE1,0.4928,2295.0,2116.0,2148.0
CHEMBL5314934,VANZACAFTOR,AXL,617.8,-7.06,0.4729,MAPK14,0.3458,MAPK14,0.4014,2296.0,2825.0,2635.0
CHEMBL2218917,CEVIMELINE HYDROCHLORIDE,MAPK14,199.3,-6.306,0.4728,MAPK14,0.5475,MAPK14,0.6013,2297.0,1741.0,1201.0
CHEMBL168815,CEVIMELINE,MAPK14,199.3,-6.306,0.4728,MAPK14,0.5475,MAPK14,0.6013,2297.0,1741.0,1201.0
CHEMBL1200787,PHENOXYBENZAMINE HYDROCHLORIDE,MAPK14,303.8,-6.429,0.4727,MAPK14,0.4928,MAPK14,0.5101,2299.0,2207.0,2024.0
CHEMBL753,PHENOXYBENZAMINE,MAPK14,303.8,-6.429,0.4727,MAPK14,0.4928,MAPK14,0.5101,2299.0,2207.0,2024.0
CHEMBL1200479,DICYCLOMINE HYDROCHLORIDE,TNIK,309.5,-6.475,0.4727,SLC2A1,0.4856,TNIK,0.4347,2301.0,2257.0,2481.0
CHEMBL1123,DICYCLOMINE,TNIK,309.5,-6.475,0.4727,SLC2A1,0.4856,TNIK,0.4347,2301.0,2257.0,2481.0
CHEMBL526,PROPOFOL,TNIK,178.3,-6.262,0.4726,AXL,0.5501,AXL,0.6299,2303.0,1725.0,929.0
CHEMBL1576,ETHINAMATE,MAPK14,167.2,-6.305,0.4725,MAPK14,0.5637,MAPK14,0.6004,2304.0,1613.0,1217.0
CHEMBL612,DEXTROAMPHETAMINE,SERPINE1,135.2,-5.796,0.4723,SERPINE1,0.5633,SERPINE1,0.5508,2305.0,1618.0,1714.0
CHEMBL3544971,DEXTROAMPHETAMINE SULFATE,SERPINE1,135.2,-5.796,0.4723,SERPINE1,0.5633,SERPINE1,0.5508,2305.0,1618.0,1714.0
CHEMBL1200782,DEXTROAMPHETAMINE ADIPATE,SERPINE1,135.2,-5.796,0.4723,SERPINE1,0.5633,SERPINE1,0.5508,2305.0,1618.0,1714.0
CHEMBL1200541,AMBENONIUM CHLORIDE,TNIK,537.6,-7.292,0.4722,TNIK,0.4335,TNIK,0.4347,2308.0,2512.0,2485.0
CHEMBL2110962,MEFENOREX,TNIK,211.7,-6.256,0.472,MAPK14,0.531,MAPK14,0.5958,2309.0,1897.0,1262.0
CHEMBL1200855,TICARCILLIN DISODIUM,AXL,382.4,-6.696,0.4715,AXL,0.4626,AXL,0.3697,2310.0,2374.0,2761.0
CHEMBL186,CEFEPIME,SLC2A1,480.6,-8.596,0.4714,AXL,0.3782,SLC2A1,0.343,2311.0,2726.0,2860.0
CHEMBL629,AMITRIPTYLINE,ADRA2A,277.4,-6.434,0.4714,ADRA2A,0.4973,ADRA2A,0.4755,2312.0,2177.0,2273.0
CHEMBL1201275,ISOSULFAN BLUE INNER SALT,GALNS,544.7,-7.832,0.4714,TNIK,0.429,TNIK,0.4192,2313.0,2531.0,2550.0
CHEMBL1908841,LEVOLEUCOVORIN,TNIK,473.4,-8.319,0.4711,TNIK,0.4617,TNIK,0.4406,2314.0,2381.0,2451.0
CHEMBL445,NORTRIPTYLINE,ADRA2A,263.4,-6.431,0.471,ADRA2A,0.5062,ADRA2A,0.4742,2315.0,2120.0,2280.0
CHEMBL575,METHICILLIN,SLC2A1,380.4,-8.147,0.4708,SLC2A1,0.4483,SLC2A1,0.3602,2316.0,2440.0,2796.0
CHEMBL424,SALICYLIC ACID,SERPINE1,138.1,-5.787,0.4708,SERPINE1,0.562,SERPINE1,0.5495,2317.0,1628.0,1739.0
CHEMBL944,CHLOROPROCAINE HYDROCHLORIDE,TNIK,270.8,-6.231,0.4707,TNIK,0.4813,TNIK,0.4702,2318.0,2293.0,2305.0
CHEMBL1179047,CHLOROPROCAINE,TNIK,270.8,-6.231,0.4707,TNIK,0.4813,TNIK,0.4702,2318.0,2293.0,2305.0
CHEMBL85231,MEDIFOXAMINE,TNIK,257.3,-6.23,0.4704,ACVR1,0.5303,ACVR1,0.5069,2320.0,1908.0,2049.0
CHEMBL3989571,SPECTINOMYCIN HYDROCHLORIDE,TNIK,332.4,-7.27,0.4704,ITPKC,0.4937,ITPKC,0.484,2321.0,2201.0,2208.0
CHEMBL1167,SPECTINOMYCIN,TNIK,332.4,-7.27,0.4704,ITPKC,0.4937,ITPKC,0.484,2321.0,2201.0,2208.0
CHEMBL338802,SULFAGUANIDINE,MAPK14,214.2,-7.137,0.4703,MAPK14,0.5262,MAPK14,0.5682,2323.0,1942.0,1543.0
CHEMBL1201747,ALCAFTADINE,AXL,307.4,-5.924,0.4698,AXL,0.4919,AXL,0.5239,2324.0,2217.0,1947.0
CHEMBL1544,LIOTHYRONINE,GALNS,651.0,-7.065,0.4696,GALNS,0.3114,GALNS,0.3784,2325.0,2918.0,2730.0
CHEMBL1726,NISOLDIPINE,AXL,388.4,-6.286,0.4696,AXL,0.4276,AXL,0.359,2326.0,2536.0,2805.0
CHEMBL2364637,TENOFOVIR ALAFENAMIDE FUMARATE,SLC2A1,476.5,-8.573,0.4695,GALNS,0.3966,GALNS,0.355,2327.0,2653.0,2815.0
CHEMBL2107825,TENOFOVIR ALAFENAMIDE,SLC2A1,476.5,-8.573,0.4695,GALNS,0.3966,GALNS,0.355,2327.0,2653.0,2815.0
CHEMBL1201287,DEXBROMPHENIRAMINE,ACVR1,319.2,-7.18,0.4695,ACVR1,0.4883,TNIK,0.4178,2329.0,2240.0,2560.0
CHEMBL1200638,DEXBROMPHENIRAMINE MALEATE,ACVR1,319.2,-7.18,0.4695,ACVR1,0.4883,TNIK,0.4178,2329.0,2240.0,2560.0
CHEMBL2035187,PACRITINIB,SLC2A1,472.6,-8.13,0.4691,SLC2A1,0.349,SLC2A1,0.3443,2331.0,2815.0,2850.0
CHEMBL1200953,HYDROCORTISONE PROBUTATE,TNIK,488.6,-7.257,0.4691,TNIK,0.4404,TNIK,0.4311,2332.0,2467.0,2507.0
CHEMBL1601,CEFONICID,AXL,542.6,-7.835,0.4691,AXL,0.3602,AXL,0.363,2333.0,2787.0,2782.0
CHEMBL374478,RIFAMPIN,SLC2A1,823.0,-9.044,0.4688,ACVR1,0.193,SLC2A1,0.3443,2334.0,3062.0,2849.0
CHEMBL3989564,TOBRAMYCIN SULFATE,SLC2A1,467.5,-9.041,0.4686,ITPKC,0.4402,ITPKC,0.3789,2335.0,2469.0,2725.0
CHEMBL1747,TOBRAMYCIN,SLC2A1,467.5,-9.041,0.4686,ITPKC,0.4402,ITPKC,0.3789,2335.0,2469.0,2725.0
CHEMBL752,ADENOSINE PHOSPHATE,ITPKC,347.2,-5.794,0.4685,ITPKC,0.5053,ITPKC,0.5059,2337.0,2126.0,2060.0
CHEMBL2105131,MEFRUSIDE,AXL,382.9,-6.279,0.4685,ACVR1,0.445,TNIK,0.3586,2338.0,2452.0,2806.0
CHEMBL376140,TIGECYCLINE,SLC2A1,585.7,-9.035,0.4683,TNIK,0.3901,TNIK,0.4015,2339.0,2683.0,2633.0
CHEMBL1742424,CELIPROLOL HYDROCHLORIDE,SERPINE1,379.5,-6.235,0.468,SERPINE1,0.4637,SERPINE1,0.4196,2340.0,2370.0,2548.0
CHEMBL2063090,GRAZOPREVIR ANHYDROUS,SLC2A1,766.9,-8.118,0.4678,TNIK,0.2819,SLC2A1,0.343,2341.0,2965.0,2860.0
CHEMBL3544973,CEFTAROLINE FOSAMIL ACETATE,AXL,684.7,-7.804,0.4677,MAPK14,0.2631,ITPKC,0.3608,2342.0,3020.0,2790.0
CHEMBL1624,LEVOTHYROXINE,ITPKC,776.9,-5.79,0.4676,TNIK,0.2696,ITPKC,0.3442,2343.0,2998.0,2853.0
CHEMBL1229,OSELTAMIVIR,TNIK,312.4,-6.584,0.4672,TNIK,0.4734,TNIK,0.4315,2344.0,2332.0,2501.0
CHEMBL1200340,OSELTAMIVIR PHOSPHATE,TNIK,312.4,-6.584,0.4672,TNIK,0.4734,TNIK,0.4315,2344.0,2332.0,2501.0
CHEMBL40,PHENOBARBITAL,SLC2A1,232.2,-7.662,0.4666,SLC2A1,0.5835,SLC2A1,0.6809,2346.0,1406.0,431.0
CHEMBL1593906,LEVOPROPOXYPHENE NAPSYLATE,AXL,339.5,-6.069,0.4666,AXL,0.4623,AXL,0.4164,2347.0,2377.0,2566.0
CHEMBL1738990,LEVOPROPOXYPHENE,AXL,339.5,-6.069,0.4666,AXL,0.4623,AXL,0.4164,2347.0,2377.0,2566.0
CHEMBL885,EMTRICITABINE,SERPINE1,247.3,-6.224,0.466,SERPINE1,0.5136,SERPINE1,0.5049,2349.0,2056.0,2066.0
CHEMBL1664,FOSAMPRENAVIR,ACVR1,585.6,-8.684,0.4657,ACVR1,0.324,ACVR1,0.3828,2350.0,2884.0,2705.0
CHEMBL713,ENTECAVIR ANHYDROUS,SLC2A1,277.3,-8.524,0.4656,SLC2A1,0.556,SLC2A1,0.5559,2351.0,1677.0,1664.0
CHEMBL5314362,ENTECAVIR,SLC2A1,277.3,-8.524,0.4656,SLC2A1,0.556,SLC2A1,0.5559,2351.0,1677.0,1664.0
CHEMBL1496,ROSUVASTATIN,ACVR1,481.5,-8.319,0.4654,ACVR1,0.3905,ACVR1,0.3822,2353.0,2681.0,2713.0
CHEMBL1200654,BENOXINATE HYDROCHLORIDE,MAPK14,308.4,-6.377,0.4654,MAPK14,0.4837,MAPK14,0.5039,2354.0,2269.0,2068.0
CHEMBL1200,BENOXINATE,MAPK14,308.4,-6.377,0.4654,MAPK14,0.4837,MAPK14,0.5039,2354.0,2269.0,2068.0
CHEMBL521606,NADOLOL,VASH2,309.4,-7.127,0.465,SLC2A1,0.5165,SLC2A1,0.5482,2356.0,2032.0,1744.0
CHEMBL301265,PRAMIPEXOLE,SERPINE1,211.3,-5.757,0.4649,SERPINE1,0.5233,ADRA2A,0.6124,2357.0,1966.0,1102.0
CHEMBL3182733,PRAMIPEXOLE DIHYDROCHLORIDE,SERPINE1,211.3,-5.757,0.4649,SERPINE1,0.5233,AXL,0.5941,2357.0,1966.0,1281.0
CHEMBL3989974,CEFIDEROCOL,AXL,752.2,-7.762,0.4646,MAPK14,0.2786,MAPK14,0.3854,2359.0,2973.0,2695.0
CHEMBL1449,TICARCILLIN,AXL,384.4,-6.625,0.4644,AXL,0.4497,AXL,0.3534,2360.0,2424.0,2824.0
CHEMBL444633,RIFABUTIN,SLC2A1,847.0,-8.955,0.4637,SERPINE1,0.2712,SERPINE1,0.3985,2361.0,2990.0,2646.0
CHEMBL2146124,CEFUROXIME SODIUM,SLC2A1,423.4,-8.073,0.4637,ACVR1,0.4241,SLC2A1,0.3531,2362.0,2544.0,2826.0
CHEMBL2103873,MACITENTAN,SLC2A1,588.3,-8.509,0.4636,TNIK,0.2961,TNIK,0.3357,2363.0,2953.0,2889.0
CHEMBL5095048,AMPHETAMINE ASPARTATE/DEXTROAMPHETAMINE SULFATE,TNIK,135.2,-6.167,0.4636,TNIK,0.5017,TNIK,0.5776,2364.0,2145.0,1464.0
CHEMBL405,AMPHETAMINE,TNIK,135.2,-6.167,0.4636,TNIK,0.5017,TNIK,0.5776,2364.0,2145.0,1464.0
CHEMBL1200387,AMPHETAMINE ADIPATE,TNIK,135.2,-6.167,0.4636,TNIK,0.5017,TNIK,0.5776,2364.0,2145.0,1464.0
CHEMBL5095505,AMPHETAMINE/DEXTROAMPHETAMINE,TNIK,135.2,-6.167,0.4636,TNIK,0.5017,TNIK,0.5776,2364.0,2145.0,1464.0
CHEMBL501,AMPHETAMINE SULFATE,TNIK,135.2,-6.167,0.4636,TNIK,0.5017,TNIK,0.5776,2364.0,2145.0,1464.0
CHEMBL1200377,AMPHETAMINE ASPARTATE,TNIK,135.2,-6.167,0.4636,TNIK,0.5017,TNIK,0.5776,2364.0,2145.0,1464.0
CHEMBL5095049,PACRITINIB CITRATE,SLC2A1,472.6,-8.071,0.4635,TNIK,0.3855,TNIK,0.3972,2370.0,2697.0,2652.0
CHEMBL4297516,LURBINECTEDIN,SLC2A1,784.9,-8.945,0.4632,SLC2A1,0.1913,SLC2A1,0.3348,2371.0,3063.0,2890.0
CHEMBL1213252,CLORAZEPIC ACID,SLC2A1,314.7,-7.146,0.4631,SLC2A1,0.4688,TNIK,0.4188,2372.0,2350.0,2553.0
CHEMBL1200379,APRACLONIDINE HYDROCHLORIDE,ACVR1,245.1,-7.1,0.4628,ACVR1,0.5287,ACVR1,0.6682,2373.0,1924.0,580.0
CHEMBL515606,CILAZAPRIL,GALNS,417.5,-6.707,0.4617,GALNS,0.4359,TNIK,0.3534,2374.0,2493.0,2825.0
CHEMBL1407915,NEFOPAM HYDROCHLORIDE,ACVR1,253.3,-7.09,0.4615,ACVR1,0.5212,ACVR1,0.4943,2375.0,1986.0,2129.0
CHEMBL7413,METHOHEXITAL,ADRA2A,262.3,-7.317,0.4614,ADRA2A,0.5251,ADRA2A,0.5074,2376.0,1953.0,2046.0
CHEMBL404849,SULOCTIDIL,TNIK,337.6,-6.668,0.4613,TNIK,0.4569,TNIK,0.4287,2377.0,2389.0,2517.0
CHEMBL927,CEFDINIR,ITPKC,395.4,-5.739,0.461,ITPKC,0.4639,ITPKC,0.3823,2378.0,2368.0,2710.0
CHEMBL1200365,AMINOHIPPURATE SODIUM,SERPINE1,193.2,-6.199,0.461,SERPINE1,0.5283,SERPINE1,0.5361,2379.0,1927.0,1837.0
CHEMBL1144,PRAVASTATIN,AXL,424.5,-6.962,0.461,AXL,0.4235,AXL,0.3544,2380.0,2548.0,2818.0
CHEMBL449,BUTABARBITAL,VASH2,212.2,-6.804,0.461,VASH2,0.5447,VASH2,0.6051,2381.0,1762.0,1170.0
CHEMBL19393,LEVAMFETAMINE,TNIK,135.2,-6.158,0.4609,TNIK,0.5005,TNIK,0.5727,2382.0,2154.0,1509.0
CHEMBL3039596,FOSINOPRIL SODIUM,SLC2A1,562.7,-8.901,0.4608,MAPK14,0.3419,MAPK14,0.3672,2383.0,2841.0,2770.0
CHEMBL3989402,PERAMIVIR,ITPKC,328.4,-5.727,0.4606,ITPKC,0.5068,ITPKC,0.4977,2384.0,2112.0,2107.0
CHEMBL139367,PERAMIVIR ANHYDROUS,ITPKC,328.4,-5.727,0.4606,ITPKC,0.5068,ITPKC,0.4977,2384.0,2112.0,2107.0
CHEMBL1417019,MITOXANTRONE HYDROCHLORIDE,AXL,444.5,-7.342,0.4601,AXL,0.4194,AXL,0.3733,2386.0,2572.0,2752.0
CHEMBL864,CARBINOXAMINE,AXL,290.8,-5.804,0.4601,AXL,0.4898,AXL,0.5028,2387.0,2225.0,2078.0
CHEMBL1200974,CARBINOXAMINE MALEATE,AXL,290.8,-5.804,0.4601,AXL,0.4898,AXL,0.5028,2387.0,2225.0,2078.0
CHEMBL897,PROBENECID,TNIK,285.4,-6.148,0.4599,TNIK,0.4668,TNIK,0.4528,2389.0,2357.0,2394.0
CHEMBL1581,PERINDOPRIL,SLC2A1,368.5,-7.571,0.4597,ACVR1,0.4338,SLC2A1,0.4058,2390.0,2508.0,2612.0
CHEMBL3544986,PERINDOPRIL ARGININE,SLC2A1,368.5,-7.571,0.4597,ACVR1,0.4338,SLC2A1,0.4058,2390.0,2508.0,2612.0
CHEMBL1200343,PERINDOPRIL ERBUMINE,SLC2A1,368.5,-7.571,0.4597,ACVR1,0.4338,SLC2A1,0.4058,2390.0,2508.0,2612.0
CHEMBL3137358,SIMEPREVIR SODIUM,SLC2A1,748.9,-8.452,0.4597,SLC2A1,0.229,SLC2A1,0.3286,2393.0,3034.0,2922.0
CHEMBL1237105,CARBOPROST TROMETHAMINE,MAPK14,368.5,-7.049,0.4594,MAPK14,0.4579,MAPK14,0.4492,2394.0,2386.0,2413.0
CHEMBL1237122,CARBOPROST,MAPK14,368.5,-7.049,0.4594,MAPK14,0.4579,MAPK14,0.4492,2394.0,2386.0,2413.0
CHEMBL4297585,TRIHEPTANOIN,MAPK14,428.6,-6.738,0.4591,MAPK14,0.4218,MAPK14,0.3823,2396.0,2558.0,2709.0
CHEMBL1186610,ANISOTROPINE,SLC2A1,282.4,-7.106,0.4589,SLC2A1,0.4987,SLC2A1,0.4895,2397.0,2170.0,2169.0
CHEMBL1578,ANISOTROPINE METHYLBROMIDE,SLC2A1,282.4,-7.106,0.4589,SLC2A1,0.4987,SLC2A1,0.4895,2397.0,2170.0,2169.0
CHEMBL2107831,LUSUTROMBOPAG,SLC2A1,591.6,-8.872,0.4587,TNIK,0.3304,TNIK,0.3525,2399.0,2874.0,2827.0
CHEMBL1096882,FLUDARABINE PHOSPHATE,ITPKC,365.2,-5.713,0.4587,ITPKC,0.484,ITPKC,0.4954,2400.0,2267.0,2121.0
CHEMBL1201245,BROMODIPHENHYDRAMINE,ACVR1,334.3,-7.287,0.4586,ACVR1,0.4707,TNIK,0.4049,2401.0,2342.0,2621.0
CHEMBL1200967,BROMODIPHENHYDRAMINE HYDROCHLORIDE,ACVR1,334.3,-7.287,0.4586,ACVR1,0.4707,TNIK,0.4049,2401.0,2342.0,2621.0
CHEMBL30219,METHOHEXITAL SODIUM,MAPK14,261.3,-6.454,0.4573,MAPK14,0.4997,MAPK14,0.4946,2403.0,2162.0,2127.0
CHEMBL1200563,CERIVASTATIN SODIUM,ACVR1,458.6,-8.253,0.457,ACVR1,0.3982,TNIK,0.3592,2404.0,2649.0,2800.0
CHEMBL361497,ARTESUNATE,ACVR1,384.4,-7.452,0.4563,ACVR1,0.4362,TNIK,0.3646,2405.0,2492.0,2779.0
CHEMBL1200944,SULBACTAM SODIUM,MAPK14,232.2,-6.721,0.4563,MAPK14,0.5128,MAPK14,0.5743,2406.0,2067.0,1497.0
CHEMBL1632,CEPHALOTHIN SODIUM,TNIK,395.4,-6.795,0.4562,TNIK,0.4403,TNIK,0.3897,2407.0,2468.0,2678.0
CHEMBL1689063,AVIBACTAM,SERPINE1,265.2,-6.17,0.4562,SERPINE1,0.5006,SERPINE1,0.4984,2408.0,2153.0,2103.0
CHEMBL2062262,METARAMINOL BITARTRATE,SERPINE1,167.2,-5.827,0.4562,SERPINE1,0.5377,ITPKC,0.576,2409.0,1841.0,1484.0
CHEMBL1201319,METARAMINOL,SERPINE1,167.2,-5.827,0.4562,SERPINE1,0.5377,ITPKC,0.576,2409.0,1841.0,1484.0
CHEMBL1199080,BRETYLIUM,TNIK,243.2,-6.108,0.4557,TNIK,0.4702,TNIK,0.5672,2411.0,2345.0,1554.0
CHEMBL1095292,BRETYLIUM TOSYLATE,TNIK,243.2,-6.108,0.4557,TNIK,0.4702,TNIK,0.5672,2411.0,2345.0,1554.0
CHEMBL450449,TRABECTEDIN,ITPKC,761.9,-5.684,0.4556,SLC2A1,0.2223,ITPKC,0.3253,2413.0,3038.0,2933.0
CHEMBL2104415,MOXIDECTIN,AXL,639.8,-6.901,0.455,TNIK,0.2789,AXL,0.3216,2414.0,2972.0,2947.0
CHEMBL15891,LINDANE,MAPK14,290.8,-6.143,0.4545,MAPK14,0.476,MAPK14,0.4808,2415.0,2320.0,2225.0
CHEMBL2105275,PROPYLHEXEDRINE,SERPINE1,155.3,-5.691,0.4544,SERPINE1,0.5355,TNIK,0.5588,2416.0,1867.0,1636.0
CHEMBL3833301,BARBEXACLONE,SERPINE1,155.3,-5.691,0.4544,SERPINE1,0.5355,TNIK,0.5588,2416.0,1867.0,1636.0
CHEMBL454446,CEFDITOREN PIVOXIL,SLC2A1,620.7,-8.385,0.4543,MAPK14,0.3015,MAPK14,0.3543,2418.0,2945.0,2819.0
CHEMBL1201777,TAPENTADOL HYDROCHLORIDE,TNIK,221.3,-6.087,0.4538,ACVR1,0.5171,ACVR1,0.6451,2419.0,2026.0,783.0
CHEMBL1201776,TAPENTADOL,TNIK,221.3,-6.087,0.4538,ACVR1,0.5171,ACVR1,0.6451,2419.0,2026.0,783.0
CHEMBL256087,MENTHOL,MAPK14,156.3,-6.137,0.4536,MAPK14,0.5422,MAPK14,0.5808,2421.0,1789.0,1438.0
CHEMBL967,TEMAZEPAM,AXL,300.7,-5.756,0.4535,AXL,0.4695,AXL,0.4921,2422.0,2348.0,2154.0
CHEMBL1675,VITAMIN A PALMITATE,TNIK,524.9,-7.115,0.4535,TNIK,0.4132,TNIK,0.4187,2423.0,2593.0,2555.0
CHEMBL203266,TRIMETAZIDINE,MAPK14,266.3,-6.136,0.4534,MAPK14,0.4869,MAPK14,0.4792,2424.0,2251.0,2237.0
CHEMBL3561076,TRIMETAZIDINE DIHYDROCHLORIDE,MAPK14,266.3,-6.136,0.4534,MAPK14,0.4869,MAPK14,0.4792,2424.0,2251.0,2237.0
CHEMBL1213250,CEFTOLOZANE SULFATE,AXL,666.7,-7.625,0.4531,VASH2,0.2287,AXL,0.3378,2426.0,3036.0,2883.0
CHEMBL2103872,CEFTOLOZANE,AXL,666.7,-7.625,0.4531,VASH2,0.2287,AXL,0.3378,2426.0,3036.0,2883.0
CHEMBL1201201,METHAMPHETAMINE,SERPINE1,149.2,-5.685,0.453,SERPINE1,0.5374,TNIK,0.5575,2428.0,1847.0,1645.0
CHEMBL1200952,METHAMPHETAMINE HYDROCHLORIDE,SERPINE1,149.2,-5.685,0.453,SERPINE1,0.5374,TNIK,0.5575,2428.0,1847.0,1645.0
CHEMBL1909286,PHENOXYPROPAZINE,SERPINE1,166.2,-5.8,0.4529,SERPINE1,0.5331,ACVR1,0.5552,2430.0,1886.0,1670.0
CHEMBL1750,CLOFARABINE,ITPKC,303.7,-5.395,0.4526,ITPKC,0.5102,ITPKC,0.5431,2431.0,2084.0,1784.0
CHEMBL617,CEPHALOTHIN,ITPKC,396.4,-5.394,0.4523,GALNS,0.4356,ITPKC,0.3539,2432.0,2494.0,2821.0
CHEMBL267936,MECAMYLAMINE,MAPK14,167.3,-6.127,0.4521,MAPK14,0.5352,MAPK14,0.5782,2433.0,1874.0,1461.0
CHEMBL1237082,MECAMYLAMINE HYDROCHLORIDE,MAPK14,167.3,-6.127,0.4521,MAPK14,0.5352,MAPK14,0.5782,2433.0,1874.0,1461.0
CHEMBL869,NITROFURAZONE,SERPINE1,198.1,-6.14,0.4519,SERPINE1,0.5188,TNIK,0.5513,2435.0,2010.0,1713.0
CHEMBL223448,BROXYQUINOLINE,MAPK14,303.0,-6.126,0.4519,MAPK14,0.4672,MAPK14,0.4782,2436.0,2356.0,2252.0
CHEMBL34259,METHOTREXATE,AXL,454.4,-7.606,0.4516,AXL,0.4085,AXL,0.3931,2437.0,2609.0,2664.0
CHEMBL1201775,SAPROPTERIN DIHYDROCHLORIDE,SERPINE1,241.3,-6.385,0.4516,ITPKC,0.5075,SLC2A1,0.5807,2438.0,2107.0,1442.0
CHEMBL1201153,ISOETHARINE MESYLATE,SERPINE1,239.3,-5.914,0.4515,SERPINE1,0.5019,SLC2A1,0.6386,2439.0,2140.0,841.0
CHEMBL1201213,ISOETHARINE,SERPINE1,239.3,-5.914,0.4515,SERPINE1,0.5019,SLC2A1,0.6386,2439.0,2140.0,841.0
CHEMBL1200920,ISOETHARINE HYDROCHLORIDE,SERPINE1,239.3,-5.914,0.4515,SERPINE1,0.5019,SLC2A1,0.6386,2439.0,2140.0,841.0
CHEMBL1237,LISINOPRIL ANHYDROUS,SLC2A1,405.5,-8.348,0.4512,SLC2A1,0.407,TNIK,0.3454,2442.0,2616.0,2842.0
CHEMBL419213,LISINOPRIL,SLC2A1,405.5,-8.348,0.4512,SLC2A1,0.407,TNIK,0.3454,2442.0,2616.0,2842.0
CHEMBL3707372,VOXILAPREVIR,SLC2A1,861.0,-8.341,0.4504,SLC2A1,0.2212,SLC2A1,0.3161,2444.0,3040.0,2963.0
CHEMBL1201098,CEFOTETAN DISODIUM,MAPK14,573.6,-7.313,0.4501,MAPK14,0.3577,MAPK14,0.3855,2445.0,2791.0,2694.0
CHEMBL65375,TIPIRACIL HYDROCHLORIDE,MAPK14,242.7,-6.667,0.4499,ITPKC,0.5395,SLC2A1,0.6022,2446.0,1813.0,1196.0
CHEMBL235668,TIPIRACIL,MAPK14,242.7,-6.667,0.4499,ITPKC,0.5395,SLC2A1,0.6022,2446.0,1813.0,1196.0
CHEMBL290106,BITHIONOL,AXL,356.1,-5.924,0.4498,ACVR1,0.4367,AXL,0.3931,2448.0,2489.0,2663.0
CHEMBL2110636,BUNAMIODYL,AXL,639.0,-6.491,0.4496,AXL,0.274,AXL,0.3198,2449.0,2986.0,2951.0
CHEMBL1200859,ISOSULFAN BLUE,TNIK,543.7,-7.087,0.4493,TNIK,0.4045,TNIK,0.4134,2450.0,2629.0,2578.0
CHEMBL159226,MOXISYLYTE,MAPK14,279.4,-6.1,0.449,MAPK14,0.4752,MAPK14,0.475,2451.0,2326.0,2274.0
CHEMBL777,CLAVULANIC ACID,ITPKC,199.2,-5.125,0.449,ITPKC,0.5778,ITPKC,0.6168,2452.0,1462.0,1071.0
CHEMBL46740,BAZEDOXIFENE,VASH2,470.6,-7.01,0.449,VASH2,0.3867,VASH2,0.368,2453.0,2693.0,2766.0
CHEMBL2106615,BAZEDOXIFENE ACETATE,VASH2,470.6,-7.01,0.449,VASH2,0.3867,VASH2,0.368,2453.0,2693.0,2766.0
CHEMBL1200354,SODIUM TETRADECYL SULFATE,TNIK,293.4,-6.214,0.449,TNIK,0.453,TNIK,0.4472,2455.0,2405.0,2424.0
CHEMBL1200790,METHYPRYLON,MAPK14,183.3,-6.099,0.4489,MAPK14,0.5213,MAPK14,0.5737,2456.0,1984.0,1500.0
CHEMBL277062,BROMAZEPAM,AXL,316.2,-5.713,0.4488,AXL,0.448,AXL,0.385,2457.0,2441.0,2696.0
CHEMBL211456,EPHEDRINE,SERPINE1,165.2,-5.659,0.4485,SERPINE1,0.5246,TNIK,0.5526,2458.0,1958.0,1694.0
CHEMBL2146102,EPHEDRINE HYDROCHLORIDE,SERPINE1,165.2,-5.659,0.4485,SERPINE1,0.5246,TNIK,0.5526,2458.0,1958.0,1694.0
CHEMBL1523964,EPHEDRINE SULFATE,SERPINE1,165.2,-5.659,0.4485,SERPINE1,0.5246,TNIK,0.5526,2458.0,1958.0,1694.0
CHEMBL836,TAMSULOSIN,ACVR1,408.5,-7.787,0.4477,TNIK,0.4281,TNIK,0.3795,2461.0,2534.0,2723.0
CHEMBL1200914,TAMSULOSIN HYDROCHLORIDE,ACVR1,408.5,-7.787,0.4477,TNIK,0.4281,TNIK,0.3795,2461.0,2534.0,2723.0
CHEMBL1010,CEFOTAXIME SODIUM,AXL,454.5,-6.817,0.4476,AXL,0.3696,AXL,0.3394,2463.0,2752.0,2877.0
CHEMBL4297334,PIFLUFOLASTAT F18,VASH2,441.4,-7.678,0.4472,ITPKC,0.4236,VASH2,0.3822,2464.0,2546.0,2711.0
CHEMBL4299851,PIFLUFOLASTAT,VASH2,442.4,-7.678,0.4472,ITPKC,0.4227,VASH2,0.3822,2464.0,2553.0,2711.0
CHEMBL503565,VINBARBITAL,TNIK,224.3,-6.023,0.4471,SLC2A1,0.5147,SLC2A1,0.6344,2466.0,2046.0,892.0
CHEMBL61006,PHENYLPROPANOLAMINE,TNIK,151.2,-6.023,0.4471,SLC2A1,0.5003,TNIK,0.5552,2466.0,2159.0,1668.0
CHEMBL1200695,PHENYLPROPANOLAMINE HYDROCHLORIDE,TNIK,151.2,-6.023,0.4471,SLC2A1,0.5003,TNIK,0.5552,2466.0,2159.0,1668.0
CHEMBL2021422,FOSPROPOFOL DISODIUM,ACVR1,286.3,-6.966,0.4467,ACVR1,0.4851,ACVR1,0.4732,2469.0,2261.0,2284.0
CHEMBL3,NICOTINE,TNIK,162.2,-6.02,0.4466,MAPK14,0.5121,TNIK,0.5539,2470.0,2071.0,1678.0
CHEMBL4298138,REPOTRECTINIB,AXL,355.4,-5.687,0.4465,AXL,0.4092,AXL,0.3824,2471.0,2603.0,2708.0
CHEMBL92,DOCETAXEL ANHYDROUS,GALNS,807.9,-7.178,0.4463,TNIK,0.2651,GALNS,0.354,2472.0,3013.0,2820.0
CHEMBL222813,ZANAMIVIR,ITPKC,332.3,-5.608,0.4463,ITPKC,0.4884,ITPKC,0.4784,2473.0,2238.0,2247.0
CHEMBL5315117,ZANAMIVIR HYDRATE,ITPKC,332.3,-5.608,0.4463,ITPKC,0.4884,ITPKC,0.4784,2473.0,2238.0,2247.0
CHEMBL374731,TELBIVUDINE,TNIK,242.2,-6.72,0.4462,ITPKC,0.5078,SLC2A1,0.596,2475.0,2105.0,1258.0
CHEMBL1200899,TYROPANOATE SODIUM,ACVR1,640.0,-7.355,0.445,ACVR1,0.3154,ACVR1,0.3666,2476.0,2906.0,2772.0
CHEMBL1200444,PIRBUTEROL ACETATE,SERPINE1,240.3,-6.085,0.4448,ITPKC,0.4951,ITPKC,0.5674,2477.0,2189.0,1552.0
CHEMBL1094966,PIRBUTEROL,SERPINE1,240.3,-6.085,0.4448,ITPKC,0.4951,ITPKC,0.5674,2477.0,2189.0,1552.0
CHEMBL968,FLURAZEPAM,TNIK,387.9,-5.991,0.4446,TNIK,0.4318,TNIK,0.3944,2479.0,2518.0,2657.0
CHEMBL3989724,FLURAZEPAM HYDROCHLORIDE,TNIK,387.9,-5.991,0.4446,TNIK,0.4318,TNIK,0.3944,2479.0,2518.0,2657.0
CHEMBL1201043,CEPHAPIRIN SODIUM,ITPKC,422.5,-5.348,0.4445,ITPKC,0.3951,ITPKC,0.3438,2481.0,2658.0,2857.0
CHEMBL1428,NIMODIPINE,AXL,418.4,-6.049,0.4439,TNIK,0.4051,TNIK,0.3626,2482.0,2624.0,2783.0
CHEMBL167731,PIXANTRONE,ITPKC,325.4,-5.597,0.4439,ITPKC,0.4914,ITPKC,0.4715,2483.0,2219.0,2298.0
CHEMBL2103844,PIXANTRONE DIMALEATE,ITPKC,325.4,-5.597,0.4439,ITPKC,0.4914,ITPKC,0.4715,2483.0,2219.0,2298.0
CHEMBL3989829,NETILMICIN SULFATE,ITPKC,475.6,-5.912,0.443,ITPKC,0.3941,ITPKC,0.3369,2485.0,2664.0,2887.0
CHEMBL1572,NETILMICIN,ITPKC,475.6,-5.912,0.443,ITPKC,0.3941,ITPKC,0.3369,2485.0,2664.0,2887.0
CHEMBL2096646,AMINOSALICYLATE SODIUM,SERPINE1,152.1,-5.857,0.4429,SERPINE1,0.529,MAPK14,0.5282,2487.0,1920.0,1905.0
CHEMBL1200584,AMINOSALICYLATE POTASSIUM,SERPINE1,152.1,-5.857,0.4429,SERPINE1,0.529,MAPK14,0.5282,2487.0,1920.0,1905.0
CHEMBL3544908,AZATADINE MALEATE,SLC2A1,290.4,-6.896,0.4429,AXL,0.4618,AXL,0.473,2489.0,2379.0,2285.0
CHEMBL946,AZATADINE,SLC2A1,290.4,-6.896,0.4429,AXL,0.4618,AXL,0.473,2489.0,2379.0,2285.0
CHEMBL815,DINOPROST,TNIK,354.5,-7.026,0.4428,TNIK,0.4416,TNIK,0.4201,2491.0,2462.0,2545.0
CHEMBL1200896,DINOPROST TROMETHAMINE,TNIK,354.5,-7.026,0.4428,TNIK,0.4416,TNIK,0.4201,2491.0,2462.0,2545.0
CHEMBL70418,CLOBAZAM,ACVR1,300.7,-6.884,0.4425,ACVR1,0.4648,ACVR1,0.4667,2493.0,2361.0,2325.0
CHEMBL888,GEMCITABINE,MAPK14,263.2,-6.636,0.4425,ITPKC,0.5221,ITPKC,0.5149,2494.0,1974.0,1992.0
CHEMBL1637,GEMCITABINE HYDROCHLORIDE,MAPK14,263.2,-6.636,0.4425,ITPKC,0.5221,ITPKC,0.5149,2494.0,1974.0,1992.0
CHEMBL1200339,PHENYLEPHRINE HYDROCHLORIDE,SERPINE1,167.2,-5.745,0.4424,SERPINE1,0.5208,ITPKC,0.5529,2496.0,1993.0,1686.0
CHEMBL2062264,PHENYLEPHRINE BITARTRATE,SERPINE1,167.2,-5.745,0.4424,SERPINE1,0.5208,ITPKC,0.5529,2496.0,1993.0,1686.0
CHEMBL1215,PHENYLEPHRINE,SERPINE1,167.2,-5.745,0.4424,SERPINE1,0.5208,ITPKC,0.5529,2496.0,1993.0,1686.0
CHEMBL2106483,VILOXAZINE HYDROCHLORIDE,AXL,237.3,-5.639,0.4424,AXL,0.5184,AXL,0.6471,2499.0,2012.0,764.0
CHEMBL306700,VILOXAZINE,AXL,237.3,-5.639,0.4424,AXL,0.5184,AXL,0.6471,2499.0,2012.0,764.0
CHEMBL628,PENTOXIFYLLINE,MAPK14,278.3,-6.354,0.4418,MAPK14,0.4743,MAPK14,0.479,2501.0,2330.0,2240.0
CHEMBL677,LEVONORDEFRIN,SERPINE1,183.2,-6.071,0.4416,ADRA2A,0.5197,ADRA2A,0.5978,2502.0,2000.0,1245.0
CHEMBL20883,TEGAFUR,TNIK,200.2,-6.164,0.4416,MAPK14,0.5038,AXL,0.591,2503.0,2128.0,1329.0
CHEMBL877,TRANEXAMIC ACID,SERPINE1,157.2,-5.74,0.4411,SERPINE1,0.5248,SERPINE1,0.5184,2504.0,1956.0,1977.0
CHEMBL3547132,FLUORODOPA,SERPINE1,215.2,-6.313,0.4411,SERPINE1,0.4954,VASH2,0.5209,2505.0,2188.0,1963.0
CHEMBL3400972,FLUORODOPA F 18,SERPINE1,214.2,-6.313,0.4411,SERPINE1,0.4957,VASH2,0.5209,2505.0,2186.0,1963.0
CHEMBL894,BUPROPION,TNIK,239.7,-5.954,0.4396,AXL,0.5101,AXL,0.6416,2507.0,2085.0,817.0
CHEMBL1698,BUPROPION HYDROCHLORIDE,TNIK,239.7,-5.954,0.4396,AXL,0.5101,AXL,0.6416,2507.0,2085.0,817.0
CHEMBL1201735,BUPROPION HYDROBROMIDE,TNIK,239.7,-5.954,0.4396,AXL,0.5101,AXL,0.6416,2507.0,2085.0,817.0
CHEMBL1089,PHENELZINE,SERPINE1,136.2,-5.606,0.4394,SERPINE1,0.5273,ACVR1,0.528,2510.0,1933.0,1910.0
CHEMBL1104,EDROPHONIUM,MAPK14,166.2,-6.021,0.439,MAPK14,0.5179,MAPK14,0.563,2511.0,2018.0,1604.0
CHEMBL1128,EDROPHONIUM CHLORIDE,MAPK14,166.2,-6.021,0.439,MAPK14,0.5179,MAPK14,0.563,2511.0,2018.0,1604.0
CHEMBL996,CEFOXITIN,SLC2A1,427.5,-7.803,0.4385,GALNS,0.3898,AXL,0.3248,2513.0,2686.0,2938.0
CHEMBL188921,BUFLOMEDIL,SLC2A1,307.4,-6.833,0.4377,SLC2A1,0.4369,SLC2A1,0.4499,2514.0,2488.0,2409.0
CHEMBL1200656,NATAMYCIN,AXL,665.7,-7.113,0.4377,TNIK,0.2348,AXL,0.2999,2515.0,3031.0,2989.0
CHEMBL1199307,DISTIGMINE,ACVR1,416.5,-7.279,0.4375,ACVR1,0.3946,ACVR1,0.3309,2516.0,2661.0,2909.0
CHEMBL1098285,DISTIGMINE BROMIDE,ACVR1,416.5,-7.279,0.4375,ACVR1,0.3946,ACVR1,0.3309,2516.0,2661.0,2909.0
CHEMBL853,ZALCITABINE,SERPINE1,211.2,-6.044,0.4373,SERPINE1,0.5,VASH2,0.5508,2518.0,2161.0,1714.0
CHEMBL644,TRIMIPRAMINE,AXL,294.4,-5.593,0.4373,AXL,0.45,AXL,0.46,2519.0,2421.0,2355.0
CHEMBL803,CYTARABINE,SERPINE1,243.2,-6.291,0.4368,SERPINE1,0.4838,SLC2A1,0.5462,2520.0,2268.0,1762.0
CHEMBL1200523,CEFAZOLIN SODIUM,AXL,453.5,-6.717,0.4356,ACVR1,0.367,AXL,0.331,2521.0,2763.0,2908.0
CHEMBL951,IOPHENDYLATE,TNIK,416.3,-6.636,0.4356,TNIK,0.4198,TNIK,0.3726,2522.0,2570.0,2756.0
CHEMBL1201065,THIAMYLAL SODIUM,TNIK,253.3,-5.92,0.4354,SLC2A1,0.45,TNIK,0.4285,2523.0,2422.0,2518.0
CHEMBL4303232,CEFOTIAM HYDROCHLORIDE,ITPKC,525.6,-5.846,0.4345,ITPKC,0.3311,MAPK14,0.3244,2524.0,2867.0,2939.0
CHEMBL1296,CEFOTIAM,ITPKC,525.6,-5.846,0.4345,ITPKC,0.3311,MAPK14,0.3244,2524.0,2867.0,2939.0
CHEMBL704,MESALAMINE,SERPINE1,153.1,-5.812,0.4345,SERPINE1,0.5212,ITPKC,0.5192,2526.0,1987.0,1973.0
CHEMBL1514,LEVOMETHADYL ACETATE,GALNS,353.5,-6.326,0.4342,GALNS,0.4304,GALNS,0.3784,2527.0,2527.0,2728.0
CHEMBL1200817,LEVOMETHADYL ACETATE HYDROCHLORIDE,GALNS,353.5,-6.326,0.4342,GALNS,0.4304,GALNS,0.3784,2527.0,2527.0,2728.0
CHEMBL1200454,VALGANCICLOVIR HYDROCHLORIDE,TNIK,354.4,-6.966,0.4338,TNIK,0.4333,TNIK,0.404,2529.0,2513.0,2623.0
CHEMBL2103741,LEVOTHYROXINE SODIUM,AXL,775.9,-6.339,0.4338,TNIK,0.3168,TNIK,0.3835,2530.0,2903.0,2702.0
CHEMBL1195,PROPOXYCAINE,MAPK14,294.4,-5.973,0.4335,MAPK14,0.4507,MAPK14,0.4584,2531.0,2415.0,2368.0
CHEMBL229128,MEPHENESIN,TNIK,182.2,-5.893,0.4333,SLC2A1,0.487,SLC2A1,0.5654,2532.0,2250.0,1577.0
CHEMBL4594262,AMLODIPINE BENZOATE,AXL,408.9,-5.948,0.4333,TNIK,0.3784,TNIK,0.3445,2533.0,2720.0,2845.0
CHEMBL1491,AMLODIPINE,AXL,408.9,-5.948,0.4333,TNIK,0.3784,TNIK,0.3445,2533.0,2720.0,2845.0
CHEMBL1200984,AMLODIPINE MALEATE,AXL,408.9,-5.948,0.4333,TNIK,0.3784,TNIK,0.3445,2533.0,2720.0,2845.0
CHEMBL1200402,AMLODIPINE BESYLATE,AXL,408.9,-5.948,0.4333,TNIK,0.3784,TNIK,0.3445,2533.0,2720.0,2845.0
CHEMBL1201239,IODAMIDE,SLC2A1,627.9,-7.755,0.4332,SLC2A1,0.2727,SLC2A1,0.3152,2537.0,2987.0,2966.0
CHEMBL1201172,IODAMIDE MEGLUMINE,SLC2A1,627.9,-7.755,0.4332,SLC2A1,0.2727,SLC2A1,0.3152,2537.0,2987.0,2966.0
CHEMBL4297064,MILNACIPRAN HYDROCHLORIDE,ACVR1,246.4,-6.742,0.4332,SLC2A1,0.4889,ACVR1,0.4476,2539.0,2232.0,2421.0
CHEMBL1200530,CEFOXITIN SODIUM,AXL,426.5,-6.332,0.433,TNIK,0.406,TNIK,0.3621,2540.0,2620.0,2786.0
CHEMBL211471,NEOSTIGMINE METHYLSULFATE,TNIK,223.3,-5.889,0.4329,AXL,0.4948,AXL,0.6146,2541.0,2194.0,1091.0
CHEMBL278020,NEOSTIGMINE,TNIK,223.3,-5.889,0.4329,AXL,0.4948,AXL,0.6146,2541.0,2194.0,1091.0
CHEMBL2111097,LEVAMLODIPINE,AXL,408.9,-5.945,0.4324,AXL,0.3633,AXL,0.3209,2543.0,2774.0,2948.0
CHEMBL4594288,LEVAMLODIPINE MALEATE,AXL,408.9,-5.945,0.4324,AXL,0.3633,AXL,0.3209,2543.0,2774.0,2948.0
CHEMBL1435,CEFAZOLIN,ITPKC,454.5,-5.517,0.4323,ACVR1,0.3692,ITPKC,0.3396,2545.0,2758.0,2876.0
CHEMBL534,KETOTIFEN,AXL,309.4,-5.552,0.4321,AXL,0.4274,AXL,0.4503,2546.0,2537.0,2406.0
CHEMBL1541,CEFIXIME,ITPKC,453.5,-5.824,0.4317,ITPKC,0.3943,ITPKC,0.36,2547.0,2663.0,2799.0
CHEMBL1200358,SODIUM PHENYLACETATE,SERPINE1,135.1,-5.682,0.4317,SERPINE1,0.5234,SERPINE1,0.5113,2548.0,1965.0,2017.0
CHEMBL1555,GALANTAMINE HYDROBROMIDE,AXL,287.4,-5.548,0.4315,AXL,0.4495,AXL,0.4483,2549.0,2426.0,2417.0
CHEMBL659,GALANTAMINE,AXL,287.4,-5.548,0.4315,AXL,0.4495,AXL,0.4483,2549.0,2426.0,2417.0
CHEMBL499,TIMOLOL,SERPINE1,316.4,-5.788,0.4312,SERPINE1,0.4457,SERPINE1,0.4376,2551.0,2449.0,2464.0
CHEMBL1200870,TIMOLOL MALEATE,SERPINE1,316.4,-5.788,0.4312,SERPINE1,0.4457,SERPINE1,0.4376,2551.0,2449.0,2464.0
CHEMBL1539,SULFADOXINE,TNIK,310.3,-6.612,0.4312,TNIK,0.4366,TNIK,0.3951,2553.0,2490.0,2656.0
CHEMBL1477,CERIVASTATIN,ACVR1,459.6,-8.365,0.4312,ACVR1,0.3716,ACVR1,0.3494,2554.0,2742.0,2832.0
CHEMBL1208,CINOXACIN,AXL,262.2,-6.308,0.4311,AXL,0.5142,AXL,0.499,2555.0,2052.0,2097.0
CHEMBL316561,PROGLUMIDE,AXL,334.4,-5.93,0.431,ACVR1,0.4267,AXL,0.3754,2556.0,2538.0,2743.0
CHEMBL1585,PIPOBROMAN,MAPK14,356.1,-5.939,0.4309,MAPK14,0.4206,MAPK14,0.4032,2557.0,2566.0,2626.0
CHEMBL1518,PROPYLTHIOURACIL,TNIK,170.2,-5.872,0.4307,SERPINE1,0.4955,TNIK,0.5279,2558.0,2187.0,1911.0
CHEMBL1201046,CEFORANIDE,ITPKC,519.6,-6.172,0.4305,ITPKC,0.3712,ITPKC,0.3602,2559.0,2744.0,2797.0
CHEMBL1419,SIBUTRAMINE,SLC2A1,279.9,-7.008,0.4303,SLC2A1,0.4685,SLC2A1,0.4517,2560.0,2351.0,2400.0
CHEMBL3989830,SIBUTRAMINE HYDROCHLORIDE,SLC2A1,279.9,-7.008,0.4303,SLC2A1,0.4685,SLC2A1,0.4517,2560.0,2351.0,2400.0
CHEMBL107,COLCHICINE,ACVR1,399.4,-6.698,0.4293,ACVR1,0.3904,AXL,0.3443,2562.0,2682.0,2851.0
CHEMBL1238,AZELAIC ACID,TNIK,188.2,-5.863,0.4293,SERPINE1,0.4637,TNIK,0.5266,2563.0,2369.0,1918.0
CHEMBL108545,METHYL SALICYLATE,SERPINE1,152.1,-5.544,0.4287,SERPINE1,0.509,AXL,0.5342,2564.0,2094.0,1847.0
CHEMBL462394,METRIZAMIDE,SLC2A1,789.1,-8.559,0.4287,SLC2A1,0.1872,SLC2A1,0.2998,2565.0,3065.0,2990.0
CHEMBL1201161,MAFENIDE ACETATE,TNIK,186.2,-6.208,0.4282,SERPINE1,0.4788,TNIK,0.5402,2566.0,2303.0,1805.0
CHEMBL419,MAFENIDE,TNIK,186.2,-6.208,0.4282,SERPINE1,0.4788,TNIK,0.5402,2566.0,2303.0,1805.0
CHEMBL1618,CEFAMANDOLE NAFATE,AXL,489.5,-7.021,0.4282,SERPINE1,0.3748,TNIK,0.3676,2568.0,2731.0,2768.0
CHEMBL149972,PHENOBARBITAL SODIUM,AXL,231.2,-5.905,0.4279,AXL,0.5203,AXL,0.6341,2569.0,1998.0,897.0
CHEMBL319144,MINODRONIC ACID,TNIK,322.2,-6.921,0.4279,ITPKC,0.4373,SERPINE1,0.4121,2570.0,2485.0,2585.0
CHEMBL1200439,IODOHIPPURATE SODIUM I 123,MAPK14,300.1,-6.094,0.4276,MAPK14,0.4425,MAPK14,0.4527,2571.0,2460.0,2395.0
CHEMBL1200763,IODOHIPPURATE SODIUM I 131,MAPK14,308.1,-6.094,0.4276,MAPK14,0.4398,MAPK14,0.4527,2571.0,2473.0,2395.0
CHEMBL1744447,ROSUVASTATIN CALCIUM,SLC2A1,480.5,-8.113,0.4275,GALNS,0.3687,TNIK,0.3481,2573.0,2759.0,2836.0
CHEMBL1525826,SULFALENE,SERPINE1,280.3,-5.996,0.4275,SERPINE1,0.4595,SERPINE1,0.4757,2574.0,2385.0,2272.0
CHEMBL1663,PERFLUTREN,TNIK,188.0,-5.84,0.4275,MAPK14,0.4894,MAPK14,0.5379,2575.0,2228.0,1821.0
CHEMBL537,HYDROQUINONE,MAPK14,110.1,-5.911,0.4272,MAPK14,0.5294,MAPK14,0.5412,2576.0,1915.0,1793.0
CHEMBL1730,CEFOTAXIME,AXL,455.5,-6.651,0.427,AXL,0.3405,AXL,0.3167,2577.0,2846.0,2962.0
CHEMBL3545058,DEXTROTHYROXINE SODIUM,AXL,775.9,-6.265,0.4268,TNIK,0.3157,TNIK,0.3825,2578.0,2905.0,2707.0
CHEMBL334966,CANGRELOR,ITPKC,776.4,-5.779,0.4262,MAPK14,0.2134,GALNS,0.3179,2579.0,3057.0,2960.0
CHEMBL2107817,AVIBACTAM SODIUM,ITPKC,264.2,-5.236,0.4261,ITPKC,0.5103,ITPKC,0.5062,2580.0,2082.0,2055.0
CHEMBL1200353,MEGLUMINE METRIZOATE,SLC2A1,627.9,-7.176,0.426,SLC2A1,0.3065,SLC2A1,0.3309,2581.0,2930.0,2911.0
CHEMBL1736,METRIZOIC ACID,SLC2A1,627.9,-7.176,0.426,SLC2A1,0.3065,SLC2A1,0.3309,2581.0,2930.0,2911.0
CHEMBL269644,ACETANILIDE,TNIK,135.2,-5.824,0.4256,MAPK14,0.5069,MAPK14,0.5314,2583.0,2111.0,1877.0
CHEMBL738,THIOPENTAL SODIUM,SLC2A1,241.3,-6.664,0.4255,SLC2A1,0.4853,SLC2A1,0.6256,2584.0,2260.0,972.0
CHEMBL1200819,ARTICAINE HYDROCHLORIDE,TNIK,284.4,-5.82,0.4249,SLC2A1,0.4345,SLC2A1,0.4224,2585.0,2503.0,2535.0
CHEMBL1093,ARTICAINE,TNIK,284.4,-5.82,0.4249,SLC2A1,0.4345,SLC2A1,0.4224,2585.0,2503.0,2535.0
CHEMBL559,DEXTROTHYROXINE,AXL,776.9,-6.63,0.4248,TNIK,0.2692,VASH2,0.3289,2587.0,3000.0,2919.0
CHEMBL1083993,AMIODARONE HYDROCHLORIDE,GALNS,645.3,-7.026,0.4237,TNIK,0.2909,TNIK,0.3386,2588.0,2958.0,2881.0
CHEMBL633,AMIODARONE,GALNS,645.3,-7.026,0.4237,TNIK,0.2909,TNIK,0.3386,2588.0,2958.0,2881.0
CHEMBL74632,MOXALACTAM,MAPK14,520.5,-7.45,0.4233,MAPK14,0.3663,MAPK14,0.3625,2590.0,2765.0,2784.0
CHEMBL1200606,MEXILETINE HYDROCHLORIDE,MAPK14,179.3,-5.879,0.4232,SLC2A1,0.4922,SLC2A1,0.5664,2591.0,2213.0,1567.0
CHEMBL558,MEXILETINE,MAPK14,179.3,-5.879,0.4232,SLC2A1,0.4922,SLC2A1,0.5664,2591.0,2213.0,1567.0
CHEMBL501122,CEFTAROLINE FOSAMIL,SLC2A1,684.7,-8.945,0.4232,MAPK14,0.2044,SLC2A1,0.2948,2593.0,3060.0,3003.0
CHEMBL1200686,PIMECROLIMUS,AXL,810.5,-6.62,0.4232,SLC2A1,0.2205,ACVR1,0.2925,2594.0,3043.0,3012.0
CHEMBL1200729,CHLORAMPHENICOL SODIUM SUCCINATE,MAPK14,422.2,-6.762,0.4226,MAPK14,0.3864,MAPK14,0.3462,2595.0,2695.0,2841.0
CHEMBL1200616,CHLOROTHIAZIDE SODIUM,MAPK14,294.7,-6.5,0.4225,MAPK14,0.4501,MAPK14,0.4601,2596.0,2420.0,2354.0
CHEMBL940,GABAPENTIN,TNIK,171.2,-5.792,0.4225,VASH2,0.5171,VASH2,0.5839,2597.0,2025.0,1409.0
CHEMBL220491,BRINZOLAMIDE,SLC2A1,383.5,-7.589,0.4218,SLC2A1,0.3701,SLC2A1,0.3054,2598.0,2749.0,2979.0
CHEMBL1201156,NORTRIPTYLINE HYDROCHLORIDE,SLC2A1,263.4,-6.623,0.4217,SLC2A1,0.4549,SLC2A1,0.4237,2599.0,2399.0,2532.0
CHEMBL766,CILASTATIN,MAPK14,358.5,-6.75,0.4212,MAPK14,0.4179,MAPK14,0.4023,2600.0,2575.0,2628.0
CHEMBL1685,DEZOCINE,SLC2A1,245.4,-6.616,0.4206,SLC2A1,0.4745,SLC2A1,0.6181,2601.0,2329.0,1059.0
CHEMBL2105732,LEVOMILNACIPRAN HYDROCHLORIDE,AXL,246.4,-5.455,0.4206,AXL,0.4752,MAPK14,0.4273,2602.0,2327.0,2519.0
CHEMBL99946,LEVOMILNACIPRAN,AXL,246.4,-5.455,0.4206,AXL,0.4752,MAPK14,0.4273,2602.0,2327.0,2519.0
CHEMBL19236,MOXONIDINE,MAPK14,241.7,-6.192,0.4205,SLC2A1,0.4757,SLC2A1,0.6093,2604.0,2321.0,1133.0
CHEMBL289480,RILMENIDINE,ADRA2A,180.3,-5.653,0.4205,ADRA2A,0.4732,ADRA2A,0.5412,2605.0,2334.0,1794.0
CHEMBL3989551,LINCOMYCIN HYDROCHLORIDE,AXL,406.5,-6.591,0.42,TNIK,0.3924,TNIK,0.3441,2606.0,2675.0,2854.0
CHEMBL1447,LINCOMYCIN,AXL,406.5,-6.591,0.42,TNIK,0.3924,TNIK,0.3441,2606.0,2675.0,2854.0
CHEMBL87992,ESLICARBAZEPINE ACETATE,ACVR1,296.3,-6.583,0.42,ACVR1,0.4348,ACVR1,0.4272,2608.0,2500.0,2521.0
CHEMBL1200895,PHENELZINE SULFATE,SERPINE1,136.2,-5.606,0.4194,SERPINE1,0.5073,ACVR1,0.508,2609.0,2109.0,2042.0
CHEMBL1201119,LIOTHYRONINE SODIUM,GALNS,650.0,-6.69,0.4191,TNIK,0.3212,TNIK,0.3665,2610.0,2892.0,2773.0
CHEMBL184,ACYCLOVIR,ITPKC,225.2,-5.185,0.419,ITPKC,0.5303,ITPKC,0.58,2611.0,1909.0,1446.0
CHEMBL6622,ISOSORBIDE DINITRATE,SERPINE1,236.1,-5.954,0.419,SERPINE1,0.4729,SERPINE1,0.5033,2612.0,2337.0,2073.0
CHEMBL1115,PYRIDOSTIGMINE,SERPINE1,181.2,-5.598,0.4177,SERPINE1,0.486,SERPINE1,0.4914,2613.0,2255.0,2158.0
CHEMBL812,PYRIDOSTIGMINE BROMIDE,SERPINE1,181.2,-5.598,0.4177,SERPINE1,0.486,SERPINE1,0.4914,2613.0,2255.0,2158.0
CHEMBL1201774,SAPROPTERIN,MAPK14,241.3,-6.727,0.4173,ITPKC,0.5104,SLC2A1,0.571,2615.0,2081.0,1522.0
CHEMBL1200948,TRIMIPRAMINE MALEATE,AXL,294.4,-5.593,0.4173,AXL,0.43,AXL,0.44,2616.0,2529.0,2454.0
CHEMBL2110816,BUTRIPTYLINE,ACVR1,293.5,-6.808,0.4171,ACVR1,0.4406,ACVR1,0.4357,2617.0,2466.0,2478.0
CHEMBL1437,NOREPINEPHRINE,SERPINE1,169.2,-5.765,0.4168,SERPINE1,0.4946,ADRA2A,0.5357,2618.0,2197.0,1840.0
CHEMBL1201218,CEFAMANDOLE NAFATE FREE BASE,SLC2A1,490.5,-8.406,0.4168,ADRA2A,0.3403,ADRA2A,0.3303,2619.0,2847.0,2915.0
CHEMBL315985,ESLICARBAZEPINE,ACVR1,254.3,-6.539,0.4163,ITPKC,0.4642,MAPK14,0.4315,2620.0,2365.0,2500.0
CHEMBL163,RITONAVIR,SLC2A1,721.0,-8.845,0.4161,ACVR1,0.1908,ACVR1,0.3267,2621.0,3064.0,2927.0
CHEMBL1753,CLINDAMYCIN,MAPK14,425.0,-6.719,0.4158,MAPK14,0.3796,MAPK14,0.3374,2622.0,2713.0,2885.0
CHEMBL1200588,CLINDAMYCIN HYDROCHLORIDE,MAPK14,425.0,-6.719,0.4158,MAPK14,0.3796,MAPK14,0.3374,2622.0,2713.0,2885.0
CHEMBL314437,MEPTAZINOL,AXL,233.4,-4.609,0.4151,AXL,0.4332,AXL,0.5221,2624.0,2515.0,1958.0
CHEMBL1200694,SEVOFLURANE,TNIK,200.1,-5.688,0.4149,MAPK14,0.4498,MAPK14,0.5021,2625.0,2423.0,2083.0
CHEMBL1068,OXCARBAZEPINE,ACVR1,252.3,-6.517,0.4145,ACVR1,0.4556,ACVR1,0.4187,2626.0,2394.0,2554.0
CHEMBL679,EPINEPHRINE,SERPINE1,183.2,-5.927,0.4144,ADRA2A,0.4947,ADRA2A,0.5805,2627.0,2196.0,1443.0
CHEMBL1256958,EPINEPHRINE BITARTRATE,SERPINE1,183.2,-5.927,0.4144,SERPINE1,0.4888,ITPKC,0.5179,2627.0,2235.0,1979.0
CHEMBL3237547,CEDAZURIDINE,MAPK14,268.2,-6.715,0.4144,SLC2A1,0.4696,MAPK14,0.4665,2629.0,2347.0,2327.0
CHEMBL1643,RIBAVIRIN,SERPINE1,244.2,-6.154,0.4141,SERPINE1,0.4654,AXL,0.5131,2630.0,2360.0,2005.0
CHEMBL1200805,DILTIAZEM MALATE,AXL,414.5,-5.368,0.4138,ACVR1,0.3694,AXL,0.343,2631.0,2754.0,2862.0
CHEMBL23,DILTIAZEM,AXL,414.5,-5.368,0.4138,ACVR1,0.3694,AXL,0.343,2631.0,2754.0,2862.0
CHEMBL1697,DILTIAZEM HYDROCHLORIDE,AXL,414.5,-5.368,0.4138,ACVR1,0.3694,AXL,0.343,2631.0,2754.0,2862.0
CHEMBL1560089,XANTHINOL NIACINATE,MAPK14,311.3,-6.438,0.4136,MAPK14,0.4306,MAPK14,0.391,2634.0,2524.0,2672.0
CHEMBL1624126,XANTHINOL,MAPK14,311.3,-6.438,0.4136,MAPK14,0.4306,MAPK14,0.391,2634.0,2524.0,2672.0
CHEMBL1769,PROPOXYCAINE HYDROCHLORIDE,MAPK14,294.4,-5.973,0.4135,MAPK14,0.4307,MAPK14,0.4384,2636.0,2521.0,2457.0
CHEMBL6966,VERAPAMIL,SLC2A1,454.6,-7.961,0.4134,TNIK,0.3513,TNIK,0.3112,2637.0,2806.0,2975.0
CHEMBL1280,VERAPAMIL HYDROCHLORIDE,SLC2A1,454.6,-7.961,0.4134,TNIK,0.3513,TNIK,0.3112,2637.0,2806.0,2975.0
CHEMBL1059,PREGABALIN,TNIK,159.2,-5.664,0.4128,TNIK,0.4386,TNIK,0.4989,2639.0,2478.0,2098.0
CHEMBL435,HYDROCHLOROTHIAZIDE,MAPK14,297.7,-6.429,0.4127,MAPK14,0.437,MAPK14,0.4501,2640.0,2487.0,2408.0
CHEMBL495,ALPROSTADIL,TNIK,354.5,-6.473,0.4125,TNIK,0.4125,TNIK,0.3737,2641.0,2596.0,2749.0
CHEMBL1681,IODOHIPPURATE,TNIK,305.1,-5.651,0.4122,MAPK14,0.4183,MAPK14,0.4212,2642.0,2574.0,2542.0
CHEMBL1633,KETOTIFEN FUMARATE,AXL,309.4,-5.552,0.4121,AXL,0.4074,AXL,0.4303,2643.0,2615.0,2508.0
CHEMBL28333,MEDAZEPAM,ACVR1,270.8,-6.471,0.4121,ACVR1,0.4384,ACVR1,0.4155,2644.0,2479.0,2572.0
CHEMBL4298137,DURLOBACTAM,ITPKC,277.3,-5.139,0.4117,ITPKC,0.4808,ITPKC,0.4835,2645.0,2297.0,2210.0
CHEMBL1190,DECAMETHONIUM,TNIK,258.5,-5.64,0.4113,TNIK,0.4215,TNIK,0.3987,2646.0,2560.0,2643.0
CHEMBL1201345,TETRADECYL SULFURIC ACID,TNIK,294.5,-6.239,0.4111,TNIK,0.4164,TNIK,0.4112,2647.0,2579.0,2589.0
CHEMBL1200514,DEMECARIUM BROMIDE,TNIK,556.8,-6.74,0.4109,TNIK,0.362,TNIK,0.3857,2648.0,2781.0,2692.0
CHEMBL1201229,DEMECARIUM,TNIK,556.8,-6.74,0.4109,TNIK,0.362,TNIK,0.3857,2648.0,2781.0,2692.0
CHEMBL3545252,DOCETAXEL,AXL,807.9,-6.503,0.4104,AXL,0.2182,AXL,0.2808,2650.0,3050.0,3023.0
CHEMBL922,ADEFOVIR DIPIVOXIL,MAPK14,501.5,-6.67,0.4103,MAPK14,0.336,TNIK,0.352,2651.0,2853.0,2828.0
CHEMBL113,CAFFEINE,MAPK14,194.2,-5.776,0.4099,MAPK14,0.4664,AXL,0.5326,2652.0,2358.0,1860.0
CHEMBL2355839,ISOMETHEPTENE MUCATE,TNIK,141.3,-5.62,0.4091,TNIK,0.438,TNIK,0.4931,2653.0,2481.0,2139.0
CHEMBL1697841,ISOMETHEPTENE,TNIK,141.3,-5.62,0.4091,TNIK,0.438,TNIK,0.4931,2653.0,2481.0,2139.0
CHEMBL193,NIFEDIPINE,AXL,346.3,-5.716,0.4089,TNIK,0.4029,TNIK,0.3632,2655.0,2636.0,2781.0
CHEMBL1200982,BUTABARBITAL SODIUM,SLC2A1,211.2,-6.462,0.4088,SLC2A1,0.4928,SLC2A1,0.5921,2656.0,2209.0,1305.0
CHEMBL3989529,ETHANOLAMINE OLEATE,TNIK,282.5,-6.213,0.4087,TNIK,0.4156,TNIK,0.4059,2657.0,2581.0,2611.0
CHEMBL2068723,CALCIUM METRIZOATE,SLC2A1,626.9,-6.968,0.4084,SLC2A1,0.3037,SLC2A1,0.326,2658.0,2936.0,2928.0
CHEMBL2364738,METRIZOATE MAGNESIUM,SLC2A1,626.9,-6.968,0.4084,SLC2A1,0.3037,SLC2A1,0.326,2658.0,2936.0,2928.0
CHEMBL1200423,METRIZOATE SODIUM,SLC2A1,626.9,-6.968,0.4084,SLC2A1,0.3037,SLC2A1,0.326,2658.0,2936.0,2928.0
CHEMBL1200850,GANCICLOVIR SODIUM,SERPINE1,254.2,-5.882,0.4082,ITPKC,0.4564,SERPINE1,0.455,2661.0,2390.0,2381.0
CHEMBL538943,VINORELBINE TARTRATE,AXL,778.9,-6.482,0.4082,AXL,0.2202,AXL,0.2789,2662.0,3045.0,3026.0
CHEMBL553025,VINORELBINE,AXL,778.9,-6.482,0.4082,AXL,0.2202,AXL,0.2789,2662.0,3045.0,3026.0
CHEMBL1200964,AMITRIPTYLINE HYDROCHLORIDE,AXL,277.4,-5.524,0.4079,AXL,0.4371,AXL,0.418,2664.0,2486.0,2559.0
CHEMBL1256696,CARBETAPENTANE CITRATE,SLC2A1,333.5,-6.687,0.4079,MAPK14,0.4051,MAPK14,0.3783,2665.0,2625.0,2731.0
CHEMBL73234,CARBETAPENTANE,SLC2A1,333.5,-6.687,0.4079,MAPK14,0.4051,MAPK14,0.3783,2665.0,2625.0,2731.0
CHEMBL1200778,DEXRAZOXANE HYDROCHLORIDE,ITPKC,268.3,-5.116,0.4077,ITPKC,0.4831,ITPKC,0.4786,2667.0,2274.0,2243.0
CHEMBL1738,DEXRAZOXANE,ITPKC,268.3,-5.116,0.4077,ITPKC,0.4831,ITPKC,0.4786,2667.0,2274.0,2243.0
CHEMBL72,DESIPRAMINE,SLC2A1,266.4,-6.45,0.4076,SLC2A1,0.4324,SLC2A1,0.4003,2669.0,2516.0,2636.0
CHEMBL1696,DESIPRAMINE HYDROCHLORIDE,SLC2A1,266.4,-6.45,0.4076,SLC2A1,0.4324,SLC2A1,0.4003,2669.0,2516.0,2636.0
CHEMBL415,CLOMIPRAMINE,ACVR1,314.9,-6.397,0.4066,ACVR1,0.4053,ACVR1,0.3505,2671.0,2622.0,2829.0
CHEMBL932,DIPYRIDAMOLE,ITPKC,504.6,-5.942,0.4066,ITPKC,0.3348,ITPKC,0.3008,2672.0,2858.0,2987.0
CHEMBL182,GANCICLOVIR,ITPKC,255.2,-5.354,0.4059,ITPKC,0.4982,ITPKC,0.496,2673.0,2175.0,2118.0
CHEMBL1255739,METHAPYRILENE HYDROCHLORIDE,AXL,261.4,-5.296,0.4058,AXL,0.434,AXL,0.3974,2674.0,2505.0,2647.0
CHEMBL3187246,METHAPYRILENE FUMARATE,AXL,261.4,-5.296,0.4058,AXL,0.434,AXL,0.3974,2674.0,2505.0,2647.0
CHEMBL1411979,METHAPYRILENE,AXL,261.4,-5.296,0.4058,AXL,0.434,AXL,0.3974,2674.0,2505.0,2647.0
CHEMBL221722,FAVIPIRAVIR,SERPINE1,157.1,-5.639,0.4057,SERPINE1,0.4841,MAPK14,0.4849,2677.0,2266.0,2201.0
CHEMBL1201117,METHOCARBAMOL,MAPK14,241.2,-6.154,0.4056,MAPK14,0.453,MAPK14,0.5334,2678.0,2406.0,1852.0
CHEMBL2079793,PENCICLOVIR SODIUM,SERPINE1,252.3,-5.865,0.4051,SERPINE1,0.4468,SERPINE1,0.4465,2679.0,2444.0,2427.0
CHEMBL2107381,URIDINE TRIACETATE,ACVR1,370.3,-7.345,0.4046,ACVR1,0.3924,ITPKC,0.3466,2680.0,2677.0,2839.0
CHEMBL515914,AZARIBINE,SLC2A1,371.3,-7.41,0.4044,ACVR1,0.3768,ITPKC,0.3446,2681.0,2727.0,2844.0
CHEMBL1639,ALISKIREN,AXL,551.8,-6.778,0.4043,TNIK,0.3012,TNIK,0.3257,2682.0,2946.0,2931.0
CHEMBL3545059,ALISKIREN FUMARATE,AXL,551.8,-6.778,0.4043,TNIK,0.3012,TNIK,0.3257,2682.0,2946.0,2931.0
CHEMBL969,PRAZEPAM,ADRA2A,324.8,-6.748,0.4034,ADRA2A,0.4029,AXL,0.3568,2684.0,2635.0,2808.0
CHEMBL1201112,NELARABINE,ITPKC,297.3,-5.339,0.4032,ITPKC,0.4634,ITPKC,0.4937,2685.0,2372.0,2133.0
CHEMBL11,IMIPRAMINE,AXL,280.4,-5.254,0.4025,AXL,0.413,AXL,0.3906,2686.0,2594.0,2676.0
CHEMBL1692,IMIPRAMINE HYDROCHLORIDE,AXL,280.4,-5.254,0.4025,AXL,0.413,AXL,0.3906,2686.0,2594.0,2676.0
CHEMBL1658,RETAPAMULIN,AXL,517.8,-6.032,0.4025,AXL,0.2844,AXL,0.2996,2688.0,2964.0,2993.0
CHEMBL1356,SODIUM BENZOATE,SERPINE1,121.1,-5.499,0.4022,SERPINE1,0.4923,SERPINE1,0.4804,2689.0,2211.0,2226.0
CHEMBL788,IDOXURIDINE,VASH2,354.1,-6.676,0.4016,VASH2,0.407,VASH2,0.3737,2690.0,2618.0,2750.0
CHEMBL1201243,IPODATE,SLC2A1,598.0,-6.866,0.4006,ACVR1,0.3065,ACVR1,0.3313,2691.0,2929.0,2907.0
CHEMBL1650818,AMDINOCILLIN PIVOXIL,AXL,439.6,-5.227,0.4001,TNIK,0.384,TNIK,0.3605,2692.0,2703.0,2795.0
CHEMBL1201162,DORZOLAMIDE HYDROCHLORIDE,SLC2A1,324.4,-7.378,0.4001,SLC2A1,0.4092,SLC2A1,0.3406,2693.0,2604.0,2873.0
CHEMBL218490,DORZOLAMIDE,SLC2A1,324.4,-7.378,0.4001,SLC2A1,0.4092,SLC2A1,0.3406,2693.0,2604.0,2873.0
CHEMBL1488,URACIL MUSTARD,SERPINE1,252.1,-5.349,0.399,SERPINE1,0.4304,SERPINE1,0.4267,2695.0,2526.0,2523.0
CHEMBL363392,MARALIXIBAT,MAPK14,675.0,-6.615,0.3987,MAPK14,0.2661,MAPK14,0.3291,2696.0,3007.0,2917.0
CHEMBL17879,MARALIXIBAT CHLORIDE,MAPK14,675.0,-6.615,0.3987,MAPK14,0.2661,MAPK14,0.3291,2696.0,3007.0,2917.0
CHEMBL1588,THIAMINE,SLC2A1,265.4,-6.83,0.3975,ITPKC,0.4514,ITPKC,0.4418,2698.0,2412.0,2443.0
CHEMBL1547,THIAMINE ION,SLC2A1,265.4,-6.83,0.3975,ITPKC,0.4514,ITPKC,0.4418,2698.0,2412.0,2443.0
CHEMBL1200941,THIAMINE HYDROCHLORIDE,SLC2A1,265.4,-6.83,0.3975,ITPKC,0.4514,ITPKC,0.4418,2698.0,2412.0,2443.0
CHEMBL1233,CARISOPRODOL,TNIK,260.3,-5.934,0.3965,TNIK,0.4086,TNIK,0.3892,2701.0,2607.0,2680.0
CHEMBL1723241,SULFACETAMIDE SODIUM,TNIK,213.2,-6.298,0.3958,MAPK14,0.4464,MAPK14,0.5132,2702.0,2446.0,2002.0
CHEMBL1201785,HEXAMINOLEVULINATE HYDROCHLORIDE,TNIK,215.3,-5.696,0.3958,TNIK,0.4125,TNIK,0.4848,2703.0,2597.0,2204.0
CHEMBL1201784,HEXAMINOLEVULINATE,TNIK,215.3,-5.696,0.3958,TNIK,0.4125,TNIK,0.4848,2703.0,2597.0,2204.0
CHEMBL1515611,BROMISOVALUM,MAPK14,223.1,-5.991,0.3957,MAPK14,0.4452,MAPK14,0.5161,2705.0,2451.0,1985.0
CHEMBL64,ISONIAZID,SERPINE1,137.1,-5.459,0.3956,SERPINE1,0.4783,AXL,0.4889,2706.0,2307.0,2176.0
CHEMBL1201220,DIATRIZOIC ACID,SLC2A1,613.9,-7.338,0.3952,ACVR1,0.2692,ACVR1,0.3004,2707.0,2999.0,2988.0
CHEMBL880,FAMCICLOVIR,MAPK14,321.3,-6.317,0.3949,MAPK14,0.4081,MAPK14,0.3726,2708.0,2611.0,2755.0
CHEMBL477,ADENOSINE,ITPKC,267.2,-5.299,0.3946,ITPKC,0.4813,ITPKC,0.4791,2709.0,2295.0,2239.0
CHEMBL444,BARBITAL,MAPK14,184.2,-5.975,0.3942,MAPK14,0.4631,MAPK14,0.5113,2710.0,2373.0,2018.0
CHEMBL441,THIOPENTAL,AXL,242.3,-5.136,0.3941,ITPKC,0.4471,ITPKC,0.567,2711.0,2443.0,1556.0
CHEMBL1201103,METHOXAMINE HYDROCHLORIDE,MAPK14,211.3,-5.593,0.3938,SLC2A1,0.4388,AXL,0.543,2712.0,2476.0,1785.0
CHEMBL524,METHOXAMINE,MAPK14,211.3,-5.593,0.3938,SLC2A1,0.4388,AXL,0.543,2712.0,2476.0,1785.0
CHEMBL842,CHLOROTHIAZIDE,TNIK,295.7,-6.285,0.3937,SLC2A1,0.4246,SLC2A1,0.4296,2714.0,2542.0,2512.0
CHEMBL720,BENZYL ALCOHOL,MAPK14,108.1,-5.586,0.3932,MAPK14,0.4791,MAPK14,0.4898,2715.0,2302.0,2167.0
CHEMBL514,LOMUSTINE,TNIK,233.7,-5.377,0.3931,MAPK14,0.4228,AXL,0.5248,2716.0,2552.0,1935.0
CHEMBL3989725,LODOXAMIDE TROMETHAMINE,VASH2,311.6,-6.905,0.393,VASH2,0.4284,VASH2,0.3727,2717.0,2532.0,2753.0
CHEMBL1201266,LODOXAMIDE,VASH2,311.6,-6.905,0.393,VASH2,0.4284,VASH2,0.3727,2717.0,2532.0,2753.0
CHEMBL1542,AZATHIOPRINE,AXL,277.3,-5.557,0.393,AXL,0.422,AXL,0.4113,2719.0,2555.0,2588.0
CHEMBL4297378,DURLOBACTAM SODIUM,TNIK,276.3,-6.268,0.3928,ITPKC,0.4428,ITPKC,0.4433,2720.0,2457.0,2437.0
CHEMBL1200922,MEBUTAMATE,MAPK14,232.3,-5.959,0.3927,MAPK14,0.4366,MAPK14,0.5096,2721.0,2491.0,2026.0
CHEMBL696,ETHOSUXIMIDE,MAPK14,141.2,-5.576,0.3926,VASH2,0.4866,VASH2,0.5365,2722.0,2253.0,1833.0
CHEMBL3989944,DIROXIMEL FUMARATE,TNIK,255.2,-5.888,0.3925,TNIK,0.4048,SERPINE1,0.3974,2723.0,2627.0,2650.0
CHEMBL296306,LACTULOSE,ITPKC,342.3,-5.285,0.3921,ITPKC,0.4147,ITPKC,0.3887,2724.0,2587.0,2681.0
CHEMBL141,LAMIVUDINE,TNIK,229.3,-6.255,0.3919,ITPKC,0.4478,ITPKC,0.5417,2725.0,2442.0,1790.0
CHEMBL1905872,DOCUSATE SODIUM,TNIK,421.6,-6.249,0.3915,TNIK,0.3724,TNIK,0.3285,2726.0,2737.0,2923.0
CHEMBL1134,DECAMETHONIUM BROMIDE,TNIK,258.5,-5.64,0.3913,TNIK,0.4015,TNIK,0.3787,2727.0,2638.0,2727.0
CHEMBL1201016,CEFPODOXIME PROXETIL,AXL,557.6,-6.695,0.3913,AXL,0.229,AXL,0.2568,2728.0,3033.0,3051.0
CHEMBL544,MEQUINOL,SERPINE1,124.1,-5.302,0.3909,SERPINE1,0.4757,MAPK14,0.4683,2729.0,2322.0,2317.0
CHEMBL2105613,DIVALPROEX SODIUM,TNIK,144.2,-5.334,0.3908,TNIK,0.4141,TNIK,0.4683,2730.0,2589.0,2314.0
CHEMBL109,VALPROIC ACID,TNIK,144.2,-5.334,0.3908,TNIK,0.4141,TNIK,0.4683,2730.0,2589.0,2314.0
CHEMBL1256,ISOFLURANE,TNIK,184.5,-5.33,0.3901,TNIK,0.4086,TNIK,0.4648,2732.0,2606.0,2334.0
CHEMBL1200569,CAFFEINE CITRATE,MAPK14,194.2,-5.776,0.3899,MAPK14,0.4464,AXL,0.5126,2733.0,2447.0,2009.0
CHEMBL817,TOLAZAMIDE,TNIK,311.4,-5.329,0.3899,TNIK,0.3922,MAPK14,0.3567,2734.0,2678.0,2809.0
CHEMBL2105904,BARBITAL SODIUM,MAPK14,183.2,-5.923,0.3898,MAPK14,0.4549,MAPK14,0.5083,2735.0,2398.0,2033.0
CHEMBL1201327,ACETRIZOIC ACID,SLC2A1,556.9,-6.7,0.3891,SLC2A1,0.3078,SLC2A1,0.3142,2736.0,2925.0,2968.0
CHEMBL1286,LEVETIRACETAM,MAPK14,170.2,-5.5,0.3871,MAPK14,0.4393,VASH2,0.4955,2737.0,2474.0,2119.0
CHEMBL1434513,NOREPINEPHRINE BITARTRATE,SERPINE1,169.2,-5.765,0.3868,SERPINE1,0.4646,ITPKC,0.501,2738.0,2362.0,2087.0
CHEMBL1257,ENFLURANE,TNIK,184.5,-5.261,0.3867,TNIK,0.4034,TNIK,0.4609,2739.0,2631.0,2349.0
CHEMBL1200710,CLOMIPRAMINE HYDROCHLORIDE,ACVR1,314.9,-6.397,0.3866,ACVR1,0.3853,ACVR1,0.3305,2740.0,2700.0,2914.0
CHEMBL4458276,ENMETAZOBACTAM,SLC2A1,314.3,-7.182,0.3865,SLC2A1,0.3939,SLC2A1,0.3232,2741.0,2667.0,2942.0
CHEMBL1025,ISOFLUROPHATE,TNIK,184.1,-5.257,0.3864,TNIK,0.4032,TNIK,0.4596,2742.0,2632.0,2356.0
CHEMBL1201057,CILASTATIN SODIUM,TNIK,357.5,-6.576,0.3863,TNIK,0.3853,TNIK,0.3493,2743.0,2701.0,2833.0
CHEMBL46286,OMACETAXINE MEPESUCCINATE,AXL,545.6,-6.262,0.3863,TNIK,0.2769,TNIK,0.3115,2744.0,2979.0,2974.0
CHEMBL1201261,TYROPANOIC ACID,SLC2A1,641.0,-7.165,0.3851,TNIK,0.2767,TNIK,0.3136,2745.0,2981.0,2970.0
CHEMBL971,PENTOBARBITAL SODIUM,TNIK,225.3,-5.821,0.3851,SLC2A1,0.4114,SLC2A1,0.5345,2746.0,2601.0,1846.0
CHEMBL17,DICHLORPHENAMIDE,MAPK14,305.2,-6.225,0.385,MAPK14,0.4005,ITPKC,0.4203,2747.0,2641.0,2544.0
CHEMBL2068725,IPODATE CALCIUM,ACVR1,597.0,-6.634,0.3846,TNIK,0.3065,TNIK,0.3323,2748.0,2927.0,2903.0
CHEMBL1201033,IPODATE SODIUM,ACVR1,597.0,-6.634,0.3846,TNIK,0.3065,TNIK,0.3323,2748.0,2927.0,2903.0
CHEMBL727,THIOGUANINE,ITPKC,167.2,-4.756,0.3843,ITPKC,0.5327,ITPKC,0.5768,2750.0,1890.0,1477.0
CHEMBL144673,HEXETIDINE,MAPK14,339.6,-6.056,0.3833,MAPK14,0.383,MAPK14,0.3615,2751.0,2707.0,2789.0
CHEMBL24441,BETAHISTINE,TNIK,136.2,-5.195,0.3827,SERPINE1,0.415,TNIK,0.4511,2752.0,2584.0,2403.0
CHEMBL1100,PARAMETHADIONE,TNIK,157.2,-5.195,0.3827,MAPK14,0.4219,MAPK14,0.4547,2752.0,2556.0,2383.0
CHEMBL1201131,PIPERONYL BUTOXIDE,TNIK,338.4,-5.533,0.3826,TNIK,0.3838,TNIK,0.3425,2754.0,2704.0,2869.0
CHEMBL89598,VIGABATRIN,MAPK14,129.2,-5.414,0.3826,ITPKC,0.4534,MAPK14,0.4693,2755.0,2404.0,2308.0
CHEMBL4297065,SPINOSAD,SLC2A1,746.0,-8.061,0.382,SLC2A1,0.1852,SLC2A1,0.2591,2756.0,3066.0,3050.0
CHEMBL1003,CLAVULANATE POTASSIUM,MAPK14,198.2,-5.871,0.3818,MAPK14,0.439,ITPKC,0.4981,2757.0,2475.0,2104.0
CHEMBL1026,FENOLDOPAM MESYLATE,AXL,305.8,-5.464,0.3815,AXL,0.3783,AXL,0.3837,2758.0,2724.0,2700.0
CHEMBL588,FENOLDOPAM,AXL,305.8,-5.464,0.3815,AXL,0.3783,AXL,0.3837,2758.0,2724.0,2700.0
CHEMBL1095930,CEFUROXIME AXETIL,SLC2A1,510.5,-8.054,0.3814,TNIK,0.2639,TNIK,0.2927,2760.0,3019.0,3011.0
CHEMBL530,AMDINOCILLIN,AXL,325.4,-4.914,0.3813,AXL,0.3673,AXL,0.3437,2761.0,2762.0,2858.0
CHEMBL1514715,ETHAMSYLATE,SERPINE1,190.2,-5.733,0.3802,SERPINE1,0.4485,ITPKC,0.4672,2762.0,2436.0,2318.0
CHEMBL1232131,DOBESILIC ACID,SERPINE1,190.2,-5.733,0.3802,SERPINE1,0.4485,ITPKC,0.4672,2762.0,2436.0,2318.0
CHEMBL1200733,DESFLURANE,SERPINE1,168.0,-5.221,0.3801,SERPINE1,0.4416,MAPK14,0.4612,2764.0,2461.0,2348.0
CHEMBL1752,DYPHYLLINE,MAPK14,254.2,-6.184,0.3787,MAPK14,0.4217,MAPK14,0.407,2765.0,2559.0,2605.0
CHEMBL21,SULFANILAMIDE,TNIK,172.2,-5.729,0.3785,VASH2,0.4336,VASH2,0.5069,2766.0,2511.0,2050.0
CHEMBL1500276,OXELADIN,SLC2A1,335.5,-6.27,0.3781,TNIK,0.3721,SLC2A1,0.3322,2767.0,2740.0,2905.0
CHEMBL923,RISEDRONIC ACID,SERPINE1,283.1,-5.948,0.378,SERPINE1,0.4101,SERPINE1,0.4247,2768.0,2602.0,2530.0
CHEMBL1200821,PROPYLIODONE,AXL,447.0,-4.845,0.3779,TNIK,0.3648,TNIK,0.344,2769.0,2768.0,2856.0
CHEMBL1237132,CLEVIDIPINE,AXL,456.3,-6.164,0.3766,TNIK,0.3431,TNIK,0.3049,2770.0,2833.0,2983.0
CHEMBL404,TAZOBACTAM,ITPKC,300.3,-4.953,0.376,ITPKC,0.4149,ITPKC,0.4375,2771.0,2586.0,2466.0
CHEMBL867,IOPANOIC ACID,SLC2A1,570.9,-6.572,0.3759,MAPK14,0.3108,MAPK14,0.3343,2772.0,2920.0,2895.0
CHEMBL1201314,VALGANCICLOVIR,SLC2A1,354.4,-7.522,0.3758,ITPKC,0.3703,ITPKC,0.3651,2773.0,2747.0,2776.0
CHEMBL19,METHAZOLAMIDE,SERPINE1,236.3,-5.695,0.3754,SERPINE1,0.4212,SERPINE1,0.4545,2774.0,2561.0,2385.0
CHEMBL2106660,ACEFYLLINE PIPERAZINE,MAPK14,238.2,-6.152,0.3752,MAPK14,0.4234,AXL,0.532,2775.0,2549.0,1868.0
CHEMBL70246,ACEFYLLINE,MAPK14,238.2,-6.152,0.3752,MAPK14,0.4234,AXL,0.532,2775.0,2549.0,1868.0
CHEMBL4297588,ODEVIXIBAT,SLC2A1,740.9,-8.392,0.3751,SLC2A1,0.1493,SLC2A1,0.2443,2777.0,3072.0,3057.0
CHEMBL5315120,ODEVIXIBAT SESQUIHYDRATE,SLC2A1,740.9,-8.392,0.3751,SLC2A1,0.1493,SLC2A1,0.2443,2777.0,3072.0,3057.0
CHEMBL433,VALPROATE SODIUM,TNIK,143.2,-5.413,0.3751,TNIK,0.4003,TNIK,0.4558,2779.0,2642.0,2379.0
CHEMBL30,CIMETIDINE,AXL,252.3,-5.371,0.3745,ITPKC,0.4398,ITPKC,0.4065,2780.0,2471.0,2608.0
CHEMBL1201051,CIMETIDINE HYDROCHLORIDE,AXL,252.3,-5.371,0.3745,ITPKC,0.4398,ITPKC,0.4065,2780.0,2471.0,2608.0
CHEMBL591,ETHCHLORVYNOL,TNIK,144.6,-5.054,0.3742,TNIK,0.3935,TNIK,0.4355,2782.0,2669.0,2479.0
CHEMBL684,DIETHYLCARBAMAZINE,MAPK14,199.3,-5.595,0.3742,MAPK14,0.4201,MAPK14,0.4724,2783.0,2567.0,2287.0
CHEMBL937,DIETHYLCARBAMAZINE CITRATE,MAPK14,199.3,-5.595,0.3742,MAPK14,0.4201,MAPK14,0.4724,2783.0,2567.0,2287.0
CHEMBL3989887,TACROLIMUS,ADRA2A,804.0,-7.649,0.3734,ACVR1,0.2064,ADRA2A,0.2742,2785.0,3059.0,3040.0
CHEMBL269732,TACROLIMUS ANHYDROUS,ADRA2A,804.0,-7.649,0.3734,AXL,0.2133,ADRA2A,0.2742,2785.0,3058.0,3040.0
CHEMBL980,GUAIFENESIN,TNIK,198.2,-5.365,0.3723,ITPKC,0.454,ITPKC,0.523,2787.0,2402.0,1953.0
CHEMBL2103739,EMEDASTINE DIFUMARATE,AXL,302.4,-4.736,0.372,TNIK,0.3706,TNIK,0.3554,2788.0,2745.0,2813.0
CHEMBL594,EMEDASTINE,AXL,302.4,-4.736,0.372,TNIK,0.3706,TNIK,0.3554,2788.0,2745.0,2813.0
CHEMBL1329455,MOLSIDOMINE,AXL,242.2,-5.352,0.3717,AXL,0.4238,AXL,0.5599,2790.0,2545.0,1624.0
CHEMBL1200578,THEOPHYLLINE SODIUM GLYCINATE,MAPK14,180.2,-5.778,0.3705,AXL,0.4503,AXL,0.5242,2791.0,2418.0,1944.0
CHEMBL1208646,THEOPHYLLINE GLYCINATE,MAPK14,180.2,-5.778,0.3705,AXL,0.4503,AXL,0.5242,2791.0,2418.0,1944.0
CHEMBL706,CETYL ALCOHOL,MAPK14,242.4,-5.928,0.37,MAPK14,0.4061,MAPK14,0.489,2793.0,2619.0,2175.0
CHEMBL43708,IMIPENEM,MAPK14,299.4,-6.412,0.37,MAPK14,0.3924,ITPKC,0.4075,2794.0,2673.0,2603.0
CHEMBL148,IMIPENEM ANHYDROUS,MAPK14,299.4,-6.412,0.37,MAPK14,0.3924,ITPKC,0.4075,2794.0,2673.0,2603.0
CHEMBL2106318,IOTHALAMATE SODIUM I 125,ACVR1,608.9,-6.991,0.3694,ACVR1,0.2699,ACVR1,0.2994,2796.0,2997.0,2995.0
CHEMBL1097620,IOTHALAMATE SODIUM,ACVR1,612.9,-6.991,0.3694,ACVR1,0.2689,ACVR1,0.2994,2796.0,3001.0,2995.0
CHEMBL403,SULBACTAM,MAPK14,233.2,-6.1,0.369,MAPK14,0.4175,SLC2A1,0.5023,2798.0,2577.0,2082.0
CHEMBL284906,NICORANDIL,SERPINE1,211.2,-5.664,0.369,SERPINE1,0.4255,SERPINE1,0.448,2799.0,2540.0,2419.0
CHEMBL36715,PIRACETAM,TNIK,142.2,-4.929,0.3686,SLC2A1,0.4051,TNIK,0.427,2800.0,2623.0,2522.0
CHEMBL1201300,IOTHALAMIC ACID,SLC2A1,613.9,-6.967,0.3681,SLC2A1,0.2653,TNIK,0.2907,2801.0,3010.0,3015.0
CHEMBL748,PRALIDOXIME CHLORIDE,TNIK,137.2,-5.288,0.3676,MAPK14,0.4248,MAPK14,0.4516,2802.0,2541.0,2402.0
CHEMBL88,CYCLOPHOSPHAMIDE ANHYDROUS,MAPK14,261.1,-5.22,0.3672,MAPK14,0.3802,MAPK14,0.3742,2803.0,2711.0,2746.0
CHEMBL1200796,CYCLOPHOSPHAMIDE,MAPK14,261.1,-5.22,0.3672,MAPK14,0.3802,MAPK14,0.3742,2803.0,2711.0,2746.0
CHEMBL1420,PRALIDOXIME,TNIK,137.2,-5.265,0.3668,MAPK14,0.4243,MAPK14,0.4509,2805.0,2543.0,2405.0
CHEMBL360328,LORCASERIN,MAPK14,195.7,-5.216,0.3667,MAPK14,0.3998,MAPK14,0.4381,2806.0,2644.0,2459.0
CHEMBL2095211,LORCASERIN HYDROCHLORIDE,MAPK14,195.7,-5.216,0.3667,MAPK14,0.3998,MAPK14,0.4381,2806.0,2644.0,2459.0
CHEMBL1560,CAPTOPRIL,TNIK,217.3,-5.258,0.3666,SERPINE1,0.3978,SLC2A1,0.4661,2808.0,2650.0,2329.0
CHEMBL719,MUPIROCIN,SLC2A1,500.6,-7.895,0.3666,TNIK,0.3091,TNIK,0.3225,2809.0,2923.0,2944.0
CHEMBL1200581,DIATRIZOATE SODIUM,SLC2A1,612.9,-6.949,0.3662,ACVR1,0.2653,ACVR1,0.2906,2810.0,3011.0,3016.0
CHEMBL378544,VINBLASTINE SULFATE,AXL,811.0,-5.684,0.3658,SLC2A1,0.2582,SERPINE1,0.2922,2811.0,3023.0,3013.0
CHEMBL159,VINBLASTINE,AXL,811.0,-5.684,0.3658,SLC2A1,0.2582,SERPINE1,0.2922,2811.0,3023.0,3013.0
CHEMBL964,DISULFIRAM,SLC2A1,296.6,-5.518,0.3657,SLC2A1,0.3643,SLC2A1,0.3488,2813.0,2771.0,2835.0
CHEMBL1477274,MEPTAZINOL HYDROCHLORIDE,AXL,233.4,-4.609,0.3651,AXL,0.3832,AXL,0.4721,2814.0,2706.0,2289.0
CHEMBL238071,VINDESINE,ITPKC,753.9,-5.1,0.3643,SLC2A1,0.2207,SERPINE1,0.2823,2815.0,3041.0,3021.0
CHEMBL3989543,VINDESINE SULFATE,ITPKC,753.9,-5.1,0.3643,SLC2A1,0.2207,SERPINE1,0.2823,2815.0,3041.0,3021.0
CHEMBL1200770,IOCETAMIC ACID,AXL,614.0,-5.276,0.3641,TNIK,0.3147,TNIK,0.349,2817.0,2909.0,2834.0
CHEMBL468837,HEPTABARBITAL,ACVR1,250.3,-5.586,0.3635,ACVR1,0.3756,AXL,0.3443,2818.0,2729.0,2852.0
CHEMBL1446813,BETAHISTINE HYDROCHLORIDE,TNIK,136.2,-5.195,0.3627,SERPINE1,0.395,TNIK,0.4311,2819.0,2659.0,2506.0
CHEMBL1439,TAZOBACTAM SODIUM,SLC2A1,299.3,-6.884,0.3624,SLC2A1,0.3695,SLC2A1,0.3777,2820.0,2753.0,2734.0
CHEMBL1740513,ISAXONINE,SERPINE1,137.2,-5.09,0.3623,SERPINE1,0.4306,SERPINE1,0.4327,2821.0,2522.0,2492.0
CHEMBL1697751,ISAXONINE PHOSPHATE,SERPINE1,137.2,-5.09,0.3623,SERPINE1,0.4306,SERPINE1,0.4327,2821.0,2522.0,2492.0
CHEMBL1140,NIACINAMIDE,SERPINE1,122.1,-5.231,0.3614,SERPINE1,0.4408,SERPINE1,0.4358,2823.0,2465.0,2474.0
CHEMBL810,TEMOZOLOMIDE,TNIK,194.2,-5.959,0.361,ITPKC,0.4695,ITPKC,0.5378,2824.0,2349.0,1823.0
CHEMBL126224,IPRINDOLE,AXL,284.4,-4.895,0.3609,SLC2A1,0.3621,SLC2A1,0.3411,2825.0,2780.0,2870.0
CHEMBL1200453,DOCOSANOL,MAPK14,326.6,-5.85,0.3595,MAPK14,0.3608,MAPK14,0.3288,2826.0,2785.0,2921.0
CHEMBL471737,IVABRADINE,ACVR1,468.6,-6.835,0.3595,TNIK,0.3151,TNIK,0.3427,2827.0,2907.0,2867.0
CHEMBL2145077,IVABRADINE HYDROCHLORIDE,ACVR1,468.6,-6.835,0.3595,TNIK,0.3151,TNIK,0.3427,2827.0,2907.0,2867.0
CHEMBL3184512,CLINDAMYCIN PHOSPHATE,AXL,505.0,-6.742,0.3587,ACVR1,0.2658,ACVR1,0.2695,2829.0,3009.0,3048.0
CHEMBL1024,IFOSFAMIDE,SLC2A1,261.1,-5.242,0.3587,SLC2A1,0.3645,SLC2A1,0.343,2830.0,2770.0,2866.0
CHEMBL3545309,LEFAMULIN ACETATE,AXL,507.7,-5.597,0.3576,AXL,0.2709,AXL,0.2764,2831.0,2991.0,3035.0
CHEMBL3291398,LEFAMULIN,AXL,507.7,-5.597,0.3576,AXL,0.2709,AXL,0.2764,2831.0,2991.0,3035.0
CHEMBL90555,VINCRISTINE,SLC2A1,825.0,-6.823,0.3567,SLC2A1,0.2584,MAPK14,0.277,2833.0,3022.0,3030.0
CHEMBL6068341,TENOFOVIR DISOPROXIL PHOSPHATE,SLC2A1,519.4,-7.345,0.3567,TNIK,0.2643,TNIK,0.2942,2834.0,3015.0,3005.0
CHEMBL6068332,TENOFOVIR DISOPROXIL MALEATE,SLC2A1,519.4,-7.345,0.3567,TNIK,0.2643,TNIK,0.2942,2834.0,3015.0,3005.0
CHEMBL1486,TENOFOVIR DISOPROXIL FUMARATE,SLC2A1,519.4,-7.345,0.3567,TNIK,0.2643,TNIK,0.2942,2834.0,3015.0,3005.0
CHEMBL1538,TENOFOVIR DISOPROXIL,SLC2A1,519.4,-7.345,0.3567,TNIK,0.2643,TNIK,0.2942,2834.0,3015.0,3005.0
CHEMBL4594246,SULOPENEM ETZADROXIL,AXL,477.6,-5.981,0.3565,ACVR1,0.2665,ACVR1,0.2722,2838.0,3006.0,3045.0
CHEMBL1200380,ACYCLOVIR SODIUM,SERPINE1,224.2,-5.59,0.3564,SERPINE1,0.4078,ACVR1,0.4815,2839.0,2612.0,2224.0
CHEMBL1796998,SULFUR HEXAFLUORIDE,TNIK,146.1,-4.658,0.3563,TNIK,0.3717,TNIK,0.4056,2840.0,2741.0,2617.0
CHEMBL1200751,MERCAPTOPURINE,SLC2A1,152.2,-5.103,0.3562,SERPINE1,0.4124,SLC2A1,0.4256,2841.0,2599.0,2526.0
CHEMBL1410743,PARALDEHYDE,TNIK,132.2,-4.653,0.3561,MAPK14,0.3884,TNIK,0.4049,2842.0,2692.0,2620.0
CHEMBL1594,PANTOTHENIC ACID,SERPINE1,219.2,-5.824,0.356,SERPINE1,0.4146,SERPINE1,0.436,2843.0,2588.0,2473.0
CHEMBL1201045,ACETRIZOATE SODIUM,SLC2A1,555.9,-6.199,0.3557,SLC2A1,0.3025,TNIK,0.3072,2844.0,2944.0,2978.0
CHEMBL3183075,NIZATIDINE,TNIK,331.5,-5.419,0.3553,TNIK,0.3566,TNIK,0.3141,2845.0,2793.0,2969.0
CHEMBL508102,CARBIMAZOLE,TNIK,186.2,-4.608,0.3546,AXL,0.3743,AXL,0.4172,2846.0,2733.0,2563.0
CHEMBL695,TRIMETHADIONE,TNIK,143.1,-4.604,0.3542,SLC2A1,0.3937,SLC2A1,0.4178,2847.0,2668.0,2562.0
CHEMBL474579,CEFOTETAN,SLC2A1,575.6,-8.17,0.3541,MAPK14,0.2425,MAPK14,0.2756,2848.0,3028.0,3037.0
CHEMBL1201293,ACAMPROSATE,TNIK,181.2,-4.809,0.3529,MAPK14,0.3845,MAPK14,0.4213,2849.0,2702.0,2541.0
CHEMBL2107239,IOXITALAMIC ACID,SLC2A1,643.9,-7.307,0.3527,TNIK,0.2418,TNIK,0.2768,2850.0,3029.0,3034.0
CHEMBL1201341,ECHOTHIOPHATE,SLC2A1,256.3,-4.827,0.3525,SLC2A1,0.3553,SLC2A1,0.3394,2851.0,2798.0,2878.0
CHEMBL1200367,ECHOTHIOPHATE IODIDE,SLC2A1,256.3,-4.827,0.3525,SLC2A1,0.3553,SLC2A1,0.3394,2851.0,2798.0,2878.0
CHEMBL1201317,TRICLOFOS,SLC2A1,229.4,-4.812,0.352,SLC2A1,0.3594,VASH2,0.4298,2853.0,2789.0,2511.0
CHEMBL838,BENAZEPRIL,SLC2A1,424.5,-6.726,0.3513,ACVR1,0.2962,SLC2A1,0.2744,2854.0,2951.0,3038.0
CHEMBL1694,BENAZEPRIL HYDROCHLORIDE,SLC2A1,424.5,-6.726,0.3513,ACVR1,0.2962,SLC2A1,0.2744,2854.0,2951.0,3038.0
CHEMBL1341,METHOXYFLURANE,TNIK,165.0,-4.54,0.3509,TNIK,0.3641,TNIK,0.3939,2856.0,2772.0,2659.0
CHEMBL1455,ALTRETAMINE,AXL,210.3,-4.695,0.3499,AXL,0.3814,AXL,0.4736,2857.0,2709.0,2282.0
CHEMBL1200461,MIDODRINE HYDROCHLORIDE,SLC2A1,254.3,-6.702,0.3496,SLC2A1,0.3967,SLC2A1,0.3566,2858.0,2651.0,2810.0
CHEMBL1201212,MIDODRINE,SLC2A1,254.3,-6.702,0.3496,SLC2A1,0.3967,SLC2A1,0.3566,2858.0,2651.0,2810.0
CHEMBL354077,AMIFAMPRIDINE,SLC2A1,109.1,-4.598,0.3491,SLC2A1,0.3892,SLC2A1,0.396,2860.0,2690.0,2655.0
CHEMBL2107175,RANELIC ACID,SLC2A1,342.3,-7.234,0.3489,ITPKC,0.3419,ITPKC,0.3128,2861.0,2842.0,2972.0
CHEMBL931,HALOTHANE,TNIK,197.4,-4.503,0.3488,TNIK,0.3598,TNIK,0.3919,2862.0,2788.0,2670.0
CHEMBL513,CARMUSTINE,SLC2A1,214.1,-4.588,0.3486,SLC2A1,0.3572,SLC2A1,0.3937,2863.0,2792.0,2660.0
CHEMBL70927,DEFERIPRONE,TNIK,139.2,-4.921,0.3483,SLC2A1,0.3948,AXL,0.4199,2864.0,2660.0,2547.0
CHEMBL1463,FLUCYTOSINE,MAPK14,129.1,-5.506,0.3476,ITPKC,0.4497,ITPKC,0.4454,2865.0,2425.0,2430.0
CHEMBL315795,CLOMETHIAZOLE,TNIK,161.7,-4.431,0.3471,AXL,0.3627,TNIK,0.3874,2866.0,2776.0,2684.0
CHEMBL1046,AMINOCAPROIC ACID,MAPK14,131.2,-5.21,0.3465,MAPK14,0.3998,MAPK14,0.4171,2867.0,2643.0,2564.0
CHEMBL56021,LEVACETYLLEUCINE,MAPK14,173.2,-5.198,0.3461,SERPINE1,0.39,ACVR1,0.4348,2868.0,2684.0,2480.0
CHEMBL1697744,ERDOSTEINE,TNIK,249.3,-5.242,0.3457,TNIK,0.3539,TNIK,0.3308,2869.0,2804.0,2913.0
CHEMBL1449676,ORNIDAZOLE,MAPK14,219.6,-5.459,0.3451,MAPK14,0.3764,MAPK14,0.4374,2870.0,2728.0,2467.0
CHEMBL573,NIACIN,TNIK,123.1,-4.882,0.3449,SERPINE1,0.4019,SERPINE1,0.402,2871.0,2637.0,2632.0
CHEMBL1084172,VILANTEROL TRIFENATATE,TNIK,486.4,-6.881,0.3449,TNIK,0.3127,TNIK,0.3158,2872.0,2913.0,2964.0
CHEMBL1198857,VILANTEROL,TNIK,486.4,-6.881,0.3449,TNIK,0.3127,TNIK,0.3158,2872.0,2913.0,2964.0
CHEMBL467058,LANINAMIVIR OCTANOATE,MAPK14,472.5,-6.78,0.3447,MAPK14,0.2847,MAPK14,0.273,2874.0,2963.0,3044.0
CHEMBL2105827,"GLYCEROL, IODINATED",TNIK,258.1,-4.839,0.344,TNIK,0.3504,TNIK,0.3325,2875.0,2810.0,2900.0
CHEMBL1364,PYRIDOXINE,TNIK,169.2,-5.217,0.3439,ITPKC,0.4487,ITPKC,0.4916,2876.0,2432.0,2156.0
CHEMBL1200756,PYRIDOXINE HYDROCHLORIDE,TNIK,169.2,-5.217,0.3439,ITPKC,0.4487,ITPKC,0.4916,2876.0,2432.0,2156.0
CHEMBL1200471,PYRITHIONE ZINC,TNIK,126.2,-4.804,0.3427,TNIK,0.3602,TNIK,0.3973,2878.0,2786.0,2651.0
CHEMBL1200979,DEXPANTHENOL,SERPINE1,205.3,-5.499,0.3422,SERPINE1,0.3982,ITPKC,0.4409,2879.0,2648.0,2449.0
CHEMBL820,BUSULFAN,TNIK,246.3,-5.179,0.342,TNIK,0.3504,TNIK,0.4092,2880.0,2811.0,2595.0
CHEMBL2111286,RANITIDINE BISMUTH CITRATE,SLC2A1,314.4,-5.916,0.3417,SLC2A1,0.3322,SLC2A1,0.305,2881.0,2863.0,2980.0
CHEMBL1790041,RANITIDINE,SLC2A1,314.4,-5.916,0.3417,SLC2A1,0.3322,SLC2A1,0.305,2881.0,2863.0,2980.0
CHEMBL2110372,RANITIDINE HYDROCHLORIDE,SLC2A1,314.4,-5.916,0.3417,SLC2A1,0.3322,SLC2A1,0.305,2881.0,2863.0,2980.0
CHEMBL1467,ALLOPURINOL,SERPINE1,136.1,-5.23,0.3413,SERPINE1,0.4139,SERPINE1,0.4152,2884.0,2591.0,2573.0
CHEMBL667,ACETYLCHOLINE,SLC2A1,146.2,-3.791,0.3411,AXL,0.3552,TNIK,0.3662,2885.0,2801.0,2774.0
CHEMBL2110725,VINFLUNINE,AXL,816.9,-5.817,0.341,SLC2A1,0.2173,SERPINE1,0.2732,2886.0,3051.0,3042.0
CHEMBL1200400,AZATHIOPRINE SODIUM,AXL,276.3,-5.454,0.3404,AXL,0.3652,AXL,0.3408,2887.0,2767.0,2872.0
CHEMBL2106939,POLIHEXANIDE,TNIK,185.3,-6.152,0.3404,VASH2,0.4158,GALNS,0.4955,2888.0,2580.0,2119.0
CHEMBL1201001,MECHLORETHAMINE HYDROCHLORIDE,SLC2A1,156.1,-3.455,0.3398,SLC2A1,0.3483,SLC2A1,0.3505,2889.0,2816.0,2830.0
CHEMBL427,MECHLORETHAMINE,SLC2A1,156.1,-3.455,0.3398,SLC2A1,0.3483,SLC2A1,0.3505,2889.0,2816.0,2830.0
CHEMBL345714,ACIPIMOX,TNIK,154.1,-5.146,0.3397,ITPKC,0.3955,ITPKC,0.4165,2891.0,2657.0,2565.0
CHEMBL1200455,IOHEXOL,ITPKC,821.1,-5.433,0.3394,SLC2A1,0.1393,ITPKC,0.2035,2892.0,3076.0,3069.0
CHEMBL1654,RISEDRONATE SODIUM,SLC2A1,282.1,-7.107,0.3392,SLC2A1,0.3792,SLC2A1,0.3708,2893.0,2715.0,2759.0
CHEMBL902,FAMOTIDINE,ITPKC,337.5,-4.968,0.3392,ITPKC,0.3472,ITPKC,0.3121,2894.0,2819.0,2973.0
CHEMBL2105629,VINFLUNINE DITARTRATE,SERPINE1,816.9,-5.725,0.3389,SLC2A1,0.2173,SERPINE1,0.2732,2895.0,3051.0,3042.0
CHEMBL16080,TRICHLOROETHANE,SLC2A1,133.4,-3.087,0.3384,SLC2A1,0.3467,SLC2A1,0.3436,2896.0,2823.0,2859.0
CHEMBL1597,DIMERCAPROL,SLC2A1,124.2,-2.943,0.3383,SLC2A1,0.3457,SLC2A1,0.343,2897.0,2826.0,2865.0
CHEMBL44618,CHLOROFORM,SLC2A1,119.4,-2.662,0.3379,SLC2A1,0.343,SLC2A1,0.341,2898.0,2834.0,2871.0
CHEMBL614,PYRAZINAMIDE,MAPK14,123.1,-5.058,0.3377,MAPK14,0.3857,MAPK14,0.4021,2899.0,2696.0,2630.0
CHEMBL1356238,PYRITHIONE,TNIK,127.2,-4.682,0.3368,TNIK,0.3542,TNIK,0.3869,2900.0,2802.0,2688.0
CHEMBL185,FLUOROURACIL,AXL,130.1,-4.326,0.3363,AXL,0.3934,AXL,0.416,2901.0,2670.0,2568.0
CHEMBL1200510,ERYTHROMYCIN STEARATE,AXL,733.9,-5.771,0.336,AXL,0.2154,AXL,0.2495,2902.0,3053.0,3053.0
CHEMBL1200506,ERYTHROMYCIN LACTOBIONATE,AXL,733.9,-5.771,0.336,AXL,0.2154,AXL,0.2495,2902.0,3053.0,3053.0
CHEMBL3545060,ERYTHROMYCIN GLUCEPTATE,AXL,733.9,-5.771,0.336,SLC2A1,0.2186,AXL,0.2495,2902.0,3048.0,3053.0
CHEMBL532,ERYTHROMYCIN,AXL,733.9,-5.771,0.336,SLC2A1,0.2186,AXL,0.2495,2902.0,3048.0,3053.0
CHEMBL1201037,EFLORNITHINE HYDROCHLORIDE,SERPINE1,182.2,-5.179,0.3351,ITPKC,0.4206,ITPKC,0.4799,2906.0,2563.0,2231.0
CHEMBL830,EFLORNITHINE,SERPINE1,182.2,-5.179,0.3351,ITPKC,0.4206,ITPKC,0.4799,2906.0,2563.0,2231.0
CHEMBL1477036,DOCUSATE,TNIK,422.6,-6.103,0.335,TNIK,0.3159,TNIK,0.2806,2908.0,2904.0,3024.0
CHEMBL254468,FLUCICLOVINE F18,TNIK,132.1,-4.614,0.3348,SLC2A1,0.373,SLC2A1,0.3936,2909.0,2736.0,2661.0
CHEMBL1908917,FLUCICLOVINE,TNIK,133.1,-4.614,0.3348,SLC2A1,0.3723,SLC2A1,0.3936,2909.0,2738.0,2661.0
CHEMBL152,CIDOFOVIR ANHYDROUS,ITPKC,279.2,-4.942,0.3344,ITPKC,0.393,ITPKC,0.3926,2911.0,2671.0,2666.0
CHEMBL5314375,CIDOFOVIR,ITPKC,279.2,-4.942,0.3344,ITPKC,0.393,ITPKC,0.3926,2911.0,2671.0,2666.0
CHEMBL978,METHACHOLINE,TNIK,160.2,-4.604,0.3342,TNIK,0.3472,TNIK,0.3817,2913.0,2820.0,2714.0
CHEMBL1200764,METHACHOLINE CHLORIDE,TNIK,160.2,-4.604,0.3342,TNIK,0.3472,TNIK,0.3817,2913.0,2820.0,2714.0
CHEMBL2104594,CALCIUM GLUBIONATE,SLC2A1,357.3,-7.041,0.3332,SLC2A1,0.2986,SLC2A1,0.2698,2915.0,2948.0,3046.0
CHEMBL2219740,CALCIUM GLUBIONATE ANHYDROUS,SLC2A1,357.3,-7.041,0.3332,SLC2A1,0.2986,SLC2A1,0.2698,2915.0,2948.0,3046.0
CHEMBL1661,LACTITOL,SLC2A1,344.3,-7.037,0.333,SLC2A1,0.3073,SLC2A1,0.2688,2917.0,2926.0,3049.0
CHEMBL119423,TISOPURINE,TNIK,152.2,-4.562,0.3326,AXL,0.3697,AXL,0.3991,2918.0,2751.0,2642.0
CHEMBL498847,SECNIDAZOLE,TNIK,185.2,-5.029,0.3323,MAPK14,0.3699,ACVR1,0.409,2919.0,2750.0,2597.0
CHEMBL197084,TROFINETIDE,ITPKC,315.3,-4.93,0.3321,ITPKC,0.3587,ITPKC,0.3046,2920.0,2790.0,2985.0
CHEMBL1425,MERCAPTOPURINE ANHYDROUS,SLC2A1,152.2,-4.786,0.3317,SLC2A1,0.3625,SLC2A1,0.3887,2921.0,2779.0,2682.0
CHEMBL1200789,TRICLOFOS SODIUM,SLC2A1,228.4,-4.754,0.3315,SLC2A1,0.3385,SLC2A1,0.3874,2922.0,2848.0,2683.0
CHEMBL1311,ISOSORBIDE MONONITRATE,SERPINE1,191.1,-5.433,0.3313,SERPINE1,0.3906,SERPINE1,0.4103,2923.0,2680.0,2591.0
CHEMBL1200660,ISOSORBIDE,SLC2A1,146.1,-4.735,0.3312,SERPINE1,0.3803,SERPINE1,0.3913,2924.0,2710.0,2671.0
CHEMBL493287,GLUCOSAMINE,AXL,179.2,-4.71,0.3305,AXL,0.3825,AXL,0.4565,2925.0,2708.0,2376.0
CHEMBL20,ACETAZOLAMIDE,TNIK,222.3,-5.635,0.3305,ITPKC,0.3703,ITPKC,0.4649,2926.0,2748.0,2333.0
CHEMBL591665,SODIUM ASCORBATE,SERPINE1,175.1,-5.422,0.3299,SERPINE1,0.3965,ITPKC,0.4148,2927.0,2655.0,2575.0
CHEMBL3301611,AMIFAMPRIDINE PHOSPHATE,SLC2A1,109.1,-4.598,0.3291,SLC2A1,0.3692,SLC2A1,0.376,2928.0,2757.0,2742.0
CHEMBL1768,BETHANECHOL CHLORIDE,SLC2A1,161.2,-4.592,0.3288,AXL,0.3507,AXL,0.3773,2929.0,2808.0,2735.0
CHEMBL1482,BETHANECHOL,SLC2A1,161.2,-4.592,0.3288,AXL,0.3507,AXL,0.3773,2929.0,2808.0,2735.0
CHEMBL529,AZITHROMYCIN,AXL,749.0,-5.711,0.3285,AXL,0.215,AXL,0.242,2931.0,3055.0,3059.0
CHEMBL1200814,ACETAZOLAMIDE SODIUM,TNIK,221.2,-5.604,0.3281,SERPINE1,0.3684,ITPKC,0.4594,2932.0,2760.0,2360.0
CHEMBL1430,PENICILLAMINE,SLC2A1,149.2,-4.541,0.3277,SLC2A1,0.352,SLC2A1,0.3692,2933.0,2805.0,2764.0
CHEMBL2107333,DIMETHYL FUMARATE,TNIK,144.1,-4.459,0.3277,TNIK,0.3429,TNIK,0.3687,2934.0,2835.0,2765.0
CHEMBL589586,MONOMETHYL FUMARATE,SLC2A1,130.1,-4.46,0.3276,SLC2A1,0.3556,ACVR1,0.3695,2935.0,2794.0,2762.0
CHEMBL1201195,CEFMETAZOLE,SERPINE1,471.5,-5.875,0.3274,SERPINE1,0.277,TNIK,0.2996,2936.0,2978.0,2994.0
CHEMBL1029,MIGLUSTAT,SLC2A1,219.3,-6.432,0.3269,SLC2A1,0.3991,SLC2A1,0.5092,2937.0,2647.0,2029.0
CHEMBL1201093,METHYL AMINOLEVULINATE HYDROCHLORIDE,TNIK,145.2,-4.412,0.3265,SLC2A1,0.3424,TNIK,0.3651,2938.0,2836.0,2777.0
CHEMBL1096562,METHYL AMINOLEVULINATE,TNIK,145.2,-4.412,0.3265,SLC2A1,0.3424,TNIK,0.3651,2938.0,2836.0,2777.0
CHEMBL979,MEPROBAMATE,SERPINE1,218.3,-5.406,0.3264,SERPINE1,0.3723,ITPKC,0.4474,2940.0,2739.0,2423.0
CHEMBL1314,TIOPRONIN,SLC2A1,163.2,-4.354,0.3263,AXL,0.3418,SLC2A1,0.362,2941.0,2843.0,2787.0
CHEMBL1201270,METHENAMINE,SLC2A1,140.2,-4.352,0.3261,MAPK14,0.3498,MAPK14,0.367,2942.0,2812.0,2771.0
CHEMBL1149,LEVOCARNITINE,SLC2A1,161.2,-4.35,0.326,SLC2A1,0.342,SLC2A1,0.3607,2943.0,2840.0,2791.0
CHEMBL600,ACETYLCYSTEINE,SLC2A1,163.2,-4.336,0.3259,SLC2A1,0.3414,SLC2A1,0.3601,2944.0,2845.0,2798.0
CHEMBL1345,GUANETHIDINE MONOSULFATE,SLC2A1,198.3,-4.334,0.3257,SLC2A1,0.3349,SLC2A1,0.3591,2945.0,2856.0,2803.0
CHEMBL765,GUANETHIDINE,SLC2A1,198.3,-4.334,0.3257,SLC2A1,0.3349,SLC2A1,0.3591,2945.0,2856.0,2803.0
CHEMBL1540,PENCICLOVIR,MAPK14,253.3,-6.078,0.3255,ITPKC,0.4056,ITPKC,0.3803,2947.0,2621.0,2722.0
CHEMBL1200949,BETAZOLE HYDROCHLORIDE,TNIK,111.1,-4.359,0.3251,MAPK14,0.3626,MAPK14,0.3713,2948.0,2777.0,2757.0
CHEMBL1201323,BETAZOLE,TNIK,111.1,-4.359,0.3251,MAPK14,0.3626,MAPK14,0.3713,2948.0,2777.0,2757.0
CHEMBL1489,AZACITIDINE,ITPKC,244.2,-4.885,0.325,ITPKC,0.4133,SLC2A1,0.5254,2950.0,2592.0,1927.0
CHEMBL14,CARBACHOL,SLC2A1,147.2,-4.274,0.325,SLC2A1,0.3441,AXL,0.3591,2951.0,2829.0,2801.0
CHEMBL965,CARBAMOYLCHOLINE,SLC2A1,147.2,-4.274,0.325,SLC2A1,0.3441,AXL,0.3591,2951.0,2829.0,2801.0
CHEMBL125,MILTEFOSINE,TNIK,407.6,-5.569,0.325,TNIK,0.3187,TNIK,0.289,2953.0,2896.0,3017.0
CHEMBL671,THIOTEPA,SLC2A1,189.2,-4.258,0.3248,SLC2A1,0.3347,SLC2A1,0.3549,2954.0,2859.0,2817.0
CHEMBL2068724,ACAMPROSATE CALCIUM,TNIK,180.2,-4.844,0.3241,MAPK14,0.3438,TNIK,0.3805,2955.0,2832.0,2720.0
CHEMBL1201780,CARGLUMIC ACID,SERPINE1,190.2,-5.632,0.324,SERPINE1,0.3894,ITPKC,0.4548,2956.0,2689.0,2382.0
CHEMBL1342,OXYBATE,SLC2A1,104.1,-4.08,0.3234,ITPKC,0.3552,SLC2A1,0.3477,2957.0,2800.0,2837.0
CHEMBL455917,CHLORAL HYDRATE,AXL,165.4,-3.78,0.3232,AXL,0.3422,AXL,0.3633,2958.0,2838.0,2780.0
CHEMBL1533310,HISTAMINE DIHYDROCHLORIDE,SLC2A1,111.1,-4.069,0.3231,MAPK14,0.3556,MAPK14,0.3605,2959.0,2795.0,2792.0
CHEMBL90,HISTAMINE,SLC2A1,111.1,-4.069,0.3231,MAPK14,0.3556,MAPK14,0.3605,2959.0,2795.0,2792.0
CHEMBL3989520,HISTAMINE PHOSPHATE,SLC2A1,111.1,-4.069,0.3231,MAPK14,0.3556,MAPK14,0.3605,2959.0,2795.0,2792.0
CHEMBL771,CYCLOSERINE,SLC2A1,102.1,-4.005,0.3218,SLC2A1,0.3465,SLC2A1,0.3399,2962.0,2824.0,2875.0
CHEMBL137,METRONIDAZOLE,TNIK,171.2,-4.788,0.3217,MAPK14,0.3492,SLC2A1,0.3807,2963.0,2813.0,2717.0
CHEMBL1200869,METRONIDAZOLE HYDROCHLORIDE,TNIK,171.2,-4.788,0.3217,MAPK14,0.3492,SLC2A1,0.3807,2963.0,2813.0,2717.0
CHEMBL2106441,NOXYTIOLIN,SLC2A1,120.2,-3.999,0.3217,SLC2A1,0.3417,SLC2A1,0.3392,2965.0,2844.0,2880.0
CHEMBL196,ASCORBIC ACID,SERPINE1,176.1,-5.619,0.3213,SERPINE1,0.3914,GALNS,0.4061,2966.0,2679.0,2610.0
CHEMBL1184,ACETYLCHOLINE CHLORIDE,SLC2A1,146.2,-3.791,0.3211,AXL,0.3352,TNIK,0.3462,2967.0,2855.0,2840.0
CHEMBL4594395,POTASSIUM OXYBATE,SLC2A1,103.1,-3.702,0.3207,SLC2A1,0.3378,SLC2A1,0.3344,2968.0,2849.0,2891.0
CHEMBL1200682,SODIUM OXYBATE,SLC2A1,103.1,-3.702,0.3207,SLC2A1,0.3378,SLC2A1,0.3344,2968.0,2849.0,2891.0
CHEMBL4594393,CALCIUM OXYBATE,SLC2A1,103.1,-3.702,0.3207,SLC2A1,0.3378,SLC2A1,0.3344,2968.0,2849.0,2891.0
CHEMBL4594394,MAGNESIUM OXYBATE,SLC2A1,103.1,-3.702,0.3207,SLC2A1,0.3378,SLC2A1,0.3344,2968.0,2849.0,2891.0
CHEMBL863,CYSTEINE,SLC2A1,121.2,-3.601,0.3203,SLC2A1,0.3339,SLC2A1,0.3324,2972.0,2860.0,2901.0
CHEMBL1200630,CYSTEINE HYDROCHLORIDE,SLC2A1,121.2,-3.601,0.3203,SLC2A1,0.3339,SLC2A1,0.3324,2972.0,2860.0,2901.0
CHEMBL95889,BETAINE,SLC2A1,118.2,-3.559,0.3201,SLC2A1,0.3334,SLC2A1,0.3314,2974.0,2862.0,2906.0
CHEMBL1235452,SULFUR,SLC2A1,256.5,-3.556,0.32,SLC2A1,0.3217,SLC2A1,0.3178,2975.0,2890.0,2961.0
CHEMBL1200477,ALLOPURINOL SODIUM,TNIK,135.1,-4.744,0.3198,AXL,0.3675,AXL,0.3928,2976.0,2761.0,2665.0
CHEMBL3833335,CHLORAL BETAINE,SLC2A1,117.1,-3.417,0.3196,SLC2A1,0.3316,SLC2A1,0.3295,2977.0,2866.0,2916.0
CHEMBL2110978,METHIODAL,SLC2A1,222.0,-3.393,0.3195,SLC2A1,0.3221,SLC2A1,0.3288,2978.0,2888.0,2920.0
CHEMBL1208642,THIOSULFURIC ACID,SLC2A1,114.1,-3.292,0.3193,SLC2A1,0.331,SLC2A1,0.3282,2979.0,2869.0,2924.0
CHEMBL1515,METHIMAZOLE,SLC2A1,114.2,-3.232,0.3192,SLC2A1,0.3302,SLC2A1,0.3275,2980.0,2875.0,2925.0
CHEMBL2105233,PROXIBARBAL,SLC2A1,226.2,-6.292,0.3191,SLC2A1,0.3713,SLC2A1,0.4952,2981.0,2743.0,2123.0
CHEMBL1098319,2-MERCAPTOETHANESULFONIC ACID,SLC2A1,142.2,-3.21,0.3191,SLC2A1,0.3273,SLC2A1,0.3269,2982.0,2880.0,2926.0
CHEMBL2104095,CHOLINE SALICYLATE,SLC2A1,104.2,-3.196,0.3188,SLC2A1,0.3304,SLC2A1,0.3253,2983.0,2871.0,2934.0
CHEMBL1200434,OXTRIPHYLLINE,SLC2A1,104.2,-3.196,0.3188,SLC2A1,0.3304,SLC2A1,0.3253,2983.0,2871.0,2934.0
CHEMBL920,CHOLINE,SLC2A1,104.2,-3.196,0.3188,SLC2A1,0.3304,SLC2A1,0.3253,2983.0,2871.0,2934.0
CHEMBL2095207,CHOLINE C-11,SLC2A1,103.2,-3.196,0.3188,SLC2A1,0.3308,SLC2A1,0.3253,2983.0,2870.0,2934.0
CHEMBL1863513,INGENOL MEBUTATE,SLC2A1,430.5,-5.238,0.3185,SLC2A1,0.3029,SLC2A1,0.2997,2987.0,2941.0,2991.0
CHEMBL2106907,METHIODAL SODIUM,SLC2A1,221.0,-2.907,0.3182,SLC2A1,0.321,SLC2A1,0.3223,2988.0,2893.0,2945.0
CHEMBL1200932,IOPAMIDOL,SLC2A1,777.1,-7.801,0.3181,SLC2A1,0.1416,ACVR1,0.2047,2989.0,3075.0,3068.0
CHEMBL975,MESNA,SLC2A1,141.2,-2.871,0.318,SLC2A1,0.3231,SLC2A1,0.3217,2990.0,2886.0,2946.0
CHEMBL2096650,SODIUM THIOSULFATE,SLC2A1,112.1,-2.416,0.3178,SLC2A1,0.3218,SLC2A1,0.3204,2991.0,2889.0,2950.0
CHEMBL1644695,SODIUM IODIDE,SLC2A1,126.9,-0.9394,0.3175,SLC2A1,0.3177,SLC2A1,0.3188,2992.0,2898.0,2956.0
CHEMBL1201084,SODIUM IODIDE I 131,SLC2A1,130.9,-0.9394,0.3175,SLC2A1,0.3175,SLC2A1,0.3188,2992.0,2901.0,2956.0
CHEMBL1201083,SODIUM IODIDE I 123,SLC2A1,122.9,-0.9394,0.3175,SLC2A1,0.318,SLC2A1,0.3188,2992.0,2897.0,2956.0
CHEMBL1141,POTASSIUM IODIDE,SLC2A1,126.9,-0.9394,0.3175,SLC2A1,0.3177,SLC2A1,0.3188,2992.0,2898.0,2956.0
CHEMBL476960,VOGLIBOSE,SERPINE1,267.3,-5.59,0.3164,ITPKC,0.3756,ITPKC,0.3673,2996.0,2730.0,2769.0
CHEMBL1431,METFORMIN,ITPKC,129.2,-4.58,0.3162,ITPKC,0.4888,ITPKC,0.5082,2997.0,2233.0,2038.0
CHEMBL1703,METFORMIN HYDROCHLORIDE,ITPKC,129.2,-4.58,0.3162,ITPKC,0.4888,ITPKC,0.5082,2997.0,2233.0,2038.0
CHEMBL1200468,MALATHION,SLC2A1,330.4,-5.102,0.316,TNIK,0.3124,SLC2A1,0.2978,2999.0,2915.0,2999.0
CHEMBL501867,VINCRISTINE SULFATE,ITPKC,825.0,-4.565,0.314,AXL,0.2522,MAPK14,0.277,3000.0,3025.0,3030.0
CHEMBL6068327,ACETYLCYSTEINE LYSINE,TNIK,146.2,-4.575,0.3132,ITPKC,0.3647,ITPKC,0.3735,3001.0,2769.0,2751.0
CHEMBL1201118,CEFMETAZOLE SODIUM,AXL,470.5,-5.937,0.3117,GALNS,0.2377,MAPK14,0.2195,3002.0,3030.0,3064.0
CHEMBL601,AMINOLEVULINIC ACID,TNIK,131.1,-4.472,0.3079,ITPKC,0.3785,ITPKC,0.3765,3003.0,2718.0,2740.0
CHEMBL1200582,AMINOLEVULINIC ACID HYDROCHLORIDE,TNIK,131.1,-4.472,0.3079,ITPKC,0.3785,ITPKC,0.3765,3003.0,2718.0,2740.0
CHEMBL1725,IOPROMIDE,AXL,791.1,-6.252,0.3049,SLC2A1,0.139,AXL,0.1855,3005.0,3077.0,3073.0
CHEMBL703,SUXAMETHONIUM,AXL,290.4,-4.59,0.3039,AXL,0.303,MAPK14,0.2986,3006.0,2939.0,2997.0
CHEMBL983,SUCCINYLCHOLINE CHLORIDE,AXL,290.4,-4.59,0.3039,AXL,0.303,MAPK14,0.2986,3006.0,2939.0,2997.0
CHEMBL1757,FOSFOMYCIN,SLC2A1,138.1,-4.107,0.3035,AXL,0.3214,AXL,0.3336,3008.0,2891.0,2899.0
CHEMBL1200345,SODIUM SUCCINATE,SLC2A1,117.1,-4.015,0.3021,SLC2A1,0.3239,ACVR1,0.3244,3009.0,2885.0,2941.0
CHEMBL1200614,IOVERSOL,ITPKC,807.1,-5.205,0.3017,TNIK,0.149,TNIK,0.1955,3010.0,3074.0,3071.0
CHEMBL1200381,ARGININE HYDROCHLORIDE,SERPINE1,174.2,-5.484,0.3008,ITPKC,0.3789,ITPKC,0.4327,3011.0,2716.0,2491.0
CHEMBL476,DACARBAZINE,ITPKC,182.2,-4.463,0.2979,ITPKC,0.412,ITPKC,0.4721,3012.0,2600.0,2290.0
CHEMBL44884,ETHAMBUTOL,MAPK14,204.3,-5.642,0.2979,MAPK14,0.3446,MAPK14,0.3999,3013.0,2827.0,2639.0
CHEMBL3140361,ETHAMBUTOL HYDROCHLORIDE,MAPK14,204.3,-5.642,0.2979,MAPK14,0.3446,MAPK14,0.3999,3013.0,2827.0,2639.0
CHEMBL1220,TINIDAZOLE,TNIK,247.3,-5.111,0.2977,MAPK14,0.3099,MAPK14,0.2997,3015.0,2921.0,2992.0
CHEMBL930,GLUTAMINE,MAPK14,146.1,-5.338,0.2964,ITPKC,0.4173,ITPKC,0.4451,3016.0,2578.0,2432.0
CHEMBL1201075,IOXILAN,AXL,791.1,-6.098,0.29,TNIK,0.1518,TNIK,0.1975,3017.0,3071.0,3070.0
CHEMBL110458,MIGALASTAT,SERPINE1,163.2,-5.41,0.2881,AXL,0.4077,AXL,0.4562,3018.0,2613.0,2377.0
CHEMBL2107355,MIGALASTAT HYDROCHLORIDE,SERPINE1,163.2,-5.41,0.2881,AXL,0.4077,AXL,0.4562,3018.0,2613.0,2377.0
CHEMBL3989844,DEXTROAMPHETAMINE SACCHARATE,SERPINE1,210.1,-5.407,0.2869,ITPKC,0.3471,ITPKC,0.4262,3020.0,2822.0,2525.0
CHEMBL39736,BUFORMIN,ITPKC,157.2,-4.638,0.286,ITPKC,0.4379,ITPKC,0.4796,3021.0,2483.0,2233.0
CHEMBL455186,TREOSULFAN,TNIK,278.3,-4.884,0.2853,SERPINE1,0.293,SERPINE1,0.2955,3022.0,2955.0,3002.0
CHEMBL1201042,ETIDRONATE DISODIUM,SLC2A1,204.0,-5.498,0.2851,SLC2A1,0.3177,SLC2A1,0.3807,3023.0,2900.0,2719.0
CHEMBL1580,PENTOSTATIN,ITPKC,268.3,-4.612,0.2807,ITPKC,0.3258,ITPKC,0.3028,3024.0,2883.0,2986.0
CHEMBL4303669,ZOLEDRONIC ACID,SLC2A1,272.1,-6.284,0.2788,ITPKC,0.3118,ITPKC,0.2967,3025.0,2916.0,3000.0
CHEMBL924,ZOLEDRONIC ACID ANHYDROUS,SLC2A1,272.1,-6.284,0.2788,ITPKC,0.3118,ITPKC,0.2967,3025.0,2916.0,3000.0
CHEMBL1237066,CALCIUM GLUCEPTATE,SERPINE1,225.2,-5.34,0.2782,SERPINE1,0.3203,ITPKC,0.3826,3027.0,2894.0,2706.0
CHEMBL1561,MIGLITOL,ITPKC,207.2,-4.573,0.275,ITPKC,0.3744,ITPKC,0.4665,3028.0,2732.0,2326.0
CHEMBL730,NITROGLYCERIN,TNIK,227.1,-4.455,0.2675,TNIK,0.2755,AXL,0.3131,3029.0,2983.0,2971.0
CHEMBL2105248,POTASSIUM BITARTRATE,SLC2A1,149.1,-4.457,0.2674,SLC2A1,0.2887,SLC2A1,0.3079,3030.0,2960.0,2977.0
CHEMBL2068884,SODIUM GLUCONATE,MAPK14,193.1,-5.457,0.2648,VASH2,0.3296,VASH2,0.4087,3031.0,2876.0,2600.0
CHEMBL1201073,SUCCIMER,SLC2A1,182.2,-4.254,0.2647,SLC2A1,0.2757,SLC2A1,0.2942,3032.0,2982.0,3004.0
CHEMBL1977579,STREPTOZOCIN,SLC2A1,265.2,-5.994,0.2646,SLC2A1,0.2768,SERPINE1,0.2529,3033.0,2980.0,3052.0
CHEMBL3989777,TRIENTINE HYDROCHLORIDE,SLC2A1,146.2,-4.066,0.2626,SLC2A1,0.2783,AXL,0.2871,3034.0,2974.0,3018.0
CHEMBL5095420,TRIENTINE TETRAHYDROCHLORIDE,SLC2A1,146.2,-4.066,0.2626,SLC2A1,0.2783,AXL,0.2871,3034.0,2974.0,3018.0
CHEMBL609,TRIENTINE,SLC2A1,146.2,-4.066,0.2626,SLC2A1,0.2783,AXL,0.2871,3034.0,2974.0,3018.0
CHEMBL666,FOSCARNET,SLC2A1,126.0,-4.011,0.262,ITPKC,0.2871,SLC2A1,0.2805,3037.0,2962.0,3025.0
CHEMBL2068864,FLUDEOXYGLUCOSE,TNIK,182.1,-5.171,0.2615,ITPKC,0.3264,ITPKC,0.3846,3038.0,2882.0,2697.0
CHEMBL2030434,FLUDEOXYGLUCOSE F 18,TNIK,181.1,-5.171,0.2615,ITPKC,0.3273,ITPKC,0.3846,3038.0,2881.0,2697.0
CHEMBL1200331,FOSFOMYCIN TROMETHAMINE,SLC2A1,121.1,-3.942,0.2614,SLC2A1,0.28,SLC2A1,0.2776,3040.0,2969.0,3028.0
CHEMBL1200391,TROMETHAMINE,SLC2A1,121.1,-3.942,0.2614,SLC2A1,0.28,SLC2A1,0.2776,3040.0,2969.0,3028.0
CHEMBL1261,CITRIC ACID,SERPINE1,192.1,-5.224,0.2606,SERPINE1,0.3134,SERPINE1,0.3339,3042.0,2910.0,2896.0
CHEMBL3989678,PIPERAZINE CITRATE,SERPINE1,192.1,-5.224,0.2606,SERPINE1,0.3134,SERPINE1,0.3339,3042.0,2910.0,2896.0
CHEMBL3990694,PIPERAZINE CITRATE ANHYDROUS,SERPINE1,192.1,-5.224,0.2606,SERPINE1,0.3134,SERPINE1,0.3339,3042.0,2910.0,2896.0
CHEMBL1201752,IXABEPILONE,AXL,506.7,-4.89,0.2603,SLC2A1,0.2213,TNIK,0.233,3045.0,3039.0,3062.0
CHEMBL780,PENTETIC ACID,SLC2A1,393.3,-6.596,0.2585,SLC2A1,0.2143,SLC2A1,0.185,3046.0,3056.0,3074.0
CHEMBL2106119,CALCIUM GLUCONATE,SLC2A1,195.1,-5.822,0.2577,SLC2A1,0.3085,SLC2A1,0.3862,3047.0,2924.0,2691.0
CHEMBL3989569,IBANDRONATE SODIUM,TNIK,318.2,-5.71,0.2576,TNIK,0.2592,TNIK,0.2144,3048.0,3021.0,3065.0
CHEMBL3989401,PAMIDRONATE DISODIUM,SLC2A1,233.1,-5.797,0.2571,SLC2A1,0.2817,SLC2A1,0.383,3049.0,2966.0,2704.0
CHEMBL1749,EDETATE DISODIUM ANHYDROUS,SERPINE1,290.2,-5.172,0.2538,SERPINE1,0.268,SERPINE1,0.2769,3050.0,3003.0,3032.0
CHEMBL3989507,EDETATE DISODIUM,SERPINE1,290.2,-5.172,0.2538,SERPINE1,0.268,SERPINE1,0.2769,3050.0,3003.0,3032.0
CHEMBL834,PAMIDRONIC ACID,SLC2A1,235.1,-5.695,0.2531,ITPKC,0.2953,ITPKC,0.4067,3052.0,2954.0,2606.0
CHEMBL1222250,DEXTROSE,SLC2A1,180.2,-5.668,0.2522,SLC2A1,0.3064,GALNS,0.4022,3053.0,2932.0,2629.0
CHEMBL1200829,GLUCONOLACTONE,SLC2A1,178.1,-5.645,0.2516,SLC2A1,0.3061,AXL,0.3765,3054.0,2933.0,2737.0
CHEMBL870,ALENDRONIC ACID,SLC2A1,249.1,-5.639,0.2512,SLC2A1,0.2651,SERPINE1,0.2386,3055.0,3012.0,3061.0
CHEMBL675,ALENDRONATE SODIUM,SLC2A1,248.1,-5.627,0.2507,SLC2A1,0.2647,VASH2,0.2419,3056.0,3014.0,3060.0
CHEMBL3989750,GLUCOSAMINE SULFATE,AXL,179.2,-4.71,0.2505,AXL,0.3025,AXL,0.3765,3057.0,2942.0,2737.0
CHEMBL1707007,GLUCOSAMINE HYDROCHLORIDE,AXL,179.2,-4.71,0.2505,AXL,0.3025,AXL,0.3765,3057.0,2942.0,2737.0
CHEMBL1136,TELITHROMYCIN,AXL,812.0,-5.308,0.2465,AXL,0.173,AXL,0.1863,3059.0,3067.0,3072.0
CHEMBL2107214,IOMEPROL,AXL,777.1,-5.685,0.2461,SLC2A1,0.1388,AXL,0.1607,3060.0,3078.0,3078.0
CHEMBL689,MANNITOL,SLC2A1,182.2,-5.356,0.2404,SLC2A1,0.2807,SLC2A1,0.3228,3061.0,2968.0,2943.0
CHEMBL997,IBANDRONIC ACID,SLC2A1,319.2,-6.314,0.2403,MAPK14,0.2435,MAPK14,0.2131,3062.0,3027.0,3066.0
CHEMBL1200570,MEGLUMINE,SLC2A1,195.2,-5.33,0.2398,SLC2A1,0.2706,SLC2A1,0.3196,3063.0,2993.0,2952.0
CHEMBL2105675,TAFAMIDIS MEGLUMINE,SLC2A1,195.2,-5.33,0.2398,SLC2A1,0.2706,SLC2A1,0.3196,3063.0,2993.0,2952.0
CHEMBL1200839,DIATRIZOATE MEGLUMINE,SLC2A1,195.2,-5.33,0.2398,SLC2A1,0.2706,SLC2A1,0.3196,3063.0,2993.0,2952.0
CHEMBL1201125,IOTHALAMATE MEGLUMINE,SLC2A1,195.2,-5.33,0.2398,SLC2A1,0.2706,SLC2A1,0.3196,3063.0,2993.0,2952.0
CHEMBL871,ETIDRONIC ACID,SLC2A1,206.0,-5.279,0.239,VASH2,0.2681,GALNS,0.397,3067.0,3002.0,2653.0
CHEMBL1236821,XYLOSE,SLC2A1,150.1,-5.095,0.2359,SLC2A1,0.2811,SLC2A1,0.3049,3068.0,2967.0,2984.0
CHEMBL1682,SORBITOL,SLC2A1,182.2,-4.991,0.2347,ITPKC,0.3173,ITPKC,0.3625,3069.0,2902.0,2785.0
CHEMBL2109882,TRISILICATE,SLC2A1,216.3,-4.931,0.234,ITPKC,0.291,ITPKC,0.3813,3070.0,2957.0,2716.0
CHEMBL18442,PLERIXAFOR,SLC2A1,502.8,-4.845,0.2336,SLC2A1,0.2204,TNIK,0.2226,3071.0,3044.0,3063.0
CHEMBL1741,CLARITHROMYCIN,ACVR1,748.0,-5.248,0.2328,ACVR1,0.2027,ACVR1,0.2126,3072.0,3061.0,3067.0
CHEMBL1006,AMIFOSTINE,SLC2A1,214.2,-4.814,0.2321,ITPKC,0.2875,ITPKC,0.3618,3073.0,2961.0,2788.0
CHEMBL1201748,CABAZITAXEL,ACVR1,835.9,-6.197,0.2312,ACVR1,0.1634,ACVR1,0.1838,3074.0,3068.0,3075.0
CHEMBL1236315,TARTARIC ACID,SLC2A1,150.1,-4.646,0.2302,ITPKC,0.2742,AXL,0.2939,3075.0,2984.0,3009.0
CHEMBL1200577,CYSTEAMINE BITARTRATE,SLC2A1,150.1,-4.646,0.2302,ITPKC,0.2742,AXL,0.2939,3075.0,2984.0,3009.0
CHEMBL2218877,ERYTHROMYCIN ESTOLATE,ACVR1,790.0,-5.898,0.2171,ACVR1,0.1633,ACVR1,0.1789,3077.0,3069.0,3076.0
CHEMBL2220427,ERYTHROMYCIN PROPIONATE,ACVR1,790.0,-5.898,0.2171,ACVR1,0.1633,ACVR1,0.1789,3077.0,3069.0,3076.0
