chembl_id,pref_name,n_targets,n_top1pct,n_top5pct,mean_composite,best_affinity_any_target,med_affinity,pain_prior,drh_phase,drh_moa,drh_indication,mw,logp,tpsa,best_target,affinity_at_best_target,best_pct_in_target,D1_affinity,D2_pharm_prior,D3_accessibility,D4_reliability,best_composite,sum_check,breadth_bonus,drug_rank_score
CHEMBL442,ERGOTAMINE,10,5,10,0.703588137203902,-10.93,-9.6335,False,Launched,adrenergic receptor antagonist,migraine headache,581.7,1.99,118.2,ADRA2A,-10.36,98.32247557003258,0.9832247557003257,0.6000000000000001,0.75,0.5324652394614875,0.7731596881993534,0.7731596881993534,1.0,0.8298697661495151
CHEMBL3989937,CAPMATINIB HYDROCHLORIDE,10,2,10,0.6918743823965474,-11.13,-9.356,False,,,,412.4,3.43,85.1,SLC2A1,-11.13,96.81996086105676,0.9681996086105675,0.0,1.0,0.9141924959216966,0.7244087178324815,0.7244087178324815,1.0,0.7933065383743612
CHEMBL3188267,CAPMATINIB,10,2,10,0.6918743823965474,-11.13,-9.356,False,,,,412.4,3.43,85.1,SLC2A1,-11.13,96.81996086105676,0.9681996086105675,0.0,1.0,0.9141924959216966,0.7244087178324815,0.7244087178324815,1.0,0.7933065383743612
CHEMBL1237021,LURASIDONE,10,0,10,0.6506858415330774,-11.73,-8.751999999999999,False,Launched,dopamine receptor antagonist|serotonin receptor antagonist,schizophrenia,492.7,4.26,56.8,ADRA2A,-10.39,98.48534201954398,0.9848534201954398,0.4,0.75,0.5324652394614875,0.723811153997399,0.723811153997399,1.0,0.7928583654980492
CHEMBL85,RISPERIDONE,10,0,6,0.6944904497616681,-11.21,-8.8915,False,Launched,dopamine receptor antagonist|serotonin receptor antagonist,schizophrenia|bipolar disorder|irritability,410.5,3.59,64.2,ADRA2A,-10.08,97.31270358306189,0.9731270358306189,0.4,1.0,0.5324652394614875,0.7691206002514707,0.7691206002514707,0.8115075629572489,0.7797173409279152
CHEMBL1732,DIHYDROERGOTAMINE,10,3,6,0.6796959466643333,-12.02,-9.218,False,Launched,serotonin receptor agonist,migraine headache,583.7,2.08,118.2,ADRA2A,-10.05,97.1172638436482,0.971172638436482,0.6000000000000001,0.75,0.5324652394614875,0.768338841293816,0.768338841293816,0.8115075629572489,0.7791310217096743
CHEMBL1265,ADAPALENE,10,4,10,0.6565002140277312,-11.96,-9.276,False,Launched,retinoid receptor agonist,acne vulgaris (AV),412.5,6.68,46.5,SLC2A1,-11.96,99.08675799086758,0.9908675799086758,0.0,0.8,0.9141924959216966,0.6934759063517248,0.6934759063517248,1.0,0.7701069297637937
CHEMBL4297528,RISDIPLAM,10,1,7,0.6788712401535394,-11.47,-8.766,False,Phase 2/Phase 3,RNA splicing inhibitor,,401.5,1.96,79.8,SLC2A1,-11.47,98.07566862361384,0.9807566862361383,0.0,1.0,0.9141924959216966,0.7294315488827098,0.7294315488827098,0.8671944789536634,0.7638722814004482
CHEMBL521686,OLAPARIB,10,2,7,0.668482108628767,-11.22,-9.168,False,Launched,PARP inhibitor,ovarian cancer,434.5,2.35,86.4,AXL,-9.122,98.56724194073591,0.9856724194073592,0.0,1.0,0.8797731045932484,0.7262349334519309,0.7262349334519309,0.8671944789536634,0.7614748198273641
CHEMBL6068328,ELTROMBOPAG CHOLINE,10,5,9,0.6546694355750781,-11.68,-9.425,False,,,,441.5,3.23,117.4,SLC2A1,-11.68,98.74429223744292,0.9874429223744292,0.0,0.8,0.9141924959216966,0.6921060433380263,0.6921060433380263,0.9602525677891275,0.7591426744508015
CHEMBL1621,PALIPERIDONE,10,0,7,0.6818722700359225,-10.42,-8.8535,False,Launched,dopamine receptor antagonist|serotonin receptor antagonist,schizophrenia,426.5,3.08,84.4,AXL,-8.481,95.05047215890589,0.9505047215890589,0.0,1.0,0.8797731045932484,0.7121678543246107,0.7121678543246107,0.8671944789536634,0.7509245104818739
CHEMBL4650220,ZAVEGEPANT HYDROCHLORIDE,10,10,10,0.6196347629428485,-13.68,-10.009,False,,,,638.8,3.45,120.7,SLC2A1,-13.68,99.95107632093934,0.9995107632093934,0.0,0.6,0.9141924959216966,0.6569331796720118,0.6569331796720118,1.0,0.7426998847540088
CHEMBL2397415,ZAVEGEPANT,10,10,10,0.6196347629428485,-13.68,-10.009,False,,,,638.8,3.45,120.7,SLC2A1,-13.68,99.95107632093934,0.9995107632093934,0.0,0.6,0.9141924959216966,0.6569331796720118,0.6569331796720118,1.0,0.7426998847540088
CHEMBL1983268,ENTRECTINIB,10,4,10,0.6128363418077507,-12.34,-9.141,False,Launched,ALK tyrosine kinase receptor inhibitor|proto-oncogene tyrosine protein kinase inhibitor,non-small cell lung cancer (NSCLC),560.6,5.03,85.5,SLC2A1,-12.34,99.47814742335291,0.994781474233529,0.0,0.6,0.9141924959216966,0.6550414640816661,0.6550414640816661,1.0,0.7412810980612495
CHEMBL1200969,DUTASTERIDE,10,6,10,0.6166811955678166,-12.52,-9.680499999999999,False,Launched,5 alpha reductase inhibitor,benign prostatic hyperplasia (BPH),528.5,6.58,58.2,SLC2A1,-12.23,99.38030006523158,0.9938030006523157,0.0,0.6,0.9141924959216966,0.6546500746491808,0.6546500746491808,1.0,0.7409875559868856
CHEMBL1615372,LURASIDONE HYDROCHLORIDE,10,0,10,0.6106858415330774,-11.73,-8.751999999999999,False,,,,492.7,4.26,56.8,SLC2A1,-11.73,98.80952380952381,0.9880952380952381,0.0,0.6,0.9141924959216966,0.6523669696263498,0.6523669696263498,1.0,0.7392752272197624
CHEMBL2448612,ERGOTAMINE TARTRATE,10,5,10,0.6135881372039019,-10.93,-9.6335,False,,,,581.7,1.99,118.2,AXL,-10.48,99.91859329208727,0.9991859329208727,0.0,0.6,0.8797731045932484,0.6516403388573363,0.6516403388573363,1.0,0.7387302541430022
CHEMBL3989691,ELTROMBOPAG OLAMINE,10,5,10,0.614836679672109,-11.6,-9.9495,False,,,,442.5,4.56,114.6,SLC2A1,-11.6,98.61382909328114,0.9861382909328114,0.0,0.6,0.9141924959216966,0.6515841907613791,0.6515841907613791,1.0,0.7386881430710344
CHEMBL461101,ELTROMBOPAG,10,5,10,0.614836679672109,-11.6,-9.9495,False,Launched,thrombopoietin receptor agonist,anemia|hepatitis C|thrombocytopenia,442.5,4.56,114.6,SLC2A1,-11.6,98.61382909328114,0.9861382909328114,0.0,0.6,0.9141924959216966,0.6515841907613791,0.6515841907613791,1.0,0.7386881430710344
CHEMBL3989866,BICTEGRAVIR,10,3,7,0.6454336831760072,-10.57,-9.3585,False,Launched,HIV integrase inhibitor,human immunodeficiency virus (HIV-1),449.4,1.63,100.9,AXL,-9.417,99.1208075545425,0.9912080755454249,0.0,0.8,0.8797731045932484,0.6884491959071573,0.6884491959071573,0.8671944789536634,0.7331355166687837
CHEMBL1509,DROSPIRENONE,10,1,6,0.6565863943689068,-11.29,-8.783,False,Launched,mineralocorticoid receptor antagonist,contraceptive,366.5,4.31,43.4,AXL,-9.134,98.59980462390101,0.9859980462390101,0.0,0.9,0.8797731045932484,0.7063651841845913,0.7063651841845913,0.8115075629572489,0.7326507788777558
CHEMBL2105708,PONATINIB HYDROCHLORIDE,10,5,9,0.6103451845912032,-12.73,-9.559000000000001,False,,,,532.6,4.46,65.8,SLC2A1,-12.73,99.6249184605349,0.996249184605349,0.0,0.6,0.9141924959216966,0.6556285482303941,0.6556285482303941,0.9602525677891275,0.7317845531200774
CHEMBL1171837,PONATINIB,10,5,9,0.6103451845912032,-12.73,-9.559000000000001,False,Launched,Bcr-Abl kinase inhibitor|FLT3 inhibitor|PDGFR tyrosine kinase receptor inhibitor,chronic myeloid leukemia (CML)|acute lymphoblastic leukemia (ALL),532.6,4.46,65.8,SLC2A1,-12.73,99.6249184605349,0.996249184605349,0.0,0.6,0.9141924959216966,0.6556285482303941,0.6556285482303941,0.9602525677891275,0.7317845531200774
CHEMBL608533,MIDOSTAURIN,10,7,9,0.6134349058331722,-12.54,-9.219,False,Launched,FLT3 inhibitor|KIT inhibitor|PKC inhibitor,acute myeloid leukemia (AML),570.6,5.91,77.7,SLC2A1,-12.54,99.57599478147424,0.9957599478147423,0.0,0.6,0.9141924959216966,0.6554328535141515,0.6554328535141515,0.9602525677891275,0.7316377820828954
CHEMBL1471,APREPITANT,10,2,9,0.6065046145030529,-11.58,-8.869,False,Launched,tachykinin antagonist,nausea|vomiting,534.4,4.95,83.2,SLC2A1,-11.58,98.51598173515981,0.9851598173515981,0.0,0.6,0.9141924959216966,0.6511928013288938,0.6511928013288938,0.9602525677891275,0.7284577429439522
CHEMBL941,IMATINIB,10,3,9,0.6101430731706092,-11.43,-9.08,False,Launched,Bcr-Abl kinase inhibitor|KIT inhibitor|PDGFR tyrosine kinase receptor inhibitor,chronic myeloid leukemia (CML)|acute lymphoblastic leukemia (ALL)|myelodysplastic diseases (MDS)|aggressive systemic mastocytosis (ASM)|hypereosinophilic syndrome (HES)|chronic eosinophilic leukemia (CEL)|dermatofibrosarcoma protuberans (DFSP)|gastrointestinal stromal tumors (GIST),493.6,4.59,86.3,SLC2A1,-11.43,97.86366601435094,0.9786366601435094,0.0,0.6,0.9141924959216966,0.6485835384456583,0.6485835384456583,0.9602525677891275,0.7265007957815256
CHEMBL1642,IMATINIB MESYLATE,10,3,9,0.6101430731706092,-11.43,-9.08,False,,,,493.6,4.59,86.3,SLC2A1,-11.43,97.86366601435094,0.9786366601435094,0.0,0.6,0.9141924959216966,0.6485835384456583,0.6485835384456583,0.9602525677891275,0.7265007957815256
CHEMBL25202,TAMIBAROTENE,10,0,6,0.6584745563009736,-10.51,-9.0335,False,Launched,retinoid receptor agonist,acute promyelocytic leukemia (APL),351.4,4.99,66.4,TNIK,-9.786,98.49820437479595,0.9849820437479595,0.0,0.9,0.8242056993121519,0.6976236723960066,0.6976236723960066,0.8115075629572489,0.7260946450363173
CHEMBL5315121,TECOVIRIMAT MONOHYDRATE,10,2,5,0.6794980871973338,-10.7,-9.4765,False,,,,376.3,2.4,66.5,TNIK,-9.889,98.6124714332354,0.9861247143323539,0.0,1.0,0.8242056993121519,0.7180807406297645,0.7180807406297645,0.7472217363092141,0.7253659895496269
CHEMBL1257073,TECOVIRIMAT,10,2,5,0.6794980871973338,-10.7,-9.4765,False,Launched,orthopoxvirus egress inhibitor,smallpox,376.3,2.4,66.5,TNIK,-9.889,98.6124714332354,0.9861247143323539,0.0,1.0,0.8242056993121519,0.7180807406297645,0.7180807406297645,0.7472217363092141,0.7253659895496269
CHEMBL46516,FLUSPIRILENE,10,0,7,0.6072533112614217,-11.3,-8.896999999999998,False,Launched,dopamine receptor antagonist,schizophrenia,475.6,5.31,35.6,SLC2A1,-11.3,97.58643183300717,0.9758643183300717,0.0,0.75,0.9141924959216966,0.6774746017202832,0.6774746017202832,0.8671944789536634,0.7249045710286283
CHEMBL493,BROMOCRIPTINE,10,1,6,0.6162568763125102,-11.53,-8.834499999999998,False,Launched,dopamine receptor agonist,hyperprolactinemia|Parkinson's Disease|acromegaly,654.6,3.19,118.2,ADRA2A,-9.286,90.96091205211727,0.9096091205211727,0.4,0.75,0.5324652394614875,0.6937134341276923,0.6937134341276923,0.8115075629572489,0.7231619663350815
CHEMBL1200935,DARIFENACIN HYDROBROMIDE,10,0,5,0.6747646265889721,-10.62,-8.9305,False,,,,426.6,3.96,55.6,ACVR1,-10.62,98.69918699186991,0.986991869918699,0.0,1.0,0.7969667318982387,0.7143417577522154,0.7143417577522154,0.7472217363092141,0.7225617523914651
CHEMBL1346,DARIFENACIN,10,0,5,0.6747646265889721,-10.62,-8.9305,False,Launched,acetylcholine receptor antagonist,urinary incontinence,426.6,3.96,55.6,ACVR1,-10.62,98.69918699186991,0.986991869918699,0.0,1.0,0.7969667318982387,0.7143417577522154,0.7143417577522154,0.7472217363092141,0.7225617523914651
CHEMBL434394,NEBIVOLOL,10,0,5,0.671674773632826,-10.08,-8.929,False,Launched,adrenergic receptor antagonist,hypertension,405.4,2.36,71.0,MAPK14,-8.981,98.32138200782269,0.9832138200782269,0.0,1.0,0.778536615334207,0.7100660203314217,0.7100660203314217,0.7472217363092141,0.7193549493258699
CHEMBL1201731,NEBIVOLOL HYDROCHLORIDE,10,0,5,0.671674773632826,-10.08,-8.929,False,,,,405.4,2.36,71.0,MAPK14,-8.981,98.32138200782269,0.9832138200782269,0.0,1.0,0.778536615334207,0.7100660203314217,0.7100660203314217,0.7472217363092141,0.7193549493258699
CHEMBL94454,MIZOLASTINE,10,0,5,0.6558295491654862,-10.33,-8.186,False,Launched,histamine receptor antagonist,urticaria|allergic rhinitis,432.5,3.41,70.1,ACVR1,-10.08,96.65040650406505,0.9665040650406505,0.0,1.0,0.7969667318982387,0.706146635800996,0.706146635800996,0.7472217363092141,0.7164154109280505
CHEMBL12713,SERTINDOLE,10,0,6,0.6263464933263656,-11.09,-8.4805,False,Withdrawn,dopamine receptor antagonist|serotonin receptor antagonist,,441.0,4.63,40.5,SLC2A1,-11.09,96.7058056099152,0.9670580560991521,0.0,0.8,0.9141924959216966,0.6839520968279154,0.6839520968279154,0.8115075629572489,0.7158409633602488
CHEMBL3989867,BICTEGRAVIR SODIUM,10,0,6,0.6387831618337805,-10.46,-8.778500000000001,False,,,,448.4,1.0,103.7,AXL,-8.791,97.49267339628786,0.9749267339628785,0.0,0.8,0.8797731045932484,0.6819366592741387,0.6819366592741387,0.8115075629572489,0.7143293851949163
CHEMBL1094636,NIRAPARIB,10,0,5,0.6763382484408085,-10.22,-8.739999999999998,False,Launched,PARP inhibitor,primary peritoneal cancer (PPC),320.4,2.59,72.9,MAPK14,-8.667,96.46349413298566,0.9646349413298566,0.0,1.0,0.778536615334207,0.7026344688320736,0.7026344688320736,0.7472217363092141,0.7137812857013588
CHEMBL3989922,NIRAPARIB TOSYLATE MONOHYDRATE,10,0,5,0.6763382484408085,-10.22,-8.739999999999998,False,,,,320.4,2.59,72.9,MAPK14,-8.667,96.46349413298566,0.9646349413298566,0.0,1.0,0.778536615334207,0.7026344688320736,0.7026344688320736,0.7472217363092141,0.7137812857013588
CHEMBL2107826,VIBEGRON,10,1,6,0.6327811503714453,-10.75,-8.925,False,,,,444.5,2.77,96.2,TNIK,-10.23,99.34704538034606,0.9934704538034606,0.0,0.8,0.8242056993121519,0.681019036418207,0.681019036418207,0.8115075629572489,0.7136411680529675
CHEMBL255863,NILOTINIB,10,8,10,0.5785656605994138,-13.12,-9.514,False,Launched,Abl kinase inhibitor|Bcr-Abl kinase inhibitor,chronic myeloid leukemia (CML),529.5,6.36,97.6,SLC2A1,-13.12,99.75538160469667,0.9975538160469667,0.0,0.4,0.9141924959216966,0.6161504008070412,0.6161504008070412,1.0,0.7121128006052809
CHEMBL1201740,NILOTINIB HYDROCHLORIDE MONOHYDRATE,10,8,10,0.5785656605994138,-13.12,-9.514,False,,,,529.5,6.36,97.6,SLC2A1,-13.12,99.75538160469667,0.9975538160469667,0.0,0.4,0.9141924959216966,0.6161504008070412,0.6161504008070412,1.0,0.7121128006052809
CHEMBL1229211,DOLUTEGRAVIR,10,0,6,0.6424872347029179,-10.57,-8.876999999999999,False,Launched,HIV integrase inhibitor,human immunodeficiency virus (HIV-1),419.4,1.35,100.9,TNIK,-9.873,98.56349983676135,0.9856349983676135,0.0,0.8,0.8242056993121519,0.6778848542438682,0.6778848542438682,0.8115075629572489,0.7112905314222134
CHEMBL254328,ABIRATERONE,10,0,5,0.6467444255018406,-9.889,-8.6315,False,Launched,androgen biosynthesis inhibitor,prostate cancer,349.5,5.4,33.1,AXL,-8.694,96.74373168349072,0.9674373168349072,0.0,0.9,0.8797731045932484,0.6989408924229501,0.6989408924229501,0.7472217363092141,0.7110111033945161
CHEMBL2107495,TEMAFLOXACIN HYDROCHLORIDE,10,0,4,0.6677233634713255,-10.32,-8.4755,False,,,,417.4,2.9,74.6,AXL,-8.724,97.11820253988928,0.9711820253988929,0.0,1.0,0.8797731045932484,0.7204387758485443,0.7204387758485443,0.6711877414712396,0.7081260172542182
CHEMBL277100,TEMAFLOXACIN,10,0,4,0.6677233634713255,-10.32,-8.4755,False,,,,417.4,2.9,74.6,AXL,-8.724,97.11820253988928,0.9711820253988929,0.0,1.0,0.8797731045932484,0.7204387758485443,0.7204387758485443,0.6711877414712396,0.7081260172542182
CHEMBL345524,ANTRAFENINE,10,2,7,0.5898948881188911,-12.01,-8.753499999999999,False,,,,588.6,7.0,57.7,SLC2A1,-12.01,99.21722113502935,0.9921722113502934,0.0,0.6,0.9141924959216966,0.6539977589283719,0.6539977589283719,0.8671944789536634,0.7072969389346948
CHEMBL3894860,TRILACICLIB,10,2,5,0.6404172218900773,-11.94,-8.593499999999999,False,Phase 2,CDK inhibitor,,446.6,2.72,91.2,SLC2A1,-11.94,99.00521852576647,0.9900521852576647,0.0,0.8,0.9141924959216966,0.6931497484913204,0.6931497484913204,0.7472217363092141,0.7066677454457938
CHEMBL4650272,TRILACICLIB DIHYDROCHLORIDE,10,2,5,0.6404172218900773,-11.94,-8.593499999999999,False,,,,446.6,2.72,91.2,SLC2A1,-11.94,99.00521852576647,0.9900521852576647,0.0,0.8,0.9141924959216966,0.6931497484913204,0.6931497484913204,0.7472217363092141,0.7066677454457938
CHEMBL708,ZIPRASIDONE,10,1,3,0.6764841646520305,-10.42,-8.5465,False,Launched,dopamine receptor antagonist|serotonin receptor antagonist,schizophrenia|bipolar disorder,412.9,3.81,48.5,ADRA2A,-9.354,91.93811074918567,0.9193811074918566,0.4,1.0,0.5324652394614875,0.7476222289159659,0.7476222289159659,0.5781296526357756,0.7052490848459183
CHEMBL3545253,FLORTAUCIPIR F 18,10,1,4,0.6517252748824538,-9.586,-8.665500000000002,False,,,,262.3,3.92,41.6,TNIK,-9.586,97.92686908259876,0.9792686908259876,0.0,1.0,0.8242056993121519,0.7153383312272179,0.7153383312272179,0.6711877414712396,0.7043006837882233
CHEMBL3546271,FLORTAUCIPIR,10,1,4,0.6517252748824538,-9.586,-8.665500000000002,False,,,,263.3,3.92,41.6,TNIK,-9.586,97.92686908259876,0.9792686908259876,0.0,1.0,0.8242056993121519,0.7153383312272179,0.7153383312272179,0.6711877414712396,0.7043006837882233
CHEMBL1017,TELMISARTAN,10,2,7,0.5900590262835256,-11.28,-8.503499999999999,False,Launched,angiotensin receptor antagonist,hypertension,514.6,7.26,72.9,SLC2A1,-11.28,97.35812133072407,0.9735812133072408,0.0,0.6,0.9141924959216966,0.6465613597111508,0.6465613597111508,0.8671944789536634,0.701719639521779
CHEMBL3039520,LASMIDITAN,10,0,4,0.668933791107666,-9.653,-8.857,False,Launched,serotonin receptor agonist,,377.4,3.28,62.3,MAPK14,-9.109,98.77770534550196,0.9877770534550195,0.0,1.0,0.778536615334207,0.7118913136821388,0.7118913136821388,0.6711877414712396,0.701715420629414
CHEMBL3039526,LASMIDITAN SUCCINATE,10,0,4,0.668933791107666,-9.653,-8.857,False,,,,377.4,3.28,62.3,MAPK14,-9.109,98.77770534550196,0.9877770534550195,0.0,1.0,0.778536615334207,0.7118913136821388,0.7118913136821388,0.6711877414712396,0.701715420629414
CHEMBL3137317,SONIDEGIB PHOSPHATE,10,1,7,0.5958772489524579,-11.09,-8.639,False,,,,485.5,5.82,63.7,SLC2A1,-11.09,96.7058056099152,0.9670580560991521,0.0,0.6,0.9141924959216966,0.6439520968279153,0.6439520968279153,0.8671944789536634,0.6997626923593523
CHEMBL2105737,SONIDEGIB,10,1,7,0.5958772489524579,-11.09,-8.639,False,Launched,smoothened receptor antagonist,basal cell carcinoma (BCC),485.5,5.82,63.7,SLC2A1,-11.09,96.7058056099152,0.9670580560991521,0.0,0.6,0.9141924959216966,0.6439520968279153,0.6439520968279153,0.8671944789536634,0.6997626923593523
CHEMBL3989868,TUCATINIB,10,3,9,0.5720721049155658,-11.75,-9.3865,False,Phase 3,EGFR inhibitor,,480.5,5.09,110.9,SLC2A1,-11.75,98.85844748858447,0.9885844748858448,0.0,0.4,0.9141924959216966,0.6125626643425924,0.6125626643425924,0.9602525677891275,0.6994851402042261
CHEMBL231068,FLIBANSERIN,10,0,4,0.6708317005327686,-10.28,-8.6585,False,Launched,serotonin receptor agonist,hypoactive sexual desire disorder,390.4,3.17,44.3,TNIK,-9.254,96.31080639895528,0.9631080639895528,0.0,1.0,0.8242056993121519,0.7088740804926439,0.7088740804926439,0.6711877414712396,0.6994524957372928
CHEMBL3991065,ATOGEPANT,10,4,7,0.5890351781176941,-11.75,-8.8005,False,,,,603.5,3.95,104.3,TNIK,-10.72,99.86940907606922,0.9986940907606922,0.0,0.6,0.8242056993121519,0.6431084912010997,0.6431084912010997,0.8671944789536634,0.6991299881392407
CHEMBL2403238,CABOTEGRAVIR,10,2,7,0.6029632948780136,-10.34,-8.623000000000001,False,Phase 3,HIV integrase inhibitor,,405.4,0.96,100.9,TNIK,-10.12,99.0205680705191,0.990205680705191,0.0,0.6,0.8242056993121519,0.6397131271788992,0.6397131271788992,0.8671944789536634,0.6965834651225902
CHEMBL3989933,ETRASIMOD ARGININE,10,2,7,0.6011155523644736,-10.79,-9.3335,False,,,,457.5,6.93,62.3,SLC2A1,-10.79,95.51532941943901,0.9551532941943901,0.0,0.6,0.9141924959216966,0.6391901920660106,0.6391901920660106,0.8671944789536634,0.6961912637879237
CHEMBL3358920,ETRASIMOD,10,2,7,0.6011155523644736,-10.79,-9.3335,False,Phase 3,sphingosine 1-phosphate receptor antagonist,,457.5,6.93,62.3,SLC2A1,-10.79,95.51532941943901,0.9551532941943901,0.0,0.6,0.9141924959216966,0.6391901920660106,0.6391901920660106,0.8671944789536634,0.6961912637879237
CHEMBL1201733,PAZOPANIB HYDROCHLORIDE,10,1,5,0.6339408783720986,-10.54,-8.8065,False,,,,437.5,3.14,119.0,TNIK,-9.723,98.31864185439112,0.9831864185439112,0.0,0.8,0.8242056993121519,0.6769054223143873,0.6769054223143873,0.7472217363092141,0.694484500813094
CHEMBL477772,PAZOPANIB,10,1,5,0.6339408783720986,-10.54,-8.8065,False,Launched,KIT inhibitor|PDGFR tyrosine kinase receptor inhibitor|VEGFR inhibitor,renal cell carcinoma (RCC)|soft tissue sarcoma (STS),437.5,3.14,119.0,TNIK,-9.723,98.31864185439112,0.9831864185439112,0.0,0.8,0.8242056993121519,0.6769054223143873,0.6769054223143873,0.7472217363092141,0.694484500813094
CHEMBL1200517,DIHYDROERGOTAMINE MESYLATE,10,3,6,0.5896959466643332,-12.02,-9.218,False,,,,583.7,2.08,118.2,SLC2A1,-12.02,99.26614481409001,0.9926614481409001,0.0,0.6,0.9141924959216966,0.6541934536446146,0.6541934536446146,0.8115075629572489,0.6935219809727732
CHEMBL1423,PIMOZIDE,10,0,5,0.6158176779688631,-11.06,-8.5195,False,Launched,dopamine receptor antagonist,Tourette's disorder,461.6,5.86,41.0,SLC2A1,-11.06,96.57534246575342,0.9657534246575342,0.0,0.75,0.9141924959216966,0.6734302442512682,0.6734302442512682,0.7472217363092141,0.6918781172657547
CHEMBL3948730,UMBRALISIB,10,4,8,0.5616952766379777,-13.13,-9.5695,False,,,,571.6,6.66,109.1,SLC2A1,-13.13,99.82061317677756,0.9982061317677755,0.0,0.4,0.9141924959216966,0.6164113270953647,0.6164113270953647,0.9163138199826525,0.6913869503171867
CHEMBL3989869,UMBRALISIB TOSYLATE,10,4,8,0.5616952766379777,-13.13,-9.5695,False,,,,571.6,6.66,109.1,SLC2A1,-13.13,99.82061317677756,0.9982061317677755,0.0,0.4,0.9141924959216966,0.6164113270953647,0.6164113270953647,0.9163138199826525,0.6913869503171867
CHEMBL1200503,BROMOCRIPTINE MESYLATE,10,1,6,0.5762568763125102,-11.53,-8.834499999999998,False,,,,654.6,3.19,118.2,SLC2A1,-11.53,98.28767123287672,0.9828767123287672,0.0,0.6,0.9141924959216966,0.6502795593197613,0.6502795593197613,0.8115075629572489,0.6905865602291332
CHEMBL2105662,LOMITAPIDE MESYLATE,10,3,8,0.5397473913886126,-12.0,-9.023,False,,,,693.7,8.38,61.4,SLC2A1,-12.0,99.16829745596868,0.9916829745596868,0.0,0.4,0.9141924959216966,0.6138020642121292,0.6138020642121292,0.9163138199826525,0.6894300031547601
CHEMBL354541,LOMITAPIDE,10,3,8,0.5397473913886126,-12.0,-9.023,False,Launched,microsomal trigylceride transfer protein inhibitor,hypercholesterolemia,693.7,8.38,61.4,SLC2A1,-12.0,99.16829745596868,0.9916829745596868,0.0,0.4,0.9141924959216966,0.6138020642121292,0.6138020642121292,0.9163138199826525,0.6894300031547601
CHEMBL4594292,TEPOTINIB HYDROCHLORIDE,10,3,8,0.5692858187015074,-11.9,-9.234,False,,,,492.6,4.01,96.9,SLC2A1,-11.9,98.93998695368559,0.9893998695368559,0.0,0.4,0.9141924959216966,0.6128888222029969,0.6128888222029969,0.9163138199826525,0.6887450716479108
CHEMBL3402762,TEPOTINIB,10,3,8,0.5692858187015074,-11.9,-9.234,False,,,,492.6,4.01,96.9,SLC2A1,-11.9,98.93998695368559,0.9893998695368559,0.0,0.4,0.9141924959216966,0.6128888222029969,0.6128888222029969,0.9163138199826525,0.6887450716479108
CHEMBL493982,VORAPAXAR,10,0,6,0.5927802753984835,-11.29,-8.254999999999999,False,Launched,thrombin inhibitor,myocardial infarction|peripheral artery disease (PAD),492.6,5.63,77.5,SLC2A1,-11.29,97.48858447488584,0.9748858447488584,0.0,0.6,0.9141924959216966,0.6470832122877979,0.6470832122877979,0.8115075629572489,0.6881892999551606
CHEMBL2107386,VORAPAXAR SULFATE,10,0,6,0.5927802753984835,-11.29,-8.254999999999999,False,,,,492.6,5.63,77.5,SLC2A1,-11.29,97.48858447488584,0.9748858447488584,0.0,0.6,0.9141924959216966,0.6470832122877979,0.6470832122877979,0.8115075629572489,0.6881892999551606
CHEMBL3707331,ROLAPITANT,10,2,6,0.589812815321779,-11.14,-8.8655,False,Phase 3,neurokinin receptor antagonist,,500.5,5.73,50.4,SLC2A1,-11.14,96.91780821917808,0.9691780821917808,0.0,0.6,0.9141924959216966,0.6448001072649668,0.6448001072649668,0.8115075629572489,0.6864769711880374
CHEMBL3707330,ROLAPITANT HYDROCHLORIDE,10,2,6,0.589812815321779,-11.14,-8.8655,False,,,,500.5,5.73,50.4,SLC2A1,-11.14,96.91780821917808,0.9691780821917808,0.0,0.6,0.9141924959216966,0.6448001072649668,0.6448001072649668,0.8115075629572489,0.6864769711880374
CHEMBL3137320,TALAZOPARIB,10,0,3,0.664095835712341,-10.95,-8.3635,False,Launched,PARP inhibitor,breast cancer,380.4,2.63,88.5,SLC2A1,-10.95,96.28180039138942,0.9628180039138943,0.0,1.0,0.9141924959216966,0.7222560759538122,0.7222560759538122,0.5781296526357756,0.6862244701243031
CHEMBL3137318,TALAZOPARIB TOSYLATE,10,0,3,0.664095835712341,-10.95,-8.3635,False,,,,380.4,2.63,88.5,SLC2A1,-10.95,96.28180039138942,0.9628180039138943,0.0,1.0,0.9141924959216966,0.7222560759538122,0.7222560759538122,0.5781296526357756,0.6862244701243031
CHEMBL2103870,LUMACAFTOR,10,3,8,0.5699830541503167,-11.41,-9.289000000000001,False,Launched,CFTR channel agonist,cystic fibrosis,452.4,4.75,97.8,SLC2A1,-11.41,97.78212654924984,0.9778212654924984,0.0,0.4,0.9141924959216966,0.6082573805852538,0.6082573805852538,0.9163138199826525,0.6852714904346034
CHEMBL1375743,ZIPRASIDONE HYDROCHLORIDE,10,1,3,0.6664841646520305,-10.42,-8.5465,False,,,,412.9,3.81,48.5,TNIK,-10.15,99.15115899444989,0.9915115899444988,0.0,1.0,0.8242056993121519,0.7202354908746224,0.7202354908746224,0.5781296526357756,0.6847090313149107
CHEMBL3989833,ZIPRASIDONE MESYLATE,10,1,3,0.6664841646520305,-10.42,-8.5465,False,,,,412.9,3.81,48.5,TNIK,-10.15,99.15115899444989,0.9915115899444988,0.0,1.0,0.8242056993121519,0.7202354908746224,0.7202354908746224,0.5781296526357756,0.6847090313149107
CHEMBL1200973,ESTRADIOL CYPIONATE,10,0,4,0.6471337760079068,-10.42,-8.539000000000001,False,,,,396.6,6.13,46.5,SLC2A1,-10.42,92.98760600130464,0.9298760600130465,0.0,0.9,0.9141924959216966,0.6890792983934731,0.6890792983934731,0.6711877414712396,0.6846064091629148
CHEMBL2005186,BELUMOSUDIL,10,1,8,0.5692229749156215,-11.29,-9.1025,False,,,,452.5,4.82,104.8,SLC2A1,-11.29,97.48858447488584,0.9748858447488584,0.0,0.4,0.9141924959216966,0.6070832122877978,0.6070832122877978,0.9163138199826525,0.6843908642115115
CHEMBL4802130,BELUMOSUDIL MESYLATE,10,1,8,0.5692229749156215,-11.29,-9.1025,False,,,,452.5,4.82,104.8,SLC2A1,-11.29,97.48858447488584,0.9748858447488584,0.0,0.4,0.9141924959216966,0.6070832122877978,0.6070832122877978,0.9163138199826525,0.6843908642115115
CHEMBL51,KETANSERIN,10,0,3,0.6675055968765519,-9.981,-8.7,False,Launched,serotonin receptor antagonist,hypertension,395.4,2.42,75.2,TNIK,-9.912,98.69409076069213,0.9869409076069213,0.0,1.0,0.8242056993121519,0.7184072179395913,0.7184072179395913,0.5781296526357756,0.6833378266136374
CHEMBL1213165,DOLUTEGRAVIR SODIUM,10,1,6,0.6028114656347584,-10.77,-8.5855,False,,,,418.4,0.72,103.7,TNIK,-10.19,99.21645445641528,0.9921645445641528,0.0,0.6,0.8242056993121519,0.6404966727224839,0.6404966727224839,0.8115075629572489,0.6832493952811751
CHEMBL1201271,BUCLIZINE,10,1,2,0.7063621379002262,-10.9,-8.4885,False,Launched,histamine receptor antagonist,migraine headache,433.0,6.54,6.5,ACVR1,-10.9,99.43089430894308,0.9943089430894309,0.2,0.9500000000000001,0.7969667318982387,0.7572685870205081,0.7572685870205081,0.45815690999132624,0.6824906677632127
CHEMBL189963,PALBOCICLIB,10,0,4,0.6299179032051913,-11.15,-8.3035,False,Launched,CDK inhibitor,breast cancer,447.5,2.97,105.0,SLC2A1,-11.15,96.96673189823875,0.9696673189823874,0.0,0.8,0.9141924959216966,0.6849958019812096,0.6849958019812096,0.6711877414712396,0.6815437868537171
CHEMBL3889654,LAROTRECTINIB,10,0,3,0.667270715472252,-10.57,-8.5795,False,Launched,tropomyosin receptor kinase inhibitor,,428.4,2.95,86.0,SLC2A1,-10.57,94.29223744292237,0.9429223744292237,0.0,1.0,0.9141924959216966,0.7142978241599439,0.7142978241599439,0.5781296526357756,0.6802557812789018
CHEMBL3989939,LAROTRECTINIB SULFATE,10,0,3,0.667270715472252,-10.57,-8.5795,False,,,,428.4,2.95,86.0,SLC2A1,-10.57,94.29223744292237,0.9429223744292237,0.0,1.0,0.9141924959216966,0.7142978241599439,0.7142978241599439,0.5781296526357756,0.6802557812789018
CHEMBL2010601,IVACAFTOR,10,1,4,0.601629984532261,-11.03,-8.2925,False,Launched,CFTR channel potentiator,cystic fibrosis,392.5,5.08,82.2,SLC2A1,-11.03,96.46118721461188,0.9646118721461189,0.0,0.8,0.9141924959216966,0.6829736232467021,0.6829736232467021,0.6711877414712396,0.6800271528028365
CHEMBL219916,DOMPERIDONE,10,0,3,0.6680937608816298,-9.754,-8.6845,False,Launched,dopamine receptor antagonist,fescue toxicosis,425.9,3.35,78.8,TNIK,-9.501,97.58406790728044,0.9758406790728045,0.0,1.0,0.8242056993121519,0.7139671265259446,0.7139671265259446,0.5781296526357756,0.6800077580534024
CHEMBL481,IRINOTECAN,10,5,7,0.5543841434553809,-13.36,-8.6135,False,Launched,topoisomerase inhibitor,colorectal cancer,586.7,4.09,114.2,SLC2A1,-13.36,99.88584474885845,0.9988584474885844,0.0,0.4,0.9141924959216966,0.6166722533836884,0.6166722533836884,0.8671944789536634,0.6793028097761822
CHEMBL3989514,IRINOTECAN HYDROCHLORIDE,10,5,7,0.5543841434553809,-13.36,-8.6135,False,,,,586.7,4.09,114.2,SLC2A1,-13.36,99.88584474885845,0.9988584474885844,0.0,0.4,0.9141924959216966,0.6166722533836884,0.6166722533836884,0.8671944789536634,0.6793028097761822
CHEMBL5315125,DUVELISIB MONOHYDRATE,10,0,4,0.610961173293681,-10.87,-8.186499999999999,False,,,,416.9,4.48,88.5,SLC2A1,-10.87,95.80887149380301,0.9580887149380302,0.0,0.8,0.9141924959216966,0.6803643603634666,0.6803643603634666,0.6711877414712396,0.6780702056404099
CHEMBL3039502,DUVELISIB,10,0,4,0.610961173293681,-10.87,-8.186499999999999,False,Launched,PI3K inhibitor,,416.9,4.48,88.5,SLC2A1,-10.87,95.80887149380301,0.9580887149380302,0.0,0.8,0.9141924959216966,0.6803643603634666,0.6803643603634666,0.6711877414712396,0.6780702056404099
CHEMBL1789842,INDACATEROL MALEATE,10,0,4,0.6282818148069337,-10.85,-8.392,False,,,,392.5,3.15,85.3,SLC2A1,-10.85,95.67840834964123,0.9567840834964123,0.0,0.8,0.9141924959216966,0.6798425077868194,0.6798425077868194,0.6711877414712396,0.6776788162079245
CHEMBL1095777,INDACATEROL,10,0,4,0.6282818148069337,-10.85,-8.392,False,Launched,adrenergic receptor agonist,chronic obstructive pulmonary disease (COPD),392.5,3.15,85.3,SLC2A1,-10.85,95.67840834964123,0.9567840834964123,0.0,0.8,0.9141924959216966,0.6798425077868194,0.6798425077868194,0.6711877414712396,0.6776788162079245
CHEMBL1200609,PAROXETINE MESYLATE,10,0,3,0.6298655557400397,-9.229,-8.2875,False,,,,329.4,3.33,39.7,MAPK14,-9.002,98.46805736636244,0.9846805736636245,0.0,1.0,0.778536615334207,0.7106527217655809,0.7106527217655809,0.5781296526357756,0.6775219544831296
CHEMBL490,PAROXETINE,10,0,3,0.6298655557400397,-9.229,-8.2875,False,Launched,selective serotonin reuptake inhibitor (SSRI),depression|obsessive compulsive disorder (OCD)|generalized anxiety disorder (GAD)|panic disorders|posttraumatic stress disorder|social anxiety disorder,329.4,3.33,39.7,MAPK14,-9.002,98.46805736636244,0.9846805736636245,0.0,1.0,0.778536615334207,0.7106527217655809,0.7106527217655809,0.5781296526357756,0.6775219544831296
CHEMBL6067650,PAROXETINE HYDROCHLORIDE,10,0,3,0.6298655557400397,-9.229,-8.2875,False,,,,329.4,3.33,39.7,MAPK14,-9.002,98.46805736636244,0.9846805736636245,0.0,1.0,0.778536615334207,0.7106527217655809,0.7106527217655809,0.5781296526357756,0.6775219544831296
CHEMBL3233142,LUMATEPERONE TOSYLATE,10,0,3,0.6339176410487491,-10.01,-8.2515,False,,,,393.5,3.92,26.8,TNIK,-9.297,96.49036891936011,0.964903689193601,0.0,1.0,0.8242056993121519,0.7095923305742633,0.7095923305742633,0.5781296526357756,0.6767266610896414
CHEMBL3306803,LUMATEPERONE,10,0,3,0.6339176410487491,-10.01,-8.2515,False,Launched,dopamine receptor modulator|serotonin receptor antagonist,,393.5,3.92,26.8,TNIK,-9.297,96.49036891936011,0.964903689193601,0.0,1.0,0.8242056993121519,0.7095923305742633,0.7095923305742633,0.5781296526357756,0.6767266610896414
CHEMBL3936761,ZANUBRUTINIB,10,3,7,0.5628864407751135,-11.6,-9.076,False,Launched,Bruton's tyrosine kinase (BTK) inhibitor,,471.6,4.22,102.5,SLC2A1,-11.6,98.61382909328114,0.9861382909328114,0.0,0.4,0.9141924959216966,0.611584190761379,0.611584190761379,0.8671944789536634,0.6754867628094501
CHEMBL2105755,NALDEMEDINE,10,4,7,0.5553123937699119,-10.39,-8.748999999999999,False,,,,570.6,3.48,141.2,AXL,-10.39,99.85346792575707,0.9985346792575708,0.0,0.4,0.8797731045932484,0.6113798373920156,0.6113798373920156,0.8671944789536634,0.6753334977824276
CHEMBL3039508,NALDEMEDINE TOSYLATE,10,4,7,0.5553123937699119,-10.39,-8.748999999999999,False,,,,570.6,3.48,141.2,AXL,-10.39,99.85346792575707,0.9985346792575708,0.0,0.4,0.8797731045932484,0.6113798373920156,0.6113798373920156,0.8671944789536634,0.6753334977824276
CHEMBL361812,RAMATROBAN,10,0,3,0.6432394890084174,-10.09,-8.2735,False,Launched,prostanoid receptor antagonist,coronary artery disease (CAD)|asthma,416.5,3.09,88.4,AXL,-8.374,93.84565288179746,0.9384565288179746,0.0,1.0,0.8797731045932484,0.707348577216177,0.707348577216177,0.5781296526357756,0.6750438460710767
CHEMBL4204794,AVAPRITINIB,10,1,5,0.5863575863637558,-11.54,-8.3905,False,Launched,KIT inhibitor,,498.6,2.61,106.3,SLC2A1,-11.54,98.3529028049576,0.983529028049576,0.0,0.6,0.9141924959216966,0.6505404856080849,0.6505404856080849,0.7472217363092141,0.6747107982833672
CHEMBL3301610,ABEMACICLIB,10,0,5,0.5774547967088081,-11.5,-8.499500000000001,False,Launched,CDK inhibitor,breast cancer,506.6,4.94,75.0,SLC2A1,-11.5,98.23874755381604,0.9823874755381604,0.0,0.6,0.9141924959216966,0.6500838646035186,0.6500838646035186,0.7472217363092141,0.6743683325299425
CHEMBL2048028,LIFITEGRAST,10,1,7,0.5621347380067357,-11.45,-8.686499999999999,False,Launched,lymphocyte function-associated antigen negative modulator,dry eye syndrome,615.5,4.77,134.0,AXL,-9.853,99.38130901986324,0.9938130901986324,0.0,0.4,0.8797731045932484,0.6094912017684403,0.6094912017684403,0.8671944789536634,0.673917021064746
CHEMBL256907,MARAVIROC,10,0,5,0.5944778561222931,-11.31,-8.471,False,Launched,CC chemokine receptor antagonist,human immunodeficiency virus (HIV-1),513.7,5.95,63.1,SLC2A1,-11.31,97.65166340508806,0.9765166340508806,0.0,0.6,0.9141924959216966,0.6477355280086068,0.6477355280086068,0.7472217363092141,0.6726070800837586
CHEMBL3137309,VENETOCLAX,10,5,9,0.5317235770717829,-12.52,-9.3355,False,Launched,BCL inhibitor,chronic lymphocytic leukemia (CLL),868.5,8.66,172.0,SLC2A1,-12.52,99.54337899543378,0.9954337899543378,0.0,0.2,0.9141924959216966,0.5753023903699896,0.5753023903699896,0.9602525677891275,0.6715399347247741
CHEMBL1292,CLOFAZIMINE,10,2,5,0.5690502778462893,-11.07,-8.321,False,Launched,GK0582 inhibitor,leprosy,473.4,7.49,42.2,SLC2A1,-11.07,96.60795825179387,0.9660795825179388,0.0,0.6,0.9141924959216966,0.64356070739543,0.64356070739543,0.7472217363092141,0.669475964623876
CHEMBL5314600,TIRABRUTINIB HYDROCHLORIDE,10,0,5,0.5849541767606918,-11.05,-8.3025,False,,,,454.5,2.75,108.3,SLC2A1,-11.05,96.52641878669276,0.9652641878669276,0.0,0.6,0.9141924959216966,0.6432345495350256,0.6432345495350256,0.7472217363092141,0.6692313462285727
CHEMBL4071161,TIRABRUTINIB,10,0,5,0.5849541767606918,-11.05,-8.3025,False,,,,454.5,2.75,108.3,SLC2A1,-11.05,96.52641878669276,0.9652641878669276,0.0,0.6,0.9141924959216966,0.6432345495350256,0.6432345495350256,0.7472217363092141,0.6692313462285727
CHEMBL206253,NETUPITANT,10,0,5,0.5933189086620572,-11.02,-8.503499999999999,False,Launched,tachykinin antagonist,nausea|vomiting,578.6,6.79,39.7,SLC2A1,-11.02,96.4122635355512,0.964122635355512,0.0,0.6,0.9141924959216966,0.6427779285304593,0.6427779285304593,0.7472217363092141,0.668888880475148
CHEMBL1450,ATOVAQUONE,10,2,3,0.6401857967442807,-10.84,-8.807500000000001,False,Launched,mitochondrial electron transport inhibitor,pneumonia,366.8,5.51,54.4,SLC2A1,-10.64,94.73255055446836,0.9473255055446836,0.0,0.9,0.9141924959216966,0.696059076606128,0.696059076606128,0.5781296526357756,0.6665767206135399
CHEMBL17157,TERFENADINE,10,0,5,0.5500678534434671,-10.83,-8.3075,False,Withdrawn,histamine receptor antagonist,,471.7,6.45,43.7,SLC2A1,-10.83,95.61317677756034,0.9561317677756034,0.0,0.6,0.9141924959216966,0.6395815814984959,0.6395815814984959,0.7472217363092141,0.6664916202011755
CHEMBL603,ZAFIRLUKAST,10,0,7,0.5608096917757733,-10.83,-8.6155,False,Launched,leukotriene receptor antagonist,asthma,575.7,5.7,115.7,SLC2A1,-10.83,95.61317677756034,0.9561317677756034,0.0,0.4,0.9141924959216966,0.5995815814984959,0.5995815814984959,0.8671944789536634,0.6664848058622879
CHEMBL1162,NORETHINDRONE,10,0,2,0.6363694113169586,-9.872,-8.1715,False,Launched,progesterone receptor agonist,endometriosis,298.4,3.49,37.3,AXL,-9.084,98.50211657440573,0.9850211657440573,0.0,1.0,0.8797731045932484,0.7259744319866102,0.7259744319866102,0.45815690999132624,0.6590200514877892
CHEMBL3707320,ALECTINIB HYDROCHLORIDE,10,4,4,0.5866282374202124,-12.05,-7.8815,False,,,,482.6,4.77,72.4,SLC2A1,-12.05,99.33137638617092,0.9933137638617091,0.0,0.6,0.9141924959216966,0.6544543799329382,0.6544543799329382,0.6711877414712396,0.6586377203175136
CHEMBL1738797,ALECTINIB,10,4,4,0.5866282374202124,-12.05,-7.8815,False,Launched,ALK tyrosine kinase receptor inhibitor,non-small cell lung cancer (NSCLC),482.6,4.77,72.4,SLC2A1,-12.05,99.33137638617092,0.9933137638617091,0.0,0.6,0.9141924959216966,0.6544543799329382,0.6544543799329382,0.6711877414712396,0.6586377203175136
CHEMBL1200810,DOXERCALCIFEROL,10,0,3,0.5871481972494949,-9.961,-8.1465,False,Launched,vitamin D receptor agonist,chronic kidney disease (CKD)|hyperparathyroidism,412.7,6.61,40.5,AXL,-9.018,98.37186584174536,0.9837186584174537,0.0,0.8,0.8797731045932484,0.6854534290559687,0.6854534290559687,0.5781296526357756,0.6586224849509205
CHEMBL779,TADALAFIL,10,0,2,0.6597765480818651,-11.19,-8.083,False,Launched,phosphodiesterase inhibitor,erectile dysfunction,389.4,2.21,74.9,SLC2A1,-11.19,96.99934768427919,0.9699934768427919,0.0,1.0,0.9141924959216966,0.7251262651253713,0.7251262651253713,0.45815690999132624,0.6583839263418599
CHEMBL2105648,PALOVAROTENE,10,1,3,0.6125098436500297,-10.82,-8.274999999999999,False,Phase 3,retinoid receptor agonist,,414.5,6.15,55.1,AXL,-8.868,97.78573754477368,0.9778573754477368,0.0,0.8,0.8797731045932484,0.683108915868082,0.683108915868082,0.5781296526357756,0.6568641000600054
CHEMBL1289926,AXITINIB,10,1,3,0.6136692454034447,-10.24,-8.442499999999999,False,Launched,PDGFR tyrosine kinase receptor inhibitor|VEGFR inhibitor,renal cell carcinoma (RCC),386.5,4.64,70.7,TNIK,-10.24,99.37969311132876,0.9937969311132876,0.0,0.8,0.8242056993121519,0.6811496273421379,0.6811496273421379,0.5781296526357756,0.6553946336655474
CHEMBL1946170,REGORAFENIB,10,3,6,0.5612159157177609,-10.92,-8.803,False,Launched,FGFR inhibitor|KIT inhibitor|PDGFR tyrosine kinase receptor inhibitor|RAF inhibitor|RET tyrosine kinase inhibitor|VEGFR inhibitor,colorectal cancer|gastrointestinal stromal tumors (GIST),482.8,5.69,92.4,TNIK,-10.48,99.73881815213844,0.9973881815213843,0.0,0.4,0.8242056993121519,0.6025861275053765,0.6025861275053765,0.8115075629572489,0.6548164863683447
CHEMBL3286830,LORLATINIB,10,1,3,0.5934845396483011,-11.7,-7.711,False,Launched,ALK tyrosine kinase receptor inhibitor,non-small cell lung cancer (NSCLC),406.4,2.8,110.1,ACVR1,-11.7,99.9349593495935,0.999349593495935,0.0,0.8,0.7969667318982387,0.6792848471831099,0.6792848471831099,0.5781296526357756,0.6539960485462764
CHEMBL2105722,NOMEGESTROL,10,0,2,0.6246037195114671,-9.941,-7.577999999999999,False,,,,328.5,3.61,54.4,AXL,-8.651,96.64604363399543,0.9664604363399544,0.0,1.0,0.8797731045932484,0.718550140224969,0.718550140224969,0.45815690999132624,0.6534518326665583
CHEMBL1082407,ENZALUTAMIDE,10,0,3,0.5799736508037094,-10.68,-8.0345,False,Launched,androgen receptor antagonist,prostate cancer,464.4,3.99,76.4,SLC2A1,-10.68,94.94455316373124,0.9494455316373124,0.0,0.8,0.9141924959216966,0.6769070870431795,0.6769070870431795,0.5781296526357756,0.6522127284413285
CHEMBL4297534,GLASDEGIB MALEATE,10,1,3,0.6295359257101107,-10.85,-8.439,False,,,,374.4,3.39,96.8,ACVR1,-10.85,99.30081300813008,0.9930081300813007,0.0,0.8,0.7969667318982387,0.6767482618172561,0.6767482618172561,0.5781296526357756,0.652093609521886
CHEMBL2043437,GLASDEGIB,10,1,3,0.6295359257101107,-10.85,-8.439,False,Launched,hedgehog pathway inhibitor,acute myeloid leukemia (AML),374.4,3.39,96.8,ACVR1,-10.85,99.30081300813008,0.9930081300813007,0.0,0.8,0.7969667318982387,0.6767482618172561,0.6767482618172561,0.5781296526357756,0.652093609521886
CHEMBL3707266,RIBOCICLIB SUCCINATE,10,0,3,0.6250154249693729,-10.64,-8.348,False,,,,434.5,2.8,91.2,SLC2A1,-10.64,94.73255055446836,0.9473255055446836,0.0,0.8,0.9141924959216966,0.676059076606128,0.676059076606128,0.5781296526357756,0.6515767206135399
CHEMBL3545110,RIBOCICLIB,10,0,3,0.6250154249693729,-10.64,-8.348,False,Launched,CDK inhibitor,breast cancer,434.5,2.8,91.2,SLC2A1,-10.64,94.73255055446836,0.9473255055446836,0.0,0.8,0.9141924959216966,0.676059076606128,0.676059076606128,0.5781296526357756,0.6515767206135399
CHEMBL3989871,AVACOPAN,10,1,4,0.5877467379728953,-10.97,-8.295,False,Phase 2,complement inhibitor,,581.7,8.05,61.4,AXL,-8.947,98.14392705958971,0.9814392705958972,0.0,0.6,0.8797731045932484,0.6445416739273461,0.6445416739273461,0.6711877414712396,0.6512031908133195
CHEMBL231779,APIXABAN,10,0,3,0.6026218275342479,-11.2,-8.200500000000002,False,Launched,coagulation factor inhibitor,stroke|systemic embolism|pulmonary embolism (PE)|atrial fibrillation (AF)|deep vein thrombosis (DVT),459.5,2.7,110.8,SLC2A1,-11.2,97.03196347031964,0.9703196347031964,0.0,0.75,0.9141924959216966,0.6752567282695331,0.6752567282695331,0.5781296526357756,0.6509749593610937
CHEMBL3137310,BENZHYDROCODONE HYDROCHLORIDE,10,0,2,0.6654747191017599,-10.59,-8.157499999999999,False,,,,403.5,3.72,48.0,SLC2A1,-10.59,94.48793215916503,0.9448793215916502,0.0,1.0,0.9141924959216966,0.7150806030249146,0.7150806030249146,0.45815690999132624,0.6508496797665174
CHEMBL3137321,BENZHYDROCODONE,10,0,2,0.6654747191017599,-10.59,-8.157499999999999,False,,,,403.5,3.72,48.0,SLC2A1,-10.59,94.48793215916503,0.9448793215916502,0.0,1.0,0.9141924959216966,0.7150806030249146,0.7150806030249146,0.45815690999132624,0.6508496797665174
CHEMBL1200412,NANDROLONE PHENPROPIONATE,10,0,3,0.5916086571117891,-10.45,-8.127,False,,,,406.6,5.67,43.4,AXL,-8.523,95.53891240638228,0.9553891240638228,0.0,0.8,0.8797731045932484,0.6741216153145164,0.6741216153145164,0.5781296526357756,0.6501236246448313
CHEMBL3311228,OTESECONAZOLE,10,0,4,0.5889722798873913,-11.03,-8.32,False,,,,527.4,4.63,86.0,SLC2A1,-11.03,96.46118721461188,0.9646118721461189,0.0,0.6,0.9141924959216966,0.642973623246702,0.642973623246702,0.6711877414712396,0.6500271528028364
CHEMBL1200991,CARBENICILLIN INDANYL SODIUM,10,0,4,0.587739593784513,-10.97,-8.7595,False,,,,493.6,1.16,115.8,SLC2A1,-10.97,96.34703196347031,0.9634703196347032,0.0,0.6,0.9141924959216966,0.6425170022421358,0.6425170022421358,0.6711877414712396,0.6496846870494117
CHEMBL710,FINASTERIDE,10,0,2,0.644196881745806,-9.857,-8.004,False,Launched,5 alpha reductase inhibitor,androgenetic alopecia,372.6,3.81,58.2,TNIK,-9.483,97.42082925236696,0.9742082925236696,0.0,1.0,0.8242056993121519,0.7133141719062907,0.7133141719062907,0.45815690999132624,0.6495248564275495
CHEMBL6068336,MOMELOTINIB DIHYDROCHLORIDE MONOHYDRATE,10,0,3,0.6245858521722247,-10.52,-8.413499999999999,False,,,,414.5,2.98,103.2,SLC2A1,-10.52,94.0150032615786,0.940150032615786,0.0,0.8,0.9141924959216966,0.673188887434569,0.673188887434569,0.5781296526357756,0.6494240787348706
CHEMBL2219411,MOMELOTINIB DIHYDROCHLORIDE,10,0,3,0.6245858521722247,-10.52,-8.413499999999999,False,,,,414.5,2.98,103.2,SLC2A1,-10.52,94.0150032615786,0.940150032615786,0.0,0.8,0.9141924959216966,0.673188887434569,0.673188887434569,0.5781296526357756,0.6494240787348706
CHEMBL1078178,MOMELOTINIB,10,0,3,0.6245858521722247,-10.52,-8.413499999999999,False,,,,414.5,2.98,103.2,SLC2A1,-10.52,94.0150032615786,0.940150032615786,0.0,0.8,0.9141924959216966,0.673188887434569,0.673188887434569,0.5781296526357756,0.6494240787348706
CHEMBL3989973,PEXIDARTINIB HYDROCHLORIDE,10,1,3,0.5866984194491623,-9.583,-8.613,False,,,,417.8,5.23,66.5,MAPK14,-9.363,99.07105606258149,0.9907105606258149,0.0,0.8,0.778536615334207,0.6730647165504571,0.6730647165504571,0.5781296526357756,0.6493309505717867
CHEMBL3813873,PEXIDARTINIB,10,1,3,0.5866984194491623,-9.583,-8.613,False,Launched,tyrosine kinase inhibitor,,417.8,5.23,66.5,MAPK14,-9.363,99.07105606258149,0.9907105606258149,0.0,0.8,0.778536615334207,0.6730647165504571,0.6730647165504571,0.5781296526357756,0.6493309505717867
CHEMBL1095097,EPLERENONE,10,0,2,0.6184159255259318,-9.885,-7.3285,False,Launched,cytochrome P450 inhibitor,congestive heart failure|hypertension,414.5,3.12,82.2,AXL,-8.507,95.262129599479,0.95262129599479,0.0,1.0,0.8797731045932484,0.7130144840869032,0.7130144840869032,0.45815690999132624,0.6493000905630089
CHEMBL256997,ATALUREN,10,0,2,0.6314956700130101,-9.437,-8.3505,False,Launched,CFTR channel agonist|dystrophin stimulant,duchenne muscular dystrophy (DMD)|cystic fibrosis,284.2,3.24,76.2,TNIK,-9.437,97.19229513548808,0.9719229513548808,0.0,1.0,0.8242056993121519,0.7124000354387752,0.7124000354387752,0.45815690999132624,0.6488392540769129
CHEMBL4297603,DEUTIVACAFTOR,10,1,3,0.6309760916524365,-10.56,-8.369499999999999,False,,,,401.6,5.08,82.2,SLC2A1,-10.46,93.46053489889107,0.9346053489889107,0.0,0.8,0.9141924959216966,0.6709710139838189,0.6709710139838189,0.5781296526357756,0.6477606736468081
CHEMBL1138,EZETIMIBE,10,0,3,0.6059034328855573,-9.821,-8.3905,False,Launched,cholesterol inhibitor|Niemann-Pick C1-like 1 protein antagonist,hyperlipidemia|hypercholesterolemia|sitosterolemia,409.4,4.89,60.8,TNIK,-9.299,96.53934051583416,0.9653934051583416,0.0,0.8,0.8242056993121519,0.6697882169601594,0.6697882169601594,0.5781296526357756,0.6468735758790635
CHEMBL3137330,CABOTEGRAVIR SODIUM,10,0,4,0.5959576325042037,-10.22,-8.817499999999999,False,,,,404.3,0.33,103.7,TNIK,-9.807,98.53085210577865,0.9853085210577865,0.0,0.6,0.8242056993121519,0.6377542633199375,0.6377542633199375,0.6711877414712396,0.646112632857763
CHEMBL36506,NOVOBIOCIN,10,1,5,0.5071023891393879,-11.68,-8.2185,False,Launched,bacterial DNA gyrase inhibitor,mastitis,612.6,3.63,200.0,SLC2A1,-11.68,98.74429223744292,0.9874429223744292,0.0,0.4,0.9141924959216966,0.6121060433380262,0.6121060433380262,0.7472217363092141,0.6458849665808232
CHEMBL279516,INDORAMIN,10,0,2,0.6574307528742451,-9.422,-8.52,False,Launched,adrenergic receptor antagonist,benign prostatic hyperplasia (BPH)|hypertension,347.5,3.6,48.1,TNIK,-9.215,96.0822722820764,0.960822722820764,0.0,1.0,0.8242056993121519,0.7079599440251284,0.7079599440251284,0.45815690999132624,0.6455091855166778
CHEMBL2104941,INDORAMIN HYDROCHLORIDE,10,0,2,0.6574307528742451,-9.422,-8.52,False,,,,347.5,3.6,48.1,TNIK,-9.215,96.0822722820764,0.960822722820764,0.0,1.0,0.8242056993121519,0.7079599440251284,0.7079599440251284,0.45815690999132624,0.6455091855166778
CHEMBL1200681,MONTELUKAST SODIUM,10,0,5,0.5485143541477496,-11.55,-8.4275,False,,,,585.2,7.61,73.2,SLC2A1,-11.55,98.40182648401826,0.9840182648401826,0.0,0.4,0.9141924959216966,0.6107361803243276,0.6107361803243276,0.7472217363092141,0.6448575693205493
CHEMBL1200368,BENTIROMIDE,10,1,4,0.5833607627294823,-10.15,-8.6815,False,Launched,,pancreas diagnostic agent,404.4,3.07,115.7,MAPK14,-9.576,99.57627118644068,0.9957627118644068,0.0,0.6,0.778536615334207,0.6350855770458939,0.6350855770458939,0.6711877414712396,0.6441111181522303
CHEMBL2107431,LYNESTRENOL,10,0,2,0.6143931244071404,-10.3,-8.1895,False,Launched,progestogen hormone,contraceptive,284.4,4.31,20.2,AXL,-9.041,98.40442852491044,0.9840442852491045,0.0,0.9,0.8797731045932484,0.705583679788629,0.705583679788629,0.45815690999132624,0.6437269873393033
CHEMBL4113131,ENSARTINIB,10,0,5,0.5529829623309224,-11.38,-8.646999999999998,False,,,,561.4,4.72,122.5,SLC2A1,-11.38,97.74951076320939,0.9774951076320939,0.0,0.4,0.9141924959216966,0.6081269174410922,0.6081269174410922,0.7472217363092141,0.6429006221581226
CHEMBL1201303,PYRVINIUM,10,0,2,0.630632221073952,-11.13,-8.095,False,,,,382.5,5.31,12.1,SLC2A1,-11.13,96.81996086105676,0.9681996086105675,0.0,0.9,0.9141924959216966,0.7044087178324816,0.7044087178324816,0.45815690999132624,0.6428457658721928
CHEMBL1908377,PYRVINIUM PAMOATE,10,0,2,0.630632221073952,-11.13,-8.095,False,,,,382.5,5.31,12.1,SLC2A1,-11.13,96.81996086105676,0.9681996086105675,0.0,0.9,0.9141924959216966,0.7044087178324816,0.7044087178324816,0.45815690999132624,0.6428457658721928
CHEMBL231884,DIOSMIN,10,1,7,0.5226767318078721,-11.36,-8.8935,False,Launched,aryl hydrocarbon receptor agonist|capillary stabilizing agent,chronic venous insufficiency (CVI)|edema|deep vein thrombosis (DVT)|statis dermatitis|heavy leg syndrome,608.5,-1.09,238.2,SLC2A1,-11.36,97.71689497716895,0.9771689497716894,0.0,0.2,0.9141924959216966,0.5679964542969304,0.5679964542969304,0.8671944789536634,0.6427959604611136
CHEMBL3261331,RESMETIROM,10,0,3,0.604974521561624,-9.802,-8.334,False,Phase 3,thyroid hormone receptor agonist,,435.2,2.1,146.5,AXL,-8.314,93.03158580267014,0.9303158580267014,0.0,0.8,0.8797731045932484,0.6640923088996679,0.6640923088996679,0.5781296526357756,0.6426016448336949
CHEMBL787,MONTELUKAST,10,1,5,0.5604683491001942,-11.28,-8.8695,False,Launched,leukotriene receptor antagonist,asthma|allergic rhinitis|exercise-induced bronchoconstriction (EIB),586.2,8.95,70.4,SLC2A1,-11.28,97.35812133072407,0.9735812133072408,0.0,0.4,0.9141924959216966,0.6065613597111508,0.6065613597111508,0.7472217363092141,0.6417264538606666
CHEMBL427216,GLICLAZIDE,10,0,2,0.6097746661278259,-8.648,-7.673,False,Launched,ATP channel blocker|insulin secretagogue,diabetes mellitus,323.4,1.63,78.5,MAPK14,-8.648,96.1864406779661,0.961864406779661,0.0,1.0,0.778536615334207,0.7015262550119954,0.7015262550119954,0.45815690999132624,0.6406839187568281
CHEMBL4594217,CANAGLIFLOZIN,10,0,4,0.58847646880702,-10.35,-8.493,False,Launched,sodium/glucose cotransporter inhibitor,diabetes mellitus,444.5,2.97,90.2,ACVR1,-10.12,96.89430894308944,0.9689430894308945,0.0,0.6,0.7969667318982387,0.6271222455570936,0.6271222455570936,0.6711877414712396,0.6381386195356301
CHEMBL2048484,CANAGLIFLOZIN ANHYDROUS,10,0,4,0.58847646880702,-10.35,-8.493,False,,,,444.5,2.97,90.2,ACVR1,-10.12,96.89430894308944,0.9689430894308945,0.0,0.6,0.7969667318982387,0.6271222455570936,0.6271222455570936,0.6711877414712396,0.6381386195356301
CHEMBL472,GLYBURIDE,10,0,4,0.5727390954925666,-10.03,-8.6465,False,Launched,ATP channel blocker|insulin secretagogue|sulfonylurea,diabetes mellitus|hyperglycemia,494.0,3.64,113.6,TNIK,-9.177,95.75579497224943,0.9575579497224943,0.0,0.6,0.8242056993121519,0.6266540347858205,0.6266540347858205,0.6711877414712396,0.6377874614571752
CHEMBL4594251,NETARSUDIL DIMESYLATE,10,2,5,0.5403535272128703,-10.68,-8.775,False,,,,453.5,4.89,94.3,TNIK,-10.21,99.26542605288932,0.9926542605288933,0.0,0.4,0.8242056993121519,0.6006925591083802,0.6006925591083802,0.7472217363092141,0.6373248534085887
CHEMBL4594250,NETARSUDIL,10,2,5,0.5403535272128703,-10.68,-8.775,False,,,,453.5,4.89,94.3,TNIK,-10.21,99.26542605288932,0.9926542605288933,0.0,0.4,0.8242056993121519,0.6006925591083802,0.6006925591083802,0.7472217363092141,0.6373248534085887
CHEMBL1200776,CINACALCET HYDROCHLORIDE,10,1,2,0.5702296917701651,-9.825,-8.5145,False,,,,357.4,6.14,12.0,MAPK14,-9.825,99.91851368970013,0.9991851368970014,0.0,0.9,0.778536615334207,0.6964545470589316,0.6964545470589316,0.45815690999132624,0.6368801377920302
CHEMBL1201284,CINACALCET,10,1,2,0.5702296917701651,-9.825,-8.5145,False,Launched,calcium channel activator,hyperparathyroidism|chronic kidney disease (CKD)|parathyroid carcinoma|hypercalcemia,357.4,6.14,12.0,MAPK14,-9.825,99.91851368970013,0.9991851368970014,0.0,0.9,0.778536615334207,0.6964545470589316,0.6964545470589316,0.45815690999132624,0.6368801377920302
CHEMBL6067998,LASOFOXIFENE TARTRATE,10,0,3,0.5986009613240458,-9.783,-8.143,False,,,,413.6,5.73,32.7,ACVR1,-9.749,94.11382113821138,0.9411382113821137,0.0,0.8,0.7969667318982387,0.6560002943375813,0.6560002943375813,0.5781296526357756,0.6365326339121299
CHEMBL328190,LASOFOXIFENE,10,0,3,0.5986009613240458,-9.783,-8.143,False,Launched,selective estrogen receptor modulator (SERM),osteoporosis|breast cancer,413.6,5.73,32.7,ACVR1,-9.749,94.11382113821138,0.9411382113821137,0.0,0.8,0.7969667318982387,0.6560002943375813,0.6560002943375813,0.5781296526357756,0.6365326339121299
CHEMBL1463345,CANRENONE,10,0,2,0.6308779456130067,-9.921,-8.2025,False,Withdrawn,mineralocorticoid receptor antagonist,,340.5,4.37,43.4,AXL,-8.557,95.83197655486812,0.9583197655486813,0.0,0.9,0.8797731045932484,0.6952938719084598,0.6952938719084598,0.45815690999132624,0.6360096314291764
CHEMBL500576,TEMOPORFIN,10,3,6,0.48276371715114985,-15.71,-8.2875,False,Launched,radical formation stimulant,head and neck squamous cell carcinoma (HNSCC),680.8,9.76,138.3,SLC2A1,-15.71,100.0,1.0,0.0,0.2,0.9141924959216966,0.5771288743882546,0.5771288743882546,0.8115075629572489,0.6357235465305031
CHEMBL1372950,NICERGOLINE,10,0,1,0.6877986226529088,-10.2,-8.424,False,Launched,adrenergic receptor antagonist,Raynaud's disease|migraine headache|atherosclerosis|thrombosis,484.4,3.91,56.6,AXL,-8.408,94.33409312927385,0.9433409312927385,0.2,0.9500000000000001,0.8797731045932484,0.7493023382060827,0.7493023382060827,0.2890648263178878,0.6342429602340339
CHEMBL1200397,BUTENAFINE HYDROCHLORIDE,10,0,2,0.5905100039740729,-9.422,-8.214,False,,,,317.5,5.77,3.2,TNIK,-9.422,97.04538034606594,0.9704538034606593,0.0,0.9,0.8242056993121519,0.6918123762810866,0.6918123762810866,0.45815690999132624,0.6333985097086464
CHEMBL990,BUTENAFINE,10,0,2,0.5905100039740729,-9.422,-8.214,False,Launched,fungal squalene epoxidase inhibitor,tinea pedis|tinea cruris|tinea corporis,317.5,5.77,3.2,TNIK,-9.422,97.04538034606594,0.9704538034606593,0.0,0.9,0.8242056993121519,0.6918123762810866,0.6918123762810866,0.45815690999132624,0.6333985097086464
CHEMBL4250860,DANICOPAN,10,0,3,0.5781429304912933,-11.54,-7.886,False,,,,580.4,3.74,123.0,SLC2A1,-11.54,98.3529028049576,0.983529028049576,0.0,0.6,0.9141924959216966,0.6505404856080849,0.6505404856080849,0.5781296526357756,0.6324377773650076
CHEMBL1023,BEXAROTENE,10,0,2,0.6213958826115309,-10.27,-8.08,False,Launched,retinoid receptor agonist,cutaneous T-cell lymphoma (CTCL),348.5,6.1,37.3,ACVR1,-10.27,97.39837398373984,0.9739837398373985,0.0,0.9,0.7969667318982387,0.6891385057196953,0.6891385057196953,0.45815690999132624,0.631393106787603
CHEMBL255044,FLUPIRTINE,10,0,1,0.6436829739198973,-8.756,-7.5355,True,Launched,glutamate receptor antagonist,pain relief,304.3,2.98,89.3,MAPK14,-8.467,94.32855280312907,0.9432855280312907,0.2,1.0,0.778536615334207,0.7440947035126473,0.7440947035126473,0.2890648263178878,0.6303372342139574
CHEMBL4303525,OMAVELOXOLONE,10,1,3,0.5354764622979344,-11.1,-7.307,False,,,,554.7,6.73,87.0,AXL,-9.248,98.73005535656138,0.9873005535656137,0.0,0.6,0.8797731045932484,0.6468861871152327,0.6468861871152327,0.5781296526357756,0.6296970534953684
CHEMBL2364638,UBROGEPANT,10,1,3,0.56552203443621,-10.51,-8.035499999999999,False,,,,549.6,3.53,104.3,AXL,-9.193,98.6649299902312,0.986649299902312,0.0,0.6,0.8797731045932484,0.6466256856499121,0.6466256856499121,0.5781296526357756,0.629501677396378
CHEMBL4594350,ADAGRASIB,10,0,3,0.5860083621578992,-11.28,-8.364,False,,,,604.1,4.73,88.8,SLC2A1,-11.28,97.35812133072407,0.9735812133072408,0.0,0.6,0.9141924959216966,0.6465613597111508,0.6465613597111508,0.5781296526357756,0.629453432942307
CHEMBL2028663,DABRAFENIB,10,0,5,0.561058414816617,-10.26,-8.9535,False,Launched,RAF inhibitor,melanoma,519.6,5.36,110.9,TNIK,-9.319,96.62095984329089,0.9662095984329089,0.0,0.4,0.8242056993121519,0.5901146942699863,0.5901146942699863,0.7472217363092141,0.6293914547797933
CHEMBL2105729,DABRAFENIB MESYLATE,10,0,5,0.561058414816617,-10.26,-8.9535,False,,,,519.6,5.36,110.9,TNIK,-9.319,96.62095984329089,0.9662095984329089,0.0,0.4,0.8242056993121519,0.5901146942699863,0.5901146942699863,0.7472217363092141,0.6293914547797933
CHEMBL1201165,QUINESTROL,10,0,2,0.6199656671124907,-10.18,-7.852,False,Launched,estrogen receptor agonist,menopause,364.5,5.23,29.5,AXL,-8.351,93.58515141647672,0.9358515141647672,0.0,0.9,0.8797731045932484,0.6863065713548941,0.6863065713548941,0.45815690999132624,0.6292691560140021
CHEMBL114,SAQUINAVIR,10,3,6,0.5131778841162745,-11.27,-9.149000000000001,False,Launched,HIV protease inhibitor,human immunodeficiency virus (HIV-1),670.9,3.09,166.8,SLC2A1,-11.27,97.27658186562296,0.9727658186562296,0.0,0.2,0.9141924959216966,0.5662352018507464,0.5662352018507464,0.8115075629572489,0.627553292127372
CHEMBL282042,SAQUINAVIR MESYLATE,10,3,6,0.5131778841162745,-11.27,-9.149000000000001,False,,,,670.9,3.09,166.8,SLC2A1,-11.27,97.27658186562296,0.9727658186562296,0.0,0.2,0.9141924959216966,0.5662352018507464,0.5662352018507464,0.8115075629572489,0.627553292127372
CHEMBL1200933,HEXAFLUORENIUM BROMIDE,10,0,4,0.4375998039368583,-11.57,-7.4645,False,,,,502.7,8.24,0.0,SLC2A1,-11.57,98.45075016307892,0.9845075016307893,0.0,0.4,0.9141924959216966,0.6109318750405702,0.6109318750405702,0.6711877414712396,0.6259958416482376
CHEMBL1201349,HEXAFLUORENIUM,10,0,4,0.4375998039368583,-11.57,-7.4645,False,,,,502.7,8.24,0.0,SLC2A1,-11.57,98.45075016307892,0.9845075016307893,0.0,0.4,0.9141924959216966,0.6109318750405702,0.6109318750405702,0.6711877414712396,0.6259958416482376
CHEMBL1873475,IBRUTINIB,10,0,3,0.5801761239504861,-10.93,-8.278500000000001,False,Launched,Bruton's tyrosine kinase (BTK) inhibitor,chronic lymphocytic leukemia (CLL)|mantle cell lymphoma (MCL)|Waldenstrom's macroglobulinemia (WM),440.5,4.22,99.2,SLC2A1,-10.93,96.11872146118722,0.9611872146118722,0.0,0.6,0.9141924959216966,0.6416037602330034,0.6416037602330034,0.5781296526357756,0.6257352333336964
CHEMBL576982,QUIZARTINIB,10,1,4,0.5164825759818095,-11.49,-8.502500000000001,False,Phase 3,FLT3 inhibitor,,560.7,5.86,106.2,SLC2A1,-11.49,98.15720808871494,0.9815720808871494,0.0,0.4,0.9141924959216966,0.6097577067431144,0.6097577067431144,0.6711877414712396,0.6251152154251457
CHEMBL2105709,QUIZARTINIB DIHYDROCHLORIDE,10,1,4,0.5164825759818095,-11.49,-8.502500000000001,False,,,,560.7,5.86,106.2,SLC2A1,-11.49,98.15720808871494,0.9815720808871494,0.0,0.4,0.9141924959216966,0.6097577067431144,0.6097577067431144,0.6711877414712396,0.6251152154251457
CHEMBL1751,DIGOXIN,10,1,4,0.4605039888033467,-11.46,-7.8215,False,Launched,ATPase inhibitor,congestive heart failure|atrial fibrillation (AF),780.9,2.22,203.1,SLC2A1,-11.46,98.04305283757338,0.9804305283757339,0.0,0.4,0.9141924959216966,0.6093010857385481,0.6093010857385481,0.6711877414712396,0.624772749671721
CHEMBL1200779,TROVAFLOXACIN MESYLATE,10,0,2,0.6091073987750907,-10.48,-8.220500000000001,False,,,,416.4,1.89,101.4,AXL,-8.7,96.79257570823836,0.9679257570823836,0.0,0.8,0.8797731045932484,0.6791362685219408,0.6791362685219408,0.45815690999132624,0.6238914288892871
CHEMBL428,TROVAFLOXACIN,10,0,2,0.6091073987750907,-10.48,-8.220500000000001,False,Withdrawn,bacterial DNA gyrase inhibitor,,416.4,1.89,101.4,AXL,-8.7,96.79257570823836,0.9679257570823836,0.0,0.8,0.8797731045932484,0.6791362685219408,0.6791362685219408,0.45815690999132624,0.6238914288892871
CHEMBL3786343,OLMUTINIB,10,0,3,0.5897996328285191,-10.76,-8.4505,False,Launched,Bruton's tyrosine kinase (BTK) inhibitor|EGFR inhibitor,non-small cell lung cancer (NSCLC),486.6,5.1,82.6,SLC2A1,-10.76,95.4337899543379,0.954337899543379,0.0,0.6,0.9141924959216966,0.6388640342056061,0.6388640342056061,0.5781296526357756,0.6236804388131485
CHEMBL254219,DIGITOXIN,10,2,4,0.48100461625404123,-10.95,-7.8125,False,Launched,ATPase inhibitor,congestive heart failure|cardiac arrythmia,765.0,3.25,182.8,AXL,-9.206,98.6974926733963,0.9869749267339629,0.0,0.4,0.8797731045932484,0.6067559363825724,0.6067559363825724,0.6711877414712396,0.6228638876547392
CHEMBL1201219,VECURONIUM,10,0,2,0.5634699190907418,-11.31,-7.4665,False,Launched,acetylcholine receptor antagonist,muscle relaxant,557.8,5.97,55.8,SLC2A1,-11.31,97.65166340508806,0.9765166340508806,0.0,0.75,0.9141924959216966,0.6777355280086068,0.6777355280086068,0.45815690999132624,0.6228408735042866
CHEMBL2364607,COBIMETINIB FUMARATE,10,0,2,0.5932602101195262,-10.69,-7.9005,False,,,,531.3,3.78,64.6,SLC2A1,-10.69,95.0587084148728,0.950587084148728,0.0,0.8,0.9141924959216966,0.6773637080477457,0.6773637080477457,0.45815690999132624,0.6225620085336409
CHEMBL2146883,COBIMETINIB,10,0,2,0.5932602101195262,-10.69,-7.9005,False,Launched,MEK inhibitor,melanoma,531.3,3.78,64.6,SLC2A1,-10.69,95.0587084148728,0.950587084148728,0.0,0.8,0.9141924959216966,0.6773637080477457,0.6773637080477457,0.45815690999132624,0.6225620085336409
CHEMBL2360580,BUCLIZINE HYDROCHLORIDE,10,1,2,0.6263621379002261,-10.9,-8.4885,False,,,,433.0,6.54,6.5,ACVR1,-10.9,99.43089430894308,0.9943089430894309,0.0,0.8,0.7969667318982387,0.6772685870205082,0.6772685870205082,0.45815690999132624,0.6224906677632126
CHEMBL3137312,DASABUVIR,10,1,4,0.5267703326035517,-11.23,-7.715999999999999,False,Launched,HCV inhibitor,hepatitis C,493.6,4.02,110.3,SLC2A1,-11.23,97.19504240052184,0.9719504240052185,0.0,0.4,0.9141924959216966,0.6059090439903418,0.6059090439903418,0.6711877414712396,0.6222287183605663
CHEMBL3707348,ACALABRUTINIB,10,1,3,0.5892367029244628,-10.58,-8.526,False,Launched,Bruton's tyrosine kinase (BTK) inhibitor,mantle cell lymphoma (MCL),465.5,3.31,118.5,TNIK,-9.703,98.12275546849494,0.9812275546849495,0.0,0.6,0.8242056993121519,0.6361218767708026,0.6361218767708026,0.5781296526357756,0.6216238207370458
CHEMBL4594293,ACALABRUTINIB MALEATE,10,1,3,0.5892367029244628,-10.58,-8.526,False,,,,465.5,3.31,118.5,TNIK,-9.703,98.12275546849494,0.9812275546849495,0.0,0.6,0.8242056993121519,0.6361218767708026,0.6361218767708026,0.5781296526357756,0.6216238207370458
CHEMBL408,TROGLITAZONE,10,0,2,0.599015603942241,-9.835,-8.3235,False,Withdrawn,insulin sensitizer|PPAR receptor agonist,,441.5,4.37,84.9,TNIK,-9.598,97.9758406790728,0.979758406790728,0.0,0.8,0.8242056993121519,0.675534217613114,0.675534217613114,0.45815690999132624,0.6211898907076671
CHEMBL1073,GLIPIZIDE,10,1,2,0.6061573468208797,-9.53,-8.6045,False,Launched,sulfonylurea,diabetes mellitus|hyperglycemia,445.5,2.08,130.1,MAPK14,-9.53,99.54367666232073,0.9954367666232073,0.0,0.8,0.778536615334207,0.674955198949414,0.674955198949414,0.45815690999132624,0.620755626709892
CHEMBL1241951,LETERMOVIR,10,0,3,0.48668315965522907,-8.85,-6.837,False,Launched,CMV terminase inhibitor,cytomegalovirus (CMV),572.6,5.71,77.8,AXL,-8.549,95.70172582220775,0.9570172582220775,0.0,0.6,0.8797731045932484,0.6347728689778183,0.6347728689778183,0.5781296526357756,0.6206120648923076
CHEMBL1301,HYDROXYSTILBAMIDINE,10,1,3,0.574862912749506,-9.489,-8.641,False,Launched,,,280.3,2.13,120.0,MAPK14,-9.462,99.49478487614081,0.9949478487614081,0.0,0.6,0.778536615334207,0.6347596318046942,0.6347596318046942,0.5781296526357756,0.6206021370124646
CHEMBL2023895,HYDROXYSTILBAMIDINE ISETHIONATE,10,1,3,0.574862912749506,-9.489,-8.641,False,,,,280.3,2.13,120.0,MAPK14,-9.462,99.49478487614081,0.9949478487614081,0.0,0.6,0.778536615334207,0.6347596318046942,0.6347596318046942,0.5781296526357756,0.6206021370124646
CHEMBL1201782,FOSAPREPITANT DIMEGLUMINE,10,0,4,0.5311261422191784,-10.74,-8.244,False,,,,614.4,4.37,129.9,AXL,-8.885,97.83458156952133,0.9783458156952133,0.0,0.4,0.8797731045932484,0.6033042919670726,0.6033042919670726,0.6711877414712396,0.6202751543431143
CHEMBL1199324,FOSAPREPITANT,10,0,4,0.5311261422191784,-10.74,-8.244,False,,,,614.4,4.37,129.9,AXL,-8.885,97.83458156952133,0.9783458156952133,0.0,0.4,0.8797731045932484,0.6033042919670726,0.6033042919670726,0.6711877414712396,0.6202751543431143
CHEMBL6068339,IRBESARTAN HYDROCHLORIDE,10,0,2,0.5816979149473089,-10.57,-8.1305,False,,,,428.5,4.78,87.1,ACVR1,-10.57,98.52032520325203,0.9852032520325202,0.0,0.8,0.7969667318982387,0.6736263105977439,0.6736263105977439,0.45815690999132624,0.6197589604461394
CHEMBL1513,IRBESARTAN,10,0,2,0.5816979149473089,-10.57,-8.1305,False,Launched,angiotensin receptor antagonist,hypertension|diabetic nephropathy,428.5,4.78,87.1,ACVR1,-10.57,98.52032520325203,0.9852032520325202,0.0,0.8,0.7969667318982387,0.6736263105977439,0.6736263105977439,0.45815690999132624,0.6197589604461394
CHEMBL1200976,IDARUBICIN HYDROCHLORIDE,10,0,4,0.5403475890616775,-10.51,-8.447500000000002,False,,,,497.5,1.02,176.6,AXL,-8.839,97.63920547053078,0.9763920547053079,0.0,0.4,0.8797731045932484,0.6025227875711104,0.6025227875711104,0.6711877414712396,0.6196890260461427
CHEMBL1117,IDARUBICIN,10,0,4,0.5403475890616775,-10.51,-8.447500000000002,False,Launched,topoisomerase inhibitor,acute myeloid leukemia (AML),497.5,1.02,176.6,AXL,-8.839,97.63920547053078,0.9763920547053079,0.0,0.4,0.8797731045932484,0.6025227875711104,0.6025227875711104,0.6711877414712396,0.6196890260461427
CHEMBL1481,GLIMEPIRIDE,10,0,3,0.5785648280497729,-9.95,-8.468,False,Launched,insulin secretagogue,diabetes mellitus,490.6,3.07,124.7,TNIK,-9.475,97.38818152138427,0.9738818152138426,0.0,0.6,0.8242056993121519,0.6331835809823598,0.6331835809823598,0.5781296526357756,0.6194200988957138
CHEMBL2103855,TELOTRISTAT,10,1,4,0.5479279547310181,-10.47,-8.876999999999999,False,Launched,tryptophan hydroxylase inhibitor,diarrhea,546.9,4.51,142.2,AXL,-8.796,97.52523607945295,0.9752523607945295,0.0,0.4,0.8797731045932484,0.6020669100067991,0.6020669100067991,0.6711877414712396,0.6193471178729093
CHEMBL2364617,MACIMORELIN ACETATE,10,2,6,0.5172105520989244,-10.07,-8.6585,False,,,,474.6,1.84,144.9,MAPK14,-9.605,99.6251629726206,0.996251629726206,0.0,0.2,0.778536615334207,0.5552811441906134,0.5552811441906134,0.8115075629572489,0.6193377488822722
CHEMBL278623,MACIMORELIN,10,2,6,0.5172105520989244,-10.07,-8.6585,False,,,,474.6,1.84,144.9,MAPK14,-9.605,99.6251629726206,0.996251629726206,0.0,0.2,0.778536615334207,0.5552811441906134,0.5552811441906134,0.8115075629572489,0.6193377488822722
CHEMBL3183453,NOVOBIOCIN SODIUM,10,0,4,0.5367153716211617,-10.94,-8.129,False,,,,611.6,3.0,202.8,SLC2A1,-10.94,96.21656881930855,0.9621656881930855,0.0,0.4,0.9141924959216966,0.6019951496654887,0.6019951496654887,0.6711877414712396,0.6192932976169264
CHEMBL1200622,PARICALCITOL,10,0,2,0.5982252234885952,-9.815,-8.584,False,Launched,vitamin D receptor agonist,chronic kidney disease (CKD)|hyperthyroidism,416.6,5.56,60.7,AXL,-8.502,95.21328557473136,0.9521328557473135,0.0,0.8,0.8797731045932484,0.6728191079879127,0.6728191079879127,0.45815690999132624,0.6191535584887661
CHEMBL4582651,PRALSETINIB,10,0,4,0.5479266934948585,-10.93,-8.3935,False,,,,533.6,4.2,135.5,SLC2A1,-10.93,96.11872146118722,0.9611872146118722,0.0,0.4,0.9141924959216966,0.6016037602330033,0.6016037602330033,0.6711877414712396,0.6189997555425624
CHEMBL3183409,APALUTAMIDE,10,0,2,0.6212550491244565,-10.38,-8.3035,False,Launched,androgen receptor antagonist,prostate cancer,477.4,3.53,89.3,ACVR1,-10.38,97.78861788617887,0.9778861788617887,0.0,0.8,0.7969667318982387,0.6706994813294513,0.6706994813294513,0.45815690999132624,0.61756383849492
CHEMBL1336,SORAFENIB,10,2,4,0.553219638763589,-10.2,-8.633,False,Launched,FLT3 inhibitor|KIT inhibitor|PDGFR tyrosine kinase receptor inhibitor|RAF inhibitor|RET tyrosine kinase inhibitor|VEGFR inhibitor,renal cell carcinoma (RCC)|thyroid cancer|hepatocellular carcinoma (HCC),464.8,5.55,92.4,TNIK,-10.03,98.90630101207965,0.9890630101207966,0.0,0.4,0.8242056993121519,0.5992560589451414,0.5992560589451414,0.6711877414712396,0.617238979576666
CHEMBL1200485,SORAFENIB TOSYLATE,10,2,4,0.553219638763589,-10.2,-8.633,False,,,,464.8,5.55,92.4,TNIK,-10.03,98.90630101207965,0.9890630101207966,0.0,0.4,0.8242056993121519,0.5992560589451414,0.5992560589451414,0.6711877414712396,0.617238979576666
CHEMBL1237102,LEVOCABASTINE HYDROCHLORIDE,10,0,2,0.6190375235784606,-10.2,-8.575,False,,,,420.5,4.89,64.3,AXL,-8.411,94.44806252035167,0.9444806252035167,0.0,0.8,0.8797731045932484,0.669758215770394,0.669758215770394,0.45815690999132624,0.616857889325627
CHEMBL1615438,LEVOCABASTINE,10,0,2,0.6190375235784606,-10.2,-8.575,False,Launched,histamine receptor antagonist,conjunctivitis,420.5,4.89,64.3,AXL,-8.411,94.44806252035167,0.9444806252035167,0.0,0.8,0.8797731045932484,0.669758215770394,0.669758215770394,0.45815690999132624,0.616857889325627
CHEMBL2105717,CABOZANTINIB,10,0,4,0.5444273329161023,-10.15,-8.491499999999998,False,Launched,RET tyrosine kinase inhibitor|VEGFR inhibitor,medullary thyroid cancer (MTC),501.5,5.54,98.8,TNIK,-9.734,98.38393731635652,0.9838393731635652,0.0,0.4,0.8242056993121519,0.5971666041622489,0.5971666041622489,0.6711877414712396,0.6156718884894966
CHEMBL2103868,CABOZANTINIB S-MALATE,10,0,4,0.5444273329161023,-10.15,-8.491499999999998,False,,,,501.5,5.54,98.8,TNIK,-9.734,98.38393731635652,0.9838393731635652,0.0,0.4,0.8242056993121519,0.5971666041622489,0.5971666041622489,0.6711877414712396,0.6156718884894966
CHEMBL473417,VISMODEGIB,10,0,2,0.600102912485595,-9.84,-8.559,False,Launched,hedgehog pathway inhibitor|smoothened receptor antagonist,basal cell carcinoma (BCC),421.3,4.71,76.1,TNIK,-9.158,95.60888018282729,0.9560888018282729,0.0,0.8,0.8242056993121519,0.666066375628132,0.666066375628132,0.45815690999132624,0.6140890092189305
CHEMBL3989931,ENASIDENIB MESYLATE,10,2,4,0.5561150505203388,-10.2,-8.896,False,,,,473.4,4.29,108.7,MAPK14,-9.415,99.42959582790091,0.9942959582790091,0.0,0.4,0.778536615334207,0.5944988756117346,0.5944988756117346,0.6711877414712396,0.6136710920766109
CHEMBL3989908,ENASIDENIB,10,2,4,0.5561150505203388,-10.2,-8.896,False,Launched,isocitrate dehydrogenase inhibitor,acute myeloid leukemia (AML),473.4,4.29,108.7,MAPK14,-9.415,99.42959582790091,0.9942959582790091,0.0,0.4,0.778536615334207,0.5944988756117346,0.5944988756117346,0.6711877414712396,0.6136710920766109
CHEMBL1201321,DIFENOXIN,10,0,2,0.6120700921494644,-10.21,-8.177,False,,,,424.5,5.0,64.3,ACVR1,-10.04,96.45528455284553,0.9645528455284552,0.0,0.8,0.7969667318982387,0.6653661479961179,0.6653661479961179,0.45815690999132624,0.61356383849492
CHEMBL1200599,DIFENOXIN HYDROCHLORIDE,10,0,2,0.6120700921494644,-10.21,-8.177,False,,,,424.5,5.0,64.3,ACVR1,-10.04,96.45528455284553,0.9645528455284552,0.0,0.8,0.7969667318982387,0.6653661479961179,0.6653661479961179,0.45815690999132624,0.61356383849492
CHEMBL4066936,VERICIGUAT,10,0,2,0.6146664261378452,-10.32,-8.234,False,Phase 3,guanylate cyclase stimulant,,426.4,2.56,146.9,SLC2A1,-10.32,91.97651663405088,0.9197651663405089,0.0,0.8,0.9141924959216966,0.6650349409244581,0.6650349409244581,0.45815690999132624,0.6133154331911751
CHEMBL550348,DEFERASIROX,10,0,2,0.6258155505738271,-10.13,-8.617999999999999,False,Launched,chelating agent,transfusional hemosiderosis|thalassemia|iron overload,373.4,3.71,108.5,TNIK,-9.056,95.10284035259549,0.951028403525955,0.0,0.8,0.8242056993121519,0.6640422163072048,0.6640422163072048,0.45815690999132624,0.6125708897282351
CHEMBL222559,TIPRANAVIR,10,0,5,0.496449523842381,-11.29,-8.3535,False,Launched,HIV protease inhibitor,human immunodeficiency virus (HIV-1),602.7,7.33,105.6,SLC2A1,-11.29,97.48858447488584,0.9748858447488584,0.0,0.2,0.9141924959216966,0.5670832122877979,0.5670832122877979,0.7472217363092141,0.612117843293152
CHEMBL502,DONEPEZIL,10,0,1,0.6184057272534226,-10.03,-7.841,True,Launched,acetylcholinesterase inhibitor,Alzheimer's disease,379.5,4.36,38.8,TNIK,-10.03,98.90630101207965,0.9890630101207966,0.0,1.0,0.8242056993121519,0.7192560589451414,0.7192560589451414,0.2890648263178878,0.611708250788328
CHEMBL2103774,TIBOLONE,10,0,1,0.6150945083030341,-9.376,-7.779,False,Launched,androgen receptor agonist|estrogen receptor agonist|progesterone receptor agonist,endometriosis,312.5,3.88,37.3,AXL,-8.677,96.67860631716053,0.9667860631716053,0.0,1.0,0.8797731045932484,0.7186803909576294,0.7186803909576294,0.2890648263178878,0.6112764997976939
CHEMBL1201101,TESTOSTERONE CYPIONATE,10,1,2,0.6070024711176771,-10.85,-8.321,False,,,,412.6,6.4,43.4,SLC2A1,-10.22,91.16112198303979,0.911611219830398,0.0,0.8,0.9141924959216966,0.6617733623204137,0.6617733623204137,0.45815690999132624,0.6108692492381418
CHEMBL439849,VILAZODONE,10,0,2,0.5982295477024367,-10.34,-8.1845,False,Launched,serotonin reuptake inhibitor,depression,441.5,4.03,102.3,ACVR1,-10.34,97.70731707317073,0.9770731707317073,0.0,0.75,0.7969667318982387,0.6603742780774188,0.6603742780774188,0.45815690999132624,0.6098199360558956
CHEMBL3545185,SELINEXOR,10,0,2,0.6246399702436651,-9.969,-8.4695,False,Launched,exportin antagonist,multiple myeloma,443.3,3.39,97.6,MAPK14,-8.603,95.86049543676663,0.9586049543676662,0.0,0.8,0.778536615334207,0.6602224740471976,0.6602224740471976,0.45815690999132624,0.6097060830332297
CHEMBL1389,LEVONORGESTREL,10,0,1,0.5912857860619345,-8.668,-7.8045,False,Launched,estrogen receptor agonist|glucocorticoid receptor antagonist|progesterone receptor agonist|progesterone receptor antagonist,contraceptive,312.5,3.88,37.3,AXL,-8.578,96.09247802018886,0.9609247802018887,0.0,1.0,0.8797731045932484,0.7163358777697427,0.7163358777697427,0.2890648263178878,0.609518114906779
CHEMBL1201206,PIPECURONIUM,10,0,1,0.5410811027376629,-10.01,-6.6205,False,Launched,neuromuscular blocker,anesthetic,602.9,3.63,59.1,AXL,-8.894,97.89970693585151,0.9789970693585152,0.0,0.9500000000000001,0.8797731045932484,0.7135647934323933,0.7135647934323933,0.2890648263178878,0.6074398016537669
CHEMBL535,SUNITINIB,10,0,1,0.6066851937144065,-9.467,-7.4915,False,Launched,FLT3 inhibitor|KIT inhibitor|PDGFR tyrosine kinase receptor inhibitor|RET tyrosine kinase inhibitor|VEGFR inhibitor,gastrointestinal stromal tumors (GIST)|renal cell carcinoma (RCC)|neuroendocrine tumors of pancreatic origin (PNET),398.5,3.33,77.2,TNIK,-9.467,97.33920992491022,0.9733920992491022,0.0,1.0,0.8242056993121519,0.7129876945964637,0.7129876945964637,0.2890648263178878,0.6070069775268196
CHEMBL1567,SUNITINIB MALATE,10,0,1,0.6066851937144065,-9.467,-7.4915,False,,,,398.5,3.33,77.2,TNIK,-9.467,97.33920992491022,0.9733920992491022,0.0,1.0,0.8242056993121519,0.7129876945964637,0.7129876945964637,0.2890648263178878,0.6070069775268196
CHEMBL1057,FLUORESCEIN,10,0,1,0.6119005122338328,-9.281,-7.7305,False,Launched,,ophthalmology diagnostic,332.3,3.67,76.0,AXL,-8.446,94.72484532725497,0.9472484532725497,0.0,1.0,0.8797731045932484,0.7108653469980072,0.7108653469980072,0.2890648263178878,0.6054152168279773
CHEMBL652,FLECAINIDE,10,0,1,0.6114694177315048,-8.979,-7.6370000000000005,False,Launched,sodium channel blocker,ventricular tachycardia (VT)|atrial fibrillation (AF)|ventricular arrhythmias,414.3,3.44,59.6,MAPK14,-8.979,98.22359843546285,0.9822359843546284,0.0,1.0,0.778536615334207,0.7096748860419824,0.7096748860419824,0.2890648263178878,0.6045223711109586
CHEMBL1200822,FLECAINIDE ACETATE,10,0,1,0.6114694177315048,-8.979,-7.6370000000000005,False,,,,414.3,3.44,59.6,MAPK14,-8.979,98.22359843546285,0.9822359843546284,0.0,1.0,0.778536615334207,0.7096748860419824,0.7096748860419824,0.2890648263178878,0.6045223711109586
CHEMBL1201151,MESTRANOL,10,0,1,0.6261107873092275,-10.3,-7.726,False,Launched,estrogen receptor agonist,contraceptive,310.4,3.92,29.5,ACVR1,-10.3,97.44715447154472,0.9744715447154472,0.0,1.0,0.7969667318982387,0.7093336276709147,0.7093336276709147,0.2890648263178878,0.6042664273326579
CHEMBL1888176,TROSPIUM,10,0,1,0.6152214000787659,-10.25,-7.6129999999999995,False,Launched,acetylcholine receptor antagonist,urinary incontinence|urinary frequency,392.5,3.77,46.5,ACVR1,-10.25,97.21951219512195,0.9721951219512195,0.0,1.0,0.7969667318982387,0.7084230585652237,0.7084230585652237,0.2890648263178878,0.6035835005033897
CHEMBL3084748,TROSPIUM CHLORIDE,10,0,1,0.6152214000787659,-10.25,-7.6129999999999995,False,,,,392.5,3.77,46.5,ACVR1,-10.25,97.21951219512195,0.9721951219512195,0.0,1.0,0.7969667318982387,0.7084230585652237,0.7084230585652237,0.2890648263178878,0.6035835005033897
CHEMBL1293,BETA CAROTENE,10,1,3,0.45502963087401893,-11.6,-7.58,False,,,,536.9,12.61,0.0,SLC2A1,-11.6,98.61382909328114,0.9861382909328114,0.0,0.4,0.9141924959216966,0.611584190761379,0.611584190761379,0.5781296526357756,0.6032205562299782
CHEMBL1720,PALONOSETRON HYDROCHLORIDE,10,0,1,0.6178915120632849,-9.769,-7.7995,False,,,,296.4,2.66,23.6,MAPK14,-8.843,97.55541069100391,0.9755541069100392,0.0,1.0,0.778536615334207,0.7070021350641467,0.7070021350641467,0.2890648263178878,0.6025178078775819
CHEMBL1189679,PALONOSETRON,10,0,1,0.6178915120632849,-9.769,-7.7995,False,Launched,serotonin receptor antagonist,nausea|vomiting,296.4,2.66,23.6,MAPK14,-8.843,97.55541069100391,0.9755541069100392,0.0,1.0,0.778536615334207,0.7070021350641467,0.7070021350641467,0.2890648263178878,0.6025178078775819
CHEMBL295124,BERBERINE,10,0,1,0.6224851421523366,-9.536,-7.7675,False,Launched,LDL receptor activator,,336.4,3.1,40.8,TNIK,-9.164,95.70682337577539,0.9570682337577539,0.0,1.0,0.8242056993121519,0.7064581483999244,0.7064581483999244,0.2890648263178878,0.6021098178794152
CHEMBL2079587,STANOZOLOL,10,0,1,0.6268272991183597,-10.19,-8.04,False,,,,328.5,4.12,48.9,AXL,-9.114,98.53467925757083,0.9853467925757083,0.0,0.9,0.8797731045932484,0.7061046827192706,0.7061046827192706,0.2890648263178878,0.6018447186189249
CHEMBL3989754,FLURBIPROFEN SODIUM,10,0,1,0.5597542919928712,-9.152,-7.491,False,,,,243.3,2.35,40.1,TNIK,-9.152,95.55990858635325,0.9555990858635325,0.0,1.0,0.8242056993121519,0.7058704892422358,0.7058704892422358,0.2890648263178878,0.6016690735111487
CHEMBL563,FLURBIPROFEN,10,0,1,0.5805320678532138,-9.076,-7.7335,False,,,,244.3,3.68,37.3,TNIK,-9.076,95.24975514201763,0.9524975514201763,0.0,1.0,0.8242056993121519,0.7046298754648934,0.7046298754648934,0.2890648263178878,0.600738613178142
CHEMBL1200629,VECURONIUM BROMIDE,10,0,2,0.5334699190907418,-11.31,-7.4665,False,,,,557.8,5.97,55.8,SLC2A1,-11.31,97.65166340508806,0.9765166340508806,0.0,0.6,0.9141924959216966,0.6477355280086068,0.6477355280086068,0.45815690999132624,0.6003408735042867
CHEMBL3414621,TAZEMETOSTAT,10,0,3,0.5458403968501743,-11.22,-8.386,False,Launched,histone lysine methyltransferase inhibitor,,572.8,4.73,86.9,AXL,-9.301,98.90915011396939,0.9890915011396939,0.0,0.4,0.8797731045932484,0.6076025661448649,0.6076025661448649,0.5781296526357756,0.6002343377675926
CHEMBL4594260,TAZEMETOSTAT HYDROBROMIDE,10,0,3,0.5458403968501743,-11.22,-8.386,False,,,,572.8,4.73,86.9,AXL,-9.301,98.90915011396939,0.9890915011396939,0.0,0.4,0.8797731045932484,0.6076025661448649,0.6076025661448649,0.5781296526357756,0.6002343377675926
CHEMBL1089318,OPICAPONE,10,0,2,0.6081661557403151,-9.336,-8.3625,False,Phase 3,catechol O methyltransferase inhibitor,,413.2,3.28,149.5,MAPK14,-8.31,92.69882659713168,0.9269882659713169,0.0,0.8,0.778536615334207,0.6475757986886579,0.6475757986886579,0.45815690999132624,0.600221076514325
CHEMBL529888,GLIBORNURIDE,10,0,2,0.5937301851056126,-9.443,-8.167,False,,,,366.5,2.17,95.5,MAPK14,-8.273,92.34028683181225,0.9234028683181225,0.0,0.8,0.778536615334207,0.64614163962738,0.64614163962738,0.45815690999132624,0.5991454572183665
CHEMBL254857,FIPEXIDE,10,0,1,0.6214564483216861,-9.143,-7.9319999999999995,False,Withdrawn,psychoactive drug,,388.9,2.79,51.2,MAPK14,-8.659,96.3820078226858,0.9638200782268579,0.0,1.0,0.778536615334207,0.7023085235908741,0.7023085235908741,0.2890648263178878,0.5989975992726275
CHEMBL1405,ESTRONE,10,0,1,0.6356457302911016,-10.0,-7.7235,False,Launched,estrogen receptor agonist|estrogenic hormone,menopause,270.4,3.82,37.3,TNIK,-8.964,94.48253346392426,0.9448253346392426,0.0,1.0,0.8242056993121519,0.7015609887525198,0.7015609887525198,0.2890648263178878,0.5984369481438618
CHEMBL237500,LINAGLIPTIN,10,0,2,0.5758689580270666,-10.34,-8.710999999999999,False,Launched,dipeptidyl peptidase inhibitor,diabetes mellitus,472.6,1.15,116.9,AXL,-8.982,98.30674047541518,0.9830674047541518,0.0,0.6,0.8797731045932484,0.645192927590648,0.645192927590648,0.45815690999132624,0.5984339231908175
CHEMBL1108,DROPERIDOL,10,0,1,0.6319830722270406,-9.269,-8.3985,False,Launched,dopamine receptor antagonist,nausea|vomiting,379.4,3.68,58.1,TNIK,-8.939,94.41723800195886,0.9441723800195887,0.0,1.0,0.8242056993121519,0.7012998069046583,0.7012998069046583,0.2890648263178878,0.5982410617579657
CHEMBL1200585,OXYMETHOLONE,10,0,1,0.6108043355508841,-10.03,-7.759500000000001,False,,,,332.5,4.4,57.5,AXL,-8.745,97.26473461413221,0.9726473461413221,0.0,0.9,0.8797731045932484,0.7010249041455161,0.7010249041455161,0.2890648263178878,0.598034884688609
CHEMBL452231,TENIPOSIDE,10,0,2,0.5460761082892164,-10.7,-7.7505,False,Launched,topoisomerase inhibitor,acute lymphoblastic leukemia (ALL),656.7,2.75,160.8,AXL,-8.932,98.01367632692934,0.9801367632692934,0.0,0.6,0.8797731045932484,0.6440206709967046,0.6440206709967046,0.45815690999132624,0.5975547307453599
CHEMBL198362,RIVAROXABAN,10,0,1,0.6172866564359262,-9.336,-8.402000000000001,False,Launched,coagulation factor inhibitor,stroke|systemic embolism|atrial fibrillation (AF)|deep vein thrombosis (DVT)|pulmonary embolism (PE),435.9,2.52,88.2,MAPK14,-8.589,95.76271186440678,0.9576271186440678,0.0,1.0,0.778536615334207,0.6998313397577582,0.6998313397577582,0.2890648263178878,0.5971397113977905
CHEMBL1678,DONEPEZIL HYDROCHLORIDE,10,0,1,0.5984057272534227,-10.03,-7.841,False,,,,379.5,4.36,38.8,TNIK,-10.03,98.90630101207965,0.9890630101207966,0.0,0.9,0.8242056993121519,0.6992560589451414,0.6992560589451414,0.2890648263178878,0.596708250788328
CHEMBL2103875,TRAMETINIB,10,1,2,0.5578760209176028,-10.81,-7.592499999999999,False,Launched,MEK inhibitor,melanoma,615.4,3.94,107.1,AXL,-8.84,97.70433083686095,0.9770433083686094,0.0,0.6,0.8797731045932484,0.642783289036431,0.642783289036431,0.45815690999132624,0.5966266942751548
CHEMBL2105741,TRAMETINIB DIMETHYL SULFOXIDE,10,1,2,0.5578760209176028,-10.81,-7.592499999999999,False,,,,615.4,3.94,107.1,AXL,-8.84,97.70433083686095,0.9770433083686094,0.0,0.6,0.8797731045932484,0.642783289036431,0.642783289036431,0.45815690999132624,0.5966266942751548
CHEMBL15870,INDOPROFEN,10,0,1,0.6165186761378295,-9.228,-8.218,False,Withdrawn,cyclooxygenase inhibitor|prostanoid receptor antagonist,,281.3,3.04,57.6,TNIK,-8.883,93.73163565132224,0.9373163565132223,0.0,1.0,0.8242056993121519,0.6985573975021118,0.6985573975021118,0.2890648263178878,0.5961842547060557
CHEMBL1623,MECLIZINE,10,0,1,0.6501832344000962,-10.09,-8.1325,False,Launched,constitutive androstane receptor (CAR) agonist,nausea|vomiting|motion sickness,391.0,5.56,6.5,SLC2A1,-10.09,90.3457273320287,0.903457273320287,0.0,1.0,0.9141924959216966,0.6985117837163693,0.6985117837163693,0.2890648263178878,0.5961500443667489
CHEMBL2105760,BREXPIPRAZOLE,10,0,1,0.6373929211382309,-9.582,-7.964,False,Launched,dopamine receptor partial agonist,depression|schizophrenia,433.6,4.72,48.6,TNIK,-9.226,96.21286320600719,0.9621286320600718,0.0,0.9500000000000001,0.8242056993121519,0.6984823077208516,0.6984823077208516,0.2890648263178878,0.5961279373701106
CHEMBL126,LINEZOLID,10,0,1,0.5792842930266869,-8.567,-7.4355,False,Launched,bacterial 50S ribosomal subunit inhibitor,pneumonia|skin infections,337.4,1.12,71.1,MAPK14,-8.532,95.20860495436767,0.9520860495436767,0.0,1.0,0.778536615334207,0.6976149121176016,0.6976149121176016,0.2890648263178878,0.5954773906676731
CHEMBL3544985,DASABUVIR SODIUM MONOHYDRATE,10,1,2,0.5628009718133847,-10.58,-7.457,False,,,,492.6,3.65,108.6,TNIK,-10.22,99.31439764936337,0.9931439764936337,0.0,0.6,0.8242056993121519,0.6408884454942763,0.6408884454942763,0.45815690999132624,0.5952055616185388
CHEMBL6068334,SITAGLIPTIN HYDROCHLORIDE MONOHYDRATE,10,0,1,0.6416502855271509,-9.769,-8.349499999999999,False,,,,407.3,2.02,77.0,MAPK14,-8.51,95.02933507170795,0.9502933507170794,0.0,1.0,0.778536615334207,0.6968978325869628,0.6968978325869628,0.2890648263178878,0.594939581019694
CHEMBL1201174,SITAGLIPTIN PHOSPHATE,10,0,1,0.6416502855271509,-9.769,-8.349499999999999,False,,,,407.3,2.02,77.0,MAPK14,-8.51,95.02933507170795,0.9502933507170794,0.0,1.0,0.778536615334207,0.6968978325869628,0.6968978325869628,0.2890648263178878,0.594939581019694
CHEMBL1422,SITAGLIPTIN,10,0,1,0.6416502855271509,-9.769,-8.349499999999999,False,Launched,dipeptidyl peptidase inhibitor,diabetes mellitus,407.3,2.02,77.0,MAPK14,-8.51,95.02933507170795,0.9502933507170794,0.0,1.0,0.778536615334207,0.6968978325869628,0.6968978325869628,0.2890648263178878,0.594939581019694
CHEMBL5315049,SITAGLIPTIN FUMARATE,10,0,1,0.6416502855271509,-9.769,-8.349499999999999,False,,,,407.3,2.02,77.0,MAPK14,-8.51,95.02933507170795,0.9502933507170794,0.0,1.0,0.778536615334207,0.6968978325869628,0.6968978325869628,0.2890648263178878,0.594939581019694
CHEMBL2107797,NORGESTREL,10,0,1,0.5955430711124301,-10.13,-7.1555,False,Launched,progesterone receptor agonist,contraceptive,312.5,3.88,37.3,ACVR1,-9.761,94.21138211382114,0.9421138211382114,0.0,1.0,0.7969667318982387,0.6963905382400204,0.6963905382400204,0.2890648263178878,0.5945591102594872
CHEMBL6067995,BEROTRALSTAT HYDROCHLORIDE,10,0,4,0.5067342752245633,-11.44,-8.482500000000002,False,,,,562.6,5.7,108.8,SLC2A1,-11.44,97.94520547945206,0.9794520547945206,0.0,0.2,0.9141924959216966,0.5689096963060628,0.5689096963060628,0.6711877414712396,0.5944792075973571
CHEMBL5189739,BEROTRALSTAT,10,0,4,0.5067342752245633,-11.44,-8.482500000000002,False,,,,562.6,5.7,108.8,SLC2A1,-11.44,97.94520547945206,0.9794520547945206,0.0,0.2,0.9141924959216966,0.5689096963060628,0.5689096963060628,0.6711877414712396,0.5944792075973571
CHEMBL291338,"3,3',4',5-TETRACHLOROSALICYLANILIDE",10,1,1,0.5713739916530529,-9.365,-8.0995,False,,,,351.0,5.26,49.3,MAPK14,-9.365,99.1199478487614,0.991199478487614,0.0,0.9,0.778536615334207,0.6932602836951767,0.6932602836951767,0.2890648263178878,0.5922114193508544
CHEMBL512351,BETRIXABAN,10,1,3,0.5387851865456231,-10.04,-9.048,False,Launched,coagulation factor inhibitor,deep vein thrombosis (DVT),451.9,4.14,107.4,MAPK14,-10.04,100.0,1.0,0.0,0.4,0.778536615334207,0.5967804923001311,0.5967804923001311,0.5781296526357756,0.5921177823840422
CHEMBL2110731,TOFOGLIFLOZIN ANHYDROUS,10,0,2,0.5734108298838304,-9.72,-8.536,False,,,,386.4,1.0,99.4,TNIK,-9.72,98.25334639242573,0.9825334639242572,0.0,0.6,0.8242056993121519,0.6366442404665257,0.6366442404665257,0.45815690999132624,0.5920224078477258
CHEMBL2105711,TOFOGLIFLOZIN,10,0,2,0.5734108298838304,-9.72,-8.536,False,Launched,sodium/glucose cotransporter inhibitor,diabetes mellitus,386.4,1.0,99.4,TNIK,-9.72,98.25334639242573,0.9825334639242572,0.0,0.6,0.8242056993121519,0.6366442404665257,0.6366442404665257,0.45815690999132624,0.5920224078477258
CHEMBL4650485,PIRTOBRUTINIB,10,0,2,0.5840222402216847,-10.65,-8.312999999999999,False,,,,479.4,3.43,125.3,SLC2A1,-10.65,94.84670580560991,0.9484670580560991,0.0,0.6,0.9141924959216966,0.6365156976106942,0.6365156976106942,0.45815690999132624,0.5919260007058521
CHEMBL24924,FLUINDIONE,10,0,1,0.5884371623827878,-8.732,-7.5184999999999995,False,,,,240.2,2.99,34.1,MAPK14,-8.418,94.0026075619296,0.940026075619296,0.0,1.0,0.778536615334207,0.6927909225478495,0.6927909225478495,0.2890648263178878,0.5918593984903591
CHEMBL1479,DANAZOL,10,0,1,0.6173356696555282,-9.645,-8.18,False,Launched,estrogen receptor antagonist|progesterone receptor agonist,endometriosis|angioedema,337.5,4.22,46.3,AXL,-8.451,94.82253337675024,0.9482253337675024,0.0,0.9,0.8797731045932484,0.6912560991959882,0.6912560991959882,0.2890648263178878,0.590708280976463
CHEMBL276520,INDALPINE,10,0,1,0.56784507298665,-8.711,-7.663,False,Withdrawn,selective serotonin reuptake inhibitor (SSRI),,228.3,3.1,27.8,TNIK,-8.711,91.83806725432582,0.9183806725432582,0.0,1.0,0.8242056993121519,0.6909831239141261,0.6909831239141261,0.2890648263178878,0.5905035495150665
CHEMBL1657,TAZAROTENE,10,0,1,0.5838729884813907,-9.563,-7.577,False,Launched,retinoid receptor agonist,cosmetic|sunscreen lotion,351.5,4.43,39.2,TNIK,-9.385,96.83317009467842,0.9683317009467842,0.0,0.9,0.8242056993121519,0.6909635352755366,0.6909635352755366,0.2890648263178878,0.5904888580361243
CHEMBL1571,TESTOLACTONE,10,0,1,0.6201680184090541,-9.301,-7.7715,False,,,,300.4,3.59,43.4,TNIK,-8.695,91.70747633039504,0.9170747633039504,0.0,1.0,0.8242056993121519,0.690460760218403,0.690460760218403,0.2890648263178878,0.5901117767432742
CHEMBL259571,TAPINAROF,10,0,1,0.5510075261911783,-9.001,-7.668,False,Phase 3,aryl hydrocarbon receptor agonist,,254.3,4.39,40.5,MAPK14,-9.001,98.40286831812256,0.9840286831812256,0.0,0.9,0.778536615334207,0.6903919655726214,0.6903919655726214,0.2890648263178878,0.590060180758938
CHEMBL3707313,TRIFAROTENE,10,0,2,0.5620100430272768,-10.55,-8.172,False,,,,459.6,5.99,70.0,SLC2A1,-10.55,94.19439008480104,0.9419439008480104,0.0,0.6,0.9141924959216966,0.6339064347274587,0.6339064347274587,0.45815690999132624,0.5899690535434255
CHEMBL2042122,FLUTEMETAMOL F 18,10,0,1,0.5870858719741118,-8.696,-7.419,False,,,,273.3,3.85,45.2,TNIK,-8.69,91.65850473392099,0.9165850473392099,0.0,1.0,0.8242056993121519,0.6902648738325068,0.6902648738325068,0.2890648263178878,0.589964861953852
CHEMBL579205,FLUTEMETAMOL,10,0,1,0.5870858719741118,-8.696,-7.419,False,,,,274.3,3.85,45.2,TNIK,-8.69,91.65850473392099,0.9165850473392099,0.0,1.0,0.8242056993121519,0.6902648738325068,0.6902648738325068,0.2890648263178878,0.589964861953852
CHEMBL3833319,REVEFENACIN,10,0,4,0.46543275697867176,-10.98,-8.214,False,Launched,cholinergic receptor antagonist,,597.8,4.84,108.2,SLC2A1,-10.98,96.37964774951077,0.9637964774951077,0.0,0.2,0.9141924959216966,0.5626474653862976,0.5626474653862976,0.6711877414712396,0.5897825344075331
CHEMBL2040682,CICLESONIDE,10,0,3,0.4929842909687815,-10.1,-7.7844999999999995,False,Launched,glucocorticoid receptor agonist,allergic rhinitis,540.7,4.7,99.1,AXL,-8.513,95.34353630739173,0.9534353630739173,0.0,0.4,0.8797731045932484,0.5933401109185542,0.5933401109185542,0.5781296526357756,0.5895374963478596
CHEMBL2103837,TAFAMIDIS,10,0,1,0.5882594374028461,-9.26,-7.756,False,,,,308.1,4.5,63.3,TNIK,-9.26,96.34345412993797,0.9634345412993797,0.0,0.9,0.8242056993121519,0.6890046714165747,0.6890046714165747,0.2890648263178878,0.589019710141903
CHEMBL2216870,IDELALISIB,10,0,1,0.6029391098219464,-11.44,-8.097999999999999,False,Launched,PI3K inhibitor,chronic lymphocytic leukemia (CLL),415.4,3.75,101.4,SLC2A1,-11.44,97.94520547945206,0.9794520547945206,0.0,0.8,0.9141924959216966,0.6889096963060628,0.6889096963060628,0.2890648263178878,0.588948478809019
CHEMBL2374220,LEDIPASVIR,9,2,5,0.38562777557685934,-13.09,-7.632,False,Launched,HCV inhibitor,hepatitis C,889.0,8.61,174.6,SLC2A1,-13.09,99.706457925636,0.99706457925636,0.0,0.0,0.9141924959216966,0.5359547060907985,0.5359547060907985,0.7472217363092141,0.5887714636454024
CHEMBL4173394,BRILLIANT BLUE G,10,1,4,0.469262613525958,-10.73,-8.501,False,,,,831.0,8.96,141.9,AXL,-8.768,97.32985998046239,0.9732985998046239,0.0,0.2,0.8797731045932484,0.5612854056108368,0.5612854056108368,0.6711877414712396,0.5887609895759376
CHEMBL1200866,PERFLUBRON,10,0,2,0.5078503250972171,-9.432,-7.288,False,Launched,contrast agent,contrast agent,499.0,6.35,0.0,TNIK,-9.432,97.12699967352269,0.9712699967352268,0.0,0.6,0.8242056993121519,0.6321388535909136,0.6321388535909136,0.45815690999132624,0.5886433676910168
CHEMBL973,TERIFLUNOMIDE,10,0,1,0.5664107525270247,-8.658,-7.6715,False,Launched,dihydroorotate dehydrogenase inhibitor,multiple sclerosis,270.2,3.0,73.1,TNIK,-8.658,91.20143650016324,0.9120143650016324,0.0,1.0,0.8242056993121519,0.6884366008974758,0.6884366008974758,0.2890648263178878,0.5885936572525787
CHEMBL24828,VANDETANIB,10,0,2,0.5596353686084982,-9.758,-8.280999999999999,False,Launched,EGFR inhibitor|RET tyrosine kinase inhibitor|VEGFR inhibitor,medullary thyroid cancer (MTC),475.4,4.43,62.7,TNIK,-9.4,96.93111328762652,0.9693111328762651,0.0,0.6,0.8242056993121519,0.6313553080473289,0.6313553080473289,0.45815690999132624,0.5880557085333282
CHEMBL340978,BENOXAPROFEN,10,0,1,0.5759179831207705,-8.87,-7.9350000000000005,False,,,,301.7,4.34,63.3,MAPK14,-8.87,97.71838331160365,0.9771838331160364,0.0,0.9,0.778536615334207,0.6876540255465458,0.6876540255465458,0.2890648263178878,0.5880067257393813
CHEMBL799,CILOSTAZOL,10,0,1,0.5969031505983761,-9.487,-7.669,False,Launched,phosphodiesterase inhibitor,claudication,369.5,3.46,81.9,TNIK,-8.625,90.89128305582761,0.9089128305582761,0.0,1.0,0.8242056993121519,0.6871959871201332,0.6871959871201332,0.2890648263178878,0.5876631969195718
CHEMBL1568698,GANAXOLONE,10,0,1,0.6150845735712916,-9.444,-7.6395,False,Phase 3,GABA receptor modulator,,332.5,4.99,37.3,TNIK,-9.181,95.78844270323212,0.9578844270323212,0.0,0.9,0.8242056993121519,0.6867846257097513,0.6867846257097513,0.2890648263178878,0.5873546758617854
CHEMBL1615374,VILAZODONE HYDROCHLORIDE,10,0,2,0.5682295477024366,-10.34,-8.1845,False,,,,441.5,4.03,102.3,ACVR1,-10.34,97.70731707317073,0.9770731707317073,0.0,0.6,0.7969667318982387,0.6303742780774187,0.6303742780774187,0.45815690999132624,0.5873199360558956
CHEMBL1200853,DYDROGESTERONE,10,0,1,0.5762429092230774,-10.04,-7.4325,False,Launched,progesterone receptor agonist,infertility,312.5,4.5,34.1,ACVR1,-10.04,96.45528455284553,0.9645528455284552,0.0,0.9,0.7969667318982387,0.685366147996118,0.685366147996118,0.2890648263178878,0.5862908175765604
CHEMBL277535,BIFONAZOLE,10,0,1,0.6107999033674846,-9.631,-7.789,False,Launched,sterol demethylase inhibitor,tinea pedis|tinea cruris,310.4,5.19,17.8,TNIK,-9.101,95.29872673849168,0.9529872673849168,0.0,0.9,0.8242056993121519,0.6848257618507896,0.6848257618507896,0.2890648263178878,0.5858855279675641
CHEMBL6068400,GIVINOSTAT HYDROCHLORIDE,10,0,2,0.5731959990992733,-9.86,-8.318000000000001,False,,,,421.5,4.55,90.9,TNIK,-9.223,96.16389160953314,0.9616389160953314,0.0,0.6,0.8242056993121519,0.6282864213349554,0.6282864213349554,0.45815690999132624,0.585754043499048
CHEMBL1213492,GIVINOSTAT,10,0,2,0.5731959990992733,-9.86,-8.318000000000001,False,Phase 3,HDAC inhibitor,,421.5,4.55,90.9,TNIK,-9.223,96.16389160953314,0.9616389160953314,0.0,0.6,0.8242056993121519,0.6282864213349554,0.6282864213349554,0.45815690999132624,0.585754043499048
CHEMBL2106155,ENCAINIDE HYDROCHLORIDE,10,0,1,0.5784225096942996,-9.463,-7.59,False,,,,352.5,4.36,41.6,MAPK14,-8.707,96.82203389830508,0.9682203389830508,0.0,0.9,0.778536615334207,0.6840686278933514,0.6840686278933514,0.2890648263178878,0.5853176774994855
CHEMBL315838,ENCAINIDE,10,0,1,0.5784225096942996,-9.463,-7.59,False,,,,352.5,4.36,41.6,MAPK14,-8.707,96.82203389830508,0.9682203389830508,0.0,0.9,0.778536615334207,0.6840686278933514,0.6840686278933514,0.2890648263178878,0.5853176774994855
CHEMBL1200722,PIPECURONIUM BROMIDE,10,0,1,0.5110811027376629,-10.01,-6.6205,False,,,,602.9,3.63,59.1,AXL,-8.894,97.89970693585151,0.9789970693585152,0.0,0.8,0.8797731045932484,0.6835647934323933,0.6835647934323933,0.2890648263178878,0.5849398016537669
CHEMBL38,TRETINOIN,10,0,1,0.563868563486577,-8.681,-7.9190000000000005,False,Launched,retinoid receptor agonist|retinoid receptor ligand,acute promyelocytic leukemia (APL),300.4,5.6,37.3,MAPK14,-8.681,96.64276401564538,0.9664276401564539,0.0,0.9,0.778536615334207,0.6833515483627126,0.6833515483627126,0.2890648263178878,0.5847798678515064
CHEMBL1596,CARBENICILLIN INDANYL,10,0,2,0.5786074589345817,-10.39,-8.422,False,,,,494.6,2.5,113.0,AXL,-8.356,93.682839465972,0.9368283946597199,0.0,0.6,0.8797731045932484,0.6266973235528752,0.6266973235528752,0.45815690999132624,0.5845622201624879
CHEMBL43064,CINNARIZINE,10,0,1,0.6200806957325395,-10.23,-7.8915,False,,,,368.5,5.11,6.5,SLC2A1,-10.23,91.34050880626224,0.9134050880626223,0.0,0.9,0.9141924959216966,0.6824909096133035,0.6824909096133035,0.2890648263178878,0.5841343887894496
CHEMBL400599,BENFLUOREX,10,0,1,0.5200368061906565,-8.651,-7.577500000000001,False,Withdrawn,gluconeogenesis inhibitor,,351.4,4.08,38.3,MAPK14,-8.651,96.21903520208605,0.9621903520208605,0.0,0.9,0.778536615334207,0.6816566331084752,0.6816566331084752,0.2890648263178878,0.5835086814108283
CHEMBL3707377,SEGESTERONE ACETATE,10,0,1,0.5736811082483371,-9.957,-7.5649999999999995,False,,,,370.5,4.19,60.4,AXL,-8.247,92.21751872354282,0.9221751872354282,0.0,0.9,0.8797731045932484,0.6808360405831586,0.6808360405831586,0.2890648263178878,0.5828932370168409
CHEMBL56564,TROPISETRON,10,0,1,0.5961437068103166,-8.597,-7.8665,False,Launched,serotonin receptor antagonist,nausea|vomiting,284.4,2.95,45.3,MAPK14,-8.188,90.95501955671446,0.9095501955671446,0.0,1.0,0.778536615334207,0.6806005705269889,0.6806005705269889,0.2890648263178878,0.5827166344747136
CHEMBL489411,AMOROLFINE,10,0,1,0.5080177674600298,-8.568,-7.1805,False,Launched,membrane integrity inhibitor,onychomycosis,317.5,4.66,12.5,MAPK14,-8.568,95.59973924380704,0.9559973924380704,0.0,0.9,0.778536615334207,0.6791794492753593,0.6791794492753593,0.2890648263178878,0.5816507935359914
CHEMBL3989555,MECLIZINE HYDROCHLORIDE,10,0,1,0.6301832344000962,-10.09,-8.1325,False,,,,391.0,5.56,6.5,SLC2A1,-10.09,90.3457273320287,0.903457273320287,0.0,0.9,0.9141924959216966,0.6785117837163693,0.6785117837163693,0.2890648263178878,0.5811500443667489
CHEMBL4105630,ZURANOLONE,10,0,1,0.5904898974792859,-10.53,-7.804,False,Phase 3,GABA receptor agonist,,409.6,4.34,78.9,TNIK,-9.758,98.46555664381326,0.9846555664381326,0.0,0.8,0.8242056993121519,0.6774930814720759,0.6774930814720759,0.2890648263178878,0.5803860176835288
CHEMBL251940,PERICIAZINE,10,0,1,0.5787167536458622,-9.556,-7.7385,False,,,,365.5,4.01,50.5,MAPK14,-8.511,95.11082138200783,0.9511082138200783,0.0,0.9,0.778536615334207,0.6772237778281625,0.6772237778281625,0.2890648263178878,0.5801840399505938
CHEMBL1316,CARPROFEN,10,0,1,0.5718409178330374,-8.808,-7.7895,False,Launched,cyclooxygenase inhibitor,osteoarthritis,273.7,4.16,53.1,TNIK,-8.808,92.9807378387202,0.9298073783872021,0.0,0.9,0.8242056993121519,0.6755538062517037,0.6755538062517037,0.2890648263178878,0.5789315612682497
CHEMBL576127,FENSPIRIDE,10,0,1,0.565997405703633,-8.338,-7.4415,False,Launched,bronchodilator,asthma|otitis|sinusitis|rhinopharyngitis|laryngitis,260.3,1.8,41.6,MAPK14,-8.082,89.50456323337679,0.8950456323337679,0.0,1.0,0.778536615334207,0.6747987452336381,0.6747987452336381,0.2890648263178878,0.5783652655047005
CHEMBL3181841,RAMOSETRON HYDROCHLORIDE,10,0,1,0.6102373167680113,-8.995,-7.7775,False,,,,279.3,2.89,50.7,TNIK,-8.409,87.77342474698008,0.8777342474698009,0.0,1.0,0.8242056993121519,0.6747245538847432,0.6747245538847432,0.2890648263178878,0.5783096219930293
CHEMBL1643895,RAMOSETRON,10,0,1,0.6102373167680113,-8.995,-7.7775,False,Launched,serotonin receptor antagonist,nausea|vomiting|irritable bowel syndrome,279.3,2.89,50.7,TNIK,-8.409,87.77342474698008,0.8777342474698009,0.0,1.0,0.8242056993121519,0.6747245538847432,0.6747245538847432,0.2890648263178878,0.5783096219930293
CHEMBL960,LEFLUNOMIDE,10,0,1,0.5580109197562733,-8.406,-7.5715,False,Launched,dihydroorotate dehydrogenase inhibitor|PDGFR tyrosine kinase receptor inhibitor,rheumatoid arthritis,270.2,3.25,55.1,TNIK,-8.406,87.72445315050604,0.8772445315050603,0.0,1.0,0.8242056993121519,0.6745286674988469,0.6745286674988469,0.2890648263178878,0.5781627072036071
CHEMBL1116,RALOXIFENE HYDROCHLORIDE,10,0,2,0.5751664697140135,-9.725,-8.116,False,,,,473.6,6.08,70.0,AXL,-8.183,91.28948225333767,0.9128948225333766,0.0,0.6,0.8797731045932484,0.6171238947023379,0.6171238947023379,0.45815690999132624,0.5773821485245849
CHEMBL81,RALOXIFENE,10,0,2,0.5751664697140135,-9.725,-8.116,False,Launched,estrogen receptor antagonist|selective estrogen receptor modulator (SERM),osteoporosis|breast cancer,473.6,6.08,70.0,AXL,-8.183,91.28948225333767,0.9128948225333766,0.0,0.6,0.8797731045932484,0.6171238947023379,0.6171238947023379,0.45815690999132624,0.5773821485245849
CHEMBL4208229,ASCIMINIB,10,0,1,0.5953271250895584,-10.5,-8.149000000000001,False,Phase 2,Bcr-Abl kinase inhibitor,,449.8,3.46,103.4,SLC2A1,-10.5,93.7866927592955,0.9378669275929551,0.0,0.8,0.9141924959216966,0.6722756454254366,0.6722756454254366,0.2890648263178878,0.5764729406485494
CHEMBL4297220,ASCIMINIB HYDROCHLORIDE,10,0,1,0.5953271250895584,-10.5,-8.149000000000001,False,,,,449.8,3.46,103.4,SLC2A1,-10.5,93.7866927592955,0.9378669275929551,0.0,0.8,0.9141924959216966,0.6722756454254366,0.6722756454254366,0.2890648263178878,0.5764729406485494
CHEMBL4435170,DEUCRAVACITINIB,10,0,1,0.578442181784016,-9.327,-7.6355,False,,,,425.5,1.73,135.9,MAPK14,-9.113,98.82659713168188,0.9882659713168188,0.0,0.8,0.778536615334207,0.6720868808268585,0.6720868808268585,0.2890648263178878,0.5763313671996158
CHEMBL3545057,ACETYLDIGITOXIN,10,1,2,0.48944057511740835,-12.42,-7.5504999999999995,False,,,,807.0,3.82,188.9,SLC2A1,-12.42,99.51076320939335,0.9951076320939335,0.0,0.4,0.9141924959216966,0.6151719272258279,0.6151719272258279,0.45815690999132624,0.5759181729172025
CHEMBL4297610,OLUTASIDENIB,10,0,1,0.607422262461009,-9.793,-8.196,False,,,,354.8,2.92,90.7,TNIK,-9.367,96.80052236369572,0.9680052236369572,0.0,0.8,0.8242056993121519,0.6708329443516057,0.6708329443516057,0.2890648263178878,0.5753909148431762
CHEMBL4299940,MITAPIVAT,10,0,1,0.6188231541405572,-10.44,-8.5045,False,Preclinical,pyruvate kinase isozyme activator,,450.6,3.2,82.6,SLC2A1,-10.44,93.31376386170906,0.9331376386170906,0.0,0.8,0.9141924959216966,0.6703839298350908,0.6703839298350908,0.2890648263178878,0.57505415395579
CHEMBL4297223,MITAPIVAT SULFATE,10,0,1,0.6188231541405572,-10.44,-8.5045,False,,,,450.6,3.2,82.6,SLC2A1,-10.44,93.31376386170906,0.9331376386170906,0.0,0.8,0.9141924959216966,0.6703839298350908,0.6703839298350908,0.2890648263178878,0.57505415395579
CHEMBL3348923,TOVORAFENIB,10,0,2,0.5809447478829831,-9.857,-8.264,False,,,,506.3,3.98,135.8,MAPK14,-8.447,94.14928292046936,0.9414928292046936,0.0,0.6,0.778536615334207,0.6133776239820086,0.6133776239820086,0.45815690999132624,0.574572445484338
CHEMBL1324,TOLCAPONE,10,0,1,0.5526182648392306,-9.277,-7.564,False,Withdrawn,catechol O methyltransferase inhibitor,,273.2,2.55,100.7,TNIK,-9.277,96.40874959190336,0.9640874959190335,0.0,0.8,0.8242056993121519,0.6692658532644362,0.6692658532644362,0.2890648263178878,0.5742155965277991
CHEMBL1909289,XENAZOIC ACID,10,0,1,0.5758719059563173,-9.269,-7.7940000000000005,False,,,,375.4,4.71,75.6,TNIK,-9.269,96.37610186092067,0.9637610186092067,0.0,0.8,0.8242056993121519,0.6691352623405056,0.6691352623405056,0.2890648263178878,0.5741176533348511
CHEMBL711,PHENINDIONE,10,0,1,0.569702053064342,-8.572,-7.436999999999999,False,Launched,vitamin K antagonist,deep vein thrombosis (DVT),222.2,2.85,34.1,MAPK14,-8.008,88.03780964797913,0.8803780964797913,0.0,1.0,0.778536615334207,0.6689317308920475,0.6689317308920475,0.2890648263178878,0.5739650047485075
CHEMBL1257015,PICOTAMIDE,10,0,1,0.5898959492366596,-9.464,-8.039000000000001,False,Launched,thromboxane receptor antagonist|thromboxane synthase inhibitor,thrombosis,376.4,2.35,93.2,MAPK14,-8.923,97.94654498044328,0.9794654498044327,0.0,0.8,0.778536615334207,0.6685666722219041,0.6685666722219041,0.2890648263178878,0.5736912107459
CHEMBL1646,INDOCYANINE GREEN,10,0,3,0.42750993440363166,-11.65,-8.0915,False,,,,752.0,8.37,120.7,SLC2A1,-11.65,98.69536855838226,0.9869536855838226,0.0,0.2,0.9141924959216966,0.5719103486217836,0.5719103486217836,0.5781296526357756,0.5734651746252816
CHEMBL1607,TOPOTECAN HYDROCHLORIDE,10,0,1,0.5712258475306629,-9.999,-8.0075,False,,,,421.5,1.85,104.9,AXL,-8.375,93.8944969065451,0.938944969065451,0.0,0.8,0.8797731045932484,0.6675439533151677,0.6675439533151677,0.2890648263178878,0.5729241715658477
CHEMBL84,TOPOTECAN,10,0,1,0.5712258475306629,-9.999,-8.0075,False,Launched,topoisomerase inhibitor,small cell lung cancer|cervical cancer,421.5,1.85,104.9,AXL,-8.375,93.8944969065451,0.938944969065451,0.0,0.8,0.8797731045932484,0.6675439533151677,0.6675439533151677,0.2890648263178878,0.5729241715658477
CHEMBL1418176,METHANDROSTENOLONE,10,0,1,0.5849893692504563,-8.739,-7.5634999999999994,False,,,,300.4,4.05,37.3,TNIK,-8.627,90.92393078681032,0.9092393078681031,0.0,0.9,0.8242056993121519,0.6673265780440641,0.6673265780440641,0.2890648263178878,0.57276114011252
CHEMBL1113,AMOXAPINE,10,0,1,0.6008600195986242,-9.447,-7.039,False,Launched,norepinephrine reputake inhibitor,depression,313.8,3.43,36.9,ACVR1,-9.178,86.89430894308943,0.8689430894308943,0.0,1.0,0.7969667318982387,0.6671222455570935,0.6671222455570935,0.2890648263178878,0.572607890747292
CHEMBL15023,TRIFLUPERIDOL,10,0,1,0.5708280627295079,-9.278,-7.9605,False,,,,409.4,4.79,40.5,MAPK14,-8.843,97.55541069100391,0.9755541069100392,0.0,0.8,0.778536615334207,0.6670021350641469,0.6670021350641469,0.2890648263178878,0.5725178078775821
CHEMBL296419,ASTEMIZOLE,10,1,2,0.5654638474591926,-9.897,-7.821,False,Withdrawn,histamine receptor antagonist,,458.6,5.35,42.3,SLC2A1,-9.897,88.29093281148076,0.8829093281148076,0.0,0.6,0.9141924959216966,0.6102926056341775,0.6102926056341775,0.45815690999132624,0.5722586817234647
CHEMBL1214124,PERAMPANEL,10,0,1,0.6143188167861796,-9.446,-8.104,True,,,,349.4,4.44,58.7,AXL,-8.049,88.63562357538261,0.886356235753826,0.0,0.9,0.8797731045932484,0.6665084599905177,0.6665084599905177,0.2890648263178878,0.5721475515723602
CHEMBL2018096,IPRAGLIFLOZIN,10,0,2,0.5566917129437827,-9.819,-8.123999999999999,False,,,,404.5,2.15,90.2,TNIK,-8.686,91.5932092719556,0.915932092719556,0.0,0.6,0.8242056993121519,0.6100036919846452,0.6100036919846452,0.45815690999132624,0.5720419964863155
CHEMBL44657,ETOPOSIDE,10,0,2,0.5536874801126873,-9.602,-8.033000000000001,False,Launched,topoisomerase inhibitor,non-small cell lung cancer (NSCLC),588.6,1.34,160.8,AXL,-8.095,89.44969065450992,0.8944969065450992,0.0,0.6,0.8797731045932484,0.6097647283070269,0.6097647283070269,0.45815690999132624,0.5718627737281017
CHEMBL578767,FLUMEXADOL,10,0,1,0.5473891608222469,-8.212,-7.390499999999999,False,Preclinical,,,231.2,2.37,21.3,TNIK,-8.212,85.60235063663075,0.8560235063663074,0.0,1.0,0.8242056993121519,0.6660402574433457,0.6660402574433457,0.2890648263178878,0.5717963996619813
CHEMBL1551,URSODIOL,10,0,1,0.5833007712131967,-9.193,-8.072,False,Launched,nuclear factor erythroid derived|like (NRF2) activator,gallstones,392.6,4.48,77.8,MAPK14,-8.75,97.09908735332465,0.9709908735332465,0.0,0.8,0.778536615334207,0.6651768417134296,0.6651768417134296,0.2890648263178878,0.5711488378645442
CHEMBL2106829,METHAQUALONE HYDROCHLORIDE,10,0,1,0.5867538431208209,-9.147,-7.4335,False,,,,250.3,3.0,34.9,ACVR1,-9.147,86.32520325203252,0.8632520325203252,0.0,1.0,0.7969667318982387,0.6648458227928659,0.6648458227928659,0.2890648263178878,0.5709005736741213
CHEMBL282052,METHAQUALONE,10,0,1,0.5867538431208209,-9.147,-7.4335,False,,,,250.3,3.0,34.9,ACVR1,-9.147,86.32520325203252,0.8632520325203252,0.0,1.0,0.7969667318982387,0.6648458227928659,0.6648458227928659,0.2890648263178878,0.5709005736741213
CHEMBL4301898,BRILLIANT BLUE G FREE ACID,10,0,3,0.494205630800536,-11.42,-8.1355,False,,,,832.1,9.31,139.1,SLC2A1,-11.42,97.81474233529028,0.9781474233529027,0.0,0.2,0.9141924959216966,0.5683878437294156,0.5683878437294156,0.5781296526357756,0.5708232959560057
CHEMBL483254,PANOBINOSTAT,10,0,1,0.5699995860264144,-9.599,-8.434000000000001,False,Launched,HDAC inhibitor,multiple myeloma,349.4,3.33,77.2,MAPK14,-8.739,96.98500651890483,0.9698500651890483,0.0,0.8,0.778536615334207,0.6647205183757503,0.6647205183757503,0.2890648263178878,0.5708065953612846
CHEMBL3545368,PANOBINOSTAT LACTATE,10,0,1,0.5699995860264144,-9.599,-8.434000000000001,False,,,,349.4,3.33,77.2,MAPK14,-8.739,96.98500651890483,0.9698500651890483,0.0,0.8,0.778536615334207,0.6647205183757503,0.6647205183757503,0.2890648263178878,0.5708065953612846
CHEMBL1201146,NORETHINDRONE ACETATE,10,0,1,0.5962412356944922,-9.96,-7.811,False,,,,340.5,4.06,43.4,AXL,-8.011,88.03321393682839,0.8803321393682839,0.0,0.9,0.8797731045932484,0.6640988214363008,0.6640988214363008,0.2890648263178878,0.5703403226566975
CHEMBL1364551,MINAPRINE HYDROCHLORIDE,10,0,1,0.5813789393089006,-8.682,-7.3735,False,,,,298.4,2.2,50.3,TNIK,-8.176,84.90042442050277,0.8490042442050277,0.0,1.0,0.8242056993121519,0.6632325525788338,0.6632325525788338,0.2890648263178878,0.5696906210135974
CHEMBL278819,MINAPRINE,10,0,1,0.5813789393089006,-8.682,-7.3735,False,Withdrawn,serotonin reuptake inhibitor,,298.4,2.2,50.3,TNIK,-8.176,84.90042442050277,0.8490042442050277,0.0,1.0,0.8242056993121519,0.6632325525788338,0.6632325525788338,0.2890648263178878,0.5696906210135974
CHEMBL1393,SPIRONOLACTONE,10,0,1,0.5573649219340461,-9.969,-7.014,False,Launched,mineralocorticoid receptor antagonist,hyperaldosteronism|congestive heart failure|hepatic cirrhosis|nephrotic syndrome|hypertension|hypokalemia,416.6,4.85,60.4,ACVR1,-9.969,95.83739837398375,0.9583739837398375,0.0,0.8,0.7969667318982387,0.6628946032806708,0.6628946032806708,0.2890648263178878,0.569437159039975
CHEMBL406393,DEOXYCHOLIC ACID,10,0,1,0.5307422424109008,-8.911,-7.275,False,,,,392.6,4.48,77.8,MAPK14,-8.664,96.41460234680574,0.9641460234680573,0.0,0.8,0.778536615334207,0.662438901687354,0.662438901687354,0.2890648263178878,0.5690953828449874
CHEMBL1201304,INDOCYANINE GREEN ACID FORM,10,1,3,0.4161492471714336,-11.25,-7.4295,False,,,,753.0,8.71,117.8,SLC2A1,-11.25,97.2276581865623,0.9722765818656229,0.0,0.2,0.9141924959216966,0.5660395071345037,0.5660395071345037,0.5781296526357756,0.5690620435098217
CHEMBL3039514,ELBASVIR,10,3,4,0.37498246441748057,-12.24,-7.3225,False,Launched,HCV inhibitor,hepatitis C,882.0,8.12,188.8,SLC2A1,-12.24,99.412915851272,0.99412915851272,0.0,0.0,0.9141924959216966,0.5347805377933426,0.5347805377933426,0.6711877414712396,0.5688823387128168
CHEMBL421,SULFASALAZINE,10,0,1,0.5807094603095591,-9.226,-7.997,False,Launched,cyclooxygenase inhibitor,ulcerative colitis,398.4,3.7,141.3,MAPK14,-8.627,96.03976531942634,0.9603976531942634,0.0,0.8,0.778536615334207,0.6609395535778364,0.6609395535778364,0.2890648263178878,0.5679708717628492
CHEMBL1800159,RELUGOLIX,10,1,2,0.497246282503748,-11.08,-7.287,False,Phase 3,gonadotropin releasing factor hormone receptor antagonist,,623.6,3.75,132.6,SLC2A1,-11.08,96.64057403783431,0.9664057403783431,0.0,0.4,0.9141924959216966,0.6036911705395918,0.6036911705395918,0.45815690999132624,0.5673076054025253
CHEMBL3707246,OZANIMOD HYDROCHLORIDE,10,0,1,0.6021792832972228,-9.988,-8.122,False,,,,404.5,3.63,104.2,MAPK14,-8.595,95.81160365058669,0.9581160365058669,0.0,0.8,0.778536615334207,0.6600269069024778,0.6600269069024778,0.2890648263178878,0.5672863867563303
CHEMBL3707247,OZANIMOD,10,0,1,0.6021792832972228,-9.988,-8.122,False,Phase 3,sphingosine 1-phosphate receptor agonist,,404.5,3.63,104.2,MAPK14,-8.595,95.81160365058669,0.9581160365058669,0.0,0.8,0.778536615334207,0.6600269069024778,0.6600269069024778,0.2890648263178878,0.5672863867563303
CHEMBL3646221,VADADUSTAT,10,0,1,0.5425625553441494,-8.558,-7.681,False,Phase 3,hypoxia inducible factor prolyl hydroxylase inhibitor,,306.7,1.92,99.5,MAPK14,-8.558,95.53455019556715,0.9553455019556715,0.0,0.8,0.778536615334207,0.6589186930823996,0.6589186930823996,0.2890648263178878,0.5664552263912717
CHEMBL178,DAUNORUBICIN,10,0,2,0.5169945300608566,-9.975,-8.1395,False,Launched,RNA synthesis inhibitor|topoisomerase inhibitor,acute myeloid leukemia (AML)|acute lymphoblastic leukemia (ALL),527.5,1.03,185.8,AXL,-8.786,97.42754802995766,0.9742754802995767,0.0,0.4,0.8797731045932484,0.601676157808818,0.601676157808818,0.45815690999132624,0.565796345854445
CHEMBL1200475,DAUNORUBICIN CITRATE,10,0,2,0.5169945300608566,-9.975,-8.1395,False,,,,527.5,1.03,185.8,AXL,-8.786,97.42754802995766,0.9742754802995767,0.0,0.4,0.8797731045932484,0.601676157808818,0.601676157808818,0.45815690999132624,0.565796345854445
CHEMBL1563,DAUNORUBICIN HYDROCHLORIDE,10,0,2,0.5169945300608566,-9.975,-8.1395,False,,,,527.5,1.03,185.8,AXL,-8.786,97.42754802995766,0.9742754802995767,0.0,0.4,0.8797731045932484,0.601676157808818,0.601676157808818,0.45815690999132624,0.565796345854445
CHEMBL4596392,CRAVACITINIB,10,0,1,0.5717188883332253,-9.86,-7.694,False,,,,422.4,1.73,135.9,MAPK14,-8.547,95.30638852672752,0.9530638852672751,0.0,0.8,0.778536615334207,0.6580060464070412,0.6580060464070412,0.2890648263178878,0.5657707413847528
CHEMBL2105758,AVATROMBOPAG MALEATE,10,0,2,0.4706681007488995,-10.92,-7.9079999999999995,False,,,,649.7,6.58,101.9,SLC2A1,-10.92,96.00456621004567,0.9600456621004567,0.0,0.4,0.9141924959216966,0.6011471392284372,0.6011471392284372,0.45815690999132624,0.5653995819191594
CHEMBL2103883,AVATROMBOPAG,10,0,2,0.4706681007488995,-10.92,-7.9079999999999995,False,Launched,thrombopoietin receptor agonist,thrombocytopenia,649.7,6.58,101.9,SLC2A1,-10.92,96.00456621004567,0.9600456621004567,0.0,0.4,0.9141924959216966,0.6011471392284372,0.6011471392284372,0.45815690999132624,0.5653995819191594
CHEMBL4298167,FILGOTINIB MALEATE,10,0,1,0.6034003466586929,-10.07,-8.1385,False,,,,425.5,1.98,96.7,SLC2A1,-10.07,90.08480104370516,0.9008480104370515,0.0,0.8,0.9141924959216966,0.6574680785630752,0.6574680785630752,0.2890648263178878,0.5653672655017783
CHEMBL3301607,FILGOTINIB,10,0,1,0.6034003466586929,-10.07,-8.1385,False,Phase 3,JAK inhibitor,,425.5,1.98,96.7,SLC2A1,-10.07,90.08480104370516,0.9008480104370515,0.0,0.8,0.9141924959216966,0.6574680785630752,0.6574680785630752,0.2890648263178878,0.5653672655017783
CHEMBL4298168,IBREXAFUNGERP CITRATE,10,0,2,0.44140265976563847,-10.87,-7.125,False,,,,730.1,8.62,125.4,SLC2A1,-10.87,95.80887149380301,0.9580887149380302,0.0,0.4,0.9141924959216966,0.6003643603634665,0.6003643603634665,0.45815690999132624,0.5648124977704314
CHEMBL4297513,IBREXAFUNGERP,10,0,2,0.44140265976563847,-10.87,-7.125,False,,,,730.1,8.62,125.4,SLC2A1,-10.87,95.80887149380301,0.9580887149380302,0.0,0.4,0.9141924959216966,0.6003643603634665,0.6003643603634665,0.45815690999132624,0.5648124977704314
CHEMBL2105638,DELAFLOXACIN MEGLUMINE,10,0,1,0.5737798935901679,-10.0,-7.7415,False,,,,440.8,1.92,121.7,SLC2A1,-10.0,89.38356164383562,0.8938356164383562,0.0,0.8,0.9141924959216966,0.654663120963597,0.654663120963597,0.2890648263178878,0.5632635473021697
CHEMBL2105637,DELAFLOXACIN,10,0,1,0.5737798935901679,-10.0,-7.7415,False,Phase 3,antiinfective drug,,440.8,1.92,121.7,SLC2A1,-10.0,89.38356164383562,0.8938356164383562,0.0,0.8,0.9141924959216966,0.654663120963597,0.654663120963597,0.2890648263178878,0.5632635473021697
CHEMBL1200645,ETOPOSIDE PHOSPHATE,10,0,2,0.49000603867499626,-10.32,-7.5024999999999995,False,,,,668.5,1.1,207.4,AXL,-8.646,96.54835558450017,0.9654835558450017,0.0,0.4,0.8797731045932484,0.598159388026988,0.598159388026988,0.45815690999132624,0.5631587685180726
CHEMBL305660,EBASTINE,10,0,2,0.5073223433942637,-10.68,-8.5745,False,Launched,histamine receptor antagonist,allergic rhinitis|urticaria,469.7,7.22,29.5,SLC2A1,-10.68,94.94455316373124,0.9494455316373124,0.0,0.4,0.9141924959216966,0.5969070870431794,0.5969070870431794,0.45815690999132624,0.5622195427802161
CHEMBL1200607,PERFLEXANE,10,0,1,0.49937141838226395,-8.361,-6.9030000000000005,False,,,,338.0,4.65,0.0,TNIK,-8.361,87.33268037871368,0.8733268037871368,0.0,0.9,0.8242056993121519,0.6529615764116775,0.6529615764116775,0.2890648263178878,0.5619873888882301
CHEMBL1201179,LAPATINIB DITOSYLATE,10,0,3,0.5082637010903778,-10.63,-8.638,False,,,,581.1,6.14,106.4,SLC2A1,-10.63,94.6020874103066,0.9460208741030659,0.0,0.2,0.9141924959216966,0.5555372240294809,0.5555372240294809,0.5781296526357756,0.5611853311810546
CHEMBL554,LAPATINIB,10,0,3,0.5082637010903778,-10.63,-8.638,False,Launched,EGFR inhibitor,breast cancer,581.1,6.14,106.4,SLC2A1,-10.63,94.6020874103066,0.9460208741030659,0.0,0.2,0.9141924959216966,0.5555372240294809,0.5555372240294809,0.5781296526357756,0.5611853311810546
CHEMBL3545311,BRIGATINIB,10,0,1,0.5613529984181582,-11.58,-7.787,False,Launched,ALK tyrosine kinase receptor inhibitor|EGFR inhibitor,non-small cell lung cancer (NSCLC),584.1,5.09,85.9,SLC2A1,-11.58,98.51598173515981,0.9851598173515981,0.0,0.6,0.9141924959216966,0.6511928013288938,0.6511928013288938,0.2890648263178878,0.5606608075761422
CHEMBL702,PIPERACILLIN,10,0,2,0.5046669474422684,-9.538,-7.577999999999999,False,Launched,bacterial cell wall synthesis inhibitor,intra-abdominal infections|skin infections|pelvic inflammatory disease|pneumonia,517.6,-0.24,156.4,AXL,-8.54,95.65288179746011,0.9565288179746011,0.0,0.4,0.8797731045932484,0.5945774928788278,0.5945774928788278,0.45815690999132624,0.5604723471569524
CHEMBL2105842,CORTIVAZOL,10,0,2,0.5203635635881712,-10.54,-8.103,False,,,,530.7,4.3,101.7,AXL,-8.53,95.60403777271247,0.9560403777271247,0.0,0.4,0.8797731045932484,0.5943821167798372,0.5943821167798372,0.45815690999132624,0.5603258150827094
CHEMBL19299,LOXOPROFEN,10,0,0,0.5954185894336935,-8.829,-7.407500000000001,False,Launched,cyclooxygenase inhibitor|prostanoid receptor antagonist,pain relief,246.3,2.79,54.4,TNIK,-8.829,93.27456741756448,0.9327456741756448,0.2,1.0,0.8242056993121519,0.7467291245670807,0.7467291245670807,0.0,0.5600468434253105
CHEMBL3183451,GARENOXACIN MESYLATE,10,0,1,0.5716213860669507,-9.558,-7.6285,False,,,,426.4,4.47,80.6,AXL,-8.1,89.56366004558775,0.8956366004558776,0.0,0.8,0.8797731045932484,0.6502206058713383,0.6502206058713383,0.2890648263178878,0.5599316609829756
CHEMBL215303,GARENOXACIN,10,0,1,0.5716213860669507,-9.558,-7.6285,False,Launched,topoisomerase inhibitor,respiratory tract infections,426.4,4.47,80.6,AXL,-8.1,89.56366004558775,0.8956366004558776,0.0,0.8,0.8797731045932484,0.6502206058713383,0.6502206058713383,0.2890648263178878,0.5599316609829756
CHEMBL928,DANTROLENE SODIUM,10,0,1,0.5508758882885443,-8.669,-7.422499999999999,False,,,,313.2,2.52,120.1,TNIK,-8.669,91.38099902056807,0.9138099902056807,0.0,0.8,0.8242056993121519,0.6491548509790951,0.6491548509790951,0.2890648263178878,0.5591323448137933
CHEMBL2364608,DORAVIRINE,10,0,1,0.5797201590934081,-9.874,-7.3665,False,Launched,non-nucleoside reverse transcriptase inhibitor,,425.8,2.65,105.7,SLC2A1,-9.874,87.93215916503587,0.8793215916503587,0.0,0.8,0.9141924959216966,0.6488575110483981,0.6488575110483981,0.2890648263178878,0.5589093398657705
CHEMBL2105762,OMARIGLIPTIN,10,0,1,0.5847400184083619,-10.07,-8.193999999999999,False,Launched,dipeptidyl peptidase inhibitor,diabetes mellitus,398.4,1.14,90.5,TNIK,-8.662,91.29937969311132,0.9129937969311132,0.0,0.8,0.8242056993121519,0.6488283736692682,0.6488283736692682,0.2890648263178878,0.5588874868314231
CHEMBL83063,RITODRINE,10,0,1,0.5208111778974727,-8.317,-7.7844999999999995,False,Withdrawn,adrenergic receptor agonist,premature labor,287.4,2.35,72.7,MAPK14,-8.317,92.84550195567145,0.9284550195567145,0.0,0.8,0.778536615334207,0.6481625001228168,0.6481625001228168,0.2890648263178878,0.5583880816715846
CHEMBL1367605,RITODRINE HYDROCHLORIDE,10,0,1,0.5208111778974727,-8.317,-7.7844999999999995,False,,,,287.4,2.35,72.7,MAPK14,-8.317,92.84550195567145,0.9284550195567145,0.0,0.8,0.778536615334207,0.6481625001228168,0.6481625001228168,0.2890648263178878,0.5583880816715846
CHEMBL218650,DELAMANID,10,1,2,0.5325791451104356,-10.47,-8.383500000000002,False,Launched,bacterial cell wall synthesis inhibitor,tuberculosis,534.5,4.97,101.1,SLC2A1,-10.47,93.5583822570124,0.935583822570124,0.0,0.4,0.9141924959216966,0.5913624034163041,0.5913624034163041,0.45815690999132624,0.5580610300600596
CHEMBL1279,FROVATRIPTAN,10,0,0,0.6315024155542007,-8.759,-7.3765,False,Launched,serotonin receptor agonist,migraine headache,243.3,1.34,70.9,TNIK,-8.759,92.40940254652301,0.9240940254652301,0.2,1.0,0.8242056993121519,0.7432684650829149,0.7432684650829149,0.0,0.5574513488121862
CHEMBL1448,NICLOSAMIDE,10,0,1,0.5612542425176078,-8.559,-7.921,False,Launched,DNA replication inhibitor|STAT inhibitor,tapeworm,327.1,3.86,92.5,TNIK,-8.559,90.30362389813908,0.9030362389813908,0.0,0.8,0.8242056993121519,0.6448453504893792,0.6448453504893792,0.2890648263178878,0.5559002194465064
CHEMBL157101,KETOCONAZOLE,10,0,1,0.5756265882484279,-10.86,-8.187999999999999,False,Launched,sterol demethylase inhibitor,seborrheic dermatitis,531.4,4.21,69.1,SLC2A1,-10.86,95.7273320287019,0.957273320287019,0.0,0.6,0.9141924959216966,0.6400382025030621,0.6400382025030621,0.2890648263178878,0.5522948584567685
CHEMBL413965,FELBINAC,10,0,0,0.5723689706588625,-8.586,-6.9045000000000005,False,Launched,cyclooxygenase inhibitor,rheumatoid arthritis|muscle pain,212.2,2.98,37.3,TNIK,-8.586,90.59745347698335,0.9059745347698335,0.2,1.0,0.8242056993121519,0.7360206688047561,0.7360206688047561,0.0,0.552015501603567
CHEMBL1599768,PYRANTEL PAMOATE,10,0,2,0.5316812441353853,-9.813,-8.2395,False,,,,388.4,4.39,115.1,AXL,-8.283,92.70595897101921,0.9270595897101921,0.0,0.4,0.8797731045932484,0.5827898015730641,0.5827898015730641,0.45815690999132624,0.5516315786776297
CHEMBL3989845,IMIPRAMINE PAMOATE,10,0,2,0.5316812441353853,-9.813,-8.2395,False,,,,388.4,4.39,115.1,AXL,-8.283,92.70595897101921,0.9270595897101921,0.0,0.4,0.8797731045932484,0.5827898015730641,0.5827898015730641,0.45815690999132624,0.5516315786776297
CHEMBL3989694,OLANZAPINE PAMOATE,10,0,2,0.5316812441353853,-9.813,-8.2395,False,,,,388.4,4.39,115.1,AXL,-8.283,92.70595897101921,0.9270595897101921,0.0,0.4,0.8797731045932484,0.5827898015730641,0.5827898015730641,0.45815690999132624,0.5516315786776297
CHEMBL1466,DICUMAROL,10,0,1,0.5798055289250785,-9.11,-7.944,False,,,,336.3,2.9,100.9,AXL,-7.952,86.76326929338978,0.8676326929338978,0.0,0.8,0.8797731045932484,0.6390190428625464,0.6390190428625464,0.2890648263178878,0.5515304887263818
CHEMBL21333,PRANLUKAST,10,0,3,0.4635530654710765,-10.09,-8.168,False,Launched,leukotriene receptor antagonist,bronchospasm|asthma,481.5,4.63,123.0,ACVR1,-9.947,95.70731707317073,0.9570731707317073,0.0,0.2,0.7969667318982387,0.5423742780774188,0.5423742780774188,0.5781296526357756,0.551313121717008
CHEMBL1091250,INDIGOTINDISULFONATE,10,0,1,0.569231172371196,-10.75,-8.079,False,,,,422.4,1.31,166.9,SLC2A1,-10.75,95.38486627527723,0.9538486627527724,0.0,0.6,0.9141924959216966,0.6386683394893634,0.6386683394893634,0.2890648263178878,0.5512674611964945
CHEMBL2105023,INDIGOTINDISULFONATE SODIUM,10,0,1,0.5531797192888293,-10.71,-7.9245,False,,,,420.4,0.62,172.6,SLC2A1,-10.71,95.25440313111547,0.9525440313111546,0.0,0.6,0.9141924959216966,0.6381464869127164,0.6381464869127164,0.2890648263178878,0.5508760717640092
CHEMBL1200376,BETAMETHASONE BENZOATE,10,0,1,0.5166081579118973,-9.021,-7.7895,False,,,,496.6,3.76,100.9,AXL,-8.614,96.35297948550961,0.963529794855096,0.0,0.6,0.8797731045932484,0.6373778836310257,0.6373778836310257,0.2890648263178878,0.5502996193027412
CHEMBL1201352,RAPACURONIUM,10,0,1,0.4778900154253291,-10.69,-6.4085,False,,,,597.9,6.91,55.8,SLC2A1,-10.69,95.0587084148728,0.950587084148728,0.0,0.6,0.9141924959216966,0.6373637080477457,0.6373637080477457,0.2890648263178878,0.5502889876152812
CHEMBL1200549,RAPACURONIUM BROMIDE,10,0,1,0.4778900154253291,-10.69,-6.4085,False,,,,597.9,6.91,55.8,SLC2A1,-10.69,95.0587084148728,0.950587084148728,0.0,0.6,0.9141924959216966,0.6373637080477457,0.6373637080477457,0.2890648263178878,0.5502889876152812
CHEMBL4298128,ELEXACAFTOR,10,0,2,0.5160588317278181,-10.19,-8.146999999999998,False,,,,597.7,4.02,124.2,SLC2A1,-10.19,90.81865622961513,0.9081865622961512,0.0,0.4,0.9141924959216966,0.5804034993067151,0.5804034993067151,0.45815690999132624,0.5498418519778678
CHEMBL295698,LEVOKETOCONAZOLE,10,0,1,0.5780879050031072,-10.59,-8.275,False,,,,531.4,4.21,69.1,SLC2A1,-10.59,94.48793215916503,0.9448793215916502,0.0,0.6,0.9141924959216966,0.6350806030249145,0.6350806030249145,0.2890648263178878,0.5485766588481579
CHEMBL1200561,DOXAZOSIN MESYLATE,10,0,1,0.5637946593233337,-10.03,-8.2555,False,,,,451.5,1.72,112.3,TNIK,-9.497,97.5350963108064,0.9753509631080639,0.0,0.6,0.8242056993121519,0.6337712401400484,0.6337712401400484,0.2890648263178878,0.5475946366845083
CHEMBL707,DOXAZOSIN,10,0,1,0.5637946593233337,-10.03,-8.2555,False,Launched,adrenergic receptor antagonist,benign prostatic hyperplasia (BPH)|hypertension,451.5,1.72,112.3,TNIK,-9.497,97.5350963108064,0.9753509631080639,0.0,0.6,0.8242056993121519,0.6337712401400484,0.6337712401400484,0.2890648263178878,0.5475946366845083
CHEMBL1096,AMLEXANOX,10,1,1,0.553199431685711,-9.158,-7.5105,False,Launched,histamine receptor modulator,aphthous ulcers|asthma|conjunctivitis|allergic rhinitis,298.3,2.75,106.4,SERPINE1,-8.142,99.47967479674796,0.9947967479674795,0.0,0.8,0.5,0.6329186991869918,0.6329186991869918,0.2890648263178878,0.5469552309697158
CHEMBL4594287,ENSIFENTRINE,10,0,1,0.5430800387102579,-10.53,-7.644500000000001,False,,,,477.6,2.72,112.9,ACVR1,-10.53,98.30894308943088,0.9830894308943088,0.0,0.6,0.7969667318982387,0.6327807821424594,0.6327807821424594,0.2890648263178878,0.5468517931863165
CHEMBL1505,ALMOTRIPTAN,10,0,0,0.5466899794649867,-8.459,-6.513,False,Launched,serotonin receptor agonist,migraine headache,335.5,2.2,56.4,TNIK,-8.459,88.85079986940909,0.8885079986940909,0.2,1.0,0.8242056993121519,0.7290340543744591,0.7290340543744591,0.0,0.5467755407808443
CHEMBL3545062,VELPATASVIR,10,1,3,0.3461589014193559,-12.79,-6.993499999999999,False,Launched,antiviral,hepatitis C,883.0,7.73,193.1,SLC2A1,-12.79,99.67384213959556,0.9967384213959556,0.0,0.0,0.9141924959216966,0.5358242429466368,0.5358242429466368,0.5781296526357756,0.5464005953689215
CHEMBL1201346,BALSALAZIDE,10,0,1,0.5296649916735171,-9.069,-8.14,False,Launched,cyclooxygenase inhibitor,ulcerative colitis,357.3,2.71,148.7,MAPK14,-9.069,98.63102998696219,0.9863102998696219,0.0,0.6,0.778536615334207,0.6313046122479797,0.6313046122479797,0.2890648263178878,0.5457446657654568
CHEMBL1200760,BALSALAZIDE DISODIUM,10,0,1,0.49159877123025364,-9.008,-7.564,False,,,,355.3,0.04,154.3,MAPK14,-9.008,98.53324641460235,0.9853324641460235,0.0,0.6,0.778536615334207,0.6309134779585404,0.6309134779585404,0.2890648263178878,0.5454513150483772
CHEMBL2336071,SIPONIMOD,10,0,1,0.5700939120151729,-10.9,-8.204,False,Launched,sphingosine 1-phosphate receptor modulator,multiple sclerosis,516.6,6.77,62.1,SLC2A1,-10.9,95.93933463796478,0.9593933463796478,0.0,0.55,0.9141924959216966,0.6308862129401136,0.6308862129401136,0.2890648263178878,0.5454308662845572
CHEMBL1510,ELETRIPTAN,10,0,0,0.6662638911047655,-9.305,-8.016,False,Launched,serotonin receptor agonist,migraine headache,382.5,3.82,53.2,ACVR1,-9.305,88.82926829268293,0.8882926829268293,0.2,1.0,0.7969667318982387,0.7248620829554676,0.7248620829554676,0.0,0.5436465622166007
CHEMBL53292,ISOXICAM,10,0,1,0.5517141203513192,-8.727,-7.509,False,Withdrawn,cyclooxygenase inhibitor,,335.3,1.48,112.7,SERPINE1,-7.705,98.30894308943088,0.9830894308943088,0.0,0.8,0.5,0.6282357723577235,0.6282357723577235,0.2890648263178878,0.5434430358477645
CHEMBL4216467,RIPRETINIB,10,0,1,0.5894806985604069,-10.4,-8.3555,False,Phase 3,receptor tyrosine protein kinase inhibitor,,510.4,5.67,88.1,SLC2A1,-10.4,92.69406392694064,0.9269406392694064,0.0,0.6,0.9141924959216966,0.627905130096017,0.627905130096017,0.2890648263178878,0.5431950541514847
CHEMBL3707310,LOTILANER,10,0,1,0.5866511423490178,-10.38,-8.159500000000001,False,,,,596.8,6.01,79.8,SLC2A1,-10.38,92.56360078277886,0.9256360078277887,0.0,0.6,0.9141924959216966,0.62738327751937,0.62738327751937,0.2890648263178878,0.5428036647189994
CHEMBL601719,CRIZOTINIB,10,0,1,0.570311276484176,-9.649,-8.317,False,Launched,ALK tyrosine kinase receptor inhibitor,non-small cell lung cancer (NSCLC),450.3,5.04,78.0,AXL,-8.366,93.78052751546727,0.9378052751546727,0.0,0.6,0.8797731045932484,0.6270880757508563,0.6270880757508563,0.2890648263178878,0.5425822633926142
CHEMBL154,NAPROXEN,10,0,0,0.5840805551225108,-8.37,-7.0875,False,Launched,cyclooxygenase inhibitor,pain relief|rheumatoid arthritis|headache|toothache|backache|muscle pain|common cold|fever,230.3,3.04,46.5,TNIK,-8.37,87.43062357166177,0.8743062357166177,0.2,1.0,0.8242056993121519,0.7233533491834698,0.7233533491834698,0.0,0.5425150118876023
CHEMBL5314588,PERFLUOROHEXYLOCTANE,10,0,1,0.42438438757574753,-8.764,-7.015499999999999,False,Launched,,,432.3,7.48,0.0,MAPK14,-8.764,97.13168187744459,0.9713168187744459,0.0,0.6,0.778536615334207,0.6253072198099094,0.6253072198099094,0.2890648263178878,0.541246621436904
CHEMBL1185,ZOLMITRIPTAN,10,0,0,0.5880149095972109,-8.332,-7.0705,True,Launched,serotonin receptor agonist,migraine headache,287.4,1.92,57.4,TNIK,-8.332,86.97355533790402,0.8697355533790402,0.2,1.0,0.8242056993121519,0.7215250762484389,0.7215250762484389,0.0,0.5411438071863292
CHEMBL4650216,DARIDOREXANT HYDROCHLORIDE,10,0,1,0.5597744430229596,-10.01,-8.051,False,,,,450.9,4.27,88.9,ACVR1,-10.01,96.09756097560975,0.9609756097560975,0.0,0.6,0.7969667318982387,0.6239352536871748,0.6239352536871748,0.2890648263178878,0.5402176468448531
CHEMBL4297590,DARIDOREXANT,10,0,1,0.5597744430229596,-10.01,-8.051,False,,,,450.9,4.27,88.9,ACVR1,-10.01,96.09756097560975,0.9609756097560975,0.0,0.6,0.7969667318982387,0.6239352536871748,0.6239352536871748,0.2890648263178878,0.5402176468448531
CHEMBL1173655,AFATINIB,10,0,1,0.5425528593896208,-9.624,-7.694,False,Launched,EGFR inhibitor,non-small cell lung cancer (NSCLC),485.9,4.39,88.6,TNIK,-9.047,95.02122102513876,0.9502122102513876,0.0,0.6,0.8242056993121519,0.6237157389973779,0.6237157389973779,0.2890648263178878,0.5400530108275053
CHEMBL2105712,AFATINIB DIMALEATE,10,0,1,0.5425528593896208,-9.624,-7.694,False,,,,485.9,4.39,88.6,TNIK,-9.047,95.02122102513876,0.9502122102513876,0.0,0.6,0.8242056993121519,0.6237157389973779,0.6237157389973779,0.2890648263178878,0.5400530108275053
CHEMBL4559134,SELPERCATINIB,10,0,1,0.5482399321258606,-10.11,-7.7044999999999995,False,,,,525.6,3.28,112.0,AXL,-8.293,92.80364702051449,0.9280364702051449,0.0,0.6,0.8797731045932484,0.6231805537710452,0.6231805537710452,0.2890648263178878,0.5396516219077558
CHEMBL1512,FLUNISOLIDE,10,0,1,0.5404438391014306,-9.788,-7.1745,False,Launched,cytochrome P450 inhibitor,allergic rhinitis,434.5,2.27,93.1,ADRA2A,-9.788,95.70032573289903,0.9570032573289903,0.0,0.8,0.5324652394614875,0.6226710888508192,0.6226710888508192,0.2890648263178878,0.5392695232175864
CHEMBL1201039,BENZTHIAZIDE,10,0,1,0.5774752073408571,-9.094,-7.8740000000000006,False,Launched,carbonic anhydrase inhibitor,hypertension|edema,431.9,2.24,118.7,TNIK,-8.154,84.6718903036239,0.846718903036239,0.0,0.8,0.8242056993121519,0.6223184161113184,0.6223184161113184,0.2890648263178878,0.5390050186629608
CHEMBL1201197,ALATROFLOXACIN,10,1,2,0.49976528206806875,-10.46,-8.2135,False,,,,558.5,0.9,159.6,AXL,-9.061,98.4532725496581,0.984532725496581,0.0,0.2,0.8797731045932484,0.5657790558876197,0.5657790558876197,0.45815690999132624,0.5388735194135463
CHEMBL1200498,ALATROFLOXACIN MESYLATE,10,1,2,0.49976528206806875,-10.46,-8.2135,False,,,,558.5,0.9,159.6,AXL,-9.061,98.4532725496581,0.984532725496581,0.0,0.2,0.8797731045932484,0.5657790558876197,0.5657790558876197,0.45815690999132624,0.5388735194135463
CHEMBL599,MELOXICAM,10,0,1,0.5447568869654972,-8.35,-7.3105,False,Launched,cyclooxygenase inhibitor,osteoarthritis|rheumatoid arthritis,351.4,1.95,99.6,SERPINE1,-7.432,96.7479674796748,0.967479674796748,0.0,0.8,0.5,0.6219918699186993,0.6219918699186993,0.2890648263178878,0.5387601090184964
CHEMBL191,LOSARTAN,10,0,1,0.5012658077302925,-8.656,-7.309,False,Launched,angiotensin receptor antagonist,hypertension|diabetic nephropathy|hypertension,422.9,4.27,92.5,MAPK14,-8.631,96.10495436766622,0.9610495436766623,0.0,0.6,0.778536615334207,0.6212003097707959,0.6212003097707959,0.2890648263178878,0.5381664389075689
CHEMBL1278,NARATRIPTAN,10,0,0,0.5907076783997469,-8.23,-7.093999999999999,False,Launched,serotonin receptor agonist,migraine headache,335.5,2.07,65.2,TNIK,-8.23,85.97779954293176,0.8597779954293177,0.2,1.0,0.8242056993121519,0.7175420530685499,0.7175420530685499,0.0,0.5381565398014124
CHEMBL3989919,FOSNETUPITANT CHLORIDE HYDROCHLORIDE,10,0,2,0.5275743635120606,-9.497,-8.1035,False,,,,689.6,6.37,103.2,ACVR1,-9.497,91.31707317073172,0.9131707317073172,0.0,0.4,0.7969667318982387,0.5648133024676627,0.5648133024676627,0.45815690999132624,0.5381492043485786
CHEMBL895,NALBUPHINE,10,0,0,0.6480654864119246,-9.191,-7.524,False,Launched,opioid receptor agonist|opioid receptor antagonist,pain relief,357.5,1.71,73.2,MAPK14,-7.972,87.5651890482399,0.875651890482399,0.2,1.0,0.778536615334207,0.7170412484930906,0.7170412484930906,0.0,0.5377809363698179
CHEMBL1641,HYDROCORTISONE PHOSPHORIC ACID,10,0,1,0.4998072723509067,-8.989,-7.4399999999999995,False,,,,442.4,1.9,141.4,MAPK14,-8.55,95.33898305084746,0.9533898305084746,0.0,0.6,0.778536615334207,0.6181364245035208,0.6181364245035208,0.2890648263178878,0.5358685249571126
CHEMBL1175,DULOXETINE,10,0,0,0.555772029239908,-8.167,-6.5205,True,Launched,norepinephrine reuptake inhibitor|serotonin–norepinephrine reuptake inhibitor (SNRI),depression|generalized anxiety disorder (GAD)|muscle pain|peripheral neuropathy,297.4,4.63,21.3,TNIK,-8.167,84.83512895853738,0.8483512895853739,0.2,1.0,0.8242056993121519,0.7129713707309724,0.7129713707309724,0.0,0.5347285280482292
CHEMBL1206690,PARECOXIB,10,0,0,0.6576460043337002,-9.428,-7.499,False,Launched,cyclooxygenase inhibitor,pain relief,370.4,3.53,89.3,SLC2A1,-9.428,81.42530984996739,0.8142530984996739,0.2,1.0,0.9141924959216966,0.712830113788124,0.712830113788124,0.0,0.534622585341093
CHEMBL3545367,LEMBOREXANT,10,0,0,0.6414699528767033,-10.48,-8.126,False,Launched,orexin receptor antagonist,,410.4,3.74,77.0,SLC2A1,-10.48,93.67253750815394,0.9367253750815394,0.0,1.0,0.9141924959216966,0.7118190244208703,0.7118190244208703,0.0,0.5338642683156527
CHEMBL428880,CROMOLYN,10,0,1,0.5373636622127307,-10.02,-8.098,False,,,,468.4,2.11,173.7,SLC2A1,-10.02,89.56294846705805,0.8956294846705805,0.0,0.6,0.9141924959216966,0.6153806682564866,0.6153806682564866,0.2890648263178878,0.5338017077718369
CHEMBL469,KETOROLAC,10,0,0,0.5748968142234019,-8.168,-7.134,False,Launched,cyclooxygenase inhibitor,pain relief,255.3,2.29,59.3,TNIK,-8.128,84.21482206986614,0.8421482206986615,0.2,1.0,0.8242056993121519,0.7104901431762873,0.7104901431762873,0.0,0.5328676073822155
CHEMBL1200877,FLUMETHASONE PIVALATE,10,0,1,0.5324615863592266,-9.998,-7.804,False,,,,494.6,3.44,100.9,SLC2A1,-9.998,89.23679060665361,0.8923679060665362,0.0,0.6,0.9141924959216966,0.614076036814869,0.614076036814869,0.2890648263178878,0.5328232341906237
CHEMBL254316,RALTEGRAVIR,10,0,1,0.5791652088808503,-9.891,-8.6035,False,Launched,HIV integrase inhibitor,human immunodeficiency virus (HIV-1),444.4,0.91,152.2,TNIK,-8.782,92.58896506692786,0.9258896506692785,0.0,0.6,0.8242056993121519,0.6139867151645342,0.6139867151645342,0.2890648263178878,0.5327562429528726
CHEMBL1628504,RILPIVIRINE HYDROCHLORIDE,10,0,1,0.5546622816047417,-9.983,-7.866999999999999,False,,,,366.4,4.99,97.4,AXL,-8.139,90.47541517421035,0.9047541517421035,0.0,0.6,0.8797731045932484,0.6138676263858287,0.6138676263858287,0.2890648263178878,0.5326669263688435
CHEMBL175691,RILPIVIRINE,10,0,1,0.5546622816047417,-9.983,-7.866999999999999,False,Launched,non-nucleoside reverse transcriptase inhibitor,human immunodeficiency virus (HIV-1),366.4,4.99,97.4,AXL,-8.139,90.47541517421035,0.9047541517421035,0.0,0.6,0.8797731045932484,0.6138676263858287,0.6138676263858287,0.2890648263178878,0.5326669263688435
CHEMBL1201108,CONIVAPTAN HYDROCHLORIDE,10,0,1,0.5259044231344966,-9.778,-7.4995,False,,,,498.6,6.51,78.1,AXL,-8.105,89.7915988277434,0.897915988277434,0.0,0.6,0.8797731045932484,0.6111323609999608,0.6111323609999608,0.2890648263178878,0.5306154773294426
CHEMBL1755,CONIVAPTAN,10,0,1,0.5259044231344966,-9.778,-7.4995,False,Launched,vasopressin receptor antagonist,hyponatremia,498.6,6.51,78.1,AXL,-8.105,89.7915988277434,0.897915988277434,0.0,0.6,0.8797731045932484,0.6111323609999608,0.6111323609999608,0.2890648263178878,0.5306154773294426
CHEMBL270190,ALVIMOPAN,10,0,0,0.6334908113672305,-10.35,-7.857,False,Launched,opioid receptor antagonist,postoperative ileus,424.5,3.05,89.9,SLC2A1,-10.35,92.3679060665362,0.923679060665362,0.0,1.0,0.9141924959216966,0.7066004986543993,0.7066004986543993,0.0,0.5299503739907995
CHEMBL3301603,GILTERITINIB FUMARATE,10,0,1,0.5029030352927891,-11.49,-8.233,False,,,,552.7,2.7,121.1,SLC2A1,-11.49,98.15720808871494,0.9815720808871494,0.0,0.4,0.9141924959216966,0.6097577067431144,0.6097577067431144,0.2890648263178878,0.5295844866368077
CHEMBL3301622,GILTERITINIB,10,0,1,0.5029030352927891,-11.49,-8.233,False,Launched,FLT3 inhibitor,,552.7,2.7,121.1,SLC2A1,-11.49,98.15720808871494,0.9815720808871494,0.0,0.4,0.9141924959216966,0.6097577067431144,0.6097577067431144,0.2890648263178878,0.5295844866368077
CHEMBL245807,OXYPHENISATINE,10,0,0,0.6133978169305226,-8.967,-7.6455,False,,,,317.3,3.38,69.6,AXL,-8.322,93.17811787691306,0.9317811787691306,0.0,1.0,0.8797731045932484,0.7046784371966395,0.7046784371966395,0.0,0.5285088278974797
CHEMBL2105704,LENVATINIB MESYLATE,10,0,1,0.5607711909247316,-9.398,-8.278500000000001,False,,,,426.9,4.07,115.6,TNIK,-8.656,91.10349330721515,0.9110349330721514,0.0,0.6,0.8242056993121519,0.6080448281256834,0.6080448281256834,0.2890648263178878,0.5282998276737345
CHEMBL1289601,LENVATINIB,10,0,1,0.5607711909247316,-9.398,-8.278500000000001,False,Launched,FGFR inhibitor|KIT inhibitor|PDGFR tyrosine kinase receptor inhibitor|VEGFR inhibitor,thyroid cancer,426.9,4.07,115.6,TNIK,-8.656,91.10349330721515,0.9110349330721514,0.0,0.6,0.8242056993121519,0.6080448281256834,0.6080448281256834,0.2890648263178878,0.5282998276737345
CHEMBL1200907,TRILOSTANE,10,0,0,0.6190285671192421,-10.25,-7.4135,False,Launched,3beta-hydroxy-delta5-steroid dehydrogenase inhibitor,Cushing's syndrome,329.4,3.47,76.8,SLC2A1,-10.25,91.55251141552512,0.9155251141552512,0.0,1.0,0.9141924959216966,0.7033389200503549,0.7033389200503549,0.0,0.5275041900377662
CHEMBL3348963,TELOTRISTAT ETIPRATE,10,0,2,0.45632124603459373,-9.476,-8.2515,False,,,,575.0,4.99,131.2,TNIK,-9.321,96.68625530525628,0.9668625530525629,0.0,0.2,0.8242056993121519,0.550375876117848,0.550375876117848,0.45815690999132624,0.5273211345862175
CHEMBL2105695,TELOTRISTAT ETHYL,10,0,2,0.45632124603459373,-9.476,-8.2515,False,,,,575.0,4.99,131.2,TNIK,-9.321,96.68625530525628,0.9668625530525629,0.0,0.2,0.8242056993121519,0.550375876117848,0.550375876117848,0.45815690999132624,0.5273211345862175
CHEMBL193482,ESTRIOL,10,0,0,0.6328277925331036,-9.619,-7.717499999999999,False,Launched,estrogen receptor agonist,menopause|vaginal atrophy|urinary tract infections,288.4,2.58,60.7,TNIK,-8.992,94.64577211883774,0.9464577211883775,0.0,1.0,0.8242056993121519,0.7022139433721738,0.7022139433721738,0.0,0.5266604575291304
CHEMBL1014,CANDESARTAN CILEXETIL,10,0,2,0.46753129517457487,-9.876,-8.0085,False,,,,610.7,6.32,143.3,MAPK14,-8.961,98.17470664928291,0.9817470664928291,0.0,0.2,0.778536615334207,0.5494793188972626,0.5494793188972626,0.45815690999132624,0.5266487166707785
CHEMBL425,OLSALAZINE,10,0,1,0.5235804316371869,-8.667,-7.618,False,Launched,cyclooxygenase inhibitor,ulcerative colitis,302.2,2.91,139.8,MAPK14,-8.257,92.17731421121252,0.9217731421121251,0.0,0.6,0.778536615334207,0.6054897491449811,0.6054897491449811,0.2890648263178878,0.5263835184382077
CHEMBL4297088,CHLORHEXIDINE GLUCONATE,10,1,3,0.44074777444833113,-9.392,-8.13,False,,,,505.5,4.18,167.6,MAPK14,-8.927,97.99543676662321,0.9799543676662321,0.0,0.0,0.778536615334207,0.5087622393666239,0.5087622393666239,0.5781296526357756,0.5261040926839119
CHEMBL790,CHLORHEXIDINE,10,1,3,0.44074777444833113,-9.392,-8.13,False,Launched,membrane integrity inhibitor,cosmetic|skin infections|gingivitis,505.5,4.18,167.6,MAPK14,-8.927,97.99543676662321,0.9799543676662321,0.0,0.0,0.778536615334207,0.5087622393666239,0.5087622393666239,0.5781296526357756,0.5261040926839119
CHEMBL1200405,BITOLTEROL MESYLATE,10,0,1,0.5526135048412489,-9.273,-8.268,False,,,,461.6,5.16,84.9,MAPK14,-8.253,92.03063885267275,0.9203063885267275,0.0,0.6,0.778536615334207,0.6049030477108222,0.6049030477108222,0.2890648263178878,0.5259434923625885
CHEMBL1201295,BITOLTEROL,10,0,1,0.5526135048412489,-9.273,-8.268,False,,,,461.6,5.16,84.9,MAPK14,-8.253,92.03063885267275,0.9203063885267275,0.0,0.6,0.778536615334207,0.6049030477108222,0.6049030477108222,0.2890648263178878,0.5259434923625885
CHEMBL898,DIFLUNISAL,10,0,0,0.5917745675935306,-8.937,-7.735,False,Launched,prostanoid receptor antagonist,rheumatoid arthritis|osteoarthritis,250.2,3.04,57.5,TNIK,-8.937,94.38459027097616,0.9438459027097617,0.0,1.0,0.8242056993121519,0.7011692159807275,0.7011692159807275,0.0,0.5258769119855455
CHEMBL2159122,ELUXADOLINE,10,0,3,0.4374864593067208,-10.28,-8.4175,False,Launched,opioid receptor agonist|opioid receptor antagonist,irritable bowel syndrome,569.7,4.16,164.6,ACVR1,-10.22,97.10569105691057,0.9710569105691057,0.0,0.0,0.7969667318982387,0.5079677740123781,0.5079677740123781,0.5781296526357756,0.5255082436682276
CHEMBL494753,ESTRONE SULFURIC ACID,10,0,0,0.6248493866326437,-9.525,-8.0895,False,,,,350.4,3.29,80.7,TNIK,-8.916,94.23767548155404,0.9423767548155404,0.0,1.0,0.8242056993121519,0.7005815568230389,0.7005815568230389,0.0,0.5254361676172792
CHEMBL1200980,ESTROPIPATE,10,0,0,0.6248493866326437,-9.525,-8.0895,False,Launched,estrogen receptor agonist,osteoporosis|menopause|vaginal atrophy|hypoestrogenism,350.4,3.29,80.7,TNIK,-8.916,94.23767548155404,0.9423767548155404,0.0,1.0,0.8242056993121519,0.7005815568230389,0.7005815568230389,0.0,0.5254361676172792
CHEMBL1627367,FLUOROESTRADIOL,10,0,0,0.639290115186412,-9.858,-7.817,False,,,,290.4,3.56,40.5,ACVR1,-9.858,94.97560975609755,0.9497560975609756,0.0,1.0,0.7969667318982387,0.6994474488091261,0.6994474488091261,0.0,0.5245855866068446
CHEMBL4594261,FLUOROESTRADIOL F-18,10,0,0,0.639290115186412,-9.858,-7.817,False,,,,289.4,3.56,40.5,ACVR1,-9.858,94.97560975609755,0.9497560975609756,0.0,1.0,0.7969667318982387,0.6994474488091261,0.6994474488091261,0.0,0.5245855866068446
CHEMBL499915,CARBENOXOLONE,10,0,1,0.4795063911803966,-9.501,-7.4585,False,Launched,11-beta hydroxysteroid dehydrogenase inhibitor,peptic ulcer disease (PUD)|mouth inflammation,570.8,6.83,118.0,AXL,-8.844,97.7531748616086,0.9775317486160859,0.0,0.4,0.8797731045932484,0.6029786651354216,0.6029786651354216,0.2890648263178878,0.5245002054310381
CHEMBL1475,TRIOXSALEN,10,0,0,0.5762463531369861,-8.894,-7.494,False,Launched,DNA synthesis inhibitor,vitiligo|eczema,228.2,3.46,43.4,TNIK,-8.894,93.89487430623572,0.9389487430623572,0.0,1.0,0.8242056993121519,0.6992103521217656,0.6992103521217656,0.0,0.5244077640913243
CHEMBL1200323,LABETALOL HYDROCHLORIDE,10,0,1,0.5009776763374838,-8.741,-7.954,False,,,,328.4,2.14,95.6,MAPK14,-8.233,91.44393741851368,0.9144393741851369,0.0,0.6,0.778536615334207,0.6025562419741859,0.6025562419741859,0.2890648263178878,0.5241833880601113
CHEMBL429,LABETALOL,10,0,1,0.5009776763374838,-8.741,-7.954,False,Launched,adrenergic receptor antagonist,hypertension,328.4,2.14,95.6,MAPK14,-8.233,91.44393741851368,0.9144393741851369,0.0,0.6,0.778536615334207,0.6025562419741859,0.6025562419741859,0.2890648263178878,0.5241833880601113
CHEMBL1200600,FLUOROMETHOLONE,10,0,0,0.6226658808772061,-9.466,-7.551,False,Launched,glucocorticoid receptor agonist,eye inflammation,376.5,2.92,74.6,AXL,-8.205,91.69651579290134,0.9169651579290133,0.0,1.0,0.8797731045932484,0.6987520288605925,0.6987520288605925,0.0,0.5240640216454444
CHEMBL1402684,OXYPHENISATIN ACETATE,10,0,0,0.5998883755684706,-9.013,-7.850999999999999,False,,,,401.4,3.82,81.7,AXL,-8.194,91.4360143275806,0.914360143275806,0.0,1.0,0.8797731045932484,0.6977100229993096,0.6977100229993096,0.0,0.5232825172494822
CHEMBL42,CLOZAPINE,10,0,0,0.6220839782387217,-9.876,-8.1345,False,Launched,dopamine receptor antagonist|serotonin receptor antagonist,schizophrenia,326.8,3.72,30.9,AXL,-8.191,91.4034516444155,0.914034516444155,0.0,1.0,0.8797731045932484,0.6975797722666492,0.6975797722666492,0.0,0.523184829199987
CHEMBL435298,ESFLURBIPROFEN,10,0,0,0.566099440699668,-8.906,-7.5665,False,,,,244.3,3.68,37.3,TNIK,-8.858,93.486777668952,0.93486777668952,0.0,1.0,0.8242056993121519,0.6975779655726309,0.6975779655726309,0.0,0.5231834741794732
CHEMBL4298150,SIPONIMOD FUMARIC ACID,10,0,1,0.5400939120151729,-10.9,-8.204,False,,,,516.6,6.77,62.1,SLC2A1,-10.9,95.93933463796478,0.9593933463796478,0.0,0.4,0.9141924959216966,0.6008862129401136,0.6008862129401136,0.2890648263178878,0.5229308662845571
CHEMBL249837,METHACYCLINE,10,0,1,0.4700807822195327,-8.999,-7.116,False,Preclinical,protein synthesis inhibitor,bronchitis,442.4,-0.44,181.6,AXL,-8.732,97.21589058938457,0.9721589058938457,0.0,0.4,0.8797731045932484,0.6008295280465256,0.6008295280465256,0.2890648263178878,0.5228883526143661
CHEMBL2146123,METHACYCLINE HYDROCHLORIDE,10,0,1,0.4700807822195327,-8.999,-7.116,False,,,,442.4,-0.44,181.6,AXL,-8.732,97.21589058938457,0.9721589058938457,0.0,0.4,0.8797731045932484,0.6008295280465256,0.6008295280465256,0.2890648263178878,0.5228883526143661
CHEMBL1256987,FUSIDATE SODIUM,10,0,1,0.4962473328730413,-10.89,-7.501,False,,,,515.7,4.33,106.9,SLC2A1,-10.89,95.8904109589041,0.9589041095890409,0.0,0.4,0.9141924959216966,0.6006905182238709,0.6006905182238709,0.2890648263178878,0.5227840952473751
CHEMBL976,PRAZIQUANTEL,10,0,0,0.6358876090605053,-9.772,-7.798,False,Launched,anthelmintic agent,gastrointestinal parasites|cystic hydatid disease|schistosomiasis,312.4,2.53,40.6,ACVR1,-9.772,94.34146341463415,0.9434146341463415,0.0,1.0,0.7969667318982387,0.6969108634432725,0.6969108634432725,0.0,0.5226831475824544
CHEMBL3990047,OZENOXACIN,10,0,0,0.6228377845698982,-10.06,-7.632,False,Phase 3,antiinfective drug,,363.4,3.76,84.2,SLC2A1,-10.06,89.87279843444227,0.8987279843444227,0.0,1.0,0.9141924959216966,0.6966200681260236,0.6966200681260236,0.0,0.5224650510945177
CHEMBL1452696,FEPRAZONE,10,0,0,0.5754687878507765,-9.746,-7.231,False,,,,320.4,3.95,40.6,ACVR1,-9.746,94.04878048780488,0.9404878048780487,0.0,1.0,0.7969667318982387,0.6957401317359554,0.6957401317359554,0.0,0.5218050988019666
CHEMBL661,ALPRAZOLAM,10,0,0,0.5829808009235764,-9.743,-7.529,False,,,,308.8,3.58,43.1,ACVR1,-9.743,94.01626016260163,0.9401626016260163,0.0,1.0,0.7969667318982387,0.6956100504351423,0.6956100504351423,0.0,0.5217075378263567
CHEMBL90593,PRASTERONE,10,0,0,0.6089529423605632,-9.334,-7.5395,False,,,,288.4,3.88,37.3,TNIK,-8.803,92.94809010773751,0.9294809010773751,0.0,1.0,0.8242056993121519,0.6954232153277728,0.6954232153277728,0.0,0.5215674114958296
CHEMBL2107011,OXYPERTINE,10,0,0,0.5953912279142762,-10.02,-7.168,False,,,,379.5,3.86,40.7,SLC2A1,-10.02,89.56294846705805,0.8956294846705805,0.0,1.0,0.9141924959216966,0.6953806682564867,0.6953806682564867,0.0,0.521535501192365
CHEMBL832,SULFINPYRAZONE,10,0,0,0.5738032457506674,-10.02,-7.2,False,Launched,uricosuric blocker,gout,404.5,3.8,63.7,SLC2A1,-10.02,89.56294846705805,0.8956294846705805,0.0,1.0,0.9141924959216966,0.6953806682564867,0.6953806682564867,0.0,0.521535501192365
CHEMBL49,BUSPIRONE,10,0,0,0.5766099950303143,-8.795,-7.5165,False,Launched,serotonin receptor agonist,generalized anxiety disorder (GAD),385.5,2.09,69.6,MAPK14,-8.47,94.4426336375489,0.9444263363754889,0.0,1.0,0.778536615334207,0.6945510268503265,0.6945510268503265,0.0,0.5209132701377449
CHEMBL1200399,BUSPIRONE HYDROCHLORIDE,10,0,0,0.5766099950303143,-8.795,-7.5165,False,,,,385.5,2.09,69.6,MAPK14,-8.47,94.4426336375489,0.9444263363754889,0.0,1.0,0.778536615334207,0.6945510268503265,0.6945510268503265,0.0,0.5209132701377449
CHEMBL1112,ARIPIPRAZOLE,10,0,0,0.6075888250292747,-9.512,-7.8645,False,Launched,serotonin receptor agonist|serotonin receptor antagonist,depression|schizophrenia|bipolar disorder,448.4,4.86,44.8,TNIK,-9.034,94.93960169768201,0.9493960169768201,0.0,0.9500000000000001,0.8242056993121519,0.6933892616875509,0.6933892616875509,0.0,0.5200419462656631
CHEMBL2138684,FROVATRIPTAN SUCCINATE,10,0,0,0.5815024155542007,-8.759,-7.3765,False,,,,243.3,1.34,70.9,TNIK,-8.759,92.40940254652301,0.9240940254652301,0.0,1.0,0.8242056993121519,0.6932684650829148,0.6932684650829148,0.0,0.5199513488121861
CHEMBL3544914,TEZACAFTOR,10,0,1,0.5213601479653295,-10.68,-8.124500000000001,False,Launched,CFTR channel agonist,cystic fibrosis,520.5,3.4,113.2,SLC2A1,-10.68,94.94455316373124,0.9494455316373124,0.0,0.4,0.9141924959216966,0.5969070870431794,0.5969070870431794,0.2890648263178878,0.5199465218618565
CHEMBL135,ESTRADIOL,10,0,0,0.6216929090750359,-9.574,-7.491,False,Launched,estrogen receptor agonist,contraceptive,272.4,3.61,40.5,TNIK,-8.755,92.36043095004896,0.9236043095004897,0.0,1.0,0.8242056993121519,0.6930725786970187,0.6930725786970187,0.0,0.519804434022764
CHEMBL4297503,BALOXAVIR MARBOXIL,10,0,1,0.5385567853775772,-9.0,-8.04,False,,,,571.6,3.39,99.5,AXL,-7.927,86.16085965483555,0.8616085965483555,0.0,0.6,0.8797731045932484,0.5966094043083294,0.5966094043083294,0.2890648263178878,0.519723259810719
CHEMBL1788386,TETRAMETHRIN,10,0,0,0.5557609410373604,-8.413,-7.6375,False,,,,331.4,2.96,63.7,MAPK14,-8.413,93.97001303780965,0.9397001303780965,0.0,1.0,0.778536615334207,0.6926605444513696,0.6926605444513696,0.0,0.5194954083385273
CHEMBL227875,PRETOMANID,10,0,0,0.5708695444525168,-8.742,-7.66,False,Launched,nitric oxide donor,,359.3,2.67,88.7,TNIK,-8.742,92.22984002611818,0.9222984002611818,0.0,1.0,0.8242056993121519,0.6925502150012955,0.6925502150012955,0.0,0.5194126612509716
CHEMBL1200515,DESERPIDINE,10,0,1,0.4878222971665046,-10.64,-7.349,False,Launched,angiotensin converting enzyme inhibitor,hypertension,578.7,4.16,108.6,SLC2A1,-10.64,94.73255055446836,0.9473255055446836,0.0,0.4,0.9141924959216966,0.596059076606128,0.596059076606128,0.2890648263178878,0.5193105140340679
CHEMBL1201168,ISOCARBOXAZID,10,0,0,0.5316147610827658,-8.394,-7.1155,False,Launched,monoamine oxidase inhibitor,depression,231.3,1.42,67.2,MAPK14,-8.394,93.83963494132985,0.9383963494132985,0.0,1.0,0.778536615334207,0.6921390320654504,0.6921390320654504,0.0,0.5191042740490878
CHEMBL297302,BENPERIDOL,10,0,0,0.635247625317553,-9.596,-8.0635,False,Launched,dopamine receptor antagonist,schizophrenia,381.5,3.77,58.1,TNIK,-8.72,92.0666013712047,0.9206660137120469,0.0,1.0,0.8242056993121519,0.6918972603816416,0.6918972603816416,0.0,0.5189229452862312
CHEMBL1201288,DANTROLENE,10,0,0,0.5971993302858425,-8.965,-7.704000000000001,False,Launched,calcium channel blocker,spasms|malignant hyperthermia (MH),314.3,1.74,118.1,TNIK,-8.965,94.51518119490694,0.9451518119490694,0.0,0.9500000000000001,0.8242056993121519,0.6916915796764506,0.6916915796764506,0.0,0.518768684757338
CHEMBL1200798,TRAZODONE HYDROCHLORIDE,10,0,0,0.6085147518098843,-8.798,-7.716,False,,,,371.9,2.36,45.8,TNIK,-8.717,91.98498204374796,0.9198498204374796,0.0,1.0,0.8242056993121519,0.6915707830718147,0.6915707830718147,0.0,0.518678087303861
CHEMBL621,TRAZODONE,10,0,0,0.6185147518098844,-8.798,-7.716,False,Launched,adrenergic receptor antagonist|serotonin receptor antagonist|serotonin reuptake inhibitor,depression,371.9,2.36,45.8,TNIK,-8.717,91.98498204374796,0.9198498204374796,0.0,1.0,0.8242056993121519,0.6915707830718147,0.6915707830718147,0.0,0.518678087303861
CHEMBL521,IBUPROFEN,10,0,0,0.5287576470650447,-7.832,-6.679,True,Launched,cyclooxygenase inhibitor,headache|muscle pain|rheumatoid arthritis|backache|common cold|menstrual pain|fever|toothache,206.3,3.07,37.3,TNIK,-7.832,79.44825334639243,0.7944825334639244,0.2,1.0,0.8242056993121519,0.6914238682823926,0.6914238682823926,0.0,0.5185679012117944
CHEMBL1200934,NORGESTIMATE,10,0,0,0.5359841297372978,-9.255,-6.7225,False,Launched,progesterone receptor agonist,contraceptive,369.5,4.71,58.9,AXL,-8.447,94.78997069358515,0.9478997069358515,0.0,0.9,0.8797731045932484,0.6911258484633278,0.6911258484633278,0.0,0.5183443863474959
CHEMBL1201745,CHOLINE FENOFIBRATE,10,0,0,0.5421328301588415,-8.713,-7.2165,False,,,,317.7,2.48,66.4,TNIK,-8.713,91.87071498530852,0.9187071498530852,0.0,1.0,0.8242056993121519,0.6911137148380568,0.6911137148380568,0.0,0.5183352861285426
CHEMBL142703,VILDAGLIPTIN,10,0,0,0.5333203557043443,-8.871,-7.1530000000000005,False,Launched,dipeptidyl peptidase inhibitor,diabetes mellitus,303.4,1.17,76.4,MAPK14,-8.367,93.54628422425033,0.9354628422425033,0.0,1.0,0.778536615334207,0.6909656291971324,0.6909656291971324,0.0,0.5182242218978493
CHEMBL2348780,VAMOROLONE,10,0,0,0.597378906143037,-9.9,-7.412,False,,,,356.5,2.75,74.6,SLC2A1,-9.9,88.33985649054142,0.8833985649054142,0.0,1.0,0.9141924959216966,0.6904883003504202,0.6904883003504202,0.0,0.5178662252628151
CHEMBL289469,GRANISETRON,10,0,0,0.6101152491946686,-9.3,-7.8629999999999995,False,Launched,serotonin receptor antagonist,nausea|vomiting,312.4,2.32,50.2,MAPK14,-8.355,93.30182529335072,0.9330182529335072,0.0,1.0,0.778536615334207,0.6899877934735339,0.6899877934735339,0.0,0.5174908451051504
CHEMBL1237080,GRANISETRON HYDROCHLORIDE,10,0,0,0.6101152491946686,-9.3,-7.8629999999999995,False,,,,312.4,2.32,50.2,MAPK14,-8.355,93.30182529335072,0.9330182529335072,0.0,1.0,0.778536615334207,0.6899877934735339,0.6899877934735339,0.0,0.5174908451051504
CHEMBL1200430,ESTRADIOL ACETATE,10,0,0,0.6278103097572515,-9.404,-7.8315,False,,,,314.4,3.83,46.5,TNIK,-8.684,91.47894221351616,0.9147894221351617,0.0,1.0,0.8242056993121519,0.6895466237508875,0.6895466237508875,0.0,0.5171599678131656
CHEMBL685,MEBENDAZOLE,10,0,0,0.6033177515267288,-8.682,-8.081,False,Launched,tubulin polymerization inhibitor,pinworm|whipworm|hookworm|ascariasis,295.3,2.97,84.1,TNIK,-8.682,91.44629448253346,0.9144629448253346,0.0,1.0,0.8242056993121519,0.6894160328269567,0.6894160328269567,0.0,0.5170620246202176
CHEMBL1201149,NALTREXONE HYDROCHLORIDE,10,0,0,0.5860064001095763,-9.877,-7.234,False,,,,341.4,1.53,70.0,SLC2A1,-9.877,88.01369863013699,0.8801369863013698,0.0,1.0,0.9141924959216966,0.6891836689088024,0.6891836689088024,0.0,0.5168877516816018
CHEMBL19019,NALTREXONE,10,0,0,0.5860064001095763,-9.877,-7.234,True,Launched,opioid receptor antagonist,abstinence from alcohol,341.4,1.53,70.0,SLC2A1,-9.877,88.01369863013699,0.8801369863013698,0.0,1.0,0.9141924959216966,0.6891836689088024,0.6891836689088024,0.0,0.5168877516816018
CHEMBL981,FENOFIBRIC ACID,10,0,0,0.551793365011725,-8.66,-7.077,False,,,,318.8,3.81,63.6,TNIK,-8.66,91.25040809663729,0.9125040809663729,0.0,1.0,0.8242056993121519,0.688632487283372,0.688632487283372,0.0,0.516474365462529
CHEMBL1397,POSACONAZOLE,10,0,2,0.3941485955073899,-10.03,-7.115,False,Launched,sterol demethylase inhibitor,oropharyngeal candidiasis,700.8,4.57,115.7,SLC2A1,-10.03,89.67710371819962,0.8967710371819961,0.0,0.2,0.9141924959216966,0.535837289261053,0.535837289261053,0.45815690999132624,0.5164171944436213
CHEMBL1201340,DIPHEMANIL,10,0,0,0.5245927094859891,-9.569,-6.591,False,Launched,acetylcholine receptor antagonist,spasms,278.4,4.36,0.0,ACVR1,-9.569,92.2439024390244,0.922439024390244,0.0,1.0,0.7969667318982387,0.6885206195408334,0.6885206195408334,0.0,0.5163904646556251
CHEMBL691,ETHINYL ESTRADIOL,10,0,0,0.6254275217332828,-9.639,-7.715999999999999,False,,,,296.4,3.61,40.5,AXL,-8.078,89.124063822859,0.89124063822859,0.0,1.0,0.8797731045932484,0.6884622209804233,0.6884622209804233,0.0,0.5163466657353175
CHEMBL3989820,ZOLPIDEM TARTRATE,10,0,0,0.5935820100669373,-9.562,-7.6785,False,,,,307.4,3.25,37.6,ACVR1,-9.562,92.14634146341464,0.9214634146341464,0.0,1.0,0.7969667318982387,0.6881303756383944,0.6881303756383944,0.0,0.5160977817287958
CHEMBL911,ZOLPIDEM,10,0,0,0.5935820100669373,-9.562,-7.6785,False,,,,307.4,3.25,37.6,ACVR1,-9.562,92.14634146341464,0.9214634146341464,0.0,1.0,0.7969667318982387,0.6881303756383944,0.6881303756383944,0.0,0.5160977817287958
CHEMBL75435,DEXKETOPROFEN,10,0,0,0.5578858402471227,-8.65,-7.086,False,,,,254.3,3.11,54.4,TNIK,-8.65,91.0545217107411,0.910545217107411,0.0,1.0,0.8242056993121519,0.6878489417397873,0.6878489417397873,0.0,0.5158867063048405
CHEMBL2105745,GLYCEROL PHENYLBUTYRATE,10,0,1,0.36622900758512966,-9.021,-6.9925,False,,,,530.7,6.05,78.9,MAPK14,-9.021,98.59843546284223,0.9859843546284224,0.0,0.4,0.778536615334207,0.5911742341515,0.5911742341515,0.2890648263178878,0.515646882193097
CHEMBL571,KETOPROFEN,10,0,0,0.5691128943414779,-8.603,-7.285,False,Launched,cyclooxygenase inhibitor,rheumatoid arthritis|osteoarthritis,254.3,3.11,54.4,TNIK,-8.603,90.69539666993144,0.9069539666993144,0.0,1.0,0.8242056993121519,0.6864124415765486,0.6864124415765486,0.0,0.5148093311824115
CHEMBL2303621,DACLATASVIR DIHYDROCHLORIDE,10,1,2,0.38387976782555944,-11.96,-7.4895,False,,,,738.9,6.22,174.6,SLC2A1,-11.96,99.08675799086758,0.9908675799086758,0.0,0.0,0.9141924959216966,0.5334759063517248,0.5334759063517248,0.45815690999132624,0.5146461572616251
CHEMBL2023898,DACLATASVIR,10,1,2,0.38387976782555944,-11.96,-7.4895,False,Launched,HCV inhibitor,hepatitis C,738.9,6.22,174.6,SLC2A1,-11.96,99.08675799086758,0.9908675799086758,0.0,0.0,0.9141924959216966,0.5334759063517248,0.5334759063517248,0.45815690999132624,0.5146461572616251
CHEMBL783,NATEGLINIDE,10,0,0,0.578274171244605,-8.862,-7.5965,False,Launched,insulin secretagogue,diabetes mellitus,317.4,3.26,66.4,TNIK,-8.578,90.53215801501796,0.9053215801501796,0.0,1.0,0.8242056993121519,0.6857594869568946,0.6857594869568946,0.0,0.514319615217671
CHEMBL111,RIMONABANT,10,0,1,0.5438426821186676,-9.498,-7.990500000000001,False,Withdrawn,cannabinoid receptor antagonist,,463.8,5.94,50.2,SLC2A1,-9.498,83.00717547292889,0.830071754729289,0.0,0.6,0.9141924959216966,0.5891575762799701,0.5891575762799701,0.2890648263178878,0.5141343887894495
CHEMBL914,FEXOFENADINE,10,0,1,0.4831011181442597,-10.4,-8.0885,False,Launched,histamine receptor antagonist,allergic rhinitis|urticaria,501.7,5.51,81.0,TNIK,-9.233,96.26183480248123,0.9626183480248123,0.0,0.4,0.8242056993121519,0.5886781941067477,0.5886781941067477,0.2890648263178878,0.5137748521595327
CHEMBL1200618,FEXOFENADINE HYDROCHLORIDE,10,0,1,0.4831011181442597,-10.4,-8.0885,False,,,,501.7,5.51,81.0,TNIK,-9.233,96.26183480248123,0.9626183480248123,0.0,0.4,0.8242056993121519,0.5886781941067477,0.5886781941067477,0.2890648263178878,0.5137748521595327
CHEMBL271227,ABIRATERONE ACETATE,10,0,0,0.6202179325057962,-9.731,-8.273499999999999,False,,,,391.6,5.97,39.2,AXL,-8.325,93.2269619016607,0.932269619016607,0.0,0.9,0.8797731045932484,0.68487381329563,0.68487381329563,0.0,0.5136553599717225
CHEMBL54,HALOPERIDOL,10,0,0,0.6128162159832161,-9.581,-7.993500000000001,False,Launched,dopamine receptor antagonist,schizophrenia|Tourette's disorder,375.9,4.43,40.5,TNIK,-8.552,90.15670910871695,0.9015670910871695,0.0,1.0,0.8242056993121519,0.6842576913316907,0.6842576913316907,0.0,0.513193268498768
CHEMBL2356023,DIHYDROTACHYSTEROL,10,0,0,0.601833760683614,-10.01,-7.925,False,Launched,vitamin analog,rickets|hypocalcemia|osteomalacia,398.7,7.72,20.2,AXL,-8.296,92.86877238684468,0.9286877238684468,0.0,0.9,0.8797731045932484,0.683441055236366,0.683441055236366,0.0,0.5125807914272745
CHEMBL1256841,NIALAMIDE,10,0,0,0.531992755056858,-8.426,-7.4094999999999995,False,Withdrawn,monoamine oxidase inhibitor,,298.3,1.02,83.1,MAPK14,-8.24,91.60691003911343,0.9160691003911343,0.0,1.0,0.778536615334207,0.6832081324565848,0.6832081324565848,0.0,0.5124060993424386
CHEMBL108,CARBAMAZEPINE,10,0,0,0.5826316639650939,-8.97,-7.015499999999999,True,Launched,carboxamide antiepileptic,seizures,236.3,3.39,46.3,MAPK14,-8.222,91.26466753585397,0.9126466753585397,0.0,1.0,0.778536615334207,0.6818391624435469,0.6818391624435469,0.0,0.5113793718326602
CHEMBL1165342,VINCAMINE,10,0,0,0.5407813862187318,-9.686,-6.6899999999999995,False,Withdrawn,adrenergic receptor antagonist,,354.5,2.95,54.7,ACVR1,-9.456,90.5691056910569,0.9056910569105691,0.0,1.0,0.7969667318982387,0.6818214325489634,0.6818214325489634,0.0,0.5113660744117225
CHEMBL4585668,BELZUTIFAN,10,0,0,0.6068019854169034,-9.708,-7.539,False,,,,383.3,3.29,87.4,SLC2A1,-9.708,86.10567514677103,0.8610567514677103,0.0,1.0,0.9141924959216966,0.6815515749753386,0.6815515749753386,0.0,0.5111636812315039
CHEMBL1200495,HYDROCORTISONE SODIUM SUCCINATE,10,0,1,0.4499791850752796,-9.669,-7.172,False,,,,461.5,0.86,141.0,MAPK14,-8.714,96.87092568448502,0.9687092568448502,0.0,0.4,0.778536615334207,0.5842641950380711,0.5842641950380711,0.2890648263178878,0.5104643528580253
CHEMBL48582,SAFINAMIDE MESYLATE,10,0,0,0.5744430416291358,-8.261,-7.7,False,,,,302.3,2.37,64.3,MAPK14,-8.188,90.95501955671446,0.9095501955671446,0.0,1.0,0.778536615334207,0.6806005705269889,0.6806005705269889,0.0,0.5104504278952416
CHEMBL396778,SAFINAMIDE,10,0,0,0.5744430416291358,-8.261,-7.7,False,Launched,dopamine reuptake inhibitor|glutamate inhibitor|monoamine oxidase inhibitor,Parkinson's Disease,302.3,2.37,64.3,MAPK14,-8.188,90.95501955671446,0.9095501955671446,0.0,1.0,0.778536615334207,0.6806005705269889,0.6806005705269889,0.0,0.5104504278952416
CHEMBL1229517,VEMURAFENIB,10,0,1,0.5021364289093481,-10.26,-7.4425,False,Launched,RAF inhibitor,melanoma,489.9,5.54,91.9,SLC2A1,-10.26,91.71559034572732,0.9171559034572732,0.0,0.4,0.9141924959216966,0.5839912357711639,0.5839912357711639,0.2890648263178878,0.5102596334078449
CHEMBL712,ANISINDIONE,10,0,0,0.5518518395914733,-8.182,-7.162,False,Launched,vitamin K antagonist,deep vein thrombosis (DVT),252.3,2.86,43.4,MAPK14,-8.182,90.84093872229465,0.9084093872229465,0.0,1.0,0.778536615334207,0.6801442471893095,0.6801442471893095,0.0,0.5101081853919822
CHEMBL1200521,ALMOTRIPTAN MALATE,10,0,0,0.49668997946498666,-8.459,-6.513,False,,,,335.5,2.2,56.4,TNIK,-8.459,88.85079986940909,0.8885079986940909,0.0,1.0,0.8242056993121519,0.6790340543744592,0.6790340543744592,0.0,0.5092755407808444
CHEMBL142635,NAFTOPIDIL,10,0,0,0.5865726639021344,-9.4,-7.511,False,Launched,adrenergic receptor antagonist,benign prostatic hyperplasia (BPH),392.5,3.41,45.2,ACVR1,-9.4,89.83739837398373,0.8983739837398373,0.0,1.0,0.7969667318982387,0.6788946032806707,0.6788946032806707,0.0,0.509170952460503
CHEMBL2147777,TENELIGLIPTIN,10,0,0,0.6153703104973054,-9.581,-7.8149999999999995,False,Launched,dipeptidyl peptidase inhibitor,diabetes mellitus,426.6,1.57,56.6,AXL,-7.95,86.71442526864213,0.8671442526864213,0.0,1.0,0.8797731045932484,0.6788236667635558,0.6788236667635558,0.0,0.5091177500726668
CHEMBL207538,BREXANOLONE,10,0,0,0.6056051332577935,-9.308,-7.732,False,,,,318.5,4.6,37.3,TNIK,-8.878,93.69898792033953,0.9369898792033954,0.0,0.9,0.8242056993121519,0.678426806578181,0.678426806578181,0.0,0.5088201049336357
CHEMBL1200522,AVOBENZONE,10,0,0,0.5688305751533564,-8.882,-7.757,False,Launched,topical sunscreen agent,cosmetic|sunscreen lotion,310.4,4.45,43.4,TNIK,-8.877,93.63369245837414,0.9363369245837414,0.0,0.9,0.8242056993121519,0.6781656247303194,0.6781656247303194,0.0,0.5086242185477395
CHEMBL25105,HEXAMIDINE,10,0,1,0.4133600486388252,-8.654,-7.3665,False,,,,354.5,3.27,118.2,MAPK14,-8.654,96.251629726206,0.96251629726206,0.0,0.4,0.778536615334207,0.581787011204955,0.581787011204955,0.2890648263178878,0.5086064649831882
CHEMBL494,ILOPROST,10,0,0,0.5765955010462729,-8.449,-7.676500000000001,False,Launched,platelet aggregation inhibitor|prostanoid receptor agonist,pulmonary arterial hypertension (PAH),360.5,3.54,77.8,TNIK,-8.449,88.6222657525302,0.8862226575253019,0.0,1.0,0.8242056993121519,0.6781199179069436,0.6781199179069436,0.0,0.5085899384302077
CHEMBL5315118,ILOPROST TROMETHAMINE,10,0,0,0.5765955010462729,-8.449,-7.676500000000001,False,,,,360.5,3.54,77.8,TNIK,-8.449,88.6222657525302,0.8862226575253019,0.0,1.0,0.8242056993121519,0.6781199179069436,0.6781199179069436,0.0,0.5085899384302077
CHEMBL1042,CHOLECALCIFEROL,10,0,0,0.5933649953830046,-9.853,-7.754,False,Launched,,vitamin D deficiency,384.6,7.62,20.2,AXL,-8.197,91.50113969391079,0.9150113969391078,0.0,0.9,0.8797731045932484,0.6779705244646304,0.6779705244646304,0.0,0.5084778933484728
CHEMBL1200463,OXAPROZIN POTASSIUM,10,0,0,0.5541634024801534,-8.539,-7.279999999999999,False,,,,292.3,2.69,66.2,MAPK14,-8.144,90.28683181225554,0.9028683181225554,0.0,1.0,0.778536615334207,0.6779278195491532,0.6779278195491532,0.0,0.5084458646618648
CHEMBL3187985,APOMORPHINE HYDROCHLORIDE,10,0,0,0.5941193852063102,-9.347,-7.275,False,,,,267.3,2.85,43.7,AXL,-7.934,86.33995441224357,0.8633995441224357,0.0,1.0,0.8797731045932484,0.6773257833379615,0.6773257833379615,0.0,0.5079943375034711
CHEMBL53,APOMORPHINE,10,0,0,0.5941193852063102,-9.347,-7.275,False,,,,267.3,2.85,43.7,AXL,-7.934,86.33995441224357,0.8633995441224357,0.0,1.0,0.8797731045932484,0.6773257833379615,0.6773257833379615,0.0,0.5079943375034711
CHEMBL583,GREPAFLOXACIN,10,0,0,0.5831650505493724,-9.389,-7.2065,False,,,,359.4,2.28,74.6,ACVR1,-9.335,89.41463414634147,0.8941463414634147,0.0,1.0,0.7969667318982387,0.6772035463701017,0.6772035463701017,0.0,0.5079026597775763
CHEMBL1200393,GREPAFLOXACIN HYDROCHLORIDE,10,0,0,0.5831650505493724,-9.389,-7.2065,False,,,,359.4,2.28,74.6,ACVR1,-9.335,89.41463414634147,0.8941463414634147,0.0,1.0,0.7969667318982387,0.6772035463701017,0.6772035463701017,0.0,0.5079026597775763
CHEMBL118,CELECOXIB,10,0,0,0.6232481077452242,-9.433,-7.661,True,Launched,cyclooxygenase inhibitor,osteoarthritis|rheumatoid arthritis|ankylosing spondylitis|primary dysmenorrhea (PD),381.4,3.51,78.0,ACVR1,-9.332,89.3658536585366,0.893658536585366,0.0,1.0,0.7969667318982387,0.6770084244188822,0.6770084244188822,0.0,0.5077563183141617
CHEMBL1200806,NAPROXEN SODIUM,10,0,0,0.506080687118909,-8.428,-6.8165,False,,,,229.3,1.7,49.4,TNIK,-8.428,88.2468168462292,0.8824681684622919,0.0,1.0,0.8242056993121519,0.6766181222817396,0.6766181222817396,0.0,0.5074635917113046
CHEMBL494622,FLURPIRIDAZ,10,0,0,0.5480333275413674,-8.303,-7.229,False,,,,368.8,3.72,53.4,MAPK14,-8.103,89.76531942633638,0.8976531942633638,0.0,1.0,0.778536615334207,0.6758417700054766,0.6758417700054766,0.0,0.5068813275041075
CHEMBL2107799,FLURPIRIDAZ F 18,10,0,0,0.5480333275413674,-8.303,-7.229,False,,,,367.8,3.72,53.4,MAPK14,-8.103,89.76531942633638,0.8976531942633638,0.0,1.0,0.778536615334207,0.6758417700054766,0.6758417700054766,0.0,0.5068813275041075
CHEMBL547,ISOTRETINOIN,10,0,0,0.5794934984197396,-8.945,-7.9225,False,Launched,retinoid receptor agonist,acne vulgaris (AV),300.4,5.6,37.3,MAPK14,-8.495,94.75228161668839,0.9475228161668839,0.0,0.9,0.778536615334207,0.6757896187668846,0.6757896187668846,0.0,0.5068422140751634
CHEMBL41,FLUOXETINE,10,0,0,0.5767163199038563,-8.473,-7.553,False,Launched,selective serotonin reuptake inhibitor (SSRI),depression|obsessive compulsive disorder (OCD)|bulimia nervosa|panic disorders|bipolar disorder,309.3,4.44,21.3,TNIK,-8.419,87.92033953640222,0.8792033953640223,0.0,1.0,0.8242056993121519,0.6753122130424317,0.6753122130424317,0.0,0.5064841597818238
CHEMBL1387,NORETHYNODREL,10,0,0,0.6310751443731732,-9.569,-7.756,False,,,,298.4,3.64,37.3,TNIK,-8.415,87.82239634345413,0.8782239634345413,0.0,1.0,0.8242056993121519,0.6749204402706394,0.6749204402706394,0.0,0.5061903302029795
CHEMBL1200938,METHYSERGIDE MALEATE,10,0,0,0.5942732303508375,-9.305,-7.543,False,,,,353.5,1.94,57.5,ACVR1,-9.305,88.82926829268293,0.8882926829268293,0.0,1.0,0.7969667318982387,0.6748620829554676,0.6748620829554676,0.0,0.5061465622166007
CHEMBL1201003,ELETRIPTAN HYDROBROMIDE,10,0,0,0.6162638911047654,-9.305,-8.016,False,,,,382.5,3.82,53.2,ACVR1,-9.305,88.82926829268293,0.8882926829268293,0.0,1.0,0.7969667318982387,0.6748620829554676,0.6748620829554676,0.0,0.5061465622166007
CHEMBL1065,METHYSERGIDE,10,0,0,0.5942732303508375,-9.305,-7.543,False,Launched,serotonin receptor antagonist,headache,353.5,1.94,57.5,ACVR1,-9.305,88.82926829268293,0.8882926829268293,0.0,1.0,0.7969667318982387,0.6748620829554676,0.6748620829554676,0.0,0.5061465622166007
CHEMBL1536,ERGOCALCIFEROL,10,0,0,0.6189263986572826,-9.721,-8.038499999999999,False,Launched,vitamin analog,hypoparathyroidism|rickets|hypophosphatemia,396.7,7.64,20.2,ACVR1,-9.721,93.82113821138212,0.9382113821138212,0.0,0.9,0.7969667318982387,0.6748295626302643,0.6748295626302643,0.0,0.5061221719726983
CHEMBL28218,BROMPERIDOL,10,0,0,0.5785788775568883,-9.194,-7.622,False,Launched,dopamine receptor antagonist,schizophrenia,420.3,4.53,40.5,TNIK,-8.555,90.27097616715638,0.9027097616715638,0.0,0.9500000000000001,0.8242056993121519,0.6747147595654484,0.6747147595654484,0.0,0.5060360696740862
CHEMBL1503,OMEPRAZOLE,10,0,0,0.5510383457316428,-8.17,-7.5489999999999995,False,Launched,ATPase inhibitor,heartburn,345.4,2.9,83.1,MAPK14,-8.078,89.42307692307693,0.8942307692307694,0.0,1.0,0.778536615334207,0.6744727999924387,0.6744727999924387,0.0,0.505854599994329
CHEMBL1289494,TIVOZANIB,10,0,1,0.4967309362320429,-10.07,-7.639,False,Launched,VEGFR inhibitor,renal cell carcinoma (RCC),454.9,5.64,107.7,SLC2A1,-10.07,90.08480104370516,0.9008480104370515,0.0,0.4,0.9141924959216966,0.5774680785630751,0.5774680785630751,0.2890648263178878,0.5053672655017782
CHEMBL2105756,TIVOZANIB HYDROCHLORIDE,10,0,1,0.4967309362320429,-10.07,-7.639,False,,,,454.9,5.64,107.7,SLC2A1,-10.07,90.08480104370516,0.9008480104370515,0.0,0.4,0.9141924959216966,0.5774680785630751,0.5774680785630751,0.2890648263178878,0.5053672655017782
CHEMBL1445,FLUOXYMESTERONE,10,0,0,0.5955237497307001,-8.975,-7.393,False,,,,336.4,3.33,57.5,TNIK,-8.38,87.52856676460986,0.8752856676460986,0.0,1.0,0.8242056993121519,0.6737451219552623,0.6737451219552623,0.0,0.5053088414664467
CHEMBL1200493,NAFTIFINE HYDROCHLORIDE,10,0,0,0.554358490878705,-8.89,-7.8605,False,,,,287.4,4.99,3.2,TNIK,-8.771,92.5073457394711,0.925073457394711,0.0,0.9,0.8242056993121519,0.6736602378547073,0.6736602378547073,0.0,0.5052451783910304
CHEMBL626,NAFTIFINE,10,0,0,0.554358490878705,-8.89,-7.8605,False,Launched,fungal squalene epoxidase inhibitor,tinea pedis|tinea cruris|tinea corporis,287.4,4.99,3.2,TNIK,-8.771,92.5073457394711,0.925073457394711,0.0,0.9,0.8242056993121519,0.6736602378547073,0.6736602378547073,0.0,0.5052451783910304
CHEMBL3608680,FEZOLINETANT,10,0,0,0.6093711383916649,-9.285,-7.4195,False,Phase 2,neurokinin receptor antagonist,,358.4,2.46,76.8,ACVR1,-9.285,88.52032520325204,0.8852032520325204,0.0,1.0,0.7969667318982387,0.6736263105977439,0.6736263105977439,0.0,0.5052197329483079
CHEMBL1998966,PIFOXIME,10,0,0,0.5534953605561771,-8.168,-7.3774999999999995,False,,,,276.3,2.28,62.1,MAPK14,-8.073,89.17861799217731,0.8917861799217731,0.0,1.0,0.778536615334207,0.6734949642688404,0.6734949642688404,0.0,0.5051212232016302
CHEMBL223228,EFAVIRENZ,10,0,0,0.5574826483112596,-8.8,-7.168,False,Launched,HIV protease inhibitor,human immunodeficiency virus (HIV-1),315.7,4.07,38.3,MAPK14,-8.447,94.14928292046936,0.9414928292046936,0.0,0.9,0.778536615334207,0.6733776239820086,0.6733776239820086,0.0,0.5050332179865065
CHEMBL386630,TESTOSTERONE,10,0,0,0.612445752893972,-9.076,-7.322,False,,,,288.4,3.88,37.3,TNIK,-8.365,87.36532810969638,0.8736532810969638,0.0,1.0,0.8242056993121519,0.6730921673356083,0.6730921673356083,0.0,0.5048191255017063
CHEMBL1584,PIPERACETAZINE,10,0,0,0.5776223427554472,-9.751,-7.245,False,Launched,dopamine receptor antagonist,schizophrenia,410.6,4.98,43.8,SLC2A1,-9.751,86.4481409001957,0.8644814090019569,0.0,0.9500000000000001,0.9141924959216966,0.6729214379890374,0.6729214379890374,0.0,0.504691078491778
CHEMBL1511,ESTRADIOL VALERATE,10,0,0,0.5982493400845248,-9.645,-7.721,False,,,,356.5,5.35,46.5,ACVR1,-9.645,93.20325203252033,0.9320325203252032,0.0,0.9,0.7969667318982387,0.6723580179148172,0.6723580179148172,0.0,0.5042685134361129
CHEMBL1201204,CEFPIRAMIDE,10,0,2,0.4097569787584687,-9.684,-7.827500000000001,False,Launched,bacterial cell wall synthesis inhibitor,gram-negative bacterial infections,612.7,0.33,212.8,AXL,-8.686,96.71116900032563,0.9671116900032563,0.0,0.0,0.8797731045932484,0.5188106416902898,0.5188106416902898,0.45815690999132624,0.5036472087655489
CHEMBL1200807,NORELGESTROMIN,10,0,0,0.5492657900654963,-8.831,-7.0905,False,Launched,,contraceptive,327.5,4.14,52.8,AXL,-8.108,89.88928687723869,0.8988928687723869,0.0,0.9,0.8797731045932484,0.671523113197942,0.671523113197942,0.0,0.5036423348984564
CHEMBL1200803,SOLIFENACIN SUCCINATE,10,0,0,0.6000254127329135,-8.513,-7.779,False,,,,362.5,3.86,32.8,TNIK,-8.323,86.92458374142997,0.8692458374142997,0.0,1.0,0.8242056993121519,0.6713291898625426,0.6713291898625426,0.0,0.503496892396907
CHEMBL1734,SOLIFENACIN,10,0,0,0.6000254127329135,-8.513,-7.779,False,,,,362.5,3.86,32.8,TNIK,-8.323,86.92458374142997,0.8692458374142997,0.0,1.0,0.8242056993121519,0.6713291898625426,0.6713291898625426,0.0,0.503496892396907
CHEMBL1395,METHYLTESTOSTERONE,10,0,0,0.5962072219591391,-9.94,-7.516,False,,,,302.5,4.27,37.3,SLC2A1,-9.94,88.53555120678408,0.8853555120678408,0.0,0.9,0.9141924959216966,0.6712710792153909,0.6712710792153909,0.0,0.5034533094115432
CHEMBL535650,MEFLOQUINE HYDROCHLORIDE,10,0,0,0.6245198000693629,-9.891,-8.118,False,,,,378.3,4.45,45.2,AXL,-8.105,89.7915988277434,0.897915988277434,0.0,0.9,0.8797731045932484,0.6711323609999609,0.6711323609999609,0.0,0.5033492707499707
CHEMBL416956,MEFLOQUINE,10,0,0,0.6245198000693629,-9.891,-8.118,False,Launched,adenosine receptor antagonist|hemoglobin antagonist,malaria,378.3,4.45,45.2,AXL,-8.105,89.7915988277434,0.897915988277434,0.0,0.9,0.8797731045932484,0.6711323609999609,0.6711323609999609,0.0,0.5033492707499707
CHEMBL117785,TETRABENAZINE,10,0,0,0.47320207221929345,-8.314,-6.259499999999999,False,Launched,vesicular monoamine transporter inhibitor,cholera|Huntington's disease,317.4,3.24,38.8,TNIK,-8.314,86.84296441397323,0.8684296441397323,0.0,1.0,0.8242056993121519,0.6710027125527158,0.6710027125527158,0.0,0.5032520344145368
CHEMBL2218894,FLUVASTATIN SODIUM,10,0,0,0.5558951160215309,-9.513,-6.8870000000000005,False,,,,410.5,3.29,85.5,SLC2A1,-9.513,83.26810176125244,0.8326810176125243,0.0,1.0,0.9141924959216966,0.6702012814332642,0.6702012814332642,0.0,0.5026509610749481
CHEMBL103,PROGESTERONE,10,0,0,0.5709903771373761,-9.594,-7.615,False,Launched,progesterone receptor agonist,infertility|amenorrhea,314.5,4.72,34.1,ACVR1,-9.594,92.58536585365854,0.9258536585365854,0.0,0.9,0.7969667318982387,0.66988647319937,0.66988647319937,0.0,0.5024148548995275
CHEMBL14376,ILOPERIDONE,10,0,0,0.5735397536290816,-9.117,-8.027,False,Launched,dopamine receptor antagonist|serotonin receptor antagonist,schizophrenia,426.5,4.83,64.8,TNIK,-8.463,89.03036238981392,0.8903036238981392,0.0,0.9500000000000001,0.8242056993121519,0.6697523044560786,0.6697523044560786,0.0,0.502314228342059
CHEMBL1511957,PIPERIDOLATE HYDROCHLORIDE,10,0,0,0.5382594436002006,-9.228,-6.8115000000000006,False,,,,323.4,3.85,29.5,ACVR1,-9.228,87.52845528455285,0.8752845528455285,0.0,1.0,0.7969667318982387,0.6696588309229473,0.6696588309229473,0.0,0.5022441231922105
CHEMBL1623992,PIPERIDOLATE,10,0,0,0.5382594436002006,-9.228,-6.8115000000000006,False,Launched,acetylcholine receptor antagonist,spasms,323.4,3.85,29.5,ACVR1,-9.228,87.52845528455285,0.8752845528455285,0.0,1.0,0.7969667318982387,0.6696588309229473,0.6696588309229473,0.0,0.5022441231922105
CHEMBL809,SERTRALINE,10,0,0,0.5722983131003024,-8.248,-7.2669999999999995,False,Launched,selective serotonin reuptake inhibitor (SSRI),depression|obsessive compulsive disorder (OCD)|panic disorders|posttraumatic stress disorder|premenstrual syndrome|social anxiety disorder,306.2,5.18,12.0,MAPK14,-8.027,88.21707953063886,0.8821707953063885,0.0,1.0,0.778536615334207,0.6696488104226865,0.6696488104226865,0.0,0.5022366078170148
CHEMBL1200436,OXANDROLONE,10,0,0,0.5862306647560669,-9.501,-7.300000000000001,False,,,,306.4,3.54,46.5,SLC2A1,-9.501,83.08871493803001,0.8308871493803001,0.0,1.0,0.9141924959216966,0.6694837341403745,0.6694837341403745,0.0,0.5021128006052809
CHEMBL41355,EZOGABINE,10,0,0,0.5899919886682082,-9.26,-7.656,True,,,,303.3,3.59,76.4,MAPK14,-8.018,88.16818774445892,0.8816818774445891,0.0,1.0,0.778536615334207,0.6694532432779667,0.6694532432779667,0.0,0.5020899324584751
CHEMBL267495,NALFURAFINE,10,0,0,0.5956428655066477,-9.686,-7.957000000000001,False,Launched,opioid receptor agonist,uremic pruritus,476.6,3.09,86.4,AXL,-8.403,94.28524910452622,0.9428524910452621,0.0,0.8,0.8797731045932484,0.6691069621070921,0.6691069621070921,0.0,0.5018302215803191
CHEMBL490665,NALFURAFINE HYDROCHLORIDE,10,0,0,0.5956428655066477,-9.686,-7.957000000000001,False,,,,476.6,3.09,86.4,AXL,-8.403,94.28524910452622,0.9428524910452621,0.0,0.8,0.8797731045932484,0.6691069621070921,0.6691069621070921,0.0,0.5018302215803191
CHEMBL64391,ITRACONAZOLE,10,0,1,0.43689161393421144,-11.85,-7.3835,False,Launched,cytochrome P450 inhibitor,onychomycosis|histoplasmosis|blastomycosis|aspergillosis,705.6,5.58,104.7,SLC2A1,-11.85,98.89106327462491,0.9889106327462491,0.0,0.2,0.9141924959216966,0.5726931274867542,0.5726931274867542,0.2890648263178878,0.5017860521945375
CHEMBL595,PIOGLITAZONE,10,0,0,0.5763647751814729,-8.709,-7.404999999999999,False,Launched,insulin sensitizer|PPAR receptor agonist,diabetes mellitus,356.4,3.16,68.3,TNIK,-8.248,86.32060071825009,0.863206007182501,0.0,1.0,0.8242056993121519,0.6689132577698231,0.6689132577698231,0.0,0.5016849433273673
CHEMBL1715,PIOGLITAZONE HYDROCHLORIDE,10,0,0,0.5763647751814729,-8.709,-7.404999999999999,False,,,,356.4,3.16,68.3,TNIK,-8.248,86.32060071825009,0.863206007182501,0.0,1.0,0.8242056993121519,0.6689132577698231,0.6689132577698231,0.0,0.5016849433273673
CHEMBL1201863,DEXLANSOPRAZOLE,10,0,0,0.5870490034716584,-8.899,-7.673500000000001,False,Launched,ATPase inhibitor,gastroesophageal reflux disease (GERD)|erosive esophagitis (EE),369.4,3.52,73.9,MAPK14,-8.007,88.00521512385919,0.8800521512385919,0.0,1.0,0.778536615334207,0.6688013527955678,0.6688013527955678,0.0,0.5016010145966758
CHEMBL1200624,ETHYNODIOL DIACETATE,10,0,0,0.5672308440322462,-8.723,-7.843500000000001,False,,,,384.5,4.43,52.6,AXL,-8.08,89.1891891891892,0.8918918918918919,0.0,0.9,0.8797731045932484,0.668722722445744,0.668722722445744,0.0,0.5015420418343081
CHEMBL1625,OXYBENZONE,10,0,0,0.5181400322745662,-8.247,-7.045999999999999,False,Launched,lipase inhibitor,sunscreen lotion,228.2,2.63,46.5,TNIK,-8.247,86.25530525628469,0.8625530525628469,0.0,1.0,0.8242056993121519,0.6686520759219616,0.6686520759219616,0.0,0.5014890569414712
CHEMBL1200880,DIPHEMANIL METHYLSULFATE,10,0,0,0.5045927094859891,-9.569,-6.591,False,,,,278.4,4.36,0.0,ACVR1,-9.569,92.2439024390244,0.922439024390244,0.0,0.9,0.7969667318982387,0.6685206195408334,0.6685206195408334,0.0,0.5013904646556251
CHEMBL1795071,RUXOLITINIB PHOSPHATE,10,0,0,0.5995689237569404,-9.253,-7.5875,False,,,,306.4,3.47,83.2,TNIK,-8.244,86.14103819784525,0.8614103819784524,0.0,1.0,0.8242056993121519,0.6681950076882037,0.6681950076882037,0.0,0.5011462557661528
CHEMBL1789941,RUXOLITINIB,10,0,0,0.5995689237569404,-9.253,-7.5875,False,Launched,JAK inhibitor,myelofibrosis|polycythemia vera,306.4,3.47,83.2,TNIK,-8.244,86.14103819784525,0.8614103819784524,0.0,1.0,0.8242056993121519,0.6681950076882037,0.6681950076882037,0.0,0.5011462557661528
CHEMBL1201173,MEDRYSONE,10,0,0,0.5938530161732746,-9.082,-7.582,False,Launched,glucocorticoid receptor agonist,conjunctivitis|episcleritis,344.5,3.94,54.4,AXL,-7.808,84.01172256593942,0.8401172256593942,0.0,1.0,0.8797731045932484,0.6680128559527448,0.6680128559527448,0.0,0.5010096419645587
CHEMBL1237055,HYDROMORPHONE HYDROCHLORIDE,10,0,0,0.5331219091992649,-9.485,-6.608499999999999,False,,,,285.3,1.63,49.8,SLC2A1,-9.485,82.69732550554468,0.8269732550554468,0.0,1.0,0.9141924959216966,0.6679181764104333,0.6679181764104333,0.0,0.500938632307825
CHEMBL1088,MESORIDAZINE,10,0,0,0.5475718110287286,-9.485,-6.9254999999999995,False,Launched,dopamine receptor antagonist,schizophrenia,386.6,4.9,29.5,SLC2A1,-9.485,82.69732550554468,0.8269732550554468,0.0,1.0,0.9141924959216966,0.6679181764104333,0.6679181764104333,0.0,0.500938632307825
CHEMBL398707,HYDROMORPHONE,10,0,0,0.5331219091992649,-9.485,-6.608499999999999,True,,,,285.3,1.63,49.8,SLC2A1,-9.485,82.69732550554468,0.8269732550554468,0.0,1.0,0.9141924959216966,0.6679181764104333,0.6679181764104333,0.0,0.500938632307825
CHEMBL1201064,FLUOROMETHOLONE ACETATE,10,0,0,0.5566654951146142,-8.888,-7.07,False,,,,418.5,3.49,80.7,AXL,-7.804,83.9303158580267,0.839303158580267,0.0,1.0,0.8797731045932484,0.6676872291210941,0.6676872291210941,0.0,0.5007654218408206
CHEMBL1200601,NARATRIPTAN HYDROCHLORIDE,10,0,0,0.5407076783997469,-8.23,-7.093999999999999,False,,,,335.5,2.07,65.2,TNIK,-8.23,85.97779954293176,0.8597779954293177,0.0,1.0,0.8242056993121519,0.6675420530685499,0.6675420530685499,0.0,0.5006565398014124
CHEMBL1200885,ALOSETRON HYDROCHLORIDE,10,0,0,0.55728666500448,-8.686,-6.9345,False,,,,294.4,2.41,53.9,AXL,-7.802,83.84890915011397,0.8384890915011397,0.0,1.0,0.8797731045932484,0.6673616022894432,0.6673616022894432,0.0,0.5005212017170824
CHEMBL1110,ALOSETRON,10,0,0,0.55728666500448,-8.686,-6.9345,False,Withdrawn,serotonin receptor antagonist,,294.4,2.41,53.9,AXL,-7.802,83.84890915011397,0.8384890915011397,0.0,1.0,0.8797731045932484,0.6673616022894432,0.6673616022894432,0.0,0.5005212017170824
CHEMBL1201132,NALBUPHINE HYDROCHLORIDE,10,0,0,0.5980654864119247,-9.191,-7.524,False,,,,357.5,1.71,73.2,MAPK14,-7.972,87.5651890482399,0.875651890482399,0.0,1.0,0.778536615334207,0.6670412484930905,0.6670412484930905,0.0,0.500280936369818
CHEMBL1322884,PHENOTHRIN,10,0,0,0.5478279135018685,-8.957,-7.6545000000000005,False,Launched,,lice,350.5,5.76,35.5,TNIK,-8.611,90.79333986287953,0.9079333986287953,0.0,0.9,0.8242056993121519,0.6668042143483409,0.6668042143483409,0.0,0.5001031607612557
CHEMBL1131,ACITRETIN,10,0,0,0.5776335498633579,-9.174,-7.868,False,Launched,retinoid receptor agonist,psoriasis,326.4,5.17,46.5,MAPK14,-8.283,92.47066492829205,0.9247066492829206,0.0,0.9,0.778536615334207,0.6666631520132993,0.6666631520132993,0.0,0.49999736400997447
CHEMBL2111101,PIMAVANSERIN,10,0,0,0.5719725359374628,-9.601,-7.603999999999999,False,Launched,serotonin receptor inverse agonist,Parkinson's Disease,427.6,4.67,44.8,SLC2A1,-9.601,84.81735159817352,0.8481735159817352,0.0,0.9500000000000001,0.9141924959216966,0.6663982807809486,0.6663982807809486,0.0,0.49979871058571146
CHEMBL1716,CYPROHEPTADINE HYDROCHLORIDE,10,0,0,0.5865750955399013,-8.889,-7.6975,False,,,,287.4,4.7,3.2,AXL,-8.046,88.58677955063497,0.8858677955063498,0.0,0.9,0.8797731045932484,0.6663130838915272,0.6663130838915272,0.0,0.4997348129186454
CHEMBL516,CYPROHEPTADINE,10,0,0,0.5865750955399013,-8.889,-7.6975,False,Launched,histamine receptor antagonist,allergic rhinitis|vasomotor rhinitis|conjunctivitis|urticaria|dermatographism,287.4,4.7,3.2,AXL,-8.046,88.58677955063497,0.8858677955063498,0.0,0.9,0.8797731045932484,0.6663130838915272,0.6663130838915272,0.0,0.4997348129186454
CHEMBL1200617,RIMEXOLONE,10,0,0,0.5743304716226163,-9.496,-7.3325,False,Launched,glucocorticoid receptor agonist,anterior uveitis,370.5,4.5,54.4,MAPK14,-8.274,92.37288135593221,0.9237288135593221,0.0,0.9,0.778536615334207,0.6662720177238599,0.6662720177238599,0.0,0.49970401329289493
CHEMBL1201044,DAPIPRAZOLE HYDROCHLORIDE,10,0,0,0.5992980005888213,-9.197,-7.7325,False,,,,325.5,2.29,37.2,TNIK,-8.21,85.55337904015671,0.8555337904015672,0.0,1.0,0.8242056993121519,0.6658443710574498,0.6658443710574498,0.0,0.4993832782930873
CHEMBL1201216,DAPIPRAZOLE,10,0,0,0.5992980005888213,-9.197,-7.7325,False,Launched,adrenergic receptor antagonist,mydriasis,325.5,2.29,37.2,TNIK,-8.21,85.55337904015671,0.8555337904015672,0.0,1.0,0.8242056993121519,0.6658443710574498,0.6658443710574498,0.0,0.4993832782930873
CHEMBL1719,OLOPATADINE HYDROCHLORIDE,10,0,0,0.5602767996387144,-8.587,-7.333,False,,,,337.4,3.59,49.8,AXL,-7.772,83.37675024422012,0.8337675024422012,0.0,1.0,0.8797731045932484,0.6654729666658677,0.6654729666658677,0.0,0.49910472499940084
CHEMBL1189432,OLOPATADINE,10,0,0,0.5602767996387144,-8.587,-7.333,False,Launched,histamine receptor antagonist,conjunctivitis,337.4,3.59,49.8,AXL,-7.772,83.37675024422012,0.8337675024422012,0.0,1.0,0.8797731045932484,0.6654729666658677,0.6654729666658677,0.0,0.49910472499940084
CHEMBL2107830,EMPAGLIFLOZIN,10,0,1,0.5040943306107131,-9.776,-7.9735,False,Launched,sodium/glucose cotransporter inhibitor,diabetes mellitus,450.9,1.61,108.6,AXL,-8.081,89.23803321393683,0.8923803321393683,0.0,0.4,0.8797731045932484,0.5689180985447346,0.5689180985447346,0.2890648263178878,0.49895478048802294
CHEMBL1106,EPINASTINE,10,0,0,0.6022004729433793,-9.147,-7.391500000000001,False,Launched,histamine receptor antagonist,conjunctivitis,249.3,2.47,41.6,ACVR1,-9.147,86.32520325203252,0.8632520325203252,0.0,1.0,0.7969667318982387,0.6648458227928659,0.6648458227928659,0.0,0.49863436709464937
CHEMBL1200491,EPINASTINE HYDROCHLORIDE,10,0,0,0.6022004729433793,-9.147,-7.391500000000001,False,,,,249.3,2.47,41.6,ACVR1,-9.147,86.32520325203252,0.8632520325203252,0.0,1.0,0.7969667318982387,0.6648458227928659,0.6648458227928659,0.0,0.49863436709464937
CHEMBL409,BICALUTAMIDE,10,0,0,0.5922467570984037,-10.29,-7.989,False,Launched,androgen receptor antagonist,prostate cancer,430.4,2.88,107.3,SLC2A1,-10.29,91.87866927592955,0.9187866927592956,0.0,0.8,0.9141924959216966,0.6646435514919727,0.6646435514919727,0.0,0.4984826636189795
CHEMBL1493,FLAVOXATE,10,0,0,0.5816517610993519,-9.489,-7.521,False,Launched,acetylcholine receptor antagonist,urinary incontinence|interstitial cystitis (IC)|urethritis|prostatitis,391.5,4.41,59.8,ACVR1,-9.489,91.26829268292683,0.9126829268292682,0.0,0.9,0.7969667318982387,0.6646181805164432,0.6646181805164432,0.0,0.4984636353873324
CHEMBL1200875,FLAVOXATE HYDROCHLORIDE,10,0,0,0.5816517610993519,-9.489,-7.521,False,,,,391.5,4.41,59.8,ACVR1,-9.489,91.26829268292683,0.9126829268292682,0.0,0.9,0.7969667318982387,0.6646181805164432,0.6646181805164432,0.0,0.4984636353873324
CHEMBL4297147,HALOPERIDOL LACTATE,10,0,0,0.5928162159832162,-9.581,-7.993500000000001,False,,,,375.9,4.43,40.5,TNIK,-8.552,90.15670910871695,0.9015670910871695,0.0,0.9,0.8242056993121519,0.6642576913316907,0.6642576913316907,0.0,0.498193268498768
CHEMBL571546,TIRBANIBULIN,10,0,0,0.6026161649221277,-10.27,-7.8975,False,,,,431.5,3.32,63.7,SLC2A1,-10.27,91.78082191780823,0.9178082191780823,0.0,0.8,0.9141924959216966,0.6642521620594874,0.6642521620594874,0.0,0.4981891215446156
CHEMBL422,TRIFLUOPERAZINE,10,0,0,0.5796925482553577,-9.573,-7.5545,False,Launched,dopamine receptor antagonist,schizophrenia,407.5,4.95,9.7,SLC2A1,-9.573,84.23026744944553,0.8423026744944554,0.0,0.9500000000000001,0.9141924959216966,0.6640499441860367,0.6640499441860367,0.0,0.4980374581395275
CHEMBL635,PREDNISONE,10,0,0,0.5846957019584712,-9.193,-7.566,False,Launched,glucocorticoid receptor agonist,congenital adrenal hyperplasia|hypercalcemia|rheumatoid arthritis|psoriatic arthritis|ankylosing spondylitis|bursitis|osteoarthritis|epicondylitis|dermatomyositis|psoriasis|mycosis|conjunctivitis|anemia|ulcerative colitis|enteritis|multiple sclerosis|meningitis,358.4,1.77,91.7,MAPK14,-8.076,89.29269882659713,0.8929269882659713,0.0,0.9500000000000001,0.778536615334207,0.6639512876065197,0.6639512876065197,0.0,0.49796346570488975
CHEMBL726,FLUPHENAZINE,10,0,0,0.5723878001870537,-9.312,-7.3895,False,Launched,dopamine receptor antagonist,schizophrenia,437.5,4.31,30.0,AXL,-7.896,85.37935525887333,0.8537935525887334,0.0,0.9500000000000001,0.8797731045932484,0.6634833867244806,0.6634833867244806,0.0,0.4976125400433604
CHEMBL1257051,TEDIZOLID,10,0,0,0.5624312898635526,-10.1,-7.6525,False,Launched,bacterial 50S ribosomal subunit inhibitor,skin infections,370.3,1.4,106.3,TNIK,-9.019,94.90695396669932,0.9490695396669931,0.0,0.8,0.8242056993121519,0.6632586707636201,0.6632586707636201,0.0,0.4974440030727151
CHEMBL986,RETINOL,10,0,0,0.5160707132788697,-8.722,-7.042,False,Launched,retinoid receptor ligand,cosmetic|acne vulgaris (AV)|keratosis,286.5,5.51,20.2,TNIK,-8.526,89.84655566438133,0.8984655566438132,0.0,0.9,0.8242056993121519,0.6630170775543481,0.6630170775543481,0.0,0.49726280816576107
CHEMBL1200374,EXEMESTANE,10,0,0,0.5952384811403189,-9.552,-7.606,False,Launched,aromatase inhibitor,breast cancer,296.4,4.03,34.1,ACVR1,-9.471,90.8130081300813,0.908130081300813,0.0,0.9,0.7969667318982387,0.6627970423050611,0.6627970423050611,0.0,0.4970977817287958
CHEMBL3989824,THIOTHIXENE HYDROCHLORIDE,10,0,0,0.5872320959889084,-9.151,-7.5455000000000005,False,,,,443.6,3.47,43.9,AXL,-7.728,82.56268316509279,0.8256268316509279,0.0,1.0,0.8797731045932484,0.6622166983493584,0.6622166983493584,0.0,0.4966625237620188
CHEMBL1201,THIOTHIXENE,10,0,0,0.5872320959889084,-9.151,-7.5455000000000005,False,Launched,dopamine receptor antagonist,schizophrenia,443.6,3.47,43.9,AXL,-7.728,82.56268316509279,0.8256268316509279,0.0,1.0,0.8797731045932484,0.6622166983493584,0.6622166983493584,0.0,0.4966625237620188
CHEMBL251634,FLUOCORTOLONE,10,0,0,0.6043795502569813,-9.372,-7.355499999999999,False,,,,376.5,2.64,74.6,MAPK14,-7.907,86.32659713168188,0.8632659713168188,0.0,1.0,0.778536615334207,0.6620868808268585,0.6620868808268585,0.0,0.4965651606201439
CHEMBL1549,HYDROCORTISONE CYPIONATE,10,0,1,0.48121952587333244,-9.787,-7.579000000000001,False,,,,486.6,4.3,100.9,SLC2A1,-9.787,87.01891715590345,0.8701891715590345,0.0,0.4,0.9141924959216966,0.5652045430118684,0.5652045430118684,0.2890648263178878,0.49616961383837327
CHEMBL715,OLANZAPINE,10,0,0,0.5701325897208933,-9.081,-6.98,False,Launched,dopamine receptor antagonist|serotonin receptor antagonist,schizophrenia|bipolar disorder,312.4,3.44,30.9,AXL,-7.723,82.3510257245197,0.823510257245197,0.0,1.0,0.8797731045932484,0.661370068587066,0.661370068587066,0.0,0.49602755144029953
CHEMBL1200881,MINOCYCLINE HYDROCHLORIDE,10,0,1,0.41964940867627903,-8.978,-7.356,False,,,,457.5,0.19,164.6,AXL,-8.978,98.25789645066753,0.9825789645066753,0.0,0.2,0.8797731045932484,0.5649975514916573,0.5649975514916573,0.2890648263178878,0.496014370198215
CHEMBL1434,MINOCYCLINE,10,0,1,0.41964940867627903,-8.978,-7.356,True,Launched,bacterial 30S ribosomal subunit inhibitor,fever|respiratory tract infections|psittacosis|trachoma|conjunctivitis|urethritis|chancroid|tularemia|cholera|brucellosis,457.5,0.19,164.6,AXL,-8.978,98.25789645066753,0.9825789645066753,0.0,0.2,0.8797731045932484,0.5649975514916573,0.5649975514916573,0.2890648263178878,0.496014370198215
CHEMBL2218896,NABILONE,10,0,0,0.539248113907714,-8.518,-7.406000000000001,True,,,,372.5,6.26,46.5,TNIK,-8.48,89.40581129611492,0.8940581129611492,0.0,0.9,0.8242056993121519,0.6612541000812825,0.6612541000812825,0.0,0.4959405750609619
CHEMBL1201048,DROMOSTANOLONE PROPIONATE,10,0,0,0.5698350322012319,-9.412,-7.6675,False,,,,360.5,5.17,43.4,TNIK,-8.478,89.35683969964087,0.8935683969964088,0.0,0.9,0.8242056993121519,0.6610582136953863,0.6610582136953863,0.0,0.4957936602715397
CHEMBL1224,ACRIVASTINE,10,0,0,0.5900917408062308,-9.424,-7.54,False,Launched,histamine receptor antagonist,allergic rhinitis,348.4,4.02,53.4,ACVR1,-9.424,90.34146341463415,0.9034146341463415,0.0,0.9,0.7969667318982387,0.6609108634432724,0.6609108634432724,0.0,0.49568314758245435
CHEMBL905,RIZATRIPTAN,10,0,0,0.5124470223481896,-7.471,-6.3629999999999995,False,Launched,serotonin receptor agonist,migraine headache,269.4,1.91,49.7,TNIK,-7.471,71.8086842964414,0.7180868429644139,0.2,1.0,0.8242056993121519,0.6608655920825883,0.6608655920825883,0.0,0.49564919406194125
CHEMBL1201124,KETOROLAC TROMETHAMINE,10,0,0,0.5248968142234018,-8.168,-7.134,False,,,,255.3,2.29,59.3,TNIK,-8.128,84.21482206986614,0.8421482206986615,0.0,1.0,0.8242056993121519,0.6604901431762874,0.6604901431762874,0.0,0.4953676073822155
CHEMBL1201342,METHIXENE,10,0,0,0.5357001912458483,-9.411,-6.987,False,,,,309.5,5.02,3.2,ACVR1,-9.411,90.19512195121952,0.9019512195121951,0.0,0.9,0.7969667318982387,0.6603254975896139,0.6603254975896139,0.0,0.49524412319221045
CHEMBL1200426,METHIXENE HYDROCHLORIDE,10,0,0,0.5357001912458483,-9.411,-6.987,False,,,,309.5,5.02,3.2,ACVR1,-9.411,90.19512195121952,0.9019512195121951,0.0,0.9,0.7969667318982387,0.6603254975896139,0.6603254975896139,0.0,0.49524412319221045
CHEMBL1525,PERMETHRIN,10,0,0,0.5526390989864831,-8.931,-7.8215,False,Launched,,lice,391.3,6.11,35.5,TNIK,-8.468,89.1609533137447,0.891609533137447,0.0,0.9,0.8242056993121519,0.6602746681518016,0.6602746681518016,0.0,0.49520600111385116
CHEMBL1269025,EDOXABAN,10,0,0,0.5845888122950392,-10.43,-7.7995,False,Launched,coagulation factor inhibitor,stroke|pulmonary embolism (PE)|systemic embolism|deep vein thrombosis (DVT)|atrial fibrillation (AF),548.1,1.29,136.6,SLC2A1,-10.43,93.19960861056752,0.9319960861056752,0.0,0.75,0.9141924959216966,0.6599273088305246,0.6599273088305246,0.0,0.4949454816228935
CHEMBL1201244,ROCURONIUM,10,0,0,0.5514456501098867,-10.43,-7.614,False,Launched,acetylcholine receptor antagonist,anesthetic,529.8,4.41,59.0,SLC2A1,-10.43,93.19960861056752,0.9319960861056752,0.0,0.75,0.9141924959216966,0.6599273088305246,0.6599273088305246,0.0,0.4949454816228935
CHEMBL3989917,FOSNETUPITANT,10,0,1,0.528926511291582,-9.758,-8.284500000000001,False,,,,688.6,5.74,106.0,SLC2A1,-9.758,86.57860404435746,0.8657860404435747,0.0,0.4,0.9141924959216966,0.5634432905656843,0.5634432905656843,0.2890648263178878,0.4948486745037352
CHEMBL1354199,METHSCOPOLAMINE BROMIDE,10,0,0,0.5221528832122646,-8.468,-6.884,False,,,,318.4,1.06,59.1,TNIK,-8.11,84.01893568396997,0.8401893568396998,0.0,1.0,0.8242056993121519,0.6597065976327028,0.6597065976327028,0.0,0.4947799482245271
CHEMBL376897,METHSCOPOLAMINE,10,0,0,0.5221528832122646,-8.468,-6.884,False,Launched,acetylcholine receptor antagonist,peptic ulcer disease (PUD),318.4,1.06,59.1,TNIK,-8.11,84.01893568396997,0.8401893568396998,0.0,1.0,0.8242056993121519,0.6597065976327028,0.6597065976327028,0.0,0.4947799482245271
CHEMBL1779710,EVOGLIPTIN,10,0,0,0.5539638130059465,-8.545,-7.7185,False,,,,401.4,1.51,84.7,MAPK14,-7.858,85.64211212516297,0.8564211212516297,0.0,1.0,0.778536615334207,0.6593489408007829,0.6593489408007829,0.0,0.49451170560058716
CHEMBL4,OFLOXACIN,10,0,0,0.5643593323985467,-9.055,-7.112500000000001,False,Launched,bacterial DNA gyrase inhibitor,respiratory tract infections|sinusitis|skin infections|bone and joint infections|intra-abdominal infections|diarrhea|fever|urinary tract infections,361.4,1.54,75.0,ACVR1,-9.055,84.94308943089432,0.8494308943089431,0.0,1.0,0.7969667318982387,0.6593173675083132,0.6593173675083132,0.0,0.49448802563123484
CHEMBL1187833,UMECLIDINIUM,10,0,0,0.5853134553371306,-9.89,-8.347999999999999,False,Launched,acetylcholine receptor antagonist,chronic obstructive pulmonary disease (COPD)|bronchitis|emphysema,428.6,5.14,29.5,TNIK,-8.885,93.84590270976167,0.9384590270976167,0.0,0.8,0.8242056993121519,0.6590144657358695,0.6590144657358695,0.0,0.49426084930190217
CHEMBL523299,UMECLIDINIUM BROMIDE,10,0,0,0.5853134553371306,-9.89,-8.347999999999999,False,,,,428.6,5.14,29.5,TNIK,-8.885,93.84590270976167,0.9384590270976167,0.0,0.8,0.8242056993121519,0.6590144657358695,0.6590144657358695,0.0,0.49426084930190217
CHEMBL515387,GOSOGLIPTIN,10,0,0,0.5810808461788134,-9.128,-7.877,False,,,,366.4,0.2,64.6,MAPK14,-8.165,90.53129074315514,0.9053129074315514,0.0,0.9,0.778536615334207,0.6589056552727517,0.6589056552727517,0.0,0.49417924145456377
CHEMBL24072,PRENYLAMINE,10,0,0,0.5220866400791956,-9.4,-7.349500000000001,False,Withdrawn,calcium channel blocker,,329.5,5.43,12.0,ACVR1,-9.4,89.83739837398373,0.8983739837398373,0.0,0.9,0.7969667318982387,0.6588946032806708,0.6588946032806708,0.0,0.49417095246050313
CHEMBL1200592,DESOXYCORTICOSTERONE PIVALATE,10,0,0,0.5779956390278651,-9.437,-8.133500000000002,False,,,,414.6,5.29,60.4,AXL,-8.204,91.66395310973624,0.9166395310973624,0.0,0.8,0.8797731045932484,0.6586217781279322,0.6586217781279322,0.0,0.49396633359594916
CHEMBL1677,TACRINE HYDROCHLORIDE,10,0,0,0.541845051820317,-8.097,-7.1845,False,,,,198.3,2.7,38.9,TNIK,-8.097,83.72510610512569,0.8372510610512569,0.0,1.0,0.8242056993121519,0.6585312793173256,0.6585312793173256,0.0,0.49389845948799416
CHEMBL95,TACRINE,10,0,0,0.541845051820317,-8.097,-7.1845,False,Launched,acetylcholinesterase inhibitor,Alzheimer's disease,198.3,2.7,38.9,TNIK,-8.097,83.72510610512569,0.8372510610512569,0.0,1.0,0.8242056993121519,0.6585312793173256,0.6585312793173256,0.0,0.49389845948799416
CHEMBL1064,SIMVASTATIN,10,0,0,0.5699989782903369,-8.88,-7.2575,False,Launched,HMGCR inhibitor,hypercholesterolemia|coronary heart disease|myocardial infarction|stroke|hyperlipidemia,418.6,4.59,72.8,TNIK,-8.246,86.20633365981064,0.8620633365981064,0.0,0.9500000000000001,0.8242056993121519,0.6584561895360654,0.6584561895360654,0.0,0.4938421421520491
CHEMBL1201347,ANILERIDINE,10,0,0,0.5857147750025655,-9.386,-7.6,False,,,,352.5,3.41,55.6,SLC2A1,-9.386,80.3163731245923,0.803163731245923,0.0,1.0,0.9141924959216966,0.6583943668866238,0.6583943668866238,0.0,0.49379577516496787
CHEMBL1201047,ANILERIDINE HYDROCHLORIDE,10,0,0,0.5857147750025655,-9.386,-7.6,False,,,,352.5,3.41,55.6,SLC2A1,-9.386,80.3163731245923,0.803163731245923,0.0,1.0,0.9141924959216966,0.6583943668866238,0.6583943668866238,0.0,0.49379577516496787
CHEMBL1200543,ANILERIDINE PHOSPHATE,10,0,0,0.5857147750025655,-9.386,-7.6,False,,,,352.5,3.41,55.6,SLC2A1,-9.386,80.3163731245923,0.803163731245923,0.0,1.0,0.9141924959216966,0.6583943668866238,0.6583943668866238,0.0,0.49379577516496787
CHEMBL185073,PANCURONIUM,10,0,0,0.4795561208262759,-10.41,-6.489,False,Launched,acetylcholine receptor antagonist,endotracheal intubation|muscle relaxant,572.9,6.11,52.6,SLC2A1,-10.41,92.8082191780822,0.928082191780822,0.0,0.75,0.9141924959216966,0.6583617511005834,0.6583617511005834,0.0,0.49377131332543756
CHEMBL4297517,MAVACAMTEN,10,0,0,0.5335192441864002,-7.927,-7.0735,False,Phase 3,myosin inhibitor ,,273.3,2.29,66.9,MAPK14,-7.847,85.29986962190353,0.8529986962190352,0.0,1.0,0.778536615334207,0.6579799707877452,0.6579799707877452,0.0,0.4934849780908089
CHEMBL1201203,BENZTROPINE,10,0,0,0.5568200209098981,-9.347,-7.112500000000001,False,,,,307.4,4.42,12.5,ACVR1,-9.347,89.57723577235772,0.8957723577235772,0.0,0.9,0.7969667318982387,0.6578539528741667,0.6578539528741667,0.0,0.493390464655625
CHEMBL1200383,BENZTROPINE MESYLATE,10,0,0,0.5568200209098981,-9.347,-7.112500000000001,False,,,,307.4,4.42,12.5,ACVR1,-9.347,89.57723577235772,0.8957723577235772,0.0,0.9,0.7969667318982387,0.6578539528741667,0.6578539528741667,0.0,0.493390464655625
CHEMBL1070,NABUMETONE,10,0,0,0.5111076500195382,-8.093,-7.0435,False,Launched,cyclooxygenase inhibitor,rheumatoid arthritis|osteoarthritis,228.3,3.37,26.3,TNIK,-8.093,83.51289585373817,0.8351289585373817,0.0,1.0,0.8242056993121519,0.6576824383117754,0.6576824383117754,0.0,0.49326182873383156
CHEMBL1200666,CALCIPOTRIENE,10,0,0,0.5626222446739461,-9.619,-7.4805,False,,,,412.6,5.09,60.7,AXL,-8.189,91.3708889612504,0.913708889612504,0.0,0.8,0.8797731045932484,0.6574495215339888,0.6574495215339888,0.0,0.4930871411504916
CHEMBL729,LOPINAVIR,10,0,2,0.4120706555398172,-9.56,-8.24,False,Launched,HIV protease inhibitor,human immunodeficiency virus (HIV-1),628.8,4.33,120.0,MAPK14,-8.734,96.9361147327249,0.969361147327249,0.0,0.0,0.778536615334207,0.5045249512310306,0.5045249512310306,0.45815690999132624,0.4929329409211045
CHEMBL1218,RAMELTEON,10,0,0,0.5082403656168549,-7.831,-6.9845,False,Launched,melatonin receptor agonist,insomnia,259.3,2.57,38.3,MAPK14,-7.831,85.07170795306388,0.8507170795306388,0.0,1.0,0.778536615334207,0.6570673241123866,0.6570673241123866,0.0,0.4928004930842899
CHEMBL2105395,OSPEMIFENE,10,0,0,0.5009369514269266,-9.607,-6.782,False,Launched,selective estrogen receptor modulator (SERM),vaginal atrophy|dyspareunia|menopause,378.9,5.65,29.5,SLC2A1,-9.607,84.93150684931507,0.8493150684931507,0.0,0.9,0.9141924959216966,0.6568549017855149,0.6568549017855149,0.0,0.4926411763391362
CHEMBL1164729,FEBUXOSTAT,10,0,0,0.5387037224713126,-8.185,-7.3195,False,Launched,xanthine oxidase inhibitor,hyperuricemia,316.4,3.72,83.2,TNIK,-8.069,83.30068560235063,0.8330068560235062,0.0,1.0,0.8242056993121519,0.6568335973062254,0.6568335973062254,0.0,0.492625197979669
CHEMBL3622821,UPADACITINIB,10,0,0,0.5939696955478008,-9.362,-7.404,False,Launched,JAK inhibitor,,380.4,2.91,78.3,SLC2A1,-9.362,79.89236790606654,0.7989236790606654,0.0,1.0,0.9141924959216966,0.6566983460125208,0.6566983460125208,0.0,0.49252375950939054
CHEMBL5315119,UPADACITINIB HEMIHYDRATE,10,0,0,0.5939696955478008,-9.362,-7.404,False,,,,380.4,2.91,78.3,SLC2A1,-9.362,79.89236790606654,0.7989236790606654,0.0,1.0,0.9141924959216966,0.6566983460125208,0.6566983460125208,0.0,0.49252375950939054
CHEMBL408513,BELINOSTAT,10,0,0,0.5802011529507497,-8.948,-8.089,False,Launched,HDAC inhibitor,peripheral T-cell lymphoma (PTCL),318.4,2.01,95.5,TNIK,-8.821,93.17662422461639,0.9317662422461639,0.0,0.8,0.8242056993121519,0.6563373517952884,0.6563373517952884,0.0,0.4922530138464663
CHEMBL2358147,CARPHENAZINE MALEATE,10,0,0,0.5725520987362898,-9.244,-7.0865,False,,,,425.6,3.88,47.0,ACVR1,-9.01,84.1951219512195,0.8419512195121951,0.0,1.0,0.7969667318982387,0.6563254975896139,0.6563254975896139,0.0,0.49224412319221045
CHEMBL1201328,CARPHENAZINE,10,0,0,0.5725520987362898,-9.244,-7.0865,False,,,,425.6,3.88,47.0,ACVR1,-9.01,84.1951219512195,0.8419512195121951,0.0,1.0,0.7969667318982387,0.6563254975896139,0.6563254975896139,0.0,0.49224412319221045
CHEMBL364713,NOSCAPINE,10,0,0,0.5397317746150015,-9.008,-7.0665,False,Launched,bradykinin receptor antagonist|tubulin polymerization inhibitor,cough suppressant,413.4,2.88,75.7,ACVR1,-9.008,84.11382113821139,0.841138211382114,0.0,1.0,0.7969667318982387,0.6560002943375814,0.6560002943375814,0.0,0.49200022075318606
CHEMBL2106732,NOSCAPINE HYDROCHLORIDE,10,0,0,0.5397317746150015,-9.008,-7.0665,False,,,,413.4,2.88,75.7,ACVR1,-9.008,84.11382113821139,0.841138211382114,0.0,1.0,0.7969667318982387,0.6560002943375814,0.6560002943375814,0.0,0.49200022075318606
CHEMBL1200832,TERBINAFINE HYDROCHLORIDE,10,0,0,0.5657149047366357,-8.657,-7.455500000000001,False,,,,291.4,4.88,3.2,TNIK,-8.426,88.06725432582435,0.8806725432582435,0.0,0.9,0.8242056993121519,0.6558998722001202,0.6558998722001202,0.0,0.49192490415009016
CHEMBL822,TERBINAFINE,10,0,0,0.5657149047366357,-8.657,-7.455500000000001,False,Launched,fungal squalene epoxidase inhibitor,tinea pedis|tinea cruris|tinea corporis,291.4,4.88,3.2,TNIK,-8.426,88.06725432582435,0.8806725432582435,0.0,0.9,0.8242056993121519,0.6558998722001202,0.6558998722001202,0.0,0.49192490415009016
CHEMBL2103736,FENOPROFEN CALCIUM,10,0,0,0.5316263133855721,-8.145,-7.047499999999999,False,,,,241.3,2.33,49.4,TNIK,-8.052,82.99053215801501,0.8299053215801502,0.0,1.0,0.8242056993121519,0.655592983528883,0.655592983528883,0.0,0.4916947376466622
CHEMBL1865134,DIBUNIC ACID,10,0,0,0.5145802314616235,-8.28,-7.157,False,,,,320.5,4.68,54.4,MAPK14,-8.096,89.68383311603651,0.8968383311603652,0.0,0.9,0.778536615334207,0.6555158247642772,0.6555158247642772,0.0,0.4916368685732079
CHEMBL878,METOLAZONE,10,0,0,0.5651914839141241,-9.02,-7.8445,False,Launched,carbonic anhydrase inhibitor,edema|hypertension,365.8,2.71,92.5,MAPK14,-8.488,94.67079530638853,0.9467079530638852,0.0,0.8,0.778536615334207,0.6554636735256851,0.6554636735256851,0.0,0.49159775514426385
CHEMBL1201082,FLUOXETINE HYDROCHLORIDE,10,0,0,0.5567163199038563,-8.473,-7.553,False,,,,309.3,4.44,21.3,TNIK,-8.419,87.92033953640222,0.8792033953640223,0.0,0.9,0.8242056993121519,0.6553122130424317,0.6553122130424317,0.0,0.4914841597818238
CHEMBL4594382,DEURUXOLITINIB PHOSPHATE,10,0,0,0.5789510993402607,-8.879,-7.427,False,,,,314.4,3.47,83.2,MAPK14,-7.805,84.51760104302477,0.8451760104302477,0.0,1.0,0.778536615334207,0.6548508964722302,0.6548508964722302,0.0,0.4911381723541726
CHEMBL1628233,FLUORESCEIN SODIUM,10,0,0,0.5489683748755391,-9.699,-7.705,False,,,,330.3,2.0,93.4,AXL,-8.149,90.71963529794856,0.9071963529794855,0.0,0.8,0.8797731045932484,0.6548445068807814,0.6548445068807814,0.0,0.49113338016058605
CHEMBL1524273,PHTHALYLSULFATHIAZOLE,10,0,0,0.5668845701726045,-8.845,-7.8715,False,Launched,dihydropteroate synthetase inhibitor,dysentry|colitis,403.4,2.89,125.5,TNIK,-8.794,92.78485145282403,0.9278485145282402,0.0,0.8,0.8242056993121519,0.654770260708119,0.654770260708119,0.0,0.4910776955310892
CHEMBL2403108,CERITINIB,10,0,1,0.4594748219892321,-10.71,-8.3525,False,Launched,ALK tyrosine kinase receptor inhibitor,non-small cell lung cancer (NSCLC),558.1,6.36,105.2,SLC2A1,-10.71,95.25440313111547,0.9525440313111546,0.0,0.2,0.9141924959216966,0.5581464869127164,0.5581464869127164,0.2890648263178878,0.49087607176400927
CHEMBL1718,NALOXONE HYDROCHLORIDE,10,0,0,0.5460999270846452,-9.332,-6.9985,False,,,,327.4,1.3,70.0,SLC2A1,-9.332,79.17482061317678,0.7917482061317678,0.0,1.0,0.9141924959216966,0.6538281568409616,0.6538281568409616,0.0,0.4903711176307212
CHEMBL5315056,NALOXONE HYDROCHLORIDE DIHYDRATE,10,0,0,0.5460999270846452,-9.332,-6.9985,False,,,,327.4,1.3,70.0,SLC2A1,-9.332,79.17482061317678,0.7917482061317678,0.0,1.0,0.9141924959216966,0.6538281568409616,0.6538281568409616,0.0,0.4903711176307212
CHEMBL80,NALOXONE,10,0,0,0.5460999270846452,-9.332,-6.9985,False,Launched,opioid receptor antagonist,respiratory depression,327.4,1.3,70.0,SLC2A1,-9.332,79.17482061317678,0.7917482061317678,0.0,1.0,0.9141924959216966,0.6538281568409616,0.6538281568409616,0.0,0.4903711176307212
CHEMBL1109,SULFAPHENAZOLE,10,0,0,0.4982758273107274,-8.671,-6.7705,False,Launched,dihydropteroate synthetase inhibitor,urinary tract infections,314.4,2.26,90.0,TNIK,-8.028,82.46816846229187,0.8246816846229187,0.0,1.0,0.8242056993121519,0.6535035287459903,0.6535035287459903,0.0,0.4901276465594927
CHEMBL1684,BENDROFLUMETHIAZIDE,10,0,0,0.6075667991662452,-9.308,-8.0495,False,Launched,sodium/potassium/chloride transporter inhibitor,hypertension,421.4,1.63,118.4,TNIK,-8.765,92.45837414299706,0.9245837414299706,0.0,0.8,0.8242056993121519,0.6534643514688111,0.6534643514688111,0.0,0.49009826360160835
CHEMBL64894,GENTIAN VIOLET,10,0,0,0.5551877583297348,-9.559,-7.344,False,,,,372.5,4.46,9.5,SLC2A1,-9.559,84.00195694716243,0.8400195694716243,0.0,0.9,0.9141924959216966,0.6531367021769042,0.6531367021769042,0.0,0.4898525266326782
CHEMBL459265,HEXAMETHYL PARAROSANILINE,10,0,0,0.5551877583297348,-9.559,-7.344,False,,,,372.5,4.46,9.5,SLC2A1,-9.559,84.00195694716243,0.8400195694716243,0.0,0.9,0.9141924959216966,0.6531367021769042,0.6531367021769042,0.0,0.4898525266326782
CHEMBL2146146,ATROPINE SULFATE,10,0,0,0.5198074473876748,-8.14,-7.346,False,,,,289.4,1.93,49.8,TNIK,-8.017,82.28860594188704,0.8228860594188704,0.0,1.0,0.8242056993121519,0.652785278664371,0.652785278664371,0.0,0.48958895899827826
CHEMBL517712,ATROPINE,10,0,0,0.5198074473876748,-8.14,-7.346,False,Launched,acetylcholine receptor antagonist,cycloplegia|mydriasis|amblyopia,289.4,1.93,49.8,TNIK,-8.017,82.28860594188704,0.8228860594188704,0.0,1.0,0.8242056993121519,0.652785278664371,0.652785278664371,0.0,0.48958895899827826
CHEMBL1200843,METHYLERGONOVINE MALEATE,10,0,0,0.5939173151186546,-9.212,-7.34,False,,,,339.4,1.92,68.4,ACVR1,-8.951,83.20325203252033,0.8320325203252033,0.0,1.0,0.7969667318982387,0.6523580179148171,0.6523580179148171,0.0,0.4892685134361128
CHEMBL1201356,METHYLERGONOVINE,10,0,0,0.5939173151186546,-9.212,-7.34,False,,,,339.4,1.92,68.4,ACVR1,-8.951,83.20325203252033,0.8320325203252033,0.0,1.0,0.7969667318982387,0.6523580179148171,0.6523580179148171,0.0,0.4892685134361128
CHEMBL4594448,IPTACOPAN,10,0,0,0.5401121043956765,-9.964,-7.329,False,,,,422.5,4.93,74.8,SLC2A1,-9.964,88.7638617090672,0.887638617090672,0.0,0.8,0.9141924959216966,0.6521843212245234,0.6521843212245234,0.0,0.48913824091839253
CHEMBL5095401,IPTACOPAN HYDROCHLORIDE,10,0,0,0.5401121043956765,-9.964,-7.329,False,,,,422.5,4.93,74.8,SLC2A1,-9.964,88.7638617090672,0.887638617090672,0.0,0.8,0.9141924959216966,0.6521843212245234,0.6521843212245234,0.0,0.48913824091839253
CHEMBL1909288,TRIACETYLDIPHENOLISATIN,10,0,0,0.5872515683741159,-8.803,-7.7905,False,,,,443.5,3.76,90.0,MAPK14,-7.763,83.80052151238591,0.8380052151238592,0.0,1.0,0.778536615334207,0.6519825783496747,0.6519825783496747,0.0,0.488986933762256
CHEMBL1480987,CYCLANDELATE,10,0,0,0.560631458588331,-8.341,-7.5235,False,Launched,calcium channel blocker,claudication|arteriosclerosis|Raynaud's disease,276.4,3.48,46.5,TNIK,-7.994,81.97845249755143,0.8197845249755144,0.0,1.0,0.8242056993121519,0.6515446648870286,0.6515446648870286,0.0,0.48865849866527145
CHEMBL557555,CIPROFIBRATE,10,0,0,0.45390277552397257,-7.992,-6.511,False,Launched,PPAR receptor agonist,hyperlipidemia,289.2,3.59,46.5,TNIK,-7.992,81.94580476656871,0.8194580476656871,0.0,1.0,0.8242056993121519,0.6514140739630976,0.6514140739630976,0.0,0.4885605554723232
CHEMBL33,LEVOFLOXACIN ANHYDROUS,10,0,0,0.5647922876901628,-8.972,-7.0585,False,,,,361.4,1.54,75.0,ACVR1,-8.935,82.94308943089432,0.8294308943089432,0.0,1.0,0.7969667318982387,0.6513173675083131,0.6513173675083131,0.0,0.48848802563123483
CHEMBL5315124,LEVOFLOXACIN,10,0,0,0.5647922876901628,-8.972,-7.0585,False,Launched,bacterial DNA gyrase inhibitor,pneumonia|sinusitis|bronchitis|skin infections|prostatitis|urinary tract infections|pyelonephritis|anthrax|plague,361.4,1.54,75.0,ACVR1,-8.935,82.94308943089432,0.8294308943089432,0.0,1.0,0.7969667318982387,0.6513173675083131,0.6513173675083131,0.0,0.48848802563123483
CHEMBL32479,BROTIZOLAM,10,0,0,0.5159090424846777,-9.446,-6.656499999999999,False,,,,393.7,4.4,43.1,ACVR1,-9.246,87.9349593495935,0.879349593495935,0.0,0.9,0.7969667318982387,0.6512848471831099,0.6512848471831099,0.0,0.4884636353873324
CHEMBL465,DRONABINOL,10,0,0,0.5807242061937049,-9.527,-7.446,True,,,,314.5,5.74,29.5,SLC2A1,-9.527,83.44748858447488,0.8344748858447488,0.0,0.9,0.9141924959216966,0.650918828726154,0.650918828726154,0.0,0.4881891215446155
CHEMBL1200845,HALCINONIDE,10,0,0,0.5365543143832519,-8.64,-7.308,False,Launched,glucocorticoid receptor agonist,corticosteroid-responsive dermatoses,455.0,3.89,72.8,AXL,-8.103,89.67762943666558,0.8967762943666558,0.0,0.8,0.8797731045932484,0.6506764834356497,0.6506764834356497,0.0,0.48800736257673727
CHEMBL1170,TESTOSTERONE PROPIONATE,10,0,0,0.5650021237856562,-8.805,-7.215999999999999,False,,,,344.5,4.84,43.4,TNIK,-8.289,86.74502122102514,0.8674502122102514,0.0,0.9,0.8242056993121519,0.6506109397809234,0.6506109397809234,0.0,0.4879582048356926
CHEMBL1230314,ESTETROL ANHYDROUS,10,0,0,0.5854085982385071,-9.839,-7.333,False,,,,304.4,1.55,80.9,ACVR1,-9.609,92.76422764227642,0.9276422764227642,0.0,0.8,0.7969667318982387,0.6506019203538416,0.6506019203538416,0.0,0.4879514402653812
CHEMBL6068423,ESTETROL,10,0,0,0.5854085982385071,-9.839,-7.333,False,Phase 3,selective estrogen receptor modulator (SERM),,304.4,1.55,80.9,ACVR1,-9.609,92.76422764227642,0.9276422764227642,0.0,0.8,0.7969667318982387,0.6506019203538416,0.6506019203538416,0.0,0.4879514402653812
CHEMBL53418,DANTHRON,10,0,0,0.5736255217261361,-8.476,-7.195,False,,,,240.2,1.87,74.6,MAPK14,-7.744,83.44198174706649,0.834419817470665,0.0,1.0,0.778536615334207,0.650548419288397,0.650548419288397,0.0,0.48791131446629776
CHEMBL1364144,METHYLPREDNISOLONE ACETATE,10,0,0,0.5715377663266942,-9.9,-7.711,False,,,,416.5,2.37,100.9,SLC2A1,-9.9,88.33985649054142,0.8833985649054142,0.0,0.8,0.9141924959216966,0.6504883003504203,0.6504883003504203,0.0,0.4878662252628152
CHEMBL569713,SCOPOLAMINE,10,0,0,0.5280295760956061,-8.338,-6.9145,False,Launched,acetylcholine receptor antagonist,motion sickness|vomiting|nausea,303.4,0.92,62.3,TNIK,-7.972,81.68462291870715,0.8168462291870715,0.0,1.0,0.8242056993121519,0.6503693465716514,0.6503693465716514,0.0,0.4877770099287385
CHEMBL2103846,ULIPRISTAL,10,0,0,0.5807712057060745,-9.895,-7.776,False,Launched,progesterone receptor antagonist,contraceptive,433.6,4.97,57.6,SLC2A1,-9.895,88.25831702544032,0.8825831702544032,0.0,0.8,0.9141924959216966,0.6501621424900158,0.6501621424900158,0.0,0.4876216068675119
CHEMBL45,MELATONIN,10,0,0,0.49869552586757615,-7.327,-6.939,False,Launched,melatonin receptor agonist|nitric oxide synthase inhibitor,sleep cycle support,232.3,1.86,54.1,SERPINE1,-7.137,93.78861788617886,0.9378861788617886,0.0,1.0,0.5,0.6501544715447154,0.6501544715447154,0.0,0.48761585365853655
CHEMBL1709,SERTRALINE HYDROCHLORIDE,10,0,0,0.5522983131003025,-8.248,-7.2669999999999995,False,,,,306.2,5.18,12.0,MAPK14,-8.027,88.21707953063886,0.8821707953063885,0.0,0.9,0.778536615334207,0.6496488104226865,0.6496488104226865,0.0,0.4872366078170149
CHEMBL786,TAMOXIFEN CITRATE,10,0,0,0.5074024302380987,-9.501,-6.886,False,,,,371.5,6.0,12.5,SLC2A1,-9.501,83.08871493803001,0.8308871493803001,0.0,0.9,0.9141924959216966,0.6494837341403745,0.6494837341403745,0.0,0.4871128006052809
CHEMBL83,TAMOXIFEN,10,0,0,0.5074024302380987,-9.501,-6.886,False,Launched,estrogen receptor antagonist|selective estrogen receptor modulator (SERM),breast cancer,371.5,6.0,12.5,SLC2A1,-9.501,83.08871493803001,0.8308871493803001,0.0,0.9,0.9141924959216966,0.6494837341403745,0.6494837341403745,0.0,0.4871128006052809
CHEMBL44354,CEFTAZIDIME,10,0,1,0.3320227647413538,-8.507,-6.644,False,Launched,bacterial cell wall synthesis inhibitor,respiratory tract infections|skin infections|bacterial septicemia|bone and joint infections|gynecologic infections|intra-abdominal infections|meningitis,546.6,-1.3,191.2,AXL,-8.507,95.262129599479,0.95262129599479,0.0,0.2,0.8797731045932484,0.5530144840869032,0.5530144840869032,0.2890648263178878,0.4870270696446494
CHEMBL846,CALCITRIOL,10,0,0,0.5520820464260165,-9.323,-7.3695,False,Launched,vitamin D receptor agonist,hypocalcemia|hypoparathyroidism|osteoporosis,416.6,5.7,60.7,AXL,-8.089,89.31943992184956,0.8931943992184956,0.0,0.8,0.8797731045932484,0.6492437253763855,0.6492437253763855,0.0,0.4869327940322892
CHEMBL3707248,VALBENAZINE TOSYLATE,10,0,0,0.5349337788245788,-9.282,-6.774,False,,,,418.6,3.56,74.0,ACVR1,-8.92,82.39024390243902,0.8239024390243902,0.0,1.0,0.7969667318982387,0.6491059853944919,0.6491059853944919,0.0,0.486829489045869
CHEMBL2364639,VALBENAZINE,10,0,0,0.5349337788245788,-9.282,-6.774,False,Launched,vesicular monoamine transporter inhibitor,dyskinesia,418.6,3.56,74.0,ACVR1,-8.92,82.39024390243902,0.8239024390243902,0.0,1.0,0.7969667318982387,0.6491059853944919,0.6491059853944919,0.0,0.486829489045869
CHEMBL650,METHYLPREDNISOLONE,10,0,0,0.5779659369529117,-9.283,-7.5015,False,Launched,glucocorticoid receptor agonist,hypercalcemia|thyroiditis|ankylosing spondylitis|bursitis|osteoarthritis|psoriatic arthritis|seborrheic dermatitis|mycosis|allergic rhinitis|psoriasis|anemia|multiple sclerosis|ulcerative colitis|enteritis,374.5,1.8,94.8,ACVR1,-9.046,84.84552845528455,0.8484552845528455,0.0,0.9500000000000001,0.7969667318982387,0.648927123605874,0.648927123605874,0.0,0.4866953427044055
CHEMBL258918,MESTEROLONE,10,0,0,0.581454016182938,-9.167,-7.2195,False,,,,304.5,4.21,37.3,TNIK,-8.248,86.32060071825009,0.863206007182501,0.0,0.9,0.8242056993121519,0.6489132577698232,0.6489132577698232,0.0,0.48668494332736745
CHEMBL3701238,FUTIBATINIB,10,0,0,0.5816045690693714,-9.866,-7.898,False,Phase 3,FGFR inhibitor,,418.5,1.78,108.4,SLC2A1,-9.866,87.89954337899543,0.8789954337899544,0.0,0.8,0.9141924959216966,0.6487270479042363,0.6487270479042363,0.0,0.48654528592817725
CHEMBL365795,TIAPROFENIC ACID,10,0,0,0.49720633913337925,-7.942,-6.977,False,,,,260.3,3.17,54.4,TNIK,-7.942,81.2602024159321,0.812602024159321,0.0,1.0,0.8242056993121519,0.6486716645605513,0.6486716645605513,0.0,0.48650374842041344
CHEMBL3707395,ELAFIBRANOR,10,0,0,0.5518514727560138,-9.121,-7.5489999999999995,False,Phase 3,PPAR receptor agonist,,384.5,5.16,63.6,MAPK14,-8.006,87.97262059973924,0.8797262059973925,0.0,0.9,0.778536615334207,0.6486709746990882,0.6486709746990882,0.0,0.48650323102431614
CHEMBL261772,MECLOCYCLINE SULFOSALICYLATE,10,0,1,0.4440184015265915,-9.637,-7.609999999999999,False,,,,476.9,0.22,181.6,AXL,-8.485,95.08303484207099,0.9508303484207099,0.0,0.2,0.8797731045932484,0.5522981050572712,0.5522981050572712,0.2890648263178878,0.4864897853724253
CHEMBL831,LOXAPINE,10,0,0,0.5665864347802858,-8.679,-7.013,False,Launched,dopamine receptor antagonist|serotonin receptor antagonist,schizophrenia,327.8,3.77,28.1,ITPKC,-6.43,93.4094616639478,0.9340946166394779,0.0,1.0,0.5,0.6486378466557912,0.6486378466557912,0.0,0.48647838499184337
CHEMBL1201060,LOXAPINE HYDROCHLORIDE,10,0,0,0.5565864347802859,-8.679,-7.013,False,,,,327.8,3.77,28.1,ITPKC,-6.43,93.4094616639478,0.9340946166394779,0.0,1.0,0.5,0.6486378466557912,0.6486378466557912,0.0,0.48647838499184337
CHEMBL1201155,LOXAPINE SUCCINATE,10,0,0,0.5565864347802859,-8.679,-7.013,False,,,,327.8,3.77,28.1,ITPKC,-6.43,93.4094616639478,0.9340946166394779,0.0,1.0,0.5,0.6486378466557912,0.6486378466557912,0.0,0.48647838499184337
CHEMBL3039507,SOTAGLIFLOZIN,10,0,0,0.5890854452707625,-8.912,-7.3475,False,Phase 3,sodium/glucose cotransporter inhibitor,,424.9,3.17,79.2,ACVR1,-8.912,82.24390243902438,0.8224390243902439,0.0,1.0,0.7969667318982387,0.6485206195408334,0.6485206195408334,0.0,0.4863904646556251
CHEMBL4297185,DAROLUTAMIDE,10,0,0,0.5875581161873197,-9.493,-7.922000000000001,False,Launched,androgen receptor antagonist,prostate cancer,398.9,2.67,119.6,TNIK,-8.658,91.20143650016324,0.9120143650016324,0.0,0.8,0.8242056993121519,0.6484366008974758,0.6484366008974758,0.0,0.48632745067310684
CHEMBL1626,CLEMASTINE,10,0,0,0.4956432244245502,-8.686,-6.82,False,Launched,histamine receptor antagonist,allergic rhinitis|urticaria,343.9,5.1,12.5,MAPK14,-7.997,87.89113428943938,0.8789113428943938,0.0,0.9,0.778536615334207,0.6483450294578885,0.6483450294578885,0.0,0.4862587720934164
CHEMBL1200795,CLEMASTINE FUMARATE,10,0,0,0.4956432244245502,-8.686,-6.82,False,,,,343.9,5.1,12.5,MAPK14,-7.997,87.89113428943938,0.8789113428943938,0.0,0.9,0.778536615334207,0.6483450294578885,0.6483450294578885,0.0,0.4862587720934164
CHEMBL53463,DOXORUBICIN,10,0,1,0.4699789000812653,-10.48,-7.785,False,Launched,topoisomerase inhibitor,acute lymphoblastic leukemia (ALL)|acute myeloid leukemia (AML)|Wilm's tumor|breast cancer|ovarian cancer|Hodgkin's lymphoma|bladder cancer|multiple myeloma,543.5,0.0,206.1,SLC2A1,-10.48,93.67253750815394,0.9367253750815394,0.0,0.2,0.9141924959216966,0.5518190244208703,0.5518190244208703,0.2890648263178878,0.4861304748951247
CHEMBL359744,DOXORUBICIN HYDROCHLORIDE,10,0,1,0.4699789000812653,-10.48,-7.785,False,,,,543.5,0.0,206.1,SLC2A1,-10.48,93.67253750815394,0.9367253750815394,0.0,0.2,0.9141924959216966,0.5518190244208703,0.5518190244208703,0.2890648263178878,0.4861304748951247
CHEMBL1186579,METHYLNALTREXONE,10,0,0,0.5422177256703578,-8.863,-6.9945,False,Launched,opioid receptor antagonist,constipation,356.4,1.67,66.8,AXL,-7.581,79.01335070009769,0.7901335070009768,0.0,1.0,0.8797731045932484,0.6480193684893779,0.6480193684893779,0.0,0.48601452636703346
CHEMBL1201770,METHYLNALTREXONE BROMIDE,10,0,0,0.5422177256703578,-8.863,-6.9945,False,,,,356.4,1.67,66.8,AXL,-7.581,79.01335070009769,0.7901335070009768,0.0,1.0,0.8797731045932484,0.6480193684893779,0.6480193684893779,0.0,0.48601452636703346
CHEMBL1201052,MESORIDAZINE BESYLATE,10,0,0,0.5275718110287287,-9.485,-6.9254999999999995,False,,,,386.6,4.9,29.5,SLC2A1,-9.485,82.69732550554468,0.8269732550554468,0.0,0.9,0.9141924959216966,0.6479181764104333,0.6479181764104333,0.0,0.48593863230782497
CHEMBL16476,PRONETALOL,10,0,0,0.5339069377445904,-7.921,-7.2684999999999995,False,,,,229.3,2.87,32.3,SERPINE1,-7.09,93.13821138211382,0.9313821138211382,0.0,1.0,0.5,0.6475528455284553,0.6475528455284553,0.0,0.4856646341463414
CHEMBL1443,NAFCILLIN,10,0,0,0.5455336368031257,-9.844,-7.409,False,Launched,bacterial cell wall synthesis inhibitor,gram-positive bacterial infections,414.5,2.48,95.9,SLC2A1,-9.844,87.573385518591,0.87573385518591,0.0,0.8,0.9141924959216966,0.6474224164626186,0.6474224164626186,0.0,0.4855668123469639
CHEMBL1201148,MEPREDNISONE,10,0,0,0.57751653948465,-9.507,-7.5745000000000005,False,Launched,,,372.5,2.01,91.7,MAPK14,-8.288,92.61734028683182,0.9261734028683182,0.0,0.8,0.778536615334207,0.6472498534474584,0.6472498534474584,0.0,0.48543739008559383
CHEMBL761,NAPHAZOLINE,10,0,0,0.526048799789756,-7.919,-6.967499999999999,False,Launched,adrenergic receptor agonist,eye irritation,210.3,2.38,24.4,TNIK,-7.919,80.8521057786484,0.808521057786484,0.0,1.0,0.8242056993121519,0.6470392780114165,0.6470392780114165,0.0,0.48527945850856236
CHEMBL1706,NAPHAZOLINE HYDROCHLORIDE,10,0,0,0.516048799789756,-7.919,-6.967499999999999,False,,,,210.3,2.38,24.4,TNIK,-7.919,80.8521057786484,0.808521057786484,0.0,1.0,0.8242056993121519,0.6470392780114165,0.6470392780114165,0.0,0.48527945850856236
CHEMBL4303214,FRUQUINTINIB,10,0,0,0.5839603355451514,-9.606,-7.8505,False,Launched,VEGFR inhibitor,colorectal cancer,393.4,3.85,95.7,TNIK,-8.622,90.82598759386222,0.9082598759386222,0.0,0.8,0.8242056993121519,0.6469348052722718,0.6469348052722718,0.0,0.4852011039542038
CHEMBL1200370,BENZOYL PEROXIDE,10,0,0,0.5042494391632771,-8.138,-6.8665,False,,,,242.2,2.62,52.6,TNIK,-7.911,80.80313418217435,0.8080313418217435,0.0,1.0,0.8242056993121519,0.6468433916255203,0.6468433916255203,0.0,0.4851325437191402
CHEMBL1276308,MIFEPRISTONE,10,0,0,0.5521964175434839,-9.824,-7.5005,False,Launched,glucocorticoid receptor antagonist|progesterone receptor antagonist,hyperglycemia|diabetes mellitus,429.6,5.41,40.5,SLC2A1,-9.824,87.37769080234834,0.8737769080234834,0.0,0.8,0.9141924959216966,0.6466396375976479,0.6466396375976479,0.0,0.48497972819823587
CHEMBL2105611,TACALCITOL,10,0,0,0.5749330703344859,-9.707,-7.611000000000001,False,Launched,vitamin D receptor agonist,psoriasis|chapped lips,416.6,5.56,60.7,AXL,-8.052,88.6681862585477,0.8866818625854771,0.0,0.8,0.8797731045932484,0.6466387107231781,0.6466387107231781,0.0,0.4849790330423836
CHEMBL294199,CAPSAICIN,10,0,0,0.5235493549966995,-7.574,-6.753500000000001,True,Launched,TRPV agonist,muscle pain|rheumatoid arthritis,305.4,3.79,58.6,TNIK,-7.333,68.18478615736207,0.6818478615736207,0.2,1.0,0.8242056993121519,0.646369999526271,0.646369999526271,0.0,0.4847774996447033
CHEMBL2338329,ROXADUSTAT,10,0,0,0.5890519651621766,-9.418,-7.71,False,,,,352.3,2.86,108.8,TNIK,-8.602,90.66274893894874,0.9066274893894873,0.0,0.8,0.8242056993121519,0.6462818506526178,0.6462818506526178,0.0,0.48471138798946334
CHEMBL1185568,DITHIAZANINE,10,0,0,0.5926813956897565,-9.368,-7.4605,False,,,,391.6,6.25,7.1,ACVR1,-9.159,86.6829268292683,0.8668292682926829,0.0,0.9,0.7969667318982387,0.646276717101809,0.646276717101809,0.0,0.4847075378263568
CHEMBL982,NALMEFENE,10,0,0,0.5581316322085135,-8.364,-7.038,True,Launched,opioid receptor antagonist,respiratory depression,339.4,2.51,52.9,AXL,-7.563,78.57375447736894,0.7857375447736894,0.0,1.0,0.8797731045932484,0.6462609835984631,0.6462609835984631,0.0,0.48469573769884733
CHEMBL1201152,NALMEFENE HYDROCHLORIDE,10,0,0,0.5581316322085135,-8.364,-7.038,False,,,,339.4,2.51,52.9,AXL,-7.563,78.57375447736894,0.7857375447736894,0.0,1.0,0.8797731045932484,0.6462609835984631,0.6462609835984631,0.0,0.48469573769884733
CHEMBL5315055,NALMEFENE HYDROCHLORIDE DIHYDRATE,10,0,0,0.5581316322085135,-8.364,-7.038,False,,,,339.4,2.51,52.9,AXL,-7.563,78.57375447736894,0.7857375447736894,0.0,1.0,0.8797731045932484,0.6462609835984631,0.6462609835984631,0.0,0.48469573769884733
CHEMBL843,ROSIGLITAZONE MALEATE,10,0,0,0.5018665381065388,-8.306,-6.9135,False,,,,357.4,2.49,71.5,TNIK,-7.9,80.6562193927522,0.806562193927522,0.0,1.0,0.8242056993121519,0.6462557324678316,0.6462557324678316,0.0,0.4846917993508737
CHEMBL121,ROSIGLITAZONE,10,0,0,0.5018665381065388,-8.306,-6.9135,False,Withdrawn,insulin sensitizer|PPAR receptor agonist,,357.4,2.49,71.5,TNIK,-7.9,80.6562193927522,0.806562193927522,0.0,1.0,0.8242056993121519,0.6462557324678316,0.6462557324678316,0.0,0.4846917993508737
CHEMBL1874750,CINEPAZIDE,10,0,0,0.5509304862595424,-9.258,-7.1635,False,Withdrawn,calcium channel activator,,417.5,1.49,71.6,SLC2A1,-9.258,77.23418134377039,0.7723418134377039,0.0,1.0,0.9141924959216966,0.6460655997633361,0.6460655997633361,0.0,0.4845491998225021
CHEMBL1200981,EPIRUBICIN HYDROCHLORIDE,10,1,1,0.46438099778501074,-10.07,-8.091000000000001,False,,,,543.5,0.0,206.1,AXL,-8.41,94.38293715402149,0.943829371540215,0.0,0.2,0.8797731045932484,0.5494977143050732,0.5494977143050732,0.2890648263178878,0.4843894923082769
CHEMBL417,EPIRUBICIN,10,1,1,0.46438099778501074,-10.07,-8.091000000000001,False,Launched,topoisomerase inhibitor,breast cancer,543.5,0.0,206.1,AXL,-8.41,94.38293715402149,0.943829371540215,0.0,0.2,0.8797731045932484,0.5494977143050732,0.5494977143050732,0.2890648263178878,0.4843894923082769
CHEMBL3833311,DEXTROMORAMIDE TARTRATE,10,0,0,0.5169018949573285,-8.114,-7.0825,False,,,,392.5,3.71,32.8,AXL,-7.556,78.44350374470856,0.7844350374470856,0.0,1.0,0.8797731045932484,0.6457399806678216,0.6457399806678216,0.0,0.4843049855008662
CHEMBL3833389,DEXTROMORAMIDE,10,0,0,0.5169018949573285,-8.114,-7.0825,False,,,,392.5,3.71,32.8,AXL,-7.556,78.44350374470856,0.7844350374470856,0.0,1.0,0.8797731045932484,0.6457399806678216,0.6457399806678216,0.0,0.4843049855008662
CHEMBL2396661,ALPELISIB,10,0,0,0.5610488704835065,-9.759,-8.317,False,Launched,PI3K inhibitor,breast cancer,441.5,3.84,101.2,MAPK14,-8.262,92.20990873533246,0.9220990873533246,0.0,0.8,0.778536615334207,0.645620127241461,0.645620127241461,0.0,0.48421509543109575
CHEMBL502182,ELAGOLIX SODIUM,10,0,1,0.43721971905561335,-10.42,-7.3095,False,,,,630.6,4.2,105.4,SLC2A1,-10.42,92.98760600130464,0.9298760600130465,0.0,0.2,0.9141924959216966,0.5490792983934731,0.5490792983934731,0.2890648263178878,0.4840756803745768
CHEMBL3137326,DEUTETRABENAZINE,10,0,0,0.514211465696876,-8.393,-6.6345,False,,,,323.5,3.24,38.8,TNIK,-7.888,80.41136141038197,0.8041136141038198,0.0,1.0,0.8242056993121519,0.6452763005383507,0.6452763005383507,0.0,0.48395722540376307
CHEMBL1200623,ETHYLESTRENOL,10,0,0,0.5515963246945426,-8.7,-7.395,False,,,,288.5,5.09,20.2,AXL,-7.766,83.2627808531423,0.832627808531423,0.0,0.9,0.8797731045932484,0.6450170891015565,0.6450170891015565,0.0,0.4837628168261674
CHEMBL1618018,HOMATROPINE,10,0,0,0.534854055768324,-7.845,-7.169499999999999,False,Launched,acetylcholine receptor antagonist,uveal tract inflammation|pupil dilation,275.3,1.89,49.8,SERPINE1,-7.021,92.47154471544715,0.9247154471544715,0.0,1.0,0.5,0.6448861788617886,0.6448861788617886,0.0,0.4836646341463414
CHEMBL1319362,HOMATROPINE HYDROBROMIDE,10,0,0,0.534854055768324,-7.845,-7.169499999999999,False,,,,275.3,1.89,49.8,SERPINE1,-7.021,92.47154471544715,0.9247154471544715,0.0,1.0,0.5,0.6448861788617886,0.6448861788617886,0.0,0.4836646341463414
CHEMBL21869,DIBROMSALAN,10,0,0,0.5436447316967539,-8.187,-7.5649999999999995,False,,,,371.0,4.17,49.3,TNIK,-8.187,85.27587332680379,0.8527587332680379,0.0,0.9,0.8242056993121519,0.644734348204038,0.644734348204038,0.0,0.4835507611530285
CHEMBL1076903,VARENICLINE,10,0,0,0.5199127407500146,-7.894,-7.291499999999999,False,Launched,acetylcholine receptor agonist,smoking cessation,211.3,1.8,37.8,MAPK14,-7.676,81.92633637548892,0.8192633637548892,0.0,1.0,0.778536615334207,0.6444858378020868,0.6444858378020868,0.0,0.4833643783515651
CHEMBL6067972,VARENICLINE TARTRATE,10,0,0,0.5199127407500146,-7.894,-7.291499999999999,False,,,,211.3,1.8,37.8,MAPK14,-7.676,81.92633637548892,0.8192633637548892,0.0,1.0,0.778536615334207,0.6444858378020868,0.6444858378020868,0.0,0.4833643783515651
CHEMBL1533,DESOGESTREL,10,0,0,0.5424432181813528,-8.994,-6.8835,False,Launched,progesterone receptor agonist,contraceptive,310.5,4.87,20.2,AXL,-7.755,83.0185607294041,0.830185607294041,0.0,0.9,0.8797731045932484,0.6440402086066037,0.6440402086066037,0.0,0.4830301564549528
CHEMBL654,MIRTAZAPINE,10,0,0,0.5740244706100361,-9.105,-7.073,False,Launched,adrenergic receptor antagonist|serotonin receptor antagonist,depression,265.4,2.48,19.4,SERPINE1,-6.994,92.22764227642276,0.9222764227642276,0.0,1.0,0.5,0.643910569105691,0.643910569105691,0.0,0.48293292682926825
CHEMBL1728,LOMEFLOXACIN HYDROCHLORIDE,10,0,0,0.5637923664782492,-9.206,-7.0855,False,,,,351.4,1.8,74.6,ACVR1,-8.87,81.08943089430895,0.8108943089430894,0.0,1.0,0.7969667318982387,0.6439027333619717,0.6439027333619717,0.0,0.48292705002147873
CHEMBL561,LOMEFLOXACIN,10,0,0,0.5637923664782492,-9.206,-7.0855,False,Launched,bacterial DNA gyrase inhibitor,respiratory tract infections|urinary tract infections,351.4,1.8,74.6,ACVR1,-8.87,81.08943089430895,0.8108943089430894,0.0,1.0,0.7969667318982387,0.6439027333619717,0.6439027333619717,0.0,0.48292705002147873
CHEMBL2338675,FOSDENOPTERIN,10,0,1,0.46421642033650407,-9.422,-7.407,False,,,,363.2,-2.52,201.3,ITPKC,-6.9,98.05872756933115,0.9805872756933115,0.0,0.4,0.5,0.5472349102773246,0.5472349102773246,0.2890648263178878,0.48269238928746544
CHEMBL4594300,FOSDENOPTERIN HYDROBROMIDE,10,0,1,0.46421642033650407,-9.422,-7.407,False,,,,363.2,-2.52,201.3,ITPKC,-6.9,98.05872756933115,0.9805872756933115,0.0,0.4,0.5,0.5472349102773246,0.5472349102773246,0.2890648263178878,0.48269238928746544
CHEMBL1476022,NOMEGESTROL ACETATE,10,0,0,0.5371655628211935,-8.764,-7.2575,False,,,,370.5,4.19,60.4,AXL,-7.748,82.88830999674374,0.8288830999674375,0.0,0.9,0.8797731045932484,0.6435192056759622,0.6435192056759622,0.0,0.48263940425697166
CHEMBL1256391,PIRFENIDONE,10,0,0,0.46251356973962876,-7.857,-6.51,False,Launched,TGF beta receptor inhibitor,idiopathic pulmonary fibrosis (IPF),185.2,2.15,22.0,TNIK,-7.857,79.90532158015017,0.7990532158015017,0.0,1.0,0.8242056993121519,0.6432521412174235,0.6432521412174235,0.0,0.4824391059130676
CHEMBL175,DEXIBUPROFEN,10,0,0,0.4834558988341763,-7.857,-6.749499999999999,False,,,,206.3,3.07,37.3,TNIK,-7.857,79.90532158015017,0.7990532158015017,0.0,1.0,0.8242056993121519,0.6432521412174235,0.6432521412174235,0.0,0.4824391059130676
CHEMBL61593,CYCLOTHIAZIDE,10,0,0,0.5491815028974237,-9.165,-7.7835,False,Launched,glutamate receptor modulator,hypertension,389.9,1.23,118.4,MAPK14,-8.24,91.60691003911343,0.9160691003911343,0.0,0.8,0.778536615334207,0.6432081324565848,0.6432081324565848,0.0,0.4824060993424386
CHEMBL6068340,PRASUGREL BESYLATE,10,0,0,0.5542787561526155,-9.208,-7.0915,False,,,,373.4,3.89,46.6,SLC2A1,-9.208,76.48401826484019,0.7648401826484019,0.0,1.0,0.9141924959216966,0.6430649474476152,0.6430649474476152,0.0,0.4822987105857114
CHEMBL1201772,PRASUGREL,10,0,0,0.5542787561526155,-9.208,-7.0915,False,Launched,purinergic receptor antagonist,myocardial infarction|acute coronary syndrome (ACS),373.4,3.89,46.6,SLC2A1,-9.208,76.48401826484019,0.7648401826484019,0.0,1.0,0.9141924959216966,0.6430649474476152,0.6430649474476152,0.0,0.4822987105857114
CHEMBL1201773,PRASUGREL HYDROCHLORIDE,10,0,0,0.5542787561526155,-9.208,-7.0915,False,,,,373.4,3.89,46.6,SLC2A1,-9.208,76.48401826484019,0.7648401826484019,0.0,1.0,0.9141924959216966,0.6430649474476152,0.6430649474476152,0.0,0.4822987105857114
CHEMBL1200328,DULOXETINE HYDROCHLORIDE,10,0,0,0.48577202923990803,-8.167,-6.5205,False,,,,297.4,4.63,21.3,TNIK,-8.167,84.83512895853738,0.8483512895853739,0.0,0.9,0.8242056993121519,0.6429713707309724,0.6429713707309724,0.0,0.48222852804822935
CHEMBL3707393,OSILODROSTAT PHOSPHATE,10,0,0,0.5089544605311982,-7.894,-6.855499999999999,False,,,,227.2,2.43,41.6,TNIK,-7.853,79.77473065621939,0.797747306562194,0.0,1.0,0.8242056993121519,0.6427297775217005,0.6427297775217005,0.0,0.48204733314127535
CHEMBL3099695,OSILODROSTAT,10,0,0,0.5089544605311982,-7.894,-6.855499999999999,False,Launched,cytochrome P450 inhibitor,,227.2,2.43,41.6,TNIK,-7.853,79.77473065621939,0.797747306562194,0.0,1.0,0.8242056993121519,0.6427297775217005,0.6427297775217005,0.0,0.48204733314127535
CHEMBL1201864,DIENOGEST,10,0,0,0.5860995905289611,-8.537,-7.3285,False,Launched,progesterone receptor agonist,contraceptive|endometriosis,311.4,3.84,61.1,TNIK,-7.846,79.57884427032322,0.7957884427032321,0.0,1.0,0.8242056993121519,0.6419462319781157,0.6419462319781157,0.0,0.4814596739835868
CHEMBL1079604,METAXALONE,10,0,0,0.536301125802342,-7.291,-6.666,False,Launched,muscle relaxant,muscle pain,221.3,1.79,47.6,TNIK,-7.291,67.07476330395038,0.6707476330395038,0.2,1.0,0.8242056993121519,0.6419299081126244,0.6419299081126244,0.0,0.4814474310844683
CHEMBL9967,PIRENZEPINE,10,0,0,0.5767875162598243,-9.094,-7.2515,False,Launched,acetylcholine receptor antagonist,peptic ulcer disease (PUD),351.4,1.56,68.8,ACVR1,-8.853,80.5691056910569,0.8056910569105691,0.0,1.0,0.7969667318982387,0.6418214325489634,0.6418214325489634,0.0,0.4813660744117225
CHEMBL1531864,PIRENZEPINE HYDROCHLORIDE,10,0,0,0.5767875162598243,-9.094,-7.2515,False,,,,351.4,1.56,68.8,ACVR1,-8.853,80.5691056910569,0.8056910569105691,0.0,1.0,0.7969667318982387,0.6418214325489634,0.6418214325489634,0.0,0.4813660744117225
CHEMBL1521,ZALEPLON,10,0,0,0.5619997689504709,-8.61,-7.026,False,,,,305.3,2.64,74.3,MAPK14,-7.647,81.25814863103,0.8125814863102999,0.0,1.0,0.778536615334207,0.6418130868242511,0.6418130868242511,0.0,0.4813598151181883
CHEMBL717,MEDROXYPROGESTERONE ACETATE,10,0,0,0.5380893453041694,-8.986,-7.3614999999999995,False,,,,386.5,4.66,60.4,AXL,-7.725,82.4161510908499,0.824161510908499,0.0,0.9,0.8797731045932484,0.6416305700523869,0.6416305700523869,0.0,0.4812229275392902
CHEMBL128,SUMATRIPTAN,10,0,0,0.5165115906105562,-7.287,-6.3255,True,Launched,serotonin receptor agonist,migraine headache,295.4,1.32,65.2,TNIK,-7.287,66.99314397649363,0.6699314397649363,0.2,1.0,0.8242056993121519,0.6416034308027974,0.6416034308027974,0.0,0.481202573102098
CHEMBL1201141,IBUPROFEN LYSINE,10,0,0,0.4787576470650447,-7.832,-6.679,False,,,,206.3,3.07,37.3,TNIK,-7.832,79.44825334639243,0.7944825334639244,0.0,1.0,0.8242056993121519,0.6414238682823925,0.6414238682823925,0.0,0.4810679012117944
CHEMBL480,LANSOPRAZOLE,10,0,0,0.5673725081746769,-8.748,-7.4735,False,Launched,ATPase inhibitor,heartburn,369.4,3.52,73.9,MAPK14,-7.641,81.14406779661016,0.8114406779661016,0.0,1.0,0.778536615334207,0.6413567634865718,0.6413567634865718,0.0,0.48101757261492883
CHEMBL1213251,CLOBENZOREX,10,0,0,0.4884226419568295,-8.222,-6.925000000000001,False,,,,259.8,4.06,12.0,MAPK14,-7.893,86.11473272490223,0.8611473272490222,0.0,0.9,0.778536615334207,0.64123942319974,0.64123942319974,0.0,0.480929567399805
CHEMBL1766,DESOXIMETASONE,10,0,0,0.5846220786156249,-8.85,-7.253500000000001,False,Launched,glucocorticoid receptor agonist,corticosteroid-responsive dermatoses,376.5,2.78,74.6,ACVR1,-8.85,80.40650406504065,0.8040650406504065,0.0,1.0,0.7969667318982387,0.6411710260448985,0.6411710260448985,0.0,0.48087826953367385
CHEMBL3181947,BROMFENAC SODIUM,10,0,0,0.526498095364736,-8.356,-7.2735,False,,,,333.2,1.55,83.2,TNIK,-7.829,79.33398628795298,0.7933398628795298,0.0,1.0,0.8242056993121519,0.6409668000486348,0.6409668000486348,0.0,0.4807251000364761
CHEMBL11662,OZAGREL,10,0,0,0.45698337013483165,-7.825,-6.2605,False,Launched,thromboxane synthase inhibitor,stroke,228.3,2.03,55.1,TNIK,-7.825,79.3013385569703,0.7930133855697029,0.0,1.0,0.8242056993121519,0.640836209124704,0.640836209124704,0.0,0.48062715684352797
CHEMBL384467,DEXAMETHASONE,10,0,0,0.5662614437758372,-8.875,-7.2065,True,Launched,glucocorticoid receptor agonist,hypercalcemia|rheumatoid arthritis|psoriatic arthritis|osteoarthritis|allergic rhinitis|ulcerative colitis|anemia|multiple sclerosis|enteritis|lupus|dermatitis herpetiformis (DH)|nephrotic syndrome|psoriasis,392.5,1.9,94.8,AXL,-7.601,79.71344838814719,0.7971344838814719,0.0,0.9500000000000001,0.8797731045932484,0.6408197592415761,0.6408197592415761,0.0,0.48061481943118206
CHEMBL3186492,ONDANSETRON HYDROCHLORIDE,10,0,0,0.5500474350040341,-8.675,-7.095,False,,,,293.4,3.13,39.8,AXL,-7.521,77.18984044285249,0.7718984044285249,0.0,1.0,0.8797731045932484,0.6407253274603971,0.6407253274603971,0.0,0.4805439955952978
CHEMBL46,ONDANSETRON,10,0,0,0.5500474350040341,-8.675,-7.095,False,Launched,serotonin receptor antagonist,nausea|vomiting,293.4,3.13,39.8,AXL,-7.521,77.18984044285249,0.7718984044285249,0.0,1.0,0.8797731045932484,0.6407253274603971,0.6407253274603971,0.0,0.4805439955952978
CHEMBL2220442,FLUVASTATIN,10,0,0,0.5357565177850943,-9.422,-7.034000000000001,False,Launched,HMGCR inhibitor,hypercholesterolemia|congenital heart defects,411.5,4.63,82.7,ACVR1,-9.422,90.27642276422763,0.9027642276422764,0.0,0.8,0.7969667318982387,0.6406507008416464,0.6406507008416464,0.0,0.4804880256312348
CHEMBL313972,MASOPROCOL,10,0,0,0.54588710251147,-9.215,-7.379,False,Launched,lipoxygenase inhibitor,actinic keratosis (AK),302.4,3.57,80.9,TNIK,-8.471,89.22624877571009,0.8922624877571009,0.0,0.8,0.8242056993121519,0.6405358499996632,0.6405358499996632,0.0,0.4804018874997474
CHEMBL2103795,AZILSARTAN KAMEDOXOMIL,10,0,1,0.4726184762679365,-10.18,-7.5285,False,,,,567.5,4.33,153.9,AXL,-8.302,92.99902311950504,0.9299902311950504,0.0,0.2,0.8797731045932484,0.5439620581670074,0.5439620581670074,0.2890648263178878,0.48023775020472753
CHEMBL3643413,LENIOLISIB,10,0,0,0.6017078242255731,-9.595,-8.093,False,Phase 2/Phase 3,PI3K inhibitor,,450.5,2.88,83.5,TNIK,-8.468,89.1609533137447,0.891609533137447,0.0,0.8,0.8242056993121519,0.6402746681518017,0.6402746681518017,0.0,0.48020600111385126
CHEMBL3989909,LENIOLISIB PHOSPHATE,10,0,0,0.6017078242255731,-9.595,-8.093,False,,,,450.5,2.88,83.5,TNIK,-8.468,89.1609533137447,0.891609533137447,0.0,0.8,0.8242056993121519,0.6402746681518017,0.6402746681518017,0.0,0.48020600111385126
CHEMBL2107360,PALIPERIDONE PALMITATE,10,0,1,0.3644084323014258,-9.054,-7.1245,False,,,,664.9,9.11,90.5,TNIK,-9.054,95.07019262161279,0.9507019262161279,0.0,0.2,0.8242056993121519,0.543911625383274,0.543911625383274,0.2890648263178878,0.4801999256169274
CHEMBL1724,MEPENZOLATE BROMIDE,10,0,0,0.5672383985926606,-8.839,-7.1739999999999995,False,,,,340.4,2.7,46.5,ACVR1,-8.839,80.17886178861788,0.8017886178861788,0.0,1.0,0.7969667318982387,0.6402604569392073,0.6402604569392073,0.0,0.48019534270440545
CHEMBL524004,MEPENZOLATE,10,0,0,0.5672383985926606,-8.839,-7.1739999999999995,False,Launched,acetylcholine receptor antagonist,peptic ulcer disease (PUD),340.4,2.7,46.5,ACVR1,-8.839,80.17886178861788,0.8017886178861788,0.0,1.0,0.7969667318982387,0.6402604569392073,0.6402604569392073,0.0,0.48019534270440545
CHEMBL43,AMSACRINE,10,0,0,0.5829437570465628,-9.654,-7.619,False,Launched,topoisomerase inhibitor,acute lymphoblastic leukemia (ALL),393.5,4.51,80.3,SLC2A1,-9.654,85.7795172863666,0.857795172863666,0.0,0.8,0.9141924959216966,0.6402469435337209,0.6402469435337209,0.0,0.4801852076502907
CHEMBL1200799,TRAVOPROST,10,0,1,0.39622010196743107,-8.99,-7.385,False,Launched,prostanoid receptor agonist,ocular hypertension|glaucoma,500.6,4.43,96.2,MAPK14,-8.704,96.77314211212517,0.9677314211212518,0.0,0.2,0.778536615334207,0.5438730607486317,0.5438730607486317,0.2890648263178878,0.48017100214094577
CHEMBL385517,SAXAGLIPTIN ANHYDROUS,10,0,0,0.4721984732446307,-8.18,-6.6035,False,,,,315.4,1.16,90.4,MAPK14,-8.18,90.79204693611473,0.9079204693611473,0.0,0.8,0.778536615334207,0.6399486800445899,0.6399486800445899,0.0,0.47996151003344245
CHEMBL1201743,SAXAGLIPTIN HYDROCHLORIDE,10,0,0,0.4721984732446307,-8.18,-6.6035,False,,,,315.4,1.16,90.4,MAPK14,-8.18,90.79204693611473,0.9079204693611473,0.0,0.8,0.778536615334207,0.6399486800445899,0.6399486800445899,0.0,0.47996151003344245
CHEMBL395110,MEPAZINE,10,0,0,0.5045020291658986,-9.059,-6.8535,False,Phase 2,MALT1 inhibitor (JH),,310.5,4.63,6.5,ACVR1,-9.059,85.08943089430895,0.8508943089430895,0.0,0.9,0.7969667318982387,0.6399027333619717,0.6399027333619717,0.0,0.47992705002147873
CHEMBL1712842,MEPAZINE ACETATE,10,0,0,0.5045020291658986,-9.059,-6.8535,False,,,,310.5,4.63,6.5,ACVR1,-9.059,85.08943089430895,0.8508943089430895,0.0,0.9,0.7969667318982387,0.6399027333619717,0.6399027333619717,0.0,0.47992705002147873
CHEMBL1200542,DESOXYCORTICOSTERONE ACETATE,10,0,0,0.5636278751468733,-8.962,-7.4045,False,,,,372.5,4.27,60.4,AXL,-7.703,81.94399218495604,0.8194399218495605,0.0,0.9,0.8797731045932484,0.6397419344288114,0.6397419344288114,0.0,0.47980645082160855
CHEMBL1200342,PARAMETHASONE ACETATE,10,0,0,0.5635584751846631,-9.647,-7.439,False,,,,434.5,2.32,100.9,SLC2A1,-9.647,85.64905414220483,0.8564905414220483,0.0,0.8,0.9141924959216966,0.6397250909570739,0.6397250909570739,0.0,0.4797938182178054
CHEMBL416146,ETORICOXIB,10,0,0,0.5281241577386926,-8.696,-7.2965,False,Launched,cyclooxygenase inhibitor,rheumatoid arthritis|psoriatic arthritis|osteoarthritis|gout|ankylosing spondylitis,358.9,4.18,59.9,AXL,-7.698,81.8951481602084,0.818951481602084,0.0,0.9,0.8797731045932484,0.6395465583298209,0.6395465583298209,0.0,0.4796599187473657
CHEMBL1492,DIPHENYLPYRALINE,10,0,0,0.5488869284532183,-8.829,-7.041,False,Launched,dopamine reuptake inhibitor,allergic rhinitis,281.4,3.89,12.5,ACVR1,-8.829,79.95121951219512,0.7995121951219513,0.0,1.0,0.7969667318982387,0.6393498878335163,0.6393498878335163,0.0,0.47951241587513727
CHEMBL1564,DIPHENYLPYRALINE HYDROCHLORIDE,10,0,0,0.5488869284532183,-8.829,-7.041,False,,,,281.4,3.89,12.5,ACVR1,-8.829,79.95121951219512,0.7995121951219513,0.0,1.0,0.7969667318982387,0.6393498878335163,0.6393498878335163,0.0,0.47951241587513727
CHEMBL2106825,MEDROGESTONE,10,0,0,0.5923983506915094,-9.641,-7.8575,False,,,,340.5,5.28,34.1,ADRA2A,-9.641,94.78827361563518,0.9478827361563518,0.0,0.9,0.5324652394614875,0.6390228803817639,0.6390228803817639,0.0,0.47926716028632294
CHEMBL2028661,AZILSARTAN MEDOXOMIL,10,0,1,0.43972058020647653,-10.23,-7.6555,False,,,,568.5,4.71,155.6,SLC2A1,-10.23,91.34050880626224,0.9134050880626223,0.0,0.2,0.9141924959216966,0.5424909096133035,0.5424909096133035,0.2890648263178878,0.4791343887894496
CHEMBL1908370,FINAFLOXACIN,10,0,0,0.5633503395700316,-9.632,-7.417,False,Launched,bacterial DNA gyrase inhibitor,intra-abdominal infections|chronic obstructive pulmonary disease (COPD)|cystic fibrosis,398.4,1.22,107.6,SLC2A1,-9.632,85.42074363992172,0.8542074363992173,0.0,0.8,0.9141924959216966,0.6388118489479414,0.6388118489479414,0.0,0.4791088867109561
CHEMBL15770,SULINDAC,10,0,0,0.5630161020612268,-8.948,-7.2675,False,Launched,cyclooxygenase inhibitor,osteoarthritis|rheumatoid arthritis|ankylosing spondylitis,356.4,4.37,60.4,AXL,-7.687,81.69977206121784,0.8169977206121785,0.0,0.9,0.8797731045932484,0.6387650539338586,0.6387650539338586,0.0,0.479073790450394
CHEMBL1303,ROTIGOTINE,10,0,0,0.5368831797674349,-8.375,-7.045,False,Launched,dopamine receptor agonist,Parkinson's Disease|restless leg syndrome,315.5,4.27,23.5,TNIK,-7.799,78.77897486124714,0.7877897486124713,0.0,1.0,0.8242056993121519,0.6387467543418113,0.6387467543418113,0.0,0.47906006575635846
CHEMBL1077,BROMFENAC,10,0,0,0.5566709793460769,-8.092,-7.0515,False,Withdrawn,cyclooxygenase inhibitor,,334.2,2.89,80.4,TNIK,-7.797,78.74632713026445,0.7874632713026445,0.0,1.0,0.8242056993121519,0.6386161634178806,0.6386161634178806,0.0,0.4789621225634105
CHEMBL1201139,MEGESTROL ACETATE,10,0,0,0.5611209418558092,-9.046,-7.5280000000000005,False,,,,384.5,4.58,60.4,AXL,-7.685,81.61836535330511,0.8161836535330511,0.0,0.9,0.8797731045932484,0.6384394271022077,0.6384394271022077,0.0,0.47882957032665574
CHEMBL3544906,BENZPHETAMINE HYDROCHLORIDE,10,0,0,0.455984069572186,-7.792,-6.4375,False,,,,239.4,3.75,3.2,TNIK,-7.792,78.66470780280771,0.7866470780280771,0.0,1.0,0.8242056993121519,0.6382896861080536,0.6382896861080536,0.0,0.4787172645810402
CHEMBL3545985,BENZPHETAMINE,10,0,0,0.455984069572186,-7.792,-6.4375,False,,,,239.4,3.75,3.2,TNIK,-7.792,78.66470780280771,0.7866470780280771,0.0,1.0,0.8242056993121519,0.6382896861080536,0.6382896861080536,0.0,0.4787172645810402
CHEMBL1086440,TRICLABENDAZOLE,10,0,0,0.5011203577518475,-8.095,-7.24,False,Launched,microtubule inhibitor,tapeworm,359.7,6.04,37.9,TNIK,-8.095,83.57819131570355,0.8357819131570355,0.0,0.9,0.8242056993121519,0.637943620159637,0.637943620159637,0.0,0.4784577151197278
CHEMBL2105749,SAMIDORPHAN L-MALATE,10,0,0,0.5599668104994484,-8.868,-7.5935,False,,,,370.4,1.25,103.9,AXL,-7.938,86.47020514490394,0.8647020514490394,0.0,0.8,0.8797731045932484,0.637846786268603,0.637846786268603,0.0,0.47838508970145227
CHEMBL426084,SAMIDORPHAN,10,0,0,0.5599668104994484,-8.868,-7.5935,False,,,,370.4,1.25,103.9,AXL,-7.938,86.47020514490394,0.8647020514490394,0.0,0.8,0.8797731045932484,0.637846786268603,0.637846786268603,0.0,0.47838508970145227
CHEMBL421701,DITHIAZANINE IODIDE,10,0,0,0.5562173584643101,-9.128,-7.427,False,,,,391.6,6.25,7.1,ACVR1,-9.036,84.5691056910569,0.845691056910569,0.0,0.9,0.7969667318982387,0.6378214325489635,0.6378214325489635,0.0,0.47836607441172263
CHEMBL3989408,IBUPROFEN SODIUM,10,0,0,0.45892963171030166,-7.783,-6.526,False,,,,205.3,1.74,40.1,TNIK,-7.783,78.46882141691152,0.7846882141691153,0.0,1.0,0.8242056993121519,0.6375061405644689,0.6375061405644689,0.0,0.47812960542335164
CHEMBL3187365,ASENAPINE,10,0,0,0.5629001283346781,-9.152,-7.0184999999999995,False,Launched,dopamine receptor antagonist|serotonin receptor antagonist,schizophrenia|bipolar disorder,285.8,4.26,12.5,SLC2A1,-9.152,75.06523157208089,0.7506523157208089,0.0,1.0,0.9141924959216966,0.637389800676578,0.637389800676578,0.0,0.4780423505074335
CHEMBL936,DIPHENIDOL,10,0,0,0.5237822830325489,-8.807,-6.922499999999999,False,Launched,acetylcholine receptor agonist,vertigo,309.5,4.19,23.5,ACVR1,-8.807,79.4471544715447,0.7944715447154471,0.0,1.0,0.7969667318982387,0.6373336276709146,0.6373336276709146,0.0,0.47800022075318593
CHEMBL457,GEMFIBROZIL,10,0,0,0.47197181990627135,-7.613,-6.54,False,Launched,lipoprotein lipase activator,hyperlipidemia|coronary heart disease,250.3,3.57,46.5,MAPK14,-7.613,80.11734028683182,0.8011734028683182,0.0,1.0,0.778536615334207,0.6372498534474582,0.6372498534474582,0.0,0.47793739008559366
CHEMBL122,ROFECOXIB,10,0,0,0.5418377607664338,-8.806,-6.605,False,Withdrawn,cyclooxygenase inhibitor,,314.4,2.56,60.4,ACVR1,-8.806,79.3658536585366,0.7936585365853659,0.0,1.0,0.7969667318982387,0.6370084244188822,0.6370084244188822,0.0,0.47775631831416165
CHEMBL3989519,DOXAPRAM HYDROCHLORIDE,10,0,0,0.5322294432676664,-8.58,-7.095000000000001,False,,,,378.5,3.17,32.8,AXL,-7.482,76.2129599478997,0.762129599478997,0.0,1.0,0.8797731045932484,0.6368178054805861,0.6368178054805861,0.0,0.4776133541104396
CHEMBL1754,DOXAPRAM,10,0,0,0.5322294432676664,-8.58,-7.095000000000001,False,Launched,potassium channel blocker,respiratory depression|central nervous system depression|acute hypercapnia (AHC),378.5,3.17,32.8,AXL,-7.482,76.2129599478997,0.762129599478997,0.0,1.0,0.8797731045932484,0.6368178054805861,0.6368178054805861,0.0,0.4776133541104396
CHEMBL240597,CHENODIOL,10,0,0,0.5764669893465939,-9.457,-7.904999999999999,False,,,,392.6,4.48,77.8,AXL,-7.928,86.19342233800064,0.8619342233800065,0.0,0.8,0.8797731045932484,0.6367396550409898,0.6367396550409898,0.0,0.4775547412807424
CHEMBL1200613,TOLMETIN SODIUM,10,0,0,0.4958331379736463,-8.064,-6.8260000000000005,False,,,,256.3,0.86,62.1,TNIK,-8.064,83.2517140058766,0.832517140058766,0.0,0.9,0.8242056993121519,0.6366377109203293,0.6366377109203293,0.0,0.477478283190247
CHEMBL2448613,PIMAVANSERIN TARTRATE,10,0,0,0.5419725359374628,-9.601,-7.603999999999999,False,,,,427.6,4.67,44.8,SLC2A1,-9.601,84.81735159817352,0.8481735159817352,0.0,0.8,0.9141924959216966,0.6363982807809486,0.6363982807809486,0.0,0.4772987105857115
CHEMBL2205807,ABAMETAPIR,10,0,0,0.4657298606839227,-7.772,-6.3675,False,Phase 3,metalloproteinase inhibitor,,184.2,2.76,25.8,TNIK,-7.772,78.1586679725759,0.781586679725759,0.0,1.0,0.8242056993121519,0.6362655267871264,0.6362655267871264,0.0,0.47719914509034483
CHEMBL1650,CORTISONE ACETATE,10,0,0,0.5409333928856028,-9.598,-7.265000000000001,False,,,,402.5,2.56,97.7,SLC2A1,-9.598,84.67058056099151,0.8467058056099152,0.0,0.8,0.9141924959216966,0.6358111966322206,0.6358111966322206,0.0,0.4768583974741655
CHEMBL2105224,PHOLCODINE,10,0,0,0.5592980416753124,-8.311,-7.27,False,,,,398.5,1.2,54.4,AXL,-7.475,75.93617714099642,0.7593617714099642,0.0,1.0,0.8797731045932484,0.6357106742529729,0.6357106742529729,0.0,0.47678300568972964
CHEMBL3590187,CLASCOTERONE,10,0,0,0.5317165440961842,-8.746,-7.105,False,,,,402.5,3.77,80.7,TNIK,-7.765,78.01175318315377,0.7801175318315378,0.0,1.0,0.8242056993121519,0.6356778676294379,0.6356778676294379,0.0,0.4767584007220784
CHEMBL488,AMINOGLUTETHIMIDE,10,0,0,0.4897516135955528,-8.107,-6.513,False,Launched,glucocorticoid receptor antagonist,Cushing's syndrome|breast cancer,232.3,1.35,72.2,VASH2,-8.107,90.1628664495114,0.901628664495114,0.0,1.0,0.5,0.6356514657980457,0.6356514657980457,0.0,0.47673859934853424
CHEMBL1589,ACETOHEXAMIDE,10,0,0,0.5212406291903454,-8.432,-7.471,False,Launched,ATP channel blocker,diabetes mellitus,324.4,2.21,92.3,MAPK14,-8.09,89.60234680573663,0.8960234680573663,0.0,0.8,0.778536615334207,0.6351898795230777,0.6351898795230777,0.0,0.4763924096423083
CHEMBL2110732,DACOMITINIB ANHYDROUS,10,0,0,0.5741103205300113,-10.59,-8.1775,False,,,,469.9,5.16,79.4,SLC2A1,-10.59,94.48793215916503,0.9448793215916502,0.0,0.6,0.9141924959216966,0.6350806030249145,0.6350806030249145,0.0,0.4763104522686859
CHEMBL2105719,DACOMITINIB,10,0,0,0.5741103205300113,-10.59,-8.1775,False,Launched,EGFR inhibitor,,469.9,5.16,79.4,SLC2A1,-10.59,94.48793215916503,0.9448793215916502,0.0,0.6,0.9141924959216966,0.6350806030249145,0.6350806030249145,0.0,0.4763104522686859
CHEMBL1232,ERTAPENEM SODIUM,10,0,1,0.48441090708279944,-10.09,-8.376000000000001,False,,,,474.5,-0.39,159.1,SLC2A1,-10.09,90.3457273320287,0.903457273320287,0.0,0.2,0.9141924959216966,0.5385117837163693,0.5385117837163693,0.2890648263178878,0.47615004436674896
CHEMBL1200735,MOXIFLOXACIN HYDROCHLORIDE,10,0,0,0.5606333003799442,-8.912,-7.2275,False,,,,401.4,2.37,83.8,AXL,-7.467,75.5454249430153,0.755454249430153,0.0,1.0,0.8797731045932484,0.6341476654610484,0.6341476654610484,0.0,0.47561074909578627
CHEMBL32,MOXIFLOXACIN,10,0,0,0.5606333003799442,-8.912,-7.2275,False,Launched,bacterial DNA gyrase inhibitor,sinusitis|bronchitis|pneumonia|skin infections|intra-abdominal infections,401.4,2.37,83.8,AXL,-7.467,75.5454249430153,0.755454249430153,0.0,1.0,0.8797731045932484,0.6341476654610484,0.6341476654610484,0.0,0.47561074909578627
CHEMBL1257040,TRIFLUOPERAZINE HYDROCHLORIDE,10,0,0,0.5496925482553576,-9.573,-7.5545,False,,,,407.5,4.95,9.7,SLC2A1,-9.573,84.23026744944553,0.8423026744944554,0.0,0.8,0.9141924959216966,0.6340499441860368,0.6340499441860368,0.0,0.4755374581395276
CHEMBL1152,PREDNISOLONE ACETATE,10,0,0,0.5549710050339918,-9.134,-7.432,False,,,,402.5,2.13,100.9,MAPK14,-8.075,89.24380704041721,0.8924380704041721,0.0,0.8,0.778536615334207,0.6337557204617998,0.6337557204617998,0.0,0.4753167903463499
CHEMBL63857,PHENOLPHTHALEIN,10,0,0,0.5684665182548019,-8.123,-7.1345,False,Withdrawn,indicator dye,,318.3,3.56,66.8,SERPINE1,-6.861,89.65853658536585,0.8965853658536586,0.0,1.0,0.5,0.6336341463414634,0.6336341463414634,0.0,0.47522560975609757
CHEMBL1089221,BENDAZAC,10,0,0,0.5747170699121813,-8.01,-6.9535,False,Launched,cyclooxygenase inhibitor,muscle pain|joint pain,282.3,2.55,64.3,GALNS,-7.325,77.15404699738903,0.7715404699738904,0.2,1.0,0.5,0.6336161879895561,0.6336161879895561,0.0,0.4752121409921671
CHEMBL188952,PIRPROFEN,10,0,0,0.4627833509399119,-7.749,-6.5095,False,,,,251.7,2.9,40.5,TNIK,-7.749,77.47306562193927,0.7747306562193927,0.0,1.0,0.8242056993121519,0.6335231173845799,0.6335231173845799,0.0,0.4751423380384349
CHEMBL1448187,FLUPHENAZINE HYDROCHLORIDE,10,0,0,0.5423878001870537,-9.312,-7.3895,False,,,,437.5,4.31,30.0,AXL,-7.896,85.37935525887333,0.8537935525887334,0.0,0.8,0.8797731045932484,0.6334833867244806,0.6334833867244806,0.0,0.47511254004336045
CHEMBL1200977,MILRINONE LACTATE,10,0,0,0.4734564381332754,-7.748,-6.5920000000000005,False,,,,211.2,1.62,69.5,TNIK,-7.748,77.42409402546522,0.7742409402546522,0.0,1.0,0.8242056993121519,0.6333272309986837,0.6333272309986837,0.0,0.4749954232490128
CHEMBL189,MILRINONE,10,0,0,0.4734564381332754,-7.748,-6.5920000000000005,False,Launched,phosphodiesterase inhibitor,congestive heart failure,211.2,1.62,69.5,TNIK,-7.748,77.42409402546522,0.7742409402546522,0.0,1.0,0.8242056993121519,0.6333272309986837,0.6333272309986837,0.0,0.4749954232490128
CHEMBL115,INDINAVIR ANHYDROUS,10,0,1,0.4896864684284494,-10.41,-8.153500000000001,False,,,,613.8,2.87,118.0,TNIK,-8.845,93.32353901403853,0.9332353901403853,0.0,0.2,0.8242056993121519,0.536925010952977,0.536925010952977,0.2890648263178878,0.4749599647942047
CHEMBL1735,INDINAVIR SULFATE,10,0,1,0.4896864684284494,-10.41,-8.153500000000001,False,,,,613.8,2.87,118.0,TNIK,-8.845,93.32353901403853,0.9332353901403853,0.0,0.2,0.8242056993121519,0.536925010952977,0.536925010952977,0.2890648263178878,0.4749599647942047
CHEMBL2105689,LULICONAZOLE,10,0,0,0.46777693127234743,-8.022,-6.6195,False,Launched,sterol demethylase inhibitor,tinea pedis|tinea cruris|tinea corporis,354.3,5.06,41.6,TNIK,-8.022,82.40287300032648,0.8240287300032648,0.0,0.9,0.8242056993121519,0.6332423468981287,0.6332423468981287,0.0,0.47493176017359656
CHEMBL1714574,TERCONAZOLE,10,0,0,0.5617677428830253,-10.52,-8.028,False,Launched,sterol demethylase inhibitor,vulvovaginal candidiasis,532.5,4.46,64.9,SLC2A1,-10.52,94.0150032615786,0.940150032615786,0.0,0.6,0.9141924959216966,0.6331888874345689,0.6331888874345689,0.0,0.47489166557592666
CHEMBL2028019,CARIPRAZINE,10,0,0,0.5950735959694862,-9.208,-7.469,False,Launched,dopamine receptor antagonist,schizophrenia,427.4,4.34,38.8,SLC2A1,-9.208,76.48401826484019,0.7648401826484019,0.0,0.9500000000000001,0.9141924959216966,0.6330649474476153,0.6330649474476153,0.0,0.4747987105857115
CHEMBL1200851,HOMATROPINE METHYLBROMIDE,10,0,0,0.4975845560376381,-8.334,-6.632,False,,,,290.4,2.03,46.5,TNIK,-7.734,77.32615083251714,0.7732615083251715,0.0,1.0,0.8242056993121519,0.6329354582268913,0.6329354582268913,0.0,0.4747015936701685
CHEMBL1201235,METHYLHOMATROPINE,10,0,0,0.4975845560376381,-8.334,-6.632,False,,,,290.4,2.03,46.5,TNIK,-7.734,77.32615083251714,0.7732615083251715,0.0,1.0,0.8242056993121519,0.6329354582268913,0.6329354582268913,0.0,0.4747015936701685
CHEMBL249856,ENOXIMONE,10,0,0,0.4979873604323709,-7.623,-6.7475,False,Launched,phosphodiesterase inhibitor,congestive heart failure,248.3,1.96,65.7,SERPINE1,-6.85,89.44715447154472,0.8944715447154472,0.0,1.0,0.5,0.6327886178861788,0.6327886178861788,0.0,0.4745914634146341
CHEMBL1626570,HEXOCYCLIUM METHYLSULFATE,10,0,0,0.5393743533331037,-8.763,-6.8405000000000005,False,,,,317.5,2.85,23.5,ACVR1,-8.763,78.29268292682927,0.7829268292682927,0.0,1.0,0.7969667318982387,0.6327157414920529,0.6327157414920529,0.0,0.4745368061190397
CHEMBL1201325,HEXOCYCLIUM,10,0,0,0.5393743533331037,-8.763,-6.8405000000000005,False,,,,317.5,2.85,23.5,ACVR1,-8.763,78.29268292682927,0.7829268292682927,0.0,1.0,0.7969667318982387,0.6327157414920529,0.6327157414920529,0.0,0.4745368061190397
CHEMBL4279047,VORASIDENIB,10,0,0,0.5734350752648251,-9.441,-7.593999999999999,False,Preclinical,isocitrate dehydrogenase inhibitor,,414.7,4.31,75.6,MAPK14,-8.063,88.95045632333768,0.8895045632333768,0.0,0.8,0.778536615334207,0.6325823175934817,0.6325823175934817,0.0,0.4744367381951113
CHEMBL389621,HYDROCORTISONE,10,0,0,0.5899589210068708,-9.138,-7.580500000000001,False,Launched,glucocorticoid receptor agonist,eczema|psoriasis|seborrheic dermatitis|itching,362.5,1.78,94.8,AXL,-7.527,77.62943666558124,0.7762943666558124,0.0,0.9500000000000001,0.8797731045932484,0.6324837123513123,0.6324837123513123,0.0,0.4743627842634842
CHEMBL406,INDAPAMIDE,10,0,0,0.5727449214727585,-9.038,-7.6835,False,Launched,thiazide diuretic,hypertension|congestive heart failure,365.8,2.08,92.5,MAPK14,-8.049,88.78748370273793,0.8878748370273793,0.0,0.8,0.778536615334207,0.6319304271110828,0.6319304271110828,0.0,0.4739478203333121
CHEMBL426559,LAROPIPRANT,10,0,0,0.5112029359212479,-9.551,-6.825,False,Launched,prostanoid receptor antagonist,cholesterol,435.9,4.39,76.4,SLC2A1,-9.551,83.67579908675799,0.83675799086758,0.0,0.8,0.9141924959216966,0.6318320707352865,0.6318320707352865,0.0,0.47387405305146485
CHEMBL1101,BIPERIDEN,10,0,0,0.5579907870293919,-8.733,-7.1065000000000005,False,Launched,acetylcholine receptor antagonist,Parkinson's Disease,311.5,3.96,23.5,TNIK,-7.71,77.04864511916422,0.7704864511916422,0.0,1.0,0.8242056993121519,0.6318254353734797,0.6318254353734797,0.0,0.4738690765301098
CHEMBL1201035,BIPERIDEN HYDROCHLORIDE,10,0,0,0.5579907870293919,-8.733,-7.1065000000000005,False,,,,311.5,3.96,23.5,TNIK,-7.71,77.04864511916422,0.7704864511916422,0.0,1.0,0.8242056993121519,0.6318254353734797,0.6318254353734797,0.0,0.4738690765301098
CHEMBL1201067,BIPERIDEN LACTATE,10,0,0,0.5579907870293919,-8.733,-7.1065000000000005,False,,,,311.5,3.96,23.5,TNIK,-7.71,77.04864511916422,0.7704864511916422,0.0,1.0,0.8242056993121519,0.6318254353734797,0.6318254353734797,0.0,0.4738690765301098
CHEMBL1201329,TRIMETHAPHAN,10,0,0,0.5810858635809055,-8.857,-7.284,False,,,,365.5,3.66,23.6,ACVR1,-8.748,78.0,0.78,0.0,1.0,0.7969667318982387,0.6315450097847358,0.6315450097847358,0.0,0.4736587573385519
CHEMBL1245,TRIMETHAPHAN CAMSYLATE,10,0,0,0.5810858635809055,-8.857,-7.284,False,,,,365.5,3.66,23.6,ACVR1,-8.748,78.0,0.78,0.0,1.0,0.7969667318982387,0.6315450097847358,0.6315450097847358,0.0,0.4736587573385519
CHEMBL170988,PHENFORMIN,10,0,1,0.44172983921791287,-7.938,-7.4275,False,Withdrawn,AMPK activator,,205.3,0.24,97.8,SERPINE1,-7.215,95.0081300813008,0.950081300813008,0.0,0.4,0.5,0.5350325203252032,0.5350325203252032,0.2890648263178878,0.4735405968233744
CHEMBL1528839,PHENFORMIN HYDROCHLORIDE,10,0,1,0.44172983921791287,-7.938,-7.4275,False,,,,205.3,0.24,97.8,SERPINE1,-7.215,95.0081300813008,0.950081300813008,0.0,0.4,0.5,0.5350325203252032,0.5350325203252032,0.2890648263178878,0.4735405968233744
CHEMBL3127326,OMBITASVIR,10,1,1,0.32755797980703355,-12.33,-6.7725,False,Launched,HCV inhibitor,hepatitis C,894.1,7.69,178.7,SLC2A1,-12.33,99.44553163731246,0.9944553163731246,0.0,0.0,0.9141924959216966,0.5349110009375043,0.5349110009375043,0.2890648263178878,0.4734494572826002
CHEMBL2146140,ESOMEPRAZOLE STRONTIUM,10,0,0,0.5346352704707992,-8.088,-7.252,False,,,,344.4,2.53,81.4,TNIK,-7.707,76.86908259875939,0.7686908259875939,0.0,1.0,0.8242056993121519,0.6311071852918604,0.6311071852918604,0.0,0.4733303889688953
CHEMBL1200470,ESOMEPRAZOLE SODIUM,10,0,0,0.5346352704707992,-8.088,-7.252,False,,,,344.4,2.53,81.4,TNIK,-7.707,76.86908259875939,0.7686908259875939,0.0,1.0,0.8242056993121519,0.6311071852918604,0.6311071852918604,0.0,0.4733303889688953
CHEMBL865,VALDECOXIB,10,0,0,0.5734257029409939,-8.736,-7.0575,False,Withdrawn,cyclooxygenase inhibitor,,314.4,2.96,86.2,ACVR1,-8.736,77.88617886178861,0.7788617886178861,0.0,1.0,0.7969667318982387,0.6310897252318902,0.6310897252318902,0.0,0.47331729392391764
CHEMBL1201286,OXYPHENONIUM,10,0,0,0.4629572178260809,-7.964,-6.4190000000000005,False,Launched,cholinergic receptor antagonist,peptic ulcer disease (PUD),348.5,3.48,46.5,MAPK14,-7.531,78.5691003911343,0.7856910039113429,0.0,1.0,0.778536615334207,0.6310568938646681,0.6310568938646681,0.0,0.4732926703985011
CHEMBL1983350,STIRIPENTOL,10,0,0,0.5108132418254168,-7.613,-6.914,False,Launched,GABA uptake inhibitor,epilepsy,234.3,2.84,38.7,MAPK14,-7.531,78.5691003911343,0.7856910039113429,0.0,1.0,0.778536615334207,0.6310568938646681,0.6310568938646681,0.0,0.4732926703985011
CHEMBL1200906,OXYPHENONIUM BROMIDE,10,0,0,0.4629572178260809,-7.964,-6.4190000000000005,False,,,,348.5,3.48,46.5,MAPK14,-7.531,78.5691003911343,0.7856910039113429,0.0,1.0,0.778536615334207,0.6310568938646681,0.6310568938646681,0.0,0.4732926703985011
CHEMBL93,ZILEUTON,10,0,0,0.452268291114762,-7.705,-6.342499999999999,False,Launched,leukotriene synthesis inhibitor|lipoxygenase inhibitor,asthma,236.3,2.73,66.6,TNIK,-7.705,76.82011100228534,0.7682011100228534,0.0,1.0,0.8242056993121519,0.6309112989059642,0.6309112989059642,0.0,0.47318347417947315
CHEMBL135400,ZOPICLONE,10,0,0,0.5303471970921858,-9.243,-7.0915,False,,,,388.8,1.57,91.8,ACVR1,-9.243,87.83739837398375,0.8783739837398374,0.0,0.8,0.7969667318982387,0.6308946032806708,0.6308946032806708,0.0,0.4731709524605031
CHEMBL3989920,PITAVASTATIN SODIUM,10,0,0,0.5466215531041139,-9.277,-7.33,False,,,,420.5,3.18,93.5,AXL,-7.852,84.72810159557147,0.8472810159557147,0.0,0.8,0.8797731045932484,0.6308783720712732,0.6308783720712732,0.0,0.4731587790534549
CHEMBL1237061,PITAVASTATIN CALCIUM,10,0,0,0.5466215531041139,-9.277,-7.33,False,,,,420.5,3.18,93.5,AXL,-7.852,84.72810159557147,0.8472810159557147,0.0,0.8,0.8797731045932484,0.6308783720712732,0.6308783720712732,0.0,0.4731587790534549
CHEMBL3989923,PITAVASTATIN MAGNESIUM,10,0,0,0.5466215531041139,-9.277,-7.33,False,,,,420.5,3.18,93.5,AXL,-7.852,84.72810159557147,0.8472810159557147,0.0,0.8,0.8797731045932484,0.6308783720712732,0.6308783720712732,0.0,0.4731587790534549
CHEMBL3544988,DAPRODUSTAT,10,0,0,0.4976161521308988,-9.521,-6.627,False,Phase 3,hypoxia inducible factor inhibitor,,393.4,1.26,124.1,SLC2A1,-9.521,83.39856490541422,0.8339856490541422,0.0,0.8,0.9141924959216966,0.6307231340099114,0.6307231340099114,0.0,0.4730423505074336
CHEMBL1021,NEPAFENAC,10,0,0,0.5544448491507522,-8.429,-7.122,False,Launched,cyclooxygenase inhibitor,eye inflammation,254.3,1.53,86.2,TNIK,-7.704,76.7711394058113,0.767711394058113,0.0,1.0,0.8242056993121519,0.630715412520068,0.630715412520068,0.0,0.473036559390051
CHEMBL566315,OBETICHOLIC ACID,10,0,0,0.5562714961181798,-9.517,-7.333,False,,,,420.6,5.11,77.8,SLC2A1,-9.517,83.34964122635355,0.8334964122635355,0.0,0.8,0.9141924959216966,0.6305274392936688,0.6305274392936688,0.0,0.4728955794702516
CHEMBL1444,LETROZOLE,10,0,0,0.5597313999519049,-8.627,-7.1899999999999995,False,Launched,aromatase inhibitor,breast cancer,285.3,2.66,78.3,TNIK,-7.699,76.68952007835456,0.7668952007835457,0.0,1.0,0.8242056993121519,0.6303889352102411,0.6303889352102411,0.0,0.4727917014076808
CHEMBL1414320,SUXIBUZONE,10,0,0,0.502367097198647,-9.07,-6.5935,False,Launched,cyclooxygenase inhibitor,joint pain|muscle pain,438.5,3.57,104.2,SLC2A1,-9.07,73.28767123287672,0.7328767123287672,0.2,0.75,0.9141924959216966,0.6302795593197614,0.6302795593197614,0.0,0.47270966948982107
CHEMBL934,METYRAPONE,10,0,0,0.45322305758556547,-7.698,-6.026999999999999,False,Launched,cytochrome P450 inhibitor,adrenal diagnostic agent,226.3,2.64,42.9,TNIK,-7.698,76.65687234737186,0.7665687234737186,0.0,1.0,0.8242056993121519,0.6302583442863103,0.6302583442863103,0.0,0.47269375821473275
CHEMBL6437,MIANSERIN,10,0,0,0.5686090680862632,-8.957,-7.3545,False,Launched,serotonin receptor antagonist,depression,264.4,3.08,6.5,SERPINE1,-6.813,88.7479674796748,0.8874796747967479,0.0,1.0,0.5,0.6299918699186992,0.6299918699186992,0.0,0.47249390243902434
CHEMBL596,FENTANYL,10,0,0,0.5737594851515299,-9.139,-7.558,True,,,,336.5,4.14,23.6,TNIK,-7.969,81.58667972575905,0.8158667972575906,0.0,0.9,0.8242056993121519,0.6299775737998591,0.6299775737998591,0.0,0.47248318034989434
CHEMBL1201159,FENTANYL HYDROCHLORIDE,10,0,0,0.5737594851515299,-9.139,-7.558,False,,,,336.5,4.14,23.6,TNIK,-7.969,81.58667972575905,0.8158667972575906,0.0,0.9,0.8242056993121519,0.6299775737998591,0.6299775737998591,0.0,0.47248318034989434
CHEMBL688,FENTANYL CITRATE,10,0,0,0.5737594851515299,-9.139,-7.558,False,,,,336.5,4.14,23.6,TNIK,-7.969,81.58667972575905,0.8158667972575906,0.0,0.9,0.8242056993121519,0.6299775737998591,0.6299775737998591,0.0,0.47248318034989434
CHEMBL2105682,EDOXABAN TOSYLATE,10,0,0,0.5545888122950393,-10.43,-7.7995,False,,,,548.1,1.29,136.6,SLC2A1,-10.43,93.19960861056752,0.9319960861056752,0.0,0.6,0.9141924959216966,0.6299273088305246,0.6299273088305246,0.0,0.47244548162289346
CHEMBL1200648,ROCURONIUM BROMIDE,10,0,0,0.5214456501098865,-10.43,-7.614,False,,,,529.8,4.41,59.0,SLC2A1,-10.43,93.19960861056752,0.9319960861056752,0.0,0.6,0.9141924959216966,0.6299273088305246,0.6299273088305246,0.0,0.47244548162289346
CHEMBL1000,CETIRIZINE,10,0,0,0.5287601880154784,-8.731,-6.8915,False,Launched,histamine receptor antagonist,allergic rhinitis,388.9,3.15,53.0,ACVR1,-8.731,77.59349593495935,0.7759349593495934,0.0,1.0,0.7969667318982387,0.6299189935245731,0.6299189935245731,0.0,0.47243924514342983
CHEMBL57,NEVIRAPINE,10,0,0,0.5221603623463723,-8.731,-6.6705,False,Launched,non-nucleoside reverse transcriptase inhibitor,human immunodeficiency virus (HIV-1),266.3,2.65,58.1,ACVR1,-8.731,77.59349593495935,0.7759349593495934,0.0,1.0,0.7969667318982387,0.6299189935245731,0.6299189935245731,0.0,0.47243924514342983
CHEMBL1607273,CETIRIZINE HYDROCHLORIDE,10,0,0,0.5287601880154784,-8.731,-6.8915,False,,,,388.9,3.15,53.0,ACVR1,-8.731,77.59349593495935,0.7759349593495934,0.0,1.0,0.7969667318982387,0.6299189935245731,0.6299189935245731,0.0,0.47243924514342983
CHEMBL1697768,SODIUM PICOSULFATE,10,0,0,0.521550917460421,-9.505,-7.1129999999999995,False,,,,435.4,1.94,145.8,SLC2A1,-9.505,83.17025440313111,0.831702544031311,0.0,0.8,0.9141924959216966,0.629809892000779,0.629809892000779,0.0,0.47235741900058426
CHEMBL1085,ACETOPHENAZINE,10,0,0,0.5408920836238755,-9.059,-6.8445,False,Launched,dopamine receptor antagonist,psychosis,411.6,3.49,47.0,SLC2A1,-9.059,73.10828440965426,0.7310828440965426,0.0,1.0,0.9141924959216966,0.6295620120268716,0.6295620120268716,0.0,0.4721715090201537
CHEMBL2360079,ACETOPHENAZINE MALEATE,10,0,0,0.5408920836238755,-9.059,-6.8445,False,,,,411.6,3.49,47.0,SLC2A1,-9.059,73.10828440965426,0.7310828440965426,0.0,1.0,0.9141924959216966,0.6295620120268716,0.6295620120268716,0.0,0.4721715090201537
CHEMBL849,TRICLOSAN,10,0,0,0.5015954245668259,-7.992,-7.0885,False,Launched,antibacterial agent,first-aid antiseptic,289.5,5.14,29.5,SERPINE1,-7.123,93.59349593495935,0.9359349593495935,0.0,0.9,0.5,0.6293739837398374,0.6293739837398374,0.0,0.4720304878048781
CHEMBL141305,CYCLOFENIL,10,0,0,0.5561667811743418,-9.343,-7.18,False,,,,364.4,5.3,52.6,SLC2A1,-9.293,78.04957599478148,0.7804957599478147,0.0,0.9,0.9141924959216966,0.6293271783673804,0.6293271783673804,0.0,0.4719953837755353
CHEMBL1200761,CHLOROTRIANISENE,10,0,0,0.53121273566883,-9.19,-7.2695,False,Launched,estrogenic hormone,menopause|prostate cancer,380.9,5.87,27.7,ACVR1,-8.924,82.4390243902439,0.824390243902439,0.0,0.9,0.7969667318982387,0.6293011073457114,0.6293011073457114,0.0,0.4719758305092836
CHEMBL1201087,CABERGOLINE,10,0,0,0.529478808700569,-8.876,-7.421,False,Launched,dopamine receptor agonist,hyperprolactinemia,451.6,3.19,71.7,ADRA2A,-8.345,72.32899022801304,0.7232899022801305,0.4,0.8,0.5324652394614875,0.6291857468312754,0.6291857468312754,0.0,0.47188931012345653
CHEMBL1487,ATORVASTATIN,10,0,1,0.42320345106528456,-9.96,-7.432499999999999,False,Launched,HMGCR inhibitor,stroke|heart attack,558.7,6.31,111.8,ACVR1,-9.96,95.80487804878048,0.9580487804878048,0.0,0.15,0.7969667318982387,0.5327645219798578,0.5327645219798578,0.2890648263178878,0.4718395980643653
CHEMBL646,TRIAZOLAM,10,0,0,0.5525963019372331,-8.759,-7.1385,False,,,,343.2,4.23,43.1,AXL,-7.586,79.1598827743406,0.7915988277434061,0.0,0.9,0.8797731045932484,0.6286054967863497,0.6286054967863497,0.0,0.47145412258976227
CHEMBL162036,BENORILATE,10,0,0,0.5413808434770526,-8.253,-7.067500000000001,False,,,,313.3,2.79,81.7,TNIK,-7.674,76.23245184459681,0.762324518445968,0.0,1.0,0.8242056993121519,0.62856066227521,0.62856066227521,0.0,0.4714204967064075
CHEMBL4650226,ACORAMIDIS HYDROCHLORIDE,10,0,0,0.49801066853105647,-7.797,-6.970000000000001,False,,,,292.3,2.88,75.2,MAPK14,-7.499,77.93350717079531,0.7793350717079531,0.0,1.0,0.778536615334207,0.6285145209833123,0.6285145209833123,0.0,0.4713858907374842
CHEMBL3940890,ACORAMIDIS,10,0,0,0.49801066853105647,-7.797,-6.970000000000001,False,,,,292.3,2.88,75.2,MAPK14,-7.499,77.93350717079531,0.7793350717079531,0.0,1.0,0.778536615334207,0.6285145209833123,0.6285145209833123,0.0,0.4713858907374842
CHEMBL1628234,DOXEPIN HYDROCHLORIDE,10,0,0,0.5199816121646006,-8.712,-6.686,False,,,,279.4,3.96,12.5,ACVR1,-8.712,77.21951219512195,0.7721951219512195,0.0,1.0,0.7969667318982387,0.6284230585652236,0.6284230585652236,0.0,0.47131729392391775
CHEMBL1628227,DOXEPIN,10,0,0,0.5199816121646006,-8.712,-6.686,False,Launched,histamine receptor antagonist,depression|anxiety,279.4,3.96,12.5,ACVR1,-8.712,77.21951219512195,0.7721951219512195,0.0,1.0,0.7969667318982387,0.6284230585652236,0.6284230585652236,0.0,0.47131729392391775
CHEMBL1200757,PANCURONIUM BROMIDE,10,0,0,0.44955612082627583,-10.41,-6.489,False,,,,572.9,6.11,52.6,SLC2A1,-10.41,92.8082191780822,0.928082191780822,0.0,0.6,0.9141924959216966,0.6283617511005832,0.6283617511005832,0.0,0.4712713133254374
CHEMBL1091,HYDROCORTISONE ACETATE,10,0,0,0.5588328672722808,-9.323,-7.4355,False,,,,404.5,2.35,100.9,ACVR1,-9.196,87.1869918699187,0.871869918699187,0.0,0.8,0.7969667318982387,0.6282929772644107,0.6282929772644107,0.0,0.471219732948308
CHEMBL3989510,PENTAZOCINE HYDROCHLORIDE,10,0,0,0.5569408054033181,-9.06,-7.0329999999999995,False,,,,285.4,3.88,23.5,ADRA2A,-9.06,87.10097719869707,0.8710097719869707,0.0,1.0,0.5324652394614875,0.6282736947140114,0.6282736947140114,0.0,0.4712052710355086
CHEMBL3989509,PENTAZOCINE LACTATE,10,0,0,0.5569408054033181,-9.06,-7.0329999999999995,False,,,,285.4,3.88,23.5,ADRA2A,-9.06,87.10097719869707,0.8710097719869707,0.0,1.0,0.5324652394614875,0.6282736947140114,0.6282736947140114,0.0,0.4712052710355086
CHEMBL100116,PENTAZOCINE,10,0,0,0.5569408054033181,-9.06,-7.0329999999999995,False,,,,285.4,3.88,23.5,ADRA2A,-9.06,87.10097719869707,0.8710097719869707,0.0,1.0,0.5324652394614875,0.6282736947140114,0.6282736947140114,0.0,0.4712052710355086
CHEMBL3137333,ISAVUCONAZONIUM SULFATE,10,0,1,0.43910037176451305,-8.879,-8.0215,False,,,,717.8,4.58,159.4,AXL,-8.109,89.97069358515142,0.8997069358515142,0.0,0.2,0.8797731045932484,0.5318487400295929,0.5318487400295929,0.2890648263178878,0.4711527616016667
CHEMBL1183349,ISAVUCONAZONIUM,10,0,1,0.43910037176451305,-8.879,-8.0215,False,,,,717.8,4.58,159.4,AXL,-8.109,89.97069358515142,0.8997069358515142,0.0,0.2,0.8797731045932484,0.5318487400295929,0.5318487400295929,0.2890648263178878,0.4711527616016667
CHEMBL1159,PINACIDIL ANHYDROUS,10,0,0,0.4345606607761619,-7.497,-5.971,False,,,,245.3,2.35,73.1,MAPK14,-7.497,77.78683181225554,0.7778683181225554,0.0,1.0,0.778536615334207,0.6279278195491531,0.6279278195491531,0.0,0.47094586466186483
CHEMBL1200338,PINACIDIL,10,0,0,0.4345606607761619,-7.497,-5.971,False,Launched,ATP channel activator|potassium channel activator,hypertension,245.3,2.35,73.1,MAPK14,-7.497,77.78683181225554,0.7778683181225554,0.0,1.0,0.778536615334207,0.6279278195491531,0.6279278195491531,0.0,0.47094586466186483
CHEMBL3301594,FOSTEMSAVIR,10,0,0,0.5320536901551352,-10.4,-7.4615,False,Phase 3,antiviral,,583.5,1.17,182.2,SLC2A1,-10.4,92.69406392694064,0.9269406392694064,0.0,0.6,0.9141924959216966,0.627905130096017,0.627905130096017,0.0,0.47092884757201275
CHEMBL3301598,FOSTEMSAVIR TROMETHAMINE,10,0,0,0.5320536901551352,-10.4,-7.4615,False,,,,583.5,1.17,182.2,SLC2A1,-10.4,92.69406392694064,0.9269406392694064,0.0,0.6,0.9141924959216966,0.627905130096017,0.627905130096017,0.0,0.47092884757201275
CHEMBL1294,QUINIDINE,10,0,0,0.5447699651125939,-8.815,-6.839499999999999,False,Launched,sodium channel blocker,malaria|atrial fibrillation (AF)|ventricular arrhythmias,324.4,3.17,45.6,AXL,-7.408,73.94985346792575,0.7394985346792575,0.0,1.0,0.8797731045932484,0.6277653795606902,0.6277653795606902,0.0,0.4708240346705177
CHEMBL1200437,QUINIDINE GLUCONATE,10,0,0,0.5447699651125939,-8.815,-6.839499999999999,False,,,,324.4,3.17,45.6,AXL,-7.408,73.94985346792575,0.7394985346792575,0.0,1.0,0.8797731045932484,0.6277653795606902,0.6277653795606902,0.0,0.4708240346705177
CHEMBL3707183,QUINIDINE SULFATE,10,0,0,0.5447699651125939,-8.815,-6.839499999999999,False,,,,324.4,3.17,45.6,AXL,-7.408,73.94985346792575,0.7394985346792575,0.0,1.0,0.8797731045932484,0.6277653795606902,0.6277653795606902,0.0,0.4708240346705177
CHEMBL1495,OXYPHENCYCLIMINE,10,0,0,0.5326671019014262,-8.321,-7.004,False,Launched,cholinergic receptor antagonist,peptic ulcer disease (PUD),344.5,2.73,62.1,TNIK,-7.659,75.95494613124389,0.7595494613124388,0.0,1.0,0.8242056993121519,0.6274506394217984,0.6274506394217984,0.0,0.4705879795663488
CHEMBL1200891,OXYPHENCYCLIMINE HYDROCHLORIDE,10,0,0,0.5326671019014262,-8.321,-7.004,False,,,,344.5,2.73,62.1,TNIK,-7.659,75.95494613124389,0.7595494613124388,0.0,1.0,0.8242056993121519,0.6274506394217984,0.6274506394217984,0.0,0.4705879795663488
CHEMBL686,MEFENAMIC ACID,10,0,0,0.5610505849088611,-8.778,-7.2555,False,,,,241.3,3.75,49.3,TNIK,-7.657,75.90597453476984,0.7590597453476984,0.0,1.0,0.8242056993121519,0.6272547530359022,0.6272547530359022,0.0,0.4704410647769266
CHEMBL567,PERPHENAZINE,10,0,0,0.5298337029730634,-8.993,-7.0504999999999995,False,Launched,dopamine receptor antagonist,schizophrenia|nausea|vomiting,404.0,3.94,30.0,SLC2A1,-8.993,72.48858447488584,0.7248858447488584,0.0,1.0,0.9141924959216966,0.6270832122877978,0.6270832122877978,0.0,0.4703124092158484
CHEMBL814,FLUVOXAMINE,10,0,0,0.4550136117016012,-7.652,-6.4395,True,Launched,selective serotonin reuptake inhibitor (SSRI),obsessive compulsive disorder (OCD),318.3,3.2,56.8,TNIK,-7.652,75.85700293829579,0.7585700293829579,0.0,1.0,0.8242056993121519,0.627058866650006,0.627058866650006,0.0,0.4702941499875045
CHEMBL1388,MONOBENZONE,10,0,0,0.47954108241081955,-7.651,-6.7765,False,Launched,melanin inhibitor,skin depigmentation,200.2,2.97,29.5,TNIK,-7.651,75.80803134182175,0.7580803134182175,0.0,1.0,0.8242056993121519,0.6268629802641098,0.6268629802641098,0.0,0.4701472351980823
CHEMBL746,NEDOCROMIL,10,0,0,0.5261082885706669,-9.149,-6.925,False,Launched,histamine receptor antagonist,itching|conjunctivitis,371.3,2.48,126.8,SLC2A1,-9.149,74.88584474885845,0.7488584474885844,0.0,0.9500000000000001,0.9141924959216966,0.6266722533836883,0.6266722533836883,0.0,0.47000419003776617
CHEMBL590,MENADIONE,10,0,0,0.45719106175059476,-7.646,-6.4155,False,Launched,mitochondrial DNA polymerase inhibitor|phosphatase inhibitor,ulcerative colitis|diarrhea|headache|varicose veins|rheumatoid arthritis,172.2,2.01,34.1,TNIK,-7.646,75.74273587985635,0.7574273587985636,0.0,1.0,0.8242056993121519,0.6266017984162482,0.6266017984162482,0.0,0.46995134881218614
CHEMBL1707,LOPERAMIDE HYDROCHLORIDE,10,0,0,0.5687543849044394,-10.35,-8.3155,False,,,,477.0,5.09,43.8,SLC2A1,-10.35,92.3679060665362,0.923679060665362,0.0,0.6,0.9141924959216966,0.6266004986543994,0.6266004986543994,0.0,0.46995037399079953
CHEMBL841,LOPERAMIDE,10,0,0,0.5687543849044394,-10.35,-8.3155,False,Launched,opioid receptor agonist,diarrhea,477.0,5.09,43.8,SLC2A1,-10.35,92.3679060665362,0.923679060665362,0.0,0.6,0.9141924959216966,0.6266004986543994,0.6266004986543994,0.0,0.46995037399079953
CHEMBL1200580,SULFOXONE SODIUM,10,0,0,0.4503862941826978,-8.215,-6.845000000000001,False,,,,402.5,1.02,138.5,TNIK,-8.215,85.7166176950702,0.857166176950702,0.0,0.8,0.8242056993121519,0.6264973256771036,0.6264973256771036,0.0,0.4698729942578277
CHEMBL468,THALIDOMIDE,10,0,0,0.5201574431872533,-8.518,-7.353,False,Launched,tumor necrosis factor production inhibitor,myeloma,258.2,0.09,83.6,TNIK,-8.215,85.7166176950702,0.857166176950702,0.0,0.8,0.8242056993121519,0.6264973256771036,0.6264973256771036,0.0,0.4698729942578277
CHEMBL3989826,OXYCODONE TEREPHTHALATE,10,0,0,0.5338573123803773,-8.204,-6.884,False,,,,315.4,1.05,59.0,SERPINE1,-6.786,87.86991869918698,0.8786991869918698,0.0,1.0,0.5,0.6264796747967478,0.6264796747967478,0.0,0.46985975609756087
CHEMBL1200890,OXYCODONE HYDROCHLORIDE,10,0,0,0.5338573123803773,-8.204,-6.884,False,,,,315.4,1.05,59.0,SERPINE1,-6.786,87.86991869918698,0.8786991869918698,0.0,1.0,0.5,0.6264796747967478,0.6264796747967478,0.0,0.46985975609756087
CHEMBL656,OXYCODONE,10,0,0,0.5338573123803773,-8.204,-6.884,True,,,,315.4,1.05,59.0,SERPINE1,-6.786,87.86991869918698,0.8786991869918698,0.0,1.0,0.5,0.6264796747967478,0.6264796747967478,0.0,0.46985975609756087
CHEMBL1621597,IPRATROPIUM,10,0,0,0.4969042485889458,-8.633,-6.471,False,Launched,acetylcholine receptor antagonist,bronchospasm|chronic obstructive pulmonary disease (COPD)|bronchitis|emphysema,332.5,2.85,46.5,TNIK,-7.635,75.56317335945153,0.7556317335945153,0.0,1.0,0.8242056993121519,0.625883548334629,0.625883548334629,0.0,0.46941266125097175
CHEMBL2134724,IPRATROPIUM BROMIDE,10,0,0,0.4969042485889458,-8.633,-6.471,False,,,,332.5,2.85,46.5,TNIK,-7.635,75.56317335945153,0.7556317335945153,0.0,1.0,0.8242056993121519,0.625883548334629,0.625883548334629,0.0,0.46941266125097175
CHEMBL431770,ISTRADEFYLLINE,10,0,0,0.5501924055519426,-8.819,-7.3635,False,Launched,adenosine receptor antagonist,Parkinson's Disease|dyskinesia,384.4,2.12,80.3,MAPK14,-7.486,77.21642764015645,0.7721642764015645,0.0,1.0,0.778536615334207,0.6256462028607568,0.6256462028607568,0.0,0.4692346521455676
CHEMBL54976,TRYPTOPHAN,10,0,0,0.47623651103905307,-7.247,-6.708,False,Launched,serotonin receptor partial agonist,anxiety|bloating|constipation|fatigue|sleeplessness,204.2,1.12,79.1,SERPINE1,-6.774,87.65853658536585,0.8765853658536585,0.0,1.0,0.5,0.6256341463414634,0.6256341463414634,0.0,0.46922560975609756
CHEMBL1504,TRIAMCINOLONE ACETONIDE,10,0,0,0.5377490650939043,-8.743,-7.4375,False,,,,434.5,2.42,93.1,AXL,-7.768,83.32790621947248,0.8332790621947248,0.0,0.8,0.8797731045932484,0.6252775905668773,0.6252775905668773,0.0,0.46895819292515795
CHEMBL1558,PRAZOSIN HYDROCHLORIDE,10,0,0,0.548311966514698,-9.318,-7.792,False,,,,383.4,1.78,107.0,MAPK14,-7.948,87.10886571056062,0.8710886571056062,0.0,0.8,0.778536615334207,0.6252159551423735,0.6252159551423735,0.0,0.4689119663567801
CHEMBL2,PRAZOSIN,10,0,0,0.558311966514698,-9.318,-7.792,False,Launched,adrenergic receptor antagonist,hypertension,383.4,1.78,107.0,MAPK14,-7.948,87.10886571056062,0.8710886571056062,0.0,0.8,0.778536615334207,0.6252159551423735,0.6252159551423735,0.0,0.4689119663567801
CHEMBL1239,BENZYL BENZOATE,10,0,0,0.5139031271247998,-8.019,-7.0265,False,,,,212.2,3.04,26.3,TNIK,-7.629,75.38361083904668,0.7538361083904668,0.0,1.0,0.8242056993121519,0.6251652982530096,0.6251652982530096,0.0,0.4688739736897572
CHEMBL2443262,OLICERIDINE,10,0,0,0.4987020304179741,-8.064,-6.9285,False,,,,386.6,4.69,43.4,TNIK,-7.886,80.36238981390792,0.8036238981390792,0.0,0.9,0.8242056993121519,0.6250804141524545,0.6250804141524545,0.0,0.46881031061434086
CHEMBL806,FLUTAMIDE,10,0,0,0.48906216411445735,-7.699,-6.756,False,Launched,androgen receptor antagonist,prostate cancer,276.2,3.21,72.2,TNIK,-7.626,75.31831537708129,0.7531831537708129,0.0,1.0,0.8242056993121519,0.624904116405148,0.624904116405148,0.0,0.46867808730386096
CHEMBL655,MIDAZOLAM,10,0,0,0.5448224958273606,-8.648,-7.3004999999999995,True,,,,325.8,4.32,30.2,AXL,-7.548,78.19928362097038,0.7819928362097037,0.0,0.9,0.8797731045932484,0.6247631001728687,0.6247631001728687,0.0,0.4685723251296515
CHEMBL1200420,MIDAZOLAM HYDROCHLORIDE,10,0,0,0.5448224958273606,-8.648,-7.3004999999999995,False,,,,325.8,4.32,30.2,AXL,-7.548,78.19928362097038,0.7819928362097037,0.0,0.9,0.8797731045932484,0.6247631001728687,0.6247631001728687,0.0,0.4685723251296515
CHEMBL2105748,PRUCALOPRIDE SUCCINATE,10,0,0,0.498546977599353,-7.735,-6.9765,False,,,,367.9,2.09,76.8,MAPK14,-7.464,76.874185136897,0.76874185136897,0.0,1.0,0.778536615334207,0.6242772328477191,0.6242772328477191,0.0,0.4682079246357893
CHEMBL117287,PRUCALOPRIDE,10,0,0,0.498546977599353,-7.735,-6.9765,False,Launched,serotonin receptor agonist,constipation,367.9,2.09,76.8,MAPK14,-7.464,76.874185136897,0.76874185136897,0.0,1.0,0.778536615334207,0.6242772328477191,0.6242772328477191,0.0,0.4682079246357893
CHEMBL1909072,PIPAMAZINE,10,0,0,0.5620462720453187,-9.313,-7.684,False,,,,402.0,4.53,49.6,ACVR1,-9.144,86.16260162601625,0.8616260162601626,0.0,0.8,0.7969667318982387,0.6241954162888009,0.6241954162888009,0.0,0.46814656221660067
CHEMBL1200335,TESTOSTERONE ENANTHATE,10,0,0,0.48952142933804693,-8.708,-7.03,False,,,,400.6,6.4,43.4,MAPK14,-7.922,86.78292046936114,0.8678292046936115,0.0,0.8,0.778536615334207,0.6239121741775757,0.6239121741775757,0.0,0.4679341306331818
CHEMBL6,INDOMETHACIN,10,0,0,0.5508263052736762,-8.343,-6.959,False,Launched,cyclooxygenase inhibitor,rheumatoid arthritis|ankylosing spondylitis|osteoarthritis|bursitis|tendinitis,357.8,3.93,68.5,GALNS,-7.703,87.20626631853786,0.8720626631853786,0.0,1.0,0.5,0.6238250652741515,0.6238250652741515,0.0,0.4678687989556136
CHEMBL2106217,FENFLURAMINE HYDROCHLORIDE,10,0,0,0.48691280704998646,-7.616,-6.6865000000000006,False,,,,231.3,3.25,12.0,TNIK,-7.616,75.04080966372837,0.7504080966372837,0.0,1.0,0.8242056993121519,0.6237940935517363,0.6237940935517363,0.0,0.46784557016380224
CHEMBL1717,TICLOPIDINE HYDROCHLORIDE,10,0,0,0.45759648957419613,-7.616,-6.2705,False,,,,263.8,3.96,3.2,TNIK,-7.616,75.04080966372837,0.7504080966372837,0.0,1.0,0.8242056993121519,0.6237940935517363,0.6237940935517363,0.0,0.46784557016380224
CHEMBL833,TICLOPIDINE,10,0,0,0.45759648957419613,-7.616,-6.2705,False,Launched,purinergic receptor antagonist,thrombosis|stroke,263.8,3.96,3.2,TNIK,-7.616,75.04080966372837,0.7504080966372837,0.0,1.0,0.8242056993121519,0.6237940935517363,0.6237940935517363,0.0,0.46784557016380224
CHEMBL87493,FENFLURAMINE,10,0,0,0.48691280704998646,-7.616,-6.6865000000000006,False,,,,231.3,3.25,12.0,TNIK,-7.616,75.04080966372837,0.7504080966372837,0.0,1.0,0.8242056993121519,0.6237940935517363,0.6237940935517363,0.0,0.46784557016380224
CHEMBL2105669,TEDIZOLID PHOSPHATE,10,0,0,0.5218021387106085,-9.999,-7.8759999999999994,False,,,,450.3,1.51,152.8,TNIK,-9.017,94.87430623571662,0.9487430623571662,0.0,0.6,0.8242056993121519,0.6231280798396893,0.6231280798396893,0.0,0.46734605987976696
CHEMBL1201049,ECONAZOLE NITRATE,10,0,0,0.5151691015943901,-8.096,-7.177,False,,,,381.7,5.8,27.1,MAPK14,-7.664,81.5677966101695,0.815677966101695,0.0,0.9,0.778536615334207,0.6230516787408091,0.6230516787408091,0.0,0.46728875905560685
CHEMBL808,ECONAZOLE,10,0,0,0.5151691015943901,-8.096,-7.177,False,Launched,lanosterol demethylase inhibitor|sterol demethylase inhibitor,tinea pedis|tinea cruris|tinea corporis|tinea versicolor|cutaneous candidiasis,381.7,5.8,27.1,MAPK14,-7.664,81.5677966101695,0.815677966101695,0.0,0.9,0.778536615334207,0.6230516787408091,0.6230516787408091,0.0,0.46728875905560685
CHEMBL2107554,SODIUM DIBUNATE,10,0,0,0.5147776433303808,-8.392,-6.862500000000001,False,,,,319.4,4.34,57.2,AXL,-7.53,77.74340605665907,0.7774340605665907,0.0,0.9,0.8797731045932484,0.6229395899156236,0.6229395899156236,0.0,0.4672046924367177
CHEMBL50588,EMETINE,10,0,0,0.5125591123566783,-10.24,-7.204000000000001,False,Phase 2,protein synthesis inhibitor,,480.6,4.94,52.2,SLC2A1,-10.24,91.42204827136334,0.9142204827136333,0.0,0.6,0.9141924959216966,0.6228170674737079,0.6228170674737079,0.0,0.46711280060528093
CHEMBL1180725,PROPANTHELINE,10,0,0,0.4990651237700293,-8.26,-6.8100000000000005,False,Launched,acetylcholine receptor antagonist,peptic ulcer disease (PUD),368.5,4.73,35.5,MAPK14,-7.662,81.5026075619296,0.815026075619296,0.0,0.9,0.778536615334207,0.6227909225478494,0.6227909225478494,0.0,0.46709319191088705
CHEMBL1240,PROPANTHELINE BROMIDE,10,0,0,0.4990651237700293,-8.26,-6.8100000000000005,False,,,,368.5,4.73,35.5,MAPK14,-7.662,81.5026075619296,0.815026075619296,0.0,0.9,0.778536615334207,0.6227909225478494,0.6227909225478494,0.0,0.46709319191088705
CHEMBL308954,ETRAVIRINE,10,0,0,0.5598227301093184,-9.526,-7.9135,False,Launched,non-nucleoside reverse transcriptase inhibitor,human immunodeficiency virus (HIV-1),435.3,4.72,120.6,TNIK,-9.008,94.77636304276854,0.9477636304276854,0.0,0.6,0.8242056993121519,0.622736307067897,0.622736307067897,0.0,0.4670522303009227
CHEMBL31,GATIFLOXACIN,10,0,0,0.5323401824300759,-8.928,-7.019,False,Withdrawn,bacterial DNA gyrase inhibitor,,375.4,1.98,83.8,SLC2A1,-8.928,71.36333985649054,0.7136333985649054,0.0,1.0,0.9141924959216966,0.6225822338142166,0.6225822338142166,0.0,0.46693667536066247
CHEMBL593,DELAVIRDINE,10,0,0,0.5354049855626447,-10.23,-7.9345,False,Launched,non-nucleoside reverse transcriptase inhibitor,human immunodeficiency virus (HIV-1),456.6,2.72,110.4,SLC2A1,-10.23,91.34050880626224,0.9134050880626223,0.0,0.6,0.9141924959216966,0.6224909096133034,0.6224909096133034,0.0,0.4668681822099776
CHEMBL929,DELAVIRDINE MESYLATE,10,0,0,0.5354049855626447,-10.23,-7.9345,False,,,,456.6,2.72,110.4,SLC2A1,-10.23,91.34050880626224,0.9134050880626223,0.0,0.6,0.9141924959216966,0.6224909096133034,0.6224909096133034,0.0,0.4668681822099776
CHEMBL348000,CINCHOPHEN,10,0,0,0.5715512016208949,-8.722,-7.3870000000000005,False,Launched,analgesic agent,gout,249.3,3.6,50.2,TNIK,-7.606,74.69800848841005,0.7469800848841005,0.0,1.0,0.8242056993121519,0.622422888850463,0.622422888850463,0.0,0.4668171666378473
CHEMBL1200707,BENZQUINAMIDE HYDROCHLORIDE,10,0,0,0.454322367455951,-8.925,-6.077,False,,,,404.5,2.42,68.3,SLC2A1,-8.925,71.31441617742988,0.7131441617742987,0.0,1.0,0.9141924959216966,0.622386539097974,0.622386539097974,0.0,0.46678990432348055
CHEMBL1201250,BENZQUINAMIDE,10,0,0,0.454322367455951,-8.925,-6.077,False,,,,404.5,2.42,68.3,SLC2A1,-8.925,71.31441617742988,0.7131441617742987,0.0,1.0,0.9141924959216966,0.622386539097974,0.622386539097974,0.0,0.46678990432348055
CHEMBL1200478,DYCLONINE HYDROCHLORIDE,10,0,0,0.4575247921703924,-7.441,-6.636,False,,,,289.4,3.92,29.5,MAPK14,-7.441,76.38526727509777,0.7638526727509778,0.0,1.0,0.778536615334207,0.6223215614005222,0.6223215614005222,0.0,0.46674117105039165
CHEMBL1201217,DYCLONINE,10,0,0,0.4575247921703924,-7.441,-6.636,False,Launched,sodium channel blocker,local anesthetic,289.4,3.92,29.5,MAPK14,-7.441,76.38526727509777,0.7638526727509778,0.0,1.0,0.778536615334207,0.6223215614005222,0.6223215614005222,0.0,0.46674117105039165
CHEMBL518520,RALTEGRAVIR POTASSIUM,10,0,0,0.5684777636258957,-10.05,-8.0275,False,,,,443.4,0.28,155.1,AXL,-8.26,92.44545750569847,0.9244545750569847,0.0,0.6,0.8797731045932484,0.6217477957117812,0.6217477957117812,0.0,0.4663108467838359
CHEMBL27,PROPRANOLOL,10,0,0,0.517644171863337,-7.352,-6.7035,False,Launched,adrenergic receptor antagonist,hypertension|angina pectoris|migraine headache,259.3,2.58,41.5,MAPK14,-6.999,63.6245110821382,0.636245110821382,0.2,1.0,0.778536615334207,0.6212785366286839,0.6212785366286839,0.0,0.46595890247151295
CHEMBL1530428,DEXAMETHASONE ACETATE,10,0,0,0.5652720235801295,-8.927,-7.716,False,,,,434.5,2.47,100.9,MAPK14,-7.889,86.08213820078227,0.8608213820078227,0.0,0.8,0.778536615334207,0.6211090451032601,0.6211090451032601,0.0,0.4658317838274451
CHEMBL225072,PEMETREXED,10,0,1,0.485627917358884,-9.295,-8.1945,False,Launched,dihydrofolate reductase inhibitor|thymidylate synthase inhibitor,non-small cell lung cancer (NSCLC)|mesothelioma,427.4,0.67,191.3,TNIK,-8.554,90.22200457068233,0.9022200457068233,0.0,0.2,0.8242056993121519,0.5245188731795521,0.5245188731795521,0.2890648263178878,0.46565536146413605
CHEMBL5315053,PEMETREXED MONOHYDRATE,10,0,1,0.485627917358884,-9.295,-8.1945,False,,,,427.4,0.67,191.3,TNIK,-8.554,90.22200457068233,0.9022200457068233,0.0,0.2,0.8242056993121519,0.5245188731795521,0.5245188731795521,0.2890648263178878,0.46565536146413605
CHEMBL2104910,SULFADICRAMIDE,10,0,0,0.47058782646829966,-7.592,-6.557,False,,,,254.3,1.04,89.3,TNIK,-7.592,74.30623571661769,0.743062357166177,0.0,1.0,0.8242056993121519,0.6208557977632936,0.6208557977632936,0.0,0.4656418483224702
CHEMBL1201022,PHENAZOPYRIDINE HYDROCHLORIDE,10,0,0,0.5035819944211888,-7.592,-6.711,False,,,,213.2,2.66,89.6,TNIK,-7.592,74.30623571661769,0.743062357166177,0.0,1.0,0.8242056993121519,0.6208557977632936,0.6208557977632936,0.0,0.4656418483224702
CHEMBL1242,PHENAZOPYRIDINE,10,0,0,0.5035819944211888,-7.592,-6.711,False,Launched,local anesthetic,urinary tract infections,213.2,2.66,89.6,TNIK,-7.592,74.30623571661769,0.743062357166177,0.0,1.0,0.8242056993121519,0.6208557977632936,0.6208557977632936,0.0,0.4656418483224702
CHEMBL705,ALITRETINOIN,10,0,0,0.558254053498227,-9.224,-7.5405,False,,,,300.4,5.6,37.3,ADRA2A,-9.224,90.22801302931596,0.9022801302931596,0.0,0.9,0.5324652394614875,0.620781838036487,0.620781838036487,0.0,0.4655863785273653
CHEMBL2106794,NAFTAZONE,10,0,0,0.48847293871642394,-7.885,-7.133,False,,,,215.2,0.92,84.6,MAPK14,-7.885,85.98435462842242,0.8598435462842242,0.0,0.8,0.778536615334207,0.6207179108138208,0.6207179108138208,0.0,0.4655384331103656
CHEMBL248702,DEXFENFLURAMINE,10,0,0,0.4809876863551235,-7.589,-6.6135,False,,,,231.3,3.25,12.0,TNIK,-7.589,74.22461638916096,0.7422461638916096,0.0,1.0,0.8242056993121519,0.6205293204534666,0.6205293204534666,0.0,0.46539699034009996
CHEMBL1887891,DEXFENFLURAMINE HYDROCHLORIDE,10,0,0,0.4809876863551235,-7.589,-6.6135,False,,,,231.3,3.25,12.0,TNIK,-7.589,74.22461638916096,0.7422461638916096,0.0,1.0,0.8242056993121519,0.6205293204534666,0.6205293204534666,0.0,0.46539699034009996
CHEMBL1200410,PROCARBAZINE HYDROCHLORIDE,10,0,0,0.4728264577272789,-7.586,-6.635999999999999,False,,,,221.3,1.05,53.2,TNIK,-7.586,74.15932092719557,0.7415932092719557,0.0,1.0,0.8242056993121519,0.620268138605605,0.620268138605605,0.0,0.4652011039542038
CHEMBL1321,PROCARBAZINE,10,0,0,0.4728264577272789,-7.586,-6.635999999999999,False,Launched,monoamine oxidase inhibitor,Hodgkin's lymphoma,221.3,1.05,53.2,TNIK,-7.586,74.15932092719557,0.7415932092719557,0.0,1.0,0.8242056993121519,0.620268138605605,0.620268138605605,0.0,0.4652011039542038
CHEMBL518924,MAVORIXAFOR,10,0,0,0.524401557244995,-8.073,-6.8215,False,,,,349.5,3.58,70.8,MAPK14,-7.41,75.78226857887876,0.7578226857887875,0.0,1.0,0.778536615334207,0.619909566615646,0.619909566615646,0.0,0.4649321749617345
CHEMBL10878,AGOMELATINE,10,0,0,0.5152180258287944,-7.581,-7.104,False,Launched,melatonin receptor agonist|serotonin receptor antagonist,depression,243.3,2.53,38.3,TNIK,-7.581,74.04505386875611,0.7404505386875612,0.0,1.0,0.8242056993121519,0.6198110703718472,0.6198110703718472,0.0,0.4648583027788854
CHEMBL1568276,NAFCILLIN SODIUM,10,0,0,0.5279055465375555,-9.395,-7.3115000000000006,False,,,,413.5,1.15,98.8,SLC2A1,-9.395,80.64253098499674,0.8064253098499674,0.0,0.8,0.9141924959216966,0.6196989983282415,0.6196989983282415,0.0,0.4647742487461811
CHEMBL86304,MOCLOBEMIDE,10,0,0,0.4916923945499442,-7.399,-6.6965,False,Launched,monoamine oxidase inhibitor,depression|anxiety,268.7,1.4,41.6,MAPK14,-7.399,75.68448500651891,0.7568448500651891,0.0,1.0,0.778536615334207,0.6195184323262066,0.6195184323262066,0.0,0.46463882424465497
CHEMBL1200497,CYCLIZINE LACTATE,10,0,0,0.49695429723073686,-8.621,-6.673500000000001,False,,,,266.4,3.02,6.5,ACVR1,-8.621,74.99186991869918,0.7499186991869918,0.0,1.0,0.7969667318982387,0.6195124894595325,0.6195124894595325,0.0,0.4646343670946494
CHEMBL648,CYCLIZINE,10,0,0,0.49695429723073686,-8.621,-6.673500000000001,False,Launched,histamine receptor modulator,nausea|vomiting|vertigo|motion sickness,266.4,3.02,6.5,ACVR1,-8.621,74.99186991869918,0.7499186991869918,0.0,1.0,0.7969667318982387,0.6195124894595325,0.6195124894595325,0.0,0.4646343670946494
CHEMBL1501,FLUOCINONIDE,10,0,0,0.5216335035266252,-10.12,-7.1805,False,Launched,glucocorticoid receptor agonist,seborrheic dermatitis|eczema,494.5,2.94,99.1,SLC2A1,-10.12,90.55772994129158,0.9055772994129159,0.0,0.6,0.9141924959216966,0.6193597941534208,0.6193597941534208,0.0,0.4645198456150656
CHEMBL850,SPARFLOXACIN,10,0,0,0.5147487725308115,-9.349,-6.7575,False,Withdrawn,bacterial DNA gyrase inhibitor,,392.4,2.08,100.6,ACVR1,-9.053,84.91056910569105,0.8491056910569106,0.0,0.8,0.7969667318982387,0.6191872862075001,0.6191872862075001,0.0,0.46439046465562506
CHEMBL1148,TORSEMIDE,10,0,0,0.5480016191190321,-8.909,-7.481999999999999,False,,,,348.4,2.53,100.2,TNIK,-8.101,83.85569702905647,0.8385569702905648,0.0,0.8,0.8242056993121519,0.6190536430130488,0.6190536430130488,0.0,0.4642902322597866
CHEMBL1201294,DIPHENOXYLATE,10,0,0,0.5244093244758781,-9.364,-7.8545,False,,,,452.6,5.48,53.3,AXL,-8.208,91.74535981764897,0.9174535981764897,0.0,0.6,0.8797731045932484,0.6189474049595831,0.6189474049595831,0.0,0.46421055371968734
CHEMBL1200665,DIPHENOXYLATE HYDROCHLORIDE,10,0,0,0.5244093244758781,-9.364,-7.8545,False,,,,452.6,5.48,53.3,AXL,-8.208,91.74535981764897,0.9174535981764897,0.0,0.6,0.8797731045932484,0.6189474049595831,0.6189474049595831,0.0,0.46421055371968734
CHEMBL781,MAZINDOL,10,0,0,0.5568940272517777,-8.629,-7.15,False,,,,284.7,2.61,35.8,TNIK,-7.56,73.81651975187724,0.7381651975187724,0.0,1.0,0.8242056993121519,0.6188969339043318,0.6188969339043318,0.0,0.4641727004282488
CHEMBL479,THIORIDAZINE,10,0,0,0.5153257932766615,-9.174,-7.0115,False,Withdrawn,dopamine receptor antagonist,,370.6,5.89,6.5,SLC2A1,-9.174,75.44031311154599,0.7544031311154599,0.0,0.9,0.9141924959216966,0.6188901268344384,0.6188901268344384,0.0,0.46416759512582884
CHEMBL1200916,THIORIDAZINE HYDROCHLORIDE,10,0,0,0.5153257932766615,-9.174,-7.0115,False,,,,370.6,5.89,6.5,SLC2A1,-9.174,75.44031311154599,0.7544031311154599,0.0,0.9,0.9141924959216966,0.6188901268344384,0.6188901268344384,0.0,0.46416759512582884
CHEMBL1200774,FLUPREDNISOLONE,10,0,0,0.5648903238354797,-9.117,-7.61,False,,,,378.4,1.51,94.8,MAPK14,-7.855,85.49543676662321,0.8549543676662321,0.0,0.8,0.778536615334207,0.6187622393666239,0.6187622393666239,0.0,0.4640716795249679
CHEMBL1072,BUMETANIDE,10,0,0,0.4394828932566832,-8.485,-6.344,False,Launched,solute carrier family member inhibitor,edema|congestive heart failure,364.4,3.04,118.7,MAPK14,-7.851,85.44654498044328,0.8544654498044327,0.0,0.8,0.778536615334207,0.6185666722219041,0.6185666722219041,0.0,0.46392500416642807
CHEMBL370805,COCAINE,10,0,0,0.48062742716726115,-7.722,-6.4895,False,,,,303.4,1.87,55.8,TNIK,-7.555,73.66960496245511,0.7366960496245512,0.0,1.0,0.8242056993121519,0.6183092747466432,0.6183092747466432,0.0,0.4637319560599824
CHEMBL529437,COCAINE HYDROCHLORIDE,10,0,0,0.48062742716726115,-7.722,-6.4895,False,,,,303.4,1.87,55.8,TNIK,-7.555,73.66960496245511,0.7366960496245512,0.0,1.0,0.8242056993121519,0.6183092747466432,0.6183092747466432,0.0,0.4637319560599824
CHEMBL1201242,INDECAINIDE,10,0,0,0.522064565963483,-8.663,-6.748,False,,,,308.4,3.22,55.1,ACVR1,-8.604,74.6829268292683,0.7468292682926829,0.0,1.0,0.7969667318982387,0.618276717101809,0.618276717101809,0.0,0.46370753782635676
CHEMBL1200341,INDECAINIDE HYDROCHLORIDE,10,0,0,0.522064565963483,-8.663,-6.748,False,,,,308.4,3.22,55.1,ACVR1,-8.604,74.6829268292683,0.7468292682926829,0.0,1.0,0.7969667318982387,0.618276717101809,0.618276717101809,0.0,0.46370753782635676
CHEMBL94394,BUFEXAMAC,10,0,0,0.470312548763245,-7.379,-6.555,False,Withdrawn,cyclooxygenase inhibitor,,223.3,1.91,58.6,SERPINE1,-6.702,85.77235772357723,0.8577235772357723,0.0,1.0,0.5,0.6180894308943089,0.6180894308943089,0.0,0.46356707317073165
CHEMBL1801800,METABROMSALAN,10,0,0,0.5182703241557156,-8.179,-7.146,False,,,,371.0,4.17,49.3,TNIK,-7.785,78.58308847535096,0.7858308847535096,0.0,0.9,0.8242056993121519,0.6179632087982266,0.6179632087982266,0.0,0.46347240659866995
CHEMBL1201109,DESONIDE,10,0,0,0.5445647945720739,-9.593,-7.281499999999999,False,Launched,glucocorticoid receptor agonist,Crohn's disease,416.5,2.33,93.1,ADRA2A,-9.593,94.46254071661238,0.9446254071661238,0.0,0.8,0.5324652394614875,0.6177199487856727,0.6177199487856727,0.0,0.4632899615892545
CHEMBL193240,ROFLUMILAST,10,0,0,0.5325953224505988,-8.35,-7.510999999999999,False,Launched,phosphodiesterase inhibitor,chronic obstructive pulmonary disease (COPD)|bronchitis,403.2,5.03,60.5,MAPK14,-7.84,85.21838331160365,0.8521838331160364,0.0,0.8,0.778536615334207,0.6176540255465457,0.6176540255465457,0.0,0.46324051915990927
CHEMBL1337,NITISINONE,10,0,0,0.5230743073727188,-8.847,-7.2705,False,Launched,hydroxyphenylpyruvate dioxygenase inhibitor,tyrosinemia,329.2,2.73,94.3,TNIK,-8.083,83.48024812275547,0.8348024812275547,0.0,0.8,0.8242056993121519,0.6175518473878447,0.6175518473878447,0.0,0.46316388554088356
CHEMBL1201753,PITAVASTATIN,10,0,0,0.5062126132231372,-10.07,-7.2115,False,Launched,HMGCR inhibitor,hyperlipidemia,421.5,4.52,90.7,SLC2A1,-10.07,90.08480104370516,0.9008480104370515,0.0,0.6,0.9141924959216966,0.6174680785630751,0.6174680785630751,0.0,0.4631010589223063
CHEMBL1465,PHENPROCOUMON,10,0,0,0.5341349274977205,-8.431,-7.2705,False,Launched,vitamin K antagonist,thrombosis|pulmonary embolism (PE),280.3,4.04,50.4,SERPINE1,-6.897,90.60162601626016,0.9060162601626015,0.0,0.9,0.5,0.6174065040650406,0.6174065040650406,0.0,0.4630548780487804
CHEMBL760,ANAGRELIDE,10,0,0,0.5051764046217676,-7.859,-6.7515,False,Launched,phosphodiesterase inhibitor,thrombocythemia|myeloproliferative neoplasms,256.1,1.93,44.7,TNIK,-7.541,73.44107084557623,0.7344107084557624,0.0,1.0,0.8242056993121519,0.6173951382791277,0.6173951382791277,0.0,0.46304635370934577
CHEMBL1200759,ANAGRELIDE HYDROCHLORIDE,10,0,0,0.5051764046217676,-7.859,-6.7515,False,,,,256.1,1.93,44.7,TNIK,-7.541,73.44107084557623,0.7344107084557624,0.0,1.0,0.8242056993121519,0.6173951382791277,0.6173951382791277,0.0,0.46304635370934577
CHEMBL3544974,ASENAPINE MALEATE,10,0,0,0.542900128334678,-9.152,-7.0184999999999995,False,,,,285.8,4.26,12.5,SLC2A1,-9.152,75.06523157208089,0.7506523157208089,0.0,0.9,0.9141924959216966,0.6173898006765781,0.6173898006765781,0.0,0.4630423505074336
CHEMBL1529,DIPHENIDOL HYDROCHLORIDE,10,0,0,0.5037822830325489,-8.807,-6.922499999999999,False,,,,309.5,4.19,23.5,ACVR1,-8.807,79.4471544715447,0.7944715447154471,0.0,0.9,0.7969667318982387,0.6173336276709147,0.6173336276709147,0.0,0.46300022075318603
CHEMBL8,CIPROFLOXACIN,10,0,0,0.5569904953469518,-8.813,-7.2315000000000005,False,Launched,bacterial DNA gyrase inhibitor,otitis,331.3,1.58,74.6,VASH2,-7.812,85.55374592833877,0.8555374592833878,0.0,1.0,0.5,0.6172149837133551,0.6172149837133551,0.0,0.46291123778501636
CHEMBL1202,CIPROFLOXACIN HYDROCHLORIDE,10,0,0,0.5569904953469518,-8.813,-7.2315000000000005,False,,,,331.3,1.58,74.6,VASH2,-7.812,85.55374592833877,0.8555374592833878,0.0,1.0,0.5,0.6172149837133551,0.6172149837133551,0.0,0.46291123778501636
CHEMBL942,BISACODYL,10,0,0,0.560121100923434,-9.151,-7.321,False,Launched,laxative,constipation,361.4,4.11,65.5,SLC2A1,-9.151,74.98369210697979,0.7498369210697979,0.0,0.9,0.9141924959216966,0.6170636428161737,0.6170636428161737,0.0,0.46279773211213027
CHEMBL131,PREDNISOLONE,10,0,0,0.5198945093082966,-8.582,-7.301,True,Launched,glucocorticoid receptor agonist,conjunctivitis|rosacea|punctate keratitis|shingles|iritis|cyclitis,360.5,1.56,94.8,MAPK14,-7.817,85.00651890482399,0.8500651890482399,0.0,0.8,0.778536615334207,0.616806567919427,0.616806567919427,0.0,0.46260492593957026
CHEMBL205596,CHOLIC ACID,10,0,0,0.5359769567433432,-9.395,-7.7115,False,,,,408.6,3.45,98.0,MAPK14,-8.504,94.91525423728814,0.9491525423728814,0.0,0.6,0.778536615334207,0.6164415092492836,0.6164415092492836,0.0,0.46233113193696274
CHEMBL672,FENOFIBRATE,10,0,0,0.4945559538359482,-8.285,-6.859,False,Launched,PPAR receptor agonist,hypercholesterolemia|hypertriglyceridemia,360.8,4.68,52.6,MAPK14,-7.601,79.87288135593221,0.7987288135593221,0.0,0.9,0.778536615334207,0.6162720177238599,0.6162720177238599,0.0,0.4622040132928949
CHEMBL608,PROBUCOL,10,0,0,0.45335914932100774,-10.04,-6.5489999999999995,False,Launched,atherogenesis inhibitor,coronary artery disease (CAD),516.9,9.91,40.5,SLC2A1,-10.04,89.7586431833007,0.897586431833007,0.0,0.6,0.9141924959216966,0.6161634471214573,0.6161634471214573,0.0,0.46212258534109296
CHEMBL641,ATOMOXETINE,10,0,0,0.48314829386550634,-7.853,-6.474,False,Launched,norepinephrine transporter inhibitor,attention-deficit/hyperactivity disorder (ADHD),255.4,3.72,21.3,MAPK14,-7.374,74.83702737940025,0.7483702737940026,0.0,1.0,0.778536615334207,0.6161286018177321,0.6161286018177321,0.0,0.4620964513632991
CHEMBL1702,ATOMOXETINE HYDROCHLORIDE,10,0,0,0.48314829386550634,-7.853,-6.474,False,,,,255.4,3.72,21.3,MAPK14,-7.374,74.83702737940025,0.7483702737940026,0.0,1.0,0.778536615334207,0.6161286018177321,0.6161286018177321,0.0,0.4620964513632991
CHEMBL1201891,DEFLAZACORT,10,0,0,0.5581154555022516,-9.355,-7.4785,False,Launched,glucocorticoid receptor agonist,joint inflammation,441.5,2.56,102.3,SLC2A1,-9.355,79.74559686888453,0.7974559686888454,0.0,0.8,0.9141924959216966,0.6161112618637927,0.6161112618637927,0.0,0.46208344639784454
CHEMBL3989677,HYDROCODONE BITARTRATE,10,0,0,0.5167446585540876,-8.044,-6.7695,False,,,,299.4,1.93,38.8,SERPINE1,-6.683,85.21951219512195,0.8521951219512195,0.0,1.0,0.5,0.6158780487804878,0.6158780487804878,0.0,0.46190853658536585
CHEMBL1457,HYDROCODONE,10,0,0,0.5167446585540876,-8.044,-6.7695,False,,,,299.4,1.93,38.8,SERPINE1,-6.683,85.21951219512195,0.8521951219512195,0.0,1.0,0.5,0.6158780487804878,0.6158780487804878,0.0,0.46190853658536585
CHEMBL2103744,MORPHINE SULFATE,10,0,0,0.506924809049528,-8.842,-6.4544999999999995,False,,,,285.3,1.2,52.9,SLC2A1,-8.842,69.6836268754077,0.696836268754077,0.0,1.0,0.9141924959216966,0.6158633818898853,0.6158633818898853,0.0,0.461897536417414
CHEMBL70,MORPHINE,10,0,0,0.506924809049528,-8.842,-6.4544999999999995,True,,,,285.3,1.2,52.9,SLC2A1,-8.842,69.6836268754077,0.696836268754077,0.0,1.0,0.9141924959216966,0.6158633818898853,0.6158633818898853,0.0,0.461897536417414
CHEMBL848,LENALIDOMIDE,10,0,0,0.491219062670084,-8.809,-7.3675,False,Launched,anticancer agent,multiple myeloma|mantle cell lymphoma (MCL)|myelodysplastic diseases (MDS),259.3,0.03,92.5,TNIK,-8.809,93.04603330068561,0.930460333006856,0.0,0.6,0.8242056993121519,0.6158149880995653,0.6158149880995653,0.0,0.46186124107467397
CHEMBL6068337,LENALIDOMIDE HYDROCHLORIDE MONOHYDRATE,10,0,0,0.491219062670084,-8.809,-7.3675,False,,,,259.3,0.03,92.5,TNIK,-8.809,93.04603330068561,0.930460333006856,0.0,0.6,0.8242056993121519,0.6158149880995653,0.6158149880995653,0.0,0.46186124107467397
CHEMBL597,PHENTOLAMINE,10,0,0,0.5578466672262704,-8.588,-6.96,False,Launched,adrenergic receptor antagonist,pheochromocytoma|hypertension,281.4,2.84,47.9,ADRA2A,-7.849,58.97394136807817,0.5897394136807818,0.4,1.0,0.5324652394614875,0.6157655513915358,0.6157655513915358,0.0,0.46182416354365186
CHEMBL1200873,PHENTOLAMINE MESYLATE,10,0,0,0.5478466672262704,-8.588,-6.96,False,,,,281.4,2.84,47.9,ACVR1,-8.588,73.98373983739837,0.7398373983739838,0.0,1.0,0.7969667318982387,0.6154799691343293,0.6154799691343293,0.0,0.461609976850747
CHEMBL926,DOBUTAMINE,10,0,0,0.4798148990201809,-8.537,-7.4405,False,Launched,adrenergic receptor agonist,congestive heart failure,301.4,2.96,72.7,TNIK,-8.048,82.89258896506692,0.8289258896506692,0.0,0.8,0.8242056993121519,0.6152012107570904,0.6152012107570904,0.0,0.46140090806781786
CHEMBL1200418,DOBUTAMINE HYDROCHLORIDE,10,0,0,0.4798148990201809,-8.537,-7.4405,False,,,,301.4,2.96,72.7,TNIK,-8.048,82.89258896506692,0.8289258896506692,0.0,0.8,0.8242056993121519,0.6152012107570904,0.6152012107570904,0.0,0.46140090806781786
CHEMBL2107834,RIOCIGUAT,10,0,0,0.5522886621742897,-8.994,-7.5785,False,Launched,guanylate cyclase stimulant,hypertension,422.4,2.44,138.1,ACVR1,-8.994,83.90243902439025,0.8390243902439025,0.0,0.8,0.7969667318982387,0.6151547658822969,0.6151547658822969,0.0,0.46136607441172267
CHEMBL1200732,AMCINONIDE,10,0,0,0.5327718259356526,-9.474,-7.72,False,Launched,glucocorticoid receptor agonist,corticosteroid-responsive dermatoses,502.6,3.52,99.1,AXL,-8.154,90.78476066427874,0.9078476066427874,0.0,0.6,0.8797731045932484,0.6151050083461023,0.6151050083461023,0.0,0.4613287562595767
CHEMBL2107519,CHLORNAPHAZINE,10,0,0,0.4444849452403906,-7.76,-6.396,False,,,,268.2,4.12,3.2,TNIK,-7.76,77.86483839373165,0.7786483839373165,0.0,0.9,0.8242056993121519,0.6150902084717494,0.6150902084717494,0.0,0.46131765635381206
CHEMBL94,PHYSOSTIGMINE,10,0,0,0.5279634721483709,-7.921,-7.1,False,Launched,acetylcholinesterase inhibitor|cholinesterase inhibitor,hypotension|Alzheimer's disease|glaucoma|gastroparesis,275.4,1.77,44.8,TNIK,-7.517,72.85341168788769,0.7285341168788768,0.0,1.0,0.8242056993121519,0.6150445016483735,0.6150445016483735,0.0,0.46128337623628013
CHEMBL338975,PHYSOSTIGMINE SALICYLATE,10,0,0,0.5279634721483709,-7.921,-7.1,False,,,,275.4,1.77,44.8,TNIK,-7.517,72.85341168788769,0.7285341168788768,0.0,1.0,0.8242056993121519,0.6150445016483735,0.6150445016483735,0.0,0.46128337623628013
CHEMBL1201012,FLURANDRENOLIDE,10,0,0,0.55787039196147,-9.505,-7.477,False,,,,436.5,2.5,93.1,ADRA2A,-9.505,93.76221498371335,0.9376221498371335,0.0,0.8,0.5324652394614875,0.6149186458540766,0.6149186458540766,0.0,0.46118898439055744
CHEMBL110,BENZNIDAZOLE,10,0,0,0.4246429202034263,-7.804,-6.444,False,Launched,DNA synthesis inhibitor,Chagas disease,260.3,1.11,90.1,MAPK14,-7.804,84.46870925684486,0.8446870925684486,0.0,0.8,0.778536615334207,0.6146553293275105,0.6146553293275105,0.0,0.4609914969956329
CHEMBL2105743,OLODATEROL HYDROCHLORIDE,10,0,0,0.5095065401200369,-9.334,-7.818999999999999,False,,,,386.4,2.38,100.1,TNIK,-8.787,92.73587985634998,0.9273587985634998,0.0,0.6,0.8242056993121519,0.6145743743222227,0.6145743743222227,0.0,0.46093078074166705
CHEMBL605846,OLODATEROL,10,0,0,0.5095065401200369,-9.334,-7.818999999999999,False,,,,386.4,2.38,100.1,TNIK,-8.787,92.73587985634998,0.9273587985634998,0.0,0.6,0.8242056993121519,0.6145743743222227,0.6145743743222227,0.0,0.46093078074166705
CHEMBL1201198,PEMIROLAST,10,0,0,0.46168447026305176,-8.038,-7.1025,False,Launched,mediator release inhibitor,asthma,228.2,0.18,88.8,TNIK,-8.038,82.72935031015345,0.8272935031015345,0.0,0.8,0.8242056993121519,0.6145482561374366,0.6145482561374366,0.0,0.4609111921030774
CHEMBL3989962,PEMETREXED TROMETHAMINE,10,0,1,0.48532144459737464,-9.547,-8.165,False,,,,427.4,0.67,191.3,AXL,-7.942,86.51904916965158,0.8651904916965159,0.0,0.2,0.8797731045932484,0.5180421623675936,0.5180421623675936,0.2890648263178878,0.4607978283551672
CHEMBL291657,CRINECERFONT,10,0,0,0.5397633222640595,-9.699,-7.9395,False,,,,483.1,7.52,25.4,ACVR1,-9.699,93.67479674796748,0.9367479674796748,0.0,0.6,0.7969667318982387,0.6142441967766057,0.6142441967766057,0.0,0.46068314758245427
CHEMBL1200348,SULCONAZOLE NITRATE,10,0,0,0.5027748922803476,-8.195,-6.9465,False,,,,397.8,6.52,17.8,MAPK14,-7.576,79.35136897001304,0.7935136897001304,0.0,0.9,0.778536615334207,0.6141859681801833,0.6141859681801833,0.0,0.4606394761351375
CHEMBL1221,SULCONAZOLE,10,0,0,0.5027748922803476,-8.195,-6.9465,False,Launched,sterol demethylase inhibitor,tinea pedis|tinea cruris|tinea corporis,397.8,6.52,17.8,MAPK14,-7.576,79.35136897001304,0.7935136897001304,0.0,0.9,0.778536615334207,0.6141859681801833,0.6141859681801833,0.0,0.4606394761351375
CHEMBL1282,IMIQUIMOD,10,0,0,0.5131315660360399,-7.929,-6.968500000000001,False,Launched,interferon inducer|toll-like receptor agonist,actinic keratosis (AK)|genital warts|basal cell carcinoma (BCC),240.3,2.82,56.7,MAPK14,-7.354,74.31551499348109,0.7431551499348109,0.0,1.0,0.778536615334207,0.6140425522740554,0.6140425522740554,0.0,0.4605319142055415
CHEMBL1201320,ESOMEPRAZOLE,10,0,0,0.533467239057905,-8.107,-6.9510000000000005,False,Launched,ATPase inhibitor,gastroesophageal reflux disease (GERD)|Zollinger-Ellison syndrome|peptic ulcer disease (PUD),345.4,2.9,83.1,VASH2,-7.766,84.73941368078177,0.8473941368078176,0.0,1.0,0.5,0.613957654723127,0.613957654723127,0.0,0.4604682410423453
CHEMBL5314366,ESOMEPRAZOLE MAGNESIUM,10,0,0,0.533467239057905,-8.107,-6.9510000000000005,False,,,,345.4,2.9,83.1,VASH2,-7.766,84.73941368078177,0.8473941368078176,0.0,1.0,0.5,0.613957654723127,0.613957654723127,0.0,0.4604682410423453
CHEMBL5416410,DASATINIB,10,0,0,0.533360431928581,-9.997,-7.58,False,Launched,Bcr-Abl kinase inhibitor|ephrin inhibitor|KIT inhibitor|PDGFR tyrosine kinase receptor inhibitor|SRC inhibitor|tyrosine kinase inhibitor,chronic myeloid leukemia (CML)|acute lymphoblastic leukemia (ALL),488.0,3.31,106.5,SLC2A1,-9.997,89.18786692759295,0.8918786692759295,0.0,0.6,0.9141924959216966,0.6138803420986263,0.6138803420986263,0.0,0.4604102565739697
CHEMBL1421,DASATINIB ANHYDROUS,10,0,0,0.533360431928581,-9.997,-7.58,False,,,,488.0,3.31,106.5,SLC2A1,-9.997,89.18786692759295,0.8918786692759295,0.0,0.6,0.9141924959216966,0.6138803420986263,0.6138803420986263,0.0,0.4604102565739697
CHEMBL1201010,FLUDROCORTISONE ACETATE,10,0,0,0.5610299064789285,-9.332,-7.497999999999999,False,,,,422.5,2.44,100.9,SLC2A1,-9.332,79.17482061317678,0.7917482061317678,0.0,0.8,0.9141924959216966,0.6138281568409616,0.6138281568409616,0.0,0.4603711176307212
CHEMBL1622,FOLIC ACID,10,0,1,0.47181441535386526,-9.455,-7.929,False,,,,441.4,-0.04,213.3,TNIK,-8.432,88.41005550114266,0.8841005550114267,0.0,0.2,0.8242056993121519,0.5172710769013935,0.5172710769013935,0.2890648263178878,0.4602195142555171
CHEMBL363295,TERODILINE,10,0,0,0.47502885142032564,-8.775,-6.4175,False,Withdrawn,cholinergic receptor antagonist,,281.4,4.99,12.0,ACVR1,-8.775,78.48780487804878,0.7848780487804877,0.0,0.9,0.7969667318982387,0.6134962292969309,0.6134962292969309,0.0,0.4601221719726982
CHEMBL539770,TERODILINE HYDROCHLORIDE,10,0,0,0.47502885142032564,-8.775,-6.4175,False,,,,281.4,4.99,12.0,ACVR1,-8.775,78.48780487804878,0.7848780487804877,0.0,0.9,0.7969667318982387,0.6134962292969309,0.6134962292969309,0.0,0.4601221719726982
CHEMBL1200908,HALOBETASOL PROPIONATE,10,0,0,0.4712719924686904,-9.658,-6.7715,False,,,,485.0,4.05,80.7,ACVR1,-9.658,93.4308943089431,0.9343089430894309,0.0,0.6,0.7969667318982387,0.6132685870205081,0.6132685870205081,0.0,0.4599514402653811
CHEMBL4297522,PEMIGATINIB,10,0,0,0.5494737172016234,-9.256,-7.7265,False,,,,487.5,3.66,83.2,ACVR1,-8.96,83.39837398373984,0.8339837398373985,0.0,0.8,0.7969667318982387,0.6131385057196952,0.6131385057196952,0.0,0.4598538792897714
CHEMBL3187723,BINIMETINIB,10,0,0,0.5610902970665234,-8.502,-7.0625,False,Launched,MEK inhibitor,melanoma,441.2,3.01,88.4,TNIK,-7.487,72.36369572314723,0.7236369572314723,0.0,1.0,0.8242056993121519,0.6130856377894117,0.6130856377894117,0.0,0.45981422834205876
CHEMBL1200868,PHENYL AMINOSALICYLATE,10,0,0,0.5116303972680325,-7.841,-6.902,False,,,,229.2,2.19,72.6,TNIK,-7.486,72.31472412667318,0.7231472412667318,0.0,1.0,0.8242056993121519,0.6128897514035155,0.6128897514035155,0.0,0.4596673135526367
CHEMBL991,STAVUDINE,10,0,0,0.43695850965325683,-7.176,-6.681,False,Launched,DNA directed DNA polymerase inhibitor|nucleoside reverse transcriptase inhibitor,human immunodeficiency virus (HIV-1),224.2,-0.71,84.3,SERPINE1,-7.176,94.47154471544715,0.9447154471544715,0.0,0.8,0.5,0.6128861788617886,0.6128861788617886,0.0,0.4596646341463415
CHEMBL405110,METHYLENE BLUE ANHYDROUS,10,0,0,0.49573499800067333,-7.993,-6.548500000000001,False,,,,284.4,3.86,19.4,TNIK,-7.481,72.2494286647078,0.722494286647078,0.0,1.0,0.8242056993121519,0.612628569555654,0.612628569555654,0.0,0.4594714271667405
CHEMBL285674,ESTAZOLAM,10,0,0,0.5474535068475406,-8.618,-7.1825,False,,,,294.7,3.27,43.1,TNIK,-7.479,72.2167809337251,0.722167809337251,0.0,1.0,0.8242056993121519,0.6124979786317232,0.6124979786317232,0.0,0.4593734839737924
CHEMBL632,BETAMETHASONE,10,0,0,0.5712304674277668,-9.322,-7.5809999999999995,False,Launched,glucocorticoid receptor agonist,corticosteroid-responsive dermatoses,392.5,1.9,94.8,SLC2A1,-9.322,78.83235485975212,0.7883235485975212,0.0,0.8,0.9141924959216966,0.612458293827263,0.612458293827263,0.0,0.45934372037044724
CHEMBL1567328,OMEPRAZOLE MAGNESIUM,10,0,0,0.5390061960510028,-8.261,-6.978,False,,,,344.4,2.53,81.4,SERPINE1,-6.658,84.32520325203252,0.8432520325203252,0.0,1.0,0.5,0.61230081300813,0.61230081300813,0.0,0.4592256097560975
CHEMBL1201196,SERTACONAZOLE,10,0,0,0.5222601434816475,-8.779,-7.203,False,Launched,sterol demethylase inhibitor,tinea pedis,437.8,7.02,27.1,MAPK14,-7.767,83.84941329856585,0.8384941329856584,0.0,0.8,0.778536615334207,0.6121781454943944,0.6121781454943944,0.0,0.4591336091207958
CHEMBL1200725,SERTACONAZOLE NITRATE,10,0,0,0.5222601434816475,-8.779,-7.203,False,,,,437.8,7.02,27.1,MAPK14,-7.767,83.84941329856585,0.8384941329856584,0.0,0.8,0.778536615334207,0.6121781454943944,0.6121781454943944,0.0,0.4591336091207958
CHEMBL1020,TOLMETIN,10,0,0,0.5257008396782339,-7.562,-7.24,False,Launched,cyclooxygenase inhibitor,rheumatoid arthritis|osteoarthritis,257.3,2.19,59.3,MAPK14,-7.335,73.79400260756192,0.7379400260756193,0.0,1.0,0.778536615334207,0.6119565027303788,0.6119565027303788,0.0,0.4589673770477841
CHEMBL1357648,AMODIAQUINE HYDROCHLORIDE,10,0,0,0.5219584619505832,-8.441,-7.013,False,,,,355.9,5.18,48.4,TNIK,-7.709,76.95070192621613,0.7695070192621613,0.0,0.9,0.8242056993121519,0.6114336626016873,0.6114336626016873,0.0,0.4585752469512655
CHEMBL682,AMODIAQUINE,10,0,0,0.5219584619505832,-8.441,-7.013,False,Launched,histamine receptor agonist,malaria,355.9,5.18,48.4,TNIK,-7.709,76.95070192621613,0.7695070192621613,0.0,0.9,0.8242056993121519,0.6114336626016873,0.6114336626016873,0.0,0.4585752469512655
CHEMBL989,FLUOCINOLONE ACETONIDE,10,0,0,0.5085229323278473,-9.94,-7.1259999999999994,False,,,,452.5,2.37,93.1,SLC2A1,-9.94,88.53555120678408,0.8853555120678408,0.0,0.6,0.9141924959216966,0.6112710792153908,0.6112710792153908,0.0,0.4584533094115431
CHEMBL2107430,FLUTRIMAZOLE,10,0,0,0.4753540131515265,-7.979,-6.7295,False,Launched,sterol demethylase inhibitor,mycosis,346.4,5.0,17.8,GALNS,-7.831,89.06657963446474,0.8906657963446475,0.0,0.9,0.5,0.611266318537859,0.611266318537859,0.0,0.45844973890339424
CHEMBL1200334,MORICIZINE HYDROCHLORIDE,10,0,0,0.5003086576436978,-9.308,-6.8735,False,,,,427.5,4.11,71.1,SLC2A1,-9.308,78.5225048923679,0.7852250489236791,0.0,0.8,0.9141924959216966,0.6112188939577261,0.6112188939577261,0.0,0.4584141704682946
CHEMBL1075,MORICIZINE,10,0,0,0.5003086576436978,-9.308,-6.8735,False,,,,427.5,4.11,71.1,SLC2A1,-9.308,78.5225048923679,0.7852250489236791,0.0,0.8,0.9141924959216966,0.6112188939577261,0.6112188939577261,0.0,0.4584141704682946
CHEMBL1200963,BIMATOPROST,10,0,0,0.4441057685330733,-8.371,-7.484,False,Launched,prostanoid receptor agonist,intraocular pressure|glaucoma|ocular hypertension,415.6,3.15,89.8,MAPK14,-8.371,93.57887874837027,0.9357887874837028,0.0,0.6,0.778536615334207,0.6110960072936122,0.6110960072936122,0.0,0.4583220054702092
CHEMBL778,DEXMEDETOMIDINE,10,0,0,0.47812108613891746,-7.806,-6.3245000000000005,True,Launched,adrenergic receptor agonist,sedative,200.3,3.18,28.7,ADRA2A,-7.806,57.75244299674267,0.5775244299674267,0.4,1.0,0.5324652394614875,0.6108795579061937,0.6108795579061937,0.0,0.4581596684296453
CHEMBL1201032,RIZATRIPTAN BENZOATE,10,0,0,0.4624470223481897,-7.471,-6.3629999999999995,False,,,,269.4,1.91,49.7,TNIK,-7.471,71.8086842964414,0.7180868429644139,0.0,1.0,0.8242056993121519,0.6108655920825884,0.6108655920825884,0.0,0.4581491940619413
CHEMBL1382,TOLTERODINE,10,0,0,0.46311218145491473,-8.733,-6.5009999999999994,False,Launched,acetylcholine receptor antagonist,urinary incontinence|urinary frequency,325.5,5.34,23.5,ACVR1,-8.733,77.75609756097562,0.7775609756097562,0.0,0.9,0.7969667318982387,0.6105694000286384,0.6105694000286384,0.0,0.45792705002147877
CHEMBL1722209,TOLTERODINE TARTRATE,10,0,0,0.46311218145491473,-8.733,-6.5009999999999994,False,,,,325.5,5.34,23.5,ACVR1,-8.733,77.75609756097562,0.7775609756097562,0.0,0.9,0.7969667318982387,0.6105694000286384,0.6105694000286384,0.0,0.45792705002147877
CHEMBL204656,ELVITEGRAVIR,10,0,0,0.5253059247976439,-8.692,-7.1754999999999995,False,Launched,HIV integrase inhibitor,human immunodeficiency virus (HIV-1),447.9,4.28,88.8,TNIK,-7.974,81.71727064968984,0.8171727064968983,0.0,0.8,0.8242056993121519,0.6104999374955822,0.6104999374955822,0.0,0.45787495312168663
CHEMBL1200388,CLOXACILLIN SODIUM,10,0,0,0.5470349913778991,-9.244,-7.2755,False,,,,434.9,1.21,115.6,ACVR1,-8.933,82.73170731707317,0.8273170731707318,0.0,0.8,0.7969667318982387,0.6104718390530286,0.6104718390530286,0.0,0.45785387928977145
CHEMBL847,OXAMNIQUINE,10,0,0,0.519716096493991,-7.982,-7.1945,False,,,,279.3,1.81,87.4,MAPK14,-7.315,73.40286831812256,0.7340286831812256,0.0,1.0,0.778536615334207,0.6103919655726213,0.6103919655726213,0.0,0.457793974179466
CHEMBL260538,ULIPRISTAL ACETATE,10,0,0,0.4617084642603409,-9.543,-6.568,False,,,,475.6,5.54,63.7,AXL,-8.097,89.51481602084012,0.8951481602084012,0.0,0.6,0.8797731045932484,0.6100252297723477,0.6100252297723477,0.0,0.45751892232926084
CHEMBL550495,METHYLENE BLUE,10,0,0,0.5397624475554004,-8.441,-6.8740000000000006,False,,,,284.4,2.5,19.1,TNIK,-7.465,71.56382631407118,0.7156382631407118,0.0,1.0,0.8242056993121519,0.6098861601531075,0.6098861601531075,0.0,0.4574146201148306
CHEMBL191083,METHYLENE BLUE CATION,10,0,0,0.5397624475554004,-8.441,-6.8740000000000006,False,,,,284.4,2.5,19.1,TNIK,-7.465,71.56382631407118,0.7156382631407118,0.0,1.0,0.8242056993121519,0.6098861601531075,0.6098861601531075,0.0,0.4574146201148306
CHEMBL1200545,DIFLORASONE DIACETATE,10,0,0,0.4643397768292556,-8.101,-7.11,False,,,,494.5,2.99,107.0,AXL,-8.095,89.44969065450992,0.8944969065450992,0.0,0.6,0.8797731045932484,0.6097647283070269,0.6097647283070269,0.0,0.45732354623027016
CHEMBL1404,RANOLAZINE,10,0,0,0.5400245136978787,-9.041,-7.3255,False,Launched,sodium channel blocker,chronic stable angina,427.5,2.31,74.3,TNIK,-7.961,81.50506039830232,0.8150506039830232,0.0,0.8,0.8242056993121519,0.6096510964900321,0.6096510964900321,0.0,0.4572383223675241
CHEMBL852,MELPHALAN,10,0,0,0.4507684451782687,-6.847,-6.449,False,Launched,DNA alkylating agent|DNA inhibitor,multiple myeloma,305.2,1.93,66.6,SERPINE1,-6.638,83.65853658536585,0.8365853658536585,0.0,1.0,0.5,0.6096341463414634,0.6096341463414634,0.0,0.45722560975609755
CHEMBL1200863,MELPHALAN HYDROCHLORIDE,10,0,0,0.4507684451782687,-6.847,-6.449,False,,,,305.2,1.93,66.6,SERPINE1,-6.638,83.65853658536585,0.8365853658536585,0.0,1.0,0.5,0.6096341463414634,0.6096341463414634,0.0,0.45722560975609755
CHEMBL1297,FENOPROFEN,10,0,0,0.5029175183962942,-7.81,-6.9125,False,Launched,prostaglandin inhibitor,rheumatoid arthritis|osteoarthritis,242.3,3.67,46.5,TNIK,-7.464,71.49853085210577,0.7149853085210577,0.0,1.0,0.8242056993121519,0.6096249783052459,0.6096249783052459,0.0,0.4572187337289344
CHEMBL3137308,PEFICITINIB,10,0,0,0.5278940570406031,-9.463,-7.4735,False,Launched,JAK inhibitor,rheumatoid arthritis,326.4,2.01,104.0,MAPK14,-8.349,93.17144719687093,0.9317144719687093,0.0,0.6,0.778536615334207,0.6094662810876148,0.6094662810876148,0.0,0.4570997108157111
CHEMBL3137329,PEFICITINIB HYDROBROMIDE,10,0,0,0.5278940570406031,-9.463,-7.4735,False,,,,326.4,2.01,104.0,MAPK14,-8.349,93.17144719687093,0.9317144719687093,0.0,0.6,0.778536615334207,0.6094662810876148,0.6094662810876148,0.0,0.4570997108157111
CHEMBL71752,VINPOCETINE,10,0,0,0.5205431694756412,-8.53,-6.88,False,Launched,phosphodiesterase inhibitor|sodium channel blocker,stroke|senile dementia,350.5,4.15,34.5,ACVR1,-8.53,72.47154471544715,0.7247154471544716,0.0,1.0,0.7969667318982387,0.6094311886465245,0.6094311886465245,0.0,0.45707339148489334
CHEMBL259972,MOFEZOLAC,10,0,0,0.5397379217225569,-8.77,-6.7775,False,Launched,cyclooxygenase inhibitor,rheumatoid arthritis|osteoporosis,339.3,3.65,81.8,SLC2A1,-8.77,68.00391389432485,0.6800391389432485,0.0,1.0,0.9141924959216966,0.6091445299655539,0.6091445299655539,0.0,0.45685839747416546
CHEMBL1051,LATANOPROST,10,0,0,0.43793881916185795,-8.346,-7.2585,False,Launched,prostanoid receptor agonist,ocular hypertension|glaucoma,432.6,4.19,87.0,MAPK14,-8.346,93.08996088657105,0.9308996088657104,0.0,0.6,0.778536615334207,0.6091403358464152,0.6091403358464152,0.0,0.45685525188481146
CHEMBL341812,IBUFENAC,10,0,0,0.44747961164883926,-7.453,-6.4675,False,,,,192.3,2.51,37.3,TNIK,-7.453,71.33529219719229,0.7133529219719229,0.0,1.0,0.8242056993121519,0.608972023685592,0.608972023685592,0.0,0.456729017764194
CHEMBL2359966,QUININE SULFATE,10,0,0,0.5479051977007898,-8.524,-6.9965,False,,,,324.4,3.17,45.6,MAPK14,-7.301,73.04432855280312,0.7304432855280312,0.0,1.0,0.778536615334207,0.6089578065113435,0.6089578065113435,0.0,0.4567183548835076
CHEMBL170,QUININE,10,0,0,0.5479051977007898,-8.524,-6.9965,False,Launched,hemozoin biocrystallization inhibitor,malaria,324.4,3.17,45.6,MAPK14,-7.301,73.04432855280312,0.7304432855280312,0.0,1.0,0.778536615334207,0.6089578065113435,0.6089578065113435,0.0,0.4567183548835076
CHEMBL3989676,OXYPHENBUTAZONE,10,0,0,0.5227351254267332,-8.769,-6.8725000000000005,False,Withdrawn,cyclooxygenase inhibitor,,324.4,3.49,60.9,SLC2A1,-8.769,67.95499021526419,0.6795499021526419,0.0,1.0,0.9141924959216966,0.6089488352493113,0.6089488352493113,0.0,0.4567116264369835
CHEMBL1228,OXYPHENBUTAZONE ANHYDROUS,10,0,0,0.5227351254267332,-8.769,-6.8725000000000005,False,,,,324.4,3.49,60.9,SLC2A1,-8.769,67.95499021526419,0.6795499021526419,0.0,1.0,0.9141924959216966,0.6089488352493113,0.6089488352493113,0.0,0.4567116264369835
CHEMBL3545376,ERDAFITINIB,10,0,0,0.5013637313317869,-9.172,-7.4495000000000005,False,Launched,FGFR inhibitor,,446.6,4.18,77.3,TNIK,-8.662,91.29937969311132,0.9129937969311132,0.0,0.6,0.8242056993121519,0.608828373669268,0.608828373669268,0.0,0.45662128025195103
CHEMBL1096146,PONESIMOD,10,0,0,0.4557157621406027,-9.861,-6.8565000000000005,False,Phase 3,sphingosine 1-phosphate receptor agonist,,461.0,4.27,82.4,SLC2A1,-9.861,87.866927592955,0.8786692759295499,0.0,0.6,0.9141924959216966,0.6085965847600745,0.6085965847600745,0.0,0.4564474385700559
CHEMBL27193,DILEVALOL,10,0,0,0.47318658583452794,-9.106,-7.9285,False,,,,328.4,2.14,95.6,MAPK14,-8.319,92.91069100391134,0.9291069100391134,0.0,0.6,0.778536615334207,0.6084232563157764,0.6084232563157764,0.0,0.45631744223683235
CHEMBL1204165,DILEVALOL HYDROCHLORIDE,10,0,0,0.47318658583452794,-9.106,-7.9285,False,,,,328.4,2.14,95.6,MAPK14,-8.319,92.91069100391134,0.9291069100391134,0.0,0.6,0.778536615334207,0.6084232563157764,0.6084232563157764,0.0,0.45631744223683235
CHEMBL3989410,INDOMETHACIN SODIUM,10,0,0,0.5337192115636789,-8.475,-6.88,False,,,,356.8,2.59,71.4,GALNS,-7.538,83.35509138381201,0.8335509138381201,0.0,1.0,0.5,0.608420365535248,0.608420365535248,0.0,0.456315274151436
CHEMBL101,PHENYLBUTAZONE,10,0,0,0.5056715112566215,-8.517,-6.53,False,Withdrawn,cyclooxygenase inhibitor|prostanoid receptor antagonist,,308.4,3.79,40.6,ACVR1,-8.517,72.1951219512195,0.7219512195121951,0.0,1.0,0.7969667318982387,0.6083254975896139,0.6083254975896139,0.0,0.4562441231922104
CHEMBL4298171,LINZAGOLIX CHOLINE,10,0,0,0.5680324473832272,-9.859,-8.05,False,,,,507.4,2.12,122.7,AXL,-8.077,89.07521979811136,0.8907521979811136,0.0,0.6,0.8797731045932484,0.6082668448814327,0.6082668448814327,0.0,0.4562001336610745
CHEMBL139,DICLOFENAC,10,0,0,0.5311514458341142,-8.243,-6.17,True,Launched,cyclooxygenase inhibitor,rheumatoid arthritis|osteoarthritis|migraine headache,296.2,4.36,49.3,ADRA2A,-8.243,69.59283387622149,0.6959283387622149,0.2,1.0,0.5324652394614875,0.6082411214241091,0.6082411214241091,0.0,0.4561808410680819
CHEMBL485696,SULFISOMIDINE,10,0,0,0.486939691186332,-7.812,-7.2095,False,,,,278.3,1.48,98.0,SERPINE1,-7.097,93.30081300813008,0.9330081300813008,0.0,0.8,0.5,0.6082032520325203,0.6082032520325203,0.0,0.4561524390243903
CHEMBL45029,MEPHOBARBITAL,10,0,0,0.4653536920557048,-7.686,-6.1850000000000005,False,,,,246.3,1.04,66.5,VASH2,-7.686,83.28990228013029,0.8328990228013029,0.0,1.0,0.5,0.6081596091205211,0.6081596091205211,0.0,0.4561197068403908
CHEMBL2062163,PHENDIMETRAZINE TARTRATE,10,0,0,0.4159526672586291,-7.441,-5.779,False,,,,191.3,2.08,12.5,TNIK,-7.441,71.05778648383937,0.7105778648383937,0.0,1.0,0.8242056993121519,0.6078620008321802,0.6078620008321802,0.0,0.45589650062413517
CHEMBL1615439,PHENDIMETRAZINE,10,0,0,0.4159526672586291,-7.441,-5.779,False,,,,191.3,2.08,12.5,TNIK,-7.441,71.05778648383937,0.7105778648383937,0.0,1.0,0.8242056993121519,0.6078620008321802,0.6078620008321802,0.0,0.45589650062413517
CHEMBL54349,ALPIDEM,10,0,0,0.46541468054653806,-8.905,-6.898,False,Withdrawn,benzodiazepine receptor agonist,,404.3,5.5,37.6,ACVR1,-8.905,82.01626016260163,0.8201626016260163,0.0,0.8,0.7969667318982387,0.6076100504351424,0.6076100504351424,0.0,0.45570753782635676
CHEMBL18116,TOLOXATONE,10,0,0,0.46747377841086496,-7.439,-6.522,False,Launched,monoamine oxidase inhibitor,depression,207.2,1.31,49.8,TNIK,-7.439,70.97616715638263,0.7097616715638263,0.0,1.0,0.8242056993121519,0.6075355235223533,0.6075355235223533,0.0,0.45565164264176494
CHEMBL1409,FLUVOXAMINE MALEATE,10,0,0,0.4350136117016013,-7.652,-6.4395,False,,,,318.3,3.2,56.8,TNIK,-7.652,75.85700293829579,0.7585700293829579,0.0,0.9,0.8242056993121519,0.607058866650006,0.607058866650006,0.0,0.4552941499875045
CHEMBL1071,OXAPROZIN,10,0,0,0.5368522118364509,-8.695,-7.335000000000001,False,Launched,cyclooxygenase inhibitor,osteoarthritis|rheumatoid arthritis,293.3,4.03,63.3,ACVR1,-8.695,76.84552845528455,0.7684552845528455,0.0,0.9,0.7969667318982387,0.6069271236058741,0.6069271236058741,0.0,0.45519534270440554
CHEMBL1945778,IOFLUPANE,10,0,0,0.4348122843729182,-7.675,-5.932,False,,,,431.3,3.76,29.5,TNIK,-7.433,70.7966046359778,0.707966046359778,0.0,1.0,0.8242056993121519,0.606817273440734,0.606817273440734,0.0,0.4551129550805505
CHEMBL3989517,IOFLUPANE I 123,10,0,0,0.4348122843729182,-7.675,-5.932,False,,,,427.3,3.76,29.5,TNIK,-7.433,70.7966046359778,0.707966046359778,0.0,1.0,0.8242056993121519,0.606817273440734,0.606817273440734,0.0,0.4551129550805505
CHEMBL1699,MEMANTINE HYDROCHLORIDE,10,0,0,0.40823703574539866,-7.27,-5.5315,False,,,,179.3,2.69,26.0,MAPK14,-7.27,72.50651890482399,0.7250651890482399,0.0,1.0,0.778536615334207,0.606806567919427,0.606806567919427,0.0,0.45510492593957025
CHEMBL807,MEMANTINE,10,0,0,0.40823703574539866,-7.27,-5.5315,True,Launched,glutamate receptor antagonist,Alzheimer's disease|senile dementia,179.3,2.69,26.0,MAPK14,-7.27,72.50651890482399,0.7250651890482399,0.0,1.0,0.778536615334207,0.606806567919427,0.606806567919427,0.0,0.45510492593957025
CHEMBL1201754,RUFINAMIDE,10,0,0,0.4710639781063401,-7.382,-6.3795,False,Launched,voltage-gated sodium channel blocker,seizures,238.2,0.7,73.8,MAPK14,-7.382,75.0,0.75,0.0,0.9500000000000001,0.778536615334207,0.6067804923001312,0.6067804923001312,0.0,0.4550853692250984
CHEMBL1370,BUDESONIDE,10,0,0,0.5287832650996066,-8.696,-7.3835,False,Launched,glucocorticoid receptor agonist,Crohn's disease,430.5,2.72,93.1,TNIK,-7.908,80.73783872020894,0.8073783872020894,0.0,0.8,0.8242056993121519,0.6065822097776586,0.6065822097776586,0.0,0.45493665733324395
CHEMBL723,CARVEDILOL,10,0,0,0.5022540587407704,-9.258,-7.3185,False,Launched,adrenergic receptor antagonist,myocardial infarction|hypertension,406.5,3.74,75.7,SLC2A1,-9.258,77.23418134377039,0.7723418134377039,0.0,0.8,0.9141924959216966,0.6060655997633362,0.6060655997633362,0.0,0.45454919982250214
CHEMBL1201167,CARVEDILOL PHOSPHATE,10,0,0,0.5022540587407704,-9.258,-7.3185,False,,,,406.5,3.74,75.7,SLC2A1,-9.258,77.23418134377039,0.7723418134377039,0.0,0.8,0.9141924959216966,0.6060655997633362,0.6060655997633362,0.0,0.45454919982250214
CHEMBL1490,TRIHEXYPHENIDYL,10,0,0,0.5017170892118,-8.735,-6.683,False,Launched,acetylcholine receptor antagonist,parkinsonism,301.5,4.33,23.5,SLC2A1,-8.735,67.20482713633399,0.6720482713633399,0.0,1.0,0.9141924959216966,0.6059481829335904,0.6059481829335904,0.0,0.4544611372001928
CHEMBL1200604,TROPICAMIDE,10,0,0,0.42241075993901356,-7.426,-5.7575,False,Launched,acetylcholine receptor antagonist,mydriasis diagnostic|cycloplegia diagnostic,284.4,2.21,53.4,TNIK,-7.426,70.55174665360757,0.7055174665360756,0.0,1.0,0.8242056993121519,0.6058378415112531,0.6058378415112531,0.0,0.4543783811334398
CHEMBL56337,EPALRESTAT,10,0,0,0.5119585631526233,-7.978,-6.794499999999999,False,Launched,aldose reductase inhibitor,diabetic nephropathy,319.4,2.92,57.6,MAPK14,-7.26,72.2457627118644,0.722457627118644,0.0,1.0,0.778536615334207,0.6057635431475887,0.6057635431475887,0.0,0.45432265736069155
CHEMBL1205,NELFINAVIR MESYLATE,10,0,1,0.4419304378374541,-10.42,-8.188,False,,,,567.8,4.75,101.9,SLC2A1,-10.42,92.98760600130464,0.9298760600130465,0.0,0.0,0.9141924959216966,0.5090792983934731,0.5090792983934731,0.2890648263178878,0.4540756803745768
CHEMBL584,NELFINAVIR,10,0,1,0.4419304378374541,-10.42,-8.188,False,Launched,HIV protease inhibitor,human immunodeficiency virus (HIV-1),567.8,4.75,101.9,SLC2A1,-10.42,92.98760600130464,0.9298760600130465,0.0,0.0,0.9141924959216966,0.5090792983934731,0.5090792983934731,0.2890648263178878,0.4540756803745768
CHEMBL1474963,BENZARONE,10,0,0,0.5482075484106576,-8.491,-7.1005,False,,,,266.3,3.93,50.4,ACVR1,-8.491,71.41463414634146,0.7141463414634146,0.0,1.0,0.7969667318982387,0.6052035463701017,0.6052035463701017,0.0,0.45390265977757627
CHEMBL46917,CARBARIL,10,0,0,0.43046904217375087,-7.416,-6.1259999999999994,False,Launched,acetylcholinesterase inhibitor,,201.2,2.56,38.3,TNIK,-7.414,70.3885079986941,0.7038850799869409,0.0,1.0,0.8242056993121519,0.6051848868915992,0.6051848868915992,0.0,0.4538886651686994
CHEMBL856,PRIMIDONE,10,0,0,0.44131985265728557,-7.256,-6.2170000000000005,False,Launched,GABA receptor antagonist,seizures,218.3,0.54,58.2,MAPK14,-7.256,72.09908735332465,0.7209908735332465,0.0,1.0,0.778536615334207,0.6051768417134297,0.6051768417134297,0.0,0.4538826312850722
CHEMBL299400,BUTORPHANOL TARTRATE,10,0,0,0.5434776784134527,-8.363,-7.0135000000000005,False,,,,327.5,3.37,43.7,SERPINE1,-6.611,82.52032520325203,0.8252032520325203,0.0,1.0,0.5,0.605081300813008,0.605081300813008,0.0,0.45381097560975603
CHEMBL33986,BUTORPHANOL,10,0,0,0.5434776784134527,-8.363,-7.0135000000000005,False,,,,327.5,3.37,43.7,SERPINE1,-6.611,82.52032520325203,0.8252032520325203,0.0,1.0,0.5,0.605081300813008,0.605081300813008,0.0,0.45381097560975603
CHEMBL3039504,NINTEDANIB ESYLATE,10,0,0,0.5559589903476424,-9.708,-7.7044999999999995,False,,,,539.6,3.62,94.2,AXL,-8.021,88.26115271898405,0.8826115271898405,0.0,0.6,0.8797731045932484,0.6050105765649234,0.6050105765649234,0.0,0.45375793242369256
CHEMBL502835,NINTEDANIB,10,0,0,0.5559589903476424,-9.708,-7.7044999999999995,False,Launched,FGFR inhibitor|PDGFR tyrosine kinase receptor inhibitor|VEGFR inhibitor,idiopathic pulmonary fibrosis (IPF),539.6,3.62,94.2,AXL,-8.021,88.26115271898405,0.8826115271898405,0.0,0.6,0.8797731045932484,0.6050105765649234,0.6050105765649234,0.0,0.45375793242369256
CHEMBL1200538,BETAMETHASONE ACETATE,10,0,0,0.5377449100199657,-9.24,-7.54,False,,,,434.5,2.47,100.9,SLC2A1,-9.24,76.9406392694064,0.7694063926940641,0.0,0.8,0.9141924959216966,0.6048914314658802,0.6048914314658802,0.0,0.45366857359941015
CHEMBL1741134,PICOSULFURIC ACID,10,0,0,0.5490095254619115,-8.903,-7.404,False,,,,437.5,2.63,140.1,ACVR1,-8.875,81.3170731707317,0.813170731707317,0.0,0.8,0.7969667318982387,0.6048133024676627,0.6048133024676627,0.0,0.45360997685074705
CHEMBL2104287,DIBENZEPIN HYDROCHLORIDE,10,0,0,0.4666766746247797,-8.485,-6.383,False,,,,295.4,2.98,26.8,ACVR1,-8.485,71.23577235772358,0.7123577235772358,0.0,1.0,0.7969667318982387,0.6044880992156302,0.6044880992156302,0.0,0.4533660744117226
CHEMBL1442422,DIBENZEPIN,10,0,0,0.4666766746247797,-8.485,-6.383,False,,,,295.4,2.98,26.8,ACVR1,-8.485,71.23577235772358,0.7123577235772358,0.0,1.0,0.7969667318982387,0.6044880992156302,0.6044880992156302,0.0,0.4533660744117226
CHEMBL503,LOVASTATIN,10,0,0,0.5405076918127315,-8.871,-7.257,False,Launched,HMGCR inhibitor,coronary heart disease|myocardial infarction|hypercholesterolemia,404.5,4.2,72.8,ACVR1,-8.871,81.20325203252033,0.8120325203252032,0.0,0.8,0.7969667318982387,0.6043580179148171,0.6043580179148171,0.0,0.45326851343611285
CHEMBL3989562,TERAZOSIN HYDROCHLORIDE,10,0,0,0.5582307552409745,-9.228,-7.4399999999999995,False,,,,387.4,1.06,103.0,SLC2A1,-9.228,76.7938682322244,0.7679386823222439,0.0,0.8,0.9141924959216966,0.6043043473171521,0.6043043473171521,0.0,0.4532282604878641
CHEMBL611,TERAZOSIN,10,0,0,0.5582307552409745,-9.228,-7.4399999999999995,False,Launched,adrenergic receptor antagonist,benign prostatic hyperplasia (BPH)|hypertension,387.4,1.06,103.0,SLC2A1,-9.228,76.7938682322244,0.7679386823222439,0.0,0.8,0.9141924959216966,0.6043043473171521,0.6043043473171521,0.0,0.4532282604878641
CHEMBL1200492,NEFAZODONE HYDROCHLORIDE,10,0,0,0.47502522900364585,-9.341,-7.717,False,,,,470.0,3.55,55.5,TNIK,-8.539,90.02611818478616,0.9002611818478615,0.0,0.6,0.8242056993121519,0.6037353276359674,0.6037353276359674,0.0,0.45280149572697553
CHEMBL623,NEFAZODONE,10,0,0,0.4850252290036458,-9.341,-7.717,False,Withdrawn,adrenergic inhibitor|norepinephrine reuptake inhibitor|serotonin receptor antagonist|serotonin reuptake inhibitor,,470.0,3.55,55.5,TNIK,-8.539,90.02611818478616,0.9002611818478615,0.0,0.6,0.8242056993121519,0.6037353276359674,0.6037353276359674,0.0,0.45280149572697553
CHEMBL2325741,CAPIVASERTIB,10,0,0,0.5146972369580507,-9.242,-7.258,False,,,,428.9,2.1,120.2,AXL,-8.009,87.93552588733313,0.8793552588733313,0.0,0.6,0.8797731045932484,0.6037080692383198,0.6037080692383198,0.0,0.45278105192873985
CHEMBL388590,BENZBROMARONE,10,0,0,0.5089329595069265,-8.527,-7.068,False,Launched,chloride channel blocker,gout,424.1,5.46,50.4,AXL,-7.532,77.87365678931944,0.7787365678931945,0.0,0.8,0.8797731045932484,0.6034605928462651,0.6034605928462651,0.0,0.4525954446346988
CHEMBL1601669,ALFACALCIDOL,10,0,0,0.5329720924597552,-9.092,-7.2055,False,Launched,vitamin D receptor agonist,vitamin D deficiency,400.6,6.59,40.5,ACVR1,-8.867,80.97560975609757,0.8097560975609757,0.0,0.8,0.7969667318982387,0.6034474488091262,0.6034474488091262,0.0,0.4525855866068446
CHEMBL2024517,CARIPRAZINE HYDROCHLORIDE,10,0,0,0.5650735959694861,-9.208,-7.469,False,,,,427.4,4.34,38.8,SLC2A1,-9.208,76.48401826484019,0.7648401826484019,0.0,0.8,0.9141924959216966,0.6030649474476153,0.6030649474476153,0.0,0.45229871058571147
CHEMBL1520,VARDENAFIL,10,0,0,0.5296544935804077,-9.751,-7.644,False,Launched,phosphodiesterase inhibitor,erectile dysfunction,488.6,2.07,112.9,SLC2A1,-9.751,86.4481409001957,0.8644814090019569,0.0,0.6,0.9141924959216966,0.6029214379890373,0.6029214379890373,0.0,0.452191078491778
CHEMBL2106915,METHOPHOLINE,10,0,0,0.5086116883406246,-8.66,-6.79,False,,,,345.9,4.52,21.7,ACVR1,-8.66,75.83739837398375,0.7583739837398374,0.0,0.9,0.7969667318982387,0.6028946032806708,0.6028946032806708,0.0,0.4521709524605031
CHEMBL436,TOLRESTAT,10,0,0,0.507704209212422,-8.741,-6.5765,False,Withdrawn,aldose reductase inhibitor,,357.4,3.56,49.8,ADRA2A,-8.741,80.71661237785015,0.8071661237785015,0.0,1.0,0.5324652394614875,0.6027362354306237,0.6027362354306237,0.0,0.4520521765729678
CHEMBL1200714,CHLORMEZANONE,10,0,0,0.44241602427802984,-7.616,-5.9215,False,Withdrawn,GABA receptor modulator,,273.7,1.62,54.5,SERPINE1,-6.597,81.91869918699187,0.8191869918699187,0.0,1.0,0.5,0.6026747967479675,0.6026747967479675,0.0,0.45200609756097565
CHEMBL891,CLOXACILLIN,10,0,0,0.5399720796975692,-9.065,-7.1274999999999995,False,Launched,bacterial cell wall synthesis inhibitor,gram-positive bacterial infections,435.9,2.55,112.7,ACVR1,-8.861,80.78048780487805,0.8078048780487805,0.0,0.8,0.7969667318982387,0.6026669610042481,0.6026669610042481,0.0,0.4520002207531861
CHEMBL3188034,TRIPROLIDINE HYDROCHLORIDE,10,0,0,0.5280317189053582,-8.471,-6.9510000000000005,False,,,,278.4,3.92,16.1,ACVR1,-8.471,70.78048780487805,0.7078048780487805,0.0,1.0,0.7969667318982387,0.602666961004248,0.602666961004248,0.0,0.452000220753186
CHEMBL855,TRIPROLIDINE,10,0,0,0.5280317189053582,-8.471,-6.9510000000000005,False,Launched,histamine receptor antagonist,allergic rhinitis,278.4,3.92,16.1,ACVR1,-8.471,70.78048780487805,0.7078048780487805,0.0,1.0,0.7969667318982387,0.602666961004248,0.602666961004248,0.0,0.452000220753186
CHEMBL1243,SULFABENZAMIDE,10,0,0,0.5235138321380257,-7.784,-6.877000000000001,False,Launched,bacterial antifolate,gram-negative bacterial infections|gram-positive bacterial infections,276.3,1.39,89.3,VASH2,-7.611,81.88925081433224,0.8188925081433225,0.0,1.0,0.5,0.602557003257329,0.602557003257329,0.0,0.4519177524429967
CHEMBL4303288,ABACAVIR SULFATE,10,0,0,0.5108166488826349,-8.271,-6.975,False,,,,286.3,1.09,101.9,SERPINE1,-6.975,91.88617886178861,0.918861788617886,0.0,0.8,0.5,0.6025447154471544,0.6025447154471544,0.0,0.4519085365853658
CHEMBL1380,ABACAVIR,10,0,0,0.5108166488826349,-8.271,-6.975,False,Launched,nucleoside reverse transcriptase inhibitor,human immunodeficiency virus (HIV-1),286.3,1.09,101.9,SERPINE1,-6.975,91.88617886178861,0.918861788617886,0.0,0.8,0.5,0.6025447154471544,0.6025447154471544,0.0,0.4519085365853658
CHEMBL376488,BEDAQUILINE,10,0,0,0.5340462515361468,-9.299,-7.810499999999999,False,Launched,ATPase inhibitor,tuberculosis,555.5,7.13,45.6,AXL,-7.999,87.60989905568218,0.8760989905568217,0.0,0.6,0.8797731045932484,0.6024055619117159,0.6024055619117159,0.0,0.4518041714337869
CHEMBL2105700,BEDAQUILINE FUMARATE,10,0,0,0.5340462515361468,-9.299,-7.810499999999999,False,,,,555.5,7.13,45.6,AXL,-7.999,87.60989905568218,0.8760989905568217,0.0,0.6,0.8797731045932484,0.6024055619117159,0.6024055619117159,0.0,0.4518041714337869
CHEMBL2111186,TALAPORFIN,10,0,1,0.3730363783679897,-10.34,-7.102,False,Phase 3,photosensitizing agent,,711.8,5.95,235.7,SLC2A1,-10.34,92.17221135029354,0.9217221135029354,0.0,0.0,0.9141924959216966,0.5058177197894287,0.5058177197894287,0.2890648263178878,0.4516294964215435
CHEMBL819,OXACILLIN,10,0,0,0.5519589034489762,-8.995,-7.266500000000001,False,Launched,bacterial cell wall synthesis inhibitor,staphylococcal infections,401.4,1.9,112.7,GALNS,-8.055,91.77545691906005,0.9177545691906005,0.0,0.8,0.5,0.6021018276762402,0.6021018276762402,0.0,0.45157637075718016
CHEMBL32800,FENOTEROL,10,0,0,0.44115528480454025,-8.495,-7.484500000000001,False,Withdrawn,adrenergic receptor agonist,,303.4,2.06,93.0,TNIK,-8.495,89.48743062357167,0.8948743062357167,0.0,0.6,0.8242056993121519,0.6015805773911095,0.6015805773911095,0.0,0.45118543304333214
CHEMBL4101807,VOXELOTOR,10,0,0,0.5116398926930203,-7.956,-6.7385,False,Launched,hemoglobin modulator,,337.4,3.62,77.2,AXL,-7.141,67.29078476066428,0.6729078476066428,0.0,1.0,0.8797731045932484,0.6011291047316444,0.6011291047316444,0.0,0.45084682854873326
CHEMBL76370,TEGASEROD,10,0,0,0.5132650559239534,-7.908,-7.274,False,Withdrawn,serotonin receptor partial agonist,,301.4,2.81,85.3,SERPINE1,-6.943,91.52845528455285,0.9152845528455285,0.0,0.8,0.5,0.6011138211382114,0.6011138211382114,0.0,0.4508353658536586
CHEMBL1516474,TEGASEROD MALEATE,10,0,0,0.5132650559239534,-7.908,-7.274,False,,,,301.4,2.81,85.3,SERPINE1,-6.943,91.52845528455285,0.9152845528455285,0.0,0.8,0.5,0.6011138211382114,0.6011138211382114,0.0,0.4508353658536586
CHEMBL1201116,HETACILLIN,10,0,0,0.5124337194062834,-8.331,-6.7245,False,Launched,bacterial cell wall synthesis inhibitor,mastitis,389.5,1.41,90.0,AXL,-7.139,67.24194073591664,0.6724194073591664,0.0,1.0,0.8797731045932484,0.6009337286326538,0.6009337286326538,0.0,0.4507002964744904
CHEMBL1770248,ERTUGLIFLOZIN,10,0,0,0.5443899241570527,-9.169,-7.633,False,Launched,sodium/glucose cotransporter inhibitor,diabetes mellitus,436.9,1.36,108.6,TNIK,-8.467,89.07933398628796,0.8907933398628797,0.0,0.6,0.8242056993121519,0.5999481908419747,0.5999481908419747,0.0,0.44996114313148106
CHEMBL5315054,ERTUGLIFLOZIN PIDOLATE,10,0,0,0.5443899241570527,-9.169,-7.633,False,,,,436.9,1.36,108.6,TNIK,-8.467,89.07933398628796,0.8907933398628797,0.0,0.6,0.8242056993121519,0.5999481908419747,0.5999481908419747,0.0,0.44996114313148106
CHEMBL531,PERGOLIDE,10,0,0,0.5017878172440688,-8.522,-7.009,False,Withdrawn,dopamine receptor agonist,,314.5,4.27,19.0,ADRA2A,-7.89,59.96742671009771,0.5996742671009772,0.4,0.9,0.5324652394614875,0.599739492759614,0.599739492759614,0.0,0.4498046195697105
CHEMBL1200781,CITALOPRAM HYDROBROMIDE,10,0,0,0.5216308745219526,-7.786,-7.161,False,,,,324.4,3.81,36.3,TNIK,-7.363,68.98465556643814,0.6898465556643814,0.0,1.0,0.8242056993121519,0.5995694771625754,0.5995694771625754,0.0,0.4496771078719315
CHEMBL549,CITALOPRAM,10,0,0,0.5216308745219526,-7.786,-7.161,False,Launched,selective serotonin reuptake inhibitor (SSRI),depression,324.4,3.81,36.3,TNIK,-7.363,68.98465556643814,0.6898465556643814,0.0,1.0,0.8242056993121519,0.5995694771625754,0.5995694771625754,0.0,0.4496771078719315
CHEMBL2361370,PENBUTOLOL SULFATE,10,0,0,0.47779985569699635,-7.97,-6.6530000000000005,False,,,,291.4,3.47,41.5,MAPK14,-7.209,70.66492829204694,0.7066492829204694,0.0,1.0,0.778536615334207,0.5994402054683188,0.5994402054683188,0.0,0.4495801541012391
CHEMBL1290,PENBUTOLOL,10,0,0,0.47779985569699635,-7.97,-6.6530000000000005,False,Launched,adrenergic receptor antagonist,hypertension,291.4,3.47,41.5,MAPK14,-7.209,70.66492829204694,0.7066492829204694,0.0,1.0,0.778536615334207,0.5994402054683188,0.5994402054683188,0.0,0.4495801541012391
CHEMBL1761,PROCYCLIDINE HYDROCHLORIDE,10,0,0,0.5100971423913527,-8.44,-6.9155,False,,,,287.4,3.94,23.5,ACVR1,-8.44,69.9349593495935,0.699349593495935,0.0,1.0,0.7969667318982387,0.5992848471831098,0.5992848471831098,0.0,0.44946363538733236
CHEMBL86715,PROCYCLIDINE,10,0,0,0.5100971423913527,-8.44,-6.9155,False,Launched,acetylcholine receptor antagonist,parkinsonism|Parkinson's Disease|akathisia|dystonia,287.4,3.94,23.5,ACVR1,-8.44,69.9349593495935,0.699349593495935,0.0,1.0,0.7969667318982387,0.5992848471831098,0.5992848471831098,0.0,0.44946363538733236
CHEMBL1200950,CLIDINIUM BROMIDE,10,0,0,0.5613875634625286,-8.44,-7.322,False,,,,352.5,2.7,46.5,ACVR1,-8.44,69.9349593495935,0.699349593495935,0.0,1.0,0.7969667318982387,0.5992848471831098,0.5992848471831098,0.0,0.44946363538733236
CHEMBL620,CLIDINIUM,10,0,0,0.5613875634625286,-8.44,-7.322,False,Launched,acetylcholine receptor antagonist,peptic ulcer disease (PUD)|irritable bowel syndrome|enterocolitis,352.5,2.7,46.5,ACVR1,-8.44,69.9349593495935,0.699349593495935,0.0,1.0,0.7969667318982387,0.5992848471831098,0.5992848471831098,0.0,0.44946363538733236
CHEMBL1628385,PROCAINE BENZYLPENICILLIN,10,0,0,0.4813003922838427,-8.58,-6.855499999999999,False,,,,334.4,0.86,86.7,TNIK,-7.806,78.89324191968659,0.7889324191968659,0.0,0.8,0.8242056993121519,0.5992038225755691,0.5992038225755691,0.0,0.44940286693167686
CHEMBL3989515,PENICILLIN G BENZATHINE,10,0,0,0.4813003922838427,-8.58,-6.855499999999999,False,,,,334.4,0.86,86.7,TNIK,-7.806,78.89324191968659,0.7889324191968659,0.0,0.8,0.8242056993121519,0.5992038225755691,0.5992038225755691,0.0,0.44940286693167686
CHEMBL29,PENICILLIN G,10,0,0,0.4813003922838427,-8.58,-6.855499999999999,False,,,,334.4,0.86,86.7,TNIK,-7.806,78.89324191968659,0.7889324191968659,0.0,0.8,0.8242056993121519,0.5992038225755691,0.5992038225755691,0.0,0.44940286693167686
CHEMBL1200936,PENICILLIN G PROCAINE,10,0,0,0.4813003922838427,-8.58,-6.855499999999999,False,,,,334.4,0.86,86.7,TNIK,-7.806,78.89324191968659,0.7889324191968659,0.0,0.8,0.8242056993121519,0.5992038225755691,0.5992038225755691,0.0,0.44940286693167686
CHEMBL1201273,PROTOKYLOL,10,0,0,0.48444059839513276,-8.726,-7.702500000000001,False,,,,331.4,2.08,91.2,MAPK14,-8.168,90.59647979139504,0.9059647979139505,0.0,0.6,0.778536615334207,0.5991664114657113,0.5991664114657113,0.0,0.44937480859928347
CHEMBL1200893,PROTOKYLOL HYDROCHLORIDE,10,0,0,0.48444059839513276,-8.726,-7.702500000000001,False,,,,331.4,2.08,91.2,MAPK14,-8.168,90.59647979139504,0.9059647979139505,0.0,0.6,0.778536615334207,0.5991664114657113,0.5991664114657113,0.0,0.44937480859928347
CHEMBL1655,TOREMIFENE,10,0,0,0.44740124427819394,-9.634,-6.8885,False,Launched,estrogen receptor antagonist|selective estrogen receptor modulator (SERM),breast cancer,406.0,6.22,12.5,SLC2A1,-9.634,85.50228310502284,0.8550228310502284,0.0,0.6,0.9141924959216966,0.5991380068083458,0.5991380068083458,0.0,0.4493535051062594
CHEMBL1200675,TOREMIFENE CITRATE,10,0,0,0.44740124427819394,-9.634,-6.8885,False,,,,406.0,6.22,12.5,SLC2A1,-9.634,85.50228310502284,0.8550228310502284,0.0,0.6,0.9141924959216966,0.5991380068083458,0.5991380068083458,0.0,0.4493535051062594
CHEMBL2104489,ANAGESTONE ACETATE,10,0,0,0.5289410361537972,-8.617,-7.3065,False,,,,372.5,5.48,43.4,ACVR1,-8.617,74.89430894308943,0.7489430894308943,0.0,0.9,0.7969667318982387,0.5991222455570936,0.5991222455570936,0.0,0.44934168416782017
CHEMBL585,TRIAMTERENE,10,0,0,0.48045387937445544,-8.456,-7.352,False,Launched,sodium channel blocker,hypokalemia|hypertension|edema,253.3,0.83,129.6,TNIK,-8.456,88.80182827293504,0.8880182827293504,0.0,0.6,0.8242056993121519,0.5988381679885629,0.5988381679885629,0.0,0.4491286259914222
CHEMBL697,METHSUXIMIDE,10,0,0,0.45715170225049906,-7.581,-6.385,False,Launched,T-type calcium channel blocker,seizures,203.2,1.33,37.4,VASH2,-7.581,80.87947882736157,0.8087947882736156,0.0,1.0,0.5,0.5985179153094462,0.5985179153094462,0.0,0.44888843648208465
CHEMBL744,RILUZOLE,10,0,0,0.4528823779227339,-7.256,-6.448,True,Launched,glutamate inhibitor,amyotrophic lateral sclerosis (ALS),234.2,2.78,48.1,SERPINE1,-6.572,80.82926829268293,0.8082926829268292,0.0,1.0,0.5,0.5983170731707317,0.5983170731707317,0.0,0.44873780487804876
CHEMBL1899801,PERFLENAPENT,10,0,0,0.4305893613228237,-7.549,-6.409000000000001,False,,,,288.0,4.02,0.0,TNIK,-7.549,73.60430950048972,0.7360430950048972,0.0,0.9,0.8242056993121519,0.5980480928987817,0.5980480928987817,0.0,0.44853606967408627
CHEMBL2218861,QUINAGOLIDE,10,0,0,0.47896480150703724,-8.375,-6.539,False,Launched,dopamine receptor agonist,hyperprolactinemia,395.6,2.14,72.9,AXL,-7.117,66.47671768153695,0.6647671768153696,0.0,1.0,0.8797731045932484,0.5978728364151351,0.5978728364151351,0.0,0.44840462731135133
CHEMBL1086,DIBUCAINE,10,0,0,0.4406229066904019,-7.65,-6.1884999999999994,False,,,,343.5,3.49,54.5,MAPK14,-7.389,75.24445893089961,0.7524445893089962,0.0,0.9,0.778536615334207,0.5977583280237295,0.5977583280237295,0.0,0.44831874601779714
CHEMBL1200612,DIBUCAINE HYDROCHLORIDE,10,0,0,0.4406229066904019,-7.65,-6.1884999999999994,False,,,,343.5,3.49,54.5,MAPK14,-7.389,75.24445893089961,0.7524445893089962,0.0,0.9,0.778536615334207,0.5977583280237295,0.5977583280237295,0.0,0.44831874601779714
CHEMBL2104993,VORTIOXETINE,10,0,0,0.5515016532776162,-8.651,-7.08,False,Launched,serotonin receptor agonist|serotonin receptor antagonist,depression,298.5,3.86,15.3,SLC2A1,-8.651,65.1174168297456,0.6511741682974559,0.0,1.0,0.9141924959216966,0.5975985417072369,0.5975985417072369,0.0,0.4481989062804277
CHEMBL2107387,VORTIOXETINE HYDROBROMIDE,10,0,0,0.5515016532776162,-8.651,-7.08,False,,,,298.5,3.86,15.3,SLC2A1,-8.651,65.1174168297456,0.6511741682974559,0.0,1.0,0.9141924959216966,0.5975985417072369,0.5975985417072369,0.0,0.4481989062804277
CHEMBL1464,WARFARIN,10,0,0,0.5446507437477465,-8.647,-7.0875,False,Launched,vitamin K antagonist,deep vein thrombosis (DVT)|pulmonary embolism (PE)|atrial fibrillation (AF)|myocardial infarction,308.3,3.61,67.5,ACVR1,-8.428,69.36585365853658,0.6936585365853658,0.0,1.0,0.7969667318982387,0.5970084244188821,0.5970084244188821,0.0,0.4477563183141616
CHEMBL4802135,NIRMATRELVIR,10,0,0,0.5152180524829676,-8.954,-7.8635,False,,,,499.5,1.1,131.4,AXL,-7.93,86.25854770433084,0.8625854770433083,0.0,0.6,0.8797731045932484,0.5970001565063106,0.5970001565063106,0.0,0.4477501173797329
CHEMBL2110805,EMEPRONIUM,10,0,0,0.44167985757103023,-8.593,-6.2885,False,,,,282.5,4.69,0.0,ACVR1,-8.593,74.35772357723577,0.7435772357723578,0.0,0.9,0.7969667318982387,0.596975904093679,0.596975904093679,0.0,0.4477319280702592
CHEMBL2106122,EMEPRONIUM BROMIDE,10,0,0,0.44167985757103023,-8.593,-6.2885,False,,,,282.5,4.69,0.0,ACVR1,-8.593,74.35772357723577,0.7435772357723578,0.0,0.9,0.7969667318982387,0.596975904093679,0.596975904093679,0.0,0.4477319280702592
CHEMBL395091,ESKETAMINE,10,0,0,0.4450372377370127,-7.379,-6.0755,True,,,,237.7,2.9,29.1,MAPK14,-7.194,70.04563233376793,0.7004563233376793,0.0,1.0,0.778536615334207,0.5969630216352028,0.5969630216352028,0.0,0.4477222662264021
CHEMBL2364609,ESKETAMINE HYDROCHLORIDE,10,0,0,0.4450372377370127,-7.379,-6.0755,False,,,,237.7,2.9,29.1,MAPK14,-7.194,70.04563233376793,0.7004563233376793,0.0,1.0,0.778536615334207,0.5969630216352028,0.5969630216352028,0.0,0.4477222662264021
CHEMBL570,TRIFLUPROMAZINE,10,0,0,0.5029114410890644,-8.648,-6.503,False,Launched,dopamine receptor antagonist,psychosis|nausea|vomiting,352.4,5.26,6.5,SLC2A1,-8.648,64.92172211350294,0.6492172211350293,0.0,1.0,0.9141924959216966,0.5968157628422662,0.5968157628422662,0.0,0.4476118221316997
CHEMBL4297091,CODEINE SULFATE,10,0,0,0.5158976982040273,-8.201,-6.584,False,,,,299.4,1.5,41.9,AXL,-7.102,66.19993487463367,0.6619993487463367,0.0,1.0,0.8797731045932484,0.5967657051875219,0.5967657051875219,0.0,0.44757427889064144
CHEMBL6067642,CODEINE PHOSPHATE,10,0,0,0.5158976982040273,-8.201,-6.584,False,,,,299.4,1.5,41.9,AXL,-7.102,66.19993487463367,0.6619993487463367,0.0,1.0,0.8797731045932484,0.5967657051875219,0.5967657051875219,0.0,0.44757427889064144
CHEMBL485,CODEINE,10,0,0,0.5158976982040273,-8.201,-6.584,False,,,,299.4,1.5,41.9,AXL,-7.102,66.19993487463367,0.6619993487463367,0.0,1.0,0.8797731045932484,0.5967657051875219,0.5967657051875219,0.0,0.44757427889064144
CHEMBL460,MOLINDONE,10,0,0,0.48660803267975766,-7.535,-6.7524999999999995,False,Launched,dopamine receptor antagonist,schizophrenia,276.4,1.96,45.3,MAPK14,-7.19,69.89895697522816,0.6989895697522815,0.0,1.0,0.778536615334207,0.5963763202010437,0.5963763202010437,0.0,0.4472822401507828
CHEMBL1200419,MOLINDONE HYDROCHLORIDE,10,0,0,0.48660803267975766,-7.535,-6.7524999999999995,False,,,,276.4,1.96,45.3,MAPK14,-7.19,69.89895697522816,0.6989895697522815,0.0,1.0,0.778536615334207,0.5963763202010437,0.5963763202010437,0.0,0.4472822401507828
CHEMBL1201336,FOSPHENYTOIN,10,0,0,0.5357686202076475,-8.497,-6.9864999999999995,False,Launched,sodium channel blocker,epilepsy|seizures,362.3,1.55,116.2,ACVR1,-8.497,71.70731707317073,0.7170731707317073,0.0,0.9500000000000001,0.7969667318982387,0.5963742780774187,0.5963742780774187,0.0,0.447280708558064
CHEMBL1201227,CYCRIMINE,10,0,0,0.5061533815721888,-8.42,-6.7275,False,,,,287.4,3.94,23.5,ACVR1,-8.42,69.15447154471545,0.6915447154471545,0.0,1.0,0.7969667318982387,0.5961628959635976,0.5961628959635976,0.0,0.4471221719726982
CHEMBL1200828,CYCRIMINE HYDROCHLORIDE,10,0,0,0.5061533815721888,-8.42,-6.7275,False,,,,287.4,3.94,23.5,ACVR1,-8.42,69.15447154471545,0.6915447154471545,0.0,1.0,0.7969667318982387,0.5961628959635976,0.5961628959635976,0.0,0.4471221719726982
CHEMBL4297592,AMENAMEVIR,10,0,0,0.5537602330520772,-9.311,-7.9015,False,Phase 1,helicase primase inhibitor,,482.6,3.15,122.5,ACVR1,-9.311,89.07317073170732,0.8907317073170732,0.0,0.6,0.7969667318982387,0.5958376927115652,0.5958376927115652,0.0,0.4468782695336739
CHEMBL638,VORICONAZOLE,10,0,0,0.4895626730929486,-8.646,-6.305,False,Launched,cytochrome P450 inhibitor,esophageal candidiasis|aspergillosis|skin infections,349.3,2.18,76.7,SLC2A1,-8.646,64.66079582517938,0.6466079582517937,0.0,1.0,0.9141924959216966,0.595772057688972,0.595772057688972,0.0,0.446829043266729
CHEMBL1237119,TREPROSTINIL,10,0,0,0.4748618033521913,-8.212,-7.1055,False,Launched,prostanoid receptor agonist,pulmonary arterial hypertension (PAH),390.5,3.58,87.0,TNIK,-7.762,77.91380999020568,0.7791380999020567,0.0,0.8,0.8242056993121519,0.5952860948576455,0.5952860948576455,0.0,0.4464645711432341
CHEMBL2107815,TREPROSTINIL DIOLAMINE,10,0,0,0.4748618033521913,-8.212,-7.1055,False,,,,390.5,3.58,87.0,TNIK,-7.762,77.91380999020568,0.7791380999020567,0.0,0.8,0.8242056993121519,0.5952860948576455,0.5952860948576455,0.0,0.4464645711432341
CHEMBL9,NORFLOXACIN,10,0,0,0.5288704735309973,-8.441,-6.875,False,Launched,bacterial DNA gyrase inhibitor,urinary tract infections|gonorrhea|prostatitis,319.3,1.27,74.6,TNIK,-7.321,67.87463271302644,0.6787463271302644,0.0,1.0,0.8242056993121519,0.5951293857489286,0.5951293857489286,0.0,0.44634703931169645
CHEMBL1378,THIETHYLPERAZINE,10,0,0,0.5014438811591801,-8.678,-6.836,False,Launched,dopamine receptor antagonist,nausea,399.6,5.04,9.7,AXL,-7.28,70.75871051774666,0.7075871051774666,0.0,0.9,0.8797731045932484,0.5950008077599739,0.5950008077599739,0.0,0.44625060581998044
CHEMBL3989478,THIETHYLPERAZINE MALEATE,10,0,0,0.5014438811591801,-8.678,-6.836,False,,,,399.6,5.04,9.7,AXL,-7.28,70.75871051774666,0.7075871051774666,0.0,0.9,0.8797731045932484,0.5950008077599739,0.5950008077599739,0.0,0.44625060581998044
CHEMBL2359670,THIETHYLPERAZINE MALATE,10,0,0,0.5014438811591801,-8.678,-6.836,False,,,,399.6,5.04,9.7,AXL,-7.28,70.75871051774666,0.7075871051774666,0.0,0.9,0.8797731045932484,0.5950008077599739,0.5950008077599739,0.0,0.44625060581998044
CHEMBL311498,CIANIDANOL,10,0,0,0.4981223785340199,-9.083,-7.302,False,Withdrawn,fatty acid synthase inhibitor,,290.3,1.55,110.4,MAPK14,-8.084,89.53715775749674,0.8953715775749674,0.0,0.6,0.778536615334207,0.594929123330118,0.594929123330118,0.0,0.4461968424975885
CHEMBL70972,SERATRODAST,10,0,0,0.49010295511356555,-8.781,-7.0665,False,Launched,prostanoid receptor antagonist,asthma,354.4,4.61,71.4,ACVR1,-8.781,78.79674796747967,0.7879674796747967,0.0,0.8,0.7969667318982387,0.5947320016546546,0.5947320016546546,0.0,0.4460490012409909
CHEMBL1788403,BIOALLETHRIN,10,0,0,0.49385479090407064,-7.971,-6.74,False,,,,302.4,4.0,43.4,VASH2,-7.546,79.90228013029316,0.7990228013029317,0.0,1.0,0.5,0.5946091205211727,0.5946091205211727,0.0,0.44595684039087946
CHEMBL2107703,FENTICONAZOLE NITRATE,10,0,0,0.5273441638850406,-9.342,-7.8145,False,,,,455.4,7.3,27.1,MAPK14,-8.078,89.42307692307693,0.8942307692307694,0.0,0.6,0.778536615334207,0.5944727999924388,0.5944727999924388,0.0,0.44585459999432914
CHEMBL1651990,FENTICONAZOLE,10,0,0,0.5273441638850406,-9.342,-7.8145,False,Launched,bacterial cell wall synthesis inhibitor,vulvovaginal candidiasis,455.4,7.3,27.1,MAPK14,-8.078,89.42307692307693,0.8942307692307694,0.0,0.6,0.778536615334207,0.5944727999924388,0.5944727999924388,0.0,0.44585459999432914
CHEMBL253376,BROMHEXINE,10,0,0,0.4561141266821641,-7.507,-6.4435,False,Launched,mucolytic agent,chest congestion,376.1,4.56,29.3,TNIK,-7.507,72.70649689846556,0.7270649689846556,0.0,0.9,0.8242056993121519,0.5944568424906851,0.5944568424906851,0.0,0.4458426318680138
CHEMBL1319139,BROMHEXINE HYDROCHLORIDE,10,0,0,0.4561141266821641,-7.507,-6.4435,False,,,,376.1,4.56,29.3,TNIK,-7.507,72.70649689846556,0.7270649689846556,0.0,0.9,0.8242056993121519,0.5944568424906851,0.5944568424906851,0.0,0.4458426318680138
CHEMBL21731,MAPROTILINE,10,0,0,0.5114026090041965,-8.222,-6.661,False,Launched,norepinephrine reputake inhibitor|tricyclic antidepressant,depression|dysthymic disorder,277.4,4.21,12.0,SERPINE1,-6.539,79.82113821138212,0.7982113821138213,0.0,1.0,0.5,0.5942845528455285,0.5942845528455285,0.0,0.4457134146341464
CHEMBL407,FLUMAZENIL,10,0,0,0.4763791518655342,-8.396,-6.275,False,Launched,benzodiazepine receptor antagonist,sedative,303.3,1.77,64.4,ACVR1,-8.396,68.65040650406505,0.6865040650406504,0.0,1.0,0.7969667318982387,0.594146635800996,0.594146635800996,0.0,0.445609976850747
CHEMBL782,TOLBUTAMIDE,10,0,0,0.48617182530876446,-7.422,-6.895,False,Launched,ATP channel blocker,diabetes mellitus,270.4,1.78,75.3,MAPK14,-7.171,69.3122555410691,0.693122555410691,0.0,1.0,0.778536615334207,0.5940295144644074,0.5940295144644074,0.0,0.4455221358483056
CHEMBL728,PROCHLORPERAZINE,10,0,0,0.5241493676004864,-8.824,-7.1274999999999995,False,Launched,dopamine receptor antagonist,nausea|vomiting,374.0,4.58,9.7,SLC2A1,-8.824,69.21069797782127,0.6921069797782127,0.0,0.9,0.9141924959216966,0.5939716662995396,0.5939716662995396,0.0,0.4454787497246547
CHEMBL1201154,PROCHLORPERAZINE EDISYLATE,10,0,0,0.5241493676004864,-8.824,-7.1274999999999995,False,,,,374.0,4.58,9.7,SLC2A1,-8.824,69.21069797782127,0.6921069797782127,0.0,0.9,0.9141924959216966,0.5939716662995396,0.5939716662995396,0.0,0.4454787497246547
CHEMBL1314751,PROCHLORPERAZINE MALEATE,10,0,0,0.5241493676004864,-8.824,-7.1274999999999995,False,,,,374.0,4.58,9.7,SLC2A1,-8.824,69.21069797782127,0.6921069797782127,0.0,0.9,0.9141924959216966,0.5939716662995396,0.5939716662995396,0.0,0.4454787497246547
CHEMBL2107726,ARIMOCLOMOL,10,0,0,0.46991760061917337,-7.475,-6.7145,False,,,,313.8,1.08,72.0,TNIK,-7.31,67.56447926869083,0.6756447926869084,0.0,1.0,0.8242056993121519,0.5938887719715862,0.5938887719715862,0.0,0.44541657897868964
CHEMBL4298149,ARIMOCLOMOL CITRATE,10,0,0,0.46991760061917337,-7.475,-6.7145,False,,,,313.8,1.08,72.0,TNIK,-7.31,67.56447926869083,0.6756447926869084,0.0,1.0,0.8242056993121519,0.5938887719715862,0.5938887719715862,0.0,0.44541657897868964
CHEMBL1200635,HYDROCORTAMATE HYDROCHLORIDE,10,0,0,0.4928112121441897,-9.571,-7.311,False,,,,475.6,2.67,104.1,SLC2A1,-9.571,84.16503587736464,0.8416503587736465,0.0,0.6,0.9141924959216966,0.5937890178977131,0.5937890178977131,0.0,0.4453417634232848
CHEMBL1201263,HYDROCORTAMATE,10,0,0,0.4928112121441897,-9.571,-7.311,False,,,,475.6,2.67,104.1,SLC2A1,-9.571,84.16503587736464,0.8416503587736465,0.0,0.6,0.9141924959216966,0.5937890178977131,0.5937890178977131,0.0,0.4453417634232848
CHEMBL16,PHENYTOIN,10,0,0,0.5490603541880807,-8.52,-7.101,True,Launched,hydantoin antiepileptic,seizures,252.3,1.77,58.2,ACVR1,-8.382,68.52032520325203,0.6852032520325203,0.0,1.0,0.7969667318982387,0.593626310597744,0.593626310597744,0.0,0.44521973294830797
CHEMBL1474889,CLOBUTINOL,10,0,0,0.40993016230078483,-7.308,-5.8845,False,Withdrawn,antitussive,,255.8,2.83,23.5,TNIK,-7.308,67.4502122102514,0.6745021221025139,0.0,1.0,0.8242056993121519,0.5934317037378284,0.5934317037378284,0.0,0.4450737778033713
CHEMBL273575,NOMIFENSINE,10,0,0,0.5184611376025543,-8.379,-6.721,False,Withdrawn,dopamine reuptake inhibitor|noradrenaline uptake inhibitor,,238.3,2.85,29.3,ACVR1,-8.379,68.4390243902439,0.684390243902439,0.0,1.0,0.7969667318982387,0.5933011073457114,0.5933011073457114,0.0,0.4449758305092836
CHEMBL1256842,NOMIFENSINE MALEATE,10,0,0,0.5184611376025543,-8.379,-6.721,False,,,,238.3,2.85,29.3,ACVR1,-8.379,68.4390243902439,0.684390243902439,0.0,1.0,0.7969667318982387,0.5933011073457114,0.5933011073457114,0.0,0.4449758305092836
CHEMBL1254682,LEVALLORPHAN,10,0,0,0.5443161062352673,-8.546,-7.002,False,Launched,opioid receptor antagonist,respiratory depression,283.4,3.64,23.5,SERPINE1,-6.529,79.54471544715447,0.7954471544715447,0.0,1.0,0.5,0.5931788617886178,0.5931788617886178,0.0,0.44488414634146334
CHEMBL2062276,LEVALLORPHAN TARTRATE,10,0,0,0.5443161062352673,-8.546,-7.002,False,,,,283.4,3.64,23.5,SERPINE1,-6.529,79.54471544715447,0.7954471544715447,0.0,1.0,0.5,0.5931788617886178,0.5931788617886178,0.0,0.44488414634146334
CHEMBL1200384,BETAMETHASONE DIPROPIONATE,10,0,0,0.4418004805538696,-8.001,-7.038,False,,,,504.6,3.82,107.0,AXL,-7.892,85.24910452621296,0.8524910452621296,0.0,0.6,0.8797731045932484,0.5929623837938391,0.5929623837938391,0.0,0.44472178784537936
CHEMBL900,ORPHENADRINE,10,0,0,0.4840923954453994,-7.934,-6.054,False,Launched,acetylcholine receptor antagonist,muscle pain,269.4,3.66,12.5,ACVR1,-7.934,55.83739837398374,0.5583739837398374,0.2,1.0,0.7969667318982387,0.5928946032806708,0.5928946032806708,0.0,0.4446709524605031
CHEMBL1256818,DEXTROMETHORPHAN HYDROBROMIDE,10,0,0,0.5192615634262443,-8.189,-6.7325,False,,,,271.4,3.38,12.5,SERPINE1,-6.527,79.46341463414635,0.7946341463414635,0.0,1.0,0.5,0.5928536585365853,0.5928536585365853,0.0,0.444640243902439
CHEMBL52440,DEXTROMETHORPHAN,10,0,0,0.5192615634262443,-8.189,-6.7325,True,Launched,glutamate receptor antagonist|sigma receptor agonist,cough suppressant,271.4,3.38,12.5,SERPINE1,-6.527,79.46341463414635,0.7946341463414635,0.0,1.0,0.5,0.5928536585365853,0.5928536585365853,0.0,0.444640243902439
CHEMBL91,MICONAZOLE,10,0,0,0.554136814249989,-8.624,-7.300000000000001,False,Launched,bacterial cell wall synthesis inhibitor,yeast infection|itching,416.1,6.45,27.1,TNIK,-7.389,69.7518772445315,0.697518772445315,0.0,0.9500000000000001,0.8242056993121519,0.5926383638749488,0.5926383638749488,0.0,0.4444787729062116
CHEMBL1201335,GLYCOPYRRONIUM,10,0,0,0.5206708485026479,-8.507,-7.074,False,,,,318.4,2.46,46.5,MAPK14,-7.157,68.85593220338984,0.6885593220338984,0.0,1.0,0.778536615334207,0.5922042211136904,0.5922042211136904,0.0,0.4441531658352678
CHEMBL1201027,GLYCOPYRRONIUM BROMIDE,10,0,0,0.5206708485026479,-8.507,-7.074,False,,,,318.4,2.46,46.5,MAPK14,-7.157,68.85593220338984,0.6885593220338984,0.0,1.0,0.778536615334207,0.5922042211136904,0.5922042211136904,0.0,0.4441531658352678
CHEMBL3707243,GLYCOPYRRONIUM TOSYLATE,10,0,0,0.5206708485026479,-8.507,-7.074,False,,,,318.4,2.46,46.5,MAPK14,-7.157,68.85593220338984,0.6885593220338984,0.0,1.0,0.778536615334207,0.5922042211136904,0.5922042211136904,0.0,0.4441531658352678
CHEMBL527,PIROXICAM,10,0,0,0.5220745307031948,-8.757,-7.137499999999999,False,Launched,cyclooxygenase inhibitor,osteoarthritis|rheumatoid arthritis,331.4,1.58,99.6,ACVR1,-8.757,78.11382113821138,0.7811382113821138,0.0,0.8,0.7969667318982387,0.5920002943375814,0.5920002943375814,0.0,0.444000220753186
CHEMBL908,CHLORPROTHIXENE,10,0,0,0.4928895856420068,-8.37,-6.7895,False,Launched,dopamine receptor antagonist,schizophrenia|bipolar disorder,315.9,5.19,3.2,ACVR1,-8.37,68.08130081300813,0.6808130081300813,0.0,1.0,0.7969667318982387,0.5918702130367683,0.5918702130367683,0.0,0.44390265977757626
CHEMBL977,HYDROCORTISONE HEMISUCCINATE ANHYDROUS,10,0,0,0.49771649152081804,-9.551,-7.4945,False,,,,462.5,2.2,138.2,SLC2A1,-9.551,83.67579908675799,0.83675799086758,0.0,0.6,0.9141924959216966,0.5918320707352864,0.5918320707352864,0.0,0.4438740530514648
CHEMBL953,ENTACAPONE,10,0,0,0.46998047560928935,-7.46,-6.5735,False,Launched,catechol O methyltransferase inhibitor,Parkinson's Disease,305.3,1.78,127.7,MAPK14,-7.222,71.21903520208605,0.7121903520208605,0.0,0.9500000000000001,0.778536615334207,0.5916566331084752,0.5916566331084752,0.0,0.44374247483135637
CHEMBL1201150,SUMATRIPTAN SUCCINATE,10,0,0,0.46651159061055625,-7.287,-6.3255,False,,,,295.4,1.32,65.2,TNIK,-7.287,66.99314397649363,0.6699314397649363,0.0,1.0,0.8242056993121519,0.5916034308027973,0.5916034308027973,0.0,0.443702573102098
CHEMBL1200772,WARFARIN POTASSIUM,10,0,0,0.5313182962262697,-8.612,-6.9399999999999995,False,,,,307.3,2.98,70.3,ADRA2A,-8.612,77.93159609120521,0.7793159609120521,0.0,1.0,0.5324652394614875,0.591596170284044,0.591596170284044,0.0,0.443697127713033
CHEMBL1200879,WARFARIN SODIUM,10,0,0,0.5313182962262697,-8.612,-6.9399999999999995,False,,,,307.3,2.98,70.3,ADRA2A,-8.612,77.93159609120521,0.7793159609120521,0.0,1.0,0.5324652394614875,0.591596170284044,0.591596170284044,0.0,0.443697127713033
CHEMBL939,GEFITINIB,10,0,0,0.5441938914257247,-9.083,-7.4765,False,Launched,EGFR inhibitor,non-small cell lung cancer (NSCLC),446.9,4.28,68.7,SLC2A1,-9.083,73.59752120026093,0.7359752120026093,0.0,0.8,0.9141924959216966,0.5915189591892982,0.5915189591892982,0.0,0.44363921939197365
CHEMBL174,AMPICILLIN,10,0,0,0.4333465617121875,-8.041,-6.864,False,Launched,bacterial cell wall synthesis inhibitor,respiratory tract infections|meningitis|bacterial septicemia|endocarditis|urinary tract infections|gastrointestinal infections,349.4,0.32,112.7,MAPK14,-8.041,88.59191655801826,0.8859191655801826,0.0,0.6,0.778536615334207,0.591148158532204,0.591148158532204,0.0,0.44336111889915303
CHEMBL700,SULFAPYRIDINE,10,0,0,0.47989354611136925,-7.281,-7.0375,False,Launched,PABA antagonist,gram-negative bacterial infections|gram-positive bacterial infections,249.3,1.46,85.1,TNIK,-7.281,66.86255305256284,0.6686255305256285,0.0,1.0,0.8242056993121519,0.5910810671070742,0.5910810671070742,0.0,0.4433108003303057
CHEMBL995,LOSARTAN POTASSIUM,10,0,0,0.5381390554555628,-8.799,-7.4205,False,,,,421.9,3.9,90.8,MAPK14,-7.531,78.5691003911343,0.7856910039113429,0.0,0.8,0.778536615334207,0.5910568938646683,0.5910568938646683,0.0,0.44329267039850123
CHEMBL1522,ESZOPICLONE,10,0,0,0.5067867748704238,-9.079,-6.9805,False,,,,388.8,1.57,91.8,SLC2A1,-9.079,73.45075016307892,0.7345075016307893,0.0,0.8,0.9141924959216966,0.5909318750405703,0.5909318750405703,0.0,0.44319890628042774
CHEMBL418995,AMINEPTINE,10,0,0,0.35784337201767724,-7.32,-5.572,False,Withdrawn,dopamine receptor agonist,,337.5,4.5,49.3,MAPK14,-7.32,73.53324641460235,0.7353324641460235,0.0,0.9,0.778536615334207,0.5909134779585405,0.5909134779585405,0.0,0.4431851084689054
CHEMBL12856,INAMRINONE,10,0,0,0.46255963722304017,-7.052,-6.441,False,,,,187.2,1.02,71.8,SERPINE1,-6.513,78.97560975609757,0.7897560975609756,0.0,1.0,0.5,0.5909024390243902,0.5909024390243902,0.0,0.44317682926829266
CHEMBL2096642,INAMRINONE LACTATE,10,0,0,0.46255963722304017,-7.052,-6.441,False,,,,187.2,1.02,71.8,SERPINE1,-6.513,78.97560975609757,0.7897560975609756,0.0,1.0,0.5,0.5909024390243902,0.5909024390243902,0.0,0.44317682926829266
CHEMBL963,OXYMORPHONE,10,0,0,0.48393988537618915,-9.075,-6.736000000000001,False,,,,301.3,0.75,70.0,SLC2A1,-9.075,73.36921069797782,0.7336921069797782,0.0,0.8,0.9141924959216966,0.5906057171801657,0.5906057171801657,0.0,0.4429542878851243
CHEMBL1200794,OXYMORPHONE HYDROCHLORIDE,10,0,0,0.48393988537618915,-9.075,-6.736000000000001,False,,,,301.3,0.75,70.0,SLC2A1,-9.075,73.36921069797782,0.7336921069797782,0.0,0.8,0.9141924959216966,0.5906057171801657,0.5906057171801657,0.0,0.4429542878851243
CHEMBL1200975,CLOCORTOLONE PIVALATE,10,0,0,0.5211626345761734,-9.249,-7.765499999999999,False,,,,495.0,4.6,80.7,AXL,-7.848,84.6304135460762,0.846304135460762,0.0,0.6,0.8797731045932484,0.590487619873292,0.590487619873292,0.0,0.442865714904969
CHEMBL1201134,LUBIPROSTONE,10,0,0,0.43161853742575823,-8.272,-7.0755,False,Launched,chloride channel activator,constipation|irritable bowel syndrome,390.5,4.31,83.8,TNIK,-8.272,86.61443029709434,0.8661443029709435,0.0,0.6,0.8242056993121519,0.5900885760852002,0.5900885760852002,0.0,0.4425664320639001
CHEMBL1291,METIPRANOLOL,10,0,0,0.4672572314109214,-7.124,-6.859500000000001,False,Withdrawn,adrenergic receptor antagonist,,309.4,2.27,67.8,MAPK14,-7.124,68.1877444589309,0.681877444589309,0.0,1.0,0.778536615334207,0.5895314701358547,0.5895314701358547,0.0,0.44214860260189104
CHEMBL1413,CICLOPIROX,10,0,0,0.4707849459171444,-7.721,-6.5175,False,Launched,membrane integrity inhibitor,onychomycosis,207.3,2.44,42.2,MAPK14,-7.124,68.1877444589309,0.681877444589309,0.0,1.0,0.778536615334207,0.5895314701358547,0.5895314701358547,0.0,0.44214860260189104
CHEMBL1200947,METIPRANOLOL HYDROCHLORIDE,10,0,0,0.4672572314109214,-7.124,-6.859500000000001,False,,,,309.4,2.27,67.8,MAPK14,-7.124,68.1877444589309,0.681877444589309,0.0,1.0,0.778536615334207,0.5895314701358547,0.5895314701358547,0.0,0.44214860260189104
CHEMBL3668014,LINZAGOLIX,10,0,0,0.5419739155872954,-9.493,-7.7445,False,,,,508.4,3.45,119.9,AXL,-7.84,84.36991208075546,0.8436991208075546,0.0,0.6,0.8797731045932484,0.5894456140120091,0.5894456140120091,0.0,0.4420842105090068
CHEMBL1200959,METHDILAZINE,10,0,0,0.4518146831925362,-8.523,-6.317,False,,,,296.4,4.24,6.5,ACVR1,-8.523,72.3739837398374,0.723739837398374,0.0,0.9,0.7969667318982387,0.5890409447440854,0.5890409447440854,0.0,0.44178070855806406
CHEMBL1200532,METHDILAZINE HYDROCHLORIDE,10,0,0,0.4518146831925362,-8.523,-6.317,False,,,,296.4,4.24,6.5,ACVR1,-8.523,72.3739837398374,0.723739837398374,0.0,0.9,0.7969667318982387,0.5890409447440854,0.5890409447440854,0.0,0.44178070855806406
CHEMBL1723,ALFUZOSIN HYDROCHLORIDE,10,0,0,0.5027924800700272,-8.535,-6.946,False,,,,389.5,1.35,111.8,TNIK,-7.675,76.33039503754489,0.7633039503754488,0.0,0.8,0.8242056993121519,0.5889524350470023,0.5889524350470023,0.0,0.44171432628525176
CHEMBL709,ALFUZOSIN,10,0,0,0.5027924800700272,-8.535,-6.946,False,Launched,adrenergic receptor antagonist,benign prostatic hyperplasia (BPH),389.5,1.35,111.8,TNIK,-7.675,76.33039503754489,0.7633039503754488,0.0,0.8,0.8242056993121519,0.5889524350470023,0.5889524350470023,0.0,0.44171432628525176
CHEMBL1266,TETRAHYDROZOLINE,10,0,0,0.48010276135268626,-7.537,-6.5504999999999995,False,Launched,adrenergic receptor agonist,eye irritation,200.3,2.11,24.4,MAPK14,-7.119,68.04106910039114,0.6804106910039114,0.0,1.0,0.778536615334207,0.5889447687016955,0.5889447687016955,0.0,0.44170857652627166
CHEMBL1200413,TETRAHYDROZOLINE HYDROCHLORIDE,10,0,0,0.48010276135268626,-7.537,-6.5504999999999995,False,,,,200.3,2.11,24.4,MAPK14,-7.119,68.04106910039114,0.6804106910039114,0.0,1.0,0.778536615334207,0.5889447687016955,0.5889447687016955,0.0,0.44170857652627166
CHEMBL87708,LOFEPRAMINE,10,0,0,0.4666646215731509,-8.028,-6.4825,False,Launched,norepinephrine reuptake inhibitor|serotonin–norepinephrine reuptake inhibitor (SNRI),depression,419.0,5.78,23.6,VASH2,-7.583,80.94462540716613,0.8094462540716613,0.0,0.9500000000000001,0.5,0.5887785016286645,0.5887785016286645,0.0,0.4415838762214984
CHEMBL1200968,HYDROCORTISONE SODIUM PHOSPHATE,10,0,0,0.49078620144056184,-9.495,-7.3004999999999995,False,,,,440.4,0.63,147.0,SLC2A1,-9.495,82.90932811480756,0.8290932811480757,0.0,0.6,0.9141924959216966,0.5887661868474847,0.5887661868474847,0.0,0.44157464013561354
CHEMBL2104793,PYROVALERONE HYDROCHLORIDE,10,0,0,0.4512309672775096,-7.424,-6.0655,False,,,,245.4,3.44,20.3,TNIK,-7.25,66.19327456741756,0.6619327456741756,0.0,1.0,0.8242056993121519,0.5884039531664931,0.5884039531664931,0.0,0.4413029648748698
CHEMBL201960,PYROVALERONE,10,0,0,0.4512309672775096,-7.424,-6.0655,False,,,,245.4,3.44,20.3,TNIK,-7.25,66.19327456741756,0.6619327456741756,0.0,1.0,0.8242056993121519,0.5884039531664931,0.5884039531664931,0.0,0.4413029648748698
CHEMBL1531,ETONOGESTREL,10,0,0,0.540871276809606,-8.801,-7.0855,False,Launched,progesterone receptor agonist,contraceptive,324.5,4.05,37.3,ADRA2A,-8.801,82.11726384364822,0.8211726384364821,0.0,0.9,0.5324652394614875,0.588338841293816,0.588338841293816,0.0,0.441254130970362
CHEMBL3989768,LEVORPHANOL TARTRATE,10,0,0,0.5208102810197089,-8.13,-6.6240000000000006,False,,,,257.4,3.08,23.5,SERPINE1,-6.493,78.27642276422763,0.7827642276422764,0.0,1.0,0.5,0.5881056910569105,0.5881056910569105,0.0,0.44107926829268285
CHEMBL592,LEVORPHANOL,10,0,0,0.5208102810197089,-8.13,-6.6240000000000006,False,,,,257.4,3.08,23.5,SERPINE1,-6.493,78.27642276422763,0.7827642276422764,0.0,1.0,0.5,0.5881056910569105,0.5881056910569105,0.0,0.44107926829268285
CHEMBL2355051,CLOMIPHENE,10,0,0,0.46777730355250197,-9.396,-7.236,False,,,,406.0,6.56,12.5,TNIK,-8.237,86.04309500489717,0.8604309500489716,0.0,0.6,0.8242056993121519,0.5878032349164114,0.5878032349164114,0.0,0.4408524261873086
CHEMBL3185958,CLOMIPHENE CITRATE,10,0,0,0.46777730355250197,-9.396,-7.236,False,,,,406.0,6.56,12.5,TNIK,-8.237,86.04309500489717,0.8604309500489716,0.0,0.6,0.8242056993121519,0.5878032349164114,0.5878032349164114,0.0,0.4408524261873086
CHEMBL24944,TRIBROMSALAN,10,0,0,0.49432454399353104,-8.126,-7.3155,False,,,,449.9,4.93,49.3,TNIK,-7.667,76.03656545870062,0.7603656545870062,0.0,0.8,0.8242056993121519,0.5877771167316254,0.5877771167316254,0.0,0.44083283754871905
CHEMBL397420,ACENOCOUMAROL,10,0,0,0.5295694880025426,-8.675,-7.247,False,Launched,vitamin K antagonist,deep vein thrombosis (DVT),353.3,3.52,110.7,TNIK,-7.664,76.00391772771793,0.7600391772771793,0.0,0.8,0.8242056993121519,0.5876465258076945,0.5876465258076945,0.0,0.44073489435577085
CHEMBL1111,AMBRISENTAN,10,0,0,0.4895886134793842,-8.175,-6.645,False,Launched,endothelin receptor antagonist,pulmonary arterial hypertension (PAH),378.4,3.52,81.5,GALNS,-7.353,78.1331592689295,0.7813315926892951,0.0,1.0,0.5,0.587532637075718,0.587532637075718,0.0,0.44064947780678854
CHEMBL420762,MOZAVAPTAN,10,0,0,0.44287576079886676,-7.947,-6.5585,False,Launched,vasopressin receptor antagonist,hyponatremia,427.5,5.29,52.7,VASH2,-7.947,88.0456026058632,0.8804560260586319,0.0,0.8,0.5,0.5871824104234528,0.5871824104234528,0.0,0.44038680781758954
CHEMBL2103877,EFINACONAZOLE,10,0,0,0.5124323082483888,-8.532,-6.7805,False,Launched,lanosterol demethylase inhibitor,onychomycosis,348.4,2.48,54.2,SLC2A1,-8.532,62.39399869536856,0.6239399869536856,0.0,1.0,0.9141924959216966,0.5867048691697287,0.5867048691697287,0.0,0.44002865187729656
CHEMBL1126,PENICILLIN G SODIUM,10,0,0,0.4799241619169982,-8.04,-7.239000000000001,False,,,,333.4,-0.47,89.5,MAPK14,-7.49,77.46088657105607,0.7746088657105606,0.0,0.8,0.778536615334207,0.5866240385843553,0.5866240385843553,0.0,0.4399680289382665
CHEMBL1223,PENICILLIN G POTASSIUM,10,0,0,0.4799241619169982,-8.04,-7.239000000000001,False,,,,333.4,-0.47,89.5,MAPK14,-7.49,77.46088657105607,0.7746088657105606,0.0,0.8,0.778536615334207,0.5866240385843553,0.5866240385843553,0.0,0.4399680289382665
CHEMBL1201749,DIFLUPREDNATE,10,0,0,0.46467924178562203,-8.82,-7.1135,False,Launched,glucocorticoid receptor agonist,endogenous uveitis,508.6,3.52,107.0,AXL,-7.785,83.62097036795832,0.8362097036795832,0.0,0.6,0.8797731045932484,0.5864498471608206,0.5864498471608206,0.0,0.43983738537061545
CHEMBL1908919,FLORBETAPIR,10,0,0,0.4131830047566286,-7.43,-6.077500000000001,False,,,,360.4,3.68,52.6,TNIK,-7.43,70.66601371204702,0.7066601371204702,0.0,0.9,0.8242056993121519,0.5862949097450109,0.5862949097450109,0.0,0.4397211823087581
CHEMBL1774461,FLORBETAPIR F 18,10,0,0,0.4131830047566286,-7.43,-6.077500000000001,False,,,,359.4,3.68,52.6,TNIK,-7.43,70.66601371204702,0.7066601371204702,0.0,0.9,0.8242056993121519,0.5862949097450109,0.5862949097450109,0.0,0.4397211823087581
CHEMBL669,CYCLOBENZAPRINE,10,0,0,0.5108266552695703,-8.165,-6.9215,False,Launched,adrenergic receptor agonist|serotonin receptor agonist,spasms,275.4,4.55,3.2,AXL,-6.992,63.562357538261146,0.6356235753826115,0.0,1.0,0.8797731045932484,0.5862153958420319,0.5862153958420319,0.0,0.4396615468815239
CHEMBL1201013,OLSALAZINE SODIUM,10,0,0,0.4676673124415995,-8.265,-6.939,False,,,,300.2,0.24,145.4,TNIK,-8.213,85.63499836761345,0.8563499836761345,0.0,0.6,0.8242056993121519,0.5861708483672766,0.5861708483672766,0.0,0.4396281362754575
CHEMBL404108,LUMIRACOXIB,10,0,0,0.5010049991364605,-8.405,-6.734999999999999,False,Withdrawn,cyclooxygenase inhibitor,,293.7,4.16,49.3,MAPK14,-7.262,72.34354628422425,0.7234354628422425,0.0,0.9,0.778536615334207,0.5861546774370281,0.5861546774370281,0.0,0.43961600807777107
CHEMBL1200874,TOLBUTAMIDE SODIUM,10,0,0,0.4463701301202766,-7.228,-6.505,False,,,,269.3,2.57,77.3,TNIK,-7.228,65.58929154423767,0.6558929154423767,0.0,1.0,0.8242056993121519,0.5859880210737735,0.5859880210737735,0.0,0.4394910158053301
CHEMBL1092,TRIHEXYPHENIDYL HYDROCHLORIDE,10,0,0,0.4817170892118,-8.735,-6.683,False,,,,301.5,4.33,23.5,SLC2A1,-8.735,67.20482713633399,0.6720482713633399,0.0,0.9,0.9141924959216966,0.5859481829335905,0.5859481829335905,0.0,0.43946113720019286
CHEMBL1201237,LEVOBUNOLOL,10,0,0,0.48949781816263266,-7.617,-7.039,False,Launched,adrenergic receptor antagonist,glaucoma|ocular hypertension,291.4,2.33,58.6,MAPK14,-7.098,67.29139504563233,0.6729139504563233,0.0,1.0,0.778536615334207,0.5859460724826604,0.5859460724826604,0.0,0.4394595543619953
CHEMBL1201177,LEVOBUNOLOL HYDROCHLORIDE,10,0,0,0.48949781816263266,-7.617,-7.039,False,,,,291.4,2.33,58.6,MAPK14,-7.098,67.29139504563233,0.6729139504563233,0.0,1.0,0.778536615334207,0.5859460724826604,0.5859460724826604,0.0,0.4394595543619953
CHEMBL1201207,BETAMETHASONE PHOSPHORIC ACID,10,0,0,0.4756869714662262,-9.596,-7.6585,False,,,,472.4,2.01,141.4,AXL,-8.343,93.48746336698144,0.9348746336698145,0.0,0.4,0.8797731045932484,0.585915819156913,0.585915819156913,0.0,0.4394368643676848
CHEMBL1201011,QUINAPRIL HYDROCHLORIDE,10,0,0,0.4449705945638719,-8.647,-7.176,False,,,,438.5,2.57,95.9,MAPK14,-7.953,87.17405475880052,0.8717405475880052,0.0,0.6,0.778536615334207,0.5854767113353332,0.5854767113353332,0.0,0.4391075335014999
CHEMBL1592,QUINAPRIL,10,0,0,0.4449705945638719,-8.647,-7.176,False,Launched,angiotensin converting enzyme inhibitor,hypertension|congestive heart failure|angioedema,438.5,2.57,95.9,MAPK14,-7.953,87.17405475880052,0.8717405475880052,0.0,0.6,0.778536615334207,0.5854767113353332,0.5854767113353332,0.0,0.4391075335014999
CHEMBL38827,LUMEFANTRINE,10,0,0,0.4250605148929264,-10.32,-7.1665,False,Launched,antimalarial agent,malaria,529.0,9.15,23.5,SLC2A1,-10.32,91.97651663405088,0.9197651663405089,0.0,0.4,0.9141924959216966,0.5850349409244581,0.5850349409244581,0.0,0.4387762056933435
CHEMBL1200610,LORACARBEF,10,0,0,0.5046238854452001,-8.555,-7.513,False,Launched,bacterial cell wall synthesis inhibitor,ear infections|laryngitis|bronchitis|pneumonia|urinary tract infections|skin infections,349.8,0.71,112.7,TNIK,-8.191,85.32484492327784,0.8532484492327783,0.0,0.6,0.8242056993121519,0.5849302345899341,0.5849302345899341,0.0,0.43869767594245057
CHEMBL1013,LORACARBEF ANHYDROUS,10,0,0,0.5046238854452001,-8.555,-7.513,False,,,,349.8,0.71,112.7,TNIK,-8.191,85.32484492327784,0.8532484492327783,0.0,0.6,0.8242056993121519,0.5849302345899341,0.5849302345899341,0.0,0.43869767594245057
CHEMBL3544909,CALCIFEDIOL,10,0,0,0.5078274502900767,-8.966,-7.133,False,Launched,vitamin D receptor agonist,hyperparathyroidism,400.6,6.73,40.5,SLC2A1,-8.966,71.90150032615786,0.7190150032615786,0.0,0.8,0.9141924959216966,0.5847348756928861,0.5847348756928861,0.0,0.43855115676966455
CHEMBL1040,CALCIFEDIOL ANHYDROUS,10,0,0,0.5078274502900767,-8.966,-7.133,False,,,,400.6,6.73,40.5,SLC2A1,-8.966,71.90150032615786,0.7190150032615786,0.0,0.8,0.9141924959216966,0.5847348756928861,0.5847348756928861,0.0,0.43855115676966455
CHEMBL284092,GEPIRONE,10,0,0,0.49821112015406266,-7.857,-6.87,False,,,,359.5,1.55,69.6,TNIK,-7.217,65.24649036891937,0.6524649036891936,0.0,1.0,0.8242056993121519,0.5846168163725003,0.5846168163725003,0.0,0.4384626122793752
CHEMBL1204187,GEPIRONE HYDROCHLORIDE,10,0,0,0.49821112015406266,-7.857,-6.87,False,,,,359.5,1.55,69.6,TNIK,-7.217,65.24649036891937,0.6524649036891936,0.0,1.0,0.8242056993121519,0.5846168163725003,0.5846168163725003,0.0,0.4384626122793752
CHEMBL2062266,DIHYDROCODEINE BITARTRATE,10,0,0,0.4890493585626102,-7.958,-6.559,False,,,,301.4,1.73,41.9,AXL,-6.984,63.15532399869749,0.6315532399869749,0.0,1.0,0.8797731045932484,0.5845872616837772,0.5845872616837772,0.0,0.43844044626283285
CHEMBL1595,DIHYDROCODEINE,10,0,0,0.4890493585626102,-7.958,-6.559,False,,,,301.4,1.73,41.9,AXL,-6.984,63.15532399869749,0.6315532399869749,0.0,1.0,0.8797731045932484,0.5845872616837772,0.5845872616837772,0.0,0.43844044626283285
CHEMBL3137301,SACUBITRIL,10,0,0,0.4728158687150829,-8.81,-7.433999999999999,False,Launched,neprilysin inhibitor,congestive heart failure,411.5,3.84,92.7,MAPK14,-7.931,86.92959582790091,0.8692959582790091,0.0,0.6,0.778536615334207,0.5844988756117346,0.5844988756117346,0.0,0.438374156708801
CHEMBL1200386,PREDNICARBATE,10,0,0,0.47270371831736313,-8.199,-7.0954999999999995,False,Launched,phospholipase activator,eczema|contact dermatitis|itching,488.6,3.7,116.2,MAPK14,-7.577,79.40026075619296,0.7940026075619296,0.0,0.75,0.778536615334207,0.5843815353249029,0.5843815353249029,0.0,0.43828615149367717
CHEMBL454950,TETRACYCLINE HYDROCHLORIDE,10,0,0,0.4628727844015457,-9.196,-7.390000000000001,False,,,,444.4,-0.21,181.6,AXL,-8.317,93.09671116900033,0.9309671116900033,0.0,0.4,0.8797731045932484,0.5843528103649887,0.5843528103649887,0.0,0.4382646077737415
CHEMBL1201071,TETRACYCLINE PHOSPHATE COMPLEX,10,0,0,0.4628727844015457,-9.196,-7.390000000000001,False,,,,444.4,-0.21,181.6,AXL,-8.317,93.09671116900033,0.9309671116900033,0.0,0.4,0.8797731045932484,0.5843528103649887,0.5843528103649887,0.0,0.4382646077737415
CHEMBL1440,TETRACYCLINE,10,0,0,0.4628727844015457,-9.196,-7.390000000000001,False,Launched,bacterial 30S ribosomal subunit inhibitor,respiratory tract infections|pneumonia|skin infections|urinary tract infections|acne vulgaris (AV)|plague|psittacosis,444.4,-0.21,181.6,AXL,-8.317,93.09671116900033,0.9309671116900033,0.0,0.4,0.8797731045932484,0.5843528103649887,0.5843528103649887,0.0,0.4382646077737415
CHEMBL1528134,BENZYDAMINE HYDROCHLORIDE,10,0,0,0.4938513653837441,-8.068,-6.817,False,,,,309.4,3.42,30.3,MAPK14,-7.082,66.83507170795306,0.6683507170795306,0.0,1.0,0.778536615334207,0.5841207791319434,0.5841207791319434,0.0,0.43809058434895753
CHEMBL12610,BENZYDAMINE,10,0,0,0.4938513653837441,-8.068,-6.817,False,Launched,prostanoid receptor antagonist,mouth inflammation|throat inflammation,309.4,3.42,30.3,MAPK14,-7.082,66.83507170795306,0.6683507170795306,0.0,1.0,0.778536615334207,0.5841207791319434,0.5841207791319434,0.0,0.43809058434895753
CHEMBL1200848,HYDROXYPROGESTERONE CAPROATE,10,0,0,0.48807715005527486,-9.014,-6.8325,False,,,,428.6,5.97,60.4,ADRA2A,-9.014,86.02605863192181,0.8602605863192181,0.0,0.8,0.5324652394614875,0.5839740204469104,0.5839740204469104,0.0,0.4379805153351828
CHEMBL1275,PERGOLIDE MESYLATE,10,0,0,0.49178781724406884,-8.522,-7.009,False,,,,314.5,4.27,19.0,AXL,-7.181,67.94203842396614,0.6794203842396613,0.0,0.9,0.8797731045932484,0.5837341193848518,0.5837341193848518,0.0,0.4378005895386388
CHEMBL1201210,PROPIOMAZINE,10,0,0,0.4717384140482723,-8.71,-6.487500000000001,False,,,,340.5,4.83,23.6,SLC2A1,-8.71,66.58512720156556,0.6658512720156555,0.0,0.9,0.9141924959216966,0.5834693831945167,0.5834693831945167,0.0,0.43760203739588754
CHEMBL1201068,PROPIOMAZINE HYDROCHLORIDE,10,0,0,0.4717384140482723,-8.71,-6.487500000000001,False,,,,340.5,4.83,23.6,SLC2A1,-8.71,66.58512720156556,0.6658512720156555,0.0,0.9,0.9141924959216966,0.5834693831945167,0.5834693831945167,0.0,0.43760203739588754
CHEMBL1200389,BRIMONIDINE TARTRATE,10,0,0,0.47259907289474967,-7.124,-6.526,False,,,,292.1,1.76,62.2,MAPK14,-7.079,66.67209908735332,0.6667209908735332,0.0,1.0,0.778536615334207,0.5834688886495443,0.5834688886495443,0.0,0.4376016664871582
CHEMBL844,BRIMONIDINE,10,0,0,0.4825990728947497,-7.124,-6.526,False,Launched,adrenergic receptor agonist,intraocular pressure|glaucoma|ocular hypertension,292.1,1.76,62.2,MAPK14,-7.079,66.67209908735332,0.6667209908735332,0.0,1.0,0.778536615334207,0.5834688886495443,0.5834688886495443,0.0,0.4376016664871582
CHEMBL1201251,ARBUTAMINE,10,0,0,0.4669104481420616,-8.322,-7.4945,False,,,,317.4,2.45,93.0,MAPK14,-7.917,86.6199478487614,0.866199478487614,0.0,0.6,0.778536615334207,0.5832602836951767,0.5832602836951767,0.0,0.4374452127713825
CHEMBL1200385,ARBUTAMINE HYDROCHLORIDE,10,0,0,0.4669104481420616,-8.322,-7.4945,False,,,,317.4,2.45,93.0,MAPK14,-7.917,86.6199478487614,0.866199478487614,0.0,0.6,0.778536615334207,0.5832602836951767,0.5832602836951767,0.0,0.4374452127713825
CHEMBL416,METHOXSALEN,10,0,0,0.44685762753370695,-7.282,-6.1385000000000005,False,Launched,DNA synthesis inhibitor,psoriasis,216.2,2.55,52.6,MAPK14,-7.075,66.50912646675359,0.6650912646675359,0.0,1.0,0.778536615334207,0.5828169981671454,0.5828169981671454,0.0,0.43711274862535904
CHEMBL75880,PERHEXILINE,10,0,0,0.4900980709738928,-8.573,-6.663,False,Launched,carnitine palmitoyltransferase inhibitor,angina pectoris,277.5,5.3,12.0,ACVR1,-8.465,70.58536585365853,0.7058536585365853,0.0,0.9,0.7969667318982387,0.5818864731993699,0.5818864731993699,0.0,0.43641485489952747
CHEMBL1334033,PERHEXILINE MALEATE,10,0,0,0.4900980709738928,-8.573,-6.663,False,,,,277.5,5.3,12.0,ACVR1,-8.465,70.58536585365853,0.7058536585365853,0.0,0.9,0.7969667318982387,0.5818864731993699,0.5818864731993699,0.0,0.43641485489952747
CHEMBL2218878,TRIMETREXATE GLUCURONATE,10,0,0,0.5066272803157401,-8.784,-7.0755,False,,,,369.4,2.74,117.5,ITPKC,-6.078,86.7047308319739,0.8670473083197391,0.0,0.8,0.5,0.5818189233278956,0.5818189233278956,0.0,0.43636419249592173
CHEMBL119,TRIMETREXATE,10,0,0,0.5066272803157401,-8.784,-7.0755,False,Phase 3,dihydrofolate reductase inhibitor,,369.4,2.74,117.5,ITPKC,-6.078,86.7047308319739,0.8670473083197391,0.0,0.8,0.5,0.5818189233278956,0.5818189233278956,0.0,0.43636419249592173
CHEMBL22097,LORMETAZEPAM,10,0,0,0.3949728900783374,-8.294,-5.385,False,,,,335.2,3.13,52.9,ACVR1,-8.294,65.52845528455285,0.6552845528455284,0.0,1.0,0.7969667318982387,0.5816588309229472,0.5816588309229472,0.0,0.4362441231922104
CHEMBL772,RESERPINE,10,0,0,0.47762649606353424,-9.617,-7.755,False,Launched,vesicular monoamine transporter inhibitor,hypertension,608.7,4.17,117.8,AXL,-8.254,92.34776945620318,0.9234776945620318,0.0,0.4,0.8797731045932484,0.5813570435138,0.5813570435138,0.0,0.43601778263535
CHEMBL956,SUPROFEN,10,0,0,0.4688311210534562,-7.934,-6.1129999999999995,False,Withdrawn,cyclooxygenase inhibitor,,260.3,3.17,54.4,MAPK14,-7.067,66.13428943937419,0.6613428943937418,0.0,1.0,0.778536615334207,0.5813176500576278,0.5813176500576278,0.0,0.43598823754322086
CHEMBL1697717,CARBENOXOLONE SODIUM,10,0,0,0.4705906442552397,-9.459,-7.1405,False,,,,568.8,4.16,123.6,AXL,-8.251,92.282644089873,0.92282644089873,0.0,0.4,0.8797731045932484,0.5810965420484793,0.5810965420484793,0.0,0.43582240653635945
CHEMBL2107383,VERNAKALANT HYDROCHLORIDE,10,0,0,0.5220433241013898,-8.174,-7.007,False,,,,349.5,2.64,51.2,AXL,-6.962,62.259850211657444,0.6225985021165744,0.0,1.0,0.8797731045932484,0.5810053665356171,0.5810053665356171,0.0,0.4357540249017128
CHEMBL2111112,VERNAKALANT,10,0,0,0.5220433241013898,-8.174,-7.007,False,Launched,potassium channel blocker,atrial fibrillation (AF),349.5,2.64,51.2,AXL,-6.962,62.259850211657444,0.6225985021165744,0.0,1.0,0.8797731045932484,0.5810053665356171,0.5810053665356171,0.0,0.4357540249017128
CHEMBL1231,OXYBUTYNIN,10,0,0,0.4885913218428183,-7.856,-6.775,False,Launched,acetylcholine receptor antagonist,urinary incontinence,357.5,3.34,49.8,TNIK,-7.18,64.3160300359125,0.6431603003591251,0.0,1.0,0.8242056993121519,0.5808949750404728,0.5808949750404728,0.0,0.4356712312803546
CHEMBL1133,OXYBUTYNIN CHLORIDE,10,0,0,0.4885913218428183,-7.856,-6.775,False,,,,357.5,3.34,49.8,TNIK,-7.18,64.3160300359125,0.6431603003591251,0.0,1.0,0.8242056993121519,0.5808949750404728,0.5808949750404728,0.0,0.4356712312803546
CHEMBL110691,CHLORMADINONE ACETATE,10,0,0,0.5366711069656441,-8.942,-7.1434999999999995,False,,,,404.9,4.75,60.4,AXL,-7.345,72.12634321068056,0.7212634321068055,0.0,0.8,0.8797731045932484,0.5804713385317095,0.5804713385317095,0.0,0.43535350389878213
CHEMBL282724,SITAXENTAN,10,0,0,0.48986120896311186,-9.394,-7.301,False,Withdrawn,endothelin receptor antagonist,,454.9,3.96,107.7,SLC2A1,-9.394,80.59360730593608,0.8059360730593608,0.0,0.6,0.9141924959216966,0.5795033036119988,0.5795033036119988,0.0,0.43462747770899907
CHEMBL121663,DEQUALINIUM CHLORIDE,10,0,0,0.4503918563480552,-9.484,-7.4665,False,,,,456.7,6.17,59.8,TNIK,-8.896,93.94384590270977,0.9394384590270977,0.0,0.4,0.8242056993121519,0.5794062385076618,0.5794062385076618,0.0,0.4345546788807464
CHEMBL333826,DEQUALINIUM,10,0,0,0.4503918563480552,-9.484,-7.4665,False,Launched,PKC inhibitor,first-aid antiseptic,456.7,6.17,59.8,TNIK,-8.896,93.94384590270977,0.9394384590270977,0.0,0.4,0.8242056993121519,0.5794062385076618,0.5794062385076618,0.0,0.4345546788807464
CHEMBL904,DEXMETHYLPHENIDATE HYDROCHLORIDE,10,0,0,0.45663161924022794,-7.343,-6.3895,False,,,,233.3,2.09,38.3,MAPK14,-7.046,65.54758800521513,0.6554758800521513,0.0,1.0,0.778536615334207,0.5789708443209916,0.5789708443209916,0.0,0.43422813324074366
CHEMBL827,DEXMETHYLPHENIDATE,10,0,0,0.45663161924022794,-7.343,-6.3895,False,,,,233.3,2.09,38.3,MAPK14,-7.046,65.54758800521513,0.6554758800521513,0.0,1.0,0.778536615334207,0.5789708443209916,0.5789708443209916,0.0,0.43422813324074366
CHEMBL1256400,XYLOMETAZOLINE HYDROCHLORIDE,10,0,0,0.4785911240014344,-7.458,-6.6085,False,,,,244.4,3.15,24.4,TNIK,-7.158,63.8099902056807,0.638099902056807,0.0,1.0,0.8242056993121519,0.5788708157195456,0.5788708157195456,0.0,0.4341531117896592
CHEMBL312448,XYLOMETAZOLINE,10,0,0,0.48859112400143434,-7.458,-6.6085,False,Launched,adrenergic receptor agonist,nasal congestion|allergic rhinitis,244.4,3.15,24.4,TNIK,-7.158,63.8099902056807,0.638099902056807,0.0,1.0,0.8242056993121519,0.5788708157195456,0.5788708157195456,0.0,0.4341531117896592
CHEMBL1377,PROGUANIL,10,0,0,0.4852922502422038,-8.179,-7.265499999999999,False,Launched,dihydrofolate reductase inhibitor,malaria,253.7,2.21,83.8,MAPK14,-7.394,75.50521512385919,0.7550521512385919,0.0,0.8,0.778536615334207,0.5788013527955679,0.5788013527955679,0.0,0.43410101459667594
CHEMBL1201059,PROGUANIL HYDROCHLORIDE,10,0,0,0.4852922502422038,-8.179,-7.265499999999999,False,,,,253.7,2.21,83.8,MAPK14,-7.394,75.50521512385919,0.7550521512385919,0.0,0.8,0.778536615334207,0.5788013527955679,0.5788013527955679,0.0,0.43410101459667594
CHEMBL1909285,NITREFAZOLE,10,0,0,0.42800854588655524,-7.556,-6.6795,False,,,,248.2,2.0,104.1,TNIK,-7.556,73.71857655892914,0.7371857655892914,0.0,0.8,0.8242056993121519,0.5785051611325394,0.5785051611325394,0.0,0.4338788708494045
CHEMBL2106076,CEFPIROME SULFATE,10,0,0,0.42999426975835287,-8.788,-6.9305,False,,,,514.6,-1.04,153.9,AXL,-8.198,91.5825464018235,0.9158254640182351,0.0,0.4,0.8797731045932484,0.5782961512962813,0.5782961512962813,0.0,0.433722113472211
CHEMBL65794,CEFPIROME,10,0,0,0.42999426975835287,-8.788,-6.9305,False,Launched,bacterial cell wall synthesis inhibitor,gram-negative bacterial infections,514.6,-1.04,153.9,AXL,-8.198,91.5825464018235,0.9158254640182351,0.0,0.4,0.8797731045932484,0.5782961512962813,0.5782961512962813,0.0,0.433722113472211
CHEMBL14370,REBOXETINE,10,0,0,0.49848125217990163,-8.397,-6.624499999999999,False,Launched,adrenergic receptor antagonist,depression,313.4,3.19,39.7,ACVR1,-8.264,64.58536585365854,0.6458536585365855,0.0,1.0,0.7969667318982387,0.57788647319937,0.57788647319937,0.0,0.4334148548995275
CHEMBL622,ETODOLAC,10,0,0,0.4954678628205607,-8.418,-6.420999999999999,False,Launched,cyclooxygenase inhibitor,osteoarthritis|rheumatoid arthritis,287.4,3.38,62.3,SLC2A1,-8.418,60.07827788649707,0.6007827788649707,0.0,1.0,0.9141924959216966,0.5774419859342428,0.5774419859342428,0.0,0.4330814894506821
CHEMBL314854,FINGOLIMOD,10,0,0,0.4307479300955416,-7.473,-6.172000000000001,False,Launched,immunosuppressant|sphingosine 1-phosphate receptor agonist,multiple sclerosis,307.5,3.2,66.5,MAPK14,-7.041,65.14015645371578,0.6514015645371578,0.0,1.0,0.778536615334207,0.5773411181149941,0.5773411181149941,0.0,0.4330058385862456
CHEMBL1339,VARDENAFIL HYDROCHLORIDE,10,0,0,0.5014799211090515,-9.369,-7.115,False,,,,488.6,2.48,113.2,SLC2A1,-9.369,80.0065231572081,0.800065231572081,0.0,0.6,0.9141924959216966,0.5771549670170869,0.5771549670170869,0.0,0.43286622526281515
CHEMBL1262,OXICONAZOLE,10,0,0,0.4845654190545804,-8.855,-6.965,False,Launched,bacterial cell wall synthesis inhibitor,tinea pedis|tinea cruris|tinea corporis,429.1,6.12,39.4,SLC2A1,-8.855,69.94455316373124,0.6994455316373124,0.0,0.8,0.9141924959216966,0.5769070870431795,0.5769070870431795,0.0,0.4326803152823846
CHEMBL1200836,OXICONAZOLE NITRATE,10,0,0,0.4845654190545804,-8.855,-6.965,False,,,,429.1,6.12,39.4,SLC2A1,-8.855,69.94455316373124,0.6994455316373124,0.0,0.8,0.9141924959216966,0.5769070870431795,0.5769070870431795,0.0,0.4326803152823846
CHEMBL1201102,TRIFLUPROMAZINE HYDROCHLORIDE,10,0,0,0.48291144108906436,-8.648,-6.503,False,,,,352.4,5.26,6.5,SLC2A1,-8.648,64.92172211350294,0.6492172211350293,0.0,0.9,0.9141924959216966,0.5768157628422662,0.5768157628422662,0.0,0.4326118221316997
CHEMBL1200946,NANDROLONE DECANOATE,10,0,0,0.43007570520376676,-9.555,-6.9925,False,,,,428.7,7.18,43.4,ADRA2A,-9.555,94.21824104234527,0.9421824104234527,0.0,0.6,0.5324652394614875,0.5767427500886042,0.5767427500886042,0.0,0.43255706256645315
CHEMBL1770,LEVAMISOLE HYDROCHLORIDE,10,0,0,0.4496329325031018,-6.839,-6.473,False,,,,204.3,2.15,15.6,SERPINE1,-6.419,75.41463414634147,0.7541463414634147,0.0,1.0,0.5,0.5766585365853658,0.5766585365853658,0.0,0.43249390243902436
CHEMBL1454,LEVAMISOLE,10,0,0,0.4496329325031018,-6.839,-6.473,False,Withdrawn,acetylcholine receptor agonist,,204.3,2.15,15.6,SERPINE1,-6.419,75.41463414634147,0.7541463414634147,0.0,1.0,0.5,0.5766585365853658,0.5766585365853658,0.0,0.43249390243902436
CHEMBL1200440,MEPIVACAINE HYDROCHLORIDE,10,0,0,0.5160407441365361,-7.945,-6.885,False,,,,246.4,2.73,32.3,MAPK14,-7.04,64.92829204693612,0.6492829204693612,0.0,1.0,0.778536615334207,0.5764936604878755,0.5764936604878755,0.0,0.4323702453659066
CHEMBL1087,MEPIVACAINE,10,0,0,0.5160407441365361,-7.945,-6.885,False,Launched,potassium channel blocker|sodium channel blocker,local anesthetic,246.4,2.73,32.3,MAPK14,-7.04,64.92829204693612,0.6492829204693612,0.0,1.0,0.778536615334207,0.5764936604878755,0.5764936604878755,0.0,0.4323702453659066
CHEMBL1139,EPOPROSTENOL,10,0,0,0.4679027946449601,-8.15,-6.791,False,Launched,prostacyclin analog,hypertension,352.5,3.41,87.0,TNIK,-7.53,73.21253672869736,0.7321253672869736,0.0,0.8,0.8242056993121519,0.5764810018116122,0.5764810018116122,0.0,0.43236075135870916
CHEMBL74,CROMOLYN SODIUM,10,0,0,0.4608138890042765,-10.05,-7.9014999999999995,False,,,,466.4,-0.55,179.4,SLC2A1,-10.05,89.80756686236138,0.8980756686236139,0.0,0.4,0.9141924959216966,0.5763591418377001,0.5763591418377001,0.0,0.43226935637827507
CHEMBL1201014,PREDNISOLONE SODIUM PHOSPHATE,10,0,0,0.49324577251519647,-9.359,-7.415,False,,,,438.4,0.41,147.0,SLC2A1,-9.359,79.77821265492499,0.7977821265492498,0.0,0.6,0.9141924959216966,0.5762417250079545,0.5762417250079545,0.0,0.4321812937559658
CHEMBL429910,DAPAGLIFLOZIN,10,0,0,0.5174959496026723,-8.796,-7.4455,False,Launched,sodium/glucose cotransporter inhibitor,diabetes mellitus,408.9,1.84,99.4,TNIK,-8.055,83.13744694743716,0.8313744694743715,0.0,0.6,0.8242056993121519,0.5761806426865714,0.5761806426865714,0.0,0.4321354820149286
CHEMBL2103802,DAPAGLIFLOZIN PROPANEDIOL,10,0,0,0.5174959496026723,-8.796,-7.4455,False,,,,408.9,1.84,99.4,TNIK,-8.055,83.13744694743716,0.8313744694743715,0.0,0.6,0.8242056993121519,0.5761806426865714,0.5761806426865714,0.0,0.4321354820149286
CHEMBL962,EPOPROSTENOL SODIUM,10,0,0,0.4337638974079363,-7.766,-6.5875,False,,,,351.5,2.07,89.8,MAPK14,-7.374,74.83702737940025,0.7483702737940026,0.0,0.8,0.778536615334207,0.5761286018177321,0.5761286018177321,0.0,0.43209645136329905
CHEMBL1200449,TRIAMCINOLONE DIACETATE,10,0,0,0.49901467947647243,-9.354,-7.569,False,,,,478.5,1.76,127.2,SLC2A1,-9.354,79.7129810828441,0.7971298108284409,0.0,0.6,0.9141924959216966,0.5759807987196308,0.5759807987196308,0.0,0.4319855990397231
CHEMBL959,RIMANTADINE,10,0,0,0.4149131008326251,-7.037,-5.8095,False,Launched,antiviral|RNA synthesis inhibitor,influenza A virus infection,179.3,2.55,26.0,MAPK14,-7.037,64.7490221642764,0.6474902216427639,0.0,1.0,0.778536615334207,0.5757765809572366,0.5757765809572366,0.0,0.43183243571792745
CHEMBL535396,RIMANTADINE HYDROCHLORIDE,10,0,0,0.4149131008326251,-7.037,-5.8095,False,,,,179.3,2.55,26.0,MAPK14,-7.037,64.7490221642764,0.6474902216427639,0.0,1.0,0.778536615334207,0.5757765809572366,0.5757765809572366,0.0,0.43183243571792745
CHEMBL2103743,TOFACITINIB CITRATE,10,0,0,0.4864359208547728,-8.233,-6.5295000000000005,False,,,,312.4,1.54,88.9,ACVR1,-8.233,63.98373983739838,0.6398373983739838,0.0,1.0,0.7969667318982387,0.5754799691343293,0.5754799691343293,0.0,0.431609976850747
CHEMBL221959,TOFACITINIB,10,0,0,0.4864359208547728,-8.233,-6.5295000000000005,False,Launched,JAK inhibitor,rheumatoid arthritis,312.4,1.54,88.9,ACVR1,-8.233,63.98373983739838,0.6398373983739838,0.0,1.0,0.7969667318982387,0.5754799691343293,0.5754799691343293,0.0,0.431609976850747
CHEMBL2106643,MYCOPHENOLATE SODIUM,10,0,0,0.4580491502707466,-7.798,-6.6945,False,,,,319.3,1.4,95.9,MAPK14,-7.372,74.67405475880052,0.7467405475880052,0.0,0.8,0.778536615334207,0.5754767113353332,0.5754767113353332,0.0,0.4316075335014999
CHEMBL13376,CLOMETACIN,10,0,0,0.5367964306939947,-8.278,-7.068,False,,,,357.8,3.93,68.5,AXL,-6.902,60.794529469228266,0.6079452946922826,0.0,1.0,0.8797731045932484,0.5751440835659003,0.5751440835659003,0.0,0.4313580626744252
CHEMBL98,VORINOSTAT,10,0,0,0.4608562402131177,-7.249,-6.723000000000001,False,Launched,HDAC inhibitor,cutaneous T-cell lymphoma (CTCL),264.3,2.47,78.4,TNIK,-7.13,62.8305582761998,0.628305582761998,0.0,1.0,0.8242056993121519,0.574953088001622,0.574953088001622,0.0,0.4312148160012165
CHEMBL187709,TRIPARANOL,10,0,0,0.4844266800957827,-9.496,-7.4365000000000006,False,,,,438.0,5.85,32.7,ADRA2A,-9.496,93.66449511400651,0.9366449511400652,0.0,0.6,0.5324652394614875,0.5745277663752493,0.5745277663752493,0.0,0.43089582478143695
CHEMBL3989567,OXACILLIN SODIUM,10,0,0,0.5054290387098052,-8.978,-7.494,False,,,,400.4,0.56,115.6,ACVR1,-8.978,83.6910569105691,0.8369105691056911,0.0,0.6,0.7969667318982387,0.5743092374270122,0.5743092374270122,0.0,0.4307319280702592
CHEMBL1237135,MAPROTILINE HYDROCHLORIDE,10,0,0,0.49140260900419647,-8.222,-6.661,False,,,,277.4,4.21,12.0,SERPINE1,-6.539,79.82113821138212,0.7982113821138213,0.0,0.9,0.5,0.5742845528455285,0.5742845528455285,0.0,0.43071341463414636
CHEMBL3989559,PANTOPRAZOLE SODIUM,10,0,0,0.4688266966418551,-7.859,-6.9785,False,,,,382.4,2.51,90.6,TNIK,-7.502,72.64120143650015,0.7264120143650016,0.0,0.8,0.8242056993121519,0.5741956606428235,0.5741956606428235,0.0,0.43064674548211757
CHEMBL1219,RABEPRAZOLE,10,0,0,0.47439345977897973,-7.607,-6.551500000000001,False,Launched,ATPase inhibitor|gastrin inhibitor,gastroesophageal reflux disease (GERD)|duodenal ulcer disease|Zollinger-Ellison syndrome,359.5,2.99,83.1,TNIK,-7.124,62.55305256284688,0.6255305256284688,0.0,1.0,0.8242056993121519,0.5738430651482103,0.5738430651482103,0.0,0.4303822988611577
CHEMBL1200467,HYDROXYZINE PAMOATE,10,0,0,0.510948920007553,-7.614,-6.7615,False,,,,374.9,3.06,35.9,VASH2,-7.354,74.5928338762215,0.7459283387622151,0.0,1.0,0.5,0.5733713355048861,0.5733713355048861,0.0,0.4300285016286646
CHEMBL3186993,HYDROXYZINE HYDROCHLORIDE,10,0,0,0.510948920007553,-7.614,-6.7615,False,,,,374.9,3.06,35.9,VASH2,-7.354,74.5928338762215,0.7459283387622151,0.0,1.0,0.5,0.5733713355048861,0.5733713355048861,0.0,0.4300285016286646
CHEMBL896,HYDROXYZINE,10,0,0,0.510948920007553,-7.614,-6.7615,False,Launched,antihistamine,anxiety|urticaria|itching|dermatosis,374.9,3.06,35.9,VASH2,-7.354,74.5928338762215,0.7459283387622151,0.0,1.0,0.5,0.5733713355048861,0.5733713355048861,0.0,0.4300285016286646
CHEMBL893,DICLOXACILLIN,10,0,0,0.49312622353379154,-8.96,-6.968,False,Launched,bacterial cell wall synthesis inhibitor,gram-positive bacterial infections,470.3,3.2,112.7,ACVR1,-8.96,83.39837398373984,0.8339837398373985,0.0,0.6,0.7969667318982387,0.5731385057196952,0.5731385057196952,0.0,0.42985387928977137
CHEMBL272427,TAURURSODIOL,10,0,0,0.4959570529597113,-9.438,-7.974,False,,,,499.7,3.4,123.9,TNIK,-8.747,92.32778321906628,0.9232778321906627,0.0,0.4,0.8242056993121519,0.5729419877730879,0.5729419877730879,0.0,0.42970649082981593
CHEMBL152684,BECLOBRATE,10,0,0,0.46378881702052716,-7.86,-6.6515,False,,,,346.9,5.04,35.5,MAPK14,-7.162,69.03520208604954,0.6903520208604954,0.0,0.9,0.778536615334207,0.5729213006443292,0.5729213006443292,0.0,0.4296909754832469
CHEMBL2104136,CLOMACRAN PHOSPHATE,10,0,0,0.49438803291376593,-8.375,-6.9115,False,,,,300.8,4.87,15.3,ACVR1,-8.375,68.34146341463415,0.6834146341463415,0.0,0.9,0.7969667318982387,0.5729108634432725,0.5729108634432725,0.0,0.42968314758245435
CHEMBL1615350,CLOMACRAN,10,0,0,0.49438803291376593,-8.375,-6.9115,False,,,,300.8,4.87,15.3,ACVR1,-8.375,68.34146341463415,0.6834146341463415,0.0,0.9,0.7969667318982387,0.5729108634432725,0.5729108634432725,0.0,0.42968314758245435
CHEMBL2110368,BETHANIDINE SULFATE,10,0,0,0.4157878668348083,-7.161,-6.058,False,,,,177.3,0.98,36.4,MAPK14,-7.161,68.98631029986963,0.6898631029986962,0.0,0.9,0.778536615334207,0.5727257334996096,0.5727257334996096,0.0,0.42954430012470723
CHEMBL1201260,BETHANIDINE,10,0,0,0.4157878668348083,-7.161,-6.058,False,,,,177.3,0.98,36.4,MAPK14,-7.161,68.98631029986963,0.6898631029986962,0.0,0.9,0.778536615334207,0.5727257334996096,0.5727257334996096,0.0,0.42954430012470723
CHEMBL443605,HEXYLRESORCINOL,10,0,0,0.4085775245910022,-6.881,-6.0685,False,Launched,local anesthetic,skin infections|first-aid antiseptic,194.3,3.22,40.5,SERPINE1,-6.398,74.42276422764228,0.7442276422764228,0.0,1.0,0.5,0.5726910569105691,0.5726910569105691,0.0,0.42951829268292685
CHEMBL1201038,ACRISORCIN,10,0,0,0.4085775245910022,-6.881,-6.0685,False,Launched,other antifungal,fungal infection,194.3,3.22,40.5,SERPINE1,-6.398,74.42276422764228,0.7442276422764228,0.0,1.0,0.5,0.5726910569105691,0.5726910569105691,0.0,0.42951829268292685
CHEMBL2308885,CLOBETASONE BUTYRATE,10,0,0,0.44357190143669556,-8.175,-6.9395,False,,,,479.0,4.7,77.5,AXL,-7.619,80.13676326929338,0.8013676326929339,0.0,0.6,0.8797731045932484,0.5725130187661608,0.5725130187661608,0.0,0.42938476407462056
CHEMBL1909282,FENCLOZIC ACID,10,0,0,0.44747646677408814,-7.106,-6.28,False,,,,253.7,3.09,50.2,TNIK,-7.106,62.19392752203722,0.6219392752203722,0.0,1.0,0.8242056993121519,0.5724065649849717,0.5724065649849717,0.0,0.42930492373872875
CHEMBL2104356,KETAZOLAM,10,0,0,0.4223158989189223,-8.204,-5.862500000000001,False,,,,368.8,3.28,49.9,ACVR1,-8.204,63.1869918699187,0.631869918699187,0.0,1.0,0.7969667318982387,0.5722929772644106,0.5722929772644106,0.0,0.42921973294830795
CHEMBL918,PHENACEMIDE,10,0,0,0.4410102384826179,-7.192,-6.343999999999999,False,Launched,sodium channel blocker,epilepsy|seizures,178.2,0.42,72.2,TNIK,-7.192,64.65883121123082,0.6465883121123082,0.0,0.9500000000000001,0.8242056993121519,0.5722661797417461,0.5722661797417461,0.0,0.42919963480630957
CHEMBL3188993,QUETIAPINE FUMARATE,10,0,0,0.4727943413002637,-7.951,-6.279999999999999,False,,,,383.5,2.86,48.3,GALNS,-7.213,74.31462140992167,0.7431462140992167,0.0,1.0,0.5,0.5722584856396866,0.5722584856396866,0.0,0.42919386422976497
CHEMBL716,QUETIAPINE,10,0,0,0.48279434130026366,-7.951,-6.279999999999999,False,Launched,dopamine receptor antagonist|serotonin receptor antagonist,schizophrenia|bipolar disorder,383.5,2.86,48.3,GALNS,-7.213,74.31462140992167,0.7431462140992167,0.0,1.0,0.5,0.5722584856396866,0.5722584856396866,0.0,0.42919386422976497
CHEMBL2106195,DEXMEDETOMIDINE HYDROCHLORIDE,10,0,0,0.4681210861389175,-7.806,-6.3245000000000005,False,,,,200.3,3.18,28.7,MAPK14,-7.005,63.83637548891786,0.6383637548891786,0.0,1.0,0.778536615334207,0.5721259942558026,0.5721259942558026,0.0,0.42909449569185193
CHEMBL471,SOTALOL,10,0,0,0.44530518549568543,-6.933,-6.343,False,Launched,adrenergic receptor antagonist,atrial fibrillation (AF)|ventricular arrhythmias,272.4,1.09,78.4,SERPINE1,-6.393,74.260162601626,0.7426016260162601,0.0,1.0,0.5,0.5720406504065041,0.5720406504065041,0.0,0.42903048780487807
CHEMBL1700,SOTALOL HYDROCHLORIDE,10,0,0,0.44530518549568543,-6.933,-6.343,False,,,,272.4,1.09,78.4,SERPINE1,-6.393,74.260162601626,0.7426016260162601,0.0,1.0,0.5,0.5720406504065041,0.5720406504065041,0.0,0.42903048780487807
CHEMBL1201081,METHYLPREDNISOLONE SODIUM SUCCINATE,10,0,0,0.45605792194507755,-9.954,-7.6530000000000005,False,,,,473.5,0.88,141.0,SLC2A1,-9.954,88.68232224396608,0.8868232224396608,0.0,0.4,0.9141924959216966,0.5718581633641189,0.5718581633641189,0.0,0.42889362252308916
CHEMBL423,BETAXOLOL,10,0,0,0.4176871061249311,-7.156,-6.2855,False,Launched,adrenergic receptor antagonist,intraocular pressure|glaucoma|ocular hypertension,307.4,2.39,50.7,MAPK14,-7.156,68.75814863103,0.6875814863102999,0.0,0.9,0.778536615334207,0.571813086824251,0.571813086824251,0.0,0.42885981511818827
CHEMBL1691,BETAXOLOL HYDROCHLORIDE,10,0,0,0.4176871061249311,-7.156,-6.2855,False,,,,307.4,2.39,50.7,MAPK14,-7.156,68.75814863103,0.6875814863102999,0.0,0.9,0.778536615334207,0.571813086824251,0.571813086824251,0.0,0.42885981511818827
CHEMBL4535757,SOTORASIB,10,0,0,0.5039160880976974,-9.839,-7.971,False,,,,560.6,4.48,104.5,TNIK,-8.718,92.033953640222,0.92033953640222,0.0,0.4,0.8242056993121519,0.5717666694577108,0.5717666694577108,0.0,0.4288250020932831
CHEMBL1200909,PREDNISOLONE TEBUTATE,10,0,0,0.493225160375067,-8.937,-7.3095,False,,,,458.6,3.54,100.9,ACVR1,-8.937,83.02439024390243,0.8302439024390244,0.0,0.6,0.7969667318982387,0.5716425707603456,0.5716425707603456,0.0,0.4287319280702592
CHEMBL1200930,RABEPRAZOLE SODIUM,10,0,0,0.4418987594266698,-7.427,-6.2415,False,,,,358.4,2.62,81.4,TNIK,-7.097,61.99804113614103,0.6199804113614104,0.0,1.0,0.8242056993121519,0.5716230194413869,0.5716230194413869,0.0,0.4287172645810402
CHEMBL826,ENOXACIN,10,0,0,0.48513494555238845,-8.501,-6.746,False,Launched,topoisomerase inhibitor,urinary tract infections|gonorrhea,320.3,0.66,87.5,SERPINE1,-6.654,84.130081300813,0.8413008130081301,0.0,0.8,0.5,0.571520325203252,0.571520325203252,0.0,0.42864024390243904
CHEMBL866,MYCOPHENOLIC ACID,10,0,0,0.48496068069578585,-7.921,-6.8305,False,,,,320.3,2.73,93.1,SERPINE1,-6.654,84.130081300813,0.8413008130081301,0.0,0.8,0.5,0.571520325203252,0.571520325203252,0.0,0.42864024390243904
CHEMBL9225,HEXESTROL,10,0,0,0.48803426138194406,-7.879,-6.7155000000000005,False,Launched,synthetic estrogen,hypoestrogenism,270.4,4.79,40.5,TNIK,-7.286,66.92784851452825,0.6692784851452825,0.0,0.9,0.8242056993121519,0.5713422489549358,0.5713422489549358,0.0,0.42850668671620185
CHEMBL1671,PROPRANOLOL HYDROCHLORIDE,10,0,0,0.467644171863337,-7.352,-6.7035,False,,,,259.3,2.58,41.5,MAPK14,-6.999,63.6245110821382,0.636245110821382,0.0,1.0,0.778536615334207,0.5712785366286839,0.5712785366286839,0.0,0.4284589024715129
CHEMBL129,ZIDOVUDINE,10,0,0,0.4261524973156705,-7.704,-6.834,False,Launched,nucleoside reverse transcriptase inhibitor,human immunodeficiency virus (HIV-1)|acquired immunodeficiency syndrome (AIDS),267.2,-0.2,133.1,SERPINE1,-7.144,94.01626016260163,0.9401626016260163,0.0,0.6,0.5,0.5710650406504065,0.5710650406504065,0.0,0.4282987804878049
CHEMBL2103854,OMADACYCLINE TOSYLATE,10,0,0,0.4652427566752591,-9.933,-7.4105,False,,,,556.7,1.32,176.7,SLC2A1,-9.933,88.4703196347032,0.884703196347032,0.0,0.4,0.9141924959216966,0.5710101529270672,0.5710101529270672,0.0,0.42825761469530044
CHEMBL1689772,OMADACYCLINE,10,0,0,0.4652427566752591,-9.933,-7.4105,False,Launched,bacterial 30S ribosomal subunit inhibitor,pneumonia,556.7,1.32,176.7,SLC2A1,-9.933,88.4703196347032,0.884703196347032,0.0,0.4,0.9141924959216966,0.5710101529270672,0.5710101529270672,0.0,0.42825761469530044
CHEMBL1177,PEMOLINE,10,0,0,0.41292383421264933,-7.28,-6.301,False,,,,176.2,0.6,64.7,TNIK,-7.28,66.82990532158016,0.6682990532158015,0.0,0.9,0.8242056993121519,0.5709504761831434,0.5709504761831434,0.0,0.42821285713735757
CHEMBL1200396,BUPIVACAINE HYDROCHLORIDE,10,0,0,0.4879255489671236,-8.16,-6.4505,False,,,,288.4,3.9,32.3,MAPK14,-6.992,63.380052151238594,0.633800521512386,0.0,1.0,0.778536615334207,0.5703007009050854,0.5703007009050854,0.0,0.42772552567881406
CHEMBL1098,BUPIVACAINE,10,0,0,0.4879255489671236,-8.16,-6.4505,False,Launched,sodium channel blocker,peripheral nerve block|caudal epidural block|lumbar epidural block,288.4,3.9,32.3,MAPK14,-6.992,63.380052151238594,0.633800521512386,0.0,1.0,0.778536615334207,0.5703007009050854,0.5703007009050854,0.0,0.42772552567881406
CHEMBL1201191,LEVOCETIRIZINE,10,0,0,0.48706156173442283,-8.34,-6.5115,False,Launched,histamine receptor antagonist,allergic rhinitis|urticaria,388.9,3.15,53.0,SLC2A1,-8.34,58.235485975212,0.58235485975212,0.0,1.0,0.9141924959216966,0.5700708182891026,0.5700708182891026,0.0,0.4275531137168269
CHEMBL1201190,LEVOCETIRIZINE DIHYDROCHLORIDE,10,0,0,0.48706156173442283,-8.34,-6.5115,False,,,,388.9,3.15,53.0,SLC2A1,-8.34,58.235485975212,0.58235485975212,0.0,1.0,0.9141924959216966,0.5700708182891026,0.5700708182891026,0.0,0.4275531137168269
CHEMBL1773,CAPECITABINE,10,0,0,0.4245528312222112,-8.037,-6.8305,False,Launched,DNA synthesis inhibitor|thymidylate synthase inhibitor,breast cancer|colorectal cancer,359.4,0.76,122.9,MAPK14,-7.737,83.27900912646675,0.8327900912646675,0.0,0.6,0.778536615334207,0.5698965288059981,0.5698965288059981,0.0,0.42742239660449854
CHEMBL434200,TERTATOLOL,10,0,0,0.45751891483775653,-7.188,-6.3665,False,,,,295.4,2.85,41.5,MAPK14,-6.981,63.200782268578884,0.6320078226857888,0.0,1.0,0.778536615334207,0.5695836213744465,0.5695836213744465,0.0,0.4271877160308349
CHEMBL1742423,BILASTINE,10,0,0,0.48736678281318724,-9.405,-7.8545,False,Launched,histamine receptor antagonist,conjunctivitis,463.6,4.86,67.6,TNIK,-8.672,91.41364675155077,0.9141364675155077,0.0,0.4,0.8242056993121519,0.5692854419030259,0.5692854419030259,0.0,0.4269640814272694
CHEMBL438,SULFAMERAZINE,10,0,0,0.4633343494285227,-7.461,-6.8605,False,Launched,bacterial antifolate,coccidiosis|cholera,264.3,1.17,98.0,TNIK,-7.461,71.4005876591577,0.7140058765915769,0.0,0.8,0.8242056993121519,0.5692332055334536,0.5692332055334536,0.0,0.4269249041500902
CHEMBL2107260,SULFAMERAZINE SODIUM,10,0,0,0.45661865566227366,-7.46,-6.7524999999999995,False,,,,263.3,1.76,100.0,TNIK,-7.46,71.36793992817499,0.71367939928175,0.0,0.8,0.8242056993121519,0.5691026146095228,0.5691026146095228,0.0,0.4268269609571421
CHEMBL243712,AMISULPRIDE,10,0,0,0.4668837445839694,-7.758,-6.438000000000001,False,Launched,dopamine receptor antagonist,psychosis|bipolar disorder|schizophrenia,369.5,1.29,101.7,MAPK14,-7.046,65.54758800521513,0.6554758800521513,0.0,0.9500000000000001,0.778536615334207,0.5689708443209915,0.5689708443209915,0.0,0.42672813324074366
CHEMBL1200852,PENICILLIN V POTASSIUM,10,0,0,0.43846230166372857,-8.071,-6.9254999999999995,False,,,,349.4,-0.64,98.8,MAPK14,-7.724,83.03455019556715,0.8303455019556715,0.0,0.6,0.778536615334207,0.5689186930823997,0.5689186930823997,0.0,0.4266890198117998
CHEMBL1197,HEXYLCAINE,10,0,0,0.48034652456711563,-7.593,-6.9645,False,Launched,sodium channel blocker,local anesthetic,261.4,3.15,38.3,TNIK,-7.082,61.29611492001305,0.6129611492001306,0.0,1.0,0.8242056993121519,0.5688153145768751,0.5688153145768751,0.0,0.4266114859326563
CHEMBL1200715,HEXYLCAINE HYDROCHLORIDE,10,0,0,0.48034652456711563,-7.593,-6.9645,False,,,,261.4,3.15,38.3,TNIK,-7.082,61.29611492001305,0.6129611492001306,0.0,1.0,0.8242056993121519,0.5688153145768751,0.5688153145768751,0.0,0.4266114859326563
CHEMBL1908307,FLOSEQUINAN,10,0,0,0.4259542163234439,-6.973,-5.9375,False,Withdrawn,phosphodiesterase inhibitor,,239.3,1.42,45.1,MAPK14,-6.973,63.005215123859195,0.6300521512385919,0.0,1.0,0.778536615334207,0.5688013527955678,0.5688013527955678,0.0,0.4266010145966758
CHEMBL2105497,ZIPEPROL,10,0,0,0.5225818122408382,-8.487,-6.916,False,,,,384.5,2.74,45.2,MAPK14,-7.117,67.95958279009126,0.6795958279009127,0.0,0.9,0.778536615334207,0.5686188234604961,0.5686188234604961,0.0,0.42646411759537206
CHEMBL1200322,ESCITALOPRAM OXALATE,10,0,0,0.515089030674204,-7.647,-6.795,False,,,,324.4,3.81,36.3,VASH2,-7.315,73.40390879478828,0.7340390879478828,0.0,1.0,0.5,0.5686156351791531,0.5686156351791531,0.0,0.42646172638436486
CHEMBL1508,ESCITALOPRAM,10,0,0,0.515089030674204,-7.647,-6.795,False,Launched,selective serotonin reuptake inhibitor (SSRI),depression|generalized anxiety disorder (GAD),324.4,3.81,36.3,VASH2,-7.315,73.40390879478828,0.7340390879478828,0.0,1.0,0.5,0.5686156351791531,0.5686156351791531,0.0,0.42646172638436486
CHEMBL1631694,FEXINIDAZOLE,10,0,0,0.4458213946011309,-7.018,-6.2915,False,Phase 3,,,279.3,2.63,70.2,SERPINE1,-6.365,73.39837398373984,0.7339837398373984,0.0,1.0,0.5,0.5685934959349593,0.5685934959349593,0.0,0.42644512195121953
CHEMBL631,PROPAFENONE,10,0,0,0.4410347071397145,-7.443,-6.6495,False,Launched,antiarrhythmic,atrial fibrillation (AF)|ventricular tachycardia (VT)|ventricular arrhythmias,341.5,3.24,58.6,MAPK14,-7.116,67.91069100391134,0.6791069100391134,0.0,0.9,0.778536615334207,0.5684232563157765,0.5684232563157765,0.0,0.4263174422368324
CHEMBL1201063,PROPAFENONE HYDROCHLORIDE,10,0,0,0.4410347071397145,-7.443,-6.6495,False,,,,341.5,3.24,58.6,MAPK14,-7.116,67.91069100391134,0.6791069100391134,0.0,0.9,0.778536615334207,0.5684232563157765,0.5684232563157765,0.0,0.4263174422368324
CHEMBL464,ETRETINATE,10,0,0,0.4887460981147953,-8.519,-6.673,False,Withdrawn,protein synthesis inhibitor,,354.5,5.65,35.5,VASH2,-7.486,78.28990228013029,0.782899022801303,0.0,0.9,0.5,0.5681596091205212,0.5681596091205212,0.0,0.4261197068403909
CHEMBL917,FLOXURIDINE,10,0,0,0.40387774815176797,-7.148,-6.4635,False,Launched,DNA synthesis inhibitor,colorectal cancer,246.2,-1.68,104.6,SERPINE1,-7.093,93.23577235772358,0.9323577235772358,0.0,0.6,0.5,0.5679430894308943,0.5679430894308943,0.0,0.42595731707317075
CHEMBL1200758,AMPICILLIN SODIUM,10,0,0,0.46458552490740795,-8.206,-7.1375,False,,,,348.4,-1.02,115.6,TNIK,-7.926,80.99902056807052,0.8099902056807052,0.0,0.6,0.8242056993121519,0.5676269371691048,0.5676269371691048,0.0,0.42572020287682866
CHEMBL1055,CHLORTHALIDONE,10,0,0,0.5083656094799178,-8.643,-7.343999999999999,False,Launched,carbonic anhydrase inhibitor,hypertension|edema|congestive heart failure|hepatic cirrhosis|nephrotic syndrome|acute glomerulonephritis (AGN)|chronic renal failure,338.8,0.92,109.5,MAPK14,-7.705,82.65971316818775,0.8265971316818775,0.0,0.6,0.778536615334207,0.5674193449728822,0.5674193449728822,0.0,0.4255645087296616
CHEMBL189171,ACEMETACIN,10,0,0,0.48807832066390955,-8.755,-6.7505,False,Launched,cyclooxygenase inhibitor,osteoarthritis,415.8,3.47,94.8,SLC2A1,-8.755,67.54729288975865,0.6754729288975865,0.0,0.8,0.9141924959216966,0.5673180459472891,0.5673180459472891,0.0,0.4254885344604668
CHEMBL972,SELEGILINE,10,0,0,0.3968200102115239,-7.067,-5.616,False,Launched,monoamine oxidase inhibitor,Parkinson's Disease,187.3,2.18,3.2,TNIK,-7.067,60.85537055174666,0.6085537055174666,0.0,1.0,0.8242056993121519,0.5670523371038094,0.5670523371038094,0.0,0.42528925282785707
CHEMBL1200904,SELEGILINE HYDROCHLORIDE,10,0,0,0.3968200102115239,-7.067,-5.616,False,,,,187.3,2.18,3.2,TNIK,-7.067,60.85537055174666,0.6085537055174666,0.0,1.0,0.8242056993121519,0.5670523371038094,0.5670523371038094,0.0,0.42528925282785707
CHEMBL290916,EDARAVONE,10,0,0,0.41954799019153677,-7.067,-6.1205,False,Launched,nootropic agent,stroke,174.2,1.8,32.7,TNIK,-7.067,60.85537055174666,0.6085537055174666,0.0,1.0,0.8242056993121519,0.5670523371038094,0.5670523371038094,0.0,0.42528925282785707
CHEMBL1201265,METHYLPREDNISOLONE HEMISUCCINATE,10,0,0,0.4479261393142074,-8.618,-7.011,False,,,,474.6,2.22,138.2,AXL,-7.575,78.7365678931944,0.7873656789319441,0.0,0.6,0.8797731045932484,0.5669122372617649,0.5669122372617649,0.0,0.4251841779463237
CHEMBL15677,FENCLOFENAC,10,0,0,0.49133340704216516,-7.836,-6.8405000000000005,False,,,,297.1,4.41,46.5,MAPK14,-7.107,67.51955671447197,0.6751955671447197,0.0,0.9,0.778536615334207,0.566858719158019,0.566858719158019,0.0,0.42514403936851425
CHEMBL797,PHENSUXIMIDE,10,0,0,0.4479951682603918,-7.063,-6.3435,False,Launched,succinimide antiepileptic,seizures,189.2,1.16,37.4,TNIK,-7.063,60.79007508978126,0.6079007508978126,0.0,1.0,0.8242056993121519,0.5667911552559478,0.5667911552559478,0.0,0.42509336644196083
CHEMBL411,DIETHYLSTILBESTROL,10,0,0,0.4460738828870164,-8.119,-6.1045,False,Withdrawn,estrogen receptor agonist,,268.4,4.83,40.5,TNIK,-7.236,65.73620633365981,0.6573620633365981,0.0,0.9,0.8242056993121519,0.5665756802314621,0.5665756802314621,0.0,0.4249317601735966
CHEMBL1201050,PEMIROLAST POTASSIUM,10,0,0,0.4677109973761113,-7.957,-6.8425,False,,,,227.2,-0.19,87.1,TNIK,-7.432,70.73130917401241,0.7073130917401241,0.0,0.8,0.8242056993121519,0.5665560915928725,0.5665560915928725,0.0,0.42491706869465434
CHEMBL1737,SILDENAFIL CITRATE,10,0,0,0.5067632852766375,-9.177,-7.4254999999999995,False,,,,474.6,1.61,113.4,VASH2,-8.327,92.88273615635178,0.9288273615635179,0.0,0.6,0.5,0.5665309446254071,0.5665309446254071,0.0,0.42489820846905535
CHEMBL192,SILDENAFIL,10,0,0,0.5067632852766375,-9.177,-7.4254999999999995,False,Launched,phosphodiesterase inhibitor,erectile dysfunction,474.6,1.61,113.4,VASH2,-8.327,92.88273615635178,0.9288273615635179,0.0,0.6,0.5,0.5665309446254071,0.5665309446254071,0.0,0.42489820846905535
CHEMBL1200483,PHENMETRAZINE HYDROCHLORIDE,10,0,0,0.4158291735393546,-7.058,-6.1055,False,,,,177.2,1.74,21.3,TNIK,-7.058,60.67580803134183,0.6067580803134183,0.0,1.0,0.8242056993121519,0.5663340870221901,0.5663340870221901,0.0,0.42475056526664257
CHEMBL1201208,PHENMETRAZINE,10,0,0,0.4158291735393546,-7.058,-6.1055,False,,,,177.2,1.74,21.3,TNIK,-7.058,60.67580803134183,0.6067580803134183,0.0,1.0,0.8242056993121519,0.5663340870221901,0.5663340870221901,0.0,0.42475056526664257
CHEMBL1200636,CYCLOBENZAPRINE HYDROCHLORIDE,10,0,0,0.49082665526957026,-8.165,-6.9215,False,,,,275.4,4.55,3.2,AXL,-6.992,63.562357538261146,0.6356235753826115,0.0,0.9,0.8797731045932484,0.5662153958420318,0.5662153958420318,0.0,0.4246615468815239
CHEMBL681,ETOMIDATE,10,0,0,0.39558276949455023,-7.05,-5.541499999999999,False,Launched,GABA receptor modulator,general anaesthetic,244.3,2.67,44.1,TNIK,-7.05,60.52889324191969,0.6052889324191969,0.0,1.0,0.8242056993121519,0.5657464278645016,0.5657464278645016,0.0,0.4243098208983762
CHEMBL2103822,TASIMELTEON,10,0,0,0.48552683852346046,-7.806,-6.723,False,Launched,melatonin receptor agonist,Non-24-Hour Sleep-Wake Disorder,245.3,2.25,38.3,MAPK14,-6.935,62.190352020860495,0.621903520208605,0.0,1.0,0.778536615334207,0.5655419003835731,0.5655419003835731,0.0,0.42415642528767983
CHEMBL915,NEDOCROMIL SODIUM,10,0,0,0.41735044561744744,-9.005,-6.343,False,,,,369.3,-0.19,132.5,ACVR1,-8.878,81.47967479674797,0.8147967479674797,0.0,0.6,0.7969667318982387,0.5654637089717277,0.5654637089717277,0.0,0.42409778172879575
CHEMBL462605,PITOLISANT,10,0,0,0.40935903854360445,-7.22,-6.504,False,Launched,histamine receptor antagonist,,295.9,4.17,12.5,TNIK,-7.22,65.40972902383284,0.6540972902383284,0.0,0.9,0.8242056993121519,0.5652697709921541,0.5652697709921541,0.0,0.4239523282441156
CHEMBL4164059,PITOLISANT HYDROCHLORIDE,10,0,0,0.40935903854360445,-7.22,-6.504,False,,,,295.9,4.17,12.5,TNIK,-7.22,65.40972902383284,0.6540972902383284,0.0,0.9,0.8242056993121519,0.5652697709921541,0.5652697709921541,0.0,0.4239523282441156
CHEMBL1502,PANTOPRAZOLE,10,0,0,0.47819617529382763,-7.962,-6.959,False,Launched,ATPase inhibitor,gastroesophageal reflux disease (GERD)|erosive esophagitis (EE)|Zollinger-Ellison syndrome,383.4,2.88,92.3,MAPK14,-7.256,72.09908735332465,0.7209908735332465,0.0,0.8,0.778536615334207,0.5651768417134297,0.5651768417134297,0.0,0.4238826312850723
CHEMBL329522,EXIFONE,10,0,0,0.4517067137869161,-8.271,-6.6739999999999995,False,Withdrawn,nootropic agent,,278.2,1.15,138.5,TNIK,-7.886,80.36238981390792,0.8036238981390792,0.0,0.6,0.8242056993121519,0.5650804141524545,0.5650804141524545,0.0,0.4238103106143408
CHEMBL1200749,LEVOBUPIVACAINE HYDROCHLORIDE,10,0,0,0.4954628373590297,-8.233,-6.72,False,,,,288.4,3.9,32.3,ACVR1,-8.144,61.3170731707317,0.6131707317073171,0.0,1.0,0.7969667318982387,0.5648133024676627,0.5648133024676627,0.0,0.423609976850747
CHEMBL1201193,LEVOBUPIVACAINE,10,0,0,0.4954628373590297,-8.233,-6.72,False,,,,288.4,3.9,32.3,ACVR1,-8.144,61.3170731707317,0.6131707317073171,0.0,1.0,0.7969667318982387,0.5648133024676627,0.5648133024676627,0.0,0.423609976850747
CHEMBL1027,TIAGABINE,10,0,0,0.49160325690632184,-8.294,-6.5625,False,Launched,GABA uptake inhibitor,seizures,375.6,5.04,40.5,SLC2A1,-8.294,56.91454664057404,0.5691454664057404,0.0,1.0,0.9141924959216966,0.5647870609505506,0.5647870609505506,0.0,0.42359029571291296
CHEMBL3304486,DIFEMERINE,10,0,0,0.46613531970038274,-7.726,-6.291,False,,,,327.4,2.81,49.8,VASH2,-7.29,72.39413680781759,0.7239413680781759,0.0,1.0,0.5,0.5645765472312704,0.5645765472312704,0.0,0.4234324104234528
CHEMBL3301670,DIFEMERINE HYDROCHLORIDE,10,0,0,0.46613531970038274,-7.726,-6.291,False,,,,327.4,2.81,49.8,VASH2,-7.29,72.39413680781759,0.7239413680781759,0.0,1.0,0.5,0.5645765472312704,0.5645765472312704,0.0,0.4234324104234528
CHEMBL420,GUANABENZ,10,0,0,0.45309960574867236,-7.098,-6.3295,False,,,,231.1,1.81,74.3,MAPK14,-6.925,61.88070404172099,0.6188070404172099,0.0,1.0,0.778536615334207,0.564303308467015,0.564303308467015,0.0,0.4232274813502613
CHEMBL1200560,GUANABENZ ACETATE,10,0,0,0.45309960574867236,-7.098,-6.3295,False,,,,231.1,1.81,74.3,MAPK14,-6.925,61.88070404172099,0.6188070404172099,0.0,1.0,0.778536615334207,0.564303308467015,0.564303308467015,0.0,0.4232274813502613
CHEMBL1200878,TRIAMCINOLONE HEXACETONIDE,10,0,0,0.45723480493466734,-8.521,-7.639,False,,,,532.6,4.41,99.1,AXL,-8.015,88.08205796157603,0.8808205796157602,0.0,0.4,0.8797731045932484,0.5642941975352914,0.5642941975352914,0.0,0.42322064815146854
CHEMBL2064032,VONOPRAZAN FUMARATE,10,0,0,0.523296179290454,-8.094,-6.5155,False,,,,345.4,2.65,64.0,ITPKC,-5.598,72.30016313213703,0.7230016313213703,0.0,1.0,0.5,0.5642006525285481,0.5642006525285481,0.0,0.4231504893964111
CHEMBL2079130,VONOPRAZAN,10,0,0,0.523296179290454,-8.094,-6.5155,False,Launched,potassium-competitive acid antagonist,peptic ulcer disease (PUD),345.4,2.65,64.0,ITPKC,-5.598,72.30016313213703,0.7230016313213703,0.0,1.0,0.5,0.5642006525285481,0.5642006525285481,0.0,0.4231504893964111
CHEMBL1274,NILUTAMIDE,10,0,0,0.46230820460029254,-7.71,-6.6885,False,Launched,androgen receptor antagonist,prostate cancer,317.2,2.45,92.6,MAPK14,-7.243,71.80573663624511,0.7180573663624511,0.0,0.8,0.778536615334207,0.5640034388451115,0.5640034388451115,0.0,0.42300257913383366
CHEMBL3989556,REMOXIPRIDE HYDROCHLORIDE,10,0,0,0.43764121437721704,-7.497,-6.137499999999999,False,,,,371.3,2.68,50.8,MAPK14,-6.922,61.799217731421116,0.6179921773142112,0.0,1.0,0.778536615334207,0.5639773632258156,0.5639773632258156,0.0,0.4229830224193617
CHEMBL22242,REMOXIPRIDE,10,0,0,0.43764121437721704,-7.497,-6.137499999999999,False,Withdrawn,dopamine receptor antagonist,,371.3,2.68,50.8,MAPK14,-6.922,61.799217731421116,0.6179921773142112,0.0,1.0,0.778536615334207,0.5639773632258156,0.5639773632258156,0.0,0.4229830224193617
CHEMBL1200887,TRIMETHOBENZAMIDE HYDROCHLORIDE,10,0,0,0.4501575941930046,-7.851,-6.673,False,,,,388.5,2.58,69.3,TNIK,-7.214,65.08325171400587,0.6508325171400586,0.0,0.9,0.8242056993121519,0.5639638617528463,0.5639638617528463,0.0,0.42297289631463475
CHEMBL1201256,TRIMETHOBENZAMIDE,10,0,0,0.4501575941930046,-7.851,-6.673,False,Launched,histamine receptor antagonist,vomiting|nausea|gastroenteritis,388.5,2.58,69.3,TNIK,-7.214,65.08325171400587,0.6508325171400586,0.0,0.9,0.8242056993121519,0.5639638617528463,0.5639638617528463,0.0,0.42297289631463475
CHEMBL1201308,IOFETAMINE,10,0,0,0.4135601040228908,-7.04,-5.959,False,,,,303.2,3.22,12.0,TNIK,-7.04,60.07182500816193,0.6007182500816193,0.0,1.0,0.8242056993121519,0.5639181549294705,0.5639181549294705,0.0,0.4229386161971029
CHEMBL1200360,IOFETAMINE HYDROCHLORIDE I 123,10,0,0,0.4135601040228908,-7.04,-5.959,False,,,,299.2,3.22,12.0,TNIK,-7.04,60.07182500816193,0.6007182500816193,0.0,1.0,0.8242056993121519,0.5639181549294705,0.5639181549294705,0.0,0.4229386161971029
CHEMBL1201231,PREDNISOLONE PHOSPHORIC ACID,10,0,0,0.501169648145795,-8.59,-7.568,False,,,,440.4,1.67,141.4,MAPK14,-7.67,81.77966101694916,0.8177966101694917,0.0,0.6,0.778536615334207,0.5638991363679278,0.5638991363679278,0.0,0.4229243522759458
CHEMBL2105735,ASUNAPREVIR,10,0,0,0.4264554514699862,-9.765,-7.3565000000000005,False,Phase 3,HCV inhibitor,,748.3,3.85,182.3,SLC2A1,-9.765,86.66014350945858,0.8666014350945858,0.0,0.4,0.9141924959216966,0.5637694484260889,0.5637694484260889,0.0,0.42282708631956667
CHEMBL1295,BUTOCONAZOLE,10,0,0,0.4590378797830546,-8.328,-6.8115000000000006,False,Launched,bacterial cell wall synthesis inhibitor,vulvovaginal candidiasis,411.8,6.64,17.8,TNIK,-7.397,69.94776363042769,0.6994776363042768,0.0,0.8,0.8242056993121519,0.5634219094185335,0.5634219094185335,0.0,0.42256643206390015
CHEMBL1200398,BUTOCONAZOLE NITRATE,10,0,0,0.4590378797830546,-8.328,-6.8115000000000006,False,,,,411.8,6.64,17.8,TNIK,-7.397,69.94776363042769,0.6994776363042768,0.0,0.8,0.8242056993121519,0.5634219094185335,0.5634219094185335,0.0,0.42256643206390015
CHEMBL1900528,TIOTROPIUM,10,0,0,0.4633357494175877,-8.264,-6.359,False,Launched,acetylcholine receptor antagonist,chronic obstructive pulmonary disease (COPD)|bronchitis|emphysema,392.5,2.35,59.1,SLC2A1,-8.264,56.457925636007836,0.5645792563600783,0.0,1.0,0.9141924959216966,0.5629605769322858,0.5629605769322858,0.0,0.4222204326992144
CHEMBL3545181,TIOTROPIUM BROMIDE,10,0,0,0.4633357494175877,-8.264,-6.359,False,,,,392.5,2.35,59.1,SLC2A1,-8.264,56.457925636007836,0.5645792563600783,0.0,1.0,0.9141924959216966,0.5629605769322858,0.5629605769322858,0.0,0.4222204326992144
CHEMBL1018,DIENESTROL,10,0,0,0.49516830966958086,-8.302,-6.8655,False,Launched,estrogen receptor agonist,menopause,266.3,4.6,40.5,ACVR1,-8.302,65.78861788617886,0.6578861788617886,0.0,0.9,0.7969667318982387,0.5626994813294512,0.5626994813294512,0.0,0.42202461099708843
CHEMBL1559,MICONAZOLE NITRATE,10,0,0,0.524136814249989,-8.624,-7.300000000000001,False,,,,416.1,6.45,27.1,TNIK,-7.389,69.7518772445315,0.697518772445315,0.0,0.8,0.8242056993121519,0.5626383638749488,0.5626383638749488,0.0,0.4219787729062116
CHEMBL76,CHLOROQUINE,10,0,0,0.42066070534126687,-7.193,-6.3575,False,Launched,antimalarial agent,malaria|amebiasis,319.9,4.81,28.2,TNIK,-7.193,64.74045053868757,0.6474045053868757,0.0,0.9,0.8242056993121519,0.5625926570515731,0.5625926570515731,0.0,0.42194449278867985
CHEMBL4297165,CHLOROQUINE HYDROCHLORIDE,10,0,0,0.42066070534126687,-7.193,-6.3575,False,,,,319.9,4.81,28.2,TNIK,-7.193,64.74045053868757,0.6474045053868757,0.0,0.9,0.8242056993121519,0.5625926570515731,0.5625926570515731,0.0,0.42194449278867985
CHEMBL58510,CHLOROQUINE PHOSPHATE,10,0,0,0.42066070534126687,-7.193,-6.3575,False,,,,319.9,4.81,28.2,TNIK,-7.193,64.74045053868757,0.6474045053868757,0.0,0.9,0.8242056993121519,0.5625926570515731,0.5625926570515731,0.0,0.42194449278867985
CHEMBL1373,MODAFINIL,10,0,0,0.45620870702654753,-8.121,-5.9575,False,,,,273.4,2.01,66.2,ACVR1,-8.121,60.71544715447155,0.6071544715447155,0.0,1.0,0.7969667318982387,0.562406798402622,0.562406798402622,0.0,0.4218050988019665
CHEMBL1670,MITOTANE,10,0,0,0.4578169449536613,-7.859,-6.406499999999999,False,Launched,antineoplastic agent,adrenal cortical carcinoma,320.0,5.93,0.0,TNIK,-7.192,64.65883121123082,0.6465883121123082,0.0,0.9,0.8242056993121519,0.5622661797417461,0.5622661797417461,0.0,0.42169963480630956
CHEMBL3833368,RUCAPARIB CAMSYLATE,10,0,0,0.5031980887179829,-8.192,-6.7535,False,,,,323.4,2.98,56.9,AXL,-6.77,57.55454249430153,0.5755454249430153,0.0,1.0,0.8797731045932484,0.5621841356661934,0.5621841356661934,0.0,0.42163810174964506
CHEMBL1173055,RUCAPARIB,10,0,0,0.5031980887179829,-8.192,-6.7535,False,Phase 3,PARP inhibitor,,323.4,2.98,56.9,AXL,-6.77,57.55454249430153,0.5755454249430153,0.0,1.0,0.8797731045932484,0.5621841356661934,0.5621841356661934,0.0,0.42163810174964506
CHEMBL1676,FLUTICASONE FUROATE,10,0,0,0.4141072818711479,-8.327,-7.074,False,,,,538.6,4.93,93.8,AXL,-7.998,87.51221100618692,0.8751221100618691,0.0,0.4,0.8797731045932484,0.562014809713735,0.562014809713735,0.0,0.4215111072853012
CHEMBL1200820,PIPERACILLIN SODIUM,10,0,0,0.4795647162990453,-9.186,-7.9,False,,,,516.6,-1.57,159.3,AXL,-7.998,87.51221100618692,0.8751221100618691,0.0,0.4,0.8797731045932484,0.562014809713735,0.562014809713735,0.0,0.4215111072853012
CHEMBL349803,PIRETANIDE,10,0,0,0.45953059441885974,-8.69,-6.4879999999999995,False,Launched,glucocorticoid receptor agonist,hypertension|edema,362.4,2.42,109.9,SLC2A1,-8.69,66.17742987606002,0.6617742987606001,0.0,0.8,0.9141924959216966,0.5618385938924946,0.5618385938924946,0.0,0.42137894541937093
CHEMBL1201121,HETACILLIN POTASSIUM,10,0,0,0.4287943171688802,-9.181,-6.3695,False,,,,388.5,0.08,92.8,TNIK,-7.839,79.49722494286647,0.7949722494286646,0.0,0.6,0.8242056993121519,0.5616197546682886,0.5616197546682886,0.0,0.42121481600121646
CHEMBL1201302,DEXAMETHASONE PHOSPHORIC ACID,10,0,0,0.5110747437761135,-9.437,-7.821,False,,,,472.4,2.01,141.4,AXL,-7.993,87.39824161510909,0.8739824161510908,0.0,0.4,0.8797731045932484,0.5615589321494237,0.5615589321494237,0.0,0.42116919911206774
CHEMBL146095,GLAFENINE,10,0,0,0.48513243870924,-8.628,-6.737,False,Withdrawn,DeltaF508-CFTR Correctors,,372.8,3.14,91.7,ACVR1,-8.464,70.47154471544715,0.7047154471544715,0.0,0.8,0.7969667318982387,0.5614311886465244,0.5614311886465244,0.0,0.4210733914848933
CHEMBL1201759,BEPOTASTINE BESYLATE,10,0,0,0.4847888520090796,-8.22,-6.849,False,,,,388.9,4.17,62.7,AXL,-6.964,62.34125691957018,0.6234125691957018,0.0,0.9,0.8797731045932484,0.561330993367268,0.561330993367268,0.0,0.420998245025451
CHEMBL1201758,BEPOTASTINE,10,0,0,0.4847888520090796,-8.22,-6.849,False,Launched,histamine receptor antagonist,conjunctivitis,388.9,4.17,62.7,AXL,-6.964,62.34125691957018,0.6234125691957018,0.0,0.9,0.8797731045932484,0.561330993367268,0.561330993367268,0.0,0.420998245025451
CHEMBL1165,MOEXIPRIL,10,0,0,0.43592923510166226,-8.649,-7.349,False,Launched,angiotensin converting enzyme inhibitor,hypertension,498.6,2.58,114.4,MAPK14,-8.202,91.08539765319426,0.9108539765319427,0.0,0.4,0.778536615334207,0.5611220829129082,0.5611220829129082,0.0,0.42084156218468116
CHEMBL1200534,MOEXIPRIL HYDROCHLORIDE,10,0,0,0.43592923510166226,-8.649,-7.349,False,,,,498.6,2.58,114.4,MAPK14,-8.202,91.08539765319426,0.9108539765319427,0.0,0.4,0.778536615334207,0.5611220829129082,0.5611220829129082,0.0,0.42084156218468116
CHEMBL2105759,BARICITINIB,10,0,0,0.5018793933981509,-8.153,-7.141,False,Launched,JAK inhibitor,rheumatoid arthritis,371.4,1.1,120.6,TNIK,-7.379,69.36010447273915,0.6936010447273915,0.0,0.8,0.8242056993121519,0.5610712727877794,0.5610712727877794,0.0,0.4208034545908345
CHEMBL1200562,HYDROCORTISONE VALERATE,10,0,0,0.480262529764434,-8.723,-6.9065,False,,,,446.6,3.52,100.9,ADRA2A,-8.723,80.26058631921825,0.8026058631921825,0.0,0.8,0.5324652394614875,0.5609121311960962,0.5609121311960962,0.0,0.4206840983970721
CHEMBL252556,IDEBENONE,10,0,0,0.4326123629268485,-6.876,-5.8705,False,Launched,calcium channel modulator,Alzheimer's disease|Friedreich's ataxia|Leber hereditary optic neuropathy (LHON),338.4,3.46,72.8,TNIK,-6.661,49.29807378387202,0.4929807378387202,0.2,0.9500000000000001,0.8242056993121519,0.5608231500323109,0.5608231500323109,0.0,0.42061736252423315
CHEMBL509,MECLOFENAMIC ACID,10,0,0,0.49668578693623716,-8.472,-6.67,False,,,,296.2,4.74,49.3,SLC2A1,-8.472,60.861056751467714,0.6086105675146771,0.0,0.9,0.9141924959216966,0.5605731013941254,0.5605731013941254,0.0,0.4204298260455941
CHEMBL3989850,ECAMSULE,10,0,0,0.46812096229808303,-9.678,-7.349,False,,,,562.7,4.24,142.9,SLC2A1,-9.678,85.84474885844749,0.8584474885844748,0.0,0.4,0.9141924959216966,0.5605078698220445,0.5605078698220445,0.0,0.42038090236653336
CHEMBL1201192,ARMODAFINIL,10,0,0,0.4587994851428247,-8.104,-6.061999999999999,False,,,,273.4,2.01,66.2,ACVR1,-8.104,60.22764227642276,0.6022764227642277,0.0,1.0,0.7969667318982387,0.5604555788904269,0.5604555788904269,0.0,0.42034168416782014
CHEMBL1201115,ESMOLOL HYDROCHLORIDE,10,0,0,0.42325352010855405,-7.174,-6.3915,False,,,,295.4,1.53,67.8,TNIK,-7.174,64.20176297747307,0.6420176297747306,0.0,0.9,0.8242056993121519,0.5604379068067151,0.5604379068067151,0.0,0.42032843010503634
CHEMBL768,ESMOLOL,10,0,0,0.42325352010855405,-7.174,-6.3915,False,Launched,adrenergic receptor antagonist,ventricular tachycardia (VT)|hypertension,295.4,1.53,67.8,TNIK,-7.174,64.20176297747307,0.6420176297747306,0.0,0.9,0.8242056993121519,0.5604379068067151,0.5604379068067151,0.0,0.42032843010503634
CHEMBL1200321,SULFISOXAZOLE DIOLAMINE,10,0,0,0.45571016779181095,-7.44,-6.8655,False,,,,267.3,1.67,98.2,TNIK,-7.374,69.18054195233432,0.6918054195233432,0.0,0.8,0.8242056993121519,0.56035302270616,0.56035302270616,0.0,0.42026476702962
CHEMBL453,SULFISOXAZOLE,10,0,0,0.45571016779181095,-7.44,-6.8655,False,,,,267.3,1.67,98.2,TNIK,-7.374,69.18054195233432,0.6918054195233432,0.0,0.8,0.8242056993121519,0.56035302270616,0.56035302270616,0.0,0.42026476702962
CHEMBL1593558,DEBRISOQUIN SULFATE,10,0,0,0.4586385539018165,-7.176,-6.691,False,,,,175.2,0.94,53.1,MAPK14,-7.053,65.79204693611473,0.6579204693611473,0.0,0.9,0.778536615334207,0.5599486800445901,0.5599486800445901,0.0,0.41996151003344256
CHEMBL169901,DEBRISOQUIN,10,0,0,0.4586385539018165,-7.176,-6.691,False,Launched,adrenergic neuron blocker,hypertension,175.2,0.94,53.1,MAPK14,-7.053,65.79204693611473,0.6579204693611473,0.0,0.9,0.778536615334207,0.5599486800445901,0.5599486800445901,0.0,0.41996151003344256
CHEMBL553,ERLOTINIB,10,0,0,0.48243013041490934,-8.165,-6.847,False,Launched,EGFR inhibitor,non-small cell lung cancer (NSCLC)|pancreatic cancer,393.4,3.41,74.7,VASH2,-7.59,81.22149837133551,0.8122149837133551,0.0,0.8,0.5,0.5598859934853421,0.5598859934853421,0.0,0.4199144951140066
CHEMBL1079742,ERLOTINIB HYDROCHLORIDE,10,0,0,0.48243013041490934,-8.165,-6.847,False,,,,393.4,3.41,74.7,VASH2,-7.59,81.22149837133551,0.8122149837133551,0.0,0.8,0.5,0.5598859934853421,0.5598859934853421,0.0,0.4199144951140066
CHEMBL1201765,FESOTERODINE FUMARATE,10,0,0,0.39398614918113595,-8.834,-6.5955,False,,,,411.6,5.38,49.8,ACVR1,-8.834,80.08130081300813,0.8008130081300813,0.0,0.6,0.7969667318982387,0.5598702130367683,0.5598702130367683,0.0,0.41990265977757624
CHEMBL1201764,FESOTERODINE,10,0,0,0.39398614918113595,-8.834,-6.5955,False,Launched,acetylcholine receptor antagonist,urinary incontinence,411.6,5.38,49.8,ACVR1,-8.834,80.08130081300813,0.8008130081300813,0.0,0.6,0.7969667318982387,0.5598702130367683,0.5598702130367683,0.0,0.41990265977757624
CHEMBL18,ETHOXZOLAMIDE,10,0,0,0.42703684210275394,-6.738,-6.1825,False,Launched,carbonic anhydrase inhibitor,glaucoma|duodenal ulcer disease,258.3,1.34,82.3,SERPINE1,-6.306,71.20325203252033,0.7120325203252033,0.0,1.0,0.5,0.5598130081300813,0.5598130081300813,0.0,0.419859756097561
CHEMBL1200494,GUANFACINE HYDROCHLORIDE,10,0,0,0.45828956938687204,-7.341,-6.1274999999999995,False,,,,246.1,1.55,79.0,TNIK,-7.005,58.9454782892589,0.589454782892589,0.0,1.0,0.8242056993121519,0.5594127680538584,0.5594127680538584,0.0,0.41955957604039384
CHEMBL862,GUANFACINE,10,0,0,0.4682895693868721,-7.341,-6.1274999999999995,False,Launched,adrenergic receptor agonist,hypertension,246.1,1.55,79.0,TNIK,-7.005,58.9454782892589,0.589454782892589,0.0,1.0,0.8242056993121519,0.5594127680538584,0.5594127680538584,0.0,0.41955957604039384
CHEMBL3545063,OSIMERTINIB MESYLATE,10,0,0,0.46863598398175654,-9.634,-7.473,False,,,,499.6,4.51,87.5,SLC2A1,-9.634,85.50228310502284,0.8550228310502284,0.0,0.4,0.9141924959216966,0.5591380068083458,0.5591380068083458,0.0,0.41935350510625935
CHEMBL3353410,OSIMERTINIB,10,0,0,0.46863598398175654,-9.634,-7.473,False,Launched,EGFR inhibitor,non-small cell lung cancer (NSCLC),499.6,4.51,87.5,SLC2A1,-9.634,85.50228310502284,0.8550228310502284,0.0,0.4,0.9141924959216966,0.5591380068083458,0.5591380068083458,0.0,0.41935350510625935
CHEMBL1200762,BETAMETHASONE SODIUM PHOSPHATE,10,0,0,0.46955587485961015,-9.014,-7.265499999999999,False,,,,470.4,0.75,147.0,AXL,-7.952,86.76326929338978,0.8676326929338978,0.0,0.4,0.8797731045932484,0.5590190428625464,0.5590190428625464,0.0,0.4192642821469098
CHEMBL2106638,LOFEPRAMINE HYDROCHLORIDE,10,0,0,0.43666462157315084,-8.028,-6.4825,False,,,,419.0,5.78,23.6,VASH2,-7.583,80.94462540716613,0.8094462540716613,0.0,0.8,0.5,0.5587785016286645,0.5587785016286645,0.0,0.41908387622149834
CHEMBL606,MISOPROSTOL,10,0,0,0.3896016017174561,-7.505,-6.2265,False,Launched,prostanoid receptor agonist,duodenal ulcer disease,382.5,3.95,83.8,MAPK14,-7.204,70.46936114732725,0.7046936114732725,0.0,0.8,0.778536615334207,0.5586579368894401,0.5586579368894401,0.0,0.4189934526670801
CHEMBL1562610,MECLOFENAMATE SODIUM,10,0,0,0.4873034239792521,-8.249,-6.438,False,,,,295.1,3.41,52.2,ADRA2A,-8.249,69.69055374592834,0.6969055374592834,0.0,1.0,0.5324652394614875,0.5586320009029365,0.5586320009029365,0.0,0.41897400067720236
CHEMBL1711280,DOTHIEPIN HYDROCHLORIDE,10,0,0,0.4755417809838785,-7.771,-6.672000000000001,False,,,,295.5,4.68,3.2,VASH2,-7.401,75.87947882736157,0.7587947882736157,0.0,0.9,0.5,0.5585179153094463,0.5585179153094463,0.0,0.41888843648208474
CHEMBL1492500,DOTHIEPIN,10,0,0,0.4755417809838785,-7.771,-6.672000000000001,False,,,,295.5,4.68,3.2,VASH2,-7.401,75.87947882736157,0.7587947882736157,0.0,0.9,0.5,0.5585179153094463,0.5585179153094463,0.0,0.41888843648208474
CHEMBL3716057,GEFAPIXANT,10,0,0,0.42611951066416226,-8.438,-6.209,False,Phase 3,purinergic receptor antagonist,,353.4,1.21,156.4,ACVR1,-8.438,69.73983739837398,0.6973983739837398,0.0,0.8,0.7969667318982387,0.5585043593782317,0.5585043593782317,0.0,0.4188782695336738
CHEMBL4594278,GEFAPIXANT CITRATE,10,0,0,0.42611951066416226,-8.438,-6.209,False,,,,353.4,1.21,156.4,ACVR1,-8.438,69.73983739837398,0.6973983739837398,0.0,0.8,0.7969667318982387,0.5585043593782317,0.5585043593782317,0.0,0.4188782695336738
CHEMBL2095212,MIRABEGRON,10,0,0,0.4478718720433822,-8.726,-8.106,False,Launched,adrenergic receptor agonist,urinary incontinence,396.5,2.77,100.3,MAPK14,-8.147,90.40091264667535,0.9040091264667535,0.0,0.4,0.778536615334207,0.5583841428868325,0.5583841428868325,0.0,0.4187881071651244
CHEMBL1200831,SPIRAPRIL HYDROCHLORIDE,10,0,0,0.409956773756301,-8.453,-7.211,False,,,,466.6,2.39,95.9,MAPK14,-8.137,90.20534550195566,0.9020534550195566,0.0,0.4,0.778536615334207,0.5576018743079537,0.5576018743079537,0.0,0.4182014057309653
CHEMBL431,SPIRAPRIL,10,0,0,0.409956773756301,-8.453,-7.211,False,,,,466.6,2.39,95.9,MAPK14,-8.137,90.20534550195566,0.9020534550195566,0.0,0.4,0.778536615334207,0.5576018743079537,0.5576018743079537,0.0,0.4182014057309653
CHEMBL1929396,ANAGLIPTIN,10,0,0,0.4728162368455219,-8.076,-7.277,False,Launched,dipeptidyl peptidase inhibitor,diabetes mellitus,383.5,0.65,115.4,TNIK,-7.783,78.46882141691152,0.7846882141691153,0.0,0.6,0.8242056993121519,0.5575061405644689,0.5575061405644689,0.0,0.41812960542335165
CHEMBL2103772,RACECADOTRIL,10,0,0,0.4331589909837351,-7.892,-6.867,False,Launched,enkephalinase inhibitor,diarrhea,385.5,2.98,72.5,MAPK14,-7.195,70.17601043024771,0.7017601043024772,0.0,0.8,0.778536615334207,0.557484534021122,0.557484534021122,0.0,0.41811340051584145
CHEMBL1201127,DARUNAVIR ETHANOLATE,10,0,0,0.48194515286393724,-9.615,-7.512499999999999,False,,,,547.7,2.38,140.4,SLC2A1,-9.615,85.07827788649706,0.8507827788649707,0.0,0.4,0.9141924959216966,0.5574419859342428,0.5574419859342428,0.0,0.4180814894506821
CHEMBL1323,DARUNAVIR,10,0,0,0.48194515286393724,-9.615,-7.512499999999999,False,Launched,HIV protease inhibitor,human immunodeficiency virus (HIV-1),547.7,2.38,140.4,SLC2A1,-9.615,85.07827788649706,0.8507827788649707,0.0,0.4,0.9141924959216966,0.5574419859342428,0.5574419859342428,0.0,0.4180814894506821
CHEMBL5095050,FINGOLIMOD LAURYL SULFATE,10,0,0,0.41074793009554156,-7.473,-6.172000000000001,False,,,,307.5,3.2,66.5,MAPK14,-7.041,65.14015645371578,0.6514015645371578,0.0,0.9,0.778536615334207,0.5573411181149941,0.5573411181149941,0.0,0.41800583858624557
CHEMBL544665,FINGOLIMOD HYDROCHLORIDE,10,0,0,0.41074793009554156,-7.473,-6.172000000000001,False,,,,307.5,3.2,66.5,MAPK14,-7.041,65.14015645371578,0.6514015645371578,0.0,0.9,0.778536615334207,0.5573411181149941,0.5573411181149941,0.0,0.41800583858624557
CHEMBL1834657,INFIGRATINIB PHOSPHATE,10,0,0,0.5113212662082751,-9.552,-8.001999999999999,False,,,,560.5,5.35,95.1,TNIK,-8.432,88.41005550114266,0.8841005550114267,0.0,0.4,0.8242056993121519,0.5572710769013934,0.5572710769013934,0.0,0.4179533076760451
CHEMBL1852688,INFIGRATINIB,10,0,0,0.5113212662082751,-9.552,-8.001999999999999,False,,,,560.5,5.35,95.1,TNIK,-8.432,88.41005550114266,0.8841005550114267,0.0,0.4,0.8242056993121519,0.5572710769013934,0.5572710769013934,0.0,0.4179533076760451
CHEMBL1770916,NIROGACESTAT,10,0,0,0.5068734620025743,-9.608,-7.7915,False,,,,489.7,4.79,71.0,SLC2A1,-9.608,84.98043052837573,0.8498043052837574,0.0,0.4,0.9141924959216966,0.5570505965017575,0.5570505965017575,0.0,0.4177879473763181
CHEMBL4298153,NIROGACESTAT HYDROBROMIDE,10,0,0,0.5068734620025743,-9.608,-7.7915,False,,,,489.7,4.79,71.0,SLC2A1,-9.608,84.98043052837573,0.8498043052837574,0.0,0.4,0.9141924959216966,0.5570505965017575,0.5570505965017575,0.0,0.4177879473763181
CHEMBL1159650,CLOBETASOL PROPIONATE,10,0,0,0.45324663976073853,-8.651,-7.286,False,,,,467.0,4.1,80.7,TNIK,-7.778,78.3219066274894,0.783219066274894,0.0,0.6,0.8242056993121519,0.5569184814067804,0.5569184814067804,0.0,0.4176888610550853
CHEMBL6466,COUMARIN,10,0,0,0.4243808841529548,-6.987,-6.0585,False,Launched,vitamin K antagonist,ulcerative colitis|asthma|celiac disease,146.1,1.79,30.2,TNIK,-6.987,58.22722820763957,0.5822722820763957,0.0,1.0,0.8242056993121519,0.5565397677273811,0.5565397677273811,0.0,0.41740482579553584
CHEMBL1729,CISAPRIDE,10,0,0,0.4951854092133514,-8.992,-7.3420000000000005,False,Withdrawn,serotonin receptor agonist,,466.0,3.36,86.0,AXL,-7.48,76.13155323998697,0.7613155323998697,0.0,0.6,0.8797731045932484,0.5564921786489352,0.5564921786489352,0.0,0.4173691339867014
CHEMBL1200788,CISAPRIDE MONOHYDRATE,10,0,0,0.4951854092133514,-8.992,-7.3420000000000005,False,,,,466.0,3.36,86.0,AXL,-7.48,76.13155323998697,0.7613155323998697,0.0,0.6,0.8797731045932484,0.5564921786489352,0.5564921786489352,0.0,0.4173691339867014
CHEMBL1583,BACAMPICILLIN,10,0,0,0.4448379858475972,-8.549,-6.7255,False,Launched,bacterial cell wall synthesis inhibitor,gram-positive bacterial infections|gram-negative bacterial infections,465.5,1.3,137.3,TNIK,-7.773,78.20763956904995,0.7820763956904995,0.0,0.6,0.8242056993121519,0.5564614131730226,0.5564614131730226,0.0,0.4173460598797669
CHEMBL1200965,BACAMPICILLIN HYDROCHLORIDE,10,0,0,0.4448379858475972,-8.549,-6.7255,False,,,,465.5,1.3,137.3,TNIK,-7.773,78.20763956904995,0.7820763956904995,0.0,0.6,0.8242056993121519,0.5564614131730226,0.5564614131730226,0.0,0.4173460598797669
CHEMBL71,CHLORPROMAZINE,10,0,0,0.4626155630330907,-7.895,-6.355,False,Launched,dopamine receptor antagonist,schizophrenia|nausea|vomiting|acute intermittent porphyria (AIP)|tetanus,318.9,4.89,6.5,ADRA2A,-7.266,44.12052117263844,0.4412052117263844,0.4,1.0,0.5324652394614875,0.556351870609777,0.556351870609777,0.0,0.41726390295733273
CHEMBL328560,SULTHIAME,10,0,0,0.38846121656341814,-7.769,-6.399,False,,,,290.4,0.26,97.5,TNIK,-7.769,78.10969637610185,0.7810969637610186,0.0,0.6,0.8242056993121519,0.5560696404012302,0.5560696404012302,0.0,0.41705223030092264
CHEMBL4558324,LAZERTINIB,10,0,0,0.4574627966505454,-10.64,-7.8535,False,Phase 1/Phase 2,tyrosine kinase inhibitor,,554.7,4.1,109.7,SLC2A1,-10.64,94.73255055446836,0.9473255055446836,0.0,0.2,0.9141924959216966,0.556059076606128,0.556059076606128,0.0,0.417044307454596
CHEMBL6068478,LAZERTINIB MESYLATE,10,0,0,0.4574627966505454,-10.64,-7.8535,False,,,,554.7,4.1,109.7,SLC2A1,-10.64,94.73255055446836,0.9473255055446836,0.0,0.2,0.9141924959216966,0.556059076606128,0.556059076606128,0.0,0.417044307454596
CHEMBL1483,ALBENDAZOLE,10,0,0,0.45192331058709667,-6.733,-6.406499999999999,False,Launched,tubulin polymerization inhibitor,cystic hydatid disease|parenchymal neurocysticercosis,265.3,3.24,67.0,SERPINE1,-6.283,70.26016260162602,0.7026016260162602,0.0,1.0,0.5,0.5560406504065041,0.5560406504065041,0.0,0.41703048780487806
CHEMBL298734,LONAFARNIB,10,0,0,0.48035481493066856,-8.839,-7.287000000000001,False,Phase 3,farnesyltransferase inhibitor,,638.8,5.91,79.5,TNIK,-7.768,78.06072477962782,0.7806072477962782,0.0,0.6,0.8242056993121519,0.5558737540153341,0.5558737540153341,0.0,0.41690531551150056
CHEMBL607710,CHLORPHENESIN CARBAMATE,10,0,0,0.4232325626659219,-6.802,-6.02,False,,,,245.7,1.18,81.8,SERPINE1,-6.28,70.21138211382114,0.7021138211382114,0.0,1.0,0.5,0.5558455284552846,0.5558455284552846,0.0,0.4168841463414634
CHEMBL566752,FLORBETABEN F18,10,0,0,0.3749951369162861,-7.523,-6.198,False,,,,358.4,4.28,39.7,TNIK,-7.523,73.00032647730983,0.7300032647730983,0.0,0.7,0.8242056993121519,0.5556321608060621,0.5556321608060621,0.0,0.4167241206045466
CHEMBL1908906,FLORBETABEN,10,0,0,0.3749951369162861,-7.523,-6.198,False,,,,359.4,4.28,39.7,TNIK,-7.523,73.00032647730983,0.7300032647730983,0.0,0.7,0.8242056993121519,0.5556321608060621,0.5556321608060621,0.0,0.4167241206045466
CHEMBL1200699,DOXYCYCLINE,10,0,0,0.45192003073728426,-9.057,-7.134,False,Launched,bacterial 30S ribosomal subunit inhibitor|metalloproteinase inhibitor,periodontitis,444.4,-0.35,181.6,AXL,-7.914,85.86779550634972,0.8586779550634972,0.0,0.4,0.8797731045932484,0.5554371477143861,0.5554371477143861,0.0,0.4165778607857896
CHEMBL1433,DOXYCYCLINE ANHYDROUS,10,0,0,0.45192003073728426,-9.057,-7.134,False,,,,444.4,-0.35,181.6,AXL,-7.914,85.86779550634972,0.8586779550634972,0.0,0.4,0.8797731045932484,0.5554371477143861,0.5554371477143861,0.0,0.4165778607857896
CHEMBL3989740,DOXYCYCLINE HYCLATE,10,0,0,0.45192003073728426,-9.057,-7.134,False,,,,444.4,-0.35,181.6,AXL,-7.914,85.86779550634972,0.8586779550634972,0.0,0.4,0.8797731045932484,0.5554371477143861,0.5554371477143861,0.0,0.4165778607857896
CHEMBL446,SULFAMETHAZINE,10,0,0,0.4760510943885309,-7.751,-7.138,False,Launched,PABA antagonist,enteritis,278.3,1.48,98.0,TNIK,-7.326,67.93992817499183,0.6793992817499184,0.0,0.8,0.8242056993121519,0.5553905675967902,0.5553905675967902,0.0,0.41654292569759266
CHEMBL634,ALFENTANIL,10,0,0,0.4657283015274813,-8.634,-6.63,False,,,,416.5,1.38,85.5,SLC2A1,-8.634,64.49771689497716,0.6449771689497716,0.0,0.8,0.9141924959216966,0.5551197419681633,0.5551197419681633,0.0,0.41633980647612245
CHEMBL1200531,ALFENTANIL HYDROCHLORIDE,10,0,0,0.4657283015274813,-8.634,-6.63,False,,,,416.5,1.38,85.5,SLC2A1,-8.634,64.49771689497716,0.6449771689497716,0.0,0.8,0.9141924959216966,0.5551197419681633,0.5551197419681633,0.0,0.41633980647612245
CHEMBL43452,POMALIDOMIDE,10,0,0,0.4967844386086889,-8.766,-7.272,False,Launched,angiogenesis inhibitor|tumor necrosis factor production inhibitor,multiple myeloma,273.2,-0.33,109.6,MAPK14,-7.588,79.5632333767927,0.795632333767927,0.0,0.6,0.778536615334207,0.5550334258073019,0.5550334258073019,0.0,0.4162750693554764
CHEMBL3545068,COPANLISIB HYDROCHLORIDE,10,0,0,0.4872247054040083,-9.581,-7.401,False,,,,480.5,0.66,139.8,SLC2A1,-9.581,84.40965427266796,0.8440965427266797,0.0,0.4,0.9141924959216966,0.5547674914789265,0.5547674914789265,0.0,0.41607561860919484
CHEMBL3218576,COPANLISIB,10,0,0,0.4872247054040083,-9.581,-7.401,False,Launched,PI3K inhibitor,follicular lymphoma,480.5,0.66,139.8,SLC2A1,-9.581,84.40965427266796,0.8440965427266797,0.0,0.4,0.9141924959216966,0.5547674914789265,0.5547674914789265,0.0,0.41607561860919484
CHEMBL1201056,SULFACYTINE,10,0,0,0.43712523727111663,-7.755,-6.965,False,,,,294.3,0.65,107.1,TNIK,-7.755,77.76689520078355,0.7776689520078355,0.0,0.6,0.8242056993121519,0.554698435699957,0.554698435699957,0.0,0.41602382677496774
CHEMBL296913,PARECOXIB SODIUM,10,0,0,0.4788773681821432,-8.372,-7.4215,False,,,,369.4,4.32,91.3,GALNS,-7.887,89.84986945169713,0.8984986945169713,0.0,0.6,0.5,0.5543994778067886,0.5543994778067886,0.0,0.41579960835509144
CHEMBL1660,RIFAPENTINE,7,0,0,0.3363706576322717,-10.57,-5.942,False,Launched,RNA polymerase inhibitor,tuberculosis,877.0,5.65,220.1,SLC2A1,-10.57,94.29223744292237,0.9429223744292237,0.0,0.2,0.9141924959216966,0.554297824159944,0.554297824159944,0.0,0.415723368119958
CHEMBL2364612,LATANOPROSTENE BUNOD,10,0,0,0.3500512116993795,-8.077,-6.698,False,,,,507.6,3.77,139.4,MAPK14,-8.077,89.34159061277705,0.8934159061277706,0.0,0.4,0.778536615334207,0.5541468547512394,0.5541468547512394,0.0,0.41561014106342953
CHEMBL561157,TREPROSTINIL SODIUM,10,0,0,0.47138547390651836,-8.394,-6.6995000000000005,False,,,,389.5,2.25,89.8,ACVR1,-8.394,68.60162601626017,0.6860162601626016,0.0,0.8,0.7969667318982387,0.5539515138497766,0.5539515138497766,0.0,0.41546363538733244
CHEMBL1077896,ROPIVACAINE,10,0,0,0.48921729941935094,-8.173,-6.499499999999999,False,Launched,sodium channel blocker,anesthetic,274.4,3.51,32.3,ACVR1,-8.019,58.58536585365853,0.5858536585365853,0.0,1.0,0.7969667318982387,0.55388647319937,0.55388647319937,0.0,0.4154148548995275
CHEMBL1889140,ROPIVACAINE HYDROCHLORIDE,10,0,0,0.48921729941935094,-8.173,-6.499499999999999,False,,,,274.4,3.51,32.3,ACVR1,-8.019,58.58536585365853,0.5858536585365853,0.0,1.0,0.7969667318982387,0.55388647319937,0.55388647319937,0.0,0.4154148548995275
CHEMBL344159,TOLVAPTAN,10,0,0,0.46060080552554294,-8.407,-6.688,False,Launched,vasopressin receptor antagonist,hyponatremia|congestive heart failure|hepatic cirrhosis,449.0,5.68,69.6,AXL,-7.07,65.38586779550634,0.6538586779550635,0.0,0.8,0.8797731045932484,0.5535094368710127,0.5535094368710127,0.0,0.41513207765325955
CHEMBL572,NITROFURANTOIN,10,0,0,0.39440559845777406,-7.126,-6.6265,False,Launched,DNA inhibitor,urinary tract infections|pyelonephritis,238.2,0.07,118.1,SERPINE1,-6.857,89.59349593495935,0.8959349593495936,0.0,0.6,0.5,0.5533739837398374,0.5533739837398374,0.0,0.41503048780487806
CHEMBL1731,MEZLOCILLIN,10,0,0,0.48606408454212185,-9.506,-7.861000000000001,False,Launched,bacterial cell wall synthesis inhibitor,gram-negative bacterial infections|gram-positive bacterial infections,539.6,-0.23,173.5,MAPK14,-8.07,89.14602346805736,0.8914602346805737,0.0,0.4,0.778536615334207,0.5533645861723606,0.5533645861723606,0.0,0.41502343962927046
CHEMBL565,CLOFIBRATE,10,0,0,0.38976393423361444,-6.956,-5.726,False,Launched,PPAR receptor agonist,hyperlipidemia|cholesterol,242.7,3.06,35.5,TNIK,-6.956,57.39471106758081,0.5739471106758081,0.0,1.0,0.8242056993121519,0.553209699167146,0.553209699167146,0.0,0.4149072743753595
CHEMBL1697708,MEZLOCILLIN SODIUM,10,0,0,0.48369271264627606,-9.442,-7.641,False,,,,538.6,-1.57,176.3,AXL,-7.881,85.18397915988277,0.8518397915988277,0.0,0.4,0.8797731045932484,0.5527018823285184,0.5527018823285184,0.0,0.41452641174638877
CHEMBL443,SULFAMETHOXAZOLE,10,0,0,0.43954537536353994,-7.3,-6.6165,False,Launched,PABA antagonist,pneumonia|enteritis|urinary tract infections,253.3,1.37,98.2,TNIK,-7.3,67.2216780933725,0.672216780933725,0.0,0.8,0.8242056993121519,0.5525175672703129,0.5525175672703129,0.0,0.41438817545273465
CHEMBL668,PROTRIPTYLINE,10,0,0,0.5064658028314879,-8.085,-6.5845,False,Launched,tricyclic antidepressant,depression,263.4,4.3,12.0,ACVR1,-8.011,58.16260162601626,0.5816260162601626,0.0,1.0,0.7969667318982387,0.5521954162888009,0.5521954162888009,0.0,0.4141465622166006
CHEMBL2107253,SULFADIMETHOXINE SODIUM,10,0,0,0.4379090537602551,-7.291,-6.4025,False,,,,309.3,1.47,118.5,TNIK,-7.291,67.07476330395038,0.6707476330395038,0.0,0.8,0.8242056993121519,0.5519299081126243,0.5519299081126243,0.0,0.41394743108446824
CHEMBL1519,TRANDOLAPRIL,10,0,0,0.45873647799715833,-8.973,-7.013999999999999,False,Launched,angiotensin converting enzyme inhibitor,hypertension|myocardial infarction,430.5,2.77,95.9,MAPK14,-7.541,78.748370273794,0.78748370273794,0.0,0.6,0.778536615334207,0.5517739733953071,0.5517739733953071,0.0,0.4138304800464803
CHEMBL5314649,RITLECITINIB TOSYLATE,10,0,0,0.48461302560882774,-8.127,-6.4445,False,,,,285.4,1.94,73.9,MAPK14,-6.841,58.702737940026076,0.5870273794002607,0.0,1.0,0.778536615334207,0.5515914440602354,0.5515914440602354,0.0,0.41369358304517656
CHEMBL4085457,RITLECITINIB,10,0,0,0.48461302560882774,-8.127,-6.4445,False,,,,285.4,1.94,73.9,MAPK14,-6.841,58.702737940026076,0.5870273794002607,0.0,1.0,0.778536615334207,0.5515914440602354,0.5515914440602354,0.0,0.41369358304517656
CHEMBL1951095,ERAVACYCLINE,10,0,0,0.435995602217655,-10.34,-7.272,False,Launched,antibacterial,,558.6,0.29,193.7,AXL,-8.456,94.87137740149788,0.9487137740149788,0.0,0.2,0.8797731045932484,0.5514514752949787,0.5514514752949787,0.0,0.4135886064712341
CHEMBL2219414,ERAVACYCLINE DIHYDROCHLORIDE,10,0,0,0.435995602217655,-10.34,-7.272,False,,,,558.6,0.29,193.7,AXL,-8.456,94.87137740149788,0.9487137740149788,0.0,0.2,0.8797731045932484,0.5514514752949787,0.5514514752949787,0.0,0.4135886064712341
CHEMBL1535,HYDROXYCHLOROQUINE,10,0,0,0.41039156320315406,-7.307,-6.031000000000001,False,Launched,antimalarial agent,malaria,335.9,3.78,48.4,TNIK,-7.095,61.94906953966699,0.6194906953966699,0.0,0.9,0.8242056993121519,0.5514271330554907,0.5514271330554907,0.0,0.41357034979161805
CHEMBL1690,HYDROXYCHLOROQUINE SULFATE,10,0,0,0.41039156320315406,-7.307,-6.031000000000001,False,,,,335.9,3.78,48.4,TNIK,-7.095,61.94906953966699,0.6194906953966699,0.0,0.9,0.8242056993121519,0.5514271330554907,0.5514271330554907,0.0,0.41357034979161805
CHEMBL232201,BENZIODARONE,10,0,0,0.45092528971690615,-8.745,-6.906499999999999,False,,,,518.1,5.14,50.4,ACVR1,-8.745,77.91869918699187,0.7791869918699187,0.0,0.6,0.7969667318982387,0.5512198065327033,0.5512198065327033,0.0,0.41341485489952745
CHEMBL1201171,PRAMOXINE HYDROCHLORIDE,10,0,0,0.41387937417046017,-6.998,-6.183,False,,,,293.4,2.97,30.9,MAPK14,-6.998,63.54302477183833,0.6354302477183833,0.0,0.9,0.778536615334207,0.5509525913874844,0.5509525913874844,0.0,0.4132144435406133
CHEMBL1198,PRAMOXINE,10,0,0,0.41387937417046017,-6.998,-6.183,False,Launched,topical anesthetic,corticosteroid-responsive dermatoses,293.4,2.97,30.9,MAPK14,-6.998,63.54302477183833,0.6354302477183833,0.0,0.9,0.778536615334207,0.5509525913874844,0.5509525913874844,0.0,0.4132144435406133
CHEMBL1611,PHENYTOIN SODIUM,10,0,0,0.5152727888321532,-8.194,-6.849,True,,,,251.3,0.78,64.5,ACVR1,-8.194,62.84552845528455,0.6284552845528455,0.0,0.9,0.7969667318982387,0.550927123605874,0.550927123605874,0.0,0.4131953427044055
CHEMBL1473,FLUTICASONE PROPIONATE,10,0,0,0.4314066771510399,-8.381,-6.628,False,,,,500.6,4.43,80.7,AXL,-7.439,74.6662324975578,0.746662324975578,0.0,0.6,0.8797731045932484,0.5506308956792185,0.5506308956792185,0.0,0.4129731717594139
CHEMBL307261,ARTENIMOL,10,0,0,0.44157707543785696,-8.142,-6.1205,False,,,,284.4,2.19,57.2,SLC2A1,-8.142,53.34311806914547,0.5334311806914547,0.0,1.0,0.9141924959216966,0.5505013466648364,0.5505013466648364,0.0,0.4128760099986273
CHEMBL1963681,AVANAFIL,10,0,0,0.5035850387073654,-9.515,-7.708500000000001,False,Launched,phosphodiesterase inhibitor,erectile dysfunction,484.0,2.43,125.4,SLC2A1,-9.515,83.30071754729289,0.8330071754729289,0.0,0.4,0.9141924959216966,0.5503317445774261,0.5503317445774261,0.0,0.41274880843306955
CHEMBL1201110,VALACYCLOVIR HYDROCHLORIDE,10,0,0,0.38583297420848933,-7.522,-6.431,False,,,,324.3,-0.8,151.1,MAPK14,-7.522,78.37353324641461,0.7837353324641461,0.0,0.6,0.778536615334207,0.5502746252857895,0.5502746252857895,0.0,0.41270596896434214
CHEMBL1349,VALACYCLOVIR,10,0,0,0.38583297420848933,-7.522,-6.431,False,,,,324.3,-0.8,151.1,MAPK14,-7.522,78.37353324641461,0.7837353324641461,0.0,0.6,0.778536615334207,0.5502746252857895,0.5502746252857895,0.0,0.41270596896434214
CHEMBL55,PENTAMIDINE,10,0,0,0.40852929214251954,-8.265,-7.2395,False,Launched,anti-pneumocystis agent,pneumonia,340.4,2.88,118.2,TNIK,-8.265,86.43486777668952,0.8643486777668952,0.0,0.4,0.8242056993121519,0.5493703260035808,0.5493703260035808,0.0,0.41202774450268564
CHEMBL361506,PENTAMIDINE ISETHIONATE,10,0,0,0.40852929214251954,-8.265,-7.2395,False,,,,340.4,2.88,118.2,TNIK,-8.265,86.43486777668952,0.8643486777668952,0.0,0.4,0.8242056993121519,0.5493703260035808,0.5493703260035808,0.0,0.41202774450268564
CHEMBL2364629,RIMEGEPANT SULFATE,10,0,0,0.44570510772152394,-9.149,-7.339,False,,,,534.6,4.49,119.1,AXL,-7.836,84.32106805600782,0.8432106805600782,0.0,0.4,0.8797731045932484,0.5492502379130185,0.5492502379130185,0.0,0.4119376784347639
CHEMBL2178422,RIMEGEPANT,10,0,0,0.44570510772152394,-9.149,-7.339,False,Launched,calcitonin antagonist,,534.6,4.49,119.1,AXL,-7.836,84.32106805600782,0.8432106805600782,0.0,0.4,0.8797731045932484,0.5492502379130185,0.5492502379130185,0.0,0.4119376784347639
CHEMBL1571863,ISOCONAZOLE,10,0,0,0.4721960911886631,-8.572,-6.7285,False,Launched,fungal lanosterol demethylase inhibitor,gram-positive bacterial infections,416.1,6.45,27.1,SLC2A1,-8.572,63.013698630136986,0.6301369863013698,0.0,0.8,0.9141924959216966,0.5491836689088025,0.5491836689088025,0.0,0.4118877516816019
CHEMBL1287853,FEDRATINIB,10,0,0,0.46098358778867904,-10.42,-7.897,False,Launched,FLT3 inhibitor|JAK inhibitor,myelofibrosis,524.7,4.82,108.5,SLC2A1,-10.42,92.98760600130464,0.9298760600130465,0.0,0.2,0.9141924959216966,0.5490792983934731,0.5490792983934731,0.0,0.41180947379510485
CHEMBL4297216,FEDRATINIB HYDROCHLORIDE,10,0,0,0.46098358778867904,-10.42,-7.897,False,,,,524.7,4.82,108.5,SLC2A1,-10.42,92.98760600130464,0.9298760600130465,0.0,0.2,0.9141924959216966,0.5490792983934731,0.5490792983934731,0.0,0.41180947379510485
CHEMBL1963683,TAFLUPROST,10,0,0,0.4267809771176472,-8.815,-7.4405,False,Launched,prostaglandin inhibitor,glaucoma|ocular hypertension,452.5,4.68,76.0,MAPK14,-8.011,88.07040417209909,0.8807040417209909,0.0,0.4,0.778536615334207,0.5490621089885275,0.5490621089885275,0.0,0.4117965817413956
CHEMBL4297620,SOLRIAMFETOL,10,0,0,0.41344580045228474,-6.71,-6.245,False,Launched,dopamine reuptake inhibitor,narcolepsy,194.2,0.65,78.3,SERPINE1,-6.302,70.9918699186992,0.7099186991869919,0.0,0.9500000000000001,0.5,0.5489674796747968,0.5489674796747968,0.0,0.41172560975609757
CHEMBL104,CLOTRIMAZOLE,10,0,0,0.4496404396278626,-7.802,-6.522,False,Launched,cytochrome P450 inhibitor|imidazoline receptor ligand,vulvovaginal candidiasis|oropharyngeal candidiasis,344.8,5.38,17.8,AXL,-6.828,59.247802018886354,0.5924780201888635,0.0,0.9,0.8797731045932484,0.5489571737645327,0.5489571737645327,0.0,0.4117178803233995
CHEMBL1095,ETHOTOIN,10,0,0,0.4262544566378792,-7.011,-5.9719999999999995,False,Launched,hydantoin antiepileptic,seizures,204.2,1.3,49.4,TNIK,-6.922,56.17042115572968,0.5617042115572968,0.0,1.0,0.8242056993121519,0.5483125395197415,0.5483125395197415,0.0,0.4112344046398061
CHEMBL230158,SELADELPAR,10,0,0,0.42793938703465056,-8.249,-6.9685,False,Phase 3,PPAR receptor agonist,,444.5,5.05,65.0,TNIK,-7.668,76.08553705517467,0.7608553705517467,0.0,0.6,0.8242056993121519,0.5479730031175215,0.5479730031175215,0.0,0.4109797523381411
CHEMBL3989960,SELADELPAR LYSINE,10,0,0,0.42793938703465056,-8.249,-6.9685,False,,,,444.5,5.05,65.0,TNIK,-7.668,76.08553705517467,0.7608553705517467,0.0,0.6,0.8242056993121519,0.5479730031175215,0.5479730031175215,0.0,0.4109797523381411
CHEMBL1607480,OXYTETRACYCLINE HYDROCHLORIDE,10,0,0,0.3888128207292134,-8.44,-6.7295,False,,,,460.4,-1.24,201.8,AXL,-8.389,93.99218495604038,0.9399218495604038,0.0,0.2,0.8797731045932484,0.5479347055131488,0.5479347055131488,0.0,0.4109510291348616
CHEMBL1517,OXYTETRACYCLINE,10,0,0,0.3888128207292134,-8.44,-6.7295,False,Launched,bacterial 30S ribosomal subunit inhibitor,chlamydia|urinary tract infections|skin infections|ear infections|gonorrhea|urethritis|Lyme disease,460.4,-1.24,201.8,AXL,-8.389,93.99218495604038,0.9399218495604038,0.0,0.2,0.8797731045932484,0.5479347055131488,0.5479347055131488,0.0,0.4109510291348616
CHEMBL1697760,MUZOLIMINE,10,0,0,0.46001041496070033,-7.566,-6.164,False,,,,272.1,2.56,58.7,TNIK,-6.921,56.07247796278158,0.5607247796278159,0.0,1.0,0.8242056993121519,0.5479207667479491,0.5479207667479491,0.0,0.4109405750609618
CHEMBL2095206,BOSUTINIB MONOHYDRATE,10,0,0,0.4445613569796807,-8.763,-7.615,False,,,,530.5,5.19,82.9,MAPK14,-7.981,87.69556714471969,0.8769556714471969,0.0,0.4,0.778536615334207,0.5475627608790099,0.5475627608790099,0.0,0.4106720706592574
CHEMBL288441,BOSUTINIB,10,0,0,0.4445613569796807,-8.763,-7.615,False,Launched,Abl kinase inhibitor|Bcr-Abl kinase inhibitor|SRC inhibitor,chronic myeloid leukemia (CML),530.5,5.19,82.9,MAPK14,-7.981,87.69556714471969,0.8769556714471969,0.0,0.4,0.778536615334207,0.5475627608790099,0.5475627608790099,0.0,0.4106720706592574
CHEMBL1237044,TRAMADOL,10,0,0,0.42820736049501484,-7.396,-6.1015,True,,,,263.4,2.63,32.7,MAPK14,-6.807,57.692307692307686,0.5769230769230769,0.0,1.0,0.778536615334207,0.5475497230693618,0.5475497230693618,0.0,0.41066229230202134
CHEMBL1237065,TRAMADOL HYDROCHLORIDE,10,0,0,0.42820736049501484,-7.396,-6.1015,False,,,,263.4,2.63,32.7,MAPK14,-6.807,57.692307692307686,0.5769230769230769,0.0,1.0,0.778536615334207,0.5475497230693618,0.5475497230693618,0.0,0.41066229230202134
CHEMBL5,NALIDIXIC ACID,10,0,0,0.44921599578362975,-7.087,-6.177,False,,,,232.2,1.42,72.2,MAPK14,-6.807,57.692307692307686,0.5769230769230769,0.0,1.0,0.778536615334207,0.5475497230693618,0.5475497230693618,0.0,0.41066229230202134
CHEMBL3989958,IVOSIDENIB,10,0,0,0.4828145096295254,-9.483,-7.728,False,Launched,isocitrate dehydrogenase inhibitor,acute myeloid leukemia (AML),583.0,4.32,119.3,SLC2A1,-9.483,82.51793868232224,0.8251793868232223,0.0,0.4,0.9141924959216966,0.5472006291175435,0.5472006291175435,0.0,0.41040047183815764
CHEMBL2364574,DOXYCYCLINE CALCIUM,10,0,0,0.4232818586685572,-7.99,-7.084,False,,,,443.4,-0.98,184.4,AXL,-7.793,83.6860957342885,0.836860957342885,0.0,0.4,0.8797731045932484,0.5467103486261413,0.5467103486261413,0.0,0.410032761469606
CHEMBL762,OXYMETAZOLINE,10,0,0,0.46299765399094656,-7.384,-6.369,False,Launched,adrenergic receptor agonist,nasal congestion,260.4,2.85,44.6,TNIK,-6.897,55.74600065295462,0.5574600065295462,0.0,1.0,0.8242056993121519,0.5466148575086412,0.5466148575086412,0.0,0.4099611431314809
CHEMBL1200791,OXYMETAZOLINE HYDROCHLORIDE,10,0,0,0.4529976539909466,-7.384,-6.369,False,,,,260.4,2.85,44.6,TNIK,-6.897,55.74600065295462,0.5574600065295462,0.0,1.0,0.8242056993121519,0.5466148575086412,0.5466148575086412,0.0,0.4099611431314809
CHEMBL1534,RIBOFLAVIN,10,0,0,0.41238069284404383,-9.467,-6.963,False,Launched,vitamin B,jaundice,376.4,-1.72,161.6,SLC2A1,-9.467,82.30593607305936,0.8230593607305936,0.0,0.4,0.9141924959216966,0.5463526186804919,0.5463526186804919,0.0,0.4097644640103689
CHEMBL317094,IMIDAPRIL,10,0,0,0.3910272366820675,-8.204,-6.9305,False,Launched,angiotensin converting enzyme inhibitor,hypertension|congestive heart failure,405.5,0.88,116.3,MAPK14,-7.964,87.32073011734029,0.873207301173403,0.0,0.4,0.778536615334207,0.5460634127694923,0.5460634127694923,0.0,0.40954755957711925
CHEMBL1683,HYDROCORTISONE BUTYRATE,10,0,0,0.48710454444934276,-7.977,-7.1235,False,,,,432.6,3.13,100.9,MAPK14,-7.096,67.24250325945242,0.6724250325945242,0.0,0.8,0.778536615334207,0.5457505053379408,0.5457505053379408,0.0,0.4093128790034556
CHEMBL36,PYRIMETHAMINE,10,0,0,0.47510512914334485,-7.565,-6.452500000000001,False,Launched,dihydrofolate reductase inhibitor,malaria,248.7,2.52,77.8,MAPK14,-6.787,57.187092568448506,0.571870925684485,0.0,1.0,0.778536615334207,0.5455288625739251,0.5455288625739251,0.0,0.4091466469304438
CHEMBL430,GEMIFLOXACIN,10,0,0,0.48489071674944456,-8.972,-7.235,False,Launched,bacterial DNA gyrase inhibitor,bronchitis|pneumonia,389.4,0.97,123.0,SLC2A1,-8.972,72.04827136333985,0.7204827136333986,0.0,0.6,0.9141924959216966,0.5453219598416139,0.5453219598416139,0.0,0.40899146988121043
CHEMBL1200621,GEMIFLOXACIN MESYLATE,10,0,0,0.48489071674944456,-8.972,-7.235,False,,,,389.4,0.97,123.0,SLC2A1,-8.972,72.04827136333985,0.7204827136333986,0.0,0.6,0.9141924959216966,0.5453219598416139,0.5453219598416139,0.0,0.40899146988121043
CHEMBL496,HEXACHLOROPHENE,10,0,0,0.4448233041206935,-8.522,-6.375500000000001,False,Launched,potassium channel activator,gram-positive bacterial infections,406.9,6.61,40.5,SLC2A1,-8.522,61.95368558382257,0.6195368558382257,0.0,0.8,0.9141924959216966,0.5449436167235449,0.5449436167235449,0.0,0.40870771254265864
CHEMBL268164,CYCLOBARBITAL,10,0,0,0.44293159696664103,-7.573,-6.1685,False,,,,236.3,1.25,75.3,MAPK14,-6.783,57.02411994784876,0.5702411994784876,0.0,1.0,0.778536615334207,0.5448769720915261,0.5448769720915261,0.0,0.40865772906864456
CHEMBL1695,TIAGABINE HYDROCHLORIDE,10,0,0,0.4716032569063218,-8.294,-6.5625,False,,,,375.6,5.04,40.5,SLC2A1,-8.294,56.91454664057404,0.5691454664057404,0.0,0.9,0.9141924959216966,0.5447870609505507,0.5447870609505507,0.0,0.40859029571291305
CHEMBL1570,SULFOXONE,10,0,0,0.4249015593986255,-7.714,-6.582,False,,,,404.5,1.7,132.8,TNIK,-7.625,75.26934378060724,0.7526934378060725,0.0,0.6,0.8242056993121519,0.5447082300192517,0.5447082300192517,0.0,0.4085311725144388
CHEMBL701,BACLOFEN,10,0,0,0.4315514394538872,-6.878,-6.0215,True,Launched,benzodiazepine receptor agonist,multiple sclerosis|spasms,213.7,1.86,63.3,TNIK,-6.878,55.207313091740126,0.5520731309174013,0.0,1.0,0.8242056993121519,0.5444601072637834,0.5444601072637834,0.0,0.4083450804478375
CHEMBL6068431,BENZGALANTAMINE GLUCONATE,10,0,0,0.43913544257576154,-8.087,-6.1445,False,,,,391.5,3.72,48.0,SLC2A1,-8.087,51.810176125244624,0.5181017612524462,0.0,1.0,0.9141924959216966,0.544369578889233,0.544369578889233,0.0,0.4082771841669247
CHEMBL5095056,BENZGALANTAMINE,10,0,0,0.43913544257576154,-8.087,-6.1445,False,,,,391.5,3.72,48.0,SLC2A1,-8.087,51.810176125244624,0.5181017612524462,0.0,1.0,0.9141924959216966,0.544369578889233,0.544369578889233,0.0,0.4082771841669247
CHEMBL1908315,GEMEPROST,10,0,0,0.3899650614501064,-7.751,-6.1085,False,,,,394.6,3.98,83.8,TNIK,-7.215,65.18119490695396,0.6518119490695397,0.0,0.8,0.8242056993121519,0.5443556345246386,0.5443556345246386,0.0,0.408266725893479
CHEMBL1201264,METHANTHELINE,10,0,0,0.4721534807231583,-7.996,-6.468,False,Launched,acetylcholine receptor antagonist,peptic ulcer disease (PUD)|irritable bowel syndrome|pancreatitis|dyskinesia|neurogenic bladder,340.4,3.95,35.5,AXL,-6.623,53.06089221751872,0.5306089221751872,0.0,1.0,0.8797731045932484,0.5442095345590622,0.5442095345590622,0.0,0.4081571509192966
CHEMBL1200988,METHANTHELINE BROMIDE,10,0,0,0.4721534807231583,-7.996,-6.468,False,,,,340.4,3.95,35.5,AXL,-6.623,53.06089221751872,0.5306089221751872,0.0,1.0,0.8797731045932484,0.5442095345590622,0.5442095345590622,0.0,0.4081571509192966
CHEMBL861,MEPHENYTOIN,10,0,0,0.44944414764868046,-7.204,-6.329000000000001,False,Launched,hydantoin antiepileptic,seizures,218.3,1.47,49.4,SERPINE1,-6.213,67.1869918699187,0.671869918699187,0.0,1.0,0.5,0.5437479674796748,0.5437479674796748,0.0,0.4078109756097561
CHEMBL45816,MIBEFRADIL,10,0,0,0.4087548031074089,-9.117,-7.0945,False,Withdrawn,T-type calcium channel blocker,,495.6,5.27,67.5,ACVR1,-9.117,85.83739837398375,0.8583739837398374,0.0,0.4,0.7969667318982387,0.5428946032806707,0.5428946032806707,0.0,0.40717095246050306
CHEMBL1534525,MIBEFRADIL DIHYDROCHLORIDE,10,0,0,0.4087548031074089,-9.117,-7.0945,False,,,,495.6,5.27,67.5,ACVR1,-9.117,85.83739837398375,0.8583739837398374,0.0,0.4,0.7969667318982387,0.5428946032806707,0.5428946032806707,0.0,0.40717095246050306
CHEMBL1201023,ORPHENADRINE HYDROCHLORIDE,10,0,0,0.4340923954453994,-7.934,-6.054,False,,,,269.4,3.66,12.5,ACVR1,-7.934,55.83739837398374,0.5583739837398374,0.0,1.0,0.7969667318982387,0.5428946032806707,0.5428946032806707,0.0,0.40717095246050306
CHEMBL1200395,ORPHENADRINE CITRATE,10,0,0,0.4340923954453994,-7.934,-6.054,False,,,,269.4,3.66,12.5,ACVR1,-7.934,55.83739837398374,0.5583739837398374,0.0,1.0,0.7969667318982387,0.5428946032806707,0.5428946032806707,0.0,0.40717095246050306
CHEMBL1614701,SELUMETINIB,10,0,0,0.4991905427009383,-8.267,-6.9575,False,Phase 3,MEK inhibitor,,457.7,3.53,88.4,MAPK14,-7.075,66.50912646675359,0.6650912646675359,0.0,0.8,0.778536615334207,0.5428169981671455,0.5428169981671455,0.0,0.40711274862535907
CHEMBL2105684,SELUMETINIB SULFATE,10,0,0,0.4991905427009383,-8.267,-6.9575,False,,,,457.7,3.53,88.4,MAPK14,-7.075,66.50912646675359,0.6650912646675359,0.0,0.8,0.778536615334207,0.5428169981671455,0.5428169981671455,0.0,0.40711274862535907
CHEMBL1764,LEVOMEPROMAZINE,10,0,0,0.44371205312325374,-8.068,-5.9605,False,Launched,dopamine receptor antagonist,psychosis|schizophrenia|bipolar disorder|nausea|insomnia,328.5,4.5,15.7,SLC2A1,-8.068,51.40247879973907,0.5140247879973907,0.0,1.0,0.9141924959216966,0.5427387895872108,0.5427387895872108,0.0,0.4070540921904081
CHEMBL4297509,ELACESTRANT,10,0,0,0.4554039042108876,-9.118,-7.648,False,Phase 3,estrogen receptor degrader,,458.6,5.85,44.7,MAPK14,-7.91,86.42438070404172,0.8642438070404173,0.0,0.4,0.778536615334207,0.542478015116298,0.542478015116298,0.0,0.4068585113372235
CHEMBL4594273,ELACESTRANT HYDROCHLORIDE,10,0,0,0.4554039042108876,-9.118,-7.648,False,,,,458.6,5.85,44.7,MAPK14,-7.91,86.42438070404172,0.8642438070404173,0.0,0.4,0.778536615334207,0.542478015116298,0.542478015116298,0.0,0.4068585113372235
CHEMBL288470,AMINOPYRINE,10,0,0,0.42047561513503495,-7.37,-6.0515,False,,,,231.3,1.55,30.2,SERPINE1,-6.205,66.79674796747967,0.6679674796747967,0.0,1.0,0.5,0.5421869918699187,0.5421869918699187,0.0,0.406640243902439
CHEMBL1714,KETAMINE HYDROCHLORIDE,10,0,0,0.4353673751213242,-7.242,-6.1585,False,,,,237.7,2.9,29.1,MAPK14,-6.758,56.339634941329855,0.5633963494132985,0.0,1.0,0.778536615334207,0.5421390320654504,0.5421390320654504,0.0,0.40660427404908783
CHEMBL742,KETAMINE,10,0,0,0.4353673751213242,-7.242,-6.1585,True,,,,237.7,2.9,29.1,MAPK14,-6.758,56.339634941329855,0.5633963494132985,0.0,1.0,0.778536615334207,0.5421390320654504,0.5421390320654504,0.0,0.40660427404908783
CHEMBL498,CHLORPROPAMIDE,10,0,0,0.44991732588149336,-7.212,-6.213,False,Launched,ATP channel blocker,diabetes mellitus,276.7,1.74,75.3,TNIK,-6.853,54.619653934051584,0.5461965393405158,0.0,1.0,0.8242056993121519,0.5421094706330292,0.5421094706330292,0.0,0.4065821029747719
CHEMBL106258,AMINOREX,10,0,0,0.41485817414038034,-6.852,-6.189,False,,,,162.2,1.07,47.6,TNIK,-6.852,54.58700620306889,0.5458700620306889,0.0,1.0,0.8242056993121519,0.5419788797090983,0.5419788797090983,0.0,0.40648415978182373
CHEMBL514800,APREMILAST,10,0,0,0.4622327393968879,-7.992,-7.223,False,Launched,phosphodiesterase inhibitor,psoriasis|psoriatic arthritis,460.5,2.43,119.1,GALNS,-7.663,86.71671018276761,0.8671671018276761,0.0,0.6,0.5,0.5418668407310704,0.5418668407310704,0.0,0.4064001305483028
CHEMBL1102,GLUTETHIMIDE,10,0,0,0.44033678839173646,-7.112,-5.911,False,,,,217.3,1.77,46.2,TNIK,-6.851,54.53803460659484,0.5453803460659484,0.0,1.0,0.8242056993121519,0.5417829933232021,0.5417829933232021,0.0,0.4063372449924016
CHEMBL3989516,FOSTAMATINIB DISODIUM,10,0,0,0.4654526548250108,-9.412,-7.609999999999999,False,,,,578.5,1.83,192.4,SLC2A1,-9.412,81.1480756686236,0.8114807566862361,0.0,0.4,0.9141924959216966,0.541721177062749,0.541721177062749,0.0,0.40629088279706177
CHEMBL1200721,ESTRAMUSTINE PHOSPHATE SODIUM,10,0,0,0.46867179754399657,-9.405,-7.378,False,,,,518.4,4.04,102.0,TNIK,-8.138,84.49232778321907,0.8449232778321907,0.0,0.4,0.8242056993121519,0.5416001660296991,0.5416001660296991,0.0,0.4062001245222743
CHEMBL3545363,GLECAPREVIR,9,0,0,0.38320737427792906,-8.909,-6.124,False,Launched,serine protease inhibitor,hepatitis C,838.9,3.86,195.2,SLC2A1,-8.909,71.06979778212656,0.7106979778212655,0.0,0.6,0.9141924959216966,0.5414080655167608,0.5414080655167608,0.0,0.4060560491375706
CHEMBL452,CLONAZEPAM,10,0,0,0.40883919381817996,-7.917,-5.819,True,,,,315.7,3.04,84.6,ACVR1,-7.917,55.30081300813008,0.5530081300813008,0.0,1.0,0.7969667318982387,0.5407482618172561,0.5407482618172561,0.0,0.4055611963629421
CHEMBL1200474,DEMECLOCYCLINE HYDROCHLORIDE,10,0,0,0.4232778611840063,-9.443,-7.3195,False,,,,464.9,0.26,181.6,AXL,-8.24,92.16867469879519,0.9216867469879518,0.0,0.2,0.8797731045932484,0.540640664484168,0.540640664484168,0.0,0.40548049836312605
CHEMBL1591,DEMECLOCYCLINE,10,0,0,0.4232778611840063,-9.443,-7.3195,False,Launched,bacterial 30S ribosomal subunit inhibitor,fever|respiratory tract infections|psittacosis|trachoma|conjunctivitis|urethritis|chancroid|cholera|syphilis|listeria|anthrax|actinomycosis|tularemia|brucellosis,464.9,0.26,181.6,AXL,-8.24,92.16867469879519,0.9216867469879518,0.0,0.2,0.8797731045932484,0.540640664484168,0.540640664484168,0.0,0.40548049836312605
CHEMBL434,ISOPROTERENOL,10,0,0,0.3899135661481546,-7.154,-5.9515,False,,,,211.3,1.13,72.7,SERPINE1,-6.446,76.35772357723577,0.7635772357723577,0.0,0.8,0.5,0.5404308943089431,0.5404308943089431,0.0,0.4053231707317073
CHEMBL1711,ISOPROTERENOL HYDROCHLORIDE,10,0,0,0.3899135661481546,-7.154,-5.9515,False,,,,211.3,1.13,72.7,SERPINE1,-6.446,76.35772357723577,0.7635772357723577,0.0,0.8,0.5,0.5404308943089431,0.5404308943089431,0.0,0.4053231707317073
CHEMBL3989521,ISOPROTERENOL SULFATE,10,0,0,0.3899135661481546,-7.154,-5.9515,False,,,,211.3,1.13,72.7,SERPINE1,-6.446,76.35772357723577,0.7635772357723577,0.0,0.8,0.5,0.5404308943089431,0.5404308943089431,0.0,0.4053231707317073
CHEMBL1129,TRIFLURIDINE,10,0,0,0.42524880619810235,-8.051,-6.7844999999999995,False,Launched,DNA directed DNA polymerase inhibitor|thymidylate synthase inhibitor,virus herpes simplex (HSV),296.2,-0.8,104.6,MAPK14,-7.412,75.86375488917861,0.758637548891786,0.0,0.6,0.778536615334207,0.5402355118568455,0.5402355118568455,0.0,0.40517663389263414
CHEMBL28318,PROPYPHENAZONE,10,0,0,0.43589921906052975,-7.911,-5.990500000000001,False,Preclinical,anti-inflammatory agent,,230.3,2.61,26.9,ACVR1,-7.911,55.15447154471544,0.5515447154471544,0.0,1.0,0.7969667318982387,0.5401628959635976,0.5401628959635976,0.0,0.4051221719726982
CHEMBL643,PROMETHAZINE,10,0,0,0.4370431227867564,-8.044,-5.9305,False,Launched,histamine receptor antagonist,sedative|allergic rhinitis,284.4,4.24,6.5,SLC2A1,-8.044,50.73385518590998,0.5073385518590998,0.0,1.0,0.9141924959216966,0.5400642951318945,0.5400642951318945,0.0,0.4050482213489208
CHEMBL3989921,NERATINIB MALEATE,10,0,0,0.45195694952127496,-10.16,-7.739,False,,,,557.1,5.93,112.4,SLC2A1,-10.16,90.7208088714938,0.907208088714938,0.0,0.2,0.9141924959216966,0.5400121098742298,0.5400121098742298,0.0,0.40500908240567235
CHEMBL180022,NERATINIB,10,0,0,0.45195694952127496,-10.16,-7.739,False,Launched,EGFR inhibitor,breast cancer,557.1,5.93,112.4,SLC2A1,-10.16,90.7208088714938,0.907208088714938,0.0,0.2,0.9141924959216966,0.5400121098742298,0.5400121098742298,0.0,0.40500908240567235
CHEMBL1441059,ALBUTEROL SULFATE,10,0,0,0.4294313574660866,-7.152,-6.439,False,,,,239.3,1.31,72.7,SERPINE1,-6.445,76.21138211382113,0.7621138211382114,0.0,0.8,0.5,0.5398455284552846,0.5398455284552846,0.0,0.4048841463414634
CHEMBL714,ALBUTEROL,10,0,0,0.4294313574660866,-7.152,-6.439,False,Launched,adrenergic receptor agonist,asthma,239.3,1.31,72.7,SERPINE1,-6.445,76.21138211382113,0.7621138211382114,0.0,0.8,0.5,0.5398455284552846,0.5398455284552846,0.0,0.4048841463414634
CHEMBL1617,RIFAXIMIN,10,0,0,0.3378406053456958,-10.14,-6.0225,False,Launched,RNA synthesis inhibitor,diarrhea|irritable bowel syndrome|hepatic encephalopathy (HE),785.9,6.16,198.4,SLC2A1,-10.14,90.6392694063927,0.906392694063927,0.0,0.2,0.9141924959216966,0.5396859520138253,0.5396859520138253,0.0,0.404764464010369
CHEMBL1208155,ELAGOLIX,10,0,0,0.46185954304648097,-9.846,-7.6135,False,Launched,gonadotropin releasing factor hormone receptor antagonist,,631.6,5.54,102.6,ACVR1,-9.846,94.92682926829268,0.9492682926829268,0.0,0.2,0.7969667318982387,0.5392523268579066,0.5392523268579066,0.0,0.40443924514342994
CHEMBL190461,CANNABIDIOL,10,0,0,0.4689905301719657,-8.21,-6.524,True,,,,314.5,5.85,40.5,SLC2A1,-8.21,55.512067840834966,0.5551206784083497,0.0,0.9,0.9141924959216966,0.5391771457515944,0.5391771457515944,0.0,0.4043828593136958
CHEMBL1069,VALSARTAN,10,0,0,0.3998225618433806,-8.495,-7.261,False,Launched,angiotensin receptor antagonist,hypertension|congestive heart failure|congestive heart failure,435.5,4.16,112.1,MAPK14,-7.851,85.44654498044328,0.8544654498044327,0.0,0.4,0.778536615334207,0.5385666722219042,0.5385666722219042,0.0,0.4039250041664282
CHEMBL1908847,SPARTEINE,10,0,0,0.47110546571562945,-8.024,-6.411,False,,,,234.4,2.35,6.5,SLC2A1,-8.024,50.34246575342466,0.5034246575342466,0.0,1.0,0.9141924959216966,0.5384987374019532,0.5384987374019532,0.0,0.4038740530514649
CHEMBL1908348,SPARTEINE SULFATE,10,0,0,0.47110546571562945,-8.024,-6.411,False,,,,234.4,2.35,6.5,SLC2A1,-8.024,50.34246575342466,0.5034246575342466,0.0,1.0,0.9141924959216966,0.5384987374019532,0.5384987374019532,0.0,0.4038740530514649
CHEMBL1201180,DICLOFENAC EPOLAMINE,10,0,0,0.46115144583411416,-8.243,-6.17,False,,,,296.2,4.36,49.3,ADRA2A,-8.243,69.59283387622149,0.6959283387622149,0.0,0.9,0.5324652394614875,0.5382411214241091,0.5382411214241091,0.0,0.4036808410680818
CHEMBL7728,HEXOBARBITAL,10,0,0,0.44403074800158243,-7.318,-6.012499999999999,False,,,,236.3,1.2,66.5,MAPK14,-6.734,55.34550195567145,0.5534550195567145,0.0,1.0,0.778536615334207,0.5381625001228169,0.5381625001228169,0.0,0.40362187509211267
CHEMBL1697686,CLOFOREX,10,0,0,0.41129693006891355,-6.835,-6.04,False,,,,255.7,3.41,38.3,TNIK,-6.829,53.607574273587986,0.5360757427358799,0.0,1.0,0.8242056993121519,0.5380611519911748,0.5380611519911748,0.0,0.4035458639933811
CHEMBL1183717,ALMITRINE,10,0,0,0.4928719827606611,-9.6,-7.291499999999999,False,Launched,neurotransmitter agonist,chronic obstructive pulmonary disease (COPD),477.6,4.26,69.2,ADRA2A,-9.6,94.52768729641694,0.9452768729641694,0.0,0.4,0.5324652394614875,0.537980535104891,0.537980535104891,0.0,0.4034854013286682
CHEMBL6068395,REVUMENIB CITRATE,10,0,0,0.4244347299260576,-9.177,-7.5595,False,,,,630.8,4.68,108.0,AXL,-8.197,91.50113969391079,0.9150113969391078,0.0,0.2,0.8797731045932484,0.5379705244646303,0.5379705244646303,0.0,0.4034778933484727
CHEMBL4650827,REVUMENIB,10,0,0,0.4244347299260576,-9.177,-7.5595,False,,,,630.8,4.68,108.0,AXL,-8.197,91.50113969391079,0.9150113969391078,0.0,0.2,0.8797731045932484,0.5379705244646303,0.5379705244646303,0.0,0.4034778933484727
CHEMBL1305,ANTAZOLINE,10,0,0,0.47531443141928165,-7.898,-6.483499999999999,False,Launched,antihistamine,conjunctivitis|nasal congestion,265.4,2.69,27.6,TNIK,-6.824,53.52595494613125,0.5352595494613125,0.0,1.0,0.8242056993121519,0.5377346746813478,0.5377346746813478,0.0,0.4033010060110109
CHEMBL1200550,ANTAZOLINE PHOSPHATE,10,0,0,0.47531443141928165,-7.898,-6.483499999999999,False,,,,265.4,2.69,27.6,TNIK,-6.824,53.52595494613125,0.5352595494613125,0.0,1.0,0.8242056993121519,0.5377346746813478,0.5377346746813478,0.0,0.4033010060110109
CHEMBL1201348,MENADIOL DIPHOSPHORIC ACID,10,0,0,0.4067050829928062,-8.198,-6.266,False,,,,334.2,2.09,133.5,ITPKC,-6.052,85.67699836867862,0.8567699836867863,0.0,0.6,0.5,0.5377079934747145,0.5377079934747145,0.0,0.4032809951060359
CHEMBL6995,PRACTOLOL,10,0,0,0.424711610513814,-6.875,-6.2005,False,Withdrawn,adrenergic receptor antagonist,,266.3,1.38,70.6,TNIK,-6.821,53.4769833496572,0.534769833496572,0.0,1.0,0.8242056993121519,0.5375387882954517,0.5375387882954517,0.0,0.40315409122158874
CHEMBL970,HALAZEPAM,10,0,0,0.3884328577436681,-7.351,-5.505,False,,,,352.7,4.09,32.7,MAPK14,-6.882,60.15319426336375,0.6015319426336375,0.0,0.9,0.778536615334207,0.5373932693535861,0.5373932693535861,0.0,0.4030449520151896
CHEMBL1200989,ALCLOMETASONE DIPROPIONATE,10,0,0,0.39864509269387544,-8.267,-6.7035,False,,,,521.1,3.94,107.0,AXL,-7.311,71.27971344838815,0.7127971344838815,0.0,0.6,0.8797731045932484,0.5370848194825398,0.5370848194825398,0.0,0.4028136146119049
CHEMBL1668,RESCINNAMINE,10,0,0,0.4330500973430221,-9.578,-8.061,False,,,,634.7,4.57,117.8,MAPK14,-8.509,94.94784876140808,0.9494784876140808,0.0,0.2,0.778536615334207,0.5365718873457634,0.5365718873457634,0.0,0.4024289155093226
CHEMBL2146063,CHLORTETRACYCLINE HYDROCHLORIDE,10,0,0,0.4246490298500317,-8.856,-7.2645,False,,,,478.9,0.44,181.6,AXL,-8.18,91.12666883751221,0.9112666883751221,0.0,0.2,0.8797731045932484,0.5364726410390361,0.5364726410390361,0.0,0.4023544807792771
CHEMBL404520,CHLORTETRACYCLINE,10,0,0,0.4246490298500317,-8.856,-7.2645,False,Launched,protein synthesis inhibitor,conjunctivitis,478.9,0.44,181.6,AXL,-8.18,91.12666883751221,0.9112666883751221,0.0,0.2,0.8797731045932484,0.5364726410390361,0.5364726410390361,0.0,0.4023544807792771
CHEMBL1401,NITAZOXANIDE,10,0,0,0.42529066860060094,-7.491,-6.368,False,Launched,pyruvate ferredoxin oxidoreductase inhibitor,diarrhea,307.3,2.23,111.4,TNIK,-7.139,63.14071172053543,0.6314071172053543,0.0,0.8,0.8242056993121519,0.5361937017789645,0.5361937017789645,0.0,0.40214527633422337
CHEMBL2021430,DEXAMETHASONE SODIUM PHOSPHATE,10,0,0,0.46475983592097947,-8.781,-7.436999999999999,False,,,,470.4,0.75,147.0,MAPK14,-7.814,84.79465449804434,0.8479465449804434,0.0,0.4,0.778536615334207,0.5359591102923085,0.5359591102923085,0.0,0.40196933271923135
CHEMBL1756,ESTRAMUSTINE PHOSPHATE,10,0,0,0.4440533034939168,-9.001,-7.342499999999999,False,,,,520.4,5.3,96.3,ACVR1,-9.001,84.0650406504065,0.840650406504065,0.0,0.4,0.7969667318982387,0.5358051723863618,0.5358051723863618,0.0,0.40185387928977134
CHEMBL1200951,FLUPHENAZINE ENANTHATE,10,0,0,0.4482147402898618,-9.214,-7.593,False,,,,549.7,6.83,36.0,AXL,-7.65,80.95083034842071,0.8095083034842071,0.0,0.4,0.8797731045932484,0.5357692870826701,0.5357692870826701,0.0,0.40182696531200257
CHEMBL741,LAMOTRIGINE,10,0,0,0.45141907734618714,-7.152,-6.295999999999999,True,Launched,serotonin receptor antagonist|sodium channel blocker,epilepsy|bipolar disorder,256.1,2.01,90.7,TNIK,-6.885,55.48481880509305,0.5548481880509305,0.0,0.9500000000000001,0.8242056993121519,0.535570130117195,0.535570130117195,0.0,0.40167759758789623
CHEMBL1456,MYCOPHENOLATE MOFETIL,10,0,0,0.44013728697327537,-8.837,-7.04,False,,,,433.5,2.52,94.5,SLC2A1,-8.837,69.58577951728635,0.6958577951728635,0.0,0.6,0.9141924959216966,0.5354719924573998,0.5354719924573998,0.0,0.4016039943430499
CHEMBL1200955,MYCOPHENOLATE MOFETIL HYDROCHLORIDE,10,0,0,0.44013728697327537,-8.837,-7.04,False,,,,433.5,2.52,94.5,SLC2A1,-8.837,69.58577951728635,0.6958577951728635,0.0,0.6,0.9141924959216966,0.5354719924573998,0.5354719924573998,0.0,0.4016039943430499
CHEMBL4297526,REMIMAZOLAM,10,0,0,0.43191886569115334,-7.81,-6.4079999999999995,False,Phase 3,benzodiazepine receptor agonist,,439.3,4.18,69.4,GALNS,-7.246,75.09791122715404,0.7509791122715405,0.0,0.8,0.5,0.5353916449086162,0.5353916449086162,0.0,0.4015437336814622
CHEMBL4594301,REMIMAZOLAM BESYLATE,10,0,0,0.43191886569115334,-7.81,-6.4079999999999995,False,,,,439.3,4.18,69.4,GALNS,-7.246,75.09791122715404,0.7509791122715405,0.0,0.8,0.5,0.5353916449086162,0.5353916449086162,0.0,0.4015437336814622
CHEMBL181,DIAZOXIDE,10,0,0,0.4252048735696537,-6.992,-6.333,False,Launched,potassium channel activator,hypoglycemia,230.7,1.68,58.5,MAPK14,-6.717,54.64471968709257,0.5464471968709257,0.0,1.0,0.778536615334207,0.5353593710485014,0.5353593710485014,0.0,0.40151952828637605
CHEMBL1683590,ERIBULIN,10,0,0,0.41704548931438773,-8.832,-6.602,False,Launched,microtubule inhibitor,breast cancer,729.9,3.44,146.4,SLC2A1,-8.832,69.43900848010436,0.6943900848010436,0.0,0.6,0.9141924959216966,0.534884908308672,0.534884908308672,0.0,0.401163681231504
CHEMBL1683544,ERIBULIN MESYLATE,10,0,0,0.41704548931438773,-8.832,-6.602,False,,,,729.9,3.44,146.4,SLC2A1,-8.832,69.43900848010436,0.6943900848010436,0.0,0.6,0.9141924959216966,0.534884908308672,0.534884908308672,0.0,0.401163681231504
CHEMBL1201178,LISDEXAMFETAMINE DIMESYLATE,10,0,0,0.4283077599869638,-6.912,-6.3455,False,,,,263.4,1.19,81.1,MAPK14,-6.716,54.51434159061278,0.5451434159061278,0.0,1.0,0.778536615334207,0.5348378586625822,0.5348378586625822,0.0,0.4011283939969366
CHEMBL1201222,LISDEXAMFETAMINE,10,0,0,0.4283077599869638,-6.912,-6.3455,False,,,,263.4,1.19,81.1,MAPK14,-6.716,54.51434159061278,0.5451434159061278,0.0,1.0,0.778536615334207,0.5348378586625822,0.5348378586625822,0.0,0.4011283939969366
CHEMBL61,PODOFILOX,10,0,0,0.4706898445735499,-7.893,-6.8705,False,,,,414.4,2.41,92.7,AXL,-6.894,60.66427873656789,0.6066427873656789,0.0,0.8,0.8797731045932484,0.5346230806352589,0.5346230806352589,0.0,0.4009673104764442
CHEMBL1650443,TRELAGLIPTIN,10,0,0,0.4683445651147132,-8.706,-6.9635,False,Launched,dipeptidyl peptidase inhibitor,diabetes mellitus,357.4,0.53,97.1,GALNS,-7.58,84.84007832898173,0.8484007832898173,0.0,0.6,0.5,0.5343603133159269,0.5343603133159269,0.0,0.4007702349869452
CHEMBL2105754,TRELAGLIPTIN SUCCINATE,10,0,0,0.4683445651147132,-8.706,-6.9635,False,,,,357.4,0.53,97.1,GALNS,-7.58,84.84007832898173,0.8484007832898173,0.0,0.6,0.5,0.5343603133159269,0.5343603133159269,0.0,0.4007702349869452
CHEMBL376359,ALOGLIPTIN,10,0,0,0.44896875561177907,-8.826,-7.007,False,Launched,dipeptidyl peptidase inhibitor,diabetes mellitus,339.4,0.39,97.1,SLC2A1,-8.826,69.29223744292237,0.6929223744292237,0.0,0.6,0.9141924959216966,0.534297824159944,0.534297824159944,0.0,0.400723368119958
CHEMBL227529,ALOGLIPTIN BENZOATE,10,0,0,0.44896875561177907,-8.826,-7.007,False,,,,339.4,0.39,97.1,SLC2A1,-8.826,69.29223744292237,0.6929223744292237,0.0,0.6,0.9141924959216966,0.534297824159944,0.534297824159944,0.0,0.400723368119958
CHEMBL456,ETHACRYNIC ACID,10,0,0,0.43207269864128656,-6.983,-6.1545000000000005,False,,,,303.1,3.61,63.6,MAPK14,-6.708,54.351368970013034,0.5435136897001304,0.0,1.0,0.778536615334207,0.5341859681801833,0.5341859681801833,0.0,0.40063947613513745
CHEMBL59,DOPAMINE,10,0,0,0.3833088851517313,-6.154,-5.5305,False,Launched,dopamine receptor agonist,ventricular arrhythmias|depression|headache|tremors,153.2,0.6,66.5,SERPINE1,-6.154,64.76422764227642,0.6476422764227643,0.0,1.0,0.5,0.5340569105691058,0.5340569105691058,0.0,0.4005426829268293
CHEMBL268869,SULFAMETHOXYPYRIDAZINE,10,0,0,0.42147207679948817,-7.503,-6.7435,False,Withdrawn,bacterial antifolate,,280.3,0.87,107.2,TNIK,-7.497,72.47796278158668,0.7247796278158668,0.0,0.6,0.8242056993121519,0.5335427060231694,0.5335427060231694,0.0,0.4001570295173771
CHEMBL25,ASPIRIN,10,0,0,0.42692974046416277,-6.386,-5.4375,False,Launched,cyclooxygenase inhibitor,headache|fever|toothache|muscle pain,180.2,1.31,63.6,TNIK,-6.386,39.960822722820765,0.39960822722820766,0.2,1.0,0.8242056993121519,0.5334741457881058,0.5334741457881058,0.0,0.40010560934107936
CHEMBL1200351,SULFADIAZINE SODIUM,10,0,0,0.4018010892622291,-7.113,-6.396,False,,,,249.3,1.45,100.0,TNIK,-7.113,62.40613777342475,0.6240613777342475,0.0,0.8,0.8242056993121519,0.5332554059905218,0.5332554059905218,0.0,0.39994155449289137
CHEMBL1382627,"SULFADIAZINE, SILVER",10,0,0,0.4018010892622291,-7.113,-6.396,False,,,,249.3,1.45,100.0,TNIK,-7.113,62.40613777342475,0.6240613777342475,0.0,0.8,0.8242056993121519,0.5332554059905218,0.5332554059905218,0.0,0.39994155449289137
CHEMBL1399,ANASTROZOLE,10,0,0,0.4751206427201211,-7.94,-6.3865,False,Launched,aromatase inhibitor,breast cancer,293.4,2.93,78.3,AXL,-6.525,50.19537609899055,0.5019537609899055,0.0,1.0,0.8797731045932484,0.5327474700849495,0.5327474700849495,0.0,0.3995606025637121
CHEMBL94081,ALCLOFENAC,10,0,0,0.4067396682560728,-6.759,-6.077,False,Launched,cyclooxygenase inhibitor,rheumatoid arthritis,226.7,2.53,46.5,TNIK,-6.759,52.26901730329742,0.5226901730329742,0.0,1.0,0.8242056993121519,0.5327069241100124,0.5327069241100124,0.0,0.3995301930825093
CHEMBL2364632,SARECYCLINE,10,0,0,0.4233802875690641,-8.987,-7.3309999999999995,False,,,,487.5,0.11,173.9,AXL,-8.125,90.18235102572451,0.9018235102572452,0.0,0.2,0.8797731045932484,0.5326953697918854,0.5326953697918854,0.0,0.399521527343914
CHEMBL2364633,SARECYCLINE HYDROCHLORIDE,10,0,0,0.4233802875690641,-8.987,-7.3309999999999995,False,,,,487.5,0.11,173.9,AXL,-8.125,90.18235102572451,0.9018235102572452,0.0,0.2,0.8797731045932484,0.5326953697918854,0.5326953697918854,0.0,0.399521527343914
CHEMBL539423,SPARSENTAN,10,0,0,0.41558397649035916,-9.973,-7.3740000000000006,False,Phase 3,angiotensin receptor antagonist,,592.8,6.54,114.1,SLC2A1,-9.973,88.87801696020874,0.8887801696020874,0.0,0.2,0.9141924959216966,0.5326409422290895,0.5326409422290895,0.0,0.3994807066718171
CHEMBL1168,RAMIPRIL,10,0,0,0.4336376251807785,-8.748,-7.1175,False,Launched,angiotensin converting enzyme inhibitor,hypertension,416.5,2.38,95.9,MAPK14,-7.337,73.90808344198174,0.7390808344198174,0.0,0.6,0.778536615334207,0.5324128260680581,0.5324128260680581,0.0,0.39930961955104355
CHEMBL48449,CANTHARIDIN,10,0,0,0.3577447562217005,-6.848,-5.343999999999999,False,Launched,protein phosphatase inhibitor,blisters,196.2,0.64,52.6,MAPK14,-6.848,58.89830508474576,0.5889830508474576,0.0,0.9,0.778536615334207,0.5323737126391141,0.5323737126391141,0.0,0.3992802844793356
CHEMBL857,BIOTIN,10,0,0,0.3678769010859804,-6.395,-5.895,False,Launched,vitamin B,,244.3,0.8,78.4,SERPINE1,-6.395,74.30894308943088,0.7430894308943088,0.0,0.8,0.5,0.5322357723577236,0.5322357723577236,0.0,0.3991768292682927
CHEMBL1200332,PROTRIPTYLINE HYDROCHLORIDE,10,0,0,0.486465802831488,-8.085,-6.5845,False,,,,263.4,4.3,12.0,ACVR1,-8.011,58.16260162601626,0.5816260162601626,0.0,0.9,0.7969667318982387,0.532195416288801,0.532195416288801,0.0,0.3991465622166007
CHEMBL1201786,LAPYRIUM,10,0,0,0.36542086534603563,-6.844,-5.904999999999999,False,,,,363.5,3.55,59.3,MAPK14,-6.844,58.78422425032595,0.5878422425032594,0.0,0.9,0.778536615334207,0.5319173893014348,0.5319173893014348,0.0,0.39893804197607613
CHEMBL1201787,LAPYRIUM CHLORIDE,10,0,0,0.36542086534603563,-6.844,-5.904999999999999,False,,,,363.5,3.55,59.3,MAPK14,-6.844,58.78422425032595,0.5878422425032594,0.0,0.9,0.778536615334207,0.5319173893014348,0.5319173893014348,0.0,0.39893804197607613
CHEMBL2165326,APROCITENTAN,10,0,0,0.44921777185763023,-8.804,-6.7085,False,,,,546.2,2.53,142.2,SLC2A1,-8.804,68.65622961513373,0.6865622961513372,0.0,0.6,0.9141924959216966,0.5317537928487894,0.5317537928487894,0.0,0.3988153446365921
CHEMBL1272,REPAGLINIDE,10,0,0,0.4726891238352347,-9.31,-7.564,False,Launched,insulin secretagogue,diabetes mellitus,452.6,5.22,78.9,SLC2A1,-9.31,78.60404435746902,0.7860404435746902,0.0,0.4,0.9141924959216966,0.5315450518181306,0.5315450518181306,0.0,0.39865878886359796
CHEMBL1200985,CEFTIBUTEN DIHYDRATE,10,0,0,0.38503101218891667,-8.311,-6.478,False,,,,410.4,-0.05,162.9,ITPKC,-6.464,94.04567699836868,0.9404567699836868,0.0,0.4,0.5,0.5311827079934748,0.5311827079934748,0.0,0.3983870309951061
CHEMBL1605,CEFTIBUTEN,10,0,0,0.38503101218891667,-8.311,-6.478,False,Launched,bacterial cell wall synthesis inhibitor,bronchitis|otitis|pharyngitis|tonsillitis,410.4,-0.05,162.9,ITPKC,-6.464,94.04567699836868,0.9404567699836868,0.0,0.4,0.5,0.5311827079934748,0.5311827079934748,0.0,0.3983870309951061
CHEMBL690,PRAVASTATIN SODIUM,10,0,0,0.4214969809182292,-8.549,-6.6525,False,,,,423.5,1.11,127.1,ACVR1,-8.549,72.8780487804878,0.728780487804878,0.0,0.6,0.7969667318982387,0.5310572049066871,0.5310572049066871,0.0,0.3982929036800153
CHEMBL1587,POLYTHIAZIDE,10,0,0,0.45634175448241904,-7.922,-6.7725,False,Launched,sodium/chloride cotransporter inhibitor,edema|congestive heart failure|hepatic cirrhosis|nephrotic syndrome|acute glomerulonephritis (AGN)|chronic renal failure|hypertension,439.9,1.66,109.6,ITPKC,-5.645,73.99673735725938,0.7399673735725938,0.0,0.8,0.5,0.5309869494290376,0.5309869494290376,0.0,0.3982402120717782
CHEMBL2103830,FOSTAMATINIB,10,0,0,0.4527062657847301,-9.917,-7.734,False,Launched,SYK inhibitor,chronic immune thrombocytopenia (ITP),580.5,3.09,186.7,SLC2A1,-9.917,88.38878016960209,0.8838878016960209,0.0,0.2,0.9141924959216966,0.5306839950666629,0.5306839950666629,0.0,0.39801299629999715
CHEMBL1200701,DICLOXACILLIN SODIUM,10,0,0,0.4643104111070044,-8.784,-6.8735,False,,,,469.3,1.87,115.6,SLC2A1,-8.784,68.33007175472929,0.6833007175472929,0.0,0.6,0.9141924959216966,0.5304491614071717,0.5304491614071717,0.0,0.3978368710553788
CHEMBL398435,TICAGRELOR,10,0,0,0.4541244438695532,-9.638,-7.781000000000001,False,Launched,purinergic receptor antagonist,acute coronary syndrome (ACS)|myocardial infarction,522.6,2.01,138.4,MAPK14,-8.359,93.41590612777053,0.9341590612777053,0.0,0.2,0.778536615334207,0.5304441168112133,0.5304441168112133,0.0,0.39783308760840996
CHEMBL1200804,DICLOFENAC POTASSIUM,10,0,0,0.4528091530881612,-7.959,-6.077,False,,,,295.1,3.03,52.2,ADRA2A,-7.959,62.508143322475576,0.6250814332247557,0.0,1.0,0.5324652394614875,0.5299023592091254,0.5299023592091254,0.0,0.39742676940684407
CHEMBL1034,DICLOFENAC SODIUM,10,0,0,0.4528091530881612,-7.959,-6.077,False,,,,295.1,3.03,52.2,ADRA2A,-7.959,62.508143322475576,0.6250814332247557,0.0,1.0,0.5324652394614875,0.5299023592091254,0.5299023592091254,0.0,0.39742676940684407
CHEMBL3182343,PIVAMPICILLIN,10,0,0,0.4466892034921016,-8.525,-7.0120000000000005,False,Launched,bacterial cell wall synthesis inhibitor,bronchitis|pneumonia|gynecologic infections,463.6,1.32,128.0,TNIK,-7.465,71.56382631407118,0.7156382631407118,0.0,0.6,0.8242056993121519,0.5298861601531075,0.5298861601531075,0.0,0.39741462011483064
CHEMBL491571,DORIPENEM,10,0,0,0.3811545469615084,-7.772,-6.5600000000000005,False,Launched,bacterial cell wall synthesis inhibitor,intra-abdominal infections|urinary tract infections|pyelonephritis,420.5,-1.6,162.1,ITPKC,-6.449,93.71941272430668,0.9371941272430668,0.0,0.4,0.5,0.5298776508972267,0.5298776508972267,0.0,0.39740823817292004
CHEMBL4303454,DORIPENEM MONOHYDRATE,10,0,0,0.3811545469615084,-7.772,-6.5600000000000005,False,,,,420.5,-1.6,162.1,ITPKC,-6.449,93.71941272430668,0.9371941272430668,0.0,0.4,0.5,0.5298776508972267,0.5298776508972267,0.0,0.39740823817292004
CHEMBL316157,CEPHALORIDINE,10,0,0,0.454297727626083,-8.514,-7.2940000000000005,False,,,,415.5,-0.32,93.4,AXL,-7.234,69.45620319114295,0.6945620319114295,0.0,0.6,0.8797731045932484,0.529790778453559,0.529790778453559,0.0,0.39734308384016925
CHEMBL1497,BETAMETHASONE VALERATE,10,0,0,0.4205389921200175,-8.011,-6.718,False,,,,476.6,3.64,100.9,AXL,-7.233,69.39107782481277,0.6939107782481276,0.0,0.6,0.8797731045932484,0.5295302769882383,0.5295302769882383,0.0,0.3971477077411787
CHEMBL2105581,VERALIPRIDE,10,0,0,0.410594814976082,-7.575,-6.689,False,Preclinical,dopamine receptor antagonist,,383.5,0.73,111.0,MAPK14,-7.307,73.17470664928291,0.7317470664928291,0.0,0.6,0.778536615334207,0.5294793188972626,0.5294793188972626,0.0,0.397109489172947
CHEMBL3707224,SOFPIRONIUM,10,0,0,0.435748060578008,-7.813,-5.8685,False,,,,390.5,2.39,72.8,ACVR1,-7.813,52.47154471544715,0.5247154471544715,0.0,1.0,0.7969667318982387,0.5294311886465244,0.5294311886465244,0.0,0.3970733914848933
CHEMBL3707223,SOFPIRONIUM BROMIDE,10,0,0,0.435748060578008,-7.813,-5.8685,False,,,,390.5,2.39,72.8,ACVR1,-7.813,52.47154471544715,0.5247154471544715,0.0,1.0,0.7969667318982387,0.5294311886465244,0.5294311886465244,0.0,0.3970733914848933
CHEMBL1200692,OLMESARTAN MEDOXOMIL,10,0,0,0.4645595679551574,-9.621,-7.874,False,,,,558.6,4.17,162.2,ACVR1,-9.58,92.42276422764228,0.9242276422764227,0.0,0.2,0.7969667318982387,0.529236066695305,0.529236066695305,0.0,0.39692705002147877
CHEMBL1644,CEFADROXIL,10,0,0,0.4612697734237951,-8.694,-7.163,False,Launched,bacterial cell wall synthesis inhibitor,urinary tract infections|skin infections|tonsillitis|pharyngitis,363.4,0.15,133.0,MAPK14,-7.727,83.08344198174706,0.8308344198174705,0.0,0.4,0.778536615334207,0.5291142602271193,0.5291142602271193,0.0,0.39683569517033945
CHEMBL2105740,SITAXENTAN SODIUM,10,0,0,0.47046019890515095,-9.291,-7.455500000000001,False,,,,453.9,4.55,109.8,SLC2A1,-9.291,77.98434442270059,0.7798434442270059,0.0,0.4,0.9141924959216966,0.5290662520790569,0.5290662520790569,0.0,0.39679968905929264
CHEMBL35,FUROSEMIDE,10,0,0,0.43252190233703774,-7.618,-6.266,False,Launched,diuretic,edema|hypertension|congestive heart failure|nephrotic syndrome,330.7,1.89,122.6,TNIK,-7.083,61.3450865164871,0.613450865164871,0.0,0.8,0.8242056993121519,0.5290112009627712,0.5290112009627712,0.0,0.3967584007220784
CHEMBL3989511,IOBENGUANE SULFATE I 131,10,0,0,0.4459379121408972,-6.728,-6.407,False,,,,279.1,1.27,61.9,TNIK,-6.728,51.20796604635978,0.5120796604635978,0.0,1.0,0.8242056993121519,0.528462719082262,0.528462719082262,0.0,0.39634703931169646
CHEMBL3989523,IOBENGUANE SULFATE I 123,10,0,0,0.4459379121408972,-6.728,-6.407,False,,,,271.1,1.27,61.9,TNIK,-6.728,51.20796604635978,0.5120796604635978,0.0,1.0,0.8242056993121519,0.528462719082262,0.528462719082262,0.0,0.39634703931169646
CHEMBL1615779,IOBENGUANE I 131,10,0,0,0.4459379121408972,-6.728,-6.407,False,,,,279.1,1.27,61.9,TNIK,-6.728,51.20796604635978,0.5120796604635978,0.0,1.0,0.8242056993121519,0.528462719082262,0.528462719082262,0.0,0.39634703931169646
CHEMBL818,IOBENGUANE,10,0,0,0.4459379121408972,-6.728,-6.407,False,Launched,antineoplastic agent,neuroblastoma|congestive heart failure|pheochromocytoma,275.1,1.27,61.9,TNIK,-6.728,51.20796604635978,0.5120796604635978,0.0,1.0,0.8242056993121519,0.528462719082262,0.528462719082262,0.0,0.39634703931169646
CHEMBL680,CEFACLOR ANHYDROUS,10,0,0,0.4575762358162435,-8.378,-7.0645,False,,,,367.8,0.62,112.7,TNIK,-7.445,71.17205354227882,0.7117205354227881,0.0,0.6,0.8242056993121519,0.5283190690659381,0.5283190690659381,0.0,0.39623930179945355
CHEMBL1201018,CEFACLOR,10,0,0,0.4575762358162435,-8.378,-7.0645,False,Launched,bacterial cell wall synthesis inhibitor,pneumonia|skin infections|urinary tract infections|respiratory tract infections|tonsillitis|pharyngitis,367.8,0.62,112.7,TNIK,-7.445,71.17205354227882,0.7117205354227881,0.0,0.6,0.8242056993121519,0.5283190690659381,0.5283190690659381,0.0,0.39623930179945355
CHEMBL625,THIABENDAZOLE,10,0,0,0.41396308101549534,-6.873,-6.1975,False,,,,201.3,2.69,41.6,TNIK,-6.726,51.06105125693764,0.5106105125693764,0.0,1.0,0.8242056993121519,0.5278750599245734,0.5278750599245734,0.0,0.39590629494343005
CHEMBL3655081,ABROCITINIB,10,0,0,0.42159955679914596,-7.377,-6.532,False,,,,323.4,1.25,91.0,TNIK,-7.071,61.00228534116879,0.6100228534116879,0.0,0.8,0.8242056993121519,0.527639996261498,0.527639996261498,0.0,0.39572999719612356
CHEMBL1200809,AZELASTINE HYDROCHLORIDE,10,0,0,0.3962776620405905,-7.656,-6.1105,False,,,,381.9,4.3,38.1,AXL,-6.661,53.907521979811136,0.5390752197981113,0.0,0.9,0.8797731045932484,0.5275960536082318,0.5275960536082318,0.0,0.39569704020617386
CHEMBL639,AZELASTINE,10,0,0,0.3962776620405905,-7.656,-6.1105,False,Launched,histamine receptor antagonist,conjunctivitis,381.9,4.3,38.1,AXL,-6.661,53.907521979811136,0.5390752197981113,0.0,0.9,0.8797731045932484,0.5275960536082318,0.5275960536082318,0.0,0.39569704020617386
CHEMBL1328,PENTAGASTRIN,10,0,0,0.43883250486980996,-9.85,-7.6495,False,Launched,CCK receptor agonist,anacidity diagnostic|gastric hypersecretion diagnostic,767.9,1.52,250.9,SLC2A1,-9.85,87.60600130463145,0.8760600130463145,0.0,0.2,0.9141924959216966,0.5275528796067803,0.5275528796067803,0.0,0.39566465970508524
CHEMBL1201041,AZLOCILLIN SODIUM,10,0,0,0.4644496093942638,-8.972,-7.3125,False,,,,460.5,-1.24,151.0,AXL,-7.579,78.88309996743732,0.7888309996743732,0.0,0.4,0.8797731045932484,0.5274983655587365,0.5274983655587365,0.0,0.39562377416905237
CHEMBL1697856,BUCETIN,10,0,0,0.4122792892087226,-6.724,-6.0135,False,Withdrawn,analgesic agent,,223.3,1.79,58.6,TNIK,-6.724,50.96310806398955,0.5096310806398955,0.0,1.0,0.8242056993121519,0.527483287152781,0.527483287152781,0.0,0.3956124653645858
CHEMBL1200366,CEPHALEXIN HYDROCHLORIDE,10,0,0,0.45586172943564474,-8.317,-7.198,False,,,,347.4,0.44,112.7,TNIK,-7.435,70.8945478289259,0.7089454782892589,0.0,0.6,0.8242056993121519,0.5272090462125263,0.5272090462125263,0.0,0.3954067846593947
CHEMBL1727,CEPHALEXIN ANHYDROUS,10,0,0,0.45586172943564474,-8.317,-7.198,False,,,,347.4,0.44,112.7,TNIK,-7.435,70.8945478289259,0.7089454782892589,0.0,0.6,0.8242056993121519,0.5272090462125263,0.5272090462125263,0.0,0.3954067846593947
CHEMBL1200544,CEPHALEXIN,10,0,0,0.45586172943564474,-8.317,-7.198,False,Launched,bacterial cell wall synthesis inhibitor,respiratory tract infections|otitis|skin infections|bone and joint infections|genitourinary tract infections,347.4,0.44,112.7,TNIK,-7.435,70.8945478289259,0.7089454782892589,0.0,0.6,0.8242056993121519,0.5272090462125263,0.5272090462125263,0.0,0.3954067846593947
CHEMBL1648,ISRADIPINE,10,0,0,0.41155093439213103,-7.608,-6.199,False,Launched,calcium channel blocker,hypertension,371.4,2.58,103.5,AXL,-6.812,58.77564311299251,0.5877564311299251,0.0,0.8,0.8797731045932484,0.5270685381409573,0.5270685381409573,0.0,0.39530140360571797
CHEMBL3989697,RIBOFLAVIN 5'-PHOSPHATE SODIUM,10,0,0,0.4036715245442714,-8.846,-7.308,False,,,,455.3,-2.24,210.9,MAPK14,-8.287,92.5684485006519,0.925684485006519,0.0,0.2,0.778536615334207,0.5270542863027388,0.5270542863027388,0.0,0.39529071472705407
CHEMBL1201147,OCTOCRYLENE,10,0,0,0.39708606526050627,-7.686,-6.585,False,Launched,,sunscreen lotion,361.5,5.77,50.1,VASH2,-7.474,77.9641693811075,0.779641693811075,0.0,0.7,0.5,0.52685667752443,0.52685667752443,0.0,0.3951425081433225
CHEMBL589,ROPINIROLE,10,0,0,0.42032496513127143,-7.139,-6.02,False,Launched,dopamine receptor agonist,Parkinson's Disease|restless leg syndrome,260.4,2.85,32.3,ADRA2A,-6.99,36.66123778501629,0.3666123778501629,0.4,1.0,0.5324652394614875,0.5265147370592883,0.5265147370592883,0.0,0.3948860527944662
CHEMBL1550,PHYTONADIONE,10,0,0,0.4029843080439762,-8.379,-7.298,False,Launched,,vitamin K deficiency|anticoagulation reversal,450.7,9.16,34.1,TNIK,-7.901,80.70519098922625,0.8070519098922625,0.0,0.4,0.8242056993121519,0.5264516188537278,0.5264516188537278,0.0,0.39483871414029587
CHEMBL1200970,ETHOPROPAZINE HYDROCHLORIDE,10,0,0,0.40959636154371404,-8.103,-5.781000000000001,False,,,,312.5,5.02,6.5,SLC2A1,-8.103,52.23418134377038,0.5223418134377038,0.0,0.9,0.9141924959216966,0.5260655997633361,0.5260655997633361,0.0,0.3945491998225021
CHEMBL1206,ETHOPROPAZINE,10,0,0,0.40959636154371404,-8.103,-5.781000000000001,False,,,,312.5,5.02,6.5,SLC2A1,-8.103,52.23418134377038,0.5223418134377038,0.0,0.9,0.9141924959216966,0.5260655997633361,0.5260655997633361,0.0,0.3945491998225021
CHEMBL19490,ZOMEPIRAC,10,0,0,0.46549721656126525,-7.579,-6.3605,False,Withdrawn,prostaglandin synthesis inhibitor,,291.7,2.85,59.3,TNIK,-6.719,50.603983023179886,0.5060398302317989,0.0,1.0,0.8242056993121519,0.5260467869895423,0.5260467869895423,0.0,0.3945350902421567
CHEMBL2355333,ZIMELDINE HYDROCHLORIDE,10,0,0,0.4537635542842732,-7.447,-6.29,False,,,,317.2,3.84,16.1,TNIK,-6.716,50.555011426705846,0.5055501142670584,0.0,1.0,0.8242056993121519,0.5258509006036461,0.5258509006036461,0.0,0.39438817545273464
CHEMBL37744,ZIMELDINE,10,0,0,0.4537635542842732,-7.447,-6.29,False,,,,317.2,3.84,16.1,TNIK,-6.716,50.555011426705846,0.5055501142670584,0.0,1.0,0.8242056993121519,0.5258509006036461,0.5258509006036461,0.0,0.39438817545273464
CHEMBL945,AMILORIDE,10,0,0,0.3681166840869387,-7.045,-6.550000000000001,False,Launched,sodium channel blocker,hypertension|congestive heart failure,229.6,-1.08,156.8,SERPINE1,-7.045,92.69918699186992,0.9269918699186992,0.0,0.4,0.5,0.5257967479674797,0.5257967479674797,0.0,0.39434756097560975
CHEMBL1398126,AMILORIDE HYDROCHLORIDE,10,0,0,0.3681166840869387,-7.045,-6.550000000000001,False,,,,229.6,-1.08,156.8,SERPINE1,-7.045,92.69918699186992,0.9269918699186992,0.0,0.4,0.5,0.5257967479674797,0.5257967479674797,0.0,0.39434756097560975
CHEMBL267894,AMOBARBITAL,10,0,0,0.3992005943947842,-6.743,-5.6884999999999994,False,,,,226.3,1.18,75.3,TNIK,-6.714,50.44074436826641,0.5044074436826641,0.0,1.0,0.8242056993121519,0.5253938323698885,0.5253938323698885,0.0,0.39404537427741637
CHEMBL266349,MELAGATRAN,10,0,0,0.4603585039652021,-9.105,-7.8635,False,,,,429.5,0.81,148.6,TNIK,-8.561,90.41789095657852,0.9041789095657852,0.0,0.2,0.8242056993121519,0.5253024187231369,0.5253024187231369,0.0,0.39397681404235263
CHEMBL1201142,RASAGILINE MESYLATE,10,0,0,0.41621787795928694,-6.739,-6.0305,False,,,,171.2,1.9,12.0,TNIK,-6.713,50.37544890630101,0.5037544890630101,0.0,1.0,0.8242056993121519,0.5251326505220268,0.5251326505220268,0.0,0.39384948789152013
CHEMBL887,RASAGILINE,10,0,0,0.41621787795928694,-6.739,-6.0305,False,Launched,monoamine oxidase inhibitor,Parkinson's Disease,171.2,1.9,12.0,TNIK,-6.713,50.37544890630101,0.5037544890630101,0.0,1.0,0.8242056993121519,0.5251326505220268,0.5251326505220268,0.0,0.39384948789152013
CHEMBL6067988,RASAGILINE TARTRATE,10,0,0,0.41621787795928694,-6.739,-6.0305,False,,,,171.2,1.9,12.0,TNIK,-6.713,50.37544890630101,0.5037544890630101,0.0,1.0,0.8242056993121519,0.5251326505220268,0.5251326505220268,0.0,0.39384948789152013
CHEMBL1200748,CARBIDOPA,10,0,0,0.36306928462488397,-6.983,-6.346,False,Launched,aromatic L-amino acid decarboxylase inhibitor,Parkinson's Disease,226.2,-0.05,115.8,SERPINE1,-6.672,84.95934959349594,0.8495934959349595,0.0,0.55,0.5,0.5248373983739838,0.5248373983739838,0.0,0.39362804878048785
CHEMBL642,ACEBUTOLOL,10,0,0,0.42494279880653324,-7.949,-6.42,False,Launched,adrenergic receptor antagonist,hypertension|ventricular arrhythmias,336.4,2.37,87.7,MAPK14,-6.93,62.01108213820078,0.6201108213820078,0.0,0.8,0.778536615334207,0.5248248208529342,0.5248248208529342,0.0,0.3936186156397007
CHEMBL1200813,ACEBUTOLOL HYDROCHLORIDE,10,0,0,0.42494279880653324,-7.949,-6.42,False,,,,336.4,2.37,87.7,MAPK14,-6.93,62.01108213820078,0.6201108213820078,0.0,0.8,0.778536615334207,0.5248248208529342,0.5248248208529342,0.0,0.3936186156397007
CHEMBL463,AMINOHIPPURIC ACID,10,0,0,0.36284985345125825,-6.772,-6.22,False,,,,194.2,0.08,92.4,SERPINE1,-6.609,82.4390243902439,0.824390243902439,0.0,0.6,0.5,0.5247560975609756,0.5247560975609756,0.0,0.3935670731707317
CHEMBL56367,NIMESULIDE,10,0,0,0.47459522876987653,-7.77,-6.317500000000001,False,Launched,cyclooxygenase inhibitor,osteoarthritis|menstrual pain,308.3,2.76,98.5,SLC2A1,-7.77,44.35746901500326,0.4435746901500326,0.2,0.8,0.9141924959216966,0.5245587504482676,0.5245587504482676,0.0,0.3934190628362007
CHEMBL1532,QUINETHAZONE,10,0,0,0.4129463662127155,-7.676,-6.9815000000000005,False,Launched,thiazide diuretic,hypertension,289.7,0.88,101.3,VASH2,-7.639,82.34527687296416,0.8234527687296417,0.0,0.6,0.5,0.5243811074918566,0.5243811074918566,0.0,0.39328583061889244
CHEMBL615,PENICILLIN V,10,0,0,0.404578082725244,-8.725,-6.4505,False,,,,350.4,0.7,95.9,SLC2A1,-8.725,66.79712981082844,0.6679712981082844,0.0,0.6,0.9141924959216966,0.5243173936315683,0.5243173936315683,0.0,0.3932380452236762
CHEMBL839,CARTEOLOL,10,0,0,0.4856112147463693,-7.794,-6.55,False,Launched,adrenergic receptor antagonist,intraocular pressure|glaucoma|ocular hypertension,292.4,1.7,70.6,VASH2,-6.984,62.328990228013026,0.6232899022801303,0.0,1.0,0.5,0.5243159609120521,0.5243159609120521,0.0,0.39323697068403907
CHEMBL1201002,CARTEOLOL HYDROCHLORIDE,10,0,0,0.4856112147463693,-7.794,-6.55,False,,,,292.4,1.7,70.6,VASH2,-6.984,62.328990228013026,0.6232899022801303,0.0,1.0,0.5,0.5243159609120521,0.5243159609120521,0.0,0.39323697068403907
CHEMBL1201354,TRIDIHEXETHYL,10,0,0,0.3989611445050615,-7.939,-5.958,False,Launched,acetylcholine receptor antagonist,peptic ulcer disease (PUD)|nystagmus,318.5,4.72,20.2,ACVR1,-7.939,56.08130081300813,0.5608130081300813,0.0,0.9,0.7969667318982387,0.5238702130367684,0.5238702130367684,0.0,0.3929026597775763
CHEMBL1200771,TRIDIHEXETHYL CHLORIDE,10,0,0,0.3989611445050615,-7.939,-5.958,False,,,,318.5,4.72,20.2,ACVR1,-7.939,56.08130081300813,0.5608130081300813,0.0,0.9,0.7969667318982387,0.5238702130367684,0.5238702130367684,0.0,0.3929026597775763
CHEMBL640,PROCAINAMIDE,10,0,0,0.422389049549922,-6.949,-6.184,False,Launched,sodium channel blocker,ventricular arrhythmias|ventricular tachycardia (VT),235.3,1.34,58.4,TNIK,-6.69,49.983676134508656,0.49983676134508653,0.0,1.0,0.8242056993121519,0.5235655594348574,0.5235655594348574,0.0,0.39267416957614304
CHEMBL605,PROCAINAMIDE HYDROCHLORIDE,10,0,0,0.422389049549922,-6.949,-6.184,False,,,,235.3,1.34,58.4,TNIK,-6.69,49.983676134508656,0.49983676134508653,0.0,1.0,0.8242056993121519,0.5235655594348574,0.5235655594348574,0.0,0.39267416957614304
CHEMBL24,ATENOLOL,10,0,0,0.40130984576488593,-7.065,-6.274,False,,,,266.3,0.45,84.6,TNIK,-7.033,59.97388181521385,0.5997388181521385,0.0,0.8,0.8242056993121519,0.5235263821576782,0.5235263821576782,0.0,0.39264478661825863
CHEMBL3989695,REGADENOSON,10,0,0,0.4711229375198839,-8.963,-7.515499999999999,False,Launched,adenosine receptor agonist,myocardial perfusion imaging (MPI),390.4,-2.43,186.5,AXL,-7.532,77.87365678931944,0.7787365678931945,0.0,0.4,0.8797731045932484,0.5234605928462651,0.5234605928462651,0.0,0.39259544463469886
CHEMBL317052,REGADENOSON ANHYDROUS,10,0,0,0.4711229375198839,-8.963,-7.515499999999999,False,,,,390.4,-2.43,186.5,AXL,-7.532,77.87365678931944,0.7787365678931945,0.0,0.4,0.8797731045932484,0.5234605928462651,0.5234605928462651,0.0,0.39259544463469886
CHEMBL1788385,TILBROQUINOL,10,0,0,0.41322994038708244,-6.963,-5.799,False,,,,238.1,3.01,33.1,MAPK14,-6.638,51.580834419817464,0.5158083441981747,0.0,1.0,0.778536615334207,0.5231038299794009,0.5231038299794009,0.0,0.39232787248455064
CHEMBL539697,DABIGATRAN ETEXILATE,10,0,0,0.43426300092656833,-9.741,-7.4885,False,,,,627.7,5.81,151.5,SLC2A1,-9.741,86.3829093281148,0.8638290932811481,0.0,0.2,0.9141924959216966,0.5226605117007138,0.5226605117007138,0.0,0.39199538377553533
CHEMBL1615369,DABIGATRAN ETEXILATE MESYLATE,10,0,0,0.43426300092656833,-9.741,-7.4885,False,,,,627.7,5.81,151.5,SLC2A1,-9.741,86.3829093281148,0.8638290932811481,0.0,0.2,0.9141924959216966,0.5226605117007138,0.5226605117007138,0.0,0.39199538377553533
CHEMBL5314365,MONENSIN SODIUM,10,0,0,0.43021817785314076,-8.807,-7.391,False,,,,669.9,2.94,156.2,AXL,-7.527,77.62943666558124,0.7762943666558124,0.0,0.4,0.8797731045932484,0.5224837123513123,0.5224837123513123,0.0,0.3918627842634842
CHEMBL282121,MEBEVERINE,10,0,0,0.35736097032232744,-7.843,-6.104,False,Launched,acetylcholine receptor antagonist,irritable bowel syndrome,429.6,4.6,57.2,TNIK,-7.387,69.68658178256611,0.696865817825661,0.0,0.6,0.8242056993121519,0.5223771820270872,0.5223771820270872,0.0,0.39178288652031534
CHEMBL1446650,MEBEVERINE HYDROCHLORIDE,10,0,0,0.35736097032232744,-7.843,-6.104,False,,,,429.6,4.6,57.2,TNIK,-7.387,69.68658178256611,0.696865817825661,0.0,0.6,0.8242056993121519,0.5223771820270872,0.5223771820270872,0.0,0.39178288652031534
CHEMBL276568,"CEFPROZIL ANHYDROUS, (E)-",10,0,0,0.4662145579446798,-9.008,-7.0285,False,,,,389.4,0.71,133.0,ITPKC,-6.335,91.79445350734095,0.9179445350734095,0.0,0.4,0.5,0.5221778140293638,0.5221778140293638,0.0,0.39163336052202286
CHEMBL5314373,"CEFPROZIL, (E)-",10,0,0,0.4662145579446798,-9.008,-7.0285,False,,,,389.4,0.71,133.0,ITPKC,-6.335,91.79445350734095,0.9179445350734095,0.0,0.4,0.5,0.5221778140293638,0.5221778140293638,0.0,0.39163336052202286
CHEMBL4297403,MELPHALAN FLUFENAMIDE HYDROCHLORIDE,10,0,0,0.43660082787368015,-8.694,-6.9864999999999995,False,,,,498.4,3.27,84.7,SLC2A1,-8.694,66.24266144814091,0.662426614481409,0.0,0.6,0.9141924959216966,0.5220995201808181,0.5220995201808181,0.0,0.39157464013561355
CHEMBL4303060,MELPHALAN FLUFENAMIDE,10,0,0,0.43660082787368015,-8.694,-6.9864999999999995,False,,,,498.4,3.27,84.7,SLC2A1,-8.694,66.24266144814091,0.662426614481409,0.0,0.6,0.9141924959216966,0.5220995201808181,0.5220995201808181,0.0,0.39157464013561355
CHEMBL437,SULFATHIAZOLE,10,0,0,0.3975748806035186,-6.677,-5.644500000000001,False,Launched,dihydropteroate synthase inhibitor,gram-negative bacterial infections|gram-positive bacterial infections,255.3,1.53,85.1,TNIK,-6.677,49.55925563173359,0.4955925563173359,0.0,1.0,0.8242056993121519,0.5218678774237572,0.5218678774237572,0.0,0.3914009080678179
CHEMBL1359,ERTAPENEM,10,0,0,0.4718852148296794,-9.384,-8.174,False,Launched,bacterial cell wall synthesis inhibitor,intra-abdominal infections|skin infections|pneumonia|urinary tract infections|gynecologic infections|postpartum endomyometritis,475.5,0.94,156.3,TNIK,-8.488,89.45478289258897,0.8945478289258897,0.0,0.2,0.8242056993121519,0.5214499864671787,0.5214499864671787,0.0,0.391087489850384
CHEMBL4297666,OMIDENEPAG ISOPROPYL,10,0,0,0.46166245555837176,-9.196,-7.2935,False,,,,520.6,3.42,119.3,SLC2A1,-9.196,76.0437051532942,0.7604370515329419,0.0,0.4,0.9141924959216966,0.5213036950014314,0.5213036950014314,0.0,0.3909777712510735
CHEMBL2364635,TAFENOQUINE SUCCINATE,10,0,0,0.4626083992342959,-8.903,-7.21,False,,,,463.5,5.91,78.6,ACVR1,-8.85,80.40650406504065,0.8040650406504065,0.0,0.4,0.7969667318982387,0.5211710260448985,0.5211710260448985,0.0,0.3908782695336739
CHEMBL298470,TAFENOQUINE,10,0,0,0.4626083992342959,-8.903,-7.21,False,Launched,antimalarial agent,malaria,463.5,5.91,78.6,ACVR1,-8.85,80.40650406504065,0.8040650406504065,0.0,0.4,0.7969667318982387,0.5211710260448985,0.5211710260448985,0.0,0.3908782695336739
CHEMBL448,PENTOBARBITAL,10,0,0,0.3997372154427807,-6.926,-5.5169999999999995,False,,,,226.3,1.18,75.3,MAPK14,-6.63,51.075619295958276,0.5107561929595827,0.0,1.0,0.778536615334207,0.5210829694839642,0.5210829694839642,0.0,0.39081222711297314
CHEMBL1201262,DIPIVEFRIN,10,0,0,0.4658630264949637,-7.843,-6.362,False,,,,351.4,2.84,84.9,SLC2A1,-7.843,45.90671885192433,0.45906718851924333,0.0,1.0,0.9141924959216966,0.5207557497959518,0.5207557497959518,0.0,0.3905668123469639
CHEMBL1200833,DIPIVEFRIN HYDROCHLORIDE,10,0,0,0.4658630264949637,-7.843,-6.362,False,,,,351.4,2.84,84.9,SLC2A1,-7.843,45.90671885192433,0.45906718851924333,0.0,1.0,0.9141924959216966,0.5207557497959518,0.5207557497959518,0.0,0.3905668123469639
CHEMBL473,DOFETILIDE,10,0,0,0.3542753918661429,-7.376,-6.351,False,Withdrawn,potassium channel blocker,,441.6,1.98,104.8,TNIK,-7.376,69.2784851452824,0.692784851452824,0.0,0.6,0.8242056993121519,0.5207447954779524,0.5207447954779524,0.0,0.39055859660846426
CHEMBL2105720,LESINURAD,10,0,0,0.43772475395966187,-8.085,-6.634499999999999,False,Launched,uric acid diuretic,gout,404.3,4.24,68.0,AXL,-6.754,57.147508954737866,0.5714750895473787,0.0,0.8,0.8797731045932484,0.5205560015079388,0.5205560015079388,0.0,0.3904170011309541
CHEMBL500,PINDOLOL,10,0,0,0.45380172158646126,-7.375,-6.2755,False,Launched,adrenergic receptor antagonist,hypertension,248.3,1.91,57.3,SERPINE1,-6.066,61.34959349593496,0.6134959349593496,0.0,1.0,0.5,0.5203983739837399,0.5203983739837399,0.0,0.3902987804878049
CHEMBL3989406,ENALAPRILAT,10,0,0,0.4540390073440779,-7.907,-6.9670000000000005,False,Launched,angiotensin converting enzyme inhibitor,hypertension,348.4,1.13,106.9,GALNS,-7.137,71.34464751958225,0.7134464751958225,0.0,0.8,0.5,0.520378590078329,0.520378590078329,0.0,0.39028394255874677
CHEMBL577,ENALAPRILAT ANHYDROUS,10,0,0,0.4540390073440779,-7.907,-6.9670000000000005,False,,,,348.4,1.13,106.9,GALNS,-7.137,71.34464751958225,0.7134464751958225,0.0,0.8,0.5,0.520378590078329,0.520378590078329,0.0,0.39028394255874677
CHEMBL1201232,ISOPROPAMIDE,10,0,0,0.4443454314565248,-7.914,-6.333,False,,,,353.5,4.11,43.1,ACVR1,-7.914,55.203252032520325,0.5520325203252032,0.0,0.9,0.7969667318982387,0.5203580179148172,0.5203580179148172,0.0,0.3902685134361129
CHEMBL1200347,ISOPROPAMIDE IODIDE,10,0,0,0.4443454314565248,-7.914,-6.333,False,,,,353.5,4.11,43.1,ACVR1,-7.914,55.203252032520325,0.5520325203252032,0.0,0.9,0.7969667318982387,0.5203580179148172,0.5203580179148172,0.0,0.3902685134361129
CHEMBL1118,DESVENLAFAXINE,10,0,0,0.4368398899449346,-7.838,-5.6835,False,Launched,serotonin–norepinephrine reuptake inhibitor (SNRI),depression,263.4,2.73,43.7,SLC2A1,-7.838,45.79256360078278,0.45792563600782776,0.0,1.0,0.9141924959216966,0.5202991287913856,0.5202991287913856,0.0,0.3902243465935392
CHEMBL1201728,DESVENLAFAXINE SUCCINATE,10,0,0,0.4368398899449346,-7.838,-5.6835,False,,,,263.4,2.73,43.7,SLC2A1,-7.838,45.79256360078278,0.45792563600782776,0.0,1.0,0.9141924959216966,0.5202991287913856,0.5202991287913856,0.0,0.3902243465935392
CHEMBL3989861,DESVENLAFAXINE FUMARATE,10,0,0,0.4368398899449346,-7.838,-5.6835,False,,,,263.4,2.73,43.7,SLC2A1,-7.838,45.79256360078278,0.45792563600782776,0.0,1.0,0.9141924959216966,0.5202991287913856,0.5202991287913856,0.0,0.3902243465935392
CHEMBL1191,SULFAMETHIZOLE,10,0,0,0.4089947337426181,-7.095,-6.1215,False,Launched,bacterial antifolate,urinary tract infections,270.3,1.23,98.0,TNIK,-7.011,59.10871694417238,0.5910871694417238,0.0,0.8,0.8242056993121519,0.5200657226735124,0.5200657226735124,0.0,0.3900492920051343
CHEMBL1200750,PROMETHAZINE HYDROCHLORIDE,10,0,0,0.41704312278675637,-8.044,-5.9305,False,,,,284.4,4.24,6.5,SLC2A1,-8.044,50.73385518590998,0.5073385518590998,0.0,0.9,0.9141924959216966,0.5200642951318944,0.5200642951318944,0.0,0.3900482213489208
CHEMBL1201274,LEVOBETAXOLOL,10,0,0,0.38808139974699996,-6.972,-6.25,False,Launched,adrenergic receptor antagonist,intraocular pressure|glaucoma,307.4,2.39,50.7,TNIK,-6.842,54.09729023832843,0.5409729023832843,0.0,0.9,0.8242056993121519,0.5200200158501366,0.5200200158501366,0.0,0.39001501188760246
CHEMBL1200837,LEVOBETAXOLOL HYDROCHLORIDE,10,0,0,0.38808139974699996,-6.972,-6.25,False,,,,307.4,2.39,50.7,TNIK,-6.842,54.09729023832843,0.5409729023832843,0.0,0.9,0.8242056993121519,0.5200200158501366,0.5200200158501366,0.0,0.39001501188760246
CHEMBL1161,MOMETASONE FUROATE,10,0,0,0.43233433078705596,-8.044,-7.181,False,,,,521.4,4.87,93.8,AXL,-7.513,76.9130576359492,0.769130576359492,0.0,0.4,0.8797731045932484,0.519618196232784,0.519618196232784,0.0,0.389713647174588
CHEMBL1358,FULVESTRANT,10,0,0,0.4260212799068194,-9.065,-7.079000000000001,False,Launched,estrogen receptor antagonist,breast cancer,606.8,8.68,63.5,ACVR1,-8.831,80.01626016260163,0.8001626016260163,0.0,0.4,0.7969667318982387,0.5196100504351424,0.5196100504351424,0.0,0.3897075378263568
CHEMBL3833340,AZTREONAM LYSINE,10,0,0,0.3784788491529973,-7.966,-6.519,False,,,,435.4,-1.17,201.6,ITPKC,-6.291,91.14192495921696,0.9114192495921697,0.0,0.4,0.5,0.5195676998368679,0.5195676998368679,0.0,0.3896757748776509
CHEMBL158,AZTREONAM,10,0,0,0.3784788491529973,-7.966,-6.519,False,Launched,bacterial cell wall synthesis inhibitor,urinary tract infections|respiratory tract infections|bacterial septicemia|skin infections|intra-abdominal infections|gynecologic infections,435.4,-1.17,201.6,ITPKC,-6.291,91.14192495921696,0.9114192495921697,0.0,0.4,0.5,0.5195676998368679,0.5195676998368679,0.0,0.3896757748776509
CHEMBL1201163,SUFENTANIL CITRATE,10,0,0,0.4468137614189221,-8.005,-6.3165,False,,,,386.6,4.21,32.8,ACVR1,-7.902,54.97560975609757,0.5497560975609757,0.0,0.9,0.7969667318982387,0.5194474488091261,0.5194474488091261,0.0,0.38958558660684456
CHEMBL658,SUFENTANIL,10,0,0,0.4468137614189221,-8.005,-6.3165,True,,,,386.6,4.21,32.8,ACVR1,-7.902,54.97560975609757,0.5497560975609757,0.0,0.9,0.7969667318982387,0.5194474488091261,0.5194474488091261,0.0,0.38958558660684456
CHEMBL1094,FELBAMATE,10,0,0,0.41412851915756077,-7.1,-6.545,False,Launched,glutamate receptor antagonist,epilepsy,238.2,0.96,104.6,SERPINE1,-6.368,73.59349593495935,0.7359349593495935,0.0,0.75,0.5,0.5193739837398375,0.5193739837398375,0.0,0.3895304878048781
CHEMBL2106556,CYCLOBARBITAL CALCIUM,10,0,0,0.4277106363781213,-7.817,-5.7805,False,,,,235.3,2.03,77.3,SLC2A1,-7.817,45.54794520547945,0.4554794520547945,0.0,1.0,0.9141924959216966,0.5193206552101723,0.5193206552101723,0.0,0.38949049140762926
CHEMBL580,LORAZEPAM,10,0,0,0.40228245179346545,-7.817,-5.661,False,,,,321.2,3.1,61.7,SLC2A1,-7.817,45.54794520547945,0.4554794520547945,0.0,1.0,0.9141924959216966,0.5193206552101723,0.5193206552101723,0.0,0.38949049140762926
CHEMBL17860,LOFEXIDINE,10,0,0,0.38884584989829063,-6.619,-5.5615000000000006,False,Launched,adrenergic receptor agonist,opioid withdrawal,259.1,2.76,33.6,MAPK14,-6.619,50.60299869621904,0.5060299869621904,0.0,1.0,0.778536615334207,0.5191924870850072,0.5191924870850072,0.0,0.3893943653137554
CHEMBL1788132,LOFEXIDINE HYDROCHLORIDE,10,0,0,0.38884584989829063,-6.619,-5.5615000000000006,False,,,,259.1,2.76,33.6,MAPK14,-6.619,50.60299869621904,0.5060299869621904,0.0,1.0,0.778536615334207,0.5191924870850072,0.5191924870850072,0.0,0.3893943653137554
CHEMBL3112741,RELEBACTAM ANHYDROUS,10,0,0,0.409024611676071,-7.679,-6.2425,False,,,,348.4,-1.14,128.3,TNIK,-7.36,68.8703885079987,0.6887038850799869,0.0,0.6,0.8242056993121519,0.5191124089288175,0.5191124089288175,0.0,0.3893343066966131
CHEMBL3301605,RELEBACTAM,10,0,0,0.409024611676071,-7.679,-6.2425,False,Launched,beta lactamase inhibitor,,348.4,-1.14,128.3,TNIK,-7.36,68.8703885079987,0.6887038850799869,0.0,0.6,0.8242056993121519,0.5191124089288175,0.5191124089288175,0.0,0.3893343066966131
CHEMBL4297212,SOLRIAMFETOL HYDROCHLORIDE,10,0,0,0.3834458004522847,-6.71,-6.245,False,,,,194.2,0.65,78.3,SERPINE1,-6.302,70.9918699186992,0.7099186991869919,0.0,0.8,0.5,0.5189674796747968,0.5189674796747968,0.0,0.38922560975609766
CHEMBL542541,HYDRALAZINE HYDROCHLORIDE,10,0,0,0.409906963597446,-6.837,-6.208,False,,,,160.2,0.92,63.8,TNIK,-6.837,53.81978452497551,0.5381978452497551,0.0,0.9,0.8242056993121519,0.5189099929967249,0.5189099929967249,0.0,0.3891824947475437
CHEMBL276832,HYDRALAZINE,10,0,0,0.409906963597446,-6.837,-6.208,False,Launched,vasodilator,hypertension,160.2,0.92,63.8,TNIK,-6.837,53.81978452497551,0.5381978452497551,0.0,0.9,0.8242056993121519,0.5189099929967249,0.5189099929967249,0.0,0.3891824947475437
CHEMBL1194325,ACLIDINIUM,10,0,0,0.4516842084180882,-8.581,-7.365,False,Launched,acetylcholine receptor antagonist,bronchitis|emphysema|chronic obstructive pulmonary disease (COPD),484.7,4.67,55.8,AXL,-7.508,76.73396287854119,0.767339628785412,0.0,0.4,0.8797731045932484,0.5189018172031521,0.5189018172031521,0.0,0.38917636290236407
CHEMBL551466,ACLIDINIUM BROMIDE,10,0,0,0.4516842084180882,-8.581,-7.365,False,,,,484.7,4.67,55.8,AXL,-7.508,76.73396287854119,0.767339628785412,0.0,0.4,0.8797731045932484,0.5189018172031521,0.5189018172031521,0.0,0.38917636290236407
CHEMBL2105458,THENALIDINE,10,0,0,0.4447290391661717,-7.808,-6.191000000000001,False,,,,286.4,3.85,6.5,SLC2A1,-7.808,45.40117416829745,0.45401174168297453,0.0,1.0,0.9141924959216966,0.5187335710614444,0.5187335710614444,0.0,0.38905017829608324
CHEMBL1259,METOCURINE,10,0,0,0.35174773303120416,-7.999,-5.1635,False,Launched,acetylcholine receptor antagonist,muscle relaxant,652.8,7.45,55.4,ITPKC,-5.628,73.36052202283851,0.7336052202283851,0.0,0.75,0.5,0.5184420880913541,0.5184420880913541,0.0,0.38883156606851554
CHEMBL238804,SELEXIPAG,10,0,0,0.39428937295761174,-8.814,-6.9190000000000005,False,Launched,IP1 prostacyclin receptor agonist|platelet aggregation inhibitor,pulmonary arterial hypertension (PAH),496.6,3.9,101.5,ACVR1,-8.814,79.67479674796748,0.7967479674796748,0.0,0.4,0.7969667318982387,0.5182441967766058,0.5182441967766058,0.0,0.38868314758245437
CHEMBL1454910,NITROXOLINE,10,0,0,0.4031421095828954,-6.643,-5.8629999999999995,False,Launched,cathepsin inhibitor,urinary tract infections,190.2,1.85,76.3,TNIK,-6.643,48.59614756774404,0.4859614756774404,0.0,1.0,0.8242056993121519,0.518015445167799,0.518015445167799,0.0,0.3885115838758492
CHEMBL1593719,PHENICARBAZIDE,10,0,0,0.3828215058075651,-6.73,-5.7940000000000005,False,,,,151.2,0.68,67.2,MAPK14,-6.73,55.24771838331161,0.5524771838331161,0.0,0.9,0.778536615334207,0.5177713658333776,0.5177713658333776,0.0,0.3883285243750332
CHEMBL957,BOSENTAN,10,0,0,0.3978442602170562,-9.617,-7.1705000000000005,False,Launched,endothelin receptor antagonist,pulmonary arterial hypertension (PAH),551.6,4.2,145.7,SLC2A1,-9.617,85.14350945857795,0.8514350945857795,0.0,0.2,0.9141924959216966,0.5177029122225664,0.5177029122225664,0.0,0.3882771841669248
CHEMBL1742471,EBROTIDINE,10,0,0,0.41136958291896947,-7.878,-6.8614999999999995,False,Withdrawn,histamine receptor antagonist,,477.4,2.05,135.8,TNIK,-7.784,78.51779301338557,0.7851779301338557,0.0,0.4,0.8242056993121519,0.517702026950365,0.517702026950365,0.0,0.3882765202127738
CHEMBL4297211,CEFIDEROCOL SULFATE TOSYLATE,10,0,0,0.4521170489497114,-9.483,-7.731,False,,,,753.2,1.15,254.1,AXL,-7.935,86.4213611201563,0.864213611201563,0.0,0.2,0.8797731045932484,0.5176514101696125,0.5176514101696125,0.0,0.3882385576272094
CHEMBL4802240,FOSCARBIDOPA,10,0,0,0.34673468805886937,-7.326,-6.3115000000000006,False,,,,306.2,-0.29,162.3,SERPINE1,-6.899,90.63414634146342,0.9063414634146342,0.0,0.4,0.5,0.5175365853658537,0.5175365853658537,0.0,0.38815243902439023
CHEMBL1201129,DECITABINE,10,0,0,0.355309932307294,-6.957,-6.0005,False,Launched,DNA methyltransferase inhibitor,myelodysplastic diseases (MDS)|anemia|chronic myeloid leukemia (CML),228.2,-2.14,123.5,SERPINE1,-6.565,80.60162601626017,0.8060162601626017,0.0,0.6,0.5,0.5174065040650407,0.5174065040650407,0.0,0.3880548780487806
CHEMBL2105680,RIFAMYCIN SODIUM,10,0,0,0.3827415298661338,-9.612,-6.999499999999999,False,,,,696.8,4.12,204.1,SLC2A1,-9.612,85.0293542074364,0.850293542074364,0.0,0.2,0.9141924959216966,0.5172462912180001,0.5172462912180001,0.0,0.38793471841350013
CHEMBL1200854,FLUPHENAZINE DECANOATE,10,0,0,0.409107852146937,-8.87,-7.204000000000001,False,,,,591.8,8.0,36.0,TNIK,-7.78,78.35455435847209,0.7835455435847208,0.0,0.4,0.8242056993121519,0.5170490723307112,0.5170490723307112,0.0,0.38778680424803336
CHEMBL3989568,OXYTETRACYCLINE CALCIUM,10,0,0,0.4014043698254272,-9.203,-7.1259999999999994,False,,,,459.4,-2.44,204.7,AXL,-7.929,86.22598502116574,0.8622598502116574,0.0,0.2,0.8797731045932484,0.5168699057736502,0.5168699057736502,0.0,0.3876524293302377
CHEMBL1200661,UNOPROSTONE ISOPROPYL,10,0,0,0.36542266569307813,-7.644,-6.080500000000001,False,,,,424.6,5.12,83.8,TNIK,-7.333,68.18478615736207,0.6818478615736207,0.0,0.6,0.8242056993121519,0.516369999526271,0.516369999526271,0.0,0.38727749964470326
CHEMBL562,GRISEOFULVIN,10,0,0,0.45220559735124943,-7.462,-6.333,False,Launched,tubulin polymerization inhibitor,ringworm|tinea pedis,352.8,2.81,71.1,AXL,-6.374,46.059915337023774,0.46059915337023777,0.0,1.0,0.8797731045932484,0.5162056270370824,0.5162056270370824,0.0,0.38715422027781177
CHEMBL1200356,CYCLACILLIN,10,0,0,0.4211515251182788,-8.647,-6.6325,False,,,,341.4,0.28,112.7,SLC2A1,-8.647,64.7586431833007,0.647586431833007,0.0,0.6,0.9141924959216966,0.5161634471214573,0.5161634471214573,0.0,0.387122585341093
CHEMBL2104537,AMOPROXAN,10,0,0,0.38826176889414865,-6.999,-6.064,False,,,,425.5,2.63,75.7,MAPK14,-6.875,59.843546284224246,0.5984354628422425,0.0,0.8,0.778536615334207,0.516154677437028,0.516154677437028,0.0,0.387116008077771
CHEMBL12,DIAZEPAM,10,0,0,0.3884673025027333,-7.657,-5.5625,True,,,,284.7,3.15,32.7,ACVR1,-7.657,49.05691056910569,0.4905691056910569,0.0,1.0,0.7969667318982387,0.5157726520611585,0.5157726520611585,0.0,0.3868294890458689
CHEMBL1318287,PENTOLINIUM TARTRATE,10,0,0,0.35747245924281407,-6.595,-5.0649999999999995,False,,,,240.4,2.64,0.0,MAPK14,-6.595,49.722946544980445,0.49722946544980445,0.0,1.0,0.778536615334207,0.5156722784800529,0.5156722784800529,0.0,0.3867542088600397
CHEMBL1271,PENTOLINIUM,10,0,0,0.35747245924281407,-6.595,-5.0649999999999995,False,Launched,cholinergic receptor antagonist,hypertension,240.4,2.64,0.0,MAPK14,-6.595,49.722946544980445,0.49722946544980445,0.0,1.0,0.778536615334207,0.5156722784800529,0.5156722784800529,0.0,0.3867542088600397
CHEMBL1568057,METAPROTERENOL SULFATE,10,0,0,0.3878342177771718,-6.636,-6.24,False,,,,211.3,1.13,72.7,SERPINE1,-6.279,70.11382113821139,0.701138211382114,0.0,0.8,0.5,0.5154552845528456,0.5154552845528456,0.0,0.38659146341463424
CHEMBL776,METAPROTERENOL,10,0,0,0.3878342177771718,-6.636,-6.24,False,Launched,adrenergic receptor agonist,bronchospasm|asthma|bronchitis|emphysema,211.3,1.13,72.7,SERPINE1,-6.279,70.11382113821139,0.701138211382114,0.0,0.8,0.5,0.5154552845528456,0.5154552845528456,0.0,0.38659146341463424
CHEMBL2096631,CLORAZEPATE DIPOTASSIUM,10,0,0,0.38955459204359555,-7.653,-5.7135,False,,,,313.7,1.25,81.6,ACVR1,-7.653,48.94308943089431,0.4894308943089431,0.0,1.0,0.7969667318982387,0.5153173675083131,0.5153173675083131,0.0,0.38648802563123485
CHEMBL1214,CARBENICILLIN,10,0,0,0.4437640908279955,-8.635,-6.8165,False,Launched,bacterial cell wall synthesis inhibitor,gram-negative bacterial infections,378.4,0.49,124.0,SLC2A1,-8.635,64.54664057403784,0.6454664057403784,0.0,0.6,0.9141924959216966,0.5153154366844059,0.5153154366844059,0.0,0.38648657751330445
CHEMBL1315867,TERBUTALINE SULFATE,10,0,0,0.4090526992140938,-7.272,-6.2705,False,,,,225.3,1.52,72.7,MAPK14,-6.869,59.631681877444585,0.5963168187744459,0.0,0.8,0.778536615334207,0.5153072198099093,0.5153072198099093,0.0,0.386480414857432
CHEMBL1760,TERBUTALINE,10,0,0,0.4090526992140938,-7.272,-6.2705,False,Launched,adrenergic receptor agonist,bronchospasm|bronchitis|emphysema,225.3,1.52,72.7,MAPK14,-6.869,59.631681877444585,0.5963168187744459,0.0,0.8,0.778536615334207,0.5153072198099093,0.5153072198099093,0.0,0.386480414857432
CHEMBL339427,TUBOCURARINE,10,0,0,0.37718802651107086,-8.136,-5.753,False,Launched,acetylcholine receptor antagonist,anesthetic,609.7,6.7,80.6,AXL,-6.79,58.30348420709866,0.5830348420709867,0.0,0.75,0.8797731045932484,0.5151799025173819,0.5151799025173819,0.0,0.3863849268880364
CHEMBL1713,CHLORPROMAZINE HYDROCHLORIDE,10,0,0,0.43261556303309073,-7.895,-6.355,False,,,,318.9,4.89,6.5,AXL,-6.555,50.78150439596223,0.5078150439596223,0.0,0.9,0.8797731045932484,0.5150919832728362,0.5150919832728362,0.0,0.38631898745462717
CHEMBL568,OXAZEPAM,10,0,0,0.40947964251960495,-7.65,-5.5555,False,,,,286.7,2.45,61.7,ACVR1,-7.65,48.8780487804878,0.48878048780487804,0.0,1.0,0.7969667318982387,0.515057204906687,0.515057204906687,0.0,0.3862929036800153
CHEMBL1103,FURAZOLIDONE,10,0,0,0.3488157474471442,-6.796,-6.218,False,Launched,bacterial DNA inhibitor,diarrhea|enteritis|cholera,225.2,0.97,98.2,SERPINE1,-6.545,79.98373983739837,0.7998373983739837,0.0,0.6,0.5,0.5149349593495934,0.5149349593495934,0.0,0.3862012195121951
CHEMBL1200901,HALOFANTRINE HYDROCHLORIDE,10,0,0,0.41292782602329775,-9.128,-7.273,False,,,,500.4,8.64,23.5,SLC2A1,-9.128,74.44553163731246,0.7444553163731246,0.0,0.4,0.9141924959216966,0.5149110009375044,0.5149110009375044,0.0,0.3861832507031283
CHEMBL1107,HALOFANTRINE,10,0,0,0.41292782602329775,-9.128,-7.273,False,Launched,antimalarial agent,malaria,500.4,8.64,23.5,SLC2A1,-9.128,74.44553163731246,0.7444553163731246,0.0,0.4,0.9141924959216966,0.5149110009375044,0.5149110009375044,0.0,0.3861832507031283
CHEMBL2110588,ELIGLUSTAT,10,0,0,0.46408066832925154,-7.774,-6.8625,False,Launched,glycosyl transferase inhibitor,Gaucher disease,404.6,3.43,71.0,MAPK14,-6.864,59.51760104302477,0.5951760104302477,0.0,0.8,0.778536615334207,0.5148508964722303,0.5148508964722303,0.0,0.3861381723541727
CHEMBL5723563,ELIGLUSTAT TARTRATE,10,0,0,0.46408066832925154,-7.774,-6.8625,False,,,,404.6,3.43,71.0,MAPK14,-6.864,59.51760104302477,0.5951760104302477,0.0,0.8,0.778536615334207,0.5148508964722303,0.5148508964722303,0.0,0.3861381723541727
CHEMBL1200330,PILOCARPINE HYDROCHLORIDE,10,0,0,0.36795743791447133,-6.631,-5.3025,False,,,,208.3,1.16,44.1,TNIK,-6.631,47.71465883121123,0.4771465883121123,0.0,1.0,0.8242056993121519,0.5144894902216677,0.5144894902216677,0.0,0.38586711766625076
CHEMBL550,PILOCARPINE,10,0,0,0.36795743791447133,-6.631,-5.3025,False,Launched,acetylcholine receptor agonist,glaucoma|hypertension,208.3,1.16,44.1,TNIK,-6.631,47.71465883121123,0.4771465883121123,0.0,1.0,0.8242056993121519,0.5144894902216677,0.5144894902216677,0.0,0.38586711766625076
CHEMBL7568,QUINACRINE,10,0,0,0.41881306870597435,-8.486,-6.7285,False,,,,400.0,5.97,37.4,MAPK14,-7.175,69.42633637548892,0.6942633637548892,0.0,0.6,0.778536615334207,0.5144858378020867,0.5144858378020867,0.0,0.385864378351565
CHEMBL1200487,ETHACRYNATE SODIUM,10,0,0,0.41885253572390846,-6.883,-5.926500000000001,False,,,,302.1,2.27,66.4,MAPK14,-6.587,49.41329856584094,0.4941329856584094,0.0,1.0,0.778536615334207,0.5144336865634949,0.5144336865634949,0.0,0.38582526492262115
CHEMBL919,FOSPHENYTOIN SODIUM,10,0,0,0.4597015022910725,-8.483,-6.927,False,,,,360.3,0.28,121.8,GALNS,-7.407,79.7976501305483,0.797976501305483,0.0,0.6,0.5,0.5141906005221932,0.5141906005221932,0.0,0.3856429503916449
CHEMBL1722,METHYLPHENIDATE HYDROCHLORIDE,10,0,0,0.41320533559267875,-7.128,-5.7379999999999995,False,,,,233.3,2.09,38.3,TNIK,-6.629,47.61671563826314,0.47616715638263135,0.0,1.0,0.8242056993121519,0.5140977174498753,0.5140977174498753,0.0,0.3855732880874065
CHEMBL796,METHYLPHENIDATE,10,0,0,0.41320533559267875,-7.128,-5.7379999999999995,False,,,,233.3,2.09,38.3,TNIK,-6.629,47.61671563826314,0.47616715638263135,0.0,1.0,0.8242056993121519,0.5140977174498753,0.5140977174498753,0.0,0.3855732880874065
CHEMBL454,BUTALBITAL,10,0,0,0.3766599824079377,-6.642,-5.2875,False,Launched,GABA receptor antagonist,headache|muscle relaxant,224.3,0.96,75.3,MAPK14,-6.642,51.82529335071708,0.5182529335071708,0.0,0.9500000000000001,0.778536615334207,0.5140816657029994,0.5140816657029994,0.0,0.38556124927724955
CHEMBL1557,DOPAMINE HYDROCHLORIDE,10,0,0,0.36330888515173126,-6.154,-5.5305,False,,,,153.2,0.6,66.5,SERPINE1,-6.154,64.76422764227642,0.6476422764227643,0.0,0.9,0.5,0.5140569105691057,0.5140569105691057,0.0,0.3855426829268293
CHEMBL6068335,PEMETREXED DISODIUM HEMIPENTAHYDRATE,10,0,0,0.4701295103227315,-9.214,-8.0395,False,,,,425.4,-2.0,196.9,AXL,-7.898,85.5096059915337,0.855096059915337,0.0,0.2,0.8797731045932484,0.5140043896551221,0.5140043896551221,0.0,0.38550329224134156
CHEMBL6068329,PEMETREXED DIPOTASSIUM,10,0,0,0.4701295103227315,-9.214,-8.0395,False,,,,425.4,-2.0,196.9,AXL,-7.898,85.5096059915337,0.855096059915337,0.0,0.2,0.8797731045932484,0.5140043896551221,0.5140043896551221,0.0,0.38550329224134156
CHEMBL2360464,PEMETREXED DISODIUM,10,0,0,0.4701295103227315,-9.214,-8.0395,False,,,,425.4,-2.0,196.9,AXL,-7.898,85.5096059915337,0.855096059915337,0.0,0.2,0.8797731045932484,0.5140043896551221,0.5140043896551221,0.0,0.38550329224134156
CHEMBL770,TOLAZOLINE,10,0,0,0.42183645692033933,-6.592,-6.068,False,Launched,adrenergic receptor antagonist,reverse sedative,160.2,1.23,24.4,SERPINE1,-6.029,59.72357723577236,0.5972357723577236,0.0,1.0,0.5,0.5138943089430894,0.5138943089430894,0.0,0.38542073170731705
CHEMBL1689,TOLAZOLINE HYDROCHLORIDE,10,0,0,0.41183645692033927,-6.592,-6.068,False,,,,160.2,1.23,24.4,SERPINE1,-6.029,59.72357723577236,0.5972357723577236,0.0,1.0,0.5,0.5138943089430894,0.5138943089430894,0.0,0.38542073170731705
CHEMBL218394,BOCEPREVIR,10,0,0,0.45820106283068024,-9.116,-7.3135,False,Launched,HCV inhibitor,hepatitis C,519.7,1.71,150.7,SLC2A1,-9.116,74.1030658838878,0.741030658838878,0.0,0.4,0.9141924959216966,0.5135411379238057,0.5135411379238057,0.0,0.3851558534428543
CHEMBL139877,SULFACARBAMIDE,10,0,0,0.3817925451140312,-6.799,-6.399,False,Withdrawn,,,215.2,-0.37,115.3,SERPINE1,-6.534,79.6260162601626,0.796260162601626,0.0,0.6,0.5,0.5135040650406504,0.5135040650406504,0.0,0.3851280487804878
CHEMBL13280,FLUNITRAZEPAM,10,0,0,0.38196554948824457,-7.629,-5.7325,False,,,,313.3,2.55,75.8,ACVR1,-7.629,48.47154471544716,0.48471544715447157,0.0,1.0,0.7969667318982387,0.5134311886465245,0.5134311886465245,0.0,0.3850733914848934
CHEMBL3301612,ENCORAFENIB,10,0,0,0.44448478429170224,-8.774,-7.2695,False,Launched,RAF inhibitor,melanoma,540.0,3.91,140.1,ACVR1,-8.774,78.4390243902439,0.784390243902439,0.0,0.4,0.7969667318982387,0.5133011073457114,0.5133011073457114,0.0,0.3849758305092836
CHEMBL440,THIAMYLAL,10,0,0,0.37437697473102166,-6.577,-5.515000000000001,False,Launched,glutamate receptor antagonist,sedative,254.4,1.52,58.2,MAPK14,-6.577,49.103650586701434,0.49103650586701436,0.0,1.0,0.778536615334207,0.5131950946469368,0.5131950946469368,0.0,0.3848963209852026
CHEMBL1909298,PINAVERIUM BROMIDE,10,0,0,0.3945315149319722,-8.462,-7.0015,False,,,,511.5,5.29,36.9,MAPK14,-7.552,79.02542372881356,0.7902542372881356,0.0,0.4,0.778536615334207,0.5128821872153853,0.5128821872153853,0.0,0.38466164041153894
CHEMBL1909324,PINAVERIUM,10,0,0,0.3945315149319722,-8.462,-7.0015,False,Launched,T-type calcium channel blocker,irritable bowel syndrome,511.5,5.29,36.9,MAPK14,-7.552,79.02542372881356,0.7902542372881356,0.0,0.4,0.778536615334207,0.5128821872153853,0.5128821872153853,0.0,0.38466164041153894
CHEMBL1577,METHYCLOTHIAZIDE,10,0,0,0.38654305805582867,-7.565,-6.486,False,Launched,chloride reabsorption inhibitor,hypertension|edema,360.2,0.6,109.6,MAPK14,-7.16,68.93741851368969,0.689374185136897,0.0,0.6,0.778536615334207,0.5125301663548898,0.5125301663548898,0.0,0.38439762476616735
CHEMBL2105941,AMOBARBITAL SODIUM,10,0,0,0.3477973222959859,-6.95,-5.322,False,,,,225.3,0.19,81.6,TNIK,-6.95,57.21514854717598,0.5721514854717598,0.0,0.8,0.8242056993121519,0.5124914490855267,0.5124914490855267,0.0,0.384368586814145
CHEMBL750,ZONISAMIDE,10,0,0,0.38751724698856005,-6.68,-5.71,True,Launched,sodium channel blocker|T-type calcium channel blocker,seizures|epilepsy,212.2,0.62,86.2,TNIK,-6.68,49.640874959190334,0.49640874959190334,0.0,0.9500000000000001,0.8242056993121519,0.5121943547335842,0.5121943547335842,0.0,0.38414576605018813
CHEMBL3039598,FOSINOPRIL,10,0,0,0.39415641552813496,-9.331,-7.3195,False,Launched,angiotensin converting enzyme inhibitor,hypertension|congestive heart failure,563.7,6.12,110.2,AXL,-7.874,85.05372842722241,0.8505372842722241,0.0,0.2,0.8797731045932484,0.5121808793978769,0.5121808793978769,0.0,0.38413565954840767
CHEMBL465026,NEFOPAM,10,0,0,0.40674844266023513,-7.09,-5.15,True,Launched,cyclooxygenase inhibitor,pain relief,253.3,3.24,12.5,ACVR1,-7.09,35.479674796747965,0.3547967479674796,0.2,1.0,0.7969667318982387,0.5114637089717277,0.5114637089717277,0.0,0.3835977817287958
CHEMBL1771,CLOPIDOGREL,10,0,0,0.4564462479063292,-7.723,-6.234,False,Launched,purinergic receptor antagonist,myocardial infarction|stroke|peripheral artery disease (PAD)|acute coronary syndrome (ACS),321.8,3.67,29.5,SLC2A1,-7.723,43.574690150032616,0.43574690150032613,0.0,1.0,0.9141924959216966,0.511427634988385,0.511427634988385,0.0,0.38357072624128874
CHEMBL6068338,CLOPIDOGREL HYDROCHLORIDE,10,0,0,0.4564462479063292,-7.723,-6.234,False,,,,321.8,3.67,29.5,SLC2A1,-7.723,43.574690150032616,0.43574690150032613,0.0,1.0,0.9141924959216966,0.511427634988385,0.511427634988385,0.0,0.38357072624128874
CHEMBL1083385,CLOPIDOGREL BISULFATE,10,0,0,0.4564462479063292,-7.723,-6.234,False,,,,321.8,3.67,29.5,SLC2A1,-7.723,43.574690150032616,0.43574690150032613,0.0,1.0,0.9141924959216966,0.511427634988385,0.511427634988385,0.0,0.38357072624128874
CHEMBL6068333,CLOPIDOGREL BESILATE,10,0,0,0.4564462479063292,-7.723,-6.234,False,,,,321.8,3.67,29.5,SLC2A1,-7.723,43.574690150032616,0.43574690150032613,0.0,1.0,0.9141924959216966,0.511427634988385,0.511427634988385,0.0,0.38357072624128874
CHEMBL6068343,CLOPIDOGREL HYDROBROMIDE,10,0,0,0.4564462479063292,-7.723,-6.234,False,,,,321.8,3.67,29.5,SLC2A1,-7.723,43.574690150032616,0.43574690150032613,0.0,1.0,0.9141924959216966,0.511427634988385,0.511427634988385,0.0,0.38357072624128874
CHEMBL447,SECOBARBITAL,10,0,0,0.3820719848297325,-6.564,-5.5329999999999995,False,,,,238.3,1.35,75.3,MAPK14,-6.564,48.63102998696219,0.4863102998696219,0.0,1.0,0.778536615334207,0.5113046122479799,0.5113046122479799,0.0,0.3834784591859849
CHEMBL1460,DIDANOSINE,10,0,0,0.3888672514420014,-7.364,-6.4635,False,Launched,nucleoside reverse transcriptase inhibitor,human immunodeficiency virus (HIV-1),236.2,-0.21,93.0,SERPINE1,-6.516,79.07317073170732,0.7907317073170732,0.0,0.6,0.5,0.5112926829268293,0.5112926829268293,0.0,0.38346951219512193
CHEMBL1604,CEPHRADINE,10,0,0,0.4322767315222878,-8.206,-6.8015,False,Launched,bacterial cell wall synthesis inhibitor,skin infections|respiratory tract infections|urinary tract infections,349.4,0.35,112.7,TNIK,-7.278,66.79725759059745,0.6679725759059746,0.0,0.6,0.8242056993121519,0.5108198852592126,0.5108198852592126,0.0,0.38311491394440944
CHEMBL1200500,BECLOMETHASONE DIPROPIONATE,10,0,0,0.39391891834076775,-8.329,-6.9465,False,,,,521.1,4.09,107.0,AXL,-7.44,74.69879518072288,0.7469879518072289,0.0,0.4,0.8797731045932484,0.5107611464118789,0.5107611464118789,0.0,0.38307085980890915
CHEMBL1043,DAPSONE,10,0,0,0.44762631354386534,-7.191,-6.1535,False,Launched,bacterial antifolate,dermatitis herpetiformis (DH)|leprosy,248.3,1.68,86.2,ITPKC,-5.273,58.939641109298535,0.5893964110929854,0.0,1.0,0.5,0.5107585644371941,0.5107585644371941,0.0,0.3830689233278956
CHEMBL3183184,OCTINOXATE,10,0,0,0.36719465282398,-6.995,-6.33,False,Launched,,sunscreen lotion,290.4,4.47,35.5,MAPK14,-6.995,63.46153846153846,0.6346153846153846,0.0,0.7,0.778536615334207,0.510626646146285,0.510626646146285,0.0,0.3829699846097137
CHEMBL437765,RIFAMYCIN,10,0,0,0.3566848208512262,-9.517,-6.5685,False,Launched,DNA directed RNA polymerase inhibitor,tuberculosis|leprosy,697.8,4.75,201.3,SLC2A1,-9.517,83.34964122635355,0.8334964122635355,0.0,0.2,0.9141924959216966,0.5105274392936687,0.5105274392936687,0.0,0.38289557947025155
CHEMBL1166,ARGATROBAN,10,0,0,0.4290204989313658,-10.44,-7.801,False,Launched,thrombin inhibitor,heparin-induced thrombocytopenia (HIT),508.6,0.91,177.7,SLC2A1,-10.44,93.31376386170906,0.9331376386170906,0.0,0.0,0.9141924959216966,0.5103839298350907,0.5103839298350907,0.0,0.38278794737631805
CHEMBL1371,CHLORZOXAZONE,10,0,0,0.3814079298050782,-6.008,-5.6419999999999995,False,Launched,bacterial 30S ribosomal subunit inhibitor,muscle relaxant,169.6,1.77,46.0,SERPINE1,-6.008,58.829268292682926,0.5882926829268292,0.0,1.0,0.5,0.5103170731707317,0.5103170731707317,0.0,0.38273780487804876
CHEMBL62193,SULFADIMETHOXINE,10,0,0,0.4120736306467476,-7.376,-6.8115000000000006,False,,,,310.3,0.88,116.4,SERPINE1,-6.506,78.76422764227642,0.7876422764227642,0.0,0.6,0.5,0.5100569105691056,0.5100569105691056,0.0,0.38254268292682925
CHEMBL1200382,BEPRIDIL HYDROCHLORIDE,10,0,0,0.3995140100604206,-8.189,-6.372,False,,,,366.5,4.83,15.7,ACVR1,-8.189,62.56910569105691,0.6256910569105691,0.0,0.7,0.7969667318982387,0.5098214325489635,0.5098214325489635,0.0,0.38236607441172266
CHEMBL2105980,CHLORPHENOXAMINE HYDROCHLORIDE,10,0,0,0.4278508200180745,-7.816,-6.3215,False,,,,303.8,4.18,12.5,ACVR1,-7.816,52.569105691056905,0.525691056910569,0.0,0.9,0.7969667318982387,0.5098214325489635,0.5098214325489635,0.0,0.38236607441172266
CHEMBL1008,BEPRIDIL,10,0,0,0.3995140100604206,-8.189,-6.372,False,Launched,calcium channel blocker,angina pectoris,366.5,4.83,15.7,ACVR1,-8.189,62.56910569105691,0.6256910569105691,0.0,0.7,0.7969667318982387,0.5098214325489635,0.5098214325489635,0.0,0.38236607441172266
CHEMBL2110774,CHLORPHENOXAMINE,10,0,0,0.4278508200180745,-7.816,-6.3215,False,Preclinical,histamine receptor antagonist,,303.8,4.18,12.5,ACVR1,-7.816,52.569105691056905,0.525691056910569,0.0,0.9,0.7969667318982387,0.5098214325489635,0.5098214325489635,0.0,0.38236607441172266
CHEMBL6067656,CEFTRIAXONE SODIUM,10,0,0,0.3998637798826894,-8.153,-7.0065,False,,,,552.6,-3.17,220.9,AXL,-7.423,74.4220123738196,0.744220123738196,0.0,0.4,0.8797731045932484,0.5096540151842657,0.5096540151842657,0.0,0.38224051138819926
CHEMBL1200472,QUAZEPAM,10,0,0,0.3749219247436283,-7.815,-5.4635,False,,,,386.8,5.03,15.6,ACVR1,-7.815,52.52032520325203,0.5252032520325203,0.0,0.9,0.7969667318982387,0.509626310597744,0.509626310597744,0.0,0.382219732948308
CHEMBL26,SULPIRIDE,10,0,0,0.43596215114228887,-7.665,-6.835,False,Launched,dopamine receptor antagonist,schizophrenia,341.4,0.56,101.7,MAPK14,-6.898,60.69100391134289,0.6069100391134289,0.0,0.75,0.778536615334207,0.5095445079455025,0.5095445079455025,0.0,0.3821583809591269
CHEMBL105,MITOMYCIN,10,0,0,0.38924113234767915,-7.749,-6.3105,False,,,,334.3,-1.65,146.9,ITPKC,-5.804,78.62969004893964,0.7862969004893964,0.0,0.6,0.5,0.5095187601957586,0.5095187601957586,0.0,0.3821390701468189
CHEMBL461522,METAMIZOLE,10,0,0,0.4022272425752197,-7.179,-6.4455,False,Withdrawn,cyclooxygenase inhibitor|opioid receptor agonist,,311.4,0.77,84.5,AXL,-6.677,54.34711820253989,0.5434711820253989,0.0,0.8,0.8797731045932484,0.5093544384991469,0.5093544384991469,0.0,0.38201582887436014
CHEMBL2181927,FINERENONE,10,0,0,0.43956102541429365,-7.694,-6.677,False,,,,378.4,2.99,110.3,AXL,-6.675,54.2819928362097,0.542819928362097,0.0,0.8,0.8797731045932484,0.5090939370338261,0.5090939370338261,0.0,0.3818204527753696
CHEMBL636,RIVASTIGMINE,10,0,0,0.38918949817976,-6.596,-5.839499999999999,False,Launched,acetylcholinesterase inhibitor,Alzheimer's disease|Parkinson's Disease|senile dementia,250.3,2.76,32.8,TNIK,-6.596,46.343454129937975,0.4634345412993797,0.0,1.0,0.8242056993121519,0.5090046714165747,0.5090046714165747,0.0,0.381753503562431
CHEMBL1201092,RIVASTIGMINE TARTRATE,10,0,0,0.38918949817976,-6.596,-5.839499999999999,False,,,,250.3,2.76,32.8,TNIK,-6.596,46.343454129937975,0.4634345412993797,0.0,1.0,0.8242056993121519,0.5090046714165747,0.5090046714165747,0.0,0.381753503562431
CHEMBL3989859,TOCOPHEROL ACETATE,10,0,0,0.362592277165209,-8.577,-6.865,False,,,,472.8,9.06,35.5,TNIK,-7.675,76.33039503754489,0.7633039503754488,0.0,0.4,0.8242056993121519,0.5089524350470024,0.5089524350470024,0.0,0.3817143262852518
CHEMBL1363,ARFORMOTEROL,10,0,0,0.4052767295763632,-8.755,-7.1884999999999994,False,,,,344.4,2.22,90.8,TNIK,-7.674,76.23245184459681,0.762324518445968,0.0,0.4,0.8242056993121519,0.50856066227521,0.50856066227521,0.0,0.38142049670640754
CHEMBL1951071,ARFORMOTEROL TARTRATE,10,0,0,0.4052767295763632,-8.755,-7.1884999999999994,False,,,,344.4,2.22,90.8,TNIK,-7.674,76.23245184459681,0.762324518445968,0.0,0.4,0.8242056993121519,0.50856066227521,0.50856066227521,0.0,0.38142049670640754
CHEMBL2104445,TRITOQUALINE,10,0,0,0.3914066574055047,-8.377,-6.1205,False,,,,500.5,3.64,110.9,AXL,-7.024,64.13220449365028,0.6413220449365028,0.0,0.6,0.8797731045932484,0.5084947836635884,0.5084947836635884,0.0,0.38137108774769124
CHEMBL1078261,PROPIVERINE,10,0,0,0.4477433188620609,-7.791,-6.2145,False,Launched,acetylcholine receptor antagonist,urinary incontinence,367.5,3.99,38.8,ADRA2A,-7.791,57.149837133550484,0.5714983713355049,0.0,1.0,0.5324652394614875,0.5084691344534251,0.5084691344534251,0.0,0.38135185084006884
CHEMBL127516,BUTAMBEN,10,0,0,0.3977631282105643,-6.559,-5.925000000000001,False,Withdrawn,sodium channel blocker,,193.2,2.23,52.3,SERPINE1,-6.001,58.3089430894309,0.583089430894309,0.0,1.0,0.5,0.5082357723577235,0.5082357723577235,0.0,0.38117682926829266
CHEMBL3142541,BUTAMBEN PICRATE,10,0,0,0.3977631282105643,-6.559,-5.925000000000001,False,,,,193.2,2.23,52.3,SERPINE1,-6.001,58.3089430894309,0.583089430894309,0.0,1.0,0.5,0.5082357723577235,0.5082357723577235,0.0,0.38117682926829266
CHEMBL1451,TRIAMCINOLONE,10,0,0,0.4777657450331964,-9.011,-7.466,False,Launched,glucocorticoid receptor agonist,corticosteroid-responsive dermatoses,394.4,0.62,115.1,SLC2A1,-9.011,72.76581865622961,0.7276581865622961,0.0,0.4,0.9141924959216966,0.5081921490131729,0.5081921490131729,0.0,0.38114411175987967
CHEMBL1200326,NICARDIPINE HYDROCHLORIDE,10,0,0,0.4238101527353361,-8.365,-7.3605,False,,,,479.5,3.68,111.0,MAPK14,-7.498,77.85202086049544,0.7785202086049544,0.0,0.4,0.778536615334207,0.5081885757421128,0.5081885757421128,0.0,0.38114143180658466
CHEMBL1484,NICARDIPINE,10,0,0,0.4238101527353361,-8.365,-7.3605,False,Launched,calcium channel blocker,chronic stable angina|hypertension,479.5,3.68,111.0,MAPK14,-7.498,77.85202086049544,0.7785202086049544,0.0,0.4,0.778536615334207,0.5081885757421128,0.5081885757421128,0.0,0.38114143180658466
CHEMBL1201233,METHYLDOPATE,10,0,0,0.34888045785123567,-6.613,-6.3025,False,Launched,,hypertension,239.3,0.92,92.8,SERPINE1,-6.493,78.27642276422763,0.7827642276422764,0.0,0.6,0.5,0.5081056910569105,0.5081056910569105,0.0,0.3810792682926829
CHEMBL1200432,METHYLDOPATE HYDROCHLORIDE,10,0,0,0.34888045785123567,-6.613,-6.3025,False,,,,239.3,0.92,92.8,SERPINE1,-6.493,78.27642276422763,0.7827642276422764,0.0,0.6,0.5,0.5081056910569105,0.5081056910569105,0.0,0.3810792682926829
CHEMBL24778,SILODOSIN,10,0,0,0.41126152246109926,-9.01,-7.1135,False,Launched,adrenergic receptor antagonist,benign prostatic hyperplasia (BPH),495.5,3.07,97.1,SLC2A1,-9.01,72.73320287018917,0.7273320287018917,0.0,0.4,0.9141924959216966,0.5080616858690112,0.5080616858690112,0.0,0.3810462644017584
CHEMBL698,TETRACAINE,10,0,0,0.40406747364842116,-6.561,-6.0175,False,Launched,membrane integrity inhibitor,anesthetic,264.4,2.62,41.6,SERPINE1,-6.0,58.22764227642276,0.5822764227642276,0.0,1.0,0.5,0.5079105691056911,0.5079105691056911,0.0,0.3809329268292683
CHEMBL1255654,TETRACAINE HYDROCHLORIDE,10,0,0,0.40406747364842116,-6.561,-6.0175,False,,,,264.4,2.62,41.6,SERPINE1,-6.0,58.22764227642276,0.5822764227642276,0.0,1.0,0.5,0.5079105691056911,0.5079105691056911,0.0,0.3809329268292683
CHEMBL1200411,ROPINIROLE HYDROCHLORIDE,10,0,0,0.4103249651312715,-7.139,-6.02,False,,,,260.4,2.85,32.3,TNIK,-6.588,46.0496245510937,0.460496245510937,0.0,1.0,0.8242056993121519,0.5078293531011976,0.5078293531011976,0.0,0.38087201482589816
CHEMBL548,DINOPROSTONE,10,0,0,0.36933237192220036,-7.651,-6.3605,False,Withdrawn,prostanoid receptor agonist,,352.5,3.25,94.8,TNIK,-7.245,66.01371204701273,0.6601371204701273,0.0,0.6,0.8242056993121519,0.5076857030848737,0.5076857030848737,0.0,0.38076427731365525
CHEMBL1200971,CEPHALOGLYCIN,10,0,0,0.4557389478387274,-8.096,-7.0405,False,,,,405.4,-0.01,139.0,SERPINE1,-6.491,78.16260162601625,0.7816260162601626,0.0,0.6,0.5,0.507650406504065,0.507650406504065,0.0,0.38073780487804876
CHEMBL393220,ATORVASTATIN CALCIUM,10,0,0,0.36478248661886836,-9.186,-7.045,False,,,,557.6,4.98,114.6,ACVR1,-9.186,86.99186991869918,0.8699186991869918,0.0,0.2,0.7969667318982387,0.5075124894595325,0.5075124894595325,0.0,0.3806343670946494
CHEMBL2107067,TESTOSTERONE UNDECANOATE,10,0,0,0.3420886114746272,-7.87,-6.568,False,,,,456.7,7.96,43.4,MAPK14,-7.493,77.67275097783572,0.7767275097783571,0.0,0.4,0.778536615334207,0.5074714962114739,0.5074714962114739,0.0,0.38060362215860544
CHEMBL1200482,CEFOPERAZONE SODIUM,10,0,0,0.4541738934021504,-9.484,-7.5665,False,,,,644.7,-2.45,223.1,SLC2A1,-9.484,82.58317025440313,0.8258317025440313,0.0,0.2,0.9141924959216966,0.507461555405867,0.507461555405867,0.0,0.38059616655440026
CHEMBL1469,PHENYLBUTANOIC ACID,10,0,0,0.39607361388847917,-6.437,-5.8565000000000005,False,,,,164.2,2.09,37.3,SERPINE1,-5.996,58.113821138211385,0.5811382113821139,0.0,1.0,0.5,0.5074552845528455,0.5074552845528455,0.0,0.3805914634146341
CHEMBL829,METHYLPROMAZINE,10,0,0,0.41137458282675743,-7.77,-6.0385,False,,,,298.5,4.49,6.5,AXL,-6.475,48.778899381309024,0.48778899381309027,0.0,0.9,0.8797731045932484,0.5070815632142234,0.5070815632142234,0.0,0.38031117241066753
CHEMBL3989885,TRIMEPRAZINE TARTRATE,10,0,0,0.41137458282675743,-7.77,-6.0385,False,,,,298.5,4.49,6.5,AXL,-6.475,48.778899381309024,0.48778899381309027,0.0,0.9,0.8797731045932484,0.5070815632142234,0.5070815632142234,0.0,0.38031117241066753
CHEMBL488093,PYRITINOL,10,0,0,0.3899851948487198,-8.193,-6.445,False,Launched,,rheumatoid arthritis|senile dementia,368.5,2.57,106.7,SLC2A1,-8.193,54.95759947814742,0.5495759947814742,0.0,0.75,0.9141924959216966,0.5069592723008443,0.5069592723008443,0.0,0.3802194542256332
CHEMBL4650215,INAVOLISIB,10,0,0,0.41105529464655444,-7.615,-6.5385,False,,,,407.4,1.82,111.7,TNIK,-6.904,55.827619980411356,0.5582761998041136,0.0,0.8,0.8242056993121519,0.5069413348184683,0.5069413348184683,0.0,0.38020600111385117
CHEMBL1037,GUANADREL,10,0,0,0.4050113902049626,-7.558,-6.0525,False,Launched,adrenergic inhibitor,hypertension,213.3,0.55,80.4,MAPK14,-6.801,57.44784876140808,0.5744784876140808,0.0,0.8,0.778536615334207,0.5065718873457634,0.5065718873457634,0.0,0.37992891550932256
CHEMBL3184143,GUANADREL SULFATE,10,0,0,0.4050113902049626,-7.558,-6.0525,False,,,,213.3,0.55,80.4,MAPK14,-6.801,57.44784876140808,0.5744784876140808,0.0,0.8,0.778536615334207,0.5065718873457634,0.5065718873457634,0.0,0.37992891550932256
CHEMBL1004,DOXYLAMINE,10,0,0,0.4161076964465854,-7.547,-5.699999999999999,False,Launched,histamine receptor antagonist,sedative,270.4,2.92,25.4,ACVR1,-7.547,46.71544715447155,0.46715447154471545,0.0,1.0,0.7969667318982387,0.506406798402622,0.506406798402622,0.0,0.37980509880196656
CHEMBL116,AMPRENAVIR,10,0,0,0.41942973934238986,-8.814,-7.043,False,Launched,HIV protease inhibitor,human immunodeficiency virus (HIV-1),505.6,2.4,131.2,ACVR1,-8.69,76.71544715447155,0.7671544715447155,0.0,0.4,0.7969667318982387,0.506406798402622,0.506406798402622,0.0,0.37980509880196656
CHEMBL1200392,DOXYLAMINE SUCCINATE,10,0,0,0.4161076964465854,-7.547,-5.699999999999999,False,,,,270.4,2.92,25.4,ACVR1,-7.547,46.71544715447155,0.46715447154471545,0.0,1.0,0.7969667318982387,0.506406798402622,0.506406798402622,0.0,0.37980509880196656
CHEMBL3391662,PARITAPREVIR,10,0,0,0.35719825637585406,-8.404,-5.859,False,Launched,HCV inhibitor,hepatitis C,765.9,3.64,189.6,AXL,-6.992,63.562357538261146,0.6356235753826115,0.0,0.6,0.8797731045932484,0.5062153958420319,0.5062153958420319,0.0,0.3796615468815239
CHEMBL1200672,CEFPIRAMIDE SODIUM,10,0,0,0.419360411938008,-9.599,-7.7765,False,,,,611.6,-1.01,215.6,AXL,-8.35,93.55258873331162,0.9355258873331163,0.0,0.0,0.8797731045932484,0.5061763206222337,0.5061763206222337,0.0,0.3796322404666753
CHEMBL1200972,CHLOPHEDIANOL HYDROCHLORIDE,10,0,0,0.43259201433548966,-7.652,-5.943,False,,,,289.8,3.53,23.5,SLC2A1,-7.652,42.22113502935421,0.42221135029354206,0.0,1.0,0.9141924959216966,0.5060134145056714,0.5060134145056714,0.0,0.37951006087925354
CHEMBL1201313,CHLOPHEDIANOL,10,0,0,0.43259201433548966,-7.652,-5.943,False,,,,289.8,3.53,23.5,SLC2A1,-7.652,42.22113502935421,0.42221135029354206,0.0,1.0,0.9141924959216966,0.5060134145056714,0.5060134145056714,0.0,0.37951006087925354
CHEMBL92401,IPRONIAZID,10,0,0,0.3814316999848477,-6.646,-5.8485,False,Withdrawn,monoamine oxidase inhibitor,,179.2,0.72,54.0,MAPK14,-6.646,52.249022164276404,0.522490221642764,0.0,0.9,0.778536615334207,0.5057765809572368,0.5057765809572368,0.0,0.3793324357179276
CHEMBL225071,RALTITREXED,10,0,0,0.4356034036584318,-8.686,-7.743,False,Launched,thymidylate synthase inhibitor,mesothelioma,458.5,1.98,152.7,AXL,-7.776,83.44187561055031,0.8344187561055031,0.0,0.2,0.8797731045932484,0.5057334681311885,0.5057334681311885,0.0,0.37930010109839135
CHEMBL1590,PSEUDOEPHEDRINE,10,0,0,0.38933502202364073,-6.108,-5.8065,False,,,,165.2,1.33,32.3,SERPINE1,-5.989,57.65853658536585,0.5765853658536585,0.0,1.0,0.5,0.5056341463414634,0.5056341463414634,0.0,0.37922560975609754
CHEMBL3989855,PSEUDOEPHEDRINE SULFATE,10,0,0,0.38933502202364073,-6.108,-5.8065,False,,,,165.2,1.33,32.3,SERPINE1,-5.989,57.65853658536585,0.5765853658536585,0.0,1.0,0.5,0.5056341463414634,0.5056341463414634,0.0,0.37922560975609754
CHEMBL1200724,PSEUDOEPHEDRINE HYDROCHLORIDE,10,0,0,0.38933502202364073,-6.108,-5.8065,False,,,,165.2,1.33,32.3,SERPINE1,-5.989,57.65853658536585,0.5765853658536585,0.0,1.0,0.5,0.5056341463414634,0.5056341463414634,0.0,0.37922560975609754
CHEMBL1259059,SOFOSBUVIR,10,0,0,0.4351926597875366,-8.753,-7.165,False,Launched,HCV inhibitor,hepatitis C|hepatitis C,529.5,1.66,158.2,VASH2,-7.913,87.55700325732899,0.8755700325732899,0.0,0.4,0.5,0.505228013029316,0.505228013029316,0.0,0.37892100977198695
CHEMBL19449,IBUDILAST,10,0,0,0.44146205738938116,-7.214,-6.3485,False,Launched,leukotriene receptor antagonist|phosphodiesterase inhibitor,asthma|stroke,230.3,3.3,34.4,AXL,-6.254,43.27580592640833,0.43275805926408334,0.0,1.0,0.8797731045932484,0.5050691893946206,0.5050691893946206,0.0,0.3788018920459655
CHEMBL4802239,MOBOCERTINIB SUCCINATE,10,0,0,0.38845551002936707,-9.452,-7.058,False,,,,585.7,5.08,113.8,SLC2A1,-9.452,81.94716242661448,0.8194716242661448,0.0,0.2,0.9141924959216966,0.5049175240947125,0.5049175240947125,0.0,0.3786881430710344
CHEMBL4650319,MOBOCERTINIB,10,0,0,0.38845551002936707,-9.452,-7.058,False,,,,585.7,5.08,113.8,SLC2A1,-9.452,81.94716242661448,0.8194716242661448,0.0,0.2,0.9141924959216966,0.5049175240947125,0.5049175240947125,0.0,0.3786881430710344
CHEMBL1201020,DISOPYRAMIDE PHOSPHATE,10,0,0,0.4501908355925527,-7.612,-6.2095,False,,,,339.5,3.36,59.2,AXL,-6.25,43.12927385216542,0.4312927385216542,0.0,1.0,0.8797731045932484,0.504483061097649,0.504483061097649,0.0,0.3783622958232367
CHEMBL517,DISOPYRAMIDE,10,0,0,0.4501908355925527,-7.612,-6.2095,False,Launched,sodium channel blocker,ventricular tachycardia (VT)|ventricular arrhythmias,339.5,3.36,59.2,AXL,-6.25,43.12927385216542,0.4312927385216542,0.0,1.0,0.8797731045932484,0.504483061097649,0.504483061097649,0.0,0.3783622958232367
CHEMBL2095208,COBICISTAT,10,0,0,0.40325458937419556,-9.377,-7.3055,False,Launched,cytochrome P450 inhibitor,human immunodeficiency virus (HIV-1),776.0,6.0,138.0,ACVR1,-9.144,86.16260162601625,0.8616260162601626,0.0,0.2,0.7969667318982387,0.5041954162888008,0.5041954162888008,0.0,0.3781465622166006
CHEMBL606260,CARBENICILLIN DISODIUM,10,0,0,0.4355985719091735,-8.517,-6.8925,False,,,,376.4,-2.18,129.7,SLC2A1,-8.517,61.72537508153947,0.6172537508153947,0.0,0.6,0.9141924959216966,0.5040303747144124,0.5040303747144124,0.0,0.3780227810358093
CHEMBL1201000,NITROFURANTOIN SODIUM,10,0,0,0.3440511411083147,-7.081,-6.359999999999999,False,,,,237.2,0.86,120.1,MAPK14,-7.081,66.78617992177314,0.6678617992177314,0.0,0.6,0.778536615334207,0.5039252119872236,0.5039252119872236,0.0,0.37794390899041774
CHEMBL218291,FORODESINE,10,0,0,0.37712202222579405,-7.585,-6.6435,False,Launched,purinergic receptor antagonist,peripheral T-cell lymphoma (PTCL),266.3,-2.02,134.3,SERPINE1,-6.755,87.17073170731707,0.8717073170731707,0.0,0.4,0.5,0.5036829268292683,0.5036829268292683,0.0,0.3777621951219512
CHEMBL550755,FORODESINE HYDROCHLORIDE,10,0,0,0.37712202222579405,-7.585,-6.6435,False,,,,266.3,-2.02,134.3,SERPINE1,-6.755,87.17073170731707,0.8717073170731707,0.0,0.4,0.5,0.5036829268292683,0.5036829268292683,0.0,0.3777621951219512
CHEMBL637,VENLAFAXINE,10,0,0,0.4135014457673485,-7.619,-5.6884999999999994,True,Launched,adrenergic inhibitor|norepinephrine reuptake inhibitor|serotonin–norepinephrine reuptake inhibitor (SNRI),depression|generalized anxiety disorder (GAD)|panic disorders|social anxiety disorder,277.4,3.04,32.7,SLC2A1,-7.619,41.617742987606,0.41617742987606,0.0,1.0,0.9141924959216966,0.5035998463386785,0.5035998463386785,0.0,0.37769988475400884
CHEMBL5095051,VENLAFAXINE BESYLATE,10,0,0,0.4135014457673485,-7.619,-5.6884999999999994,False,,,,277.4,3.04,32.7,SLC2A1,-7.619,41.617742987606,0.41617742987606,0.0,1.0,0.9141924959216966,0.5035998463386785,0.5035998463386785,0.0,0.37769988475400884
CHEMBL1201066,VENLAFAXINE HYDROCHLORIDE,10,0,0,0.4135014457673485,-7.619,-5.6884999999999994,False,,,,277.4,3.04,32.7,SLC2A1,-7.619,41.617742987606,0.41617742987606,0.0,1.0,0.9141924959216966,0.5035998463386785,0.5035998463386785,0.0,0.37769988475400884
CHEMBL374975,FUSIDIC ACID,10,0,0,0.4413000312105185,-8.952,-6.9665,False,,,,516.7,5.67,104.1,SLC2A1,-8.952,71.59165035877365,0.7159165035877365,0.0,0.4,0.9141924959216966,0.5034954758233492,0.5034954758233492,0.0,0.3776216068675119
CHEMBL70046,SORIVUDINE,10,0,0,0.321001399191215,-7.615,-5.901999999999999,False,,,,349.1,-1.49,124.8,TNIK,-7.615,74.95919033627163,0.7495919033627163,0.0,0.4,0.8242056993121519,0.5034676162419093,0.5034676162419093,0.0,0.377600712181432
CHEMBL1763,HYDROFLUMETHIAZIDE,10,0,0,0.4129048562207992,-7.952,-6.6,False,Launched,sodium/potassium/chloride transporter inhibitor,edema|congestive heart failure|hepatic cirrhosis|nephrotic syndrome|chronic renal failure|acute glomerulonephritis (AGN)|hypertension,331.3,0.01,118.4,SERPINE1,-6.463,77.10569105691056,0.7710569105691056,0.0,0.6,0.5,0.5034227642276422,0.5034227642276422,0.0,0.3775670731707317
CHEMBL1626223,PYRANTEL,10,0,0,0.38938695769778453,-6.553,-5.657,False,Launched,acetylcholine receptor agonist|nicotinic receptor agonist,gastrointestinal roundworms,206.3,2.5,15.6,TNIK,-6.553,44.939601697682015,0.44939601697682013,0.0,1.0,0.8242056993121519,0.5033892616875508,0.5033892616875508,0.0,0.3775419462656631
CHEMBL1201269,CHLORPHENTERMINE,10,0,0,0.3788493189839376,-6.553,-5.733,False,,,,183.7,2.62,26.0,TNIK,-6.553,44.939601697682015,0.44939601697682013,0.0,1.0,0.8242056993121519,0.5033892616875508,0.5033892616875508,0.0,0.3775419462656631
CHEMBL1200595,CHLORPHENTERMINE HYDROCHLORIDE,10,0,0,0.3788493189839376,-6.553,-5.733,False,,,,183.7,2.62,26.0,TNIK,-6.553,44.939601697682015,0.44939601697682013,0.0,1.0,0.8242056993121519,0.5033892616875508,0.5033892616875508,0.0,0.3775419462656631
CHEMBL3989693,LEVALBUTEROL TARTRATE,10,0,0,0.40952667045102853,-7.5,-6.2105,False,,,,239.3,1.31,72.7,SERPINE1,-6.212,67.07317073170732,0.6707317073170732,0.0,0.8,0.5,0.5032926829268293,0.5032926829268293,0.0,0.3774695121951219
CHEMBL1002,LEVOSALBUTAMOL,10,0,0,0.40952667045102853,-7.5,-6.2105,False,,,,239.3,1.31,72.7,SERPINE1,-6.212,67.07317073170732,0.6707317073170732,0.0,0.8,0.5,0.5032926829268293,0.5032926829268293,0.0,0.3774695121951219
CHEMBL1201061,LEVALBUTEROL HYDROCHLORIDE,10,0,0,0.40952667045102853,-7.5,-6.2105,False,,,,239.3,1.31,72.7,SERPINE1,-6.212,67.07317073170732,0.6707317073170732,0.0,0.8,0.5,0.5032926829268293,0.5032926829268293,0.0,0.3774695121951219
CHEMBL4594379,FOSLEVODOPA,10,0,0,0.3294080441934687,-6.752,-6.401,False,,,,277.2,-0.18,150.3,SERPINE1,-6.752,87.0569105691057,0.8705691056910569,0.0,0.4,0.5,0.5032276422764228,0.5032276422764228,0.0,0.3774207317073171
CHEMBL58323,LACOSAMIDE,10,0,0,0.3890517372440096,-6.744,-5.8695,True,,,,250.3,0.45,67.4,TNIK,-6.688,49.853085210577866,0.4985308521057787,0.0,0.9,0.8242056993121519,0.5030431957391343,0.5030431957391343,0.0,0.3772823968043507
CHEMBL1201005,CEFONICID SODIUM,10,0,0,0.41475530594035953,-8.654,-7.7555,False,,,,540.6,-2.59,210.6,AXL,-7.736,82.74177792250082,0.8274177792250081,0.0,0.2,0.8797731045932484,0.5029330773789905,0.5029330773789905,0.0,0.3771998080342429
CHEMBL1200802,TALBUTAL,10,0,0,0.32918129957583264,-6.759,-5.1185,False,,,,224.3,0.96,75.3,MAPK14,-6.759,56.40482398956975,0.5640482398956975,0.0,0.8,0.778536615334207,0.5023997882584101,0.5023997882584101,0.0,0.3767998411938076
CHEMBL1652,AMBENONIUM,10,0,0,0.4108361477429736,-8.34,-6.7405,False,Launched,cholinesterase inhibitor,myasthenia gravis,537.6,4.64,58.2,TNIK,-7.292,67.14005876591577,0.6714005876591577,0.0,0.55,0.8242056993121519,0.5021910899604859,0.5021910899604859,0.0,0.3766433174703644
CHEMBL657,DIPHENHYDRAMINE,10,0,0,0.4164146536461759,-7.51,-5.9215,False,Launched,histamine receptor antagonist,headache,255.4,3.35,12.5,ACVR1,-7.51,45.54471544715447,0.4554471544715447,0.0,1.0,0.7969667318982387,0.5017238715733537,0.5017238715733537,0.0,0.37629290368001533
CHEMBL1200406,DIMENHYDRINATE,10,0,0,0.4164146536461759,-7.51,-5.9215,False,Launched,histamine receptor antagonist,motion sickness|nausea|vomiting,255.4,3.35,12.5,ACVR1,-7.51,45.54471544715447,0.4554471544715447,0.0,1.0,0.7969667318982387,0.5017238715733537,0.5017238715733537,0.0,0.37629290368001533
CHEMBL1201089,DIPHENHYDRAMINE CITRATE,10,0,0,0.4164146536461759,-7.51,-5.9215,False,,,,255.4,3.35,12.5,ACVR1,-7.51,45.54471544715447,0.4554471544715447,0.0,1.0,0.7969667318982387,0.5017238715733537,0.5017238715733537,0.0,0.37629290368001533
CHEMBL1620,DIPHENHYDRAMINE HYDROCHLORIDE,10,0,0,0.4164146536461759,-7.51,-5.9215,False,,,,255.4,3.35,12.5,ACVR1,-7.51,45.54471544715447,0.4554471544715447,0.0,1.0,0.7969667318982387,0.5017238715733537,0.5017238715733537,0.0,0.37629290368001533
CHEMBL439,SULFADIAZINE,10,0,0,0.37588412134844146,-7.185,-6.648,False,Launched,bacterial antifolate,malaria|meningitis|urinary tract infections|conjunctivitis|trachoma|chancroid,250.3,0.86,98.0,TNIK,-7.185,64.51191642180868,0.6451191642180868,0.0,0.6,0.8242056993121519,0.5016785205840575,0.5016785205840575,0.0,0.3762588904380431
CHEMBL2219425,ARIPIPRAZOLE LAUROXIL,10,0,0,0.3955615739134913,-8.906,-6.7395,False,,,,660.7,8.68,62.3,SLC2A1,-8.906,71.00456621004567,0.7100456621004567,0.0,0.4,0.9141924959216966,0.5011471392284372,0.5011471392284372,0.0,0.3758603544213279
CHEMBL1146,CEFAMANDOLE,10,0,0,0.43467634405007416,-8.896,-6.907,False,Launched,bacterial cell wall synthesis inhibitor,skin infections|urinary tract infections|respiratory tract infections,462.5,-0.23,150.5,SLC2A1,-8.896,70.80887149380301,0.7080887149380302,0.0,0.4,0.9141924959216966,0.5003643603634667,0.5003643603634667,0.0,0.3752732702726
CHEMBL506,PRIMAQUINE,10,0,0,0.42694338426690903,-7.487,-5.9535,False,Launched,antimalarial agent|DNA inhibitor,malaria,259.4,2.78,60.2,ACVR1,-7.487,45.05691056910569,0.4505691056910569,0.0,1.0,0.7969667318982387,0.4997726520611586,0.4997726520611586,0.0,0.374829489045869
CHEMBL43128,PRIMAQUINE PHOSPHATE,10,0,0,0.42694338426690903,-7.487,-5.9535,False,,,,259.4,2.78,60.2,ACVR1,-7.487,45.05691056910569,0.4505691056910569,0.0,1.0,0.7969667318982387,0.4997726520611586,0.4997726520611586,0.0,0.374829489045869
CHEMBL1200745,OXPRENOLOL HYDROCHLORIDE,10,0,0,0.38045163447907066,-6.654,-5.984999999999999,False,,,,265.4,1.99,50.7,MAPK14,-6.624,50.73337679269883,0.5073337679269883,0.0,0.9,0.778536615334207,0.4997139994709264,0.4997139994709264,0.0,0.3747854996031948
CHEMBL546,OXPRENOLOL,10,0,0,0.38045163447907066,-6.654,-5.984999999999999,False,Launched,adrenergic receptor antagonist,angina pectoris|hypertension|cardiac arrythmia,265.4,1.99,50.7,MAPK14,-6.624,50.73337679269883,0.5073337679269883,0.0,0.9,0.778536615334207,0.4997139994709264,0.4997139994709264,0.0,0.3747854996031948
CHEMBL564,PROMAZINE,10,0,0,0.41303923836349676,-7.558,-5.899,False,Launched,dopamine receptor antagonist,schizophrenia,284.4,4.24,6.5,AXL,-6.191,41.924454575056984,0.41924454575056985,0.0,1.0,0.8797731045932484,0.4996637839892152,0.4996637839892152,0.0,0.37474783799191136
CHEMBL3244648,METHOTREXATE SODIUM,10,0,0,0.4330442883307998,-8.882,-7.4415,False,,,,452.4,-2.4,216.2,TNIK,-8.108,83.96996408749592,0.8396996408749593,0.0,0.2,0.8242056993121519,0.49951071124680657,0.49951071124680657,0.0,0.3746330334351049
CHEMBL1200596,CHLOROXINE,10,0,0,0.40624023543128784,-6.624,-5.8025,False,Launched,opioid receptor antagonist,diarrhea|inflammatory bowel disease|giardiasis|dandruff,214.1,3.25,33.1,MAPK14,-6.477,45.66492829204694,0.45664928292046936,0.0,1.0,0.778536615334207,0.4994402054683188,0.4994402054683188,0.0,0.3745801541012391
CHEMBL1082,AMOXICILLIN,10,0,0,0.4072954550964824,-8.082,-6.916,False,Launched,penicillin binding protein inhibitor,skin infections|duodenal ulcer disease|gonorrhea|ear infections|throat infections|genitourinary tract infections|respiratory tract infections,365.4,0.02,133.0,TNIK,-7.574,73.94711067580803,0.7394711067580804,0.0,0.4,0.8242056993121519,0.499419297600055,0.499419297600055,0.0,0.37456447320004127
CHEMBL651,METHADONE,10,0,0,0.4005036545511206,-7.719,-5.9544999999999995,True,,,,309.5,4.29,20.3,ACVR1,-7.705,49.869918699187,0.49869918699187,0.0,0.9,0.7969667318982387,0.49902468458148386,0.49902468458148386,0.0,0.3742685134361129
CHEMBL1200825,METHADONE HYDROCHLORIDE,10,0,0,0.4005036545511206,-7.719,-5.9544999999999995,False,,,,309.5,4.29,20.3,ACVR1,-7.705,49.869918699187,0.49869918699187,0.0,0.9,0.7969667318982387,0.49902468458148386,0.49902468458148386,0.0,0.3742685134361129
CHEMBL1256786,FORMOTEROL,10,0,0,0.4217938923521789,-8.527,-7.471500000000001,False,Launched,adrenergic receptor agonist,asthma|chronic obstructive pulmonary disease (COPD)|bronchospasm,344.4,2.22,90.8,TNIK,-7.559,73.76754815540319,0.737675481554032,0.0,0.4,0.8242056993121519,0.4987010475184356,0.4987010475184356,0.0,0.3740257856388267
CHEMBL3989798,FORMOTEROL FUMARATE,10,0,0,0.4217938923521789,-8.527,-7.471500000000001,False,,,,344.4,2.22,90.8,TNIK,-7.559,73.76754815540319,0.737675481554032,0.0,0.4,0.8242056993121519,0.4987010475184356,0.4987010475184356,0.0,0.3740257856388267
CHEMBL1054,TRICHLORMETHIAZIDE,10,0,0,0.4077846608633152,-7.733,-6.444,False,Launched,chloride channel blocker,hypertension|edema,380.7,0.82,118.4,MAPK14,-7.045,65.44980443285529,0.6544980443285529,0.0,0.6,0.778536615334207,0.4985797100315522,0.4985797100315522,0.0,0.3739347825236642
CHEMBL3989566,METOPROLOL FUMARATE,10,0,0,0.39998213700247187,-6.572,-6.1995000000000005,False,,,,267.4,1.61,50.7,SERPINE1,-6.056,60.89430894308943,0.6089430894308943,0.0,0.9,0.5,0.49857723577235774,0.49857723577235774,0.0,0.3739329268292683
CHEMBL2356097,METOPROLOL SUCCINATE,10,0,0,0.39998213700247187,-6.572,-6.1995000000000005,False,,,,267.4,1.61,50.7,SERPINE1,-6.056,60.89430894308943,0.6089430894308943,0.0,0.9,0.5,0.49857723577235774,0.49857723577235774,0.0,0.3739329268292683
CHEMBL13,METOPROLOL,10,0,0,0.39998213700247187,-6.572,-6.1995000000000005,False,Launched,adrenergic receptor antagonist,hypertension|angina pectoris|myocardial infarction,267.4,1.61,50.7,SERPINE1,-6.056,60.89430894308943,0.6089430894308943,0.0,0.9,0.5,0.49857723577235774,0.49857723577235774,0.0,0.3739329268292683
CHEMBL2062335,METOPROLOL TARTRATE,10,0,0,0.39998213700247187,-6.572,-6.1995000000000005,False,,,,267.4,1.61,50.7,SERPINE1,-6.056,60.89430894308943,0.6089430894308943,0.0,0.9,0.5,0.49857723577235774,0.49857723577235774,0.0,0.3739329268292683
CHEMBL1200359,SULFAMETER,10,0,0,0.3942735727030579,-7.152,-6.651,False,Launched,dihydrofolate reductase inhibitor,urinary tract infections,280.3,0.87,107.2,TNIK,-7.152,63.72837087822396,0.6372837087822396,0.0,0.6,0.8242056993121519,0.4985443384097186,0.4985443384097186,0.0,0.373908253807289
CHEMBL1201224,CEFMENOXIME,10,0,0,0.37884335965030985,-7.946,-6.6655,False,Launched,bacterial cell wall synthesis inhibitor,gram-negative bacterial infections,511.6,-0.87,190.8,ITPKC,-6.059,85.87275693311582,0.8587275693311582,0.0,0.4,0.5,0.49849102773246334,0.49849102773246334,0.0,0.3738682707993475
CHEMBL3183193,CEFMENOXIME HYDROCHLORIDE,10,0,0,0.37884335965030985,-7.946,-6.6655,False,,,,511.6,-0.87,190.8,ITPKC,-6.059,85.87275693311582,0.8587275693311582,0.0,0.4,0.5,0.49849102773246334,0.49849102773246334,0.0,0.3738682707993475
CHEMBL247951,PEMAFIBRATE,10,0,0,0.4272899717948514,-9.386,-7.243,False,Phase 3,PPAR receptor agonist,,490.6,5.55,94.3,SLC2A1,-9.386,80.3163731245923,0.803163731245923,0.0,0.2,0.9141924959216966,0.49839436688662375,0.49839436688662375,0.0,0.3737957751649678
CHEMBL2095209,ICOSAPENT ETHYL,10,0,0,0.3383106779785824,-6.889,-5.931,False,,,,330.5,6.47,26.3,MAPK14,-6.889,60.39765319426337,0.6039765319426337,0.0,0.7,0.778536615334207,0.4983711050771845,0.4983711050771845,0.0,0.3737783288078884
CHEMBL1574,PHENTERMINE,10,0,0,0.3691694659617058,-6.518,-5.554,False,,,,149.2,1.97,26.0,TNIK,-6.518,43.66634018935684,0.4366634018935684,0.0,1.0,0.8242056993121519,0.4982962156542502,0.4982962156542502,0.0,0.3737221617406876
CHEMBL1200912,PHENTERMINE HYDROCHLORIDE,10,0,0,0.3691694659617058,-6.518,-5.554,False,,,,149.2,1.97,26.0,TNIK,-6.518,43.66634018935684,0.4366634018935684,0.0,1.0,0.8242056993121519,0.4982962156542502,0.4982962156542502,0.0,0.3737221617406876
CHEMBL4298139,SERDEXMETHYLPHENIDATE CHLORIDE,10,0,0,0.42550916900926117,-8.868,-7.194,False,,,,500.5,1.05,146.3,SLC2A1,-8.868,70.25440313111547,0.7025440313111546,0.0,0.4,0.9141924959216966,0.49814648691271635,0.49814648691271635,0.0,0.37360986518453726
CHEMBL4301162,SERDEXMETHYLPHENIDATE,10,0,0,0.42550916900926117,-8.868,-7.194,False,,,,500.5,1.05,146.3,SLC2A1,-8.868,70.25440313111547,0.7025440313111546,0.0,0.4,0.9141924959216966,0.49814648691271635,0.49814648691271635,0.0,0.37360986518453726
CHEMBL3189072,TIROFIBAN HYDROCHLORIDE,10,0,0,0.4137231192013052,-8.005,-6.818,False,,,,440.6,2.95,104.7,TNIK,-7.149,63.61410381978453,0.6361410381978453,0.0,0.6,0.8242056993121519,0.49808727017596094,0.49808727017596094,0.0,0.3735654526319707
CHEMBL916,TIROFIBAN,10,0,0,0.4137231192013052,-8.005,-6.818,False,Launched,platelet aggregation inhibitor|structural glycoprotein antagonist,myocardial infarction|refactory angina,440.6,2.95,104.7,TNIK,-7.149,63.61410381978453,0.6361410381978453,0.0,0.6,0.8242056993121519,0.49808727017596094,0.49808727017596094,0.0,0.3735654526319707
CHEMBL1628502,GABAPENTIN ENACARBIL,10,0,0,0.3777235870343715,-7.435,-5.886,True,,,,329.4,2.68,101.9,MAPK14,-6.733,55.312907431551494,0.553129074315515,0.0,0.8,0.778536615334207,0.49803212202633707,0.49803212202633707,0.0,0.3735240915197528
CHEMBL1196,PROPARACAINE,10,0,0,0.39956475237615113,-6.606,-5.9125,False,,,,294.4,2.56,64.8,MAPK14,-6.606,50.309647979139505,0.503096479791395,0.0,0.9,0.778536615334207,0.4980190842166891,0.4980190842166891,0.0,0.3735143131625168
CHEMBL1200464,PROPARACAINE HYDROCHLORIDE,10,0,0,0.39956475237615113,-6.606,-5.9125,False,,,,294.4,2.56,64.8,MAPK14,-6.606,50.309647979139505,0.503096479791395,0.0,0.9,0.778536615334207,0.4980190842166891,0.4980190842166891,0.0,0.3735143131625168
CHEMBL1194,PRILOCAINE,10,0,0,0.42332292880382927,-6.714,-6.048500000000001,False,Launched,local anesthetic,anesthetic,220.3,2.32,41.1,TNIK,-6.513,43.5520731309174,0.435520731309174,0.0,1.0,0.8242056993121519,0.4978391474204924,0.4978391474204924,0.0,0.3733793605653693
CHEMBL1200586,PRILOCAINE HYDROCHLORIDE,10,0,0,0.42332292880382927,-6.714,-6.048500000000001,False,,,,220.3,2.32,41.1,TNIK,-6.513,43.5520731309174,0.435520731309174,0.0,1.0,0.8242056993121519,0.4978391474204924,0.4978391474204924,0.0,0.3733793605653693
CHEMBL802,MINOXIDIL,10,0,0,0.38790355009610955,-7.259,-6.423,False,Launched,KATP activator|Kir6 channel (KATP) activator|vasodilator,androgenetic alopecia,209.3,-0.13,95.1,TNIK,-7.147,63.45086516487104,0.6345086516487104,0.0,0.6,0.8242056993121519,0.49743431555630696,0.49743431555630696,0.0,0.3730757366672302
CHEMBL1200986,HALOPERIDOL DECANOATE,10,0,0,0.40054461690083276,-8.894,-6.9165,False,,,,530.1,8.12,46.6,SLC2A1,-8.86,70.0587084148728,0.700587084148728,0.0,0.4,0.9141924959216966,0.4973637080477457,0.4973637080477457,0.0,0.37302278103580927
CHEMBL1201760,BESIFLOXACIN,10,0,0,0.37429637557385786,-7.062,-5.1915,False,Launched,bacterial DNA gyrase inhibitor,conjunctivitis,393.8,3.14,88.6,AXL,-6.17,41.33832627808531,0.41338326278085313,0.0,1.0,0.8797731045932484,0.49731927080132854,0.49731927080132854,0.0,0.3729894531009964
CHEMBL1201761,BESIFLOXACIN HYDROCHLORIDE,10,0,0,0.37429637557385786,-7.062,-5.1915,False,,,,393.8,3.14,88.6,AXL,-6.17,41.33832627808531,0.41338326278085313,0.0,1.0,0.8797731045932484,0.49731927080132854,0.49731927080132854,0.0,0.3729894531009964
CHEMBL1200841,PROCAINE HYDROCHLORIDE,10,0,0,0.3843181979359787,-6.507,-5.7475000000000005,False,,,,236.3,1.77,55.6,TNIK,-6.507,43.405158341495266,0.43405158341495265,0.0,1.0,0.8242056993121519,0.49725148826280385,0.49725148826280385,0.0,0.3729386161971029
CHEMBL569,PROCAINE,10,0,0,0.3843181979359787,-6.507,-5.7475000000000005,False,Launched,HMGCR inhibitor,anesthetic,236.3,1.77,55.6,TNIK,-6.507,43.405158341495266,0.43405158341495265,0.0,1.0,0.8242056993121519,0.49725148826280385,0.49725148826280385,0.0,0.3729386161971029
CHEMBL1200962,CEFEPIME HYDROCHLORIDE,10,0,0,0.3819673458799084,-8.594,-6.420999999999999,False,,,,481.6,0.05,147.2,ITPKC,-6.05,85.56280587275693,0.8556280587275693,0.0,0.4,0.5,0.4972512234910278,0.4972512234910278,0.0,0.37293841761827085
CHEMBL1441,ETHIONAMIDE,10,0,0,0.373345722751224,-5.941,-5.582,False,Launched,mycolic synthesis inhibitor,tuberculosis,166.2,1.28,38.9,SERPINE1,-5.941,55.447154471544714,0.5544715447154471,0.0,1.0,0.5,0.4967886178861789,0.4967886178861789,0.0,0.37259146341463417
CHEMBL1697737,CLOTIAZEPAM,10,0,0,0.3719743253146658,-7.453,-5.096500000000001,False,,,,318.8,3.78,32.7,ACVR1,-7.453,44.22764227642276,0.44227642276422763,0.0,1.0,0.7969667318982387,0.4964555788904269,0.4964555788904269,0.0,0.3723416841678202
CHEMBL1200357,MOXALACTAM DISODIUM,10,0,0,0.39198190056171445,-8.674,-7.193,False,,,,518.5,-3.8,212.0,AXL,-7.662,81.11364376424618,0.8111364376424618,0.0,0.2,0.8797731045932484,0.49642054074597197,0.49642054074597197,0.0,0.37231540555947895
CHEMBL1672,CEFPODOXIME,10,0,0,0.39194548737827783,-7.389,-6.3355,False,Launched,bacterial cell wall synthesis inhibitor,pharyngitis|pneumonia|bronchitis|gonorrhea|skin infections|urinary tract infections|sinusitis|tonsillitis,427.5,-0.54,156.4,ITPKC,-5.693,75.35073409461664,0.7535073409461664,0.0,0.6,0.5,0.4964029363784666,0.4964029363784666,0.0,0.37230220228384997
CHEMBL1200705,HYDROXYAMPHETAMINE HYDROBROMIDE,10,0,0,0.38648809257737393,-6.095,-5.8215,False,,,,151.2,1.28,46.2,SERPINE1,-5.934,55.28455284552846,0.5528455284552846,0.0,1.0,0.5,0.49613821138211384,0.49613821138211384,0.0,0.3721036585365854
CHEMBL1546,HYDROXYAMPHETAMINE,10,0,0,0.38648809257737393,-6.095,-5.8215,False,Launched,trace amine associated receptor agonist,mydriasis,151.2,1.28,46.2,SERPINE1,-5.934,55.28455284552846,0.5528455284552846,0.0,1.0,0.5,0.49613821138211384,0.49613821138211384,0.0,0.3721036585365854
CHEMBL1447476,BITHIONOLATE SODIUM,10,0,0,0.4108443453148519,-7.783,-5.9235,False,,,,354.0,4.6,46.1,SLC2A1,-7.783,44.73255055446836,0.4473255055446836,0.0,0.9,0.9141924959216966,0.49605907660612797,0.49605907660612797,0.0,0.372044307454596
CHEMBL566534,ARTEMETHER,10,0,0,0.3907657667812023,-7.523,-5.359,False,Launched,antimalarial agent,malaria,298.4,2.84,46.2,SLC2A1,-7.523,39.69341161121983,0.3969341161121983,0.0,1.0,0.9141924959216966,0.49590252083313385,0.49590252083313385,0.0,0.3719268906248504
CHEMBL1200446,TRIPELENNAMINE HYDROCHLORIDE,10,0,0,0.41891693469116725,-7.036,-6.083500000000001,False,,,,255.4,2.65,19.4,MAPK14,-6.448,44.76857887874837,0.4476857887874837,0.0,1.0,0.778536615334207,0.49585480781512453,0.49585480781512453,0.0,0.3718911058613434
CHEMBL1200769,TRIPELENNAMINE CITRATE,10,0,0,0.41891693469116725,-7.036,-6.083500000000001,False,,,,255.4,2.65,19.4,MAPK14,-6.448,44.76857887874837,0.4476857887874837,0.0,1.0,0.778536615334207,0.49585480781512453,0.49585480781512453,0.0,0.3718911058613434
CHEMBL1241,TRIPELENNAMINE,10,0,0,0.41891693469116725,-7.036,-6.083500000000001,False,Launched,histamine receptor antagonist,asthma|allergic rhinitis|urticaria,255.4,2.65,19.4,MAPK14,-6.448,44.76857887874837,0.4476857887874837,0.0,1.0,0.778536615334207,0.49585480781512453,0.49585480781512453,0.0,0.3718911058613434
CHEMBL1200438,TIOCONAZOLE,10,0,0,0.44512611507936894,-7.775,-6.297499999999999,False,Launched,sterol demethylase inhibitor,yeast infection,387.7,5.86,27.1,SLC2A1,-7.775,44.65101108936725,0.44651011089367254,0.0,0.9,0.9141924959216966,0.49573291874572356,0.49573291874572356,0.0,0.37179968905929267
CHEMBL925,TYROSINE,10,0,0,0.37180343340154015,-6.364,-6.013,False,,,,181.2,0.35,83.5,SERPINE1,-6.164,65.17073170731707,0.6517073170731708,0.0,0.8,0.5,0.49568292682926834,0.49568292682926834,0.0,0.37176219512195124
CHEMBL231813,TELAPREVIR,10,0,0,0.35470725798996855,-7.89,-7.1235,False,Launched,HCV inhibitor,hepatitis C,679.9,2.45,179.6,AXL,-7.642,80.85314229892543,0.8085314229892543,0.0,0.2,0.8797731045932484,0.49537853488468897,0.49537853488468897,0.0,0.3715339011635167
CHEMBL607400,BRIVARACETAM,10,0,0,0.38085055422833125,-6.633,-6.013,False,,,,212.3,0.9,63.4,TNIK,-6.633,47.92686908259876,0.4792686908259876,0.0,0.9,0.8242056993121519,0.4953383312272179,0.4953383312272179,0.0,0.3715037484204134
CHEMBL106,FLUCONAZOLE,10,0,0,0.410330505781115,-7.534,-6.0969999999999995,False,Launched,sterol demethylase inhibitor,esophageal candidiasis|meningitis,306.3,0.74,81.6,SERPINE1,-6.159,65.04065040650406,0.6504065040650405,0.0,0.8,0.5,0.4951626016260163,0.4951626016260163,0.0,0.3713719512195122
CHEMBL1201236,CARBIDOPA ANHYDROUS,10,0,0,0.333069284624884,-6.983,-6.346,False,,,,226.2,-0.05,115.8,SERPINE1,-6.672,84.95934959349594,0.8495934959349595,0.0,0.4,0.5,0.49483739837398383,0.49483739837398383,0.0,0.3711280487804879
CHEMBL660,AMANTADINE,10,0,0,0.3662536733573454,-6.439,-5.1575,False,Launched,glutamate receptor antagonist,influenza A virus infection|Parkinson's Disease,151.3,1.91,26.0,MAPK14,-6.439,44.3122555410691,0.443122555410691,0.0,1.0,0.778536615334207,0.49402951446440746,0.49402951446440746,0.0,0.3705221358483056
CHEMBL1569,AMANTADINE HYDROCHLORIDE,10,0,0,0.3662536733573454,-6.439,-5.1575,False,,,,151.3,1.91,26.0,MAPK14,-6.439,44.3122555410691,0.443122555410691,0.0,1.0,0.778536615334207,0.49402951446440746,0.49402951446440746,0.0,0.3705221358483056
CHEMBL27810,CELIPROLOL,10,0,0,0.41332457667144346,-7.817,-6.425,False,Launched,adrenergic receptor antagonist,Ehlers-Danlos syndrome (EDS),379.5,2.89,90.9,ADRA2A,-7.459,48.534201954397396,0.48534201954397393,0.4,0.6,0.5324652394614875,0.49400659373681266,0.49400659373681266,0.0,0.37050494530260947
CHEMBL1200711,OMEGA-3-ACID ETHYL ESTERS,10,0,0,0.36172686883621236,-7.246,-6.378,False,,,,356.6,7.03,26.3,TNIK,-6.966,57.54162585700294,0.5754162585700294,0.0,0.7,0.8242056993121519,0.49379735832483457,0.49379735832483457,0.0,0.37034801874362594
CHEMBL507674,CEFOPERAZONE,10,0,0,0.3808460501603233,-9.384,-7.265,False,Launched,bacterial cell wall synthesis inhibitor,gram-negative bacterial infections,645.7,-1.11,220.3,AXL,-8.135,90.42657114946272,0.9042657114946272,0.0,0.0,0.8797731045932484,0.49367225028683814,0.49367225028683814,0.0,0.37025418771512864
CHEMBL1200703,CHLORDIAZEPOXIDE HYDROCHLORIDE,10,0,0,0.4255290097891864,-7.396,-6.032500000000001,False,,,,299.8,2.95,50.5,AXL,-6.125,40.42657114946272,0.40426571149462714,0.0,1.0,0.8797731045932484,0.49367225028683814,0.49367225028683814,0.0,0.37025418771512864
CHEMBL451,CHLORDIAZEPOXIDE,10,0,0,0.4255290097891864,-7.396,-6.032500000000001,False,,,,299.8,2.95,50.5,AXL,-6.125,40.42657114946272,0.40426571149462714,0.0,1.0,0.8797731045932484,0.49367225028683814,0.49367225028683814,0.0,0.37025418771512864
CHEMBL184412,DRONEDARONE,10,0,0,0.3760432689980379,-8.392,-6.823,False,Launched,adrenergic receptor antagonist,atrial fibrillation (AF),556.8,7.05,88.8,ADRA2A,-7.82,58.43648208469055,0.5843648208469056,0.4,0.4,0.5324652394614875,0.4936157142579854,0.4936157142579854,0.0,0.37021178569348906
CHEMBL2105566,FENPROPOREX,10,0,0,0.3978520491161666,-6.48,-5.8595,False,,,,188.3,2.12,35.8,TNIK,-6.48,42.44205027750571,0.42442050277505705,0.0,1.0,0.8242056993121519,0.49339905600684564,0.49339905600684564,0.0,0.37004929200513426
CHEMBL1201338,CYCLOPENTOLATE,10,0,0,0.4191545622840282,-7.494,-5.7595,False,Launched,acetylcholine receptor antagonist,mydriasis|cycloplegia,291.4,2.18,49.8,SLC2A1,-7.494,39.057403783431184,0.3905740378343118,0.0,1.0,0.9141924959216966,0.49335848952197925,0.49335848952197925,0.0,0.37001886714148446
CHEMBL1200473,CYCLOPENTOLATE HYDROCHLORIDE,10,0,0,0.4191545622840282,-7.494,-5.7595,False,,,,291.4,2.18,49.8,SLC2A1,-7.494,39.057403783431184,0.3905740378343118,0.0,1.0,0.9141924959216966,0.49335848952197925,0.49335848952197925,0.0,0.37001886714148446
CHEMBL1200865,LOTEPREDNOL ETABONATE,10,0,0,0.44458553930241324,-8.357,-6.922000000000001,False,,,,467.0,3.92,99.1,AXL,-6.87,60.30608922175187,0.6030608922175187,0.0,0.6,0.8797731045932484,0.4931903225759947,0.4931903225759947,0.0,0.36989274193199606
CHEMBL533,IBUTILIDE,10,0,0,0.34515778741595354,-6.855,-6.2509999999999994,False,Launched,potassium channel blocker,atrial fibrillation (AF),384.6,4.16,69.6,MAPK14,-6.855,59.077574967405475,0.5907757496740548,0.0,0.7,0.778536615334207,0.493090792169753,0.493090792169753,0.0,0.36981809412731476
CHEMBL2355456,IBUTILIDE FUMARATE,10,0,0,0.34515778741595354,-6.855,-6.2509999999999994,False,,,,384.6,4.16,69.6,MAPK14,-6.855,59.077574967405475,0.5907757496740548,0.0,0.7,0.778536615334207,0.493090792169753,0.493090792169753,0.0,0.36981809412731476
CHEMBL1201746,PRALATREXATE,10,0,0,0.43723222546063945,-9.327,-8.239999999999998,False,Launched,dihydrofolate reductase inhibitor,peripheral T-cell lymphoma (PTCL),477.5,0.98,207.3,MAPK14,-8.428,94.0677966101695,0.940677966101695,0.0,0.0,0.778536615334207,0.4930516787408091,0.4930516787408091,0.0,0.3697887590556068
CHEMBL91397,RUPATADINE,10,0,0,0.4175401934226951,-7.948,-6.3865,False,Launched,histamine receptor antagonist|platelet activating factor receptor antagonist,allergic rhinitis|urticaria,416.0,5.63,29.0,SLC2A1,-7.948,48.82583170254403,0.4882583170254403,0.0,0.8,0.9141924959216966,0.4924322011984307,0.4924322011984307,0.0,0.369324150898823
CHEMBL1201138,LEUCOVORIN CALCIUM,10,0,0,0.3925233397603419,-8.737,-7.7735,False,,,,471.4,-3.4,225.5,TNIK,-8.737,92.1971922951355,0.921971922951355,0.0,0.0,0.8242056993121519,0.49241962407736484,0.49241962407736484,0.0,0.3693147180580236
CHEMBL1808388,BEXAGLIFLOZIN,10,0,0,0.41652865670048395,-8.646,-7.5105,False,Phase 3,solute carrier family member inhibitor,,464.9,2.0,108.6,TNIK,-8.006,82.17433888344759,0.8217433888344758,0.0,0.2,0.8242056993121519,0.49232821043061314,0.49232821043061314,0.0,0.3692461578229599
CHEMBL1201104,METHENAMINE HIPPURATE,10,0,0,0.3881918187040514,-6.545,-6.0175,False,,,,179.2,0.5,66.4,SERPINE1,-6.017,59.3170731707317,0.593170731707317,0.0,0.9,0.5,0.4922682926829269,0.4922682926829269,0.0,0.36920121951219514
CHEMBL487253,BENDAMUSTINE,10,0,0,0.3763607451947968,-6.86,-5.7204999999999995,False,Launched,DNA inhibitor,chronic lymphocytic leukemia (CLL)|non-Hodgkin lymphoma (NHL),358.3,3.26,58.4,MAPK14,-6.569,48.85919165580182,0.4885919165580182,0.0,0.9,0.778536615334207,0.4922172589233384,0.4922172589233384,0.0,0.3691629441925038
CHEMBL2105345,PROPANIDID,10,0,0,0.39222607340133175,-6.779,-6.0175,False,,,,337.4,2.44,65.1,MAPK14,-6.569,48.85919165580182,0.4885919165580182,0.0,0.9,0.778536615334207,0.4922172589233384,0.4922172589233384,0.0,0.3691629441925038
CHEMBL1201734,BENDAMUSTINE HYDROCHLORIDE,10,0,0,0.3763607451947968,-6.86,-5.7204999999999995,False,,,,358.3,3.26,58.4,MAPK14,-6.569,48.85919165580182,0.4885919165580182,0.0,0.9,0.778536615334207,0.4922172589233384,0.4922172589233384,0.0,0.3691629441925038
CHEMBL1200598,DIETHYLSTILBESTROL DIPHOSPHATE,10,0,0,0.3792520758465335,-8.402,-6.5805,False,,,,428.3,4.36,133.5,AXL,-7.255,70.05861282969717,0.7005861282969716,0.0,0.4,0.8797731045932484,0.49220041700777595,0.49220041700777595,0.0,0.369150312755832
CHEMBL86,METOCLOPRAMIDE,10,0,0,0.40617687267488795,-6.748,-5.808,False,Launched,dopamine receptor antagonist|serotonin receptor antagonist,gastroparesis|nausea|vomiting,299.8,2.0,67.6,VASH2,-6.748,54.299674267100976,0.5429967426710097,0.0,1.0,0.5,0.4921986970684039,0.4921986970684039,0.0,0.3691490228013029
CHEMBL1200940,METOCLOPRAMIDE HYDROCHLORIDE,10,0,0,0.40617687267488795,-6.748,-5.808,False,,,,299.8,2.0,67.6,VASH2,-6.748,54.299674267100976,0.5429967426710097,0.0,1.0,0.5,0.4921986970684039,0.4921986970684039,0.0,0.3691490228013029
CHEMBL1659,CHLORPHENIRAMINE MALEATE,10,0,0,0.4179103585206625,-7.411,-5.821,False,,,,274.8,3.82,16.1,ACVR1,-7.411,43.1219512195122,0.431219512195122,0.0,1.0,0.7969667318982387,0.49203281466278465,0.49203281466278465,0.0,0.3690246109970885
CHEMBL505,CHLORPHENIRAMINE,10,0,0,0.4179103585206625,-7.411,-5.821,False,,,,274.8,3.82,16.1,ACVR1,-7.411,43.1219512195122,0.431219512195122,0.0,1.0,0.7969667318982387,0.49203281466278465,0.49203281466278465,0.0,0.3690246109970885
CHEMBL522038,XIMELAGATRAN,10,0,0,0.365326622361256,-9.312,-7.116,False,,,,473.6,1.1,146.3,SLC2A1,-9.312,78.6692759295499,0.786692759295499,0.0,0.2,0.9141924959216966,0.4918059781064541,0.4918059781064541,0.0,0.3688544835798406
CHEMBL13209,NITRAZEPAM,10,0,0,0.41181257245441716,-7.409,-5.9345,False,,,,281.3,2.38,84.6,ACVR1,-7.409,42.97560975609756,0.4297560975609756,0.0,1.0,0.7969667318982387,0.49144744880912605,0.49144744880912605,0.0,0.36858558660684454
CHEMBL16073,PHENACETIN,10,0,0,0.38386752707718086,-6.283,-5.803,False,Withdrawn,cyclooxygenase inhibitor,,179.2,2.04,38.3,SERPINE1,-5.909,54.016260162601625,0.5401626016260163,0.0,1.0,0.5,0.4910650406504065,0.4910650406504065,0.0,0.3682987804878049
CHEMBL1201120,REMIFENTANIL HYDROCHLORIDE,10,0,0,0.4117678249832946,-7.4,-5.736000000000001,False,,,,376.5,2.0,76.2,ACVR1,-7.4,42.86178861788618,0.42861788617886176,0.0,1.0,0.7969667318982387,0.49099216425628056,0.49099216425628056,0.0,0.36824412319221045
CHEMBL1005,REMIFENTANIL,10,0,0,0.4117678249832946,-7.4,-5.736000000000001,True,,,,376.5,2.0,76.2,ACVR1,-7.4,42.86178861788618,0.42861788617886176,0.0,1.0,0.7969667318982387,0.49099216425628056,0.49099216425628056,0.0,0.36824412319221045
CHEMBL1201234,MEPHENTERMINE,10,0,0,0.39536684068757627,-6.461,-5.792999999999999,False,Launched,adrenergic receptor agonist,hypotension,163.3,2.23,12.0,TNIK,-6.461,41.83806725432582,0.4183806725432582,0.0,1.0,0.8242056993121519,0.49098312391412613,0.49098312391412613,0.0,0.3682373429355946
CHEMBL3184799,MEPHENTERMINE SULFATE,10,0,0,0.38536684068757626,-6.461,-5.792999999999999,False,,,,163.3,2.23,12.0,TNIK,-6.461,41.83806725432582,0.4183806725432582,0.0,1.0,0.8242056993121519,0.49098312391412613,0.49098312391412613,0.0,0.3682373429355946
CHEMBL178803,BLONANSERIN,10,0,0,0.3835537336474514,-7.478,-5.179,False,Launched,dopamine receptor antagonist|serotonin receptor antagonist,schizophrenia,367.5,4.69,19.4,SLC2A1,-7.478,38.454011741682976,0.38454011741682975,0.0,1.0,0.9141924959216966,0.4909449213549864,0.4909449213549864,0.0,0.3682086910162398
CHEMBL1200734,FOSAMPRENAVIR CALCIUM,10,0,0,0.37363150652570465,-8.546,-6.8155,False,,,,583.6,1.26,183.4,ACVR1,-8.546,72.8130081300813,0.728130081300813,0.0,0.4,0.7969667318982387,0.49079704230506105,0.49079704230506105,0.0,0.3680977817287958
CHEMBL3989715,MUPIROCIN CALCIUM,10,0,0,0.3347265763009236,-7.611,-6.335,False,,,,499.6,1.26,148.9,TNIK,-7.47,71.75971269996735,0.7175971269996735,0.0,0.4,0.8242056993121519,0.4906697056966922,0.4906697056966922,0.0,0.36800227927251916
CHEMBL3989803,DIPYRONE,10,0,0,0.40363933253734513,-7.696,-6.2405,False,,,,310.4,0.42,87.4,AXL,-6.504,49.67437316834907,0.49674373168349073,0.0,0.8,0.8797731045932484,0.49066345836238356,0.49066345836238356,0.0,0.36799759377178765
CHEMBL1200987,EPROSARTAN MESYLATE,10,0,0,0.4233858528710225,-8.784,-7.105,False,,,,424.5,4.74,92.4,SLC2A1,-8.784,68.33007175472929,0.6833007175472929,0.0,0.4,0.9141924959216966,0.4904491614071717,0.4904491614071717,0.0,0.36783687105537877
CHEMBL813,EPROSARTAN,10,0,0,0.4233858528710225,-8.784,-7.105,False,Launched,angiotensin receptor antagonist,hypertension,424.5,4.74,92.4,SLC2A1,-8.784,68.33007175472929,0.6833007175472929,0.0,0.4,0.9141924959216966,0.4904491614071717,0.4904491614071717,0.0,0.36783687105537877
CHEMBL811,BROMPHENIRAMINE,10,0,0,0.41651761974403956,-7.384,-5.8705,False,Launched,histamine receptor antagonist,allergic rhinitis|common cold,319.2,3.93,16.1,ACVR1,-7.384,42.69918699186992,0.4269918699186992,0.0,1.0,0.7969667318982387,0.4903417577522155,0.4903417577522155,0.0,0.3677563183141616
CHEMBL1200961,BROMPHENIRAMINE MALEATE,10,0,0,0.41651761974403956,-7.384,-5.8705,False,,,,319.2,3.93,16.1,ACVR1,-7.384,42.69918699186992,0.4269918699186992,0.0,1.0,0.7969667318982387,0.4903417577522155,0.4903417577522155,0.0,0.3677563183141616
CHEMBL58,MITOXANTRONE,10,0,0,0.3819999757168059,-7.852,-6.9335,False,Launched,topoisomerase inhibitor,multiple sclerosis|prostate cancer|acute myeloid leukemia (AML),444.5,-0.14,163.2,AXL,-7.342,72.04493650276783,0.7204493650276782,0.0,0.35,0.8797731045932484,0.4901457117000585,0.4901457117000585,0.0,0.36760928377504387
CHEMBL1908361,LEVOLEUCOVORIN CALCIUM,10,0,0,0.39099317666814176,-9.13,-7.821,False,,,,471.4,-3.4,225.5,TNIK,-8.686,91.5932092719556,0.915932092719556,0.0,0.0,0.8242056993121519,0.4900036919846452,0.4900036919846452,0.0,0.3675027689884839
CHEMBL220492,TOPIRAMATE,10,0,0,0.43168967702737415,-7.467,-6.059,True,Launched,carbonic anhydrase inhibitor|glutamate receptor antagonist|kainate receptor antagonist,epilepsy|migraine headache,339.4,-0.4,115.5,SLC2A1,-7.467,38.111545988258314,0.38111545988258316,0.2,0.75,0.9141924959216966,0.4895750583412878,0.4895750583412878,0.0,0.36718129375596587
CHEMBL256105,MONENSIN,10,0,0,0.4076494112215693,-9.064,-7.8445,False,Launched,bacterial permeability inducer,gastrointestinal parasites,670.9,4.27,153.4,AXL,-8.093,89.38456528817976,0.8938456528817976,0.0,0.0,0.8797731045932484,0.48950422684170636,0.48950422684170636,0.0,0.36712817013127974
CHEMBL1350,TILUDRONIC ACID,10,0,0,0.3563702212736411,-7.071,-6.014,False,,,,318.6,2.07,115.1,SERPINE1,-6.368,73.59349593495935,0.7359349593495935,0.0,0.6,0.5,0.4893739837398374,0.4893739837398374,0.0,0.36703048780487807
CHEMBL1599,CEPHAPIRIN,10,0,0,0.3802083623558986,-7.693,-6.4875,False,Launched,bacterial cell wall synthesis inhibitor,mastitis,423.5,0.48,125.9,AXL,-6.83,59.31292738521654,0.5931292738521654,0.0,0.6,0.8797731045932484,0.4892176752298534,0.4892176752298534,0.0,0.36691325642239003
CHEMBL2107124,PROTHIPENDYL HYDROCHLORIDE,10,0,0,0.40998653944214813,-7.337,-6.032,False,,,,285.4,3.64,19.4,AXL,-6.091,39.25431455551938,0.39254314555519376,0.0,1.0,0.8797731045932484,0.48898322391106475,0.48898322391106475,0.0,0.36673741793329856
CHEMBL2111030,PROTHIPENDYL,10,0,0,0.40998653944214813,-7.337,-6.032,False,,,,285.4,3.64,19.4,AXL,-6.091,39.25431455551938,0.39254314555519376,0.0,1.0,0.8797731045932484,0.48898322391106475,0.48898322391106475,0.0,0.36673741793329856
CHEMBL497,CLIOQUINOL,10,0,0,0.40526528657759897,-6.741,-5.693,False,Withdrawn,chelating agent,,305.5,3.2,33.1,MAPK14,-6.407,42.95958279009127,0.42959582790091266,0.0,1.0,0.778536615334207,0.4886188234604961,0.4886188234604961,0.0,0.3664641175953721
CHEMBL1739,METOCURINE IODIDE,10,0,0,0.32174773303120413,-7.999,-5.1635,False,,,,652.8,7.45,55.4,ITPKC,-5.628,73.36052202283851,0.7336052202283851,0.0,0.6,0.5,0.4884420880913541,0.4884420880913541,0.0,0.3663315660685156
CHEMBL1231574,LEVOMEFOLIC ACID,10,0,0,0.44159646815292797,-9.45,-7.9445,False,,,,459.5,-0.26,202.8,TNIK,-8.657,91.1524649036892,0.9115246490368919,0.0,0.0,0.8242056993121519,0.4882407145115796,0.4882407145115796,0.0,0.3661805358836847
CHEMBL2103827,DROXIDOPA,10,0,0,0.35059801305442934,-6.487,-5.8705,False,Launched,norepinephrine precursor,hypertension|Parkinson's Disease,213.2,-0.46,124.0,SERPINE1,-6.434,75.8048780487805,0.758048780487805,0.0,0.55,0.5,0.488219512195122,0.488219512195122,0.0,0.3661646341463415
CHEMBL1193,PHENIRAMINE,10,0,0,0.40109105344479346,-7.374,-5.586,False,Launched,histamine receptor antagonist,allergic rhinitis|urticaria,240.4,3.17,16.1,ACVR1,-7.374,42.16260162601626,0.4216260162601626,0.0,1.0,0.7969667318982387,0.48819541628880087,0.48819541628880087,0.0,0.36614656221660064
CHEMBL1653,PHENIRAMINE MALEATE,10,0,0,0.40109105344479346,-7.374,-5.586,False,,,,240.4,3.17,16.1,ACVR1,-7.374,42.16260162601626,0.4216260162601626,0.0,1.0,0.7969667318982387,0.48819541628880087,0.48819541628880087,0.0,0.36614656221660064
CHEMBL501849,SIMEPREVIR,10,0,0,0.31370568556918993,-8.759,-5.7915,False,Launched,HCV inhibitor,hepatitis C,750.0,5.25,156.9,SLC2A1,-8.759,67.72667971298108,0.6772667971298109,0.0,0.4,0.9141924959216966,0.48803559324017887,0.48803559324017887,0.0,0.3660266949301342
CHEMBL1619,CLADRIBINE,10,0,0,0.400886823668637,-7.771,-6.445,False,Launched,adenosine deaminase inhibitor|ribonucleotide reductase inhibitor,hairy cell leukemia,285.7,-0.3,119.3,ITPKC,-5.618,73.21370309951061,0.7321370309951061,0.0,0.6,0.5,0.48785481239804246,0.48785481239804246,0.0,0.36589110929853186
CHEMBL528,CEFTIZOXIME,10,0,0,0.39599502178908347,-7.567,-6.5375,False,,,,383.4,-0.56,147.2,ITPKC,-5.616,73.18107667210441,0.7318107667210441,0.0,0.6,0.5,0.48772430668841765,0.48772430668841765,0.0,0.36579323001631325
CHEMBL1201766,FOSPROPOFOL,10,0,0,0.41887218018478595,-7.043,-5.7095,False,,,,288.3,3.38,76.0,MAPK14,-6.396,42.73142112125163,0.4273142112125163,0.0,1.0,0.778536615334207,0.48770617678513756,0.48770617678513756,0.0,0.36577963258885315
CHEMBL1163,ATAZANAVIR,10,0,0,0.3539724151243488,-9.553,-6.981999999999999,False,Launched,HIV protease inhibitor,human immunodeficiency virus (HIV-1),704.9,4.21,171.2,ACVR1,-9.553,92.01626016260163,0.9201626016260163,0.0,0.0,0.7969667318982387,0.48761005043514233,0.48761005043514233,0.0,0.36570753782635673
CHEMBL1200678,ATAZANAVIR SULFATE,10,0,0,0.3539724151243488,-9.553,-6.981999999999999,False,,,,704.9,4.21,171.2,ACVR1,-9.553,92.01626016260163,0.9201626016260163,0.0,0.0,0.7969667318982387,0.48761005043514233,0.48761005043514233,0.0,0.36570753782635673
CHEMBL134,CLONIDINE,10,0,0,0.39715054911669545,-6.662,-5.4325,True,Launched,adrenergic receptor agonist,hypertension|attention-deficit/hyperactivity disorder (ADHD),230.1,2.36,36.4,MAPK14,-6.391,42.633637548891784,0.42633637548891784,0.0,1.0,0.778536615334207,0.4873150424956982,0.4873150424956982,0.0,0.3654862818717736
CHEMBL1705,CLONIDINE HYDROCHLORIDE,10,0,0,0.38715054911669544,-6.662,-5.4325,False,,,,230.1,2.36,36.4,MAPK14,-6.391,42.633637548891784,0.42633637548891784,0.0,1.0,0.778536615334207,0.4873150424956982,0.4873150424956982,0.0,0.3654862818717736
CHEMBL1172,DESLORATADINE,10,0,0,0.3747780532969477,-7.291,-5.7059999999999995,False,Launched,histamine receptor antagonist,allergic rhinitis|urticaria,310.8,4.02,24.9,AXL,-6.269,43.73168349071964,0.4373168349071964,0.0,0.9,0.8797731045932484,0.4868926996518659,0.4868926996518659,0.0,0.3651695247388994
CHEMBL1472989,BISOPROLOL FUMARATE,10,0,0,0.3762453599758258,-6.633,-5.9885,False,,,,325.4,2.37,60.0,MAPK14,-6.535,47.50651890482399,0.4750651890482399,0.0,0.9,0.778536615334207,0.48680656791942706,0.48680656791942706,0.0,0.3651049259395703
CHEMBL645,BISOPROLOL,10,0,0,0.3762453599758258,-6.633,-5.9885,False,Launched,adrenergic receptor antagonist,hypertension,325.4,2.37,60.0,MAPK14,-6.535,47.50651890482399,0.4750651890482399,0.0,0.9,0.778536615334207,0.48680656791942706,0.48680656791942706,0.0,0.3651049259395703
CHEMBL1679,LEUCOVORIN,10,0,0,0.42606507923731707,-9.267,-7.8885000000000005,False,Launched,folate receptor ligand,osteosarcoma,473.4,-0.73,219.8,TNIK,-8.61,90.76069213189683,0.9076069213189684,0.0,0.0,0.8242056993121519,0.4866736234244102,0.4866736234244102,0.0,0.3650052175683076
CHEMBL1079,TIZANIDINE,10,0,0,0.42609910168522847,-7.43,-5.9559999999999995,True,Launched,adrenergic receptor agonist,spasms,253.7,1.72,62.2,SLC2A1,-7.43,37.29615133724723,0.3729615133724723,0.0,1.0,0.9141924959216966,0.4863134797372434,0.4863134797372434,0.0,0.36473510980293256
CHEMBL1200329,TIZANIDINE HYDROCHLORIDE,10,0,0,0.4160991016852284,-7.43,-5.9559999999999995,False,,,,253.7,1.72,62.2,SLC2A1,-7.43,37.29615133724723,0.3729615133724723,0.0,1.0,0.9141924959216966,0.4863134797372434,0.4863134797372434,0.0,0.36473510980293256
CHEMBL1201353,DEXCHLORPHENIRAMINE,10,0,0,0.4248840515434028,-7.363,-5.9015,False,Launched,histamine receptor antagonist,allergic conjunctivitis|allergic rhinitis|urticaria|angioedema,274.8,3.82,16.1,ACVR1,-7.363,41.67479674796748,0.4167479674796748,0.0,1.0,0.7969667318982387,0.48624419677660574,0.48624419677660574,0.0,0.3646831475824543
CHEMBL1200927,DEXCHLORPHENIRAMINE MALEATE,10,0,0,0.4248840515434028,-7.363,-5.9015,False,,,,274.8,3.82,16.1,ACVR1,-7.363,41.67479674796748,0.4167479674796748,0.0,1.0,0.7969667318982387,0.48624419677660574,0.48624419677660574,0.0,0.3646831475824543
CHEMBL1615371,LEVOMEFOLATE CALCIUM,10,0,0,0.4153836090685066,-8.993,-7.7475000000000005,False,,,,457.4,-2.93,208.4,TNIK,-8.596,90.63010120796605,0.9063010120796605,0.0,0.0,0.8242056993121519,0.486151259728687,0.486151259728687,0.0,0.36461344479651525
CHEMBL998,LORATADINE,10,0,0,0.3739363452204614,-6.963,-5.253,False,Launched,histamine receptor antagonist,allergic rhinitis|itching,382.9,4.89,42.4,AXL,-6.066,38.521654184304786,0.3852165418430479,0.0,1.0,0.8797731045932484,0.4860525824262064,0.4860525824262064,0.0,0.36453943681965484
CHEMBL1693,DIETHYLPROPION HYDROCHLORIDE,10,0,0,0.3754911846588817,-6.406,-5.625,False,,,,205.3,2.6,20.3,TNIK,-6.406,40.49951028403526,0.4049951028403526,0.0,1.0,0.8242056993121519,0.4856288960329639,0.4856288960329639,0.0,0.3642216720247229
CHEMBL1194666,DIETHYLPROPION,10,0,0,0.3754911846588817,-6.406,-5.625,False,,,,205.3,2.6,20.3,TNIK,-6.406,40.49951028403526,0.4049951028403526,0.0,1.0,0.8242056993121519,0.4856288960329639,0.4856288960329639,0.0,0.3642216720247229
CHEMBL3989821,TUBOCURARINE CHLORIDE,10,0,0,0.34718802651107084,-8.136,-5.753,False,,,,609.7,6.7,80.6,AXL,-6.79,58.30348420709866,0.5830348420709867,0.0,0.6,0.8797731045932484,0.48517990251738186,0.48517990251738186,0.0,0.3638849268880364
CHEMBL515408,MARIBAVIR,10,0,0,0.42398375360055995,-8.145,-6.64,False,Phase 3,cytomegalovirus inhibitor|protein kinase inhibitor,,376.2,1.77,99.8,ACVR1,-8.145,61.36585365853659,0.6136585365853658,0.0,0.6,0.7969667318982387,0.48500842441888214,0.48500842441888214,0.0,0.3637563183141616
CHEMBL1762,TOCAINIDE,10,0,0,0.41586249148059806,-6.75,-5.943,False,Launched,sodium channel blocker,cardiac arrythmia,192.3,1.59,55.1,MAPK14,-6.368,42.04693611473272,0.42046936114732725,0.0,1.0,0.778536615334207,0.484968236759062,0.484968236759062,0.0,0.3637261775692965
CHEMBL1200773,TOCAINIDE HYDROCHLORIDE,10,0,0,0.41586249148059806,-6.75,-5.943,False,,,,192.3,1.59,55.1,MAPK14,-6.368,42.04693611473272,0.42046936114732725,0.0,1.0,0.778536615334207,0.484968236759062,0.484968236759062,0.0,0.3637261775692965
CHEMBL515,CHLORAMBUCIL,10,0,0,0.40249664732938173,-6.687,-6.1645,False,Launched,DNA inhibitor,chronic lymphocytic leukemia (CLL)|Hodgkin's lymphoma,304.2,3.38,40.5,TNIK,-6.565,45.26607900750898,0.4526607900750898,0.0,0.9,0.8242056993121519,0.48469517092685876,0.48469517092685876,0.0,0.3635213781951441
CHEMBL1201281,CHLORAMPHENICOL SUCCINIC ACID,10,0,0,0.3735767399919435,-8.004,-6.241,False,,,,423.2,1.32,156.1,MAPK14,-6.922,61.799217731421116,0.6179921773142112,0.0,0.6,0.778536615334207,0.4839773632258155,0.4839773632258155,0.0,0.36298302241936165
CHEMBL130,CHLORAMPHENICOL,10,0,0,0.36971416214605296,-7.281,-6.485,False,Launched,bacterial 50S ribosomal subunit inhibitor,meningitis|fever|cholera,323.1,0.91,112.7,VASH2,-7.281,72.21498371335505,0.7221498371335505,0.0,0.6,0.5,0.4838599348534202,0.4838599348534202,0.0,0.36289495114006515
CHEMBL1009,LEVODOPA,10,0,0,0.3366567134511572,-6.571,-6.106,False,Launched,dopamine precursor,Parkinson's Disease,197.2,0.05,103.8,SERPINE1,-6.405,74.69918699186991,0.746991869918699,0.0,0.55,0.5,0.4837967479674797,0.4837967479674797,0.0,0.3628475609756098
CHEMBL267744,TICRYNAFEN,10,0,0,0.4420050407433962,-7.287,-6.371,False,,,,331.2,3.75,63.6,MAPK14,-6.364,41.75358539765319,0.4175358539765319,0.0,1.0,0.778536615334207,0.48379483389074385,0.48379483389074385,0.0,0.3628461254180579
CHEMBL3545313,BEMPEDOIC ACID,10,0,0,0.2923255650820237,-7.24,-5.9190000000000005,False,,,,344.5,4.47,94.8,MAPK14,-7.24,71.74054758800521,0.7174054758800521,0.0,0.4,0.778536615334207,0.4837426826521519,0.4837426826521519,0.0,0.3628070119891139
CHEMBL259209,MILNACIPRAN,10,0,0,0.44368753817925144,-6.742,-5.541,True,Launched,serotonin–norepinephrine reuptake inhibitor (SNRI),fibromyalgia,246.4,1.77,46.3,ACVR1,-6.742,28.40650406504065,0.2840650406504065,0.2,1.0,0.7969667318982387,0.4831710260448984,0.4831710260448984,0.0,0.3623782695336738
CHEMBL2105527,TETRAZEPAM,10,0,0,0.3678738594968186,-7.335,-5.1765,False,,,,288.8,3.61,32.7,ACVR1,-7.335,40.84552845528455,0.4084552845528455,0.0,1.0,0.7969667318982387,0.48292712360587403,0.48292712360587403,0.0,0.3621953427044055
CHEMBL1436,CEFUROXIME,10,0,0,0.41511456009536696,-7.66,-6.3735,False,Launched,bacterial cell wall synthesis inhibitor,gram-negative bacterial infections,424.4,-0.54,173.8,SERPINE1,-6.322,71.9349593495935,0.719349593495935,0.0,0.6,0.5,0.482739837398374,0.482739837398374,0.0,0.3620548780487805
CHEMBL1096885,VALRUBICIN,10,0,0,0.3927301304269184,-8.692,-7.2219999999999995,False,Launched,DNA inhibitor|topoisomerase inhibitor,bladder cancer,723.6,2.46,215.2,AXL,-7.526,77.51546727450342,0.7751546727450342,0.0,0.2,0.8797731045932484,0.48202783478700095,0.48202783478700095,0.0,0.36152087609025074
CHEMBL22,TRIMETHOPRIM,10,0,0,0.3859638322062202,-6.851,-5.836,False,Launched,dihydrofolate reductase inhibitor,urinary tract infections|ear infections|diarrhea,290.3,1.26,105.5,MAPK14,-6.633,51.303780964797916,0.5130378096479792,0.0,0.8,0.778536615334207,0.4819956161593228,0.4819956161593228,0.0,0.3614967121194921
CHEMBL1201080,TRIMETHOPRIM HYDROCHLORIDE,10,0,0,0.3859638322062202,-6.851,-5.836,False,,,,290.3,1.26,105.5,MAPK14,-6.633,51.303780964797916,0.5130378096479792,0.0,0.8,0.778536615334207,0.4819956161593228,0.4819956161593228,0.0,0.3614967121194921
CHEMBL2110367,TRIMETHOPRIM SULFATE,10,0,0,0.3859638322062202,-6.851,-5.836,False,,,,290.3,1.26,105.5,MAPK14,-6.633,51.303780964797916,0.5130378096479792,0.0,0.8,0.778536615334207,0.4819956161593228,0.4819956161593228,0.0,0.3614967121194921
CHEMBL607,MEPERIDINE,10,0,0,0.3918712605536742,-7.385,-5.402,False,,,,247.3,2.21,29.5,SLC2A1,-7.385,36.12198303979126,0.3612198303979126,0.0,1.0,0.9141924959216966,0.48161680654741956,0.48161680654741956,0.0,0.36121260491056467
CHEMBL1701,MEPERIDINE HYDROCHLORIDE,10,0,0,0.3918712605536742,-7.385,-5.402,False,,,,247.3,2.21,29.5,SLC2A1,-7.385,36.12198303979126,0.3612198303979126,0.0,1.0,0.9141924959216966,0.48161680654741956,0.48161680654741956,0.0,0.36121260491056467
CHEMBL1082607,SALMETEROL XINAFOATE,10,0,0,0.34580957613907043,-7.496,-6.608499999999999,False,,,,415.6,4.11,82.0,TNIK,-7.38,69.44172380019589,0.6944172380019589,0.0,0.4,0.8242056993121519,0.4813977500976064,0.4813977500976064,0.0,0.3610483125732048
CHEMBL1263,SALMETEROL,10,0,0,0.34580957613907043,-7.496,-6.608499999999999,False,Launched,adrenergic receptor agonist,asthma|chronic obstructive pulmonary disease (COPD)|bronchospasm,415.6,4.11,82.0,TNIK,-7.38,69.44172380019589,0.6944172380019589,0.0,0.4,0.8242056993121519,0.4813977500976064,0.4813977500976064,0.0,0.3610483125732048
CHEMBL1909283,MEBANAZINE,10,0,0,0.3931336950725785,-6.211,-5.9239999999999995,False,,,,136.2,1.21,38.0,SERPINE1,-5.853,51.577235772357724,0.5157723577235772,0.0,1.0,0.5,0.4813089430894309,0.4813089430894309,0.0,0.3609817073170732
CHEMBL1083659,SUVOREXANT,10,0,0,0.3273274463883018,-8.246,-5.803,False,,,,450.9,4.11,80.3,SLC2A1,-8.246,56.00130463144162,0.5600130463144162,0.0,0.6,0.9141924959216966,0.481134092914021,0.481134092914021,0.0,0.36085056968551577
CHEMBL1200910,SULFISOXAZOLE ACETYL,10,0,0,0.4019740121113468,-7.441,-6.095,False,,,,309.3,1.62,106.5,AXL,-6.412,47.24845327254965,0.4724845327254965,0.0,0.8,0.8797731045932484,0.48095977877918583,0.48095977877918583,0.0,0.36071983408438935
CHEMBL1200862,METYROSINE,10,0,0,0.3603380023257874,-6.663,-5.6935,False,,,,195.2,0.74,83.5,TNIK,-6.663,49.33072151485472,0.49330721514854725,0.0,0.8,0.8242056993121519,0.48095374095624177,0.48095374095624177,0.0,0.36071530571718136
CHEMBL1201006,PYRILAMINE MALEATE,10,0,0,0.4113466876582056,-7.237,-5.9085,False,,,,285.4,2.66,28.6,TNIK,-6.359,39.258896506692786,0.39258896506692786,0.0,1.0,0.8242056993121519,0.48066644092359395,0.48066644092359395,0.0,0.3604998306926955
CHEMBL511,PYRILAMINE,10,0,0,0.4113466876582056,-7.237,-5.9085,False,,,,285.4,2.66,28.6,TNIK,-6.359,39.258896506692786,0.39258896506692786,0.0,1.0,0.8242056993121519,0.48066644092359395,0.48066644092359395,0.0,0.3604998306926955
CHEMBL450,METHARBITAL,10,0,0,0.36844561251884955,-6.347,-5.285,False,Launched,GABA receptor modulator,epilepsy,198.2,0.5,66.5,MAPK14,-6.347,40.922425032594525,0.4092242503259452,0.0,1.0,0.778536615334207,0.48047019243050915,0.48047019243050915,0.0,0.36035264432288183
CHEMBL1746,SODIUM PHENYLBUTYRATE,10,0,0,0.3651688570922876,-6.525,-5.6785,False,,,,163.2,0.76,40.1,TNIK,-6.525,44.17238001958864,0.44172380019588636,0.0,0.9,0.8242056993121519,0.4803203749751774,0.4803203749751774,0.0,0.360240281231383
CHEMBL1200448,TILUDRONATE DISODIUM,10,0,0,0.33314988826515785,-6.829,-5.8055,False,,,,316.6,0.81,120.7,SERPINE1,-6.308,71.2520325203252,0.712520325203252,0.0,0.6,0.5,0.48000813008130083,0.48000813008130083,0.0,0.3600060975609756
CHEMBL1200937,DALFOPRISTIN,10,0,0,0.33547300879718833,-7.581,-5.7105,False,Preclinical,antibacterial ,,690.9,2.27,176.4,AXL,-6.75,56.98469553891241,0.5698469553891241,0.0,0.6,0.8797731045932484,0.4799047478446369,0.4799047478446369,0.0,0.3599285608834777
CHEMBL2103929,LYMECYCLINE,10,0,0,0.32427202225113627,-8.559,-6.7509999999999994,False,Launched,bacterial 50S ribosomal subunit inhibitor,acne vulgaris (AV),602.6,-0.45,243.0,AXL,-7.972,86.97492673396287,0.8697492673396288,0.0,0.0,0.8797731045932484,0.4798656726248388,0.4798656726248388,0.0,0.35989925446862914
CHEMBL127,MEROPENEM,10,0,0,0.3908652248410682,-7.989,-6.3375,False,Launched,bacterial cell wall synthesis inhibitor,skin infections|intra-abdominal infections|meningitis,383.5,-0.31,110.2,ITPKC,-5.563,71.20717781402936,0.7120717781402937,0.0,0.6,0.5,0.4798287112561175,0.4798287112561175,0.0,0.3598715334420881
CHEMBL1200469,PROMAZINE HYDROCHLORIDE,10,0,0,0.39303923836349675,-7.558,-5.899,False,,,,284.4,4.24,6.5,AXL,-6.191,41.924454575056984,0.41924454575056985,0.0,0.9,0.8797731045932484,0.47966378398921516,0.47966378398921516,0.0,0.35974783799191135
CHEMBL1169,AMINOSALICYLIC ACID,10,0,0,0.3476204424000367,-6.62,-5.4945,False,,,,153.1,0.67,83.6,MAPK14,-6.62,50.651890482398954,0.5065189048239895,0.0,0.8,0.778536615334207,0.4793880542297269,0.4793880542297269,0.0,0.3595410406722952
CHEMBL112,ACETAMINOPHEN,10,0,0,0.37672381448526304,-5.92,-5.725,False,,,,151.2,1.35,49.3,SERPINE1,-5.842,51.08943089430894,0.5108943089430894,0.0,1.0,0.5,0.4793577235772358,0.4793577235772358,0.0,0.35951829268292684
CHEMBL3181832,METHICILLIN SODIUM,10,0,0,0.4077065879803293,-8.126,-6.524,False,,,,379.4,-0.39,108.0,MAPK14,-6.895,60.59322033898306,0.6059322033898306,0.0,0.6,0.778536615334207,0.4791533736560633,0.4791533736560633,0.0,0.35936503024204747
CHEMBL578,ENALAPRIL,10,0,0,0.40286216943122966,-8.148,-6.839,False,Launched,angiotensin converting enzyme inhibitor,hypertension|congestive heart failure|left ventricular systolic dysfunction (LVSD),376.5,1.6,95.9,MAPK14,-6.894,60.54432855280313,0.6054432855280313,0.0,0.6,0.778536615334207,0.47895780651134356,0.47895780651134356,0.0,0.3592183548835077
CHEMBL1200659,ENALAPRIL MALEATE,10,0,0,0.40286216943122966,-8.148,-6.839,False,,,,376.5,1.6,95.9,MAPK14,-6.894,60.54432855280313,0.6054432855280313,0.0,0.6,0.778536615334207,0.47895780651134356,0.47895780651134356,0.0,0.3592183548835077
CHEMBL1237104,PROPOXYPHENE HYDROCHLORIDE,10,0,0,0.3918112264891029,-7.367,-5.897,False,,,,339.5,4.28,29.5,AXL,-6.179,41.68023445131879,0.4168023445131879,0.0,0.9,0.8797731045932484,0.47868690349426246,0.47868690349426246,0.0,0.35901517762069685
CHEMBL1213351,PROPOXYPHENE,10,0,0,0.3918112264891029,-7.367,-5.897,False,,,,339.5,4.28,29.5,AXL,-6.179,41.68023445131879,0.4168023445131879,0.0,0.9,0.8797731045932484,0.47868690349426246,0.47868690349426246,0.0,0.35901517762069685
CHEMBL3989716,PROPOXYPHENE NAPSYLATE,10,0,0,0.3918112264891029,-7.367,-5.897,False,,,,339.5,4.28,29.5,AXL,-6.179,41.68023445131879,0.4168023445131879,0.0,0.9,0.8797731045932484,0.47868690349426246,0.47868690349426246,0.0,0.35901517762069685
CHEMBL1289,HALOPROGIN,10,0,0,0.3650720277636185,-6.469,-5.6125,False,Launched,other antifungal,tinea pedis,361.4,4.42,9.2,MAPK14,-6.469,45.404172099087354,0.45404172099087353,0.0,0.9,0.778536615334207,0.47839718069648046,0.47839718069648046,0.0,0.35879788552236036
CHEMBL3989403,ZOMEPIRAC SODIUM,10,0,0,0.4407729987787459,-7.283,-6.159000000000001,False,,,,290.7,1.51,62.1,AXL,-5.999,36.56789319439922,0.3656789319439922,0.0,1.0,0.8797731045932484,0.4782375384665841,0.4782375384665841,0.0,0.35867815384993806
CHEMBL3989698,TRANYLCYPROMINE SULFATE,10,0,0,0.3823533449133011,-6.331,-5.7635000000000005,False,,,,133.2,1.5,26.0,TNIK,-6.331,38.6222657525302,0.386222657525302,0.0,1.0,0.8242056993121519,0.47811991790694364,0.47811991790694364,0.0,0.3585899384302077
CHEMBL3989843,TRANYLCYPROMINE,10,0,0,0.3823533449133011,-6.331,-5.7635000000000005,False,Launched,monoamine oxidase inhibitor,depression,133.2,1.5,26.0,TNIK,-6.331,38.6222657525302,0.386222657525302,0.0,1.0,0.8242056993121519,0.47811991790694364,0.47811991790694364,0.0,0.3585899384302077
CHEMBL1201019,CEFTIZOXIME SODIUM,10,0,0,0.38336929594235286,-7.304,-6.4735,False,,,,382.4,-1.89,150.0,MAPK14,-6.888,60.33246414602347,0.6033246414602347,0.0,0.6,0.778536615334207,0.47811034888422493,0.47811034888422493,0.0,0.3585827616631687
CHEMBL1200768,CEFTAZIDIME SODIUM,10,0,0,0.3690098550174712,-9.166,-6.5275,False,,,,545.6,-2.63,194.1,SLC2A1,-9.166,75.19569471624267,0.7519569471624267,0.0,0.2,0.9141924959216966,0.47791165325322515,0.47791165325322515,0.0,0.3584337399399189
CHEMBL2105420,TAUROLIDINE,10,0,0,0.31974083204263865,-6.605,-5.680999999999999,False,Launched,apoptosis stimulant,catheter-related bloodstream infection,284.4,-2.67,98.8,SERPINE1,-6.295,70.65040650406505,0.7065040650406504,0.0,0.6,0.5,0.4776016260162602,0.4776016260162602,0.0,0.3582012195121952
CHEMBL4065616,REMDESIVIR,10,0,0,0.4175712695322044,-9.163,-7.2935,False,,,,602.6,2.31,203.5,SLC2A1,-9.163,75.11415525114155,0.7511415525114156,0.0,0.2,0.9141924959216966,0.4775854953928208,0.4775854953928208,0.0,0.3581891215446156
CHEMBL1201794,RIBOFLAVIN 5'-PHOSPHATE,10,0,0,0.40477232420212417,-8.83,-6.962,False,,,,456.3,-1.61,208.1,ACVR1,-8.801,79.31707317073172,0.7931707317073172,0.0,0.2,0.7969667318982387,0.47681330246766274,0.47681330246766274,0.0,0.357609976850747
CHEMBL7863,APROBARBITAL,10,0,0,0.32906325966601147,-6.6,-5.071,False,,,,210.2,0.57,75.3,MAPK14,-6.6,50.0,0.5,0.0,0.8,0.778536615334207,0.4767804923001311,0.4767804923001311,0.0,0.3575853692250983
CHEMBL21536,XANOMELINE,10,0,0,0.37069459594511245,-6.578,-5.5265,False,Phase 3,acetylcholine receptor agonist,,281.4,3.22,38.3,TNIK,-6.307,38.27946457721188,0.3827946457721188,0.0,1.0,0.8242056993121519,0.47674871320567036,0.47674871320567036,0.0,0.3575615349042528
CHEMBL2336050,XANOMELINE TARTRATE,10,0,0,0.37069459594511245,-6.578,-5.5265,False,,,,281.4,3.22,38.3,TNIK,-6.307,38.27946457721188,0.3827946457721188,0.0,1.0,0.8242056993121519,0.47674871320567036,0.47674871320567036,0.0,0.3575615349042528
CHEMBL1200409,LIDOCAINE HYDROCHLORIDE,10,0,0,0.39735912515315036,-6.681,-5.734,False,,,,234.3,2.58,32.3,SERPINE1,-5.829,50.390243902439025,0.5039024390243902,0.0,1.0,0.5,0.47656097560975613,0.47656097560975613,0.0,0.3574207317073171
CHEMBL79,LIDOCAINE,10,0,0,0.39735912515315036,-6.681,-5.734,True,Launched,histamine receptor agonist,itching|eczema|hemorrhage,234.3,2.58,32.3,SERPINE1,-5.829,50.390243902439025,0.5039024390243902,0.0,1.0,0.5,0.47656097560975613,0.47656097560975613,0.0,0.3574207317073171
CHEMBL492,ETIDOCAINE,10,0,0,0.3965680451129565,-7.482,-5.649,False,,,,276.4,3.75,32.3,ADRA2A,-7.482,49.08794788273615,0.49087947882736155,0.0,1.0,0.5324652394614875,0.47622157745016774,0.47622157745016774,0.0,0.3571661830876258
CHEMBL1200597,ETIDOCAINE HYDROCHLORIDE,10,0,0,0.3965680451129565,-7.482,-5.649,False,,,,276.4,3.75,32.3,ADRA2A,-7.482,49.08794788273615,0.49087947882736155,0.0,1.0,0.5324652394614875,0.47622157745016774,0.47622157745016774,0.0,0.3571661830876258
CHEMBL459,METHYLDOPA,10,0,0,0.32091388464750753,-6.91,-5.9825,False,Launched,adrenergic receptor agonist,hypertension,211.2,0.44,103.8,SERPINE1,-6.556,80.29268292682927,0.8029268292682927,0.0,0.4,0.5,0.47617073170731716,0.47617073170731716,0.0,0.3571280487804879
CHEMBL455,SULFACETAMIDE,10,0,0,0.38381687273259396,-6.637,-6.0945,False,Launched,PABA antagonist,conjunctivitis,214.2,0.09,89.3,TNIK,-6.637,48.10643160300359,0.4810643160300359,0.0,0.8,0.8242056993121519,0.4760565813088372,0.4760565813088372,0.0,0.3570424359816279
CHEMBL1201729,DRONEDARONE HYDROCHLORIDE,10,0,0,0.3660432689980379,-8.392,-6.823,False,,,,556.8,7.05,88.8,MAPK14,-7.181,69.6219035202086,0.6962190352020861,0.0,0.4,0.778536615334207,0.4752681063809655,0.4752681063809655,0.0,0.3564510797857241
CHEMBL1200903,SECOBARBITAL SODIUM,10,0,0,0.3718429145656958,-6.711,-5.17,False,,,,237.3,2.14,77.3,MAPK14,-6.317,39.537157757496736,0.3953715775749674,0.0,1.0,0.778536615334207,0.474929123330118,0.474929123330118,0.0,0.3561968424975885
CHEMBL1537,AZLOCILLIN,10,0,0,0.4310505836280166,-9.103,-7.4725,False,Launched,bacterial cell wall synthesis inhibitor,gram-positive bacterial infections|gram-negative bacterial infections,461.5,0.09,148.1,AXL,-7.47,75.72451970042331,0.7572451970042331,0.0,0.2,0.8797731045932484,0.47486404449068054,0.47486404449068054,0.0,0.3561480333680104
CHEMBL290960,NIFURTIMOX,10,0,0,0.39407685935247194,-7.127,-6.603,False,Launched,DNA inhibitor,Chagas disease|African trypanosomiasis,287.3,0.64,106.0,MAPK14,-6.864,59.51760104302477,0.5951760104302477,0.0,0.6,0.778536615334207,0.47485089647223017,0.47485089647223017,0.0,0.3561381723541726
CHEMBL1184360,DIAMTHAZOLE,10,0,0,0.38022832765928943,-6.446,-5.773,False,,,,293.4,3.08,28.6,TNIK,-6.289,37.69180541952334,0.3769180541952334,0.0,1.0,0.8242056993121519,0.47439807657491617,0.47439807657491617,0.0,0.35579855743118716
CHEMBL346235,DIAMTHAZOLE DIHYDROCHLORIDE,10,0,0,0.38022832765928943,-6.446,-5.773,False,,,,293.4,3.08,28.6,TNIK,-6.289,37.69180541952334,0.3769180541952334,0.0,1.0,0.8242056993121519,0.47439807657491617,0.47439807657491617,0.0,0.35579855743118716
CHEMBL2362410,LANDIOLOL HYDROCHLORIDE,10,0,0,0.39839669114077214,-8.041,-7.474,False,,,,509.6,0.69,127.8,TNIK,-7.753,77.6526281423441,0.776526281423441,0.0,0.2,0.8242056993121519,0.47424136746619927,0.47424136746619927,0.0,0.3556810255996494
CHEMBL1742466,LANDIOLOL,10,0,0,0.39839669114077214,-8.041,-7.474,False,Launched,adrenergic receptor antagonist,cardiac arrythmia,509.6,0.69,127.8,TNIK,-7.753,77.6526281423441,0.776526281423441,0.0,0.2,0.8242056993121519,0.47424136746619927,0.47424136746619927,0.0,0.3556810255996494
CHEMBL161,CEFTRIAXONE,10,0,0,0.3781481405393034,-8.357,-7.0415,False,Launched,bacterial cell wall synthesis inhibitor,gonorrhea|pneumonia|otitis|skin infections|urinary tract infections|pelvic inflammatory disease|bacterial septicemia|bone and joint infections|intra-abdominal infections|meningitis|surgical prophylaxis,554.6,-1.2,215.2,AXL,-7.467,75.5454249430153,0.755454249430153,0.0,0.2,0.8797731045932484,0.4741476654610485,0.4741476654610485,0.0,0.3556107490957864
CHEMBL673,PARGYLINE,10,0,0,0.3768938365193123,-6.287,-5.666,False,Launched,monoamine oxidase inhibitor,hypertension,159.2,1.75,3.2,TNIK,-6.287,37.62650995755795,0.3762650995755795,0.0,1.0,0.8242056993121519,0.4741368947270546,0.4741368947270546,0.0,0.355602671045291
CHEMBL1200425,PARGYLINE HYDROCHLORIDE,10,0,0,0.3768938365193123,-6.287,-5.666,False,,,,159.2,1.75,3.2,TNIK,-6.287,37.62650995755795,0.3762650995755795,0.0,1.0,0.8242056993121519,0.4741368947270546,0.4741368947270546,0.0,0.355602671045291
CHEMBL647,APRACLONIDINE,10,0,0,0.3961728097087711,-7.1,-5.4965,False,Launched,adrenergic receptor agonist,glaucoma|intraocular pressure,245.1,1.76,62.4,ADRA2A,-6.457,23.452768729641694,0.23452768729641693,0.4,1.0,0.5324652394614875,0.47368086083778993,0.47368086083778993,0.0,0.3552606456283425
CHEMBL3989949,CENOBAMATE,10,0,0,0.37512520812656436,-6.91,-5.875500000000001,False,Launched,GABA receptor modulator|voltage-gated sodium channel blocker,,267.7,1.16,95.9,TNIK,-6.625,47.486124714332355,0.47486124714332356,0.0,0.8,0.8242056993121519,0.4735753537541523,0.4735753537541523,0.0,0.3551815153156142
CHEMBL1480,FELODIPINE,10,0,0,0.40645681358667424,-6.785,-5.7705,False,Launched,calcium channel blocker,hypertension,384.3,3.96,64.6,AXL,-5.948,35.330511234125694,0.35330511234125694,0.0,1.0,0.8797731045932484,0.47328801062549,0.47328801062549,0.0,0.3549660079691175
CHEMBL1090,VIDARABINE,10,0,0,0.32852975265417994,-7.419,-6.0215,False,Launched,antiviral,virus herpes simplex (HSV)|varicella-zoster virus (VZV),267.2,-1.98,139.5,SERPINE1,-6.529,79.54471544715447,0.7954471544715447,0.0,0.4,0.5,0.4731788617886179,0.4731788617886179,0.0,0.3548841463414634
CHEMBL5314934,VANZACAFTOR,10,0,0,0.36936987382684505,-8.184,-6.6175,False,,,,617.8,4.55,131.3,AXL,-7.06,65.23933572126343,0.6523933572126343,0.0,0.4,0.8797731045932484,0.47292330857404097,0.47292330857404097,0.0,0.3546924814305307
CHEMBL168815,CEVIMELINE,10,0,0,0.3583833865428008,-6.306,-5.0295000000000005,False,Launched,acetylcholine receptor agonist,sjogren's syndrome,199.3,1.56,12.5,MAPK14,-6.306,38.9993481095176,0.38999348109517595,0.0,1.0,0.778536615334207,0.4727778847382014,0.4727778847382014,0.0,0.3545834135536511
CHEMBL2218917,CEVIMELINE HYDROCHLORIDE,10,0,0,0.3583833865428008,-6.306,-5.0295000000000005,False,,,,199.3,1.56,12.5,MAPK14,-6.306,38.9993481095176,0.38999348109517595,0.0,1.0,0.778536615334207,0.4727778847382014,0.4727778847382014,0.0,0.3545834135536511
CHEMBL753,PHENOXYBENZAMINE,10,0,0,0.39537071977107435,-7.137,-6.144500000000001,False,Launched,adrenergic receptor antagonist,hypertension|pheochromocytoma,303.8,4.19,12.5,MAPK14,-6.429,43.98631029986962,0.43986310299869624,0.0,0.9,0.778536615334207,0.4727257334996096,0.4727257334996096,0.0,0.3545443001247072
CHEMBL1200787,PHENOXYBENZAMINE HYDROCHLORIDE,10,0,0,0.3853707197710744,-7.137,-6.144500000000001,False,,,,303.8,4.19,12.5,MAPK14,-6.429,43.98631029986962,0.43986310299869624,0.0,0.9,0.778536615334207,0.4727257334996096,0.4727257334996096,0.0,0.3545443001247072
CHEMBL1123,DICYCLOMINE,10,0,0,0.3943975729864507,-7.385,-5.7829999999999995,False,,,,309.5,4.4,29.5,TNIK,-6.475,42.26248775710088,0.4226248775710088,0.0,0.9,0.8242056993121519,0.4726808059252263,0.4726808059252263,0.0,0.35451060444391974
CHEMBL1200479,DICYCLOMINE HYDROCHLORIDE,10,0,0,0.3943975729864507,-7.385,-5.7829999999999995,False,,,,309.5,4.4,29.5,TNIK,-6.475,42.26248775710088,0.4226248775710088,0.0,0.9,0.8242056993121519,0.4726808059252263,0.4726808059252263,0.0,0.35451060444391974
CHEMBL526,PROPOFOL,10,0,0,0.40294571486810743,-6.721,-5.915,True,Launched,benzodiazepine receptor agonist,anesthetic,178.3,3.64,20.2,TNIK,-6.262,37.23473718576559,0.3723473718576559,0.0,1.0,0.8242056993121519,0.47256980363988516,0.47256980363988516,0.0,0.3544273527299139
CHEMBL1576,ETHINAMATE,10,0,0,0.38735859177073223,-6.305,-5.705500000000001,False,,,,167.2,1.42,52.3,MAPK14,-6.305,38.934159061277704,0.38934159061277707,0.0,1.0,0.778536615334207,0.4725171285452419,0.4725171285452419,0.0,0.35438784640893145
CHEMBL3544971,DEXTROAMPHETAMINE SULFATE,10,0,0,0.36813422393727774,-6.048,-5.4855,False,,,,135.2,1.58,26.0,SERPINE1,-5.796,49.3170731707317,0.493170731707317,0.0,1.0,0.5,0.47226829268292686,0.47226829268292686,0.0,0.35420121951219513
CHEMBL612,DEXTROAMPHETAMINE,10,0,0,0.36813422393727774,-6.048,-5.4855,False,,,,135.2,1.58,26.0,SERPINE1,-5.796,49.3170731707317,0.493170731707317,0.0,1.0,0.5,0.47226829268292686,0.47226829268292686,0.0,0.35420121951219513
CHEMBL1200782,DEXTROAMPHETAMINE ADIPATE,10,0,0,0.36813422393727774,-6.048,-5.4855,False,,,,135.2,1.58,26.0,SERPINE1,-5.796,49.3170731707317,0.493170731707317,0.0,1.0,0.5,0.47226829268292686,0.47226829268292686,0.0,0.35420121951219513
CHEMBL1200541,AMBENONIUM CHLORIDE,10,0,0,0.38083614774297364,-8.34,-6.7405,False,,,,537.6,4.64,58.2,TNIK,-7.292,67.14005876591577,0.6714005876591577,0.0,0.4,0.8242056993121519,0.47219108996048587,0.47219108996048587,0.0,0.3541433174703644
CHEMBL2110962,MEFENOREX,10,0,0,0.39014946873647527,-6.314,-5.731,False,,,,211.7,2.84,12.0,TNIK,-6.256,37.087822396343455,0.37087822396343456,0.0,1.0,0.8242056993121519,0.47198214448219666,0.47198214448219666,0.0,0.3539866083616475
CHEMBL1200855,TICARCILLIN DISODIUM,10,0,0,0.3413781166808778,-7.467,-5.7375,False,,,,382.4,-2.12,129.7,AXL,-6.696,54.88440247476392,0.5488440247476392,0.0,0.6,0.8797731045932484,0.4715035755880429,0.4715035755880429,0.0,0.3536276816910322
CHEMBL186,CEFEPIME,10,0,0,0.3769033085442462,-8.596,-6.7315,False,Launched,bacterial cell wall synthesis inhibitor,pneumonia|urinary tract infections|skin infections|intra-abdominal infections,480.6,-1.28,150.0,SLC2A1,-8.596,63.56816699282453,0.6356816699282453,0.0,0.4,0.9141924959216966,0.4714015423595526,0.4714015423595526,0.0,0.3535511567696645
CHEMBL629,AMITRIPTYLINE,10,0,0,0.3708005885897581,-6.644,-5.1395,True,Launched,norepinephrine inhibitor|norepinephrine reuptake inhibitor|serotonin receptor antagonist|serotonin–norepinephrine reuptake inhibitor (SNRI),depression,277.4,4.17,3.2,ADRA2A,-6.434,22.88273615635179,0.2288273615635179,0.4,1.0,0.5324652394614875,0.4714007305446303,0.4714007305446303,0.0,0.35355054790847273
CHEMBL1201275,ISOSULFAN BLUE INNER SALT,10,0,0,0.34781642909753624,-8.659,-6.7695,False,,,,544.7,4.1,117.8,GALNS,-7.832,89.09921671018277,0.8909921671018277,0.0,0.2,0.5,0.4713968668407312,0.4713968668407312,0.0,0.3535476501305484
CHEMBL1908841,LEVOLEUCOVORIN,10,0,0,0.4131755597227317,-9.148,-7.6765,False,,,,473.4,-0.73,219.8,TNIK,-8.319,86.87561214495592,0.8687561214495593,0.0,0.0,0.8242056993121519,0.4711333034766465,0.4711333034766465,0.0,0.3533499776074849
CHEMBL445,NORTRIPTYLINE,10,0,0,0.3694815447037024,-6.623,-5.186,True,Launched,tricyclic antidepressant,depression,263.4,3.83,12.0,ADRA2A,-6.431,22.78501628664495,0.2278501628664495,0.4,1.0,0.5324652394614875,0.47100985106580295,0.47100985106580295,0.0,0.3532573882993522
CHEMBL575,METHICILLIN,10,0,0,0.40139687807677377,-8.147,-6.5555,False,Launched,bacterial cell wall synthesis inhibitor,gram-negative bacterial infections|gram-positive bacterial infections,380.4,0.95,105.2,SLC2A1,-8.147,53.42465753424658,0.5342465753424658,0.0,0.6,0.9141924959216966,0.4708275045252408,0.4708275045252408,0.0,0.3531206283939306
CHEMBL424,SALICYLIC ACID,10,0,0,0.3704308461064583,-5.787,-5.4605,False,,,,138.1,1.09,57.5,SERPINE1,-5.787,48.94308943089431,0.4894308943089431,0.0,1.0,0.5,0.4707723577235773,0.4707723577235773,0.0,0.353079268292683
CHEMBL944,CHLOROPROCAINE HYDROCHLORIDE,10,0,0,0.37216268242351214,-6.234,-5.647,False,,,,270.8,2.42,55.6,TNIK,-6.231,36.777668952007836,0.36777668952007836,0.0,1.0,0.8242056993121519,0.47074153070485414,0.47074153070485414,0.0,0.3530561480286406
CHEMBL1179047,CHLOROPROCAINE,10,0,0,0.37216268242351214,-6.234,-5.647,False,Launched,sodium channel blocker,local anesthetic,270.8,2.42,55.6,TNIK,-6.231,36.777668952007836,0.36777668952007836,0.0,1.0,0.8242056993121519,0.47074153070485414,0.47074153070485414,0.0,0.3530561480286406
CHEMBL85231,MEDIFOXAMINE,10,0,0,0.4037512015938066,-7.184,-5.766500000000001,False,,,,257.3,3.03,21.7,TNIK,-6.23,36.696049624551094,0.3669604962455109,0.0,1.0,0.8242056993121519,0.4704150533950272,0.4704150533950272,0.0,0.35281129004627043
CHEMBL1167,SPECTINOMYCIN,10,0,0,0.3463905702280232,-8.204,-6.0555,False,Launched,bacterial 30S ribosomal subunit inhibitor,airsacculitis|chronic respiratory disease,332.4,-2.93,129.5,TNIK,-7.27,66.68299053215802,0.6668299053215802,0.0,0.4,0.8242056993121519,0.4703628170254549,0.4703628170254549,0.0,0.35277211276909115
CHEMBL3989571,SPECTINOMYCIN HYDROCHLORIDE,10,0,0,0.3463905702280232,-8.204,-6.0555,False,,,,332.4,-2.93,129.5,TNIK,-7.27,66.68299053215802,0.6668299053215802,0.0,0.4,0.8242056993121519,0.4703628170254549,0.4703628170254549,0.0,0.35277211276909115
CHEMBL338802,SULFAGUANIDINE,10,0,0,0.3511661111828606,-7.148,-6.694,False,Launched,bacterial antifolate,urinary tract infections,214.2,-0.56,122.1,MAPK14,-7.137,68.38331160365058,0.6838331160365059,0.0,0.4,0.778536615334207,0.4703137387147334,0.4703137387147334,0.0,0.3527353040360501
CHEMBL1201747,ALCAFTADINE,10,0,0,0.38461848445096575,-6.932,-5.8740000000000006,False,Launched,histamine receptor antagonist,allergic conjunctivitis,307.4,2.78,38.1,AXL,-5.924,34.46760013025073,0.3446760013025073,0.0,1.0,0.8797731045932484,0.46983636620999014,0.46983636620999014,0.0,0.3523772746574926
CHEMBL1544,LIOTHYRONINE,10,0,0,0.3892899651630821,-7.466,-6.425,False,Launched,thyroid hormone stimulant,hypothyroidism|myxedema coma,651.0,3.95,92.8,GALNS,-7.065,68.65208877284596,0.6865208877284595,0.0,0.6,0.5,0.4696083550913838,0.4696083550913838,0.0,0.35220626631853785
CHEMBL1726,NISOLDIPINE,10,0,0,0.37251635916290654,-6.677,-5.9695,False,Launched,calcium channel blocker,hypertension,388.4,3.2,107.8,AXL,-6.286,44.39921849560404,0.44399218495604037,0.0,0.8,0.8797731045932484,0.46956283967140344,0.46956283967140344,0.0,0.3521721297535526
CHEMBL2107825,TENOFOVIR ALAFENAMIDE,10,0,0,0.3698232163768714,-8.573,-6.5915,False,,,,476.5,2.97,143.5,SLC2A1,-8.573,63.095238095238095,0.6309523809523809,0.0,0.4,0.9141924959216966,0.4695098267692069,0.4695098267692069,0.0,0.3521323700769052
CHEMBL2364637,TENOFOVIR ALAFENAMIDE FUMARATE,10,0,0,0.3698232163768714,-8.573,-6.5915,False,,,,476.5,2.97,143.5,SLC2A1,-8.573,63.095238095238095,0.6309523809523809,0.0,0.4,0.9141924959216966,0.4695098267692069,0.4695098267692069,0.0,0.3521323700769052
CHEMBL1200638,DEXBROMPHENIRAMINE MALEATE,10,0,0,0.4113534876610558,-7.18,-5.974,False,,,,319.2,3.93,16.1,ACVR1,-7.18,37.47967479674797,0.3747967479674797,0.0,1.0,0.7969667318982387,0.46946370897172773,0.46946370897172773,0.0,0.3520977817287958
CHEMBL1201287,DEXBROMPHENIRAMINE,10,0,0,0.4113534876610558,-7.18,-5.974,False,,,,319.2,3.93,16.1,ACVR1,-7.18,37.47967479674797,0.3747967479674797,0.0,1.0,0.7969667318982387,0.46946370897172773,0.46946370897172773,0.0,0.3520977817287958
CHEMBL2035187,PACRITINIB,10,0,0,0.3087392717675636,-8.13,-5.349,False,Phase 3,FLT3 inhibitor|JAK inhibitor,,472.6,4.47,67.7,SLC2A1,-8.13,53.00065231572081,0.5300065231572081,0.0,0.6,0.9141924959216966,0.46913148365113777,0.46913148365113777,0.0,0.35184861273835333
CHEMBL1200953,HYDROCORTISONE PROBUTATE,10,0,0,0.37937546045686543,-8.027,-7.0329999999999995,False,,,,488.6,4.09,107.0,TNIK,-7.257,66.35651322233105,0.6635651322233105,0.0,0.4,0.8242056993121519,0.469056907786147,0.469056907786147,0.0,0.35179268083961024
CHEMBL1601,CEFONICID,10,0,0,0.3386534078784539,-9.284,-6.853,False,Launched,bacterial cell wall synthesis inhibitor,gram-positive bacterial infections,542.6,-0.92,204.9,AXL,-7.835,84.27222403126018,0.8427222403126018,0.0,0.0,0.8797731045932484,0.469054861814028,0.469054861814028,0.0,0.351791146360521
CHEMBL374478,RIFAMPIN,9,0,0,0.2987361819192669,-9.044,-5.65,False,Launched,RNA polymerase inhibitor,tuberculosis|meningitis,823.0,4.34,220.1,SLC2A1,-9.044,72.92889758643183,0.7292889758643183,0.0,0.2,0.9141924959216966,0.4688444647339818,0.4688444647339818,0.0,0.35163334855048634
CHEMBL3989564,TOBRAMYCIN SULFATE,10,0,0,0.367943205075277,-9.041,-6.7495,False,,,,467.5,-6.3,268.2,SLC2A1,-9.041,72.86366601435094,0.7286366601435094,0.0,0.2,0.9141924959216966,0.46858353844565825,0.46858353844565825,0.0,0.3514376538342437
CHEMBL1747,TOBRAMYCIN,10,0,0,0.367943205075277,-9.041,-6.7495,False,Launched,bacterial 30S ribosomal subunit inhibitor,bacterial septicemia|respiratory tract infections|meningitis|skin infections|urinary tract infections,467.5,-6.3,268.2,SLC2A1,-9.041,72.86366601435094,0.7286366601435094,0.0,0.2,0.9141924959216966,0.46858353844565825,0.46858353844565825,0.0,0.3514376538342437
CHEMBL752,ADENOSINE PHOSPHATE,10,0,0,0.3461983152897707,-7.844,-6.422000000000001,False,,,,347.2,-1.86,186.1,ITPKC,-5.794,78.36867862969005,0.7836867862969005,0.0,0.4,0.5,0.4684747145187602,0.4684747145187602,0.0,0.35135603588907016
CHEMBL2105131,MEFRUSIDE,10,0,0,0.41268807636177585,-7.524,-6.2465,False,,,,382.9,1.18,106.8,AXL,-6.279,44.12243568870075,0.44122435688700745,0.0,0.8,0.8797731045932484,0.46845570844379025,0.46845570844379025,0.0,0.35134178133284266
CHEMBL376140,TIGECYCLINE,10,0,0,0.4145199269677806,-9.035,-7.336,False,Launched,bacterial 30S ribosomal subunit inhibitor,skin infections|pneumonia|intra-abdominal infections,585.7,0.51,205.8,SLC2A1,-9.035,72.79843444227005,0.7279843444227005,0.0,0.2,0.9141924959216966,0.46832261215733473,0.46832261215733473,0.0,0.35124195911800105
CHEMBL1742424,CELIPROLOL HYDROCHLORIDE,10,0,0,0.4033245766714434,-7.817,-6.425,False,,,,379.5,2.89,90.9,SERPINE1,-6.235,68.2439024390244,0.682439024390244,0.0,0.6,0.5,0.4679756097560976,0.4679756097560976,0.0,0.3509817073170732
CHEMBL2063090,GRAZOPREVIR ANHYDROUS,10,0,0,0.33302517166411577,-8.118,-5.5105,False,,,,766.9,3.3,195.2,SLC2A1,-8.118,52.67449445531638,0.5267449445531638,0.0,0.6,0.9141924959216966,0.46782685220952,0.46782685220952,0.0,0.35087013915714005
CHEMBL3544973,CEFTAROLINE FOSAMIL ACETATE,10,0,0,0.34874414564051126,-9.324,-7.2585,False,,,,684.7,-0.11,223.2,AXL,-7.804,83.9303158580267,0.839303158580267,0.0,0.0,0.8797731045932484,0.46768722912109406,0.46768722912109406,0.0,0.35076542184082055
CHEMBL1624,LEVOTHYROXINE,10,0,0,0.35279881377992905,-6.978,-6.535,False,Launched,thyroid hormone stimulant,myxedema coma,776.9,4.56,92.8,ITPKC,-5.79,78.14029363784665,0.7814029363784666,0.0,0.4,0.5,0.4675611745513867,0.4675611745513867,0.0,0.35067088091354004
CHEMBL1200340,OSELTAMIVIR PHOSPHATE,10,0,0,0.363062225473202,-6.979,-5.865,False,,,,312.4,1.29,90.6,TNIK,-6.584,45.90270976167156,0.4590270976167156,0.0,0.8,0.8242056993121519,0.4672416939435091,0.4672416939435091,0.0,0.35043127045763184
CHEMBL1229,OSELTAMIVIR,10,0,0,0.363062225473202,-6.979,-5.865,False,,,,312.4,1.29,90.6,TNIK,-6.584,45.90270976167156,0.4590270976167156,0.0,0.8,0.8242056993121519,0.4672416939435091,0.4672416939435091,0.0,0.35043127045763184
CHEMBL40,PHENOBARBITAL,10,0,0,0.4104698799154705,-7.662,-6.150499999999999,False,,,,232.2,0.7,75.3,SLC2A1,-7.662,42.36790606653621,0.4236790606653621,0.0,0.8,0.9141924959216966,0.46660049865439934,0.46660049865439934,0.0,0.34995037399079953
CHEMBL1738990,LEVOPROPOXYPHENE,10,0,0,0.3736161243818547,-6.692,-5.46,False,Launched,antitussive,cough suppressant,339.5,4.28,29.5,AXL,-6.069,38.65190491696516,0.3865190491696516,0.0,0.9,0.8797731045932484,0.4665735853568479,0.4665735853568479,0.0,0.34993018901763595
CHEMBL1593906,LEVOPROPOXYPHENE NAPSYLATE,10,0,0,0.3736161243818547,-6.692,-5.46,False,,,,339.5,4.28,29.5,AXL,-6.069,38.65190491696516,0.3865190491696516,0.0,0.9,0.8797731045932484,0.4665735853568479,0.4665735853568479,0.0,0.34993018901763595
CHEMBL885,EMTRICITABINE,10,0,0,0.34628394978969534,-6.643,-5.934,False,Launched,nucleoside reverse transcriptase inhibitor,human immunodeficiency virus (HIV-1),247.3,-0.46,90.4,SERPINE1,-6.224,67.73983739837398,0.6773983739837398,0.0,0.6,0.5,0.46595934959349594,0.46595934959349594,0.0,0.34946951219512196
CHEMBL1664,FOSAMPRENAVIR,10,0,0,0.35341873862606055,-8.684,-7.026,False,Launched,HIV protease inhibitor,human immunodeficiency virus (HIV-1),585.6,2.52,177.7,ACVR1,-8.684,76.53658536585365,0.7653658536585365,0.0,0.2,0.7969667318982387,0.4656913512481504,0.4656913512481504,0.0,0.3492685134361128
CHEMBL713,ENTECAVIR ANHYDROUS,10,0,0,0.3654730270015018,-8.524,-6.479,False,,,,277.3,-0.83,130.0,SLC2A1,-8.524,62.116764514024794,0.6211676451402479,0.0,0.4,0.9141924959216966,0.4655959324443537,0.4655959324443537,0.0,0.3491969493332653
CHEMBL5314362,ENTECAVIR,10,0,0,0.3654730270015018,-8.524,-6.479,False,Launched,DNA replication inhibitor|nucleoside reverse transcriptase inhibitor,hepatitis B,277.3,-0.83,130.0,SLC2A1,-8.524,62.116764514024794,0.6211676451402479,0.0,0.4,0.9141924959216966,0.4655959324443537,0.4655959324443537,0.0,0.3491969493332653
CHEMBL1496,ROSUVASTATIN,10,0,0,0.4074303401622076,-8.43,-6.840999999999999,False,Launched,HMGCR inhibitor,hyperlipidemia|dyslipidemia|hypertriglyceridemia|hypercholesterolemia|atherosclerosis,481.5,2.4,140.9,ACVR1,-8.319,66.47154471544715,0.6647154471544715,0.0,0.4,0.7969667318982387,0.46543118864652444,0.46543118864652444,0.0,0.34907339148489336
CHEMBL1200,BENOXINATE,10,0,0,0.37176088911656524,-6.401,-6.052,False,,,,308.4,2.95,64.8,MAPK14,-6.377,42.14471968709257,0.4214471968709257,0.0,0.9,0.778536615334207,0.4653593710485014,0.4653593710485014,0.0,0.34901952828637606
CHEMBL1200654,BENOXINATE HYDROCHLORIDE,10,0,0,0.37176088911656524,-6.401,-6.052,False,,,,308.4,2.95,64.8,MAPK14,-6.377,42.14471968709257,0.4214471968709257,0.0,0.9,0.778536615334207,0.4653593710485014,0.4653593710485014,0.0,0.34901952828637606
CHEMBL521606,NADOLOL,10,0,0,0.4277991375106517,-8.088,-6.6525,False,Launched,adrenergic receptor antagonist,angina pectoris|hypertension,309.4,0.63,82.0,VASH2,-7.127,67.50814332247556,0.6750814332247557,0.0,0.6,0.5,0.4650325732899023,0.4650325732899023,0.0,0.3487744299674267
CHEMBL301265,PRAMIPEXOLE,10,0,0,0.39617642079761817,-6.231,-5.7605,False,Launched,dopamine receptor agonist,Parkinson's Disease,211.3,1.58,50.9,SERPINE1,-5.757,47.479674796747965,0.47479674796747967,0.0,1.0,0.5,0.4649186991869919,0.4649186991869919,0.0,0.34868902439024396
CHEMBL3182733,PRAMIPEXOLE DIHYDROCHLORIDE,10,0,0,0.38617642079761816,-6.231,-5.7605,False,,,,211.3,1.58,50.9,SERPINE1,-5.757,47.479674796747965,0.47479674796747967,0.0,1.0,0.5,0.4649186991869919,0.4649186991869919,0.0,0.34868902439024396
CHEMBL3989974,CEFIDEROCOL,10,0,0,0.364088928965152,-8.518,-7.695,False,Launched,antibacterial ,,752.2,-0.18,256.9,AXL,-7.762,83.16509280364703,0.8316509280364702,0.0,0.0,0.8797731045932484,0.46462633690357535,0.46462633690357535,0.0,0.34846975267768154
CHEMBL1449,TICARCILLIN,10,0,0,0.37121062460246634,-7.4,-6.0365,False,Launched,lactamase inhibitor,gram-negative bacterial infections,384.4,0.55,124.0,AXL,-6.625,53.10973624226636,0.5310973624226636,0.0,0.6,0.8797731045932484,0.46440491065805267,0.46440491065805267,0.0,0.34830368299353953
CHEMBL444633,RIFABUTIN,9,0,0,0.3371188350639297,-8.955,-6.696,False,Launched,protein synthesis inhibitor,human immunodeficiency virus (HIV-1),847.0,4.62,205.5,SLC2A1,-8.955,71.64057403783431,0.7164057403783431,0.0,0.2,0.9141924959216966,0.46369117053959175,0.46369117053959175,0.0,0.34776837790469384
CHEMBL2146124,CEFUROXIME SODIUM,10,0,0,0.38422761816832623,-8.073,-6.374499999999999,False,,,,423.4,-1.87,176.6,SLC2A1,-8.073,51.63078930202219,0.5163078930202218,0.0,0.6,0.9141924959216966,0.4636520315963433,0.4636520315963433,0.0,0.34773902369725745
CHEMBL2103873,MACITENTAN,10,0,0,0.36643388216677686,-8.509,-6.515499999999999,False,Launched,endothelin receptor antagonist,contraceptive,588.3,3.57,128.2,SLC2A1,-8.509,61.611219830397914,0.6161121983039791,0.0,0.4,0.9141924959216966,0.46357375370984616,0.46357375370984616,0.0,0.34768031528238463
CHEMBL405,AMPHETAMINE,10,0,0,0.3613613105943827,-6.167,-5.35,False,,,,135.2,1.58,26.0,TNIK,-6.167,34.982043747959516,0.3498204374795952,0.0,1.0,0.8242056993121519,0.4635590298886609,0.4635590298886609,0.0,0.34766927241649564
CHEMBL5095505,AMPHETAMINE/DEXTROAMPHETAMINE,10,0,0,0.3613613105943827,-6.167,-5.35,False,,,,135.2,1.58,26.0,TNIK,-6.167,34.982043747959516,0.3498204374795952,0.0,1.0,0.8242056993121519,0.4635590298886609,0.4635590298886609,0.0,0.34766927241649564
CHEMBL501,AMPHETAMINE SULFATE,10,0,0,0.3613613105943827,-6.167,-5.35,False,,,,135.2,1.58,26.0,TNIK,-6.167,34.982043747959516,0.3498204374795952,0.0,1.0,0.8242056993121519,0.4635590298886609,0.4635590298886609,0.0,0.34766927241649564
CHEMBL5095048,AMPHETAMINE ASPARTATE/DEXTROAMPHETAMINE SULFATE,10,0,0,0.3613613105943827,-6.167,-5.35,False,,,,135.2,1.58,26.0,TNIK,-6.167,34.982043747959516,0.3498204374795952,0.0,1.0,0.8242056993121519,0.4635590298886609,0.4635590298886609,0.0,0.34766927241649564
CHEMBL1200387,AMPHETAMINE ADIPATE,10,0,0,0.3613613105943827,-6.167,-5.35,False,,,,135.2,1.58,26.0,TNIK,-6.167,34.982043747959516,0.3498204374795952,0.0,1.0,0.8242056993121519,0.4635590298886609,0.4635590298886609,0.0,0.34766927241649564
CHEMBL1200377,AMPHETAMINE ASPARTATE,10,0,0,0.3613613105943827,-6.167,-5.35,False,,,,135.2,1.58,26.0,TNIK,-6.167,34.982043747959516,0.3498204374795952,0.0,1.0,0.8242056993121519,0.4635590298886609,0.4635590298886609,0.0,0.34766927241649564
CHEMBL5095049,PACRITINIB CITRATE,10,0,0,0.3625323793789804,-8.071,-6.051,False,,,,472.6,4.96,68.7,SLC2A1,-8.071,51.58186562296151,0.5158186562296151,0.0,0.6,0.9141924959216966,0.4634563368801006,0.4634563368801006,0.0,0.34759225266007543
CHEMBL4297516,LURBINECTEDIN,10,0,0,0.27889356998587955,-8.945,-6.0665,False,Phase 3,DNA binding agent,,784.9,4.19,164.3,SLC2A1,-8.945,71.51011089367255,0.7151011089367255,0.0,0.2,0.9141924959216966,0.4631693179629447,0.4631693179629447,0.0,0.34737698847220855
CHEMBL1213252,CLORAZEPIC ACID,10,0,0,0.39789583213643914,-7.146,-5.7055,False,,,,314.7,2.58,78.8,SLC2A1,-7.146,31.490541422048274,0.31490541422048274,0.0,1.0,0.9141924959216966,0.46309104007644764,0.46309104007644764,0.0,0.3473182800573357
CHEMBL1200379,APRACLONIDINE HYDROCHLORIDE,10,0,0,0.3861728097087711,-7.1,-5.4965,False,,,,245.1,1.76,62.4,ACVR1,-7.1,35.80487804878049,0.35804878048780486,0.0,1.0,0.7969667318982387,0.46276452197985773,0.46276452197985773,0.0,0.3470733914848933
CHEMBL515606,CILAZAPRIL,10,0,0,0.37759279976852855,-7.551,-6.0465,False,Launched,angiotensin converting enzyme inhibitor,hypertension|congestive heart failure,417.5,1.6,99.2,GALNS,-6.707,56.67428198433421,0.5667428198433421,0.0,0.8,0.5,0.4616971279373369,0.4616971279373369,0.0,0.3462728459530027
CHEMBL1407915,NEFOPAM HYDROCHLORIDE,10,0,0,0.3567484426602351,-7.09,-5.15,False,,,,253.3,3.24,12.5,ACVR1,-7.09,35.479674796747965,0.3547967479674796,0.0,1.0,0.7969667318982387,0.46146370897172767,0.46146370897172767,0.0,0.34609778172879574
CHEMBL7413,METHOHEXITAL,10,0,0,0.40686203399580145,-7.317,-5.6335,False,,,,262.3,1.31,66.5,ADRA2A,-7.317,45.37459283387622,0.4537459283387622,0.0,1.0,0.5324652394614875,0.461368157254728,0.461368157254728,0.0,0.346026117941046
CHEMBL404849,SULOCTIDIL,10,0,0,0.34795243242170426,-7.08,-6.284000000000001,False,Withdrawn,adrenergic receptor antagonist,,337.6,5.56,32.3,TNIK,-6.668,49.4286647078028,0.49428664707802805,0.0,0.7,0.8242056993121519,0.461345513728034,0.461345513728034,0.0,0.3460091352960255
CHEMBL927,CEFDINIR,10,0,0,0.38933537553849085,-8.005,-6.763,False,Launched,bacterial cell wall synthesis inhibitor,pneumonia|tonsillitis|pharyngitis|bronchitis|skin infections|otitis|sinusitis,395.4,-0.17,158.2,ITPKC,-5.739,76.5089722675367,0.765089722675367,0.0,0.4,0.5,0.46103588907014686,0.46103588907014686,0.0,0.34577691680261013
CHEMBL1200365,AMINOHIPPURATE SODIUM,10,0,0,0.3405881021380889,-6.491,-6.1530000000000005,False,,,,193.2,-1.25,95.2,SERPINE1,-6.199,66.5040650406504,0.6650406504065041,0.0,0.6,0.5,0.46101626016260167,0.46101626016260167,0.0,0.3457621951219513
CHEMBL1144,PRAVASTATIN,10,0,0,0.3741539063593434,-7.937,-6.602,False,Launched,HMGCR inhibitor,hypercholesterolemia|myocardial infarction|hyperlipidemia,424.5,2.44,124.3,AXL,-6.962,62.259850211657444,0.6225985021165744,0.0,0.4,0.8797731045932484,0.4610053665356171,0.4610053665356171,0.0,0.3457540249017128
CHEMBL449,BUTABARBITAL,10,0,0,0.34580649515712414,-6.804,-5.468999999999999,False,,,,212.2,0.79,75.3,VASH2,-6.804,56.498371335504885,0.5649837133550488,0.0,0.8,0.5,0.4609934853420196,0.4609934853420196,0.0,0.3457451140065147
CHEMBL19393,LEVAMFETAMINE,10,0,0,0.36427947178153997,-6.158,-5.489,False,,,,135.2,1.58,26.0,TNIK,-6.158,34.31276526281423,0.3431276526281423,0.0,1.0,0.8242056993121519,0.4608819159480797,0.4608819159480797,0.0,0.3456614369610598
CHEMBL3039596,FOSINOPRIL SODIUM,10,0,0,0.35798905014310745,-8.901,-7.145,False,,,,562.7,4.79,113.0,SLC2A1,-8.901,70.90671885192434,0.7090671885192434,0.0,0.2,0.9141924959216966,0.4607557497959519,0.4607557497959519,0.0,0.34556681234696396
CHEMBL139367,PERAMIVIR ANHYDROUS,10,0,0,0.3010640761441049,-7.0,-5.8934999999999995,False,,,,328.4,-0.14,148.5,ITPKC,-5.727,76.394779771615,0.7639477977161501,0.0,0.4,0.5,0.4605791190864601,0.4605791190864601,0.0,0.3454343393148451
CHEMBL3989402,PERAMIVIR,10,0,0,0.3010640761441049,-7.0,-5.8934999999999995,False,Launched,neuraminidase inhibitor,influenza A virus infection,328.4,-0.14,148.5,ITPKC,-5.727,76.394779771615,0.7639477977161501,0.0,0.4,0.5,0.4605791190864601,0.4605791190864601,0.0,0.3454343393148451
CHEMBL1417019,MITOXANTRONE HYDROCHLORIDE,10,0,0,0.35199997571680586,-7.852,-6.9335,False,,,,444.5,-0.14,163.2,AXL,-7.342,72.04493650276783,0.7204493650276782,0.0,0.2,0.8797731045932484,0.46014571170005847,0.46014571170005847,0.0,0.34510928377504385
CHEMBL1200974,CARBINOXAMINE MALEATE,10,0,0,0.3985399802230854,-6.845,-5.803,False,,,,290.8,3.4,25.4,AXL,-5.804,32.02539889286877,0.3202539889286877,0.0,1.0,0.8797731045932484,0.46006756126046233,0.46006756126046233,0.0,0.34505067094534675
CHEMBL864,CARBINOXAMINE,10,0,0,0.3985399802230854,-6.845,-5.803,False,Launched,histamine receptor antagonist,allergic rhinitis|conjunctivitis|vasomotor rhinitis|dermatographism,290.8,3.4,25.4,AXL,-5.804,32.02539889286877,0.3202539889286877,0.0,1.0,0.8797731045932484,0.46006756126046233,0.46006756126046233,0.0,0.34505067094534675
CHEMBL897,PROBENECID,10,0,0,0.3740979226987419,-6.428,-5.406499999999999,False,Launched,uricosuric blocker,hyperuricemia|gout,285.4,2.2,74.7,TNIK,-6.148,34.06790728044401,0.3406790728044401,0.0,1.0,0.8242056993121519,0.45990248401859884,0.45990248401859884,0.0,0.34492686301394915
CHEMBL1200343,PERINDOPRIL ERBUMINE,10,0,0,0.3807386270330975,-7.571,-5.904,False,,,,368.5,1.94,95.9,SLC2A1,-7.571,40.63926940639269,0.4063926940639269,0.0,0.8,0.9141924959216966,0.45968595201382534,0.45968595201382534,0.0,0.344764464010369
CHEMBL3544986,PERINDOPRIL ARGININE,10,0,0,0.3807386270330975,-7.571,-5.904,False,,,,368.5,1.94,95.9,SLC2A1,-7.571,40.63926940639269,0.4063926940639269,0.0,0.8,0.9141924959216966,0.45968595201382534,0.45968595201382534,0.0,0.344764464010369
CHEMBL1581,PERINDOPRIL,10,0,0,0.3807386270330975,-7.571,-5.904,False,Launched,angiotensin converting enzyme inhibitor,hypertension|myocardial infarction|coronary artery disease (CAD),368.5,1.94,95.9,SLC2A1,-7.571,40.63926940639269,0.4063926940639269,0.0,0.8,0.9141924959216966,0.45968595201382534,0.45968595201382534,0.0,0.344764464010369
CHEMBL3137358,SIMEPREVIR SODIUM,10,0,0,0.3067744328309021,-8.452,-5.484999999999999,False,,,,748.9,6.04,159.0,SLC2A1,-8.452,60.63274624918461,0.6063274624918461,0.0,0.4,0.9141924959216966,0.459659859384993,0.459659859384993,0.0,0.34474489453874474
CHEMBL1237105,CARBOPROST TROMETHAMINE,10,0,0,0.33404671845402434,-7.49,-6.3705,False,,,,368.5,3.43,98.0,MAPK14,-7.049,65.66166883963494,0.6566166883963495,0.0,0.4,0.778536615334207,0.45942716765867087,0.45942716765867087,0.0,0.3445703757440032
CHEMBL1237122,CARBOPROST,10,0,0,0.33404671845402434,-7.49,-6.3705,False,,,,368.5,3.43,98.0,MAPK14,-7.049,65.66166883963494,0.6566166883963495,0.0,0.4,0.778536615334207,0.45942716765867087,0.45942716765867087,0.0,0.3445703757440032
CHEMBL4297585,TRIHEPTANOIN,10,0,0,0.29533936258775617,-6.738,-5.6185,False,,,,428.6,5.9,78.9,MAPK14,-6.738,55.589960886571056,0.5558996088657105,0.0,0.6,0.778536615334207,0.4591403358464153,0.4591403358464153,0.0,0.3443552518848115
CHEMBL1186610,ANISOTROPINE,10,0,0,0.3857730587089243,-7.106,-5.6075,False,Launched,acetylcholine receptor antagonist,peptic ulcer disease (PUD),282.4,3.52,26.3,SLC2A1,-7.106,30.430528375733857,0.30430528375733856,0.0,1.0,0.9141924959216966,0.45885098789118994,0.45885098789118994,0.0,0.34413824091839246
CHEMBL1578,ANISOTROPINE METHYLBROMIDE,10,0,0,0.3857730587089243,-7.106,-5.6075,False,,,,282.4,3.52,26.3,SLC2A1,-7.106,30.430528375733857,0.30430528375733856,0.0,1.0,0.9141924959216966,0.45885098789118994,0.45885098789118994,0.0,0.34413824091839246
CHEMBL2107831,LUSUTROMBOPAG,10,0,0,0.38157189604458436,-8.872,-6.816000000000001,False,Launched,thrombopoietin receptor agonist,,591.6,8.52,97.8,SLC2A1,-8.872,70.40117416829746,0.7040117416829745,0.0,0.2,0.9141924959216966,0.4587335710614443,0.4587335710614443,0.0,0.3440501782960832
CHEMBL1096882,FLUDARABINE PHOSPHATE,10,0,0,0.36514840180778035,-7.761,-6.5515,False,,,,365.2,-1.72,186.1,ITPKC,-5.713,75.92169657422512,0.7592169657422513,0.0,0.4,0.5,0.4586867862969006,0.4586867862969006,0.0,0.3440150897226754
CHEMBL1200967,BROMODIPHENHYDRAMINE HYDROCHLORIDE,10,0,0,0.40872406713078824,-7.304,-6.1165,False,,,,334.3,4.12,12.5,ACVR1,-7.287,39.77235772357724,0.39772357723577234,0.0,0.9,0.7969667318982387,0.4586344406790448,0.4586344406790448,0.0,0.3439758305092836
CHEMBL1201245,BROMODIPHENHYDRAMINE,10,0,0,0.40872406713078824,-7.304,-6.1165,False,,,,334.3,4.12,12.5,ACVR1,-7.287,39.77235772357724,0.39772357723577234,0.0,0.9,0.7969667318982387,0.4586344406790448,0.4586344406790448,0.0,0.3439758305092836
CHEMBL30219,METHOHEXITAL SODIUM,10,0,0,0.3733913052744508,-7.275,-5.6594999999999995,False,,,,261.3,0.31,72.8,MAPK14,-6.454,45.1271186440678,0.451271186440678,0.0,0.8,0.778536615334207,0.45728896687640225,0.45728896687640225,0.0,0.3429667251573017
CHEMBL1200563,CERIVASTATIN SODIUM,10,0,0,0.3685677550201448,-8.253,-6.552,False,,,,458.6,3.55,102.7,ACVR1,-8.253,64.3739837398374,0.643739837398374,0.0,0.4,0.7969667318982387,0.45704094474408546,0.45704094474408546,0.0,0.3427807085580641
CHEMBL361497,ARTESUNATE,10,0,0,0.4152401343286435,-7.476,-6.1475,False,Launched,DNA synthesis inhibitor,malaria,384.4,2.6,100.5,ACVR1,-7.452,44.19512195121951,0.4419512195121951,0.0,0.8,0.7969667318982387,0.45632549758961394,0.45632549758961394,0.0,0.3422441231922104
CHEMBL1200944,SULBACTAM SODIUM,10,0,0,0.2777380181080086,-6.721,-5.039,False,,,,232.2,-2.13,94.6,MAPK14,-6.721,54.8728813559322,0.548728813559322,0.0,0.6,0.778536615334207,0.4562720177238599,0.4562720177238599,0.0,0.3422040132928949
CHEMBL1632,CEPHALOTHIN SODIUM,10,0,0,0.38608693696872465,-7.557,-6.6445,False,,,,395.4,-0.74,115.8,TNIK,-6.795,53.15050603983023,0.5315050603983024,0.0,0.6,0.8242056993121519,0.45623287905614374,0.45623287905614374,0.0,0.3421746592921078
CHEMBL1689063,AVIBACTAM,10,0,0,0.3289566429927979,-6.534,-5.8245000000000005,False,Launched,beta lactamase inhibitor,intra-abdominal infections|urinary tract infections|pyelonephritis,265.2,-1.53,130.2,SERPINE1,-6.17,65.30081300813008,0.6530081300813008,0.0,0.6,0.5,0.4562032520325203,0.4562032520325203,0.0,0.34215243902439024
CHEMBL1201319,METARAMINOL,10,0,0,0.3771768901204037,-6.274,-5.8365,False,Launched,adrenergic receptor agonist,hypotension,167.2,0.77,66.5,SERPINE1,-5.827,50.29268292682927,0.5029268292682927,0.0,0.9,0.5,0.4561707317073171,0.4561707317073171,0.0,0.3421280487804878
CHEMBL2062262,METARAMINOL BITARTRATE,10,0,0,0.3771768901204037,-6.274,-5.8365,False,,,,167.2,0.77,66.5,SERPINE1,-5.827,50.29268292682927,0.5029268292682927,0.0,0.9,0.5,0.4561707317073171,0.4561707317073171,0.0,0.3421280487804878
CHEMBL1095292,BRETYLIUM TOSYLATE,10,0,0,0.3479764818472303,-6.108,-5.2265,False,,,,243.2,3.05,0.0,TNIK,-6.108,33.02317988899772,0.33023179888997717,0.0,1.0,0.8242056993121519,0.45572357445281364,0.45572357445281364,0.0,0.34179268083961023
CHEMBL1199080,BRETYLIUM,10,0,0,0.3479764818472303,-6.108,-5.2265,False,Launched,norepinephrine inhibitor,ventricular arrhythmias|ventricular fibrillation (VF)|ventricular tachycardia (VT),243.2,3.05,0.0,TNIK,-6.108,33.02317988899772,0.33023179888997717,0.0,1.0,0.8242056993121519,0.45572357445281364,0.45572357445281364,0.0,0.34179268083961023
CHEMBL450449,TRABECTEDIN,10,0,0,0.2825053309423608,-7.905,-5.5735,False,Phase 3,antitumor agent,,761.9,3.41,168.7,ITPKC,-5.684,75.13866231647634,0.7513866231647635,0.0,0.4,0.5,0.45555464926590544,0.45555464926590544,0.0,0.34166598694942907
CHEMBL2104415,MOXIDECTIN,10,0,0,0.30212037631515,-7.501,-5.6965,False,Launched,chloride channel antagonist,gastrointestinal parasites,639.8,5.73,116.0,AXL,-6.901,60.76196678606317,0.6076196678606317,0.0,0.4,0.8797731045932484,0.45501383283323993,0.45501383283323993,0.0,0.34126037462493
CHEMBL15891,LINDANE,10,0,0,0.3369163787112443,-6.143,-4.454,False,Launched,,scabies,290.8,3.64,0.0,MAPK14,-6.143,34.419817470664924,0.34419817470664926,0.0,1.0,0.778536615334207,0.45445976218279077,0.45445976218279077,0.0,0.34084482163709307
CHEMBL3833301,BARBEXACLONE,10,0,0,0.3652592281046812,-6.057,-5.584,False,,,,155.3,2.56,12.0,SERPINE1,-5.691,44.86178861788618,0.4486178861788618,0.0,1.0,0.5,0.45444715447154477,0.45444715447154477,0.0,0.3408353658536586
CHEMBL2105275,PROPYLHEXEDRINE,10,0,0,0.3652592281046812,-6.057,-5.584,False,Launched,adrenergic receptor agonist,nasal congestion|fever|allergic rhinitis,155.3,2.56,12.0,SERPINE1,-5.691,44.86178861788618,0.4486178861788618,0.0,1.0,0.5,0.45444715447154477,0.45444715447154477,0.0,0.3408353658536586
CHEMBL454446,CEFDITOREN PIVOXIL,10,0,0,0.3723297539091791,-8.385,-6.6965,False,,,,620.7,2.3,175.4,SLC2A1,-8.385,59.295499021526425,0.5929549902152642,0.0,0.4,0.9141924959216966,0.4543108704743602,0.4543108704743602,0.0,0.34073315285577016
CHEMBL1201777,TAPENTADOL HYDROCHLORIDE,10,0,0,0.3913810252049381,-6.861,-5.562,False,,,,221.3,3.08,23.5,TNIK,-6.087,32.54978778974861,0.32549787789748613,0.0,1.0,0.8242056993121519,0.45383000605581725,0.45383000605581725,0.0,0.34037250454186296
CHEMBL1201776,TAPENTADOL,10,0,0,0.3913810252049381,-6.861,-5.562,True,,,,221.3,3.08,23.5,TNIK,-6.087,32.54978778974861,0.32549787789748613,0.0,1.0,0.8242056993121519,0.45383000605581725,0.45383000605581725,0.0,0.34037250454186296
CHEMBL256087,MENTHOL,10,0,0,0.3646004641068261,-6.311,-5.73,False,,,,156.3,2.44,20.2,MAPK14,-6.137,34.20795306388526,0.34207953063885266,0.0,1.0,0.778536615334207,0.4536123045556721,0.4536123045556721,0.0,0.34020922841675405
CHEMBL967,TEMAZEPAM,10,0,0,0.3721164754289318,-6.74,-5.633,False,,,,300.7,2.47,52.9,AXL,-5.756,30.380983393031585,0.30380983393031585,0.0,1.0,0.8797731045932484,0.4534898992611136,0.4534898992611136,0.0,0.3401174244458352
CHEMBL1675,VITAMIN A PALMITATE,10,0,0,0.3067628764098721,-7.584,-5.805,False,,,,524.9,11.54,26.3,TNIK,-7.115,62.455109369898786,0.6245510936989879,0.0,0.4,0.8242056993121519,0.45345129237641796,0.45345129237641796,0.0,0.34008846928231345
CHEMBL3561076,TRIMETAZIDINE DIHYDROCHLORIDE,10,0,0,0.39112455579639976,-6.168,-5.6425,False,,,,266.3,1.12,43.0,MAPK14,-6.136,34.14276401564537,0.3414276401564537,0.0,1.0,0.778536615334207,0.4533515483627126,0.4533515483627126,0.0,0.3400136612720344
CHEMBL203266,TRIMETAZIDINE,10,0,0,0.39112455579639976,-6.168,-5.6425,False,Launched,3-ketoacyl CoA thiolase inhibitor,angina pectoris,266.3,1.12,43.0,MAPK14,-6.136,34.14276401564537,0.3414276401564537,0.0,1.0,0.778536615334207,0.4533515483627126,0.4533515483627126,0.0,0.3400136612720344
CHEMBL1213250,CEFTOLOZANE SULFATE,10,0,0,0.3003775530071952,-7.884,-6.8025,False,,,,666.7,-3.9,302.2,AXL,-7.625,80.28329534353631,0.8028329534353631,0.0,0.0,0.8797731045932484,0.4530991470631325,0.4530991470631325,0.0,0.33982436029734936
CHEMBL2103872,CEFTOLOZANE,10,0,0,0.3003775530071952,-7.884,-6.8025,False,,,,666.7,-3.9,302.2,AXL,-7.625,80.28329534353631,0.8028329534353631,0.0,0.0,0.8797731045932484,0.4530991470631325,0.4530991470631325,0.0,0.33982436029734936
CHEMBL1201201,METHAMPHETAMINE,10,0,0,0.3736260400448983,-6.046,-5.682,False,,,,149.2,1.84,12.0,SERPINE1,-5.685,44.487804878048784,0.44487804878048787,0.0,1.0,0.5,0.4529512195121952,0.4529512195121952,0.0,0.3397134146341464
CHEMBL1200952,METHAMPHETAMINE HYDROCHLORIDE,10,0,0,0.3736260400448983,-6.046,-5.682,False,,,,149.2,1.84,12.0,SERPINE1,-5.685,44.487804878048784,0.44487804878048787,0.0,1.0,0.5,0.4529512195121952,0.4529512195121952,0.0,0.3397134146341464
CHEMBL1909286,PHENOXYPROPAZINE,10,0,0,0.3669208721634291,-6.233,-5.8025,False,,,,166.2,0.92,47.3,SERPINE1,-5.8,49.46341463414634,0.4946341463414634,0.0,0.9,0.5,0.4528536585365854,0.4528536585365854,0.0,0.339640243902439
CHEMBL1750,CLOFARABINE,10,0,0,0.37625545256900567,-7.504,-6.247999999999999,False,Launched,ribonucleotide reductase inhibitor,acute lymphoblastic leukemia (ALL),303.7,-0.35,119.3,ITPKC,-5.395,64.40456769983686,0.6440456769983686,0.0,0.6,0.5,0.45261827079934747,0.45261827079934747,0.0,0.33946370309951057
CHEMBL617,CEPHALOTHIN,10,0,0,0.37061305501576186,-7.616,-6.1,False,Launched,bacterial cell wall synthesis inhibitor,skin infections|surgical prophylaxis,396.4,0.59,113.0,ITPKC,-5.394,64.32300163132138,0.6432300163132137,0.0,0.6,0.5,0.4522920065252855,0.4522920065252855,0.0,0.3392190048939641
CHEMBL267936,MECAMYLAMINE,10,0,0,0.3492947268850336,-6.127,-4.943,False,Launched,acetylcholine receptor antagonist,hypertension,167.3,2.42,12.0,MAPK14,-6.127,33.833116036505864,0.3383311603650586,0.0,1.0,0.778536615334207,0.4521129564461545,0.4521129564461545,0.0,0.33908471733461587
CHEMBL1237082,MECAMYLAMINE HYDROCHLORIDE,10,0,0,0.3492947268850336,-6.127,-4.943,False,,,,167.3,2.42,12.0,MAPK14,-6.127,33.833116036505864,0.3383311603650586,0.0,1.0,0.778536615334207,0.4521129564461545,0.4521129564461545,0.0,0.33908471733461587
CHEMBL869,NITROFURAZONE,10,0,0,0.3363626263409893,-6.69,-6.029999999999999,False,Launched,bacterial DNA inhibitor,first-aid antibiotic,198.1,0.19,123.8,SERPINE1,-6.14,64.22764227642277,0.6422764227642277,0.0,0.6,0.5,0.4519105691056911,0.4519105691056911,0.0,0.33893292682926834
CHEMBL223448,BROXYQUINOLINE,10,0,0,0.39765883159342624,-6.48,-5.637,False,Phase 1,antiprotozoal agent,,303.0,3.47,33.1,MAPK14,-6.126,33.76792698826597,0.33767926988265967,0.0,1.0,0.778536615334207,0.4518522002531949,0.4518522002531949,0.0,0.3388891501898962
CHEMBL34259,METHOTREXATE,10,0,0,0.36742954427432284,-8.517,-7.4305,False,Launched,dihydrofolate reductase inhibitor,gestational choriocarcinoma|hydatidiform mole|acute lymphoblastic leukemia (ALL)|psoriasis|rheumatoid arthritis,454.4,0.27,210.5,AXL,-7.606,79.90882448713774,0.7990882448713773,0.0,0.0,0.8797731045932484,0.45160126363753816,0.45160126363753816,0.0,0.3387009477281536
CHEMBL1201775,SAPROPTERIN DIHYDROCHLORIDE,10,0,0,0.33181350549598865,-7.344,-6.354,False,,,,241.3,-1.7,136.3,SERPINE1,-6.385,74.14634146341463,0.7414634146341463,0.0,0.4,0.5,0.45158536585365855,0.45158536585365855,0.0,0.3386890243902439
CHEMBL1201153,ISOETHARINE MESYLATE,10,0,0,0.40138368555632387,-7.298,-6.112,False,,,,239.3,1.91,72.7,SERPINE1,-5.914,54.113821138211385,0.5411382113821138,0.0,0.8,0.5,0.4514552845528456,0.4514552845528456,0.0,0.3385914634146342
CHEMBL1200920,ISOETHARINE HYDROCHLORIDE,10,0,0,0.40138368555632387,-7.298,-6.112,False,,,,239.3,1.91,72.7,SERPINE1,-5.914,54.113821138211385,0.5411382113821138,0.0,0.8,0.5,0.4514552845528456,0.4514552845528456,0.0,0.3385914634146342
CHEMBL1201213,ISOETHARINE,10,0,0,0.40138368555632387,-7.298,-6.112,False,Launched,adrenergic receptor agonist,bronchospasm|asthma,239.3,1.91,72.7,SERPINE1,-5.914,54.113821138211385,0.5411382113821138,0.0,0.8,0.5,0.4514552845528456,0.4514552845528456,0.0,0.3385914634146342
CHEMBL419213,LISINOPRIL,10,0,0,0.3490812828458518,-8.348,-6.649,False,Launched,angiotensin converting enzyme inhibitor,hypertension|congestive heart failure|diabetes mellitus,405.5,1.24,133.0,SLC2A1,-8.348,58.52902804957599,0.5852902804957599,0.0,0.4,0.9141924959216966,0.4512449865865585,0.4512449865865585,0.0,0.3384337399399189
CHEMBL1237,LISINOPRIL ANHYDROUS,10,0,0,0.3490812828458518,-8.348,-6.649,False,,,,405.5,1.24,133.0,SLC2A1,-8.348,58.52902804957599,0.5852902804957599,0.0,0.4,0.9141924959216966,0.4512449865865585,0.4512449865865585,0.0,0.3384337399399189
CHEMBL3707372,VOXILAPREVIR,4,0,0,0.303544701546931,-8.341,-5.4945,False,,,,861.0,5.35,195.2,SLC2A1,-8.341,58.31702544031311,0.5831702544031311,0.0,0.4,0.9141924959216966,0.45039697614950697,0.45039697614950697,0.0,0.3377977321121302
CHEMBL1201098,CEFOTETAN DISODIUM,10,0,0,0.3161455598634417,-7.661,-6.561999999999999,False,,,,573.6,-4.07,225.6,MAPK14,-7.313,73.33767926988266,0.7333767926988266,0.0,0.2,0.778536615334207,0.4501312093796617,0.4501312093796617,0.0,0.3375984070347463
CHEMBL65375,TIPIRACIL HYDROCHLORIDE,10,0,0,0.3723972136335132,-7.127,-6.214499999999999,False,,,,242.7,0.29,92.8,MAPK14,-6.667,53.275749674054765,0.5327574967405476,0.0,0.6,0.778536615334207,0.4498834909963501,0.4498834909963501,0.0,0.3374126182472626
CHEMBL235668,TIPIRACIL,10,0,0,0.3723972136335132,-7.127,-6.214499999999999,False,Launched,thymidine phosphorylase inhibitor,colorectal cancer,242.7,0.29,92.8,MAPK14,-6.667,53.275749674054765,0.5327574967405476,0.0,0.6,0.778536615334207,0.4498834909963501,0.4498834909963501,0.0,0.3374126182472626
CHEMBL290106,BITHIONOL,10,0,0,0.402011391410199,-7.158,-6.0235,False,Withdrawn,autotaxin inhibitor,,356.1,5.86,40.5,AXL,-5.924,34.46760013025073,0.3446760013025073,0.0,0.9,0.8797731045932484,0.44983636620999023,0.44983636620999023,0.0,0.3373772746574927
CHEMBL2110636,BUNAMIODYL,10,0,0,0.31731989995059817,-7.245,-5.601,False,,,,639.0,5.12,66.4,AXL,-6.491,49.39759036144578,0.4939759036144578,0.0,0.6,0.8797731045932484,0.44955632713477034,0.44955632713477034,0.0,0.3371672453510778
CHEMBL1200859,ISOSULFAN BLUE,10,0,0,0.36465052392725444,-8.294,-6.4045000000000005,False,,,,543.7,3.76,120.7,TNIK,-7.087,61.4103819784525,0.614103819784525,0.0,0.4,0.8242056993121519,0.4492723828106328,0.4492723828106328,0.0,0.3369542871079746
CHEMBL159226,MOXISYLYTE,10,0,0,0.39385121015154073,-6.618,-5.7265,False,Withdrawn,adrenergic receptor antagonist,,279.4,2.98,38.8,MAPK14,-6.1,33.06714471968709,0.3306714471968709,0.0,1.0,0.778536615334207,0.44904907117887943,0.44904907117887943,0.0,0.33678680338415956
CHEMBL777,CLAVULANIC ACID,10,0,0,0.3466433172957702,-6.024,-5.337,False,,,,199.2,-1.1,87.1,ITPKC,-5.125,53.507340946166394,0.5350734094616639,0.0,0.8,0.5,0.4490293637846656,0.4490293637846656,0.0,0.3367720228384992
CHEMBL2106615,BAZEDOXIFENE ACETATE,10,0,0,0.3661434233836457,-7.497,-6.0969999999999995,False,,,,470.6,6.33,57.9,VASH2,-7.01,63.501628664495115,0.6350162866449511,0.0,0.6,0.5,0.44900651465798047,0.44900651465798047,0.0,0.33675488599348535
CHEMBL46740,BAZEDOXIFENE,10,0,0,0.3661434233836457,-7.497,-6.0969999999999995,False,Launched,selective estrogen receptor modulator (SERM),osteoporosis|menopause,470.6,6.33,57.9,VASH2,-7.01,63.501628664495115,0.6350162866449511,0.0,0.6,0.5,0.44900651465798047,0.44900651465798047,0.0,0.33675488599348535
CHEMBL1200354,SODIUM TETRADECYL SULFATE,10,0,0,0.33575533413703845,-6.343,-5.1565,False,,,,293.4,3.87,66.4,TNIK,-6.214,36.33692458374143,0.36336924583741426,0.0,0.9,0.8242056993121519,0.44897855323178854,0.44897855323178854,0.0,0.3367339149238414
CHEMBL1200790,METHYPRYLON,10,0,0,0.3486454192777093,-6.099,-5.010999999999999,False,,,,183.3,1.13,46.2,MAPK14,-6.099,33.01825293350717,0.3301825293350717,0.0,1.0,0.778536615334207,0.44885350403415974,0.44885350403415974,0.0,0.3366401280256198
CHEMBL277062,BROMAZEPAM,10,0,0,0.3841083753467061,-6.793,-5.6935,False,,,,316.2,2.63,54.4,AXL,-5.713,29.208726799088247,0.29208726799088247,0.0,1.0,0.8797731045932484,0.4488008728853402,0.4488008728853402,0.0,0.33660065466400513
CHEMBL2146102,EPHEDRINE HYDROCHLORIDE,10,0,0,0.3811848735859306,-6.085,-5.7085,False,,,,165.2,1.33,32.3,SERPINE1,-5.659,43.38211382113821,0.43382113821138213,0.0,1.0,0.5,0.4485284552845529,0.4485284552845529,0.0,0.3363963414634147
CHEMBL211456,EPHEDRINE,10,0,0,0.3811848735859306,-6.085,-5.7085,False,Launched,adrenergic receptor agonist,hypotension|asthma|narcolepsy|obesity,165.2,1.33,32.3,SERPINE1,-5.659,43.38211382113821,0.43382113821138213,0.0,1.0,0.5,0.4485284552845529,0.4485284552845529,0.0,0.3363963414634147
CHEMBL1523964,EPHEDRINE SULFATE,10,0,0,0.3811848735859306,-6.085,-5.7085,False,,,,165.2,1.33,32.3,SERPINE1,-5.659,43.38211382113821,0.43382113821138213,0.0,1.0,0.5,0.4485284552845529,0.4485284552845529,0.0,0.3363963414634147
CHEMBL1200914,TAMSULOSIN HYDROCHLORIDE,10,0,0,0.3910610539356548,-7.787,-6.5635,False,,,,408.5,2.34,99.9,ACVR1,-7.787,52.048780487804876,0.5204878048780488,0.0,0.6,0.7969667318982387,0.44774013173595534,0.44774013173595534,0.0,0.3358050988019665
CHEMBL836,TAMSULOSIN,10,0,0,0.3910610539356548,-7.787,-6.5635,False,Launched,adrenergic receptor antagonist,benign prostatic hyperplasia (BPH),408.5,2.34,99.9,ACVR1,-7.787,52.048780487804876,0.5204878048780488,0.0,0.6,0.7969667318982387,0.44774013173595534,0.44774013173595534,0.0,0.3358050988019665
CHEMBL1010,CEFOTAXIME SODIUM,10,0,0,0.3496805216759443,-7.539,-6.366,False,,,,454.5,-1.96,176.3,AXL,-6.817,58.90589384565288,0.5890589384565288,0.0,0.4,0.8797731045932484,0.44758954107159876,0.44758954107159876,0.0,0.33569215580369904
CHEMBL4299851,PIFLUFOLASTAT,10,0,0,0.3739628299192914,-8.229,-7.193,False,,,,442.4,0.19,195.0,VASH2,-7.678,83.0456026058632,0.830456026058632,0.0,0.2,0.5,0.4471824104234528,0.4471824104234528,0.0,0.3353868078175896
CHEMBL4297334,PIFLUFOLASTAT F18,10,0,0,0.3739628299192914,-8.229,-7.193,False,,,,441.4,0.19,195.0,VASH2,-7.678,83.0456026058632,0.830456026058632,0.0,0.2,0.5,0.4471824104234528,0.4471824104234528,0.0,0.3353868078175896
CHEMBL503565,VINBARBITAL,10,0,0,0.39032836937909005,-6.749,-5.630000000000001,False,,,,224.3,1.11,75.3,TNIK,-6.023,30.868429644139734,0.30868429644139733,0.0,1.0,0.8242056993121519,0.44710457347338173,0.44710457347338173,0.0,0.3353284301050363
CHEMBL61006,PHENYLPROPANOLAMINE,10,0,0,0.37029229910423206,-6.135,-5.5065,False,,,,151.2,1.07,46.2,TNIK,-6.023,30.868429644139734,0.30868429644139733,0.0,1.0,0.8242056993121519,0.44710457347338173,0.44710457347338173,0.0,0.3353284301050363
CHEMBL1200695,PHENYLPROPANOLAMINE HYDROCHLORIDE,10,0,0,0.37029229910423206,-6.135,-5.5065,False,,,,151.2,1.07,46.2,TNIK,-6.023,30.868429644139734,0.30868429644139733,0.0,1.0,0.8242056993121519,0.44710457347338173,0.44710457347338173,0.0,0.3353284301050363
CHEMBL2021422,FOSPROPOFOL DISODIUM,10,0,0,0.373760359011105,-6.966,-5.2785,False,,,,286.3,2.11,81.7,ACVR1,-6.966,31.788617886178862,0.3178861788617886,0.0,1.0,0.7969667318982387,0.44669948132945125,0.44669948132945125,0.0,0.33502461099708847
CHEMBL3,NICOTINE,10,0,0,0.37470584300639576,-6.02,-5.668,False,Launched,acetylcholine receptor agonist,smoking cessation,162.2,1.85,16.1,TNIK,-6.02,30.73783872020894,0.30737838720208943,0.0,1.0,0.8242056993121519,0.4465822097776586,0.4465822097776586,0.0,0.33493665733324396
CHEMBL4298138,REPOTRECTINIB,10,0,0,0.36017553721794754,-6.721,-5.1114999999999995,False,Phase 1/Phase 2,receptor tyrosine protein kinase inhibitor,,355.4,2.55,80.6,AXL,-5.687,28.622598502116574,0.28622598502116575,0.0,1.0,0.8797731045932484,0.44645635969745356,0.44645635969745356,0.0,0.3348422697730902
CHEMBL92,DOCETAXEL ANHYDROUS,10,0,0,0.335936433914681,-8.037,-6.471,False,,,,807.9,3.26,224.4,GALNS,-7.178,72.82963446475196,0.7282963446475196,0.0,0.4,0.5,0.4463185378590079,0.4463185378590079,0.0,0.33473890339425594
CHEMBL5315117,ZANAMIVIR HYDRATE,10,0,0,0.29829511413529664,-6.402,-5.817,False,,,,332.3,-3.58,198.2,ITPKC,-5.608,72.82218597063621,0.7282218597063621,0.0,0.4,0.5,0.44628874388254486,0.44628874388254486,0.0,0.33471655791190863
CHEMBL222813,ZANAMIVIR,10,0,0,0.29829511413529664,-6.402,-5.817,False,Launched,neuraminidase inhibitor,influenza A virus infection,332.3,-3.58,198.2,ITPKC,-5.608,72.82218597063621,0.7282218597063621,0.0,0.4,0.5,0.44628874388254486,0.44628874388254486,0.0,0.33471655791190863
CHEMBL374731,TELBIVUDINE,10,0,0,0.3800255163504872,-7.08,-6.359,False,Launched,DNA polymerase inhibitor,hepatitis B,242.2,-1.51,104.5,TNIK,-6.72,50.63663075416258,0.5063663075416258,0.0,0.6,0.8242056993121519,0.4461773779134731,0.4461773779134731,0.0,0.33463303343510487
CHEMBL1200899,TYROPANOATE SODIUM,10,0,0,0.3437483105067839,-7.355,-5.348,False,,,,640.0,3.56,69.2,ACVR1,-7.355,41.36585365853659,0.4136585365853659,0.0,0.8,0.7969667318982387,0.4450084244188822,0.4450084244188822,0.0,0.33375631831416164
CHEMBL1200444,PIRBUTEROL ACETATE,10,0,0,0.3396026571871321,-6.692,-5.923,False,,,,240.3,0.7,85.6,SERPINE1,-6.085,62.4390243902439,0.624390243902439,0.0,0.6,0.5,0.4447560975609756,0.4447560975609756,0.0,0.3335670731707317
CHEMBL1094966,PIRBUTEROL,10,0,0,0.3396026571871321,-6.692,-5.923,False,,,,240.3,0.7,85.6,SERPINE1,-6.085,62.4390243902439,0.624390243902439,0.0,0.6,0.5,0.4447560975609756,0.4447560975609756,0.0,0.3335670731707317
CHEMBL968,FLURAZEPAM,10,0,0,0.35765975851704335,-6.649,-5.3365,False,,,,387.9,4.0,35.9,TNIK,-5.991,30.248122755468493,0.30248122755468493,0.0,1.0,0.8242056993121519,0.4446233459186968,0.4446233459186968,0.0,0.3334675094390226
CHEMBL3989724,FLURAZEPAM HYDROCHLORIDE,10,0,0,0.35765975851704335,-6.649,-5.3365,False,,,,387.9,4.0,35.9,TNIK,-5.991,30.248122755468493,0.30248122755468493,0.0,1.0,0.8242056993121519,0.4446233459186968,0.4446233459186968,0.0,0.3334675094390226
CHEMBL1201043,CEPHAPIRIN SODIUM,10,0,0,0.36302490150154726,-7.487,-6.2535,False,,,,422.5,-0.86,128.7,ITPKC,-5.348,62.36541598694942,0.6236541598694942,0.0,0.6,0.5,0.4444616639477977,0.4444616639477977,0.0,0.3333462479608483
CHEMBL1428,NIMODIPINE,10,0,0,0.3862214877932747,-7.168,-6.166,False,Launched,calcium channel blocker,hemorrhage,418.4,2.97,117.0,AXL,-6.049,37.98436991208076,0.37984369912080757,0.0,0.8,0.8797731045932484,0.4439034453373103,0.4439034453373103,0.0,0.3329275840029827
CHEMBL2103844,PIXANTRONE DIMALEATE,10,0,0,0.3810271948707355,-7.979,-6.5115,False,,,,325.4,0.6,123.1,ITPKC,-5.597,72.21859706362153,0.7221859706362153,0.0,0.4,0.5,0.44387438825448616,0.44387438825448616,0.0,0.3329057911908646
CHEMBL167731,PIXANTRONE,10,0,0,0.3810271948707355,-7.979,-6.5115,False,Launched,topoisomerase inhibitor,non-Hodgkin lymphoma (NHL),325.4,0.6,123.1,ITPKC,-5.597,72.21859706362153,0.7221859706362153,0.0,0.4,0.5,0.44387438825448616,0.44387438825448616,0.0,0.3329057911908646
CHEMBL1572,NETILMICIN,10,0,0,0.33889205880213114,-8.483,-6.47,False,Launched,protein synthesis inhibitor,gram-negative bacterial infections,475.6,-3.2,199.7,ITPKC,-5.912,81.99021207177815,0.8199021207177815,0.0,0.2,0.5,0.44296084828711263,0.44296084828711263,0.0,0.3322206362153345
CHEMBL3989829,NETILMICIN SULFATE,10,0,0,0.33889205880213114,-8.483,-6.47,False,,,,475.6,-3.2,199.7,ITPKC,-5.912,81.99021207177815,0.8199021207177815,0.0,0.2,0.5,0.44296084828711263,0.44296084828711263,0.0,0.3322206362153345
CHEMBL2096646,AMINOSALICYLATE SODIUM,10,0,0,0.3364812621232504,-6.074,-5.529999999999999,False,,,,152.1,-0.66,86.4,SERPINE1,-5.857,51.98373983739838,0.5198373983739838,0.0,0.8,0.5,0.44293495934959354,0.44293495934959354,0.0,0.33220121951219517
CHEMBL1200584,AMINOSALICYLATE POTASSIUM,10,0,0,0.3364812621232504,-6.074,-5.529999999999999,False,,,,152.1,-0.66,86.4,SERPINE1,-5.857,51.98373983739838,0.5198373983739838,0.0,0.8,0.5,0.44293495934959354,0.44293495934959354,0.0,0.33220121951219517
CHEMBL946,AZATADINE,10,0,0,0.3664231135951959,-6.896,-5.3365,False,Launched,histamine receptor antagonist,allergic rhinitis,290.4,3.71,16.1,SLC2A1,-6.896,26.435094585779517,0.26435094585779517,0.0,1.0,0.9141924959216966,0.44286925273137256,0.44286925273137256,0.0,0.3321519395485294
CHEMBL3544908,AZATADINE MALEATE,10,0,0,0.3664231135951959,-6.896,-5.3365,False,,,,290.4,3.71,16.1,SLC2A1,-6.896,26.435094585779517,0.26435094585779517,0.0,1.0,0.9141924959216966,0.44286925273137256,0.44286925273137256,0.0,0.3321519395485294
CHEMBL1200896,DINOPROST TROMETHAMINE,10,0,0,0.3346494268809181,-7.599,-6.484500000000001,False,,,,354.5,3.04,98.0,TNIK,-7.026,59.79431929480901,0.5979431929480901,0.0,0.4,0.8242056993121519,0.44280813207605885,0.44280813207605885,0.0,0.33210609905704414
CHEMBL815,DINOPROST,10,0,0,0.3346494268809181,-7.599,-6.484500000000001,False,Launched,prostacyclin analog,labor induction,354.5,3.04,98.0,TNIK,-7.026,59.79431929480901,0.5979431929480901,0.0,0.4,0.8242056993121519,0.44280813207605885,0.44280813207605885,0.0,0.33210609905704414
CHEMBL70418,CLOBAZAM,10,0,0,0.3608172209287542,-6.884,-5.2055,False,,,,300.7,3.37,40.6,ACVR1,-6.884,30.73170731707317,0.3073170731707317,0.0,1.0,0.7969667318982387,0.4424718390530285,0.4424718390530285,0.0,0.3318538792897714
CHEMBL1637,GEMCITABINE HYDROCHLORIDE,10,0,0,0.3835711271914059,-7.341,-6.385,False,,,,263.2,-1.29,110.6,MAPK14,-6.636,51.41786179921773,0.5141786179921773,0.0,0.6,0.778536615334207,0.44245193949700196,0.44245193949700196,0.0,0.3318389546227515
CHEMBL888,GEMCITABINE,10,0,0,0.3835711271914059,-7.341,-6.385,False,Launched,ribonucleotide reductase inhibitor,ovarian cancer|breast cancer|non-small cell lung cancer (NSCLC)|pancreatic cancer,263.2,-1.29,110.6,MAPK14,-6.636,51.41786179921773,0.5141786179921773,0.0,0.6,0.778536615334207,0.44245193949700196,0.44245193949700196,0.0,0.3318389546227515
CHEMBL1215,PHENYLEPHRINE,10,0,0,0.3652602484017719,-6.107,-5.6715,False,Launched,adrenergic receptor agonist,nasal congestion|hemorrhoids|hypotension,167.2,0.65,52.5,SERPINE1,-5.745,46.84552845528455,0.4684552845528455,0.0,0.9,0.5,0.4423821138211383,0.4423821138211383,0.0,0.3317865853658537
CHEMBL1200339,PHENYLEPHRINE HYDROCHLORIDE,10,0,0,0.3652602484017719,-6.107,-5.6715,False,,,,167.2,0.65,52.5,SERPINE1,-5.745,46.84552845528455,0.4684552845528455,0.0,0.9,0.5,0.4423821138211383,0.4423821138211383,0.0,0.3317865853658537
CHEMBL2062264,PHENYLEPHRINE BITARTRATE,10,0,0,0.3652602484017719,-6.107,-5.6715,False,,,,167.2,0.65,52.5,SERPINE1,-5.745,46.84552845528455,0.4684552845528455,0.0,0.9,0.5,0.4423821138211383,0.4423821138211383,0.0,0.3317865853658537
CHEMBL2106483,VILOXAZINE HYDROCHLORIDE,10,0,0,0.3964921665118005,-6.501,-5.794,False,,,,237.3,1.45,39.7,AXL,-5.639,27.596873982416152,0.27596873982416154,0.0,1.0,0.8797731045932484,0.44235346161865186,0.44235346161865186,0.0,0.33176509621398886
CHEMBL306700,VILOXAZINE,10,0,0,0.3964921665118005,-6.501,-5.794,False,Launched,norepinephrine reuptake inhibitor,depression,237.3,1.45,39.7,AXL,-5.639,27.596873982416152,0.27596873982416154,0.0,1.0,0.8797731045932484,0.44235346161865186,0.44235346161865186,0.0,0.33176509621398886
CHEMBL628,PENTOXIFYLLINE,10,0,0,0.35406705228418167,-6.667,-5.9035,True,Launched,phosphodiesterase inhibitor,claudication,278.3,0.19,78.9,MAPK14,-6.354,41.264667535853974,0.4126466753585397,0.0,0.8,0.778536615334207,0.441839162443547,0.441839162443547,0.0,0.33137937183266025
CHEMBL677,LEVONORDEFRIN,10,0,0,0.33646913159849534,-6.657,-6.05,False,Launched,vasodilator,hemorrhage,183.2,0.48,86.7,SERPINE1,-6.071,61.65853658536585,0.6165853658536585,0.0,0.6,0.5,0.4416341463414634,0.4416341463414634,0.0,0.33122560975609755
CHEMBL20883,TEGAFUR,10,0,0,0.37893091627601744,-6.212,-5.891,False,,,,200.2,-0.02,64.1,TNIK,-6.164,34.49232778321907,0.3449232778321907,0.0,0.9,0.8242056993121519,0.4416001660296991,0.4416001660296991,0.0,0.3312001245222743
CHEMBL877,TRANEXAMIC ACID,10,0,0,0.34546614714952917,-5.814,-5.441000000000001,False,,,,157.2,0.84,63.3,SERPINE1,-5.74,46.53658536585366,0.4653658536585366,0.0,0.9,0.5,0.4411463414634147,0.4411463414634147,0.0,0.330859756097561
CHEMBL3400972,FLUORODOPA F 18,10,0,0,0.3244587791746746,-6.737,-6.202500000000001,False,,,,214.2,0.19,103.8,SERPINE1,-6.313,71.52845528455285,0.7152845528455285,0.0,0.4,0.5,0.44111382113821146,0.44111382113821146,0.0,0.3308353658536586
CHEMBL3547132,FLUORODOPA,10,0,0,0.3244587791746746,-6.737,-6.202500000000001,False,,,,215.2,0.19,103.8,SERPINE1,-6.313,71.52845528455285,0.7152845528455285,0.0,0.4,0.5,0.44111382113821146,0.44111382113821146,0.0,0.3308353658536586
CHEMBL1201735,BUPROPION HYDROBROMIDE,10,0,0,0.3852562834660839,-6.684,-5.6705000000000005,False,,,,239.7,3.3,29.1,TNIK,-5.954,28.99118511263467,0.2899118511263467,0.0,1.0,0.8242056993121519,0.4395955953473615,0.4395955953473615,0.0,0.32969669651052114
CHEMBL894,BUPROPION,10,0,0,0.3852562834660839,-6.684,-5.6705000000000005,False,Launched,dopamine reuptake inhibitor,depression,239.7,3.3,29.1,TNIK,-5.954,28.99118511263467,0.2899118511263467,0.0,1.0,0.8242056993121519,0.4395955953473615,0.4395955953473615,0.0,0.32969669651052114
CHEMBL1698,BUPROPION HYDROCHLORIDE,10,0,0,0.3852562834660839,-6.684,-5.6705000000000005,False,,,,239.7,3.3,29.1,TNIK,-5.954,28.99118511263467,0.2899118511263467,0.0,1.0,0.8242056993121519,0.4395955953473615,0.4395955953473615,0.0,0.32969669651052114
CHEMBL1089,PHENELZINE,10,0,0,0.3715060811277538,-5.943,-5.5615000000000006,False,Launched,monoamine oxidase inhibitor,depression,136.2,0.69,38.0,SERPINE1,-5.606,41.08943089430894,0.4108943089430894,0.0,1.0,0.5,0.4393577235772358,0.4393577235772358,0.0,0.32951829268292687
CHEMBL1128,EDROPHONIUM CHLORIDE,10,0,0,0.3708550467650063,-6.116,-5.5545,False,,,,166.2,1.98,20.2,MAPK14,-6.021,30.55736636245111,0.3055736636245111,0.0,1.0,0.778536615334207,0.4390099577499355,0.4390099577499355,0.0,0.3292574683124516
CHEMBL1104,EDROPHONIUM,10,0,0,0.3708550467650063,-6.116,-5.5545,False,Launched,acetylcholinesterase inhibitor,myasthenia gravis,166.2,1.98,20.2,MAPK14,-6.021,30.55736636245111,0.3055736636245111,0.0,1.0,0.778536615334207,0.4390099577499355,0.4390099577499355,0.0,0.3292574683124516
CHEMBL996,CEFOXITIN,10,0,0,0.37587919061695174,-7.803,-6.468500000000001,False,Launched,bacterial cell wall synthesis inhibitor,respiratory tract infections|urinary tract infections|intra-abdominal infections|gynecologic infections|bacterial septicemia|bone and joint infections|skin infections,427.5,0.1,148.3,SLC2A1,-7.803,45.35225048923679,0.4535225048923679,0.0,0.6,0.9141924959216966,0.4385378763452017,0.4385378763452017,0.0,0.32890340725890127
CHEMBL188921,BUFLOMEDIL,10,0,0,0.373427104967703,-6.833,-5.510999999999999,False,Launched,adrenergic receptor antagonist|calcium channel blocker,peripheral artery disease (PAD),307.4,2.77,48.0,SLC2A1,-6.833,25.146771037182,0.25146771037182,0.0,1.0,0.9141924959216966,0.43771595853698253,0.43771595853698253,0.0,0.3282869689027369
CHEMBL1200656,NATAMYCIN,10,0,0,0.3299781630318265,-7.86,-6.568,False,Launched,fungal ergosterol inhibitor,conjunctivitis|fungal keratosis|blepharitis,665.7,0.12,231.0,AXL,-7.113,66.42787365678932,0.6642787365678932,0.0,0.2,0.8797731045932484,0.4376774603161445,0.4376774603161445,0.0,0.32825809523710836
CHEMBL1098285,DISTIGMINE BROMIDE,10,0,0,0.3692418457681669,-7.279,-6.0295000000000005,False,,,,416.5,2.46,66.8,ACVR1,-7.279,39.479674796747965,0.39479674796747966,0.0,0.8,0.7969667318982387,0.4374637089717277,0.4374637089717277,0.0,0.3280977817287958
CHEMBL1199307,DISTIGMINE,10,0,0,0.3692418457681669,-7.279,-6.0295000000000005,False,,,,416.5,2.46,66.8,ACVR1,-7.279,39.479674796747965,0.39479674796747966,0.0,0.8,0.7969667318982387,0.4374637089717277,0.4374637089717277,0.0,0.3280977817287958
CHEMBL853,ZALCITABINE,10,0,0,0.35225918919483934,-6.6,-6.3195,False,Launched,nucleoside reverse transcriptase inhibitor,human immunodeficiency virus (HIV-1),211.2,-0.5,90.4,SERPINE1,-6.044,60.56910569105691,0.6056910569105691,0.0,0.6,0.5,0.4372764227642277,0.4372764227642277,0.0,0.3279573170731708
CHEMBL644,TRIMIPRAMINE,10,0,0,0.3463428572885093,-6.342,-5.0155,False,Launched,norepinephrine reputake inhibitor|tricyclic antidepressant,depression,294.4,4.12,6.5,AXL,-5.593,26.326929338977536,0.26326929338977534,0.0,1.0,0.8797731045932484,0.43727368304489744,0.43727368304489744,0.0,0.3279552622836731
CHEMBL803,CYTARABINE,10,0,0,0.30759947776124774,-7.015,-5.9415,False,Launched,ribonucleotide reductase inhibitor,acute lymphoblastic leukemia (ALL)|chronic lymphocytic leukemia (CLL)|acute myeloid leukemia (AML)|non-Hodgkin lymphoma (NHL),243.2,-2.56,130.8,SERPINE1,-6.291,70.4390243902439,0.704390243902439,0.0,0.4,0.5,0.4367560975609756,0.4367560975609756,0.0,0.3275670731707317
CHEMBL1200523,CEFAZOLIN SODIUM,10,0,0,0.3464982356394207,-7.974,-6.5745,False,,,,453.5,-1.97,158.9,AXL,-6.717,55.91012699446435,0.5591012699446435,0.0,0.4,0.8797731045932484,0.4356064736668447,0.4356064736668447,0.0,0.3267048552501335
CHEMBL951,IOPHENDYLATE,10,0,0,0.30733182303631945,-7.281,-5.5785,False,,,,416.3,6.08,26.3,TNIK,-6.636,47.992164544564154,0.47992164544564153,0.0,0.6,0.8242056993121519,0.4355995130750794,0.4355995130750794,0.0,0.32669963480630954
CHEMBL1201065,THIAMYLAL SODIUM,10,0,0,0.3632259119754394,-6.509,-5.1455,False,,,,253.3,2.3,60.3,TNIK,-5.92,27.930133855697033,0.2793013385569703,0.0,1.0,0.8242056993121519,0.43535139031961095,0.43535139031961095,0.0,0.32651354273970823
CHEMBL1296,CEFOTIAM,10,0,0,0.319351053487037,-7.896,-6.4350000000000005,False,Launched,bacterial cell wall synthesis inhibitor,bacterial septicemia|bone and joint infections|respiratory tract infections|skin infections|urinary tract infections,525.6,-0.65,172.5,ITPKC,-5.846,79.8858075040783,0.798858075040783,0.0,0.2,0.5,0.4345432300163133,0.4345432300163133,0.0,0.325907422512235
CHEMBL4303232,CEFOTIAM HYDROCHLORIDE,10,0,0,0.319351053487037,-7.896,-6.4350000000000005,False,,,,525.6,-0.65,172.5,ITPKC,-5.846,79.8858075040783,0.798858075040783,0.0,0.2,0.5,0.4345432300163133,0.4345432300163133,0.0,0.325907422512235
CHEMBL704,MESALAMINE,10,0,0,0.3400022944141334,-5.812,-5.609,False,,,,153.1,0.67,83.5,SERPINE1,-5.812,49.869918699187,0.49869918699187,0.0,0.8,0.5,0.43447967479674804,0.43447967479674804,0.0,0.325859756097561
CHEMBL1514,LEVOMETHADYL ACETATE,10,0,0,0.3677801597578508,-6.596,-5.724,False,,,,353.5,4.65,29.5,GALNS,-6.326,44.7943864229765,0.447943864229765,0.0,0.9,0.5,0.4341775456919061,0.4341775456919061,0.0,0.32563315926892955
CHEMBL1200817,LEVOMETHADYL ACETATE HYDROCHLORIDE,10,0,0,0.3677801597578508,-6.596,-5.724,False,,,,353.5,4.65,29.5,GALNS,-6.326,44.7943864229765,0.447943864229765,0.0,0.9,0.5,0.4341775456919061,0.4341775456919061,0.0,0.32563315926892955
CHEMBL1200454,VALGANCICLOVIR HYDROCHLORIDE,10,0,0,0.32254535056496136,-7.371,-6.5175,False,,,,354.4,-1.44,171.4,TNIK,-6.966,57.54162585700294,0.5754162585700294,0.0,0.4,0.8242056993121519,0.43379735832483457,0.43379735832483457,0.0,0.32534801874362596
CHEMBL2103741,LEVOTHYROXINE SODIUM,10,0,0,0.3644224556059385,-6.882,-6.2895,False,,,,775.9,3.22,95.6,AXL,-6.339,45.457505698469554,0.4545750569846955,0.0,0.6,0.8797731045932484,0.4337959884828655,0.4337959884828655,0.0,0.3253469913621491
CHEMBL1195,PROPOXYCAINE,10,0,0,0.36570202324722967,-6.682,-5.292999999999999,False,Launched,local anesthetic,anesthetic,294.4,2.56,64.8,MAPK14,-5.973,29.1883963494133,0.291883963494133,0.0,1.0,0.778536615334207,0.43353407769778424,0.43353407769778424,0.0,0.32515055827333816
CHEMBL229128,MEPHENESIN,10,0,0,0.36761752031513184,-6.184,-5.7364999999999995,False,Launched,muscle relaxant,muscle relaxant,182.2,0.73,49.7,TNIK,-5.893,27.42409402546523,0.2742409402546523,0.0,1.0,0.8242056993121519,0.43332723099868375,0.43332723099868375,0.0,0.3249954232490128
CHEMBL1200984,AMLODIPINE MALEATE,10,0,0,0.35529063615675216,-6.706,-5.802,False,,,,408.9,2.27,99.9,AXL,-5.948,35.330511234125694,0.35330511234125694,0.0,0.8,0.8797731045932484,0.43328801062549005,0.43328801062549005,0.0,0.32496600796911757
CHEMBL1200402,AMLODIPINE BESYLATE,10,0,0,0.35529063615675216,-6.706,-5.802,False,,,,408.9,2.27,99.9,AXL,-5.948,35.330511234125694,0.35330511234125694,0.0,0.8,0.8797731045932484,0.43328801062549005,0.43328801062549005,0.0,0.32496600796911757
CHEMBL1491,AMLODIPINE,10,0,0,0.35529063615675216,-6.706,-5.802,False,Launched,calcium channel blocker,hypertension|chronic stable angina|vasospastic angina|coronary artery disease (CAD),408.9,2.27,99.9,AXL,-5.948,35.330511234125694,0.35330511234125694,0.0,0.8,0.8797731045932484,0.43328801062549005,0.43328801062549005,0.0,0.32496600796911757
CHEMBL4594262,AMLODIPINE BENZOATE,10,0,0,0.35529063615675216,-6.706,-5.802,False,,,,408.9,2.27,99.9,AXL,-5.948,35.330511234125694,0.35330511234125694,0.0,0.8,0.8797731045932484,0.43328801062549005,0.43328801062549005,0.0,0.32496600796911757
CHEMBL1201239,IODAMIDE,10,0,0,0.31362116289956643,-7.755,-5.379,False,,,,627.9,2.79,95.5,SLC2A1,-7.755,44.015003261578606,0.44015003261578606,0.0,0.6,0.9141924959216966,0.43318888743456896,0.43318888743456896,0.0,0.32489166557592675
CHEMBL1201172,IODAMIDE MEGLUMINE,10,0,0,0.31362116289956643,-7.755,-5.379,False,,,,627.9,2.79,95.5,SLC2A1,-7.755,44.015003261578606,0.44015003261578606,0.0,0.6,0.9141924959216966,0.43318888743456896,0.43318888743456896,0.0,0.32489166557592675
CHEMBL4297064,MILNACIPRAN HYDROCHLORIDE,10,0,0,0.3936875381792514,-6.742,-5.541,False,,,,246.4,1.77,46.3,ACVR1,-6.742,28.40650406504065,0.2840650406504065,0.0,1.0,0.7969667318982387,0.43317102604489843,0.43317102604489843,0.0,0.3248782695336738
CHEMBL1200530,CEFOXITIN SODIUM,10,0,0,0.374620147135987,-7.04,-6.5235,False,,,,426.5,-1.24,151.1,AXL,-6.332,45.262129599478996,0.45262129599478995,0.0,0.6,0.8797731045932484,0.43301448408690324,0.43301448408690324,0.0,0.32476086306517743
CHEMBL278020,NEOSTIGMINE,10,0,0,0.3668106555060667,-6.502,-5.452500000000001,False,Launched,acetylcholinesterase inhibitor,myasthenia gravis,223.3,1.94,29.5,TNIK,-5.889,27.309826967025792,0.2730982696702579,0.0,1.0,0.8242056993121519,0.43287016276492596,0.43287016276492596,0.0,0.3246526220736945
CHEMBL211471,NEOSTIGMINE METHYLSULFATE,10,0,0,0.3668106555060667,-6.502,-5.452500000000001,False,,,,223.3,1.94,29.5,TNIK,-5.889,27.309826967025792,0.2730982696702579,0.0,1.0,0.8242056993121519,0.43287016276492596,0.43287016276492596,0.0,0.3246526220736945
CHEMBL2111097,LEVAMLODIPINE,10,0,0,0.3549617516652763,-6.734,-5.8345,False,Launched,calcium channel blocker,hypertension,408.9,2.27,99.9,AXL,-5.945,35.11885379355259,0.3511885379355259,0.0,0.8,0.8797731045932484,0.4324413808631976,0.4324413808631976,0.0,0.3243310356473982
CHEMBL4594288,LEVAMLODIPINE MALEATE,10,0,0,0.3549617516652763,-6.734,-5.8345,False,,,,408.9,2.27,99.9,AXL,-5.945,35.11885379355259,0.3511885379355259,0.0,0.8,0.8797731045932484,0.4324413808631976,0.4324413808631976,0.0,0.3243310356473982
CHEMBL1435,CEFAZOLIN,10,0,0,0.3581352452425661,-7.968,-6.439,False,Launched,bacterial cell wall synthesis inhibitor,urinary tract infections|skin infections|bacterial septicemia|endocarditis|surgical prophylaxis|bone and joint infections,454.5,-0.64,156.1,ITPKC,-5.517,69.33115823817292,0.6933115823817292,0.0,0.4,0.5,0.4323246329526917,0.4323246329526917,0.0,0.32424347471451875
CHEMBL534,KETOTIFEN,10,0,0,0.36982571785860985,-6.207,-5.6895,False,Launched,histamine receptor agonist|leukotriene receptor antagonist|phosphodiesterase inhibitor,itching,309.4,4.01,20.3,AXL,-5.552,25.040703353956367,0.2504070335395637,0.0,1.0,0.8797731045932484,0.43212877910481273,0.43212877910481273,0.0,0.32409658432860955
CHEMBL1541,CEFIXIME,10,0,0,0.3335396129214965,-7.628,-6.628,False,Launched,bacterial cell wall synthesis inhibitor,urinary tract infections|otitis|pharyngitis|tonsillitis|gonorrhea|bronchitis,453.5,-0.54,184.5,ITPKC,-5.824,79.18433931484502,0.7918433931484502,0.0,0.2,0.5,0.4317373572593802,0.4317373572593802,0.0,0.32380301794453514
CHEMBL1200358,SODIUM PHENYLACETATE,10,0,0,0.33560223697416847,-5.771,-5.2715,False,,,,135.1,-0.02,40.1,SERPINE1,-5.682,44.17886178861789,0.44178861788617885,0.0,0.9,0.5,0.4317154471544716,0.4317154471544716,0.0,0.3237865853658537
CHEMBL1555,GALANTAMINE HYDROBROMIDE,10,0,0,0.358605210380618,-6.598,-5.042,False,,,,287.4,1.85,41.9,AXL,-5.548,24.894171279713447,0.24894171279713448,0.0,1.0,0.8797731045932484,0.43154265080784104,0.43154265080784104,0.0,0.3236569881058808
CHEMBL659,GALANTAMINE,10,0,0,0.358605210380618,-6.598,-5.042,False,Launched,acetylcholinesterase inhibitor,senile dementia,287.4,1.85,41.9,AXL,-5.548,24.894171279713447,0.24894171279713448,0.0,1.0,0.8797731045932484,0.43154265080784104,0.43154265080784104,0.0,0.3236569881058808
CHEMBL499,TIMOLOL,10,0,0,0.37087381391159274,-7.071,-5.941000000000001,False,Launched,adrenergic receptor antagonist,ocular hypertension|glaucoma,316.4,0.5,79.7,SERPINE1,-5.788,49.05691056910569,0.4905691056910569,0.0,0.8,0.5,0.4312276422764228,0.4312276422764228,0.0,0.3234207317073171
CHEMBL1200870,TIMOLOL MALEATE,10,0,0,0.37087381391159274,-7.071,-5.941000000000001,False,,,,316.4,0.5,79.7,SERPINE1,-5.788,49.05691056910569,0.4905691056910569,0.0,0.8,0.5,0.4312276422764228,0.4312276422764228,0.0,0.3234207317073171
CHEMBL1539,SULFADOXINE,10,0,0,0.3583259591739485,-7.442,-6.0995,False,Launched,dihydropteroate synthase inhibitor,malaria,310.3,0.88,116.4,TNIK,-6.612,46.88214169115246,0.4688214169115246,0.0,0.6,0.8242056993121519,0.4311594216614326,0.4311594216614326,0.0,0.3233695662460745
CHEMBL1477,CERIVASTATIN,10,0,0,0.35916321071180757,-8.365,-6.6355,False,,,,459.6,4.88,99.9,ACVR1,-8.365,67.90243902439025,0.6790243902439025,0.0,0.2,0.7969667318982387,0.43115476588229684,0.43115476588229684,0.0,0.3233660744117226
CHEMBL1208,CINOXACIN,10,0,0,0.3748108003547121,-7.472,-6.2955000000000005,False,Launched,topoisomerase inhibitor,urinary tract infections,262.2,0.84,90.7,AXL,-6.308,44.773689352002606,0.44773689352002605,0.0,0.6,0.8797731045932484,0.4310607230969976,0.4310607230969976,0.0,0.3232955423227482
CHEMBL316561,PROGLUMIDE,10,0,0,0.38778312294542966,-7.263,-5.9595,False,Withdrawn,CCK receptor antagonist,,334.4,2.3,86.7,AXL,-5.93,34.76066427873657,0.3476066427873657,0.0,0.8,0.8797731045932484,0.4310086228039336,0.4310086228039336,0.0,0.3232564671029502
CHEMBL1585,PIPOBROMAN,10,0,0,0.35810077768513005,-5.991,-5.6240000000000006,False,Launched,DNA alkylating agent,polycythemia vera|thrombocythemia,356.1,1.23,40.6,MAPK14,-5.939,28.520208604954366,0.28520208604954367,0.0,1.0,0.778536615334207,0.43086132671994853,0.43086132671994853,0.0,0.3231459950399614
CHEMBL1518,PROPYLTHIOURACIL,10,0,0,0.3552544280529172,-5.872,-5.329,False,Launched,thyroid peroxidase inhibitor,hyperthyroidism|Grave's disease|goiter,170.2,1.38,48.6,TNIK,-5.872,26.771139405811294,0.26771139405811295,0.0,1.0,0.8242056993121519,0.430715412520068,0.430715412520068,0.0,0.323036559390051
CHEMBL1201046,CEFORANIDE,10,0,0,0.324551754405917,-8.756,-6.811,False,Launched,penicillin binding protein inhibitor,gram-negative bacterial infections,519.6,-0.71,193.6,ITPKC,-6.172,88.87438825448613,0.8887438825448614,0.0,0.0,0.5,0.43049755301794457,0.43049755301794457,0.0,0.3228731647634584
CHEMBL3989830,SIBUTRAMINE HYDROCHLORIDE,10,0,0,0.3562139919778496,-7.008,-5.243,False,,,,279.9,4.74,3.2,SLC2A1,-7.008,28.294194390084805,0.28294194390084804,0.0,0.9,0.9141924959216966,0.4303056519485937,0.4303056519485937,0.0,0.3227292389614453
CHEMBL1419,SIBUTRAMINE,10,0,0,0.3562139919778496,-7.008,-5.243,False,,,,279.9,4.74,3.2,SLC2A1,-7.008,28.294194390084805,0.28294194390084804,0.0,0.9,0.9141924959216966,0.4303056519485937,0.4303056519485937,0.0,0.3227292389614453
CHEMBL107,COLCHICINE,10,0,0,0.3591687854305217,-6.698,-5.0565,False,Launched,microtubule inhibitor,gout|fever,399.4,2.87,83.1,ACVR1,-6.698,27.447154471544717,0.27447154471544716,0.0,1.0,0.7969667318982387,0.4293336276709147,0.4293336276709147,0.0,0.322000220753186
CHEMBL1238,AZELAIC ACID,10,0,0,0.3486091163054688,-5.863,-5.04,False,,,,188.2,1.89,74.6,TNIK,-5.863,26.412014365001635,0.26412014365001635,0.0,1.0,0.8242056993121519,0.42927891235682936,0.42927891235682936,0.0,0.32195918426762205
CHEMBL108545,METHYL SALICYLATE,10,0,0,0.3625229427069595,-5.664,-5.3465,False,,,,152.1,1.18,46.5,SERPINE1,-5.544,38.422764227642276,0.38422764227642275,0.0,1.0,0.5,0.42869105691056913,0.42869105691056913,0.0,0.32151829268292687
CHEMBL462394,METRIZAMIDE,10,0,0,0.31001142932088793,-8.559,-6.17,False,Launched,radiopaque medium,contrast agent,789.1,-0.03,168.7,SLC2A1,-8.559,62.883235485975206,0.6288323548597521,0.0,0.2,0.9141924959216966,0.4286618163321554,0.4286618163321554,0.0,0.32149636224911654
CHEMBL1201161,MAFENIDE ACETATE,10,0,0,0.34538828926014864,-6.208,-5.6505,False,,,,186.2,-0.21,86.2,TNIK,-6.208,36.14103819784525,0.3614103819784525,0.0,0.8,0.8242056993121519,0.42819500768820384,0.42819500768820384,0.0,0.32114625576615285
CHEMBL419,MAFENIDE,10,0,0,0.34538828926014864,-6.208,-5.6505,False,Launched,carbonic anhydrase inhibitor,first-aid antibiotic|skin infections,186.2,-0.21,86.2,TNIK,-6.208,36.14103819784525,0.3614103819784525,0.0,0.8,0.8242056993121519,0.42819500768820384,0.42819500768820384,0.0,0.32114625576615285
CHEMBL1618,CEFAMANDOLE NAFATE,10,0,0,0.3661615323754802,-8.22,-6.934,False,,,,489.5,-1.38,159.4,AXL,-7.021,64.05079778573754,0.6405079778573755,0.0,0.2,0.8797731045932484,0.42816915683193746,0.42816915683193746,0.0,0.3211268676239531
CHEMBL149972,PHENOBARBITAL SODIUM,10,0,0,0.39088088094034346,-6.82,-6.0385,False,,,,231.2,-0.29,81.6,AXL,-5.905,33.99544122435689,0.33995441224356887,0.0,0.8,0.8797731045932484,0.4279477305864148,0.4279477305864148,0.0,0.3209607979398111
CHEMBL319144,MINODRONIC ACID,10,0,0,0.3539854486729985,-7.815,-6.314,False,,,,322.2,-0.12,152.6,TNIK,-6.921,56.07247796278158,0.5607247796278159,0.0,0.4,0.8242056993121519,0.42792076674794916,0.42792076674794916,0.0,0.32094057506096185
CHEMBL1200763,IODOHIPPURATE SODIUM I 131,10,0,0,0.3561265634826162,-6.163,-5.666,False,,,,308.1,-0.23,69.2,MAPK14,-6.094,32.708604954367665,0.32708604954367665,0.0,0.9,0.778536615334207,0.4276149121176017,0.4276149121176017,0.0,0.3207111840882013
CHEMBL1200439,IODOHIPPURATE SODIUM I 123,10,0,0,0.3561265634826162,-6.163,-5.666,False,,,,300.1,-0.23,69.2,MAPK14,-6.094,32.708604954367665,0.32708604954367665,0.0,0.9,0.778536615334207,0.4276149121176017,0.4276149121176017,0.0,0.3207111840882013
CHEMBL1744447,ROSUVASTATIN CALCIUM,10,0,0,0.3880666374574444,-8.113,-6.727,False,,,,480.5,1.07,143.8,SLC2A1,-8.113,52.59295499021527,0.5259295499021527,0.0,0.4,0.9141924959216966,0.4275006943491156,0.4275006943491156,0.0,0.3206255207618367
CHEMBL1525826,SULFALENE,10,0,0,0.3646459927914354,-7.231,-6.1785,False,,,,280.3,0.87,107.2,SERPINE1,-5.996,58.113821138211385,0.5811382113821139,0.0,0.6,0.5,0.4274552845528456,0.4274552845528456,0.0,0.3205914634146342
CHEMBL1663,PERFLUTREN,10,0,0,0.35657070704530514,-5.902,-5.3255,False,,,,188.0,2.75,0.0,TNIK,-5.84,25.95494613124388,0.2595494613124388,0.0,1.0,0.8242056993121519,0.42745063942179834,0.42745063942179834,0.0,0.32058797956634877
CHEMBL537,HYDROQUINONE,10,0,0,0.335108763643723,-5.911,-4.673,False,Launched,melanin inhibitor,dyschromia,110.1,1.1,40.5,MAPK14,-5.911,27.607561929595825,0.27607561929595825,0.0,1.0,0.778536615334207,0.4272107400185144,0.4272107400185144,0.0,0.3204080550138858
CHEMBL1730,CEFOTAXIME,10,0,0,0.3105526146888487,-7.207,-5.9675,False,Launched,bacterial cell wall synthesis inhibitor,respiratory tract infections|bone and joint infections|pelvic inflammatory disease|intra-abdominal infections|skin infections|meningitis|urinary tract infections|bacterial septicemia|gynecologic infections,455.5,-0.62,173.5,AXL,-6.651,53.76098990556822,0.5376098990556822,0.0,0.4,0.8797731045932484,0.42700992531126014,0.42700992531126014,0.0,0.32025744398344513
CHEMBL3545058,DEXTROTHYROXINE SODIUM,10,0,0,0.3506020138177358,-6.992,-6.228,False,,,,775.9,3.22,95.6,AXL,-6.265,43.69912080755454,0.4369912080755454,0.0,0.6,0.8797731045932484,0.42676244891920545,0.42676244891920545,0.0,0.3200718366894041
CHEMBL334966,CANGRELOR,10,0,0,0.3372361695028815,-8.018,-6.747,False,Launched,purinergic receptor antagonist,myocardial infarction,776.4,2.85,255.9,ITPKC,-5.779,77.79771615008157,0.7779771615008158,0.0,0.2,0.5,0.42619086460032635,0.42619086460032635,0.0,0.3196431484502448
CHEMBL2107817,AVIBACTAM SODIUM,10,0,0,0.3321399418596721,-6.598,-5.809,False,,,,264.2,-1.87,133.1,ITPKC,-5.236,57.76508972267537,0.5776508972267537,0.0,0.6,0.5,0.4260603588907015,0.4260603588907015,0.0,0.3195452691680261
CHEMBL1200353,MEGLUMINE METRIZOATE,10,0,0,0.31908370647628126,-7.176,-4.9675,False,,,,627.9,3.14,86.7,SLC2A1,-7.176,32.20808871493803,0.32208088714938027,0.0,0.8,0.9141924959216966,0.4259612292480066,0.4259612292480066,0.0,0.31947092193600496
CHEMBL1736,METRIZOIC ACID,10,0,0,0.31908370647628126,-7.176,-4.9675,False,,,,627.9,3.14,86.7,SLC2A1,-7.176,32.20808871493803,0.32208088714938027,0.0,0.8,0.9141924959216966,0.4259612292480066,0.4259612292480066,0.0,0.31947092193600496
CHEMBL269644,ACETANILIDE,10,0,0,0.3447803056440328,-5.856,-5.246,False,Preclinical,hydrogen peroxide decomposition inhibitor,,135.2,1.64,29.1,TNIK,-5.824,25.497877897486127,0.25497877897486126,0.0,1.0,0.8242056993121519,0.4256223664867673,0.4256223664867673,0.0,0.3192167748650755
CHEMBL738,THIOPENTAL SODIUM,10,0,0,0.3553365254658842,-6.664,-5.1135,False,,,,241.3,2.13,60.3,SLC2A1,-6.664,22.09719504240052,0.22097195042400522,0.0,1.0,0.9141924959216966,0.4255176545578566,0.4255176545578566,0.0,0.3191382409183925
CHEMBL1093,ARTICAINE,10,0,0,0.36485092568544414,-6.622,-5.338,False,Launched,local anesthetic,local anesthetic,284.4,2.17,67.4,TNIK,-5.82,25.31831537708129,0.2531831537708129,0.0,1.0,0.8242056993121519,0.42490411640514797,0.42490411640514797,0.0,0.318678087303861
CHEMBL1200819,ARTICAINE HYDROCHLORIDE,10,0,0,0.36485092568544414,-6.622,-5.338,False,,,,284.4,2.17,67.4,TNIK,-5.82,25.31831537708129,0.2531831537708129,0.0,1.0,0.8242056993121519,0.42490411640514797,0.42490411640514797,0.0,0.318678087303861
CHEMBL559,DEXTROTHYROXINE,10,0,0,0.3456167115736192,-7.505,-6.434,False,,,,776.9,4.56,92.8,AXL,-6.63,53.20742429176164,0.5320742429176164,0.0,0.4,0.8797731045932484,0.4247956628560339,0.4247956628560339,0.0,0.3185967471420254
CHEMBL633,AMIODARONE,10,0,0,0.3591460052015777,-7.883,-6.477,False,Launched,potassium channel blocker,ventricular arrhythmias,645.3,6.94,42.7,GALNS,-7.026,67.18342036553526,0.6718342036553525,0.0,0.4,0.5,0.423733681462141,0.423733681462141,0.0,0.31780026109660575
CHEMBL1083993,AMIODARONE HYDROCHLORIDE,10,0,0,0.3591460052015777,-7.883,-6.477,False,,,,645.3,6.94,42.7,GALNS,-7.026,67.18342036553526,0.6718342036553525,0.0,0.4,0.5,0.423733681462141,0.423733681462141,0.0,0.31780026109660575
CHEMBL74632,MOXALACTAM,10,0,0,0.3283477678095194,-7.889,-7.0055,False,Launched,bacterial cell wall synthesis inhibitor,gram-positive bacterial infections|gram-negative bacterial infections|skin infections|bone and joint infections|pneumonia|urinary tract infections|meningitis,520.5,-1.13,206.3,MAPK14,-7.45,76.6297262059974,0.766297262059974,0.0,0.0,0.778536615334207,0.4232993971241206,0.4232993971241206,0.0,0.3174745478430905
CHEMBL1200606,MEXILETINE HYDROCHLORIDE,10,0,0,0.3680761219946483,-6.193,-5.537,False,,,,179.3,2.03,35.2,MAPK14,-5.879,26.613428943937418,0.26613428943937417,0.0,1.0,0.778536615334207,0.42323420807588075,0.42323420807588075,0.0,0.31742565605691053
CHEMBL558,MEXILETINE,10,0,0,0.3680761219946483,-6.193,-5.537,True,Launched,sodium channel blocker,ventricular arrhythmias|ventricular tachycardia (VT),179.3,2.03,35.2,MAPK14,-5.879,26.613428943937418,0.26613428943937417,0.0,1.0,0.778536615334207,0.42323420807588075,0.42323420807588075,0.0,0.31742565605691053
CHEMBL501122,CEFTAROLINE FOSAMIL,10,0,0,0.33523038404478356,-8.945,-6.8759999999999994,False,,,,684.7,-0.11,223.2,SLC2A1,-8.945,71.51011089367255,0.7151011089367255,0.0,0.0,0.9141924959216966,0.4231693179629447,0.4231693179629447,0.0,0.3173769884722085
CHEMBL1200686,PIMECROLIMUS,8,0,0,0.31356505650996847,-7.481,-6.124499999999999,False,Launched,calcineurin inhibitor,eczema,810.5,5.72,158.1,AXL,-6.62,52.80039075219798,0.5280039075219798,0.0,0.4,0.8797731045932484,0.4231675286977792,0.4231675286977792,0.0,0.3173756465233344
CHEMBL1200729,CHLORAMPHENICOL SODIUM SUCCINATE,10,0,0,0.32149477988171504,-7.301,-6.1114999999999995,False,,,,422.2,-0.01,158.9,MAPK14,-6.762,56.45371577574967,0.5645371577574967,0.0,0.4,0.778536615334207,0.42259535540312976,0.42259535540312976,0.0,0.3169465165523473
CHEMBL1200616,CHLOROTHIAZIDE SODIUM,10,0,0,0.34050626057514155,-7.029,-5.99,False,,,,294.7,0.72,120.8,MAPK14,-6.5,46.43089960886571,0.46430899608865706,0.0,0.6,0.778536615334207,0.42250409073559386,0.42250409073559386,0.0,0.3168780680516954
CHEMBL940,GABAPENTIN,10,0,0,0.35545985023377835,-6.148,-5.259,True,Launched,calcium channel blocker,virus herpes simplex (HSV)|shingles|seizures|restless leg syndrome,171.2,1.37,63.3,TNIK,-5.792,24.7143323539014,0.24714332353901403,0.0,1.0,0.8242056993121519,0.4224881843124284,0.4224881843124284,0.0,0.3168661382343213
CHEMBL220491,BRINZOLAMIDE,10,0,0,0.31506837607342286,-7.589,-5.583,False,Launched,carbonic anhydrase inhibitor,intraocular pressure|glaucoma|ocular hypertension,383.5,0.09,118.8,SLC2A1,-7.589,41.16112198303979,0.4116112198303979,0.0,0.6,0.9141924959216966,0.4217733623204136,0.4217733623204136,0.0,0.3163300217403102
CHEMBL1201156,NORTRIPTYLINE HYDROCHLORIDE,10,0,0,0.3594815447037024,-6.623,-5.186,False,,,,263.4,3.83,12.0,SLC2A1,-6.623,21.15133724722766,0.21151337247227658,0.0,1.0,0.9141924959216966,0.42173422337716515,0.42173422337716515,0.0,0.3163006675328739
CHEMBL766,CILASTATIN,10,0,0,0.3126592317116613,-7.047,-6.2645,False,Launched,dehydropeptidase inhibitor,,358.5,1.43,129.7,MAPK14,-6.75,56.09517601043025,0.5609517601043025,0.0,0.4,0.778536615334207,0.42116119634185206,0.42116119634185206,0.0,0.31587089725638906
CHEMBL1685,DEZOCINE,10,0,0,0.3468156222898725,-6.616,-4.8965,False,,,,245.4,3.11,46.2,SLC2A1,-6.616,20.874103065883887,0.20874103065883887,0.0,1.0,0.9141924959216966,0.42062528665179005,0.42062528665179005,0.0,0.3154689649888425
CHEMBL99946,LEVOMILNACIPRAN,10,0,0,0.37782310592547586,-6.58,-5.396,False,,,,246.4,1.77,46.3,AXL,-5.455,22.158905893845652,0.2215890589384565,0.0,1.0,0.8797731045932484,0.42060158926436986,0.42060158926436986,0.0,0.3154511919482774
CHEMBL2105732,LEVOMILNACIPRAN HYDROCHLORIDE,10,0,0,0.37782310592547586,-6.58,-5.396,False,,,,246.4,1.77,46.3,AXL,-5.455,22.158905893845652,0.2215890589384565,0.0,1.0,0.8797731045932484,0.42060158926436986,0.42060158926436986,0.0,0.3154511919482774
CHEMBL19236,MOXONIDINE,10,0,0,0.36353602978385346,-6.9,-5.714499999999999,False,Launched,imidazoline receptor agonist,hypertension,241.7,0.82,71.4,MAPK14,-6.192,35.93546284224251,0.3593546284224251,0.0,0.8,0.778536615334207,0.42052234366910113,0.42052234366910113,0.0,0.3153917577518258
CHEMBL289480,RILMENIDINE,10,0,0,0.350022331274074,-5.653,-5.1845,False,Launched,adrenergic receptor agonist|imidazoline receptor agonist,hypertension,180.3,1.15,33.6,ADRA2A,-5.653,10.162866449511402,0.10162866449511401,0.4,1.0,0.5324652394614875,0.42052125171726873,0.42052125171726873,0.0,0.31539093878795155
CHEMBL3989551,LINCOMYCIN HYDROCHLORIDE,10,0,0,0.3687031001022157,-7.512,-6.6655,False,,,,406.5,-0.86,122.5,AXL,-6.591,52.01888635623575,0.5201888635623575,0.0,0.4,0.8797731045932484,0.4200415111139303,0.4200415111139303,0.0,0.31503113333544774
CHEMBL1447,LINCOMYCIN,10,0,0,0.3687031001022157,-7.512,-6.6655,False,Launched,bacterial 30S ribosomal subunit inhibitor,enteritis,406.5,-0.86,122.5,AXL,-6.591,52.01888635623575,0.5201888635623575,0.0,0.4,0.8797731045932484,0.4200415111139303,0.4200415111139303,0.0,0.31503113333544774
CHEMBL87992,ESLICARBAZEPINE ACETATE,10,0,0,0.35319684134849394,-6.583,-5.1945,False,,,,296.3,3.06,72.6,ACVR1,-6.583,25.10569105691057,0.2510569105691057,0.0,1.0,0.7969667318982387,0.4199677740123781,0.4199677740123781,0.0,0.31497583050928357
CHEMBL1200895,PHENELZINE SULFATE,10,0,0,0.3515060811277538,-5.943,-5.5615000000000006,False,,,,136.2,0.69,38.0,SERPINE1,-5.606,41.08943089430894,0.4108943089430894,0.0,0.9,0.5,0.41935772357723583,0.41935772357723583,0.0,0.31451829268292686
CHEMBL1201119,LIOTHYRONINE SODIUM,10,0,0,0.3753814000607947,-7.399,-6.234500000000001,False,,,,650.0,2.62,95.6,GALNS,-6.69,56.021540469973885,0.5602154046997389,0.0,0.6,0.5,0.41908616187989556,0.41908616187989556,0.0,0.31431462140992167
CHEMBL184,ACYCLOVIR,10,0,0,0.32253198142366324,-6.313,-5.741,False,Launched,DNA polymerase inhibitor,genitial herpes|shingles|chicken pox,225.2,-1.33,119.0,ITPKC,-5.185,56.003262642740616,0.5600326264274061,0.0,0.6,0.5,0.41901305057096244,0.41901305057096244,0.0,0.31425978792822185
CHEMBL6622,ISOSORBIDE DINITRATE,10,0,0,0.27580510526284263,-5.954,-5.0095,False,,,,236.1,-1.06,123.2,SERPINE1,-5.954,56.00000000000001,0.56,0.0,0.6,0.5,0.41900000000000004,0.41900000000000004,0.0,0.31425000000000003
CHEMBL1115,PYRIDOSTIGMINE,10,0,0,0.3333625005354036,-5.598,-5.1645,False,,,,181.2,0.57,33.4,SERPINE1,-5.598,40.666666666666664,0.4066666666666666,0.0,0.9,0.5,0.4176666666666667,0.4176666666666667,0.0,0.31325000000000003
CHEMBL812,PYRIDOSTIGMINE BROMIDE,10,0,0,0.3333625005354036,-5.598,-5.1645,False,,,,181.2,0.57,33.4,SERPINE1,-5.598,40.666666666666664,0.4066666666666666,0.0,0.9,0.5,0.4176666666666667,0.4176666666666667,0.0,0.31325000000000003
CHEMBL1201774,SAPROPTERIN,10,0,0,0.3467234602915298,-7.215,-6.3235,False,Launched,phenylalanine 4-hydroxylase stimulant,hyperphenylalaninemia (HPA),241.3,-1.7,136.3,MAPK14,-6.727,55.13363754889179,0.5513363754889179,0.0,0.4,0.778536615334207,0.41731504249569823,0.41731504249569823,0.0,0.3129862818717737
CHEMBL1200948,TRIMIPRAMINE MALEATE,10,0,0,0.3263428572885093,-6.342,-5.0155,False,,,,294.4,4.12,6.5,AXL,-5.593,26.326929338977536,0.26326929338977534,0.0,0.9,0.8797731045932484,0.4172736830448974,0.4172736830448974,0.0,0.3129552622836731
CHEMBL2110816,BUTRIPTYLINE,10,0,0,0.331224517495968,-6.808,-5.0335,False,,,,293.5,4.5,3.2,ACVR1,-6.808,29.39837398373984,0.2939837398373984,0.0,0.9,0.7969667318982387,0.4171385057196952,0.4171385057196952,0.0,0.3128538792897714
CHEMBL1437,NOREPINEPHRINE,10,0,0,0.3456773853382047,-6.011,-5.717499999999999,False,Launched,adrenergic receptor agonist,hypertension|urticaria|headache|seasonal affective disorder,169.2,0.09,86.7,SERPINE1,-5.765,47.951219512195124,0.47951219512195126,0.0,0.75,0.5,0.4168048780487806,0.4168048780487806,0.0,0.31260365853658545
CHEMBL1201218,CEFAMANDOLE NAFATE FREE BASE,10,0,0,0.3558557149183726,-8.406,-6.731,False,,,,490.5,-0.04,156.6,SLC2A1,-8.406,59.915198956294844,0.5991519895629485,0.0,0.2,0.9141924959216966,0.41678967021343394,0.41678967021343394,0.0,0.31259225266007545
CHEMBL315985,ESLICARBAZEPINE,10,0,0,0.36817505727749006,-6.57,-5.0435,True,,,,254.3,2.49,66.6,ACVR1,-6.539,24.178861788617887,0.24178861788617886,0.0,1.0,0.7969667318982387,0.4162604569392074,0.4162604569392074,0.0,0.3121953427044055
CHEMBL163,RITONAVIR,10,0,0,0.32591551205270064,-8.845,-6.9645,False,Launched,HIV protease inhibitor,human immunodeficiency virus (HIV-1),721.0,5.91,145.8,SLC2A1,-8.845,69.74885844748859,0.6974885844748858,0.0,0.0,0.9141924959216966,0.41612430817820883,0.41612430817820883,0.0,0.3120932311336566
CHEMBL1753,CLINDAMYCIN,10,0,0,0.324470030443337,-7.527,-6.255,False,Launched,protein synthesis inhibitor,respiratory tract infections|pneumonia|skin infections|gynecologic infections|intra-abdominal infections|bacterial septicemia|bone and joint infections,425.0,0.39,102.3,MAPK14,-6.719,54.74250325945241,0.5474250325945241,0.0,0.4,0.778536615334207,0.4157505053379407,0.4157505053379407,0.0,0.31181287900345556
CHEMBL1200588,CLINDAMYCIN HYDROCHLORIDE,10,0,0,0.324470030443337,-7.527,-6.255,False,,,,425.0,0.39,102.3,MAPK14,-6.719,54.74250325945241,0.5474250325945241,0.0,0.4,0.778536615334207,0.4157505053379407,0.4157505053379407,0.0,0.31181287900345556
CHEMBL314437,MEPTAZINOL,10,0,0,0.37119026484618967,-5.311,-4.5755,False,Launched,opioid receptor agonist,pain relief,233.4,3.16,23.5,AXL,-4.609,8.287202865516118,0.08287202865516118,0.2,1.0,0.8797731045932484,0.4151147771510517,0.4151147771510517,0.0,0.3113360828632888
CHEMBL1200694,SEVOFLURANE,10,0,0,0.33832098566916013,-5.688,-5.007,False,Launched,membrane integrity inhibitor,anesthetic,200.1,2.42,9.2,TNIK,-5.688,22.820763956904997,0.22820763956904996,0.0,1.0,0.8242056993121519,0.4149139107244428,0.4149139107244428,0.0,0.31118543304333207
CHEMBL1068,OXCARBAZEPINE,10,0,0,0.357314373567996,-6.517,-5.1419999999999995,True,Launched,sodium channel blocker,seizures,252.3,2.64,63.4,ACVR1,-6.517,23.739837398373982,0.23739837398373984,0.0,1.0,0.7969667318982387,0.41450435937823177,0.41450435937823177,0.0,0.3108782695336738
CHEMBL1256958,EPINEPHRINE BITARTRATE,10,0,0,0.3187291948045309,-6.49,-5.8149999999999995,False,,,,183.2,0.35,72.7,SERPINE1,-5.927,54.84552845528455,0.5484552845528455,0.0,0.6,0.5,0.41438211382113826,0.41438211382113826,0.0,0.3107865853658537
CHEMBL679,EPINEPHRINE,10,0,0,0.3287291948045309,-6.49,-5.8149999999999995,False,Launched,adrenergic receptor agonist|carbonic anhydrase activator|neurotransmitter,cardiac arrest|anaphylactic shock|asthma,183.2,0.35,72.7,SERPINE1,-5.927,54.84552845528455,0.5484552845528455,0.0,0.6,0.5,0.41438211382113826,0.41438211382113826,0.0,0.3107865853658537
CHEMBL3237547,CEDAZURIDINE,10,0,0,0.3285415176863919,-7.685,-5.981,False,,,,268.2,-1.57,102.3,MAPK14,-6.715,54.400260756192964,0.5440026075619296,0.0,0.4,0.778536615334207,0.4143815353249029,0.4143815353249029,0.0,0.31078615149367717
CHEMBL1643,RIBAVIRIN,10,0,0,0.3032975159049194,-6.545,-6.0065,False,Launched,antiviral,hepatitis C,244.2,-3.01,143.7,SERPINE1,-6.154,64.76422764227642,0.6476422764227643,0.0,0.4,0.5,0.41405691056910576,0.41405691056910576,0.0,0.3105426829268293
CHEMBL1200805,DILTIAZEM MALATE,10,0,0,0.34175302593896395,-6.398,-5.2165,False,,,,414.5,3.37,59.1,AXL,-5.368,20.465646369260824,0.20465646369260823,0.0,1.0,0.8797731045932484,0.41382855116603057,0.41382855116603057,0.0,0.3103714133745229
CHEMBL23,DILTIAZEM,10,0,0,0.34175302593896395,-6.398,-5.2165,False,Launched,calcium channel blocker,hypertension|angina pectoris,414.5,3.37,59.1,AXL,-5.368,20.465646369260824,0.20465646369260823,0.0,1.0,0.8797731045932484,0.41382855116603057,0.41382855116603057,0.0,0.3103714133745229
CHEMBL1697,DILTIAZEM HYDROCHLORIDE,10,0,0,0.34175302593896395,-6.398,-5.2165,False,,,,414.5,3.37,59.1,AXL,-5.368,20.465646369260824,0.20465646369260823,0.0,1.0,0.8797731045932484,0.41382855116603057,0.41382855116603057,0.0,0.3103714133745229
CHEMBL1624126,XANTHINOL,10,0,0,0.3025538366330916,-6.579,-5.5435,False,,,,311.3,-2.28,105.5,MAPK14,-6.438,44.214471968709255,0.44214471968709257,0.0,0.6,0.778536615334207,0.41363838017496807,0.41363838017496807,0.0,0.31022878513122604
CHEMBL1560089,XANTHINOL NIACINATE,10,0,0,0.3025538366330916,-6.579,-5.5435,False,,,,311.3,-2.28,105.5,MAPK14,-6.438,44.214471968709255,0.44214471968709257,0.0,0.6,0.778536615334207,0.41363838017496807,0.41363838017496807,0.0,0.31022878513122604
CHEMBL1769,PROPOXYCAINE HYDROCHLORIDE,10,0,0,0.3457020232472297,-6.682,-5.292999999999999,False,,,,294.4,2.56,64.8,MAPK14,-5.973,29.1883963494133,0.291883963494133,0.0,0.9,0.778536615334207,0.4135340776977843,0.4135340776977843,0.0,0.3101505582733382
CHEMBL6966,VERAPAMIL,10,0,0,0.32402484426777867,-7.961,-6.2505,False,Launched,calcium channel blocker,hypertension,454.6,5.09,64.0,SLC2A1,-7.961,49.070450097847356,0.49070450097847357,0.0,0.4,0.9141924959216966,0.41341067477964394,0.41341067477964394,0.0,0.31005800608473294
CHEMBL1280,VERAPAMIL HYDROCHLORIDE,10,0,0,0.32402484426777867,-7.961,-6.2505,False,,,,454.6,5.09,64.0,SLC2A1,-7.961,49.070450097847356,0.49070450097847357,0.0,0.4,0.9141924959216966,0.41341067477964394,0.41341067477964394,0.0,0.31005800608473294
CHEMBL1059,PREGABALIN,10,0,0,0.34130862582904975,-5.664,-4.997,True,,,,159.2,1.08,63.3,TNIK,-5.664,22.2820763956905,0.22282076395690498,0.0,1.0,0.8242056993121519,0.41275916047958483,0.41275916047958483,0.0,0.3095693703596886
CHEMBL435,HYDROCHLOROTHIAZIDE,10,0,0,0.3631188588384792,-7.241,-6.1915,False,Launched,thiazide diuretic,hypertension|congestive heart failure,297.7,-0.35,118.4,MAPK14,-6.429,43.98631029986962,0.43986310299869624,0.0,0.6,0.778536615334207,0.41272573349960956,0.41272573349960956,0.0,0.3095443001247072
CHEMBL495,ALPROSTADIL,10,0,0,0.34802665168491714,-7.108,-6.051,False,Launched,prostanoid receptor agonist,congenital heart defects,354.5,3.48,94.8,TNIK,-6.473,42.21351616062684,0.4221351616062684,0.0,0.6,0.8242056993121519,0.4124849195393302,0.4124849195393302,0.0,0.3093636896544977
CHEMBL1681,IODOHIPPURATE,10,0,0,0.3728456473560601,-6.178,-5.6225000000000005,False,,,,305.1,1.11,66.4,TNIK,-5.651,22.135161606268365,0.22135161606268366,0.0,1.0,0.8242056993121519,0.4121715013218963,0.4121715013218963,0.0,0.3091286259914222
CHEMBL1633,KETOTIFEN FUMARATE,10,0,0,0.3498257178586099,-6.207,-5.6895,False,,,,309.4,4.01,20.3,AXL,-5.552,25.040703353956367,0.2504070335395637,0.0,0.9,0.8797731045932484,0.4121287791048127,0.4121287791048127,0.0,0.30909658432860954
CHEMBL28333,MEDAZEPAM,10,0,0,0.3584426258591228,-6.471,-5.12,False,,,,270.8,3.63,15.6,ACVR1,-6.471,23.13821138211382,0.23138211382113819,0.0,1.0,0.7969667318982387,0.4120978553131911,0.4120978553131911,0.0,0.3090733914848933
CHEMBL4298137,DURLOBACTAM,10,0,0,0.33440108780775324,-6.976,-5.8125,False,,,,277.3,-1.36,130.2,ITPKC,-5.139,54.17618270799347,0.5417618270799347,0.0,0.6,0.5,0.4117047308319739,0.4117047308319739,0.0,0.3087785481239804
CHEMBL1190,DECAMETHONIUM,10,0,0,0.3318734298041018,-5.689,-4.7895,False,Launched,acetylcholine receptor agonist,muscle relaxant,258.5,3.52,0.0,TNIK,-5.64,21.922951354880833,0.21922951354880835,0.0,1.0,0.8242056993121519,0.4113226603163461,0.4113226603163461,0.0,0.30849199523725956
CHEMBL1201345,TETRADECYL SULFURIC ACID,10,0,0,0.306372241152878,-6.239,-5.5425,False,,,,294.5,4.22,63.6,TNIK,-6.239,36.85928827946457,0.3685928827946457,0.0,0.7,0.8242056993121519,0.4110680080146811,0.4110680080146811,0.0,0.3083010060110108
CHEMBL1200514,DEMECARIUM BROMIDE,10,0,0,0.3156222093957533,-7.829,-6.1739999999999995,False,,,,556.8,6.76,59.1,TNIK,-6.74,51.828272935031016,0.5182827293503102,0.0,0.4,0.8242056993121519,0.4109439466369469,0.4109439466369469,0.0,0.30820795997771017
CHEMBL1201229,DEMECARIUM,10,0,0,0.3156222093957533,-7.829,-6.1739999999999995,False,Launched,acetylcholinesterase inhibitor,intraocular pressure|glaucoma,556.8,6.76,59.1,TNIK,-6.74,51.828272935031016,0.5182827293503102,0.0,0.4,0.8242056993121519,0.4109439466369469,0.4109439466369469,0.0,0.30820795997771017
CHEMBL3545252,DOCETAXEL,1,0,0,0.41040295689706285,-6.503,-6.503,False,Launched,tubulin polymerization inhibitor,breast cancer|non-small cell lung cancer (NSCLC)|prostate cancer|gastric adenocarcinoma|head and neck squamous cell carcinoma (HNSCC),807.9,3.26,224.4,AXL,-6.503,49.609247802018885,0.49609247802018885,0.0,0.4,0.8797731045932484,0.41040295689706285,0.41040295689706285,0.0,0.30780221767279714
CHEMBL922,ADEFOVIR DIPIVOXIL,10,0,0,0.3371611799064614,-7.614,-6.434,False,,,,501.5,2.7,167.0,MAPK14,-6.67,53.38983050847458,0.5338983050847458,0.0,0.4,0.778536615334207,0.4103398143340294,0.4103398143340294,0.0,0.30775486075052205
CHEMBL113,CAFFEINE,10,0,0,0.34016212540323576,-5.776,-4.8705,False,Launched,adenosine receptor antagonist|phosphodiesterase inhibitor,fatigue|drowsiness,194.2,-1.03,61.8,MAPK14,-5.776,23.288787483702738,0.2328878748370274,0.0,1.0,0.778536615334207,0.409935642234942,0.409935642234942,0.0,0.3074517316762065
CHEMBL2355839,ISOMETHEPTENE MUCATE,10,0,0,0.337107670370097,-5.62,-4.95,False,,,,141.3,2.34,12.0,TNIK,-5.62,21.36793992817499,0.21367939928174992,0.0,1.0,0.8242056993121519,0.4091026146095228,0.4091026146095228,0.0,0.3068269609571421
CHEMBL1697841,ISOMETHEPTENE,10,0,0,0.337107670370097,-5.62,-4.95,False,,,,141.3,2.34,12.0,TNIK,-5.62,21.36793992817499,0.21367939928174992,0.0,1.0,0.8242056993121519,0.4091026146095228,0.4091026146095228,0.0,0.3068269609571421
CHEMBL193,NIFEDIPINE,10,0,0,0.3493583621116685,-6.38,-5.6899999999999995,False,Launched,calcium channel blocker,vasospastic angina|chronic stable angina,346.3,2.18,107.8,AXL,-5.716,29.241289482253336,0.29241289482253335,0.0,0.8,0.8797731045932484,0.40893112361800066,0.40893112361800066,0.0,0.3066983427135005
CHEMBL1200982,BUTABARBITAL SODIUM,10,0,0,0.34715990560341814,-6.462,-4.878500000000001,False,,,,211.2,1.58,77.3,SLC2A1,-6.462,17.90606653620352,0.17906066536203522,0.0,1.0,0.9141924959216966,0.4087531405330686,0.4087531405330686,0.0,0.30656485539980144
CHEMBL3989529,ETHANOLAMINE OLEATE,10,0,0,0.29551788865436057,-6.213,-5.5645,False,,,,282.5,6.11,37.3,TNIK,-6.213,36.27162912177604,0.3627162912177604,0.0,0.7,0.8242056993121519,0.40871737138392694,0.40871737138392694,0.0,0.3065380285379452
CHEMBL1200423,METRIZOATE SODIUM,10,0,0,0.311131829204993,-6.968,-4.8035,False,,,,626.9,1.8,89.5,SLC2A1,-6.968,27.82126549249837,0.2782126549249837,0.0,0.8,0.9141924959216966,0.408413936358248,0.408413936358248,0.0,0.30631045226868603
CHEMBL2364738,METRIZOATE MAGNESIUM,10,0,0,0.311131829204993,-6.968,-4.8035,False,,,,626.9,1.8,89.5,SLC2A1,-6.968,27.82126549249837,0.2782126549249837,0.0,0.8,0.9141924959216966,0.408413936358248,0.408413936358248,0.0,0.30631045226868603
CHEMBL2068723,CALCIUM METRIZOATE,10,0,0,0.311131829204993,-6.968,-4.8035,False,,,,626.9,1.8,89.5,SLC2A1,-6.968,27.82126549249837,0.2782126549249837,0.0,0.8,0.9141924959216966,0.408413936358248,0.408413936358248,0.0,0.30631045226868603
CHEMBL1200850,GANCICLOVIR SODIUM,10,0,0,0.3086662360466085,-6.33,-5.505,False,,,,254.2,-2.19,142.4,SERPINE1,-5.882,53.30081300813008,0.5330081300813008,0.0,0.6,0.5,0.40820325203252034,0.40820325203252034,0.0,0.30615243902439027
CHEMBL553025,VINORELBINE,10,0,0,0.27485152655535783,-6.854,-5.557,False,Launched,tubulin polymerization inhibitor,non-small cell lung cancer (NSCLC),778.9,4.75,133.9,AXL,-6.482,49.05568218821231,0.4905568218821231,0.0,0.4,0.8797731045932484,0.4081886944418365,0.4081886944418365,0.0,0.30614152083137736
CHEMBL538943,VINORELBINE TARTRATE,10,0,0,0.27485152655535783,-6.854,-5.557,False,,,,778.9,4.75,133.9,AXL,-6.482,49.05568218821231,0.4905568218821231,0.0,0.4,0.8797731045932484,0.4081886944418365,0.4081886944418365,0.0,0.30614152083137736
CHEMBL1200964,AMITRIPTYLINE HYDROCHLORIDE,10,0,0,0.3408005885897581,-6.644,-5.1395,False,,,,277.4,4.17,3.2,AXL,-5.524,23.98241615109085,0.2398241615109085,0.0,0.9,0.8797731045932484,0.40789563029335063,0.40789563029335063,0.0,0.30592172272001295
CHEMBL1256696,CARBETAPENTANE CITRATE,10,0,0,0.35919171700966007,-6.687,-5.6295,False,,,,333.5,3.4,38.8,SLC2A1,-6.687,22.684279191128507,0.22684279191128506,0.0,0.9,0.9141924959216966,0.40786599115276856,0.40786599115276856,0.0,0.30589949336457645
CHEMBL73234,CARBETAPENTANE,10,0,0,0.35919171700966007,-6.687,-5.6295,False,Launched,acetylcholine receptor antagonist,common cold|nasal congestion|bronchitis,333.5,3.4,38.8,SLC2A1,-6.687,22.684279191128507,0.22684279191128506,0.0,0.9,0.9141924959216966,0.40786599115276856,0.40786599115276856,0.0,0.30589949336457645
CHEMBL1738,DEXRAZOXANE,10,0,0,0.3705652521691987,-7.14,-6.287,False,Launched,chelating agent|topoisomerase inhibitor,cardiomyopathy,268.3,-2.71,98.8,ITPKC,-5.116,53.16476345840131,0.5316476345840131,0.0,0.6,0.5,0.4076590538336053,0.4076590538336053,0.0,0.30574429037520395
CHEMBL1200778,DEXRAZOXANE HYDROCHLORIDE,10,0,0,0.3705652521691987,-7.14,-6.287,False,,,,268.3,-2.71,98.8,ITPKC,-5.116,53.16476345840131,0.5316476345840131,0.0,0.6,0.5,0.4076590538336053,0.4076590538336053,0.0,0.30574429037520395
CHEMBL1696,DESIPRAMINE HYDROCHLORIDE,10,0,0,0.33707904295419056,-6.45,-5.060499999999999,False,,,,266.4,3.53,15.3,SLC2A1,-6.45,17.628832354859753,0.17628832354859753,0.0,1.0,0.9141924959216966,0.4076442038076935,0.4076442038076935,0.0,0.30573315285577013
CHEMBL72,DESIPRAMINE,10,0,0,0.34707904295419056,-6.45,-5.060499999999999,False,Launched,tricyclic antidepressant,depression,266.4,3.53,15.3,SLC2A1,-6.45,17.628832354859753,0.17628832354859753,0.0,1.0,0.9141924959216966,0.4076442038076935,0.4076442038076935,0.0,0.30573315285577013
CHEMBL415,CLOMIPRAMINE,10,0,0,0.33554676118289534,-6.397,-4.729,False,Launched,serotonin transporter (SERT) inhibitor,obsessive compulsive disorder (OCD),314.9,4.53,6.5,ACVR1,-6.397,21.772357723577233,0.21772357723577232,0.0,1.0,0.7969667318982387,0.40663444067904475,0.40663444067904475,0.0,0.30497583050928356
CHEMBL932,DIPYRIDAMOLE,10,0,0,0.2530768816674736,-8.313,-6.041,False,Launched,phosphodiesterase inhibitor,coronary artery disease (CAD)|peripheral artery disease (PAD)|hypertension,504.6,-0.02,145.4,ITPKC,-5.942,82.90375203915171,0.8290375203915171,0.0,0.0,0.5,0.4066150081566069,0.4066150081566069,0.0,0.30496125611745517
CHEMBL182,GANCICLOVIR,10,0,0,0.2872491916576359,-6.815,-5.664,False,Launched,DNA polymerase inhibitor,cytomegalovirus (CMV),255.2,-1.97,139.3,ITPKC,-5.354,62.72430668841762,0.6272430668841762,0.0,0.4,0.5,0.4058972267536705,0.4058972267536705,0.0,0.3044229200652529
CHEMBL1411979,METHAPYRILENE,10,0,0,0.35653881758166933,-6.303,-5.2105,False,Withdrawn,histamine receptor antagonist,,261.4,2.71,19.4,AXL,-5.296,18.463041354607622,0.18463041354607623,0.0,1.0,0.8797731045932484,0.4058181311074177,0.4058181311074177,0.0,0.30436359833056326
CHEMBL3187246,METHAPYRILENE FUMARATE,10,0,0,0.35653881758166933,-6.303,-5.2105,False,,,,261.4,2.71,19.4,AXL,-5.296,18.463041354607622,0.18463041354607623,0.0,1.0,0.8797731045932484,0.4058181311074177,0.4058181311074177,0.0,0.30436359833056326
CHEMBL1255739,METHAPYRILENE HYDROCHLORIDE,10,0,0,0.35653881758166933,-6.303,-5.2105,False,,,,261.4,2.71,19.4,AXL,-5.296,18.463041354607622,0.18463041354607623,0.0,1.0,0.8797731045932484,0.4058181311074177,0.4058181311074177,0.0,0.30436359833056326
CHEMBL221722,FAVIPIRAVIR,10,0,0,0.3265446989725576,-5.821,-5.1850000000000005,False,Phase 3,RNA polymerase inhibitor,,157.1,-0.58,89.1,SERPINE1,-5.639,42.66666666666667,0.4266666666666667,0.0,0.8,0.5,0.40566666666666673,0.40566666666666673,0.0,0.30425
CHEMBL1201117,METHOCARBAMOL,10,0,0,0.32630730230639593,-6.154,-5.3675,False,Launched,muscle relaxant,muscle relaxant,241.2,0.53,91.0,MAPK14,-6.154,34.71316818774446,0.3471316818774446,0.0,0.75,0.778536615334207,0.4056331650511089,0.4056331650511089,0.0,0.3042248737883317
CHEMBL2079793,PENCICLOVIR SODIUM,10,0,0,0.33275105963373947,-6.455,-5.975,False,,,,252.3,-1.53,133.1,SERPINE1,-5.865,52.52032520325203,0.5252032520325203,0.0,0.6,0.5,0.40508130081300814,0.40508130081300814,0.0,0.3038109756097561
CHEMBL2107381,URIDINE TRIACETATE,10,0,0,0.34255519795153033,-7.345,-5.882999999999999,False,,,,370.3,-1.14,143.0,ACVR1,-7.345,41.2520325203252,0.412520325203252,0.0,0.6,0.7969667318982387,0.4045531398660366,0.4045531398660366,0.0,0.30341485489952746
CHEMBL515914,AZARIBINE,10,0,0,0.34014903375118727,-7.41,-5.823,False,,,,371.3,-1.74,155.9,SLC2A1,-7.41,36.823222439660796,0.36823222439660797,0.0,0.6,0.9141924959216966,0.4044217641468977,0.4044217641468977,0.0,0.30331632311017326
CHEMBL3545059,ALISKIREN FUMARATE,10,0,0,0.3384597204571054,-7.945,-6.692,False,,,,551.8,3.29,146.1,AXL,-6.778,58.07554542494302,0.5807554542494302,0.0,0.2,0.8797731045932484,0.4042681473887594,0.4042681473887594,0.0,0.3032011105415695
CHEMBL1639,ALISKIREN,10,0,0,0.3384597204571054,-7.945,-6.692,False,,,,551.8,3.29,146.1,AXL,-6.778,58.07554542494302,0.5807554542494302,0.0,0.2,0.8797731045932484,0.4042681473887594,0.4042681473887594,0.0,0.3032011105415695
CHEMBL969,PRAZEPAM,10,0,0,0.36477945875938844,-6.748,-5.255,False,,,,324.8,3.93,32.7,ADRA2A,-6.748,30.879478827361563,0.3087947882736156,0.0,1.0,0.5324652394614875,0.4033877012286694,0.4033877012286694,0.0,0.3025407759215021
CHEMBL1201112,NELARABINE,10,0,0,0.33293552598975973,-7.493,-6.2075,False,Launched,DNA synthesis inhibitor|T cell inhibitor,acute lymphoblastic leukemia (ALL),297.3,-1.97,148.8,ITPKC,-5.339,62.055464926590545,0.6205546492659054,0.0,0.4,0.5,0.4032218597063622,0.4032218597063622,0.0,0.30241639477977167
CHEMBL11,IMIPRAMINE,10,0,0,0.3361064112326476,-6.165,-4.9365,False,Launched,norepinephrine reputake inhibitor|serotonin reuptake inhibitor,depression|nocturnal enuresis,280.4,3.88,6.5,AXL,-5.254,17.632692933897754,0.17632692933897753,0.0,1.0,0.8797731045932484,0.40249673742457825,0.40249673742457825,0.0,0.3018725530684337
CHEMBL1692,IMIPRAMINE HYDROCHLORIDE,10,0,0,0.3361064112326476,-6.165,-4.9365,False,,,,280.4,3.88,6.5,AXL,-5.254,17.632692933897754,0.17632692933897753,0.0,1.0,0.8797731045932484,0.40249673742457825,0.40249673742457825,0.0,0.3018725530684337
CHEMBL1658,RETAPAMULIN,10,0,0,0.2860981679619273,-6.453,-5.058,False,Launched,protein synthesis inhibitor,impetigo,517.8,5.25,66.8,AXL,-6.032,37.62618039726473,0.3762618039726473,0.0,0.6,0.8797731045932484,0.40247068727804614,0.40247068727804614,0.0,0.3018530154585346
CHEMBL1356,SODIUM BENZOATE,10,0,0,0.32648527175255204,-5.576,-5.0255,False,,,,121.1,0.05,40.1,SERPINE1,-5.499,36.796747967479675,0.36796747967479676,0.0,0.9,0.5,0.40218699186991874,0.40218699186991874,0.0,0.30164024390243904
CHEMBL788,IDOXURIDINE,10,0,0,0.32962905537701925,-7.06,-5.715999999999999,False,Launched,DNA directed DNA polymerase inhibitor|DNA synthesis inhibitor,virus herpes simplex (HSV),354.1,-1.22,104.6,VASH2,-6.676,51.66123778501629,0.5166123778501629,0.0,0.6,0.5,0.4016449511400652,0.4016449511400652,0.0,0.3012337133550489
CHEMBL1201243,IPODATE,10,0,0,0.33764929942400246,-6.866,-5.3045,False,,,,598.0,3.74,52.9,SLC2A1,-6.866,25.864318330071757,0.25864318330071756,0.0,0.8,0.9141924959216966,0.40058614770854156,0.40058614770854156,0.0,0.3004396107814062
CHEMBL1650818,AMDINOCILLIN PIVOXIL,10,0,0,0.3420779826389948,-6.21,-5.160500000000001,False,,,,439.6,2.41,88.5,AXL,-5.227,17.030283295343537,0.17030283295343537,0.0,1.0,0.8797731045932484,0.4000870988703614,0.4000870988703614,0.0,0.3000653241527711
CHEMBL218490,DORZOLAMIDE,10,0,0,0.3353259846633807,-7.378,-5.6665,False,Launched,carbonic anhydrase inhibitor,intraocular pressure|glaucoma,324.4,0.61,106.3,SLC2A1,-7.378,35.73059360730594,0.35730593607305944,0.0,0.6,0.9141924959216966,0.4000512488174783,0.4000512488174783,0.0,0.3000384366131087
CHEMBL1201162,DORZOLAMIDE HYDROCHLORIDE,10,0,0,0.3353259846633807,-7.378,-5.6665,False,,,,324.4,0.61,106.3,SLC2A1,-7.378,35.73059360730594,0.35730593607305944,0.0,0.6,0.9141924959216966,0.4000512488174783,0.4000512488174783,0.0,0.3000384366131087
CHEMBL1488,URACIL MUSTARD,10,0,0,0.34794158781159,-5.732,-5.118,False,,,,252.1,1.17,69.5,SERPINE1,-5.349,30.991869918699187,0.3099186991869919,0.0,1.0,0.5,0.3989674796747968,0.3989674796747968,0.0,0.2992256097560976
CHEMBL17879,MARALIXIBAT CHLORIDE,10,0,0,0.2913198738148474,-6.736,-5.628,False,,,,675.0,6.62,70.1,MAPK14,-6.615,50.48891786179922,0.5048891786179922,0.0,0.4,0.778536615334207,0.39873616374732795,0.39873616374732795,0.0,0.299052122810496
CHEMBL363392,MARALIXIBAT,10,0,0,0.2913198738148474,-6.736,-5.628,False,,,,675.0,6.62,70.1,MAPK14,-6.615,50.48891786179922,0.5048891786179922,0.0,0.4,0.778536615334207,0.39873616374732795,0.39873616374732795,0.0,0.299052122810496
CHEMBL1200941,THIAMINE HYDROCHLORIDE,10,0,0,0.3606629330703575,-6.83,-5.6195,False,,,,265.4,0.61,75.9,SLC2A1,-6.83,25.08153946510111,0.2508153946510111,0.0,0.8,0.9141924959216966,0.39745503224865897,0.39745503224865897,0.0,0.2980912741864942
CHEMBL1547,THIAMINE ION,10,0,0,0.3606629330703575,-6.83,-5.6195,False,,,,265.4,0.61,75.9,SLC2A1,-6.83,25.08153946510111,0.2508153946510111,0.0,0.8,0.9141924959216966,0.39745503224865897,0.39745503224865897,0.0,0.2980912741864942
CHEMBL1588,THIAMINE,10,0,0,0.3606629330703575,-6.83,-5.6195,False,Launched,vitamin B,thiamine deficiency,265.4,0.61,75.9,SLC2A1,-6.83,25.08153946510111,0.2508153946510111,0.0,0.8,0.9141924959216966,0.39745503224865897,0.39745503224865897,0.0,0.2980912741864942
CHEMBL1233,CARISOPRODOL,10,0,0,0.3331311100358696,-6.259,-5.5885,False,,,,260.3,2.02,90.7,TNIK,-5.934,28.2239634345413,0.282239634345413,0.0,0.8,0.8242056993121519,0.396526708634988,0.396526708634988,0.0,0.297395031476241
CHEMBL1723241,SULFACETAMIDE SODIUM,10,0,0,0.31918681897669965,-6.298,-6.0845,False,,,,213.2,0.88,91.3,TNIK,-6.298,38.034606594841655,0.3803460659484166,0.0,0.6,0.8242056993121519,0.39576928127618943,0.39576928127618943,0.0,0.29682696095714206
CHEMBL1201784,HEXAMINOLEVULINATE,10,0,0,0.32606443856321393,-5.696,-5.2265,False,Launched,,diagnostic agent,215.3,1.42,69.4,TNIK,-5.696,23.032974208292522,0.23032974208292523,0.0,0.9,0.8242056993121519,0.3957627517299929,0.3957627517299929,0.0,0.2968220637974947
CHEMBL1201785,HEXAMINOLEVULINATE HYDROCHLORIDE,10,0,0,0.32606443856321393,-5.696,-5.2265,False,,,,215.3,1.42,69.4,TNIK,-5.696,23.032974208292522,0.23032974208292523,0.0,0.9,0.8242056993121519,0.3957627517299929,0.3957627517299929,0.0,0.2968220637974947
CHEMBL1515611,BROMISOVALUM,10,0,0,0.32093110585660567,-5.991,-5.2885,False,,,,223.1,0.6,72.2,MAPK14,-5.991,29.726205997392434,0.29726205997392435,0.0,0.8,0.778536615334207,0.39568531628970083,0.39568531628970083,0.0,0.2967639872172756
CHEMBL64,ISONIAZID,10,0,0,0.3396924427963996,-5.642,-5.3420000000000005,False,Launched,FABI inhibitor,tuberculosis,137.1,-0.31,68.0,SERPINE1,-5.459,35.15447154471545,0.3515447154471545,0.0,0.9,0.5,0.39561788617886184,0.39561788617886184,0.0,0.29671341463414636
CHEMBL1201220,DIATRIZOIC ACID,10,0,0,0.29427219823066825,-7.338,-5.093999999999999,False,,,,613.9,3.12,95.5,SLC2A1,-7.338,34.5075016307893,0.345075016307893,0.0,0.6,0.9141924959216966,0.3951588809114117,0.3951588809114117,0.0,0.2963691606835588
CHEMBL880,FAMCICLOVIR,10,0,0,0.3356449262764628,-6.879,-6.004,False,Launched,DNA polymerase inhibitor,cold sore|genitial herpes|shingles,321.3,0.54,122.2,MAPK14,-6.317,39.537157757496736,0.3953715775749674,0.0,0.6,0.778536615334207,0.39492912333011804,0.39492912333011804,0.0,0.29619684249758854
CHEMBL477,ADENOSINE,10,0,0,0.3223805838561534,-7.291,-5.979,False,Launched,adenosine receptor agonist,Wolff-Parkinson-White Syndrome (WPW),267.2,-1.98,139.5,ITPKC,-5.299,59.9021207177814,0.599021207177814,0.0,0.4,0.5,0.39460848287112565,0.39460848287112565,0.0,0.29595636215334425
CHEMBL444,BARBITAL,10,0,0,0.3148596453518326,-5.975,-5.1505,False,,,,184.2,0.16,75.3,MAPK14,-5.975,29.351368970013038,0.29351368970013036,0.0,0.8,0.778536615334207,0.3941859681801832,0.3941859681801832,0.0,0.2956394761351374
CHEMBL441,THIOPENTAL,10,0,0,0.3578442953998103,-6.408,-5.1055,False,Launched,GABA receptor antagonist,anesthetic,242.3,1.35,58.2,AXL,-5.136,15.532399869749266,0.15532399869749267,0.0,1.0,0.8797731045932484,0.3940955651679843,0.3940955651679843,0.0,0.2955716738759882
CHEMBL524,METHOXAMINE,10,0,0,0.3541283715002086,-6.056,-5.119999999999999,False,Launched,adrenergic receptor agonist,hypotension,211.3,1.08,64.7,MAPK14,-5.593,19.26336375488918,0.19263363754889182,0.0,1.0,0.778536615334207,0.3938339473196878,0.3938339473196878,0.0,0.2953754604897658
CHEMBL1201103,METHOXAMINE HYDROCHLORIDE,10,0,0,0.3541283715002086,-6.056,-5.119999999999999,False,,,,211.3,1.08,64.7,MAPK14,-5.593,19.26336375488918,0.19263363754889182,0.0,1.0,0.778536615334207,0.3938339473196878,0.3938339473196878,0.0,0.2953754604897658
CHEMBL842,CHLOROTHIAZIDE,10,0,0,0.35552869896771233,-7.264,-6.2044999999999995,False,Launched,diuretic,hypertension,295.7,-0.06,118.7,TNIK,-6.285,37.51224289911851,0.37512242899118514,0.0,0.6,0.8242056993121519,0.39367982649329686,0.39367982649329686,0.0,0.29525986986997266
CHEMBL720,BENZYL ALCOHOL,10,0,0,0.3373787763973533,-5.586,-4.922000000000001,False,,,,108.1,1.18,20.2,MAPK14,-5.586,19.100391134289442,0.1910039113428944,0.0,1.0,0.778536615334207,0.39318205683728885,0.39318205683728885,0.0,0.29488654262796665
CHEMBL514,LOMUSTINE,10,0,0,0.35520815304032116,-5.792,-5.289,False,Launched,DNA synthesis inhibitor,Hodgkin's lymphoma|brain tumors,233.7,2.25,61.8,TNIK,-5.377,17.368592882794644,0.17368592882794645,0.0,1.0,0.8242056993121519,0.3931052264280014,0.3931052264280014,0.0,0.294828919821001
CHEMBL1201266,LODOXAMIDE,10,0,0,0.3377732657986699,-7.342,-6.2945,False,Launched,histamine receptor antagonist,vernal keratoconjunctivitis (VKC),311.6,0.26,156.6,VASH2,-6.905,59.49511400651466,0.5949511400651466,0.0,0.4,0.5,0.3929804560260587,0.3929804560260587,0.0,0.294735342019544
CHEMBL3989725,LODOXAMIDE TROMETHAMINE,10,0,0,0.3377732657986699,-7.342,-6.2945,False,,,,311.6,0.26,156.6,VASH2,-6.905,59.49511400651466,0.5949511400651466,0.0,0.4,0.5,0.3929804560260587,0.3929804560260587,0.0,0.294735342019544
CHEMBL1542,AZATHIOPRINE,10,0,0,0.33198599482859686,-6.393,-5.333,False,Launched,dehydrogenase inhibitor,renal homotransplantation|rheumatoid arthritis,277.3,1.15,115.4,AXL,-5.557,25.252360794529473,0.2525236079452947,0.0,0.8,0.8797731045932484,0.39297540886710514,0.39297540886710514,0.0,0.29473155665032885
CHEMBL4297378,DURLOBACTAM SODIUM,10,0,0,0.30458484699613,-6.924,-5.1129999999999995,False,,,,276.3,-1.7,133.1,TNIK,-6.268,37.30003264773099,0.37300032647730985,0.0,0.6,0.8242056993121519,0.39283098548774675,0.39283098548774675,0.0,0.29462323911581006
CHEMBL1200922,MEBUTAMATE,10,0,0,0.32151235678374845,-5.959,-5.317,False,,,,232.3,1.23,104.6,MAPK14,-5.959,28.97653194263364,0.2897653194263364,0.0,0.8,0.778536615334207,0.3926866200706656,0.3926866200706656,0.0,0.29451496505299923
CHEMBL696,ETHOSUXIMIDE,10,0,0,0.34809543267061327,-5.841,-5.154,False,Launched,succinimide antiepileptic,epilepsy,141.2,0.45,46.2,MAPK14,-5.576,18.953715775749675,0.18953715775749674,0.0,1.0,0.778536615334207,0.3925953554031298,0.3925953554031298,0.0,0.2944465165523473
CHEMBL3989944,DIROXIMEL FUMARATE,10,0,0,0.32957382184585393,-6.217,-5.5634999999999994,False,,,,255.2,-0.59,90.0,TNIK,-5.888,27.211883774077698,0.272118837740777,0.0,0.8,0.8242056993121519,0.3924783899931336,0.3924783899931336,0.0,0.2943587924948502
CHEMBL296306,LACTULOSE,10,0,0,0.28981579248732514,-7.583,-5.6775,False,Launched,laxative,portal-systemic encephalopathy (PSE),342.3,-5.4,189.5,ITPKC,-5.285,59.28221859706362,0.5928221859706362,0.0,0.4,0.5,0.3921288743882545,0.3921288743882545,0.0,0.2940966557911909
CHEMBL141,LAMIVUDINE,10,0,0,0.3186942751891154,-6.432,-5.7295,False,Launched,nucleoside reverse transcriptase inhibitor,human immunodeficiency virus (HIV-1)|acquired immunodeficiency syndrome (AIDS)|hepatitis B,229.3,-0.59,90.4,TNIK,-6.255,37.05517466536076,0.37055174665360757,0.0,0.6,0.8242056993121519,0.39185155355826584,0.39185155355826584,0.0,0.2938886651686994
CHEMBL1905872,DOCUSATE SODIUM,10,0,0,0.2816927964621273,-6.668,-5.27,False,,,,421.6,3.81,109.8,TNIK,-6.249,36.957231472412666,0.36957231472412666,0.0,0.6,0.8242056993121519,0.3914597807864735,0.3914597807864735,0.0,0.2935948355898551
CHEMBL1134,DECAMETHONIUM BROMIDE,10,0,0,0.3118734298041018,-5.689,-4.7895,False,,,,258.5,3.52,0.0,TNIK,-5.64,21.922951354880833,0.21922951354880835,0.0,0.9,0.8242056993121519,0.39132266031634616,0.39132266031634616,0.0,0.2934919952372596
CHEMBL1201016,CEFPODOXIME PROXETIL,10,0,0,0.2931523389306854,-7.465,-6.2165,False,,,,557.6,0.83,181.0,AXL,-6.695,54.835558450016286,0.5483555845001629,0.0,0.2,0.8797731045932484,0.3913081994890524,0.3913081994890524,0.0,0.2934811496167893
CHEMBL544,MEQUINOL,10,0,0,0.33956946026894325,-5.411,-4.897,False,Launched,,skin depigmentation,124.1,1.4,29.5,SERPINE1,-5.302,28.97560975609756,0.2897560975609756,0.0,1.0,0.5,0.39090243902439026,0.39090243902439026,0.0,0.2931768292682927
CHEMBL2105613,DIVALPROEX SODIUM,10,0,0,0.3250215349521096,-5.334,-4.593,False,,,,144.2,2.29,37.3,TNIK,-5.334,16.797257590597454,0.16797257590597453,0.0,1.0,0.8242056993121519,0.39081988525921263,0.39081988525921263,0.0,0.29311491394440947
CHEMBL109,VALPROIC ACID,10,0,0,0.3250215349521096,-5.334,-4.593,True,,,,144.2,2.29,37.3,TNIK,-5.334,16.797257590597454,0.16797257590597453,0.0,1.0,0.8242056993121519,0.39081988525921263,0.39081988525921263,0.0,0.29311491394440947
CHEMBL1256,ISOFLURANE,10,0,0,0.3334599471630566,-5.33,-4.763,False,Launched,inhaled anaesthetic,general anaesthetic,184.5,2.35,9.2,TNIK,-5.33,16.617695070192624,0.16617695070192626,0.0,1.0,0.8242056993121519,0.39010163517759333,0.39010163517759333,0.0,0.292576226383195
CHEMBL1200569,CAFFEINE CITRATE,10,0,0,0.32016212540323574,-5.776,-4.8705,False,,,,194.2,-1.03,61.8,MAPK14,-5.776,23.288787483702738,0.2328878748370274,0.0,0.9,0.778536615334207,0.38993564223494204,0.38993564223494204,0.0,0.29245173167620653
CHEMBL817,TOLAZAMIDE,10,0,0,0.35326770086669157,-5.876,-5.3065,False,Launched,ATP channel blocker,diabetes mellitus,311.4,1.77,78.5,TNIK,-5.329,16.568723473718578,0.16568723473718577,0.0,1.0,0.8242056993121519,0.38990574879169715,0.38990574879169715,0.0,0.29242931159377283
CHEMBL2105904,BARBITAL SODIUM,10,0,0,0.30560710670751917,-5.98,-4.845,False,,,,183.2,0.94,77.3,MAPK14,-5.923,28.259452411994783,0.28259452411994784,0.0,0.8,0.778536615334207,0.38981830194811024,0.38981830194811024,0.0,0.29236372646108266
CHEMBL1201327,ACETRIZOIC ACID,10,0,0,0.3131846520956064,-6.7,-5.042,False,,,,556.9,3.16,66.4,SLC2A1,-6.7,22.99412915851272,0.22994129158512722,0.0,0.8,0.9141924959216966,0.3891053910223054,0.3891053910223054,0.0,0.29182904326672904
CHEMBL1286,LEVETIRACETAM,10,0,0,0.3465287800929643,-5.603,-4.9955,True,Launched,calcium channel blocker,seizures,170.2,-0.13,63.4,MAPK14,-5.5,17.584745762711865,0.17584745762711865,0.0,1.0,0.778536615334207,0.3871194753509785,0.3871194753509785,0.0,0.29033960651323387
CHEMBL1434513,NOREPINEPHRINE BITARTRATE,10,0,0,0.3056773853382047,-6.011,-5.717499999999999,False,,,,169.2,0.09,86.7,SERPINE1,-5.765,47.951219512195124,0.47951219512195126,0.0,0.6,0.5,0.38680487804878055,0.38680487804878055,0.0,0.29010365853658543
CHEMBL1257,ENFLURANE,10,0,0,0.33319603742067716,-5.261,-4.7735,False,Launched,membrane permeability inhibitor,anesthetic,184.5,2.35,9.2,TNIK,-5.261,15.768854064642507,0.15768854064642507,0.0,1.0,0.8242056993121519,0.38670627115539286,0.38670627115539286,0.0,0.29002970336654466
CHEMBL1200710,CLOMIPRAMINE HYDROCHLORIDE,10,0,0,0.3155467611828953,-6.397,-4.729,False,,,,314.9,4.53,6.5,ACVR1,-6.397,21.772357723577233,0.21772357723577232,0.0,0.9,0.7969667318982387,0.38663444067904473,0.38663444067904473,0.0,0.28997583050928355
CHEMBL4458276,ENMETAZOBACTAM,10,0,0,0.29809871391715437,-7.182,-5.0085,False,,,,314.3,-3.43,116.3,SLC2A1,-7.182,32.35485975212002,0.3235485975212002,0.0,0.6,0.9141924959216966,0.38654831339673457,0.38654831339673457,0.0,0.2899112350475509
CHEMBL1025,ISOFLUROPHATE,10,0,0,0.3244788935040271,-5.257,-4.6145,False,Launched,cholinesterase inhibitor,glaucoma,184.1,2.91,35.5,TNIK,-5.257,15.703558602677115,0.15703558602677115,0.0,1.0,0.8242056993121519,0.3864450893075313,0.3864450893075313,0.0,0.2898338169806485
CHEMBL1201057,CILASTATIN SODIUM,10,0,0,0.294103410017798,-6.749,-5.9635,False,,,,357.5,0.1,132.6,TNIK,-6.576,45.67417564479268,0.4567417564479268,0.0,0.4,0.8242056993121519,0.38632755747599357,0.38632755747599357,0.0,0.2897456681069952
CHEMBL46286,OMACETAXINE MEPESUCCINATE,10,0,0,0.2883712152148775,-7.083,-5.6935,False,,,,545.6,2.58,124.0,AXL,-6.262,43.58515141647672,0.4358515141647672,0.0,0.4,0.8797731045932484,0.3863065713548941,0.3863065713548941,0.0,0.2897299285161706
CHEMBL1201261,TYROPANOIC ACID,10,0,0,0.31562019452308177,-7.165,-5.532500000000001,False,,,,641.0,4.89,66.4,SLC2A1,-7.165,31.996086105675147,0.3199608610567515,0.0,0.6,0.9141924959216966,0.38511321881095506,0.38511321881095506,0.0,0.28883491410821627
CHEMBL971,PENTOBARBITAL SODIUM,10,0,0,0.32108163135816853,-6.285,-5.279,False,,,,225.3,0.19,81.6,TNIK,-5.821,25.367286973555338,0.25367286973555336,0.0,0.8,0.8242056993121519,0.38510000279104417,0.38510000279104417,0.0,0.2888250020932831
CHEMBL17,DICHLORPHENAMIDE,10,0,0,0.31432635951842836,-6.64,-5.702500000000001,False,,,,305.2,0.29,120.3,MAPK14,-6.225,37.0599739243807,0.370599739243807,0.0,0.6,0.778536615334207,0.38502038799765387,0.38502038799765387,0.0,0.2887652909982404
CHEMBL2068725,IPODATE CALCIUM,10,0,0,0.3161620694711734,-6.634,-5.04,False,,,,597.0,2.4,55.7,ACVR1,-6.634,26.260162601626014,0.26260162601626014,0.0,0.8,0.7969667318982387,0.3845856601912399,0.3845856601912399,0.0,0.28843924514342995
CHEMBL1201033,IPODATE SODIUM,10,0,0,0.3161620694711734,-6.634,-5.04,False,,,,597.0,2.4,55.7,ACVR1,-6.634,26.260162601626014,0.26260162601626014,0.0,0.8,0.7969667318982387,0.3845856601912399,0.3845856601912399,0.0,0.28843924514342995
CHEMBL727,THIOGUANINE,10,0,0,0.3222112378079188,-5.774,-5.236,False,Launched,purine antagonist,acute myeloid leukemia (AML),167.2,0.6,83.4,ITPKC,-4.756,37.32463295269168,0.3732463295269168,0.0,0.8,0.5,0.38429853181076673,0.38429853181076673,0.0,0.28822389885807503
CHEMBL144673,HEXETIDINE,10,0,0,0.345000932983774,-6.877,-5.7315000000000005,False,Launched,local anesthetic,pharyngitis|meningitis|laryngitis|gingivitis|ulcerative colitis,339.6,4.71,32.5,MAPK14,-6.056,31.632985658409385,0.31632985658409385,0.0,0.7,0.778536615334207,0.3833124349337686,0.3833124349337686,0.0,0.28748432620032643
CHEMBL24441,BETAHISTINE,10,0,0,0.3321960514119271,-5.195,-4.858,False,Launched,histamine receptor agonist|histamine receptor antagonist,Meniere's disease,136.2,0.84,24.9,TNIK,-5.195,14.75677440417891,0.1475677440417891,0.0,1.0,0.8242056993121519,0.38265795251353846,0.38265795251353846,0.0,0.28699346438515383
CHEMBL1100,PARAMETHADIONE,10,0,0,0.3345525798705817,-5.316,-4.9485,False,Launched,anticonvulsant,seizures,157.2,0.76,46.6,TNIK,-5.195,14.75677440417891,0.1475677440417891,0.0,1.0,0.8242056993121519,0.38265795251353846,0.38265795251353846,0.0,0.28699346438515383
CHEMBL1201131,PIPERONYL BUTOXIDE,10,0,0,0.3358687912491759,-6.312,-5.291,False,,,,338.4,3.72,46.2,TNIK,-5.533,19.751877244531503,0.19751877244531502,0.0,0.9,0.8242056993121519,0.3826383638749488,0.3826383638749488,0.0,0.2869787729062116
CHEMBL89598,VIGABATRIN,10,0,0,0.3290642382656904,-5.414,-4.5085,False,Launched,GABA aminotransferase inhibitor,seizures|spasms,129.2,0.36,63.3,MAPK14,-5.414,16.44393741851369,0.1644393741851369,0.0,1.0,0.778536615334207,0.3825562419741858,0.3825562419741858,0.0,0.2869171814806394
CHEMBL4297065,SPINOSAD,10,0,0,0.225637958044008,-8.061,-5.4879999999999995,False,,,,746.0,5.88,111.2,SLC2A1,-8.061,51.223091976516635,0.5122309197651663,0.0,0.2,0.9141924959216966,0.38202124229432105,0.38202124229432105,0.0,0.2865159317207408
CHEMBL1003,CLAVULANATE POTASSIUM,10,0,0,0.3188540580622795,-5.871,-5.2295,False,,,,198.2,-2.43,89.9,MAPK14,-5.871,26.25488917861799,0.2625488917861799,0.0,0.8,0.778536615334207,0.381800049014603,0.381800049014603,0.0,0.2863500367609523
CHEMBL588,FENOLDOPAM,10,0,0,0.32066447761599226,-6.11,-5.2605,False,Launched,dopamine receptor agonist,hypertension,305.8,2.73,72.7,AXL,-5.464,22.386844676001303,0.22386844676001302,0.0,0.8,0.8797731045932484,0.38151334439299245,0.38151334439299245,0.0,0.28613500829474436
CHEMBL1026,FENOLDOPAM MESYLATE,10,0,0,0.32066447761599226,-6.11,-5.2605,False,,,,305.8,2.73,72.7,AXL,-5.464,22.386844676001303,0.22386844676001302,0.0,0.8,0.8797731045932484,0.38151334439299245,0.38151334439299245,0.0,0.28613500829474436
CHEMBL1095930,CEFUROXIME AXETIL,10,0,0,0.2925541427545458,-8.054,-6.224,False,,,,510.5,-0.17,189.1,SLC2A1,-8.054,51.07632093933464,0.5107632093933464,0.0,0.2,0.9141924959216966,0.3814341581455931,0.3814341581455931,0.0,0.28607561860919484
CHEMBL530,AMDINOCILLIN,10,0,0,0.3241835486249748,-5.61,-4.577,False,Launched,bacterial cell wall synthesis inhibitor,urinary tract infections|gram-negative bacterial infections,325.4,1.41,73.2,AXL,-4.914,12.341256919570172,0.12341256919570172,0.0,1.0,0.8797731045932484,0.38133099336726795,0.38133099336726795,0.0,0.28599824502545096
CHEMBL1514715,ETHAMSYLATE,10,0,0,0.29689102729491207,-6.03,-5.4995,False,,,,190.2,0.34,94.8,SERPINE1,-5.733,46.29268292682927,0.4629268292682927,0.0,0.6,0.5,0.38017073170731713,0.38017073170731713,0.0,0.28512804878048786
CHEMBL1232131,DOBESILIC ACID,10,0,0,0.29689102729491207,-6.03,-5.4995,False,,,,190.2,0.34,94.8,SERPINE1,-5.733,46.29268292682927,0.4629268292682927,0.0,0.6,0.5,0.38017073170731713,0.38017073170731713,0.0,0.28512804878048786
CHEMBL1200733,DESFLURANE,10,0,0,0.33799959943903723,-5.349,-4.767,False,,,,168.0,2.08,9.2,SERPINE1,-5.221,26.276422764227643,0.2627642276422764,0.0,1.0,0.5,0.3801056910569106,0.3801056910569106,0.0,0.28507926829268293
CHEMBL1752,DYPHYLLINE,10,0,0,0.3042145297110615,-6.705,-5.397,False,Launched,adenosine receptor antagonist|phosphodiesterase inhibitor,asthma|bronchitis|emphysema,254.2,-2.21,102.3,MAPK14,-6.184,35.479139504563236,0.35479139504563234,0.0,0.6,0.778536615334207,0.378697050318384,0.378697050318384,0.0,0.28402278773878803
CHEMBL21,SULFANILAMIDE,10,0,0,0.3270442895679809,-5.938,-5.43,False,Launched,carbonic anhydrase inhibitor,vulvovaginal candidiasis,172.2,-0.08,86.2,TNIK,-5.729,23.718576558929154,0.23718576558929155,0.0,0.8,0.8242056993121519,0.37850516113253946,0.37850516113253946,0.0,0.2838788708494046
CHEMBL1500276,OXELADIN,10,0,0,0.3284386900968728,-6.347,-4.9755,False,,,,335.5,3.65,38.8,SLC2A1,-6.27,15.23157208088715,0.15231572080887149,0.0,0.9,0.9141924959216966,0.3780551627118031,0.3780551627118031,0.0,0.2835413720338523
CHEMBL923,RISEDRONIC ACID,10,0,0,0.29854163863170896,-7.13,-5.8355,False,,,,283.1,-0.37,148.2,SERPINE1,-5.948,55.73983739837398,0.5573983739837398,0.0,0.4,0.5,0.377959349593496,0.377959349593496,0.0,0.28346951219512195
CHEMBL1200821,PROPYLIODONE,10,0,0,0.3319548774535278,-5.763,-4.801,False,,,,447.0,2.01,48.3,AXL,-4.845,11.478345815695214,0.11478345815695214,0.0,1.0,0.8797731045932484,0.3778793489517681,0.3778793489517681,0.0,0.2834095117138261
CHEMBL1237132,CLEVIDIPINE,10,0,0,0.30521652097815155,-7.132,-6.1545000000000005,False,,,,456.3,4.25,90.9,AXL,-6.164,41.1592315206773,0.41159231520677303,0.0,0.4,0.8797731045932484,0.3766028917716965,0.3766028917716965,0.0,0.28245216882877233
CHEMBL404,TAZOBACTAM,10,0,0,0.28811422205418624,-6.199,-5.2745,False,Launched,beta lactamase inhibitor,pneumonia,300.3,-1.52,122.5,ITPKC,-4.953,45.25285481239804,0.4525285481239804,0.0,0.6,0.5,0.3760114192495922,0.3760114192495922,0.0,0.28200856443719413
CHEMBL867,IOPANOIC ACID,10,0,0,0.32384780409333536,-6.572,-5.1765,False,,,,570.9,3.74,63.3,SLC2A1,-6.572,19.69993476842792,0.19699934768427918,0.0,0.8,0.9141924959216966,0.3759286134619662,0.3759286134619662,0.0,0.28194646009647467
CHEMBL1201314,VALGANCICLOVIR,10,0,0,0.32090118482375557,-7.522,-6.211,False,Launched,DNA synthesis inhibitor,cytomegalovirus (CMV),354.4,-1.44,171.4,SLC2A1,-7.522,39.660795825179385,0.39660795825179385,0.0,0.4,0.9141924959216966,0.37577205768897204,0.37577205768897204,0.0,0.28182904326672903
CHEMBL19,METHAZOLAMIDE,10,0,0,0.27958057551314064,-5.825,-5.1625,False,Launched,carbonic anhydrase inhibitor,glaucoma|intraocular pressure,236.3,-1.42,107.4,SERPINE1,-5.695,45.105691056910565,0.45105691056910563,0.0,0.6,0.5,0.37542276422764226,0.37542276422764226,0.0,0.2815670731707317
CHEMBL70246,ACEFYLLINE,10,0,0,0.2924239977197795,-6.498,-5.316,False,Launched,adenosine receptor agonist,asthma,238.2,-1.48,99.1,MAPK14,-6.152,34.59908735332464,0.3459908735332464,0.0,0.6,0.778536615334207,0.37517684171342963,0.37517684171342963,0.0,0.28138263128507224
CHEMBL2106660,ACEFYLLINE PIPERAZINE,10,0,0,0.2924239977197795,-6.498,-5.316,False,,,,238.2,-1.48,99.1,MAPK14,-6.152,34.59908735332464,0.3459908735332464,0.0,0.6,0.778536615334207,0.37517684171342963,0.37517684171342963,0.0,0.28138263128507224
CHEMBL5315120,ODEVIXIBAT SESQUIHYDRATE,9,0,0,0.21159476493728557,-8.392,-5.131,False,,,,740.9,5.88,174.4,SLC2A1,-8.392,59.49119373776908,0.5949119373776908,0.0,0.0,0.9141924959216966,0.3750936493393308,0.3750936493393308,0.0,0.2813202370044981
CHEMBL4297588,ODEVIXIBAT,9,0,0,0.21159476493728557,-8.392,-5.131,False,,,,740.9,5.88,174.4,SLC2A1,-8.392,59.49119373776908,0.5949119373776908,0.0,0.0,0.9141924959216966,0.3750936493393308,0.3750936493393308,0.0,0.2813202370044981
CHEMBL433,VALPROATE SODIUM,10,0,0,0.30318698740200745,-5.413,-4.441,False,,,,143.2,0.95,40.1,TNIK,-5.413,17.858308847535096,0.17858308847535095,0.0,0.9,0.8242056993121519,0.3750640902869632,0.3750640902869632,0.0,0.28129806771522237
CHEMBL30,CIMETIDINE,10,0,0,0.3278552298476331,-6.325,-5.1645,False,Launched,histamine receptor antagonist,duodenal ulcer disease|peptic ulcer disease (PUD)|gastroesophageal reflux disease (GERD)|aggressive systemic mastocytosis (ASM)|Zollinger-Ellison syndrome|endocrine adenoma,252.3,0.6,88.9,AXL,-5.371,20.628459785086292,0.20628459785086292,0.0,0.8,0.8797731045932484,0.3744798048293324,0.3744798048293324,0.0,0.2808598536219993
CHEMBL1201051,CIMETIDINE HYDROCHLORIDE,10,0,0,0.3278552298476331,-6.325,-5.1645,False,,,,252.3,0.6,88.9,AXL,-5.371,20.628459785086292,0.20628459785086292,0.0,0.8,0.8797731045932484,0.3744798048293324,0.3744798048293324,0.0,0.2808598536219993
CHEMBL591,ETHCHLORVYNOL,10,0,0,0.32123832877546454,-5.054,-4.491,False,,,,144.6,1.51,20.2,TNIK,-5.054,12.650995755794971,0.12650995755794972,0.0,1.0,0.8242056993121519,0.37423483792000267,0.37423483792000267,0.0,0.280676128440002
CHEMBL684,DIETHYLCARBAMAZINE,10,0,0,0.31711918245634757,-5.595,-4.766500000000001,False,Launched,lipoxygenase inhibitor,filariasis,199.3,0.7,26.8,MAPK14,-5.595,19.36114732724902,0.1936114732724902,0.0,0.9,0.778536615334207,0.37422508160912715,0.37422508160912715,0.0,0.2806688112068454
CHEMBL937,DIETHYLCARBAMAZINE CITRATE,10,0,0,0.31711918245634757,-5.595,-4.766500000000001,False,,,,199.3,0.7,26.8,MAPK14,-5.595,19.36114732724902,0.1936114732724902,0.0,0.9,0.778536615334207,0.37422508160912715,0.37422508160912715,0.0,0.2806688112068454
CHEMBL3989887,TACROLIMUS,3,0,0,0.31001549306230586,-7.649,-6.63,False,Launched,calcineurin inhibitor,organ rejection,804.0,4.64,178.4,ADRA2A,-7.649,53.371335504886,0.53371335504886,0.0,0.4,0.5324652394614875,0.37335512793876713,0.37335512793876713,0.0,0.2800163459540753
CHEMBL269732,TACROLIMUS ANHYDROUS,4,0,0,0.30863889760777463,-7.649,-6.0645,False,,,,804.0,4.64,178.4,ADRA2A,-7.649,53.371335504886,0.53371335504886,0.0,0.4,0.5324652394614875,0.37335512793876713,0.37335512793876713,0.0,0.2800163459540753
CHEMBL980,GUAIFENESIN,10,0,0,0.32991742916769706,-5.921,-5.237500000000001,False,Launched,expectorant,cough suppressant,198.2,0.43,58.9,TNIK,-5.365,17.172706496898467,0.17172706496898468,0.0,0.9,0.8242056993121519,0.3723216808844167,0.3723216808844167,0.0,0.2792412606633125
CHEMBL594,EMEDASTINE,10,0,0,0.32426335863927674,-5.664,-4.6105,False,Launched,histamine receptor antagonist,conjunctivitis,302.4,2.21,33.5,AXL,-4.736,10.013025073266038,0.10013025073266038,0.0,1.0,0.8797731045932484,0.37201806598205145,0.37201806598205145,0.0,0.27901354948653856
CHEMBL2103739,EMEDASTINE DIFUMARATE,10,0,0,0.32426335863927674,-5.664,-4.6105,False,,,,302.4,2.21,33.5,AXL,-4.736,10.013025073266038,0.10013025073266038,0.0,1.0,0.8797731045932484,0.37201806598205145,0.37201806598205145,0.0,0.27901354948653856
CHEMBL1329455,MOLSIDOMINE,10,0,0,0.3296212097991279,-6.038,-5.4879999999999995,False,Launched,guanylate cyclase stimulant,coronary artery disease (CAD),242.2,0.09,82.8,AXL,-5.352,19.94464343861934,0.19944643438619342,0.0,0.8,0.8797731045932484,0.37174453944346464,0.37174453944346464,0.0,0.2788084045825985
CHEMBL1208646,THEOPHYLLINE GLYCINATE,10,0,0,0.3066582722165039,-5.804,-5.0725,False,,,,180.2,-1.04,72.7,MAPK14,-5.778,23.41916558018253,0.2341916558018253,0.0,0.8,0.778536615334207,0.3704571546208612,0.3704571546208612,0.0,0.2778428659656459
CHEMBL1200578,THEOPHYLLINE SODIUM GLYCINATE,10,0,0,0.3066582722165039,-5.804,-5.0725,False,,,,180.2,-1.04,72.7,MAPK14,-5.778,23.41916558018253,0.2341916558018253,0.0,0.8,0.778536615334207,0.3704571546208612,0.3704571546208612,0.0,0.2778428659656459
CHEMBL706,CETYL ALCOHOL,10,0,0,0.28221684387963786,-5.928,-5.0215,False,,,,242.4,5.46,20.2,MAPK14,-5.928,28.308344198174705,0.28308344198174706,0.0,0.7,0.778536615334207,0.37001386909282985,0.37001386909282985,0.0,0.2775104018196224
CHEMBL43708,IMIPENEM,10,0,0,0.3039634123540839,-6.91,-5.9985,False,Launched,bacterial cell wall synthesis inhibitor,pneumonia|urinary tract infections|intra-abdominal infections|gynecologic infections|bacterial septicemia|bone and joint infections|skin infections|endocarditis,299.4,-0.18,113.7,MAPK14,-6.412,43.30182529335072,0.43301825293350715,0.0,0.4,0.778536615334207,0.36998779347353394,0.36998779347353394,0.0,0.27749084510515043
CHEMBL148,IMIPENEM ANHYDROUS,10,0,0,0.3039634123540839,-6.91,-5.9985,False,,,,299.4,-0.18,113.7,MAPK14,-6.412,43.30182529335072,0.43301825293350715,0.0,0.4,0.778536615334207,0.36998779347353394,0.36998779347353394,0.0,0.27749084510515043
CHEMBL1097620,IOTHALAMATE SODIUM,10,0,0,0.282617230865415,-6.991,-5.188000000000001,False,,,,612.9,1.18,98.3,ACVR1,-6.991,32.47154471544715,0.32471544715447154,0.0,0.6,0.7969667318982387,0.36943118864652447,0.36943118864652447,0.0,0.27707339148489335
CHEMBL2106318,IOTHALAMATE SODIUM I 125,10,0,0,0.282617230865415,-6.991,-5.188000000000001,False,,,,608.9,1.18,98.3,ACVR1,-6.991,32.47154471544715,0.32471544715447154,0.0,0.6,0.7969667318982387,0.36943118864652447,0.36943118864652447,0.0,0.27707339148489335
CHEMBL403,SULBACTAM,10,0,0,0.27345066296969867,-6.373,-5.095000000000001,False,Launched,beta lactamase inhibitor,skin infections|intra-abdominal infections|gynecologic infections,233.2,-0.79,91.8,MAPK14,-6.1,33.06714471968709,0.3306714471968709,0.0,0.6,0.778536615334207,0.3690490711788794,0.3690490711788794,0.0,0.27678680338415956
CHEMBL284906,NICORANDIL,10,0,0,0.28365477726311134,-5.869,-5.509499999999999,False,Launched,nitric oxide donor|potassium channel activator,angina pectoris,211.2,0.02,94.4,SERPINE1,-5.664,43.51219512195122,0.43512195121951225,0.0,0.6,0.5,0.36904878048780493,0.36904878048780493,0.0,0.2767865853658537
CHEMBL36715,PIRACETAM,10,0,0,0.3270608104248327,-5.088,-4.718500000000001,False,Launched,acetylcholine receptor agonist,senile dementia,142.2,-0.91,63.4,TNIK,-4.929,11.230819458047666,0.11230819458047665,0.0,1.0,0.8242056993121519,0.36855413272901344,0.36855413272901344,0.0,0.2764155995467601
CHEMBL1201300,IOTHALAMIC ACID,10,0,0,0.280224491137649,-6.967,-4.9485,False,,,,613.9,2.52,95.5,SLC2A1,-6.967,27.73972602739726,0.2773972602739726,0.0,0.6,0.9141924959216966,0.3680877784978435,0.3680877784978435,0.0,0.2760658338733826
CHEMBL748,PRALIDOXIME CHLORIDE,10,0,0,0.32457717069537795,-5.43,-5.1495,False,,,,137.2,0.32,36.5,TNIK,-5.288,15.997388181521385,0.15997388181521385,0.0,0.9,0.8242056993121519,0.3676204076229084,0.3676204076229084,0.0,0.2757153057171813
CHEMBL1200796,CYCLOPHOSPHAMIDE,10,0,0,0.32692809842131487,-5.489,-4.7305,False,Launched,DNA alkylating agent,Hodgkin's lymphoma|small lymphocytic lymphoma (SLL)|breast cancer|neuroblastoma|Burkitt's lymphoma|multiple myeloma|chronic lymphocytic leukemia (CLL)|acute myeloid leukemia (AML)|acute lymphoblastic leukemia (ALL)|chronic myeloid leukemia (CML)|true histiocytic lymphoma (THL)|retinoblastoma|ovarian cancer,261.1,1.88,41.6,MAPK14,-5.22,12.597783572359845,0.12597783572359844,0.0,1.0,0.778536615334207,0.3671716265895704,0.3671716265895704,0.0,0.27537871994217783
CHEMBL88,CYCLOPHOSPHAMIDE ANHYDROUS,10,0,0,0.32692809842131487,-5.489,-4.7305,False,,,,261.1,1.88,41.6,MAPK14,-5.22,12.597783572359845,0.12597783572359844,0.0,1.0,0.778536615334207,0.3671716265895704,0.3671716265895704,0.0,0.27537871994217783
CHEMBL1420,PRALIDOXIME,10,0,0,0.3197808992591963,-5.428,-5.151,False,Launched,acetylcholinesterase inhibitor,organophosphate poisoning,137.2,0.32,36.5,TNIK,-5.265,15.801501795625203,0.15801501795625203,0.0,0.9,0.8242056993121519,0.36683686207932364,0.36683686207932364,0.0,0.27512764655949273
CHEMBL2095211,LORCASERIN HYDROCHLORIDE,10,0,0,0.3156057844212169,-5.216,-3.9210000000000003,False,,,,195.7,2.59,12.0,MAPK14,-5.216,12.467405475880051,0.12467405475880051,0.0,1.0,0.778536615334207,0.36665011420365123,0.36665011420365123,0.0,0.2749875856527384
CHEMBL360328,LORCASERIN,10,0,0,0.3156057844212169,-5.216,-3.9210000000000003,False,,,,195.7,2.59,12.0,MAPK14,-5.216,12.467405475880051,0.12467405475880051,0.0,1.0,0.778536615334207,0.36665011420365123,0.36665011420365123,0.0,0.2749875856527384
CHEMBL1560,CAPTOPRIL,10,0,0,0.32965533704106353,-5.666,-5.1925,False,Launched,angiotensin converting enzyme inhibitor,hypertension|congestive heart failure|myocardial infarction|diabetes mellitus|diabetic nephropathy,217.3,0.63,57.6,TNIK,-5.258,15.73620633365981,0.1573620633365981,0.0,0.9,0.8242056993121519,0.36657568023146203,0.36657568023146203,0.0,0.27493176017359655
CHEMBL719,MUPIROCIN,10,0,0,0.3030875717457604,-7.895,-6.3375,False,Launched,isoleucyl-tRNA synthetase inhibitor,impetigo,500.6,2.59,146.1,SLC2A1,-7.895,47.35812133072407,0.4735812133072407,0.0,0.2,0.9141924959216966,0.3665613597111508,0.3665613597111508,0.0,0.2749210197833631
CHEMBL1200581,DIATRIZOATE SODIUM,10,0,0,0.2769313783687463,-6.949,-4.9945,False,,,,612.9,1.78,98.3,SLC2A1,-6.949,27.266797129810826,0.27266797129810827,0.0,0.6,0.9141924959216966,0.3661960629074978,0.3661960629074978,0.0,0.2746470471806233
CHEMBL378544,VINBLASTINE SULFATE,9,0,0,0.2934551641423598,-7.037,-5.208,False,,,,811.0,3.99,154.1,AXL,-5.684,28.459785086291113,0.2845978508629111,0.0,0.6,0.8797731045932484,0.36580510603415173,0.36580510603415173,0.0,0.2743538295256138
CHEMBL159,VINBLASTINE,9,0,0,0.2934551641423598,-7.037,-5.208,False,Launched,microtubule inhibitor|tubulin polymerization inhibitor,Hodgkin's lymphoma|true histiocytic lymphoma (THL)|mycosis|small lymphocytic lymphoma (SLL)|testicular carcinoma|Kaposi sarcoma,811.0,3.99,154.1,AXL,-5.684,28.459785086291113,0.2845978508629111,0.0,0.6,0.8797731045932484,0.36580510603415173,0.36580510603415173,0.0,0.2743538295256138
CHEMBL964,DISULFIRAM,10,0,0,0.31774012984893396,-5.518,-4.2825,False,Launched,aldehyde dehydrogenase inhibitor|DNA methyltransferase inhibitor|TRPV agonist,abstinence from alcohol,296.6,3.62,6.5,SLC2A1,-5.518,7.142857142857142,0.07142857142857142,0.0,1.0,0.9141924959216966,0.3657003029596831,0.3657003029596831,0.0,0.27427522721976233
CHEMBL1477274,MEPTAZINOL HYDROCHLORIDE,10,0,0,0.3211902648461896,-5.311,-4.5755,False,,,,233.4,3.16,23.5,AXL,-4.609,8.287202865516118,0.08287202865516118,0.0,1.0,0.8797731045932484,0.36511477715105173,0.36511477715105173,0.0,0.2738360828632888
CHEMBL238071,VINDESINE,10,0,0,0.2903630050295757,-7.215,-5.771,False,Launched,tubulin polymerization inhibitor,breast cancer|non-small cell lung cancer (NSCLC)|melanoma,753.9,2.73,164.8,ITPKC,-5.1,52.31647634584014,0.5231647634584013,0.0,0.4,0.5,0.36426590538336057,0.36426590538336057,0.0,0.2731994290375204
CHEMBL3989543,VINDESINE SULFATE,10,0,0,0.2903630050295757,-7.215,-5.771,False,,,,753.9,2.73,164.8,ITPKC,-5.1,52.31647634584014,0.5231647634584013,0.0,0.4,0.5,0.36426590538336057,0.36426590538336057,0.0,0.2731994290375204
CHEMBL1200770,IOCETAMIC ACID,10,0,0,0.31986314504283503,-6.239,-5.2445,False,,,,614.0,3.16,83.6,AXL,-5.276,18.03972647346141,0.1803972647346141,0.0,0.8,0.8797731045932484,0.3641248715828329,0.3641248715828329,0.0,0.2730936536871247
CHEMBL468837,HEPTABARBITAL,10,0,0,0.3253324733304517,-5.586,-4.425,False,,,,250.3,1.64,75.3,ACVR1,-5.586,10.991869918699187,0.10991869918699188,0.0,1.0,0.7969667318982387,0.3635124894595326,0.3635124894595326,0.0,0.27263436709464944
CHEMBL1446813,BETAHISTINE HYDROCHLORIDE,10,0,0,0.3121960514119271,-5.195,-4.858,False,,,,136.2,0.84,24.9,TNIK,-5.195,14.75677440417891,0.1475677440417891,0.0,0.9,0.8242056993121519,0.36265795251353844,0.36265795251353844,0.0,0.2719934643851538
CHEMBL1439,TAZOBACTAM SODIUM,10,0,0,0.28405477942816065,-6.884,-4.946,False,,,,299.3,-2.86,125.3,SLC2A1,-6.884,26.320939334637966,0.26320939334637966,0.0,0.6,0.9141924959216966,0.3624126317268064,0.3624126317268064,0.0,0.2718094737951048
CHEMBL1740513,ISAXONINE,10,0,0,0.3277160628702835,-5.09,-4.6455,False,Withdrawn,nerve growth factor agonist,,137.2,1.3,37.8,SERPINE1,-5.09,21.837398373983742,0.2183739837398374,0.0,1.0,0.5,0.362349593495935,0.362349593495935,0.0,0.2717621951219512
CHEMBL1697751,ISAXONINE PHOSPHATE,10,0,0,0.3277160628702835,-5.09,-4.6455,False,,,,137.2,1.3,37.8,SERPINE1,-5.09,21.837398373983742,0.2183739837398374,0.0,1.0,0.5,0.362349593495935,0.362349593495935,0.0,0.2717621951219512
CHEMBL1140,NIACINAMIDE,10,0,0,0.3191003101236775,-5.231,-4.895,False,,,,122.1,0.18,56.0,SERPINE1,-5.231,26.60162601626016,0.2660162601626016,0.0,0.9,0.5,0.36140650406504066,0.36140650406504066,0.0,0.2710548780487805
CHEMBL810,TEMOZOLOMIDE,10,0,0,0.30105161668080166,-6.152,-5.564,False,Launched,DNA alkylating agent,glioblastoma|astrocytoma,194.2,-2.08,108.2,TNIK,-5.959,29.33398628795299,0.2933398628795299,0.0,0.6,0.8242056993121519,0.36096680004863474,0.36096680004863474,0.0,0.27072510003647604
CHEMBL126224,IPRINDOLE,10,0,0,0.3085785463869824,-5.88,-4.869999999999999,False,,,,284.4,4.25,8.2,AXL,-4.895,12.227287528492347,0.12227287528492348,0.0,0.9,0.8797731045932484,0.36087511580295667,0.36087511580295667,0.0,0.2706563368522175
CHEMBL1200453,DOCOSANOL,10,0,0,0.28287922263338716,-5.85,-5.2315000000000005,False,Launched,lipase clearing factor inhibitor,cold sore,326.6,7.8,20.2,MAPK14,-5.85,25.684485006518905,0.25684485006518903,0.0,0.7,0.778536615334207,0.3595184323262066,0.3595184323262066,0.0,0.26963882424465496
CHEMBL2145077,IVABRADINE HYDROCHLORIDE,10,0,0,0.2846929075473724,-6.835,-5.409,False,,,,468.6,3.31,60.5,ACVR1,-6.835,29.983739837398378,0.29983739837398377,0.0,0.6,0.7969667318982387,0.35947996913432934,0.35947996913432934,0.0,0.269609976850747
CHEMBL471737,IVABRADINE,10,0,0,0.2846929075473724,-6.835,-5.409,False,Launched,HCN channel blocker|potassium channel blocker|sodium channel blocker,angina pectoris,468.6,3.31,60.5,ACVR1,-6.835,29.983739837398378,0.29983739837398377,0.0,0.6,0.7969667318982387,0.35947996913432934,0.35947996913432934,0.0,0.269609976850747
CHEMBL3184512,CLINDAMYCIN PHOSPHATE,10,0,0,0.27822469518427234,-8.073,-6.5975,False,,,,505.0,0.51,148.8,AXL,-6.742,56.67535004884402,0.5667535004884402,0.0,0.0,0.8797731045932484,0.3586673658843633,0.3586673658843633,0.0,0.2690005244132725
CHEMBL1024,IFOSFAMIDE,10,0,0,0.31842852445103925,-5.242,-4.385,False,Launched,DNA alkylating agent,testicular carcinoma|hemorrhagic cystitis,261.1,1.88,41.6,SLC2A1,-5.242,5.38160469667319,0.053816046966731895,0.0,1.0,0.9141924959216966,0.35865529317494727,0.35865529317494727,0.0,0.2689914698812105
CHEMBL3291398,LEFAMULIN,10,0,0,0.30197609202815207,-6.753,-5.258,False,,,,507.7,3.87,109.9,AXL,-5.597,26.408336046890263,0.26408336046890263,0.0,0.6,0.8797731045932484,0.3575993098765483,0.3575993098765483,0.0,0.2681994824074112
CHEMBL3545309,LEFAMULIN ACETATE,10,0,0,0.30197609202815207,-6.753,-5.258,False,,,,507.7,3.87,109.9,AXL,-5.597,26.408336046890263,0.26408336046890263,0.0,0.6,0.8797731045932484,0.3575993098765483,0.3575993098765483,0.0,0.2681994824074112
CHEMBL90555,VINCRISTINE,10,0,0,0.26597935136231154,-6.823,-4.4505,False,Launched,tubulin polymerization inhibitor,acute lymphoblastic leukemia (ALL),825.0,3.52,171.2,SLC2A1,-6.823,24.885844748858446,0.24885844748858446,0.0,0.6,0.9141924959216966,0.3566722533836883,0.3566722533836883,0.0,0.2675041900377662
CHEMBL6068332,TENOFOVIR DISOPROXIL MALEATE,10,0,0,0.294689014415599,-7.345,-5.969,False,,,,519.4,3.04,185.4,SLC2A1,-7.345,34.88258317025441,0.34882583170254405,0.0,0.4,0.9141924959216966,0.3566592070692721,0.3566592070692721,0.0,0.2674944053019541
CHEMBL1538,TENOFOVIR DISOPROXIL,10,0,0,0.294689014415599,-7.345,-5.969,False,,,,519.4,3.04,185.4,SLC2A1,-7.345,34.88258317025441,0.34882583170254405,0.0,0.4,0.9141924959216966,0.3566592070692721,0.3566592070692721,0.0,0.2674944053019541
CHEMBL6068341,TENOFOVIR DISOPROXIL PHOSPHATE,10,0,0,0.294689014415599,-7.345,-5.969,False,,,,519.4,3.04,185.4,SLC2A1,-7.345,34.88258317025441,0.34882583170254405,0.0,0.4,0.9141924959216966,0.3566592070692721,0.3566592070692721,0.0,0.2674944053019541
CHEMBL1486,TENOFOVIR DISOPROXIL FUMARATE,10,0,0,0.294689014415599,-7.345,-5.969,False,,,,519.4,3.04,185.4,SLC2A1,-7.345,34.88258317025441,0.34882583170254405,0.0,0.4,0.9141924959216966,0.3566592070692721,0.3566592070692721,0.0,0.2674944053019541
CHEMBL4594246,SULOPENEM ETZADROXIL,10,0,0,0.2998282211815929,-7.177,-5.843999999999999,False,,,,477.6,1.8,116.2,AXL,-5.981,36.144578313253014,0.3614457831325301,0.0,0.4,0.8797731045932484,0.3565442789419993,0.3565442789419993,0.0,0.2674082092064995
CHEMBL1200380,ACYCLOVIR SODIUM,10,0,0,0.29626394629292596,-6.146,-5.588,False,,,,224.2,-1.55,122.1,SERPINE1,-5.59,40.34146341463415,0.4034146341463415,0.0,0.6,0.5,0.3563658536585366,0.3563658536585366,0.0,0.2672743902439025
CHEMBL1796998,SULFUR HEXAFLUORIDE,10,0,0,0.31530549841968547,-4.763,-4.267,False,,,,146.1,3.17,0.0,TNIK,-4.658,8.161932745674177,0.08161932745674177,0.0,1.0,0.8242056993121519,0.3562785858795195,0.3562785858795195,0.0,0.26720893940963963
CHEMBL1200751,MERCAPTOPURINE,10,0,0,0.3279070629186062,-5.103,-4.6884999999999994,False,Launched,immunosuppressant|protein synthesis inhibitor|purine antagonist,acute lymphoblastic leukemia (ALL),152.2,1.02,57.4,SLC2A1,-5.103,4.761904761904762,0.047619047619047616,0.0,1.0,0.9141924959216966,0.35617649343587354,0.35617649343587354,0.0,0.26713237007690516
CHEMBL1410743,PARALDEHYDE,10,0,0,0.31754039401380874,-4.916,-4.445,False,,,,132.2,1.09,27.7,TNIK,-4.653,8.12928501469148,0.0812928501469148,0.0,1.0,0.8242056993121519,0.35614799495558874,0.35614799495558874,0.0,0.26711099621669154
CHEMBL1594,PANTOTHENIC ACID,10,0,0,0.25337954932870355,-5.824,-5.428,False,,,,219.2,-1.04,106.9,SERPINE1,-5.824,50.24390243902439,0.5024390243902439,0.0,0.4,0.5,0.3559756097560976,0.3559756097560976,0.0,0.2669817073170732
CHEMBL1201045,ACETRIZOATE SODIUM,10,0,0,0.2992966908632101,-6.199,-4.845000000000001,False,,,,555.9,1.82,69.2,SLC2A1,-6.199,14.644487932159164,0.14644487932159164,0.0,0.8,0.9141924959216966,0.3557068261168912,0.3557068261168912,0.0,0.2667801195876684
CHEMBL3183075,NIZATIDINE,10,0,0,0.2922752701864082,-5.79,-4.7669999999999995,False,Launched,histamine receptor antagonist,duodenal ulcer disease|erosive esophagitis (EE)|ulcerative esophagitis (UE)|gastroesophageal reflux disease (GERD),331.5,1.32,83.3,TNIK,-5.419,17.92360430950049,0.1792360430950049,0.0,0.8,0.8242056993121519,0.3553252721348248,0.3553252721348248,0.0,0.2664939541011186
CHEMBL508102,CARBIMAZOLE,10,0,0,0.32019190355073296,-4.824,-4.541,False,Launched,antithyroid agent,hyperthyroidism,186.2,1.56,36.2,TNIK,-4.608,7.737512242899118,0.07737512242899118,0.0,1.0,0.8242056993121519,0.3545809038684193,0.3545809038684193,0.0,0.26593567790131445
CHEMBL695,TRIMETHADIONE,10,0,0,0.32126692497804077,-5.04,-4.623,False,Launched,oxazolidine antiepileptic,seizures,143.1,0.37,46.6,TNIK,-4.604,7.639569049951028,0.07639569049951028,0.0,1.0,0.8242056993121519,0.3541891310966269,0.3541891310966269,0.0,0.2656418483224702
CHEMBL474579,CEFOTETAN,10,0,0,0.2767462565499518,-8.17,-6.551,False,Launched,bacterial cell wall synthesis inhibitor,urinary tract infections|respiratory tract infections|skin infections|gynecologic infections|chlamydia|intra-abdominal infections|bone and joint infections|surgical prophylaxis,575.6,-1.4,219.9,SLC2A1,-8.17,54.24005218525767,0.5424005218525767,0.0,0.0,0.9141924959216966,0.3540890831292852,0.3540890831292852,0.0,0.2655668123469639
CHEMBL1201293,ACAMPROSATE,10,0,0,0.3144945739447672,-5.13,-4.3995,False,Launched,glutamate receptor antagonist,abstinence from alcohol,181.2,-0.6,83.5,TNIK,-4.809,9.826967025791708,0.09826967025791708,0.0,0.9500000000000001,0.8242056993121519,0.35293872299998963,0.35293872299998963,0.0,0.2647040422499922
CHEMBL2107239,IOXITALAMIC ACID,10,0,0,0.2720164694731101,-7.307,-5.4275,False,,,,643.9,1.88,115.7,SLC2A1,-7.307,33.88780169602087,0.33887801696020875,0.0,0.4,0.9141924959216966,0.352680081172338,0.352680081172338,0.0,0.2645100608792535
CHEMBL1200367,ECHOTHIOPHATE IODIDE,10,0,0,0.3107195577778811,-4.827,-3.9125,False,,,,256.3,2.61,35.5,SLC2A1,-4.827,3.8323548597521198,0.0383235485975212,0.0,1.0,0.9141924959216966,0.352458293827263,0.352458293827263,0.0,0.2643437203704473
CHEMBL1201341,ECHOTHIOPHATE,10,0,0,0.3107195577778811,-4.827,-3.9125,False,,,,256.3,2.61,35.5,SLC2A1,-4.827,3.8323548597521198,0.0383235485975212,0.0,1.0,0.9141924959216966,0.352458293827263,0.352458293827263,0.0,0.2643437203704473
CHEMBL1201317,TRICLOFOS,10,0,0,0.32462802052096196,-5.237,-4.3865,False,,,,229.4,1.47,66.8,SLC2A1,-4.812,3.7181996086105675,0.03718199608610567,0.0,1.0,0.9141924959216966,0.3520016728226968,0.3520016728226968,0.0,0.2640012546170226
CHEMBL1694,BENAZEPRIL HYDROCHLORIDE,10,0,0,0.28824570939119043,-6.726,-5.3934999999999995,False,,,,424.5,2.57,95.9,SLC2A1,-6.726,23.532289628180038,0.2353228962818004,0.0,0.6,0.9141924959216966,0.3512580329009747,0.3512580329009747,0.0,0.263443524675731
CHEMBL838,BENAZEPRIL,10,0,0,0.28824570939119043,-6.726,-5.3934999999999995,False,Launched,angiotensin converting enzyme inhibitor,hypertension,424.5,2.57,95.9,SLC2A1,-6.726,23.532289628180038,0.2353228962818004,0.0,0.6,0.9141924959216966,0.3512580329009747,0.3512580329009747,0.0,0.263443524675731
CHEMBL1341,METHOXYFLURANE,10,0,0,0.3116669517700378,-4.54,-4.105,False,Launched,membrane permeability inhibitor,general anaesthetic,165.0,2.03,9.2,TNIK,-4.54,6.823375775383611,0.06823375775383611,0.0,1.0,0.8242056993121519,0.35092435799835725,0.35092435799835725,0.0,0.26319326849876795
CHEMBL1455,ALTRETAMINE,10,0,0,0.3074927941549884,-5.367,-4.5825,False,Launched,DNA synthesis inhibitor,ovarian cancer,210.3,0.07,48.4,AXL,-4.695,9.492022142624553,0.09492022142624552,0.0,0.9,0.8797731045932484,0.3499340542594855,0.3499340542594855,0.0,0.2624505406946141
CHEMBL1200461,MIDODRINE HYDROCHLORIDE,10,0,0,0.3047151480312585,-6.702,-5.605,False,,,,254.3,-0.19,93.8,SLC2A1,-6.702,23.108284409654274,0.23108284409654276,0.0,0.6,0.9141924959216966,0.3495620120268716,0.3495620120268716,0.0,0.2621715090201537
CHEMBL1201212,MIDODRINE,10,0,0,0.3047151480312585,-6.702,-5.605,False,Launched,adrenergic receptor agonist,hypotension,254.3,-0.19,93.8,SLC2A1,-6.702,23.108284409654274,0.23108284409654276,0.0,0.6,0.9141924959216966,0.3495620120268716,0.3495620120268716,0.0,0.2621715090201537
CHEMBL354077,AMIFAMPRIDINE,10,0,0,0.3184731835037514,-4.812,-4.375,False,Launched,potassium channel blocker,Lambert-Eaton myasthenic syndrome (LEMS),109.1,0.25,64.9,SLC2A1,-4.598,2.984344422700587,0.02984344422700587,0.0,1.0,0.9141924959216966,0.34906625207905684,0.34906625207905684,0.0,0.26179968905929263
CHEMBL2107175,RANELIC ACID,10,0,0,0.26337300479289966,-7.234,-5.298500000000001,False,,,,342.3,-0.08,176.2,SLC2A1,-7.234,32.94194390084801,0.3294194390084801,0.0,0.4,0.9141924959216966,0.34889664999164655,0.34889664999164655,0.0,0.2616724874937349
CHEMBL931,HALOTHANE,10,0,0,0.3116017166104401,-4.625,-4.0265,False,Launched,glutamate receptor antagonist,general anaesthetic,197.4,2.51,0.0,TNIK,-4.503,6.301012079660463,0.06301012079660463,0.0,1.0,0.8242056993121519,0.3488349032154647,0.3488349032154647,0.0,0.2616261774115985
CHEMBL513,CARMUSTINE,10,0,0,0.3156796478619791,-4.588,-4.367,False,Launched,DNA alkylating agent|DNA inhibitor,non-Hodgkin lymphoma (NHL)|Hodgkin's lymphoma|multiple myeloma|glioblastoma|brainstem glioma|medulloblastoma|astrocytoma|ependymoma,214.1,1.16,61.8,SLC2A1,-4.588,2.8701891715590344,0.028701891715590344,0.0,1.0,0.9141924959216966,0.3486096310744906,0.3486096310744906,0.0,0.26145722330586796
CHEMBL70927,DEFERIPRONE,10,0,0,0.30997676998048507,-5.196,-4.7595,False,Launched,chelating agent,transfusional hemosiderosis|thalassemia|iron overload,139.2,0.4,42.2,TNIK,-4.921,11.165523996082271,0.11165523996082272,0.0,0.9,0.8242056993121519,0.3482929508811519,0.3482929508811519,0.0,0.26121971316086395
CHEMBL1463,FLUCYTOSINE,10,0,0,0.298319132358403,-5.506,-4.6855,False,Launched,other antifungal,bacterial septicemia|endocarditis|urinary tract infections|meningitis,129.1,-0.51,71.8,MAPK14,-5.506,17.69882659713168,0.1769882659713168,0.0,0.8,0.778536615334207,0.3475757986886578,0.3475757986886578,0.0,0.2606818490164933
CHEMBL315795,CLOMETHIAZOLE,10,0,0,0.3123820356620827,-4.431,-4.218999999999999,False,Launched,GABA receptor antagonist|GABA receptor modulator,Parkinson's Disease|sedative|muscle relaxant,161.7,2.23,12.9,TNIK,-4.431,5.8765915768854065,0.058765915768854066,0.0,1.0,0.8242056993121519,0.3471372212043644,0.3471372212043644,0.0,0.2603529159032733
CHEMBL1046,AMINOCAPROIC ACID,10,0,0,0.30155895396172094,-5.21,-4.42,False,,,,131.2,0.59,63.3,MAPK14,-5.21,12.41851368970013,0.12418513689700131,0.0,0.9,0.778536615334207,0.3464545470589316,0.3464545470589316,0.0,0.2598409102941987
CHEMBL56021,LEVACETYLLEUCINE,10,0,0,0.3230573218998042,-5.37,-5.1245,False,,,,173.2,0.62,66.4,MAPK14,-5.198,12.320730117340286,0.12320730117340287,0.0,0.9,0.778536615334207,0.3460634127694922,0.3460634127694922,0.0,0.25954755957711917
CHEMBL1697744,ERDOSTEINE,10,0,0,0.28699745766465123,-5.242,-4.8695,False,Launched,mucolytic agent,bronchitis|cough suppressant|chronic obstructive pulmonary disease (COPD)|respiratory tract infections,249.3,-0.05,83.5,TNIK,-5.242,15.507672216780936,0.15507672216780935,0.0,0.8,0.8242056993121519,0.34566154376394653,0.34566154376394653,0.0,0.2592461578229599
CHEMBL1449676,ORNIDAZOLE,10,0,0,0.29433151076386255,-5.591,-4.817,False,Launched,antiprotozoal agent,protozoan infection,219.6,0.7,81.2,MAPK14,-5.459,17.07953063885267,0.1707953063885267,0.0,0.8,0.778536615334207,0.3450986148555418,0.3450986148555418,0.0,0.25882396114165634
CHEMBL573,NIACIN,10,0,0,0.31216179009918626,-5.179,-4.7225,False,Launched,NAD precursor|vitamin B,hypertriglyceridemia,123.1,0.78,50.2,TNIK,-4.882,10.316682990532158,0.10316682990532158,0.0,0.9,0.8242056993121519,0.34489758685895144,0.34489758685895144,0.0,0.2586731901442136
CHEMBL1084172,VILANTEROL TRIFENATATE,10,0,0,0.2636752967416395,-7.627,-6.373,False,,,,486.4,4.61,91.2,TNIK,-6.881,55.30525628468821,0.5530525628468821,0.0,0.0,0.8242056993121519,0.34485188003557565,0.34485188003557565,0.0,0.2586389100266817
CHEMBL1198857,VILANTEROL,10,0,0,0.2636752967416395,-7.627,-6.373,False,Launched,adrenergic receptor agonist,chronic obstructive pulmonary disease (COPD),486.4,4.61,91.2,TNIK,-6.881,55.30525628468821,0.5530525628468821,0.0,0.0,0.8242056993121519,0.34485188003557565,0.34485188003557565,0.0,0.2586389100266817
CHEMBL467058,LANINAMIVIR OCTANOATE,10,0,0,0.24072745335867177,-7.441,-6.0925,False,,,,472.5,-0.01,193.3,MAPK14,-6.78,56.975228161668845,0.5697522816166884,0.0,0.0,0.778536615334207,0.34468140494680644,0.34468140494680644,0.0,0.25851105371010485
CHEMBL2105827,"GLYCEROL, IODINATED",10,0,0,0.3021215041828279,-4.839,-4.5085,False,,,,258.1,0.54,38.7,TNIK,-4.839,10.088148873653282,0.10088148873653281,0.0,0.9,0.8242056993121519,0.3439834503914359,0.3439834503914359,0.0,0.25798758779357694
CHEMBL1200756,PYRIDOXINE HYDROCHLORIDE,10,0,0,0.30470099776665477,-5.654,-5.196,False,,,,169.2,0.08,73.6,TNIK,-5.217,15.066927848514528,0.15066927848514527,0.0,0.8,0.8242056993121519,0.34389856629088095,0.34389856629088095,0.0,0.2579239247181607
CHEMBL1364,PYRIDOXINE,10,0,0,0.30470099776665477,-5.654,-5.196,False,Launched,vitamin B,vitamin B6 deficiency,169.2,0.08,73.6,TNIK,-5.217,15.066927848514528,0.15066927848514527,0.0,0.8,0.8242056993121519,0.34389856629088095,0.34389856629088095,0.0,0.2579239247181607
CHEMBL1200471,PYRITHIONE ZINC,10,0,0,0.2972661321978467,-4.804,-4.3915,False,,,,126.2,0.23,26.9,TNIK,-4.804,9.761671563826315,0.09761671563826316,0.0,0.9,0.8242056993121519,0.34267754115212806,0.34267754115212806,0.0,0.25700815586409603
CHEMBL1200979,DEXPANTHENOL,10,0,0,0.2726182104968551,-5.499,-5.1045,False,Launched,,paralytic ileus,205.3,-1.14,89.8,SERPINE1,-5.499,36.796747967479675,0.36796747967479676,0.0,0.6,0.5,0.3421869918699187,0.3421869918699187,0.0,0.256640243902439
CHEMBL820,BUSULFAN,10,0,0,0.28316689199409945,-5.179,-4.4895,False,Launched,DNA inhibitor,chronic myeloid leukemia (CML),246.3,-0.28,86.7,TNIK,-5.179,14.593535749265426,0.14593535749265427,0.0,0.8,0.8242056993121519,0.3420049978938845,0.3420049978938845,0.0,0.25650374842041335
CHEMBL1790041,RANITIDINE,10,0,0,0.30957912929157794,-5.916,-5.1135,False,Launched,histamine receptor antagonist,heartburn,314.4,1.46,83.6,SLC2A1,-5.916,11.154598825831702,0.11154598825831702,0.0,0.8,0.9141924959216966,0.3417472696915813,0.3417472696915813,0.0,0.256310452268686
CHEMBL2111286,RANITIDINE BISMUTH CITRATE,10,0,0,0.30957912929157794,-5.916,-5.1135,False,,,,314.4,1.46,83.6,SLC2A1,-5.916,11.154598825831702,0.11154598825831702,0.0,0.8,0.9141924959216966,0.3417472696915813,0.3417472696915813,0.0,0.256310452268686
CHEMBL2110372,RANITIDINE HYDROCHLORIDE,10,0,0,0.30957912929157794,-5.916,-5.1135,False,,,,314.4,1.46,83.6,SLC2A1,-5.916,11.154598825831702,0.11154598825831702,0.0,0.8,0.9141924959216966,0.3417472696915813,0.3417472696915813,0.0,0.256310452268686
CHEMBL1467,ALLOPURINOL,10,0,0,0.30179421311801374,-5.332,-4.929,False,Launched,xanthine oxidase inhibitor,gout|kidney stones,136.1,0.06,74.7,SERPINE1,-5.23,26.56910569105691,0.2656910569105691,0.0,0.8,0.5,0.3412764227642277,0.3412764227642277,0.0,0.25595731707317076
CHEMBL667,ACETYLCHOLINE,10,0,0,0.30692118057031154,-4.094,-3.681,False,Launched,acetylcholine receptor agonist,drowsiness|fatigue|headache|indigestion|chest congestion,146.2,0.26,26.3,SLC2A1,-3.791,0.994781474233529,0.00994781474233529,0.0,1.0,0.9141924959216966,0.3411080002851886,0.3411080002851886,0.0,0.2558310002138915
CHEMBL2110725,VINFLUNINE,9,0,0,0.24953315926185862,-6.581,-5.03,False,Launched,microtubule inhibitor,bladder cancer,816.9,5.08,133.9,AXL,-5.817,32.269619016606974,0.32269619016606976,0.0,0.4,0.8797731045932484,0.34104444175541515,0.34104444175541515,0.0,0.2557833313165614
CHEMBL1200400,AZATHIOPRINE SODIUM,10,0,0,0.27861195821205875,-6.173,-5.1795,False,,,,276.3,0.77,113.7,AXL,-5.454,22.110061869098015,0.22110061869098016,0.0,0.6,0.8797731045932484,0.34040621316537933,0.34040621316537933,0.0,0.2553046598740345
CHEMBL2106939,POLIHEXANIDE,10,0,0,0.272288097237929,-6.311,-6.0375,False,,,,185.3,0.57,97.8,TNIK,-6.152,34.18217433888345,0.3418217433888345,0.0,0.4,0.8242056993121519,0.3403595522523566,0.3403595522523566,0.0,0.25526966418926744
CHEMBL1201001,MECHLORETHAMINE HYDROCHLORIDE,10,0,0,0.3045289991106833,-3.72,-3.4459999999999997,False,,,,156.1,1.4,3.2,SLC2A1,-3.455,0.6686236138290933,0.006686236138290933,0.0,1.0,0.9141924959216966,0.3398033688435709,0.3398033688435709,0.0,0.25485252663267816
CHEMBL427,MECHLORETHAMINE,10,0,0,0.3045289991106833,-3.72,-3.4459999999999997,False,,,,156.1,1.4,3.2,SLC2A1,-3.455,0.6686236138290933,0.006686236138290933,0.0,1.0,0.9141924959216966,0.3398033688435709,0.3398033688435709,0.0,0.25485252663267816
CHEMBL345714,ACIPIMOX,10,0,0,0.3026136462003751,-5.314,-4.9670000000000005,False,Launched,cholesterol inhibitor,hyperlipidemia,154.1,-0.28,77.1,TNIK,-5.146,14.005876591576886,0.14005876591576885,0.0,0.8,0.8242056993121519,0.33965436126313037,0.33965436126313037,0.0,0.25474077094734776
CHEMBL1200455,IOHEXOL,10,0,0,0.18798048283571184,-7.16,-5.3255,False,Launched,radiopaque medium,contrast agent,821.1,-1.63,199.9,ITPKC,-5.433,66.10114192495922,0.6610114192495922,0.0,0.0,0.5,0.3394045676998369,0.3394045676998369,0.0,0.25455342577487766
CHEMBL1654,RISEDRONATE SODIUM,10,0,0,0.26231225202730024,-7.107,-5.4145,False,,,,282.1,-1.01,151.0,SLC2A1,-7.107,30.528375733855185,0.30528375733855184,0.0,0.4,0.9141924959216966,0.33924237732367524,0.33924237732367524,0.0,0.25443178299275643
CHEMBL902,FAMOTIDINE,10,0,0,0.2766285901638965,-6.831,-5.456,False,Launched,histamine receptor antagonist,heartburn,337.5,-0.77,175.8,ITPKC,-4.968,46.05220228384992,0.46052202283849925,0.0,0.4,0.5,0.33920880913539975,0.33920880913539975,0.0,0.2544066068515498
CHEMBL2105629,VINFLUNINE DITARTRATE,9,0,0,0.24562428799195293,-6.581,-4.799,False,,,,816.9,5.08,133.9,SERPINE1,-5.725,45.96747967479675,0.4596747967479675,0.0,0.4,0.5,0.33886991869918703,0.33886991869918703,0.0,0.2541524390243903
CHEMBL16080,TRICHLOROETHANE,10,0,0,0.3030824083141682,-3.534,-3.1155,False,,,,133.4,2.38,0.0,SLC2A1,-3.087,0.32615786040443573,0.0032615786040443573,0.0,1.0,0.9141924959216966,0.33843350582987225,0.33843350582987225,0.0,0.2538251293724042
CHEMBL1597,DIMERCAPROL,10,0,0,0.30263919404520256,-3.169,-2.8935,False,Launched,chelating agent,metal toxicity,124.2,0.21,20.2,SLC2A1,-2.943,0.29354207436399216,0.0029354207436399216,0.0,1.0,0.9141924959216966,0.3383030426857105,0.3383030426857105,0.0,0.25372728201428285
CHEMBL44618,CHLOROFORM,10,0,0,0.30217011661947757,-2.912,-2.6399999999999997,False,,,,119.4,1.99,0.0,SLC2A1,-2.662,0.19569471624266144,0.0019569471624266144,0.0,1.0,0.9141924959216966,0.33791165325322514,0.33791165325322514,0.0,0.25343373993991886
CHEMBL614,PYRAZINAMIDE,10,0,0,0.30166054682945426,-5.058,-4.2945,False,Launched,fatty acid synthase inhibitor,tuberculosis,123.1,-0.42,68.9,MAPK14,-5.058,10.234680573663626,0.10234680573663626,0.0,0.9,0.778536615334207,0.3377192145947856,0.3377192145947856,0.0,0.2532894109460892
CHEMBL1356238,PYRITHIONE,10,0,0,0.294262476624583,-4.682,-4.2615,False,,,,127.2,0.61,26.9,TNIK,-4.682,8.292523669604963,0.08292523669604962,0.0,0.9,0.8242056993121519,0.33680094957524265,0.33680094957524265,0.0,0.252600712181432
CHEMBL185,FLUOROURACIL,10,0,0,0.30756635466211657,-5.196,-4.4475,False,,,,130.1,-0.8,65.7,AXL,-4.326,6.089221751872354,0.06089221751872354,0.0,0.9,0.8797731045932484,0.33632285269647666,0.33632285269647666,0.0,0.2522421395223575
CHEMBL532,ERYTHROMYCIN,8,0,0,0.23697273470434813,-6.09,-5.161,False,Launched,NFkB pathway inhibitor,listeria|respiratory tract infections|skin infections|syphilis|amebiasis|pelvic inflammatory disease|chlamydia|diphtheria|erythrasma,733.9,1.79,193.9,AXL,-5.771,30.99967437316835,0.3099967437316835,0.0,0.4,0.8797731045932484,0.3359646631816606,0.3359646631816606,0.0,0.25197349738624547
CHEMBL1200506,ERYTHROMYCIN LACTOBIONATE,8,0,0,0.23386984186733564,-5.926,-5.161,False,,,,733.9,1.79,193.9,AXL,-5.771,30.99967437316835,0.3099967437316835,0.0,0.4,0.8797731045932484,0.3359646631816606,0.3359646631816606,0.0,0.25197349738624547
CHEMBL1200510,ERYTHROMYCIN STEARATE,7,0,0,0.23281349441095642,-5.926,-5.297,False,,,,733.9,1.79,193.9,AXL,-5.771,30.99967437316835,0.3099967437316835,0.0,0.4,0.8797731045932484,0.3359646631816606,0.3359646631816606,0.0,0.25197349738624547
CHEMBL3545060,ERYTHROMYCIN GLUCEPTATE,6,0,0,0.2454297246948779,-6.09,-5.4079999999999995,False,,,,733.9,1.79,193.9,AXL,-5.771,30.99967437316835,0.3099967437316835,0.0,0.4,0.8797731045932484,0.3359646631816606,0.3359646631816606,0.0,0.25197349738624547
CHEMBL830,EFLORNITHINE,10,0,0,0.3038886952324137,-5.215,-4.938000000000001,False,Launched,ornithine decarboxylase inhibitor,facial hair reduction,182.2,-0.23,89.3,SERPINE1,-5.179,25.024390243902438,0.2502439024390244,0.0,0.8,0.5,0.3350975609756098,0.3350975609756098,0.0,0.25132317073170735
CHEMBL1201037,EFLORNITHINE HYDROCHLORIDE,10,0,0,0.3038886952324137,-5.215,-4.938000000000001,False,,,,182.2,-0.23,89.3,SERPINE1,-5.179,25.024390243902438,0.2502439024390244,0.0,0.8,0.5,0.3350975609756098,0.3350975609756098,0.0,0.25132317073170735
CHEMBL1477036,DOCUSATE,10,0,0,0.25687178897527135,-6.632,-5.825,False,Launched,laxative,constipation,422.6,4.15,107.0,TNIK,-6.103,32.84361736859288,0.3284361736859288,0.0,0.4,0.8242056993121519,0.33500532437119435,0.33500532437119435,0.0,0.25125399327839576
CHEMBL254468,FLUCICLOVINE F18,10,0,0,0.30551958543905827,-5.095,-4.5695,False,,,,132.1,-0.1,63.3,TNIK,-4.614,7.7864838393731635,0.07786483839373164,0.0,0.9,0.8242056993121519,0.33477679025431545,0.33477679025431545,0.0,0.2510825926907366
CHEMBL1908917,FLUCICLOVINE,10,0,0,0.30551958543905827,-5.095,-4.5695,False,,,,133.1,-0.1,63.3,TNIK,-4.614,7.7864838393731635,0.07786483839373164,0.0,0.9,0.8242056993121519,0.33477679025431545,0.33477679025431545,0.0,0.2510825926907366
CHEMBL5314375,CIDOFOVIR,10,0,0,0.26791026953033015,-6.362,-5.5645,False,Launched,DNA polymerase inhibitor,acquired immunodeficiency syndrome (AIDS)|cytomegalovirus retinitis,279.2,-1.66,147.9,ITPKC,-4.942,44.86133768352366,0.44861337683523655,0.0,0.4,0.5,0.33444535073409465,0.33444535073409465,0.0,0.25083401305057096
CHEMBL152,CIDOFOVIR ANHYDROUS,10,0,0,0.26791026953033015,-6.362,-5.5645,False,,,,279.2,-1.66,147.9,ITPKC,-4.942,44.86133768352366,0.44861337683523655,0.0,0.4,0.5,0.33444535073409465,0.33444535073409465,0.0,0.25083401305057096
CHEMBL1200764,METHACHOLINE CHLORIDE,10,0,0,0.2946342879038609,-4.658,-4.141,False,,,,160.2,0.64,26.3,TNIK,-4.604,7.639569049951028,0.07639569049951028,0.0,0.9,0.8242056993121519,0.3341891310966269,0.3341891310966269,0.0,0.25064184832247016
CHEMBL978,METHACHOLINE,10,0,0,0.2946342879038609,-4.658,-4.141,False,Launched,acetylcholine receptor agonist,bronchial hyperresponsiveness diagnostic,160.2,0.64,26.3,TNIK,-4.604,7.639569049951028,0.07639569049951028,0.0,0.9,0.8242056993121519,0.3341891310966269,0.3341891310966269,0.0,0.25064184832247016
CHEMBL2104594,CALCIUM GLUBIONATE,10,0,0,0.2271461798015563,-7.041,-4.819,False,,,,357.3,-7.0,220.4,SLC2A1,-7.041,29.011741682974563,0.2901174168297456,0.0,0.4,0.9141924959216966,0.33317584112015275,0.33317584112015275,0.0,0.24988188084011456
CHEMBL2219740,CALCIUM GLUBIONATE ANHYDROUS,10,0,0,0.2271461798015563,-7.041,-4.819,False,,,,357.3,-7.0,220.4,SLC2A1,-7.041,29.011741682974563,0.2901174168297456,0.0,0.4,0.9141924959216966,0.33317584112015275,0.33317584112015275,0.0,0.24988188084011456
CHEMBL1661,LACTITOL,10,0,0,0.24510025907858393,-7.037,-5.266,False,,,,344.3,-5.76,200.5,SLC2A1,-7.037,28.962818003913892,0.2896281800391389,0.0,0.4,0.9141924959216966,0.3329801464039101,0.3329801464039101,0.0,0.24973510980293256
CHEMBL119423,TISOPURINE,10,0,0,0.30306926922128,-4.835,-4.593,False,,,,152.2,0.64,54.5,TNIK,-4.562,7.247796278158668,0.07247796278158668,0.0,0.9,0.8242056993121519,0.3326220400094575,0.3326220400094575,0.0,0.24946653000709312
CHEMBL498847,SECNIDAZOLE,10,0,0,0.28974984821579686,-5.356,-4.6415,False,Launched,acetylcholinesterase inhibitor|microtubule inhibitor,protozoan infection,185.2,0.48,81.2,TNIK,-5.029,12.17760365654587,0.1217760365654587,0.0,0.8,0.8242056993121519,0.3323412695230063,0.3323412695230063,0.0,0.2492559521422547
CHEMBL197084,TROFINETIDE,10,0,0,0.28152869410180137,-6.637,-5.773,False,Phase 2,cytokine production inhibitor,,315.3,-1.24,150.0,ITPKC,-4.93,44.27406199021207,0.44274061990212066,0.0,0.4,0.5,0.3320962479608483,0.3320962479608483,0.0,0.24907218597063624
CHEMBL1425,MERCAPTOPURINE ANHYDROUS,10,0,0,0.2996948372864125,-4.786,-4.3875,False,,,,152.2,0.64,54.5,SLC2A1,-4.786,3.65296803652968,0.0365296803652968,0.0,0.9,0.9141924959216966,0.33174074653437324,0.33174074653437324,0.0,0.24880555990077993
CHEMBL1200789,TRICLOFOS SODIUM,10,0,0,0.2991856737220243,-4.877,-4.359999999999999,False,,,,228.4,0.83,69.6,SLC2A1,-4.754,3.587736464448793,0.03587736464448793,0.0,0.9,0.9141924959216966,0.3314798202460497,0.3314798202460497,0.0,0.2486098651845373
CHEMBL1311,ISOSORBIDE MONONITRATE,10,0,0,0.2653492363760511,-5.433,-4.9915,False,,,,191.1,-1.28,91.1,SERPINE1,-5.433,34.08130081300813,0.34081300813008125,0.0,0.6,0.5,0.3313252032520325,0.3313252032520325,0.0,0.2484939024390244
CHEMBL1200660,ISOSORBIDE,10,0,0,0.30453209929333014,-4.933,-4.507,False,Launched,nitric oxide stimulant,angina pectoris|coronary artery disease (CAD),146.1,-1.49,58.9,SLC2A1,-4.735,3.5061969993476843,0.03506196999347684,0.0,0.9,0.9141924959216966,0.33115366238564525,0.33115366238564525,0.0,0.24836524678923394
CHEMBL493287,GLUCOSAMINE,10,0,0,0.302764076715508,-5.548,-4.9215,False,Launched,glycosylated protein precursor,muscle pain|rheumatoid arthritis|joint pain|backache,179.2,-3.25,116.2,AXL,-4.71,9.63855421686747,0.0963855421686747,0.2,0.55,0.8797731045932484,0.33052018255645715,0.33052018255645715,0.0,0.24789013691734285
CHEMBL20,ACETAZOLAMIDE,10,0,0,0.281174691954993,-5.7,-5.2989999999999995,False,Launched,carbonic anhydrase inhibitor,glaucoma,222.3,-0.86,115.0,TNIK,-5.635,21.71074110349331,0.21710741103493308,0.0,0.6,0.8242056993121519,0.330473819310796,0.330473819310796,0.0,0.247855364483097
CHEMBL591665,SODIUM ASCORBATE,10,0,0,0.2704549341929732,-5.553,-4.895,False,,,,175.1,-2.61,110.1,SERPINE1,-5.422,33.72357723577235,0.3372357723577235,0.0,0.6,0.5,0.3298943089430894,0.3298943089430894,0.0,0.24742073170731704
CHEMBL3301611,AMIFAMPRIDINE PHOSPHATE,10,0,0,0.29847318350375146,-4.812,-4.375,False,,,,109.1,0.25,64.9,SLC2A1,-4.598,2.984344422700587,0.02984344422700587,0.0,0.9,0.9141924959216966,0.3290662520790569,0.3290662520790569,0.0,0.24679968905929267
CHEMBL1768,BETHANECHOL CHLORIDE,10,0,0,0.2959206854946923,-4.665,-4.2535,False,,,,161.2,0.18,52.3,SLC2A1,-4.592,2.9191128506196997,0.029191128506196998,0.0,0.9,0.9141924959216966,0.3288053257907333,0.3288053257907333,0.0,0.24660399434304997
CHEMBL1482,BETHANECHOL,10,0,0,0.2959206854946923,-4.665,-4.2535,False,Launched,acetylcholine receptor agonist,urinary retention,161.2,0.18,52.3,SLC2A1,-4.592,2.9191128506196997,0.029191128506196998,0.0,0.9,0.9141924959216966,0.3288053257907333,0.3288053257907333,0.0,0.24660399434304997
CHEMBL529,AZITHROMYCIN,7,0,0,0.22222617369621286,-5.711,-4.573,False,Launched,bacterial 50S ribosomal subunit inhibitor,pelvic inflammatory disease|pneumonia,749.0,1.9,180.1,AXL,-5.711,29.14360143275806,0.2914360143275806,0.0,0.4,0.8797731045932484,0.32854037142001946,0.32854037142001946,0.0,0.2464052785650146
CHEMBL1200814,ACETAZOLAMIDE SODIUM,10,0,0,0.2814861645490703,-5.64,-5.321,False,,,,221.2,0.24,112.8,TNIK,-5.604,21.123081945804767,0.21123081945804767,0.0,0.6,0.8242056993121519,0.32812318268004187,0.32812318268004187,0.0,0.2460923870100314
CHEMBL1430,PENICILLAMINE,10,0,0,0.2908542743781183,-4.541,-3.9495,False,,,,149.2,0.11,63.3,SLC2A1,-4.541,2.6418786692759295,0.026418786692759294,0.0,0.9,0.9141924959216966,0.32769638906535825,0.32769638906535825,0.0,0.2457722917990187
CHEMBL2107333,DIMETHYL FUMARATE,10,0,0,0.29145129819964233,-4.459,-4.096500000000001,False,,,,144.1,-0.11,52.6,TNIK,-4.459,6.007182500816193,0.06007182500816193,0.0,0.9,0.8242056993121519,0.32765958490008756,0.32765958490008756,0.0,0.24574468867506566
CHEMBL589586,MONOMETHYL FUMARATE,10,0,0,0.29711014544728676,-4.555,-4.397,False,,,,130.1,-0.2,63.6,SLC2A1,-4.46,2.609262883235486,0.02609262883235486,0.0,0.9,0.9141924959216966,0.3275659259211965,0.3275659259211965,0.0,0.24567444444089737
CHEMBL1201195,CEFMETAZOLE,10,0,0,0.25932823010818196,-6.646,-5.898,False,Launched,bacterial cell wall synthesis inhibitor,urinary tract infections|skin infections,471.5,-0.73,163.3,SERPINE1,-5.875,53.105691056910565,0.5310569105691056,0.0,0.2,0.5,0.3274227642276423,0.3274227642276423,0.0,0.24556707317073173
CHEMBL1029,MIGLUSTAT,10,0,0,0.27901241079219546,-6.432,-5.368,False,Launched,glycosyl transferase inhibitor,Gaucher disease,219.3,-1.45,84.2,SLC2A1,-6.432,17.43313763861709,0.1743313763861709,0.0,0.6,0.9141924959216966,0.32686142494272286,0.32686142494272286,0.0,0.24514606870704214
CHEMBL1096562,METHYL AMINOLEVULINATE,10,0,0,0.29251919589215664,-4.412,-4.233499999999999,False,,,,145.2,-0.53,69.4,TNIK,-4.412,5.729676787463271,0.05729676787463271,0.0,0.9,0.8242056993121519,0.3265495620466759,0.3265495620466759,0.0,0.24491217153500694
CHEMBL1201093,METHYL AMINOLEVULINATE HYDROCHLORIDE,10,0,0,0.29251919589215664,-4.412,-4.233499999999999,False,,,,145.2,-0.53,69.4,TNIK,-4.412,5.729676787463271,0.05729676787463271,0.0,0.9,0.8242056993121519,0.3265495620466759,0.3265495620466759,0.0,0.24491217153500694
CHEMBL979,MEPROBAMATE,10,0,0,0.27401304714651575,-5.739,-5.324,False,,,,218.3,0.98,104.6,SERPINE1,-5.406,32.84552845528455,0.3284552845528455,0.0,0.6,0.5,0.3263821138211382,0.3263821138211382,0.0,0.24478658536585363
CHEMBL1314,TIOPRONIN,10,0,0,0.29550964606029867,-4.63,-4.269,False,Launched,chelating agent|reducing agent,kidney stones,163.2,-0.49,66.4,SLC2A1,-4.354,2.28310502283105,0.022831050228310498,0.0,0.9,0.9141924959216966,0.32626129447957875,0.32626129447957875,0.0,0.24469597085968406
CHEMBL1201270,METHENAMINE,10,0,0,0.2908256533902439,-4.712,-3.9234999999999998,False,Launched,bacterial DNA inhibitor,urinary tract infections,140.2,-1.02,13.0,SLC2A1,-4.352,2.2504892367906066,0.022504892367906065,0.0,0.9,0.9141924959216966,0.326130831335417,0.326130831335417,0.0,0.24459812350156274
CHEMBL1149,LEVOCARNITINE,10,0,0,0.29242075753966723,-4.405,-4.015,False,Launched,,carnitine deficiency,161.2,-1.81,60.4,SLC2A1,-4.35,2.217873450750163,0.02217873450750163,0.0,0.9,0.9141924959216966,0.32600036819125516,0.32600036819125516,0.0,0.2445002761434414
CHEMBL600,ACETYLCYSTEINE,10,0,0,0.2951678433422522,-4.811,-4.2315000000000005,False,Launched,mucolytic agent,acetaminophen overdose|hepatic injury,163.2,-0.49,66.4,SLC2A1,-4.336,2.1852576647097193,0.021852576647097194,0.0,0.9,0.9141924959216966,0.3258699050470934,0.3258699050470934,0.0,0.24440242878532004
CHEMBL765,GUANETHIDINE,10,0,0,0.2861973746003644,-4.334,-3.682,False,Launched,adrenergic inhibitor,hypertension,198.3,0.74,65.1,SLC2A1,-4.334,2.136333985649054,0.02136333985649054,0.0,0.9,0.9141924959216966,0.32567421033085076,0.32567421033085076,0.0,0.24425565774813807
CHEMBL1345,GUANETHIDINE MONOSULFATE,10,0,0,0.2861973746003644,-4.334,-3.682,False,,,,198.3,0.74,65.1,SLC2A1,-4.334,2.136333985649054,0.02136333985649054,0.0,0.9,0.9141924959216966,0.32567421033085076,0.32567421033085076,0.0,0.24425565774813807
CHEMBL1540,PENCICLOVIR,10,0,0,0.27513337057261233,-6.815,-5.6145,False,Launched,DNA directed DNA polymerase inhibitor,cold sore,253.3,-0.9,130.3,MAPK14,-6.078,32.1870925684485,0.321870925684485,0.0,0.4,0.778536615334207,0.3255288625739251,0.3255288625739251,0.0,0.24414664693044383
CHEMBL1200949,BETAZOLE HYDROCHLORIDE,10,0,0,0.2964484036415322,-4.774,-4.314,False,,,,111.1,-0.09,54.7,TNIK,-4.359,5.370551746653607,0.053705517466536075,0.0,0.9,0.8242056993121519,0.32511306188343725,0.32511306188343725,0.0,0.24383479641257794
CHEMBL1201323,BETAZOLE,10,0,0,0.2964484036415322,-4.774,-4.314,False,Launched,histamine receptor agonist,gastric hypersecretion diagnostic,111.1,-0.09,54.7,TNIK,-4.359,5.370551746653607,0.053705517466536075,0.0,0.9,0.8242056993121519,0.32511306188343725,0.32511306188343725,0.0,0.24383479641257794
CHEMBL1489,AZACITIDINE,10,0,0,0.2765638945055942,-6.858,-5.6884999999999994,False,Launched,DNA methyltransferase inhibitor,myelodysplastic diseases (MDS)|anemia|chronic myelomonocytic leukemia (CMMoL),244.2,-3.17,143.7,ITPKC,-4.885,42.51223491027732,0.4251223491027732,0.0,0.4,0.5,0.3250489396411093,0.3250489396411093,0.0,0.24378670473083197
CHEMBL14,CARBACHOL,10,0,0,0.29057832621686475,-4.274,-3.9074999999999998,False,Launched,cholinergic receptor agonist,intraocular pressure,147.2,-0.21,52.3,SLC2A1,-4.274,1.9732550554468362,0.01973255055446836,0.0,0.9,0.9141924959216966,0.32502189461004183,0.32502189461004183,0.0,0.24376642095753137
CHEMBL965,CARBAMOYLCHOLINE,10,0,0,0.29057832621686475,-4.274,-3.9074999999999998,False,,,,147.2,-0.21,52.3,SLC2A1,-4.274,1.9732550554468362,0.01973255055446836,0.0,0.9,0.9141924959216966,0.32502189461004183,0.32502189461004183,0.0,0.24376642095753137
CHEMBL125,MILTEFOSINE,10,0,0,0.26072049292090893,-5.569,-5.2325,False,Launched,membrane integrity inhibitor,leishmaniasis,407.6,5.68,58.6,TNIK,-5.569,20.339536402220045,0.20339536402220046,0.0,0.6,0.8242056993121519,0.32498900050570295,0.32498900050570295,0.0,0.2437417503792772
CHEMBL671,THIOTEPA,10,0,0,0.2851290965126953,-4.258,-3.3120000000000003,False,Launched,cytochrome P450 inhibitor,breast cancer|ovarian cancer|bladder cancer,189.2,0.16,9.0,SLC2A1,-4.258,1.9243313763861707,0.019243313763861708,0.0,0.9,0.9141924959216966,0.32482619989379924,0.32482619989379924,0.0,0.24361964992034943
CHEMBL2068724,ACAMPROSATE CALCIUM,10,0,0,0.27966267271720613,-5.008,-4.359500000000001,False,,,,180.2,-0.94,86.3,TNIK,-4.844,10.120796604635977,0.10120796604635977,0.0,0.8,0.8242056993121519,0.32411404131536675,0.32411404131536675,0.0,0.24308553098652508
CHEMBL1201780,CARGLUMIC ACID,10,0,0,0.24218774459409512,-5.668,-5.1745,False,,,,190.2,-1.03,129.7,SERPINE1,-5.632,42.24390243902439,0.4224390243902439,0.0,0.4,0.5,0.32397560975609757,0.32397560975609757,0.0,0.2429817073170732
CHEMBL1342,OXYBATE,10,0,0,0.28979784153749766,-4.419,-3.82,False,,,,104.1,-0.16,57.5,SLC2A1,-4.08,1.5655577299412915,0.015655577299412915,0.0,0.9,0.9141924959216966,0.3233911053080197,0.3233911053080197,0.0,0.24254332898101477
CHEMBL455917,CHLORAL HYDRATE,10,0,0,0.28944457967045606,-4.401,-3.8465,False,,,,165.4,0.67,40.5,AXL,-3.78,2.800390752197981,0.028003907521979808,0.0,0.9,0.8797731045932484,0.3231675286977792,0.3231675286977792,0.0,0.2423756465233344
CHEMBL3989520,HISTAMINE PHOSPHATE,10,0,0,0.2923296644957628,-4.686,-4.075,False,,,,111.1,-0.09,54.7,SLC2A1,-4.069,1.5003261578604044,0.015003261578604044,0.0,0.9,0.9141924959216966,0.3231301790196961,0.3231301790196961,0.0,0.24234763426477207
CHEMBL1533310,HISTAMINE DIHYDROCHLORIDE,10,0,0,0.2923296644957628,-4.686,-4.075,False,,,,111.1,-0.09,54.7,SLC2A1,-4.069,1.5003261578604044,0.015003261578604044,0.0,0.9,0.9141924959216966,0.3231301790196961,0.3231301790196961,0.0,0.24234763426477207
CHEMBL90,HISTAMINE,10,0,0,0.2923296644957628,-4.686,-4.075,False,Launched,histamine receptor agonist,allergic rhinitis,111.1,-0.09,54.7,SLC2A1,-4.069,1.5003261578604044,0.015003261578604044,0.0,0.9,0.9141924959216966,0.3231301790196961,0.3231301790196961,0.0,0.24234763426477207
CHEMBL771,CYCLOSERINE,10,0,0,0.28761835844495376,-4.12,-3.7195,False,,,,102.1,-1.62,64.3,SLC2A1,-4.005,1.1741682974559686,0.011741682974559686,0.0,0.9,0.9141924959216966,0.32182554757807835,0.32182554757807835,0.0,0.24136916068355876
CHEMBL1200869,METRONIDAZOLE HYDROCHLORIDE,10,0,0,0.28125146925197575,-5.045,-4.2509999999999994,False,,,,171.2,0.09,81.2,TNIK,-4.788,9.51681358145609,0.09516813581456089,0.0,0.8,0.8242056993121519,0.3216981092226472,0.3216981092226472,0.0,0.2412735819169854
CHEMBL137,METRONIDAZOLE,10,0,0,0.28125146925197575,-5.045,-4.2509999999999994,False,Launched,DNA inhibitor,rosacea,171.2,0.09,81.2,TNIK,-4.788,9.51681358145609,0.09516813581456089,0.0,0.8,0.8242056993121519,0.3216981092226472,0.3216981092226472,0.0,0.2412735819169854
CHEMBL2106441,NOXYTIOLIN,10,0,0,0.28726648732630655,-4.021,-3.6305,False,,,,120.2,-0.97,44.3,SLC2A1,-3.999,1.141552511415525,0.011415525114155249,0.0,0.9,0.9141924959216966,0.3216950844339166,0.3216950844339166,0.0,0.24127131332543744
CHEMBL196,ASCORBIC ACID,10,0,0,0.23490834007929168,-5.619,-5.0245,False,,,,176.1,-1.41,107.2,SERPINE1,-5.619,41.577235772357724,0.41577235772357723,0.0,0.4,0.5,0.3213089430894309,0.3213089430894309,0.0,0.2409817073170732
CHEMBL1184,ACETYLCHOLINE CHLORIDE,10,0,0,0.2869211805703116,-4.094,-3.681,False,,,,146.2,0.26,26.3,SLC2A1,-3.791,0.994781474233529,0.00994781474233529,0.0,0.9,0.9141924959216966,0.3211080002851886,0.3211080002851886,0.0,0.24083100021389145
CHEMBL4594395,POTASSIUM OXYBATE,10,0,0,0.28634794779518746,-3.902,-3.6465,False,,,,103.1,-1.49,60.4,SLC2A1,-3.702,0.8969341161121982,0.008969341161121983,0.0,0.9,0.9141924959216966,0.3207166108527033,0.3207166108527033,0.0,0.24053745813952748
CHEMBL1200682,SODIUM OXYBATE,10,0,0,0.28634794779518746,-3.902,-3.6465,False,,,,103.1,-1.49,60.4,SLC2A1,-3.702,0.8969341161121982,0.008969341161121983,0.0,0.9,0.9141924959216966,0.3207166108527033,0.3207166108527033,0.0,0.24053745813952748
CHEMBL4594394,MAGNESIUM OXYBATE,10,0,0,0.28634794779518746,-3.902,-3.6465,False,,,,103.1,-1.49,60.4,SLC2A1,-3.702,0.8969341161121982,0.008969341161121983,0.0,0.9,0.9141924959216966,0.3207166108527033,0.3207166108527033,0.0,0.24053745813952748
CHEMBL4594393,CALCIUM OXYBATE,10,0,0,0.28634794779518746,-3.902,-3.6465,False,,,,103.1,-1.49,60.4,SLC2A1,-3.702,0.8969341161121982,0.008969341161121983,0.0,0.9,0.9141924959216966,0.3207166108527033,0.3207166108527033,0.0,0.24053745813952748
CHEMBL1200630,CYSTEINE HYDROCHLORIDE,10,0,0,0.28562504616541595,-3.936,-3.5105,False,,,,121.2,-0.67,63.3,SLC2A1,-3.601,0.7990867579908676,0.007990867579908675,0.0,0.9,0.9141924959216966,0.320325221420218,0.320325221420218,0.0,0.24024391606516352
CHEMBL863,CYSTEINE,10,0,0,0.28562504616541595,-3.936,-3.5105,False,,,,121.2,-0.67,63.3,SLC2A1,-3.601,0.7990867579908676,0.007990867579908675,0.0,0.9,0.9141924959216966,0.320325221420218,0.320325221420218,0.0,0.24024391606516352
CHEMBL95889,BETAINE,10,0,0,0.28579465034840285,-4.123,-3.52,False,Launched,nitric oxide donor,homocystinuria,118.2,-0.22,37.3,SLC2A1,-3.559,0.7501630789302022,0.007501630789302022,0.0,0.9,0.9141924959216966,0.3201295267039753,0.3201295267039753,0.0,0.2400971450279815
CHEMBL1235452,SULFUR,10,0,0,0.28301713348408025,-3.556,-2.8449999999999998,False,,,,256.5,5.19,0.0,SLC2A1,-3.556,0.7175472928897586,0.007175472928897586,0.0,0.9,0.9141924959216966,0.31999906355981356,0.31999906355981356,0.0,0.23999929766986017
CHEMBL1200477,ALLOPURINOL SODIUM,10,0,0,0.29334107736060033,-5.18,-4.848,False,,,,135.1,-0.72,72.7,TNIK,-4.744,9.043421482206988,0.09043421482206987,0.0,0.8,0.8242056993121519,0.31980454082565074,0.31980454082565074,0.0,0.23985340561923807
CHEMBL3833335,CHLORAL BETAINE,10,0,0,0.28392912884553456,-3.726,-3.207,False,,,,117.1,-1.56,40.1,SLC2A1,-3.417,0.6196999347684279,0.006196999347684279,0.0,0.9,0.9141924959216966,0.31960767412732827,0.31960767412732827,0.0,0.2397057555954962
CHEMBL2110978,METHIODAL,10,0,0,0.28362366514932813,-3.393,-3.2415000000000003,False,,,,222.0,0.27,54.4,SLC2A1,-3.393,0.5870841487279843,0.005870841487279843,0.0,0.9,0.9141924959216966,0.31947721098316645,0.31947721098316645,0.0,0.23960790823737482
CHEMBL1208642,THIOSULFURIC ACID,10,0,0,0.2835781337924773,-3.553,-3.0825,False,,,,114.1,-0.32,57.5,SLC2A1,-3.292,0.5544683626875407,0.005544683626875407,0.0,0.9,0.9141924959216966,0.3193467478390047,0.3193467478390047,0.0,0.23951006087925353
CHEMBL1515,METHIMAZOLE,10,0,0,0.2834411180330457,-3.407,-3.2095000000000002,False,Launched,antithyroid agent,hyperthyroidism,114.2,0.71,17.8,SLC2A1,-3.232,0.5218525766470972,0.005218525766470972,0.0,0.9,0.9141924959216966,0.31921628469484287,0.31921628469484287,0.0,0.23941221352113215
CHEMBL2105233,PROXIBARBAL,10,0,0,0.2690472694285303,-6.292,-4.9135,False,,,,226.2,-0.31,95.5,SLC2A1,-6.292,15.492498369210697,0.15492498369210697,0.0,0.6,0.9141924959216966,0.3190988678650973,0.3190988678650973,0.0,0.23932415089882297
CHEMBL1098319,2-MERCAPTOETHANESULFONIC ACID,10,0,0,0.28353903346230735,-3.557,-3.207,False,,,,142.2,-0.2,54.4,SLC2A1,-3.21,0.4892367906066536,0.004892367906066536,0.0,0.9,0.9141924959216966,0.3190858215506811,0.3190858215506811,0.0,0.23931436616301083
CHEMBL2095207,CHOLINE C-11,10,0,0,0.2841390057760439,-3.717,-3.2270000000000003,False,,,,103.2,-0.32,20.2,SLC2A1,-3.196,0.40769732550554466,0.004076973255055447,0.0,0.9,0.9141924959216966,0.3187596636902767,0.3187596636902767,0.0,0.2390697477677075
CHEMBL920,CHOLINE,10,0,0,0.2841390057760439,-3.717,-3.2270000000000003,False,Phase 3,acetylcholine precursor,,104.2,-0.32,20.2,SLC2A1,-3.196,0.40769732550554466,0.004076973255055447,0.0,0.9,0.9141924959216966,0.3187596636902767,0.3187596636902767,0.0,0.2390697477677075
CHEMBL2104095,CHOLINE SALICYLATE,10,0,0,0.2841390057760439,-3.717,-3.2270000000000003,False,,,,104.2,-0.32,20.2,SLC2A1,-3.196,0.40769732550554466,0.004076973255055447,0.0,0.9,0.9141924959216966,0.3187596636902767,0.3187596636902767,0.0,0.2390697477677075
CHEMBL1200434,OXTRIPHYLLINE,10,0,0,0.2841390057760439,-3.717,-3.2270000000000003,False,,,,104.2,-0.32,20.2,SLC2A1,-3.196,0.40769732550554466,0.004076973255055447,0.0,0.9,0.9141924959216966,0.3187596636902767,0.3187596636902767,0.0,0.2390697477677075
CHEMBL1863513,INGENOL MEBUTATE,10,0,0,0.28246345004238543,-5.366,-4.495,False,,,,430.5,2.33,104.1,SLC2A1,-5.238,5.348988910632746,0.053489889106327466,0.0,0.8,0.9141924959216966,0.3185248300307855,0.3185248300307855,0.0,0.23889362252308916
CHEMBL2106907,METHIODAL SODIUM,10,0,0,0.28287416014012634,-3.354,-2.9885,False,,,,221.0,-0.08,57.2,SLC2A1,-2.907,0.2609262883235486,0.002609262883235486,0.0,0.9,0.9141924959216966,0.3181725795415487,0.3181725795415487,0.0,0.23862943465616154
CHEMBL1200932,IOPAMIDOL,10,0,0,0.20705065844274775,-7.801,-5.6025,False,Launched,radiopaque medium,contrast agent,777.1,-1.01,188.4,SLC2A1,-7.801,45.23809523809524,0.4523809523809524,0.0,0.0,0.9141924959216966,0.31808125534063547,0.31808125534063547,0.0,0.2385609415054766
CHEMBL975,MESNA,10,0,0,0.28254813752240965,-3.13,-2.848,False,Launched,antioxidant,hemorrhagic cystitis,141.2,-0.54,57.2,SLC2A1,-2.871,0.228310502283105,0.00228310502283105,0.0,0.9,0.9141924959216966,0.31804211639738694,0.31804211639738694,0.0,0.2385315872980402
CHEMBL2096650,SODIUM THIOSULFATE,10,0,0,0.28197443001726735,-2.693,-2.431,False,,,,112.1,-1.01,63.2,SLC2A1,-2.416,0.16307893020221786,0.0016307893020221786,0.0,0.9,0.9141924959216966,0.31778119010906336,0.31778119010906336,0.0,0.23833589258179752
CHEMBL1141,POTASSIUM IODIDE,10,0,0,0.2814789731437499,-1.137,-0.9404,False,,,,126.9,-3.0,0.0,SLC2A1,-0.9394,0.08153946510110893,0.0008153946510110893,0.0,0.9,0.9141924959216966,0.31745503224865895,0.31745503224865895,0.0,0.23809127418649423
CHEMBL1201083,SODIUM IODIDE I 123,10,0,0,0.2814789731437499,-1.137,-0.9404,False,,,,122.9,-3.0,0.0,SLC2A1,-0.9394,0.08153946510110893,0.0008153946510110893,0.0,0.9,0.9141924959216966,0.31745503224865895,0.31745503224865895,0.0,0.23809127418649423
CHEMBL1201084,SODIUM IODIDE I 131,10,0,0,0.2814789731437499,-1.137,-0.9404,False,,,,130.9,-3.0,0.0,SLC2A1,-0.9394,0.08153946510110893,0.0008153946510110893,0.0,0.9,0.9141924959216966,0.31745503224865895,0.31745503224865895,0.0,0.23809127418649423
CHEMBL1644695,SODIUM IODIDE,10,0,0,0.2814789731437499,-1.137,-0.9404,False,,,,126.9,-3.0,0.0,SLC2A1,-0.9394,0.08153946510110893,0.0008153946510110893,0.0,0.9,0.9141924959216966,0.31745503224865895,0.31745503224865895,0.0,0.23809127418649423
CHEMBL476960,VOGLIBOSE,10,0,0,0.272215232178885,-6.517,-5.611,False,Launched,glucosidase inhibitor,diabetes mellitus|hyperglycemia,267.3,-4.49,153.6,SERPINE1,-5.59,40.34146341463415,0.4034146341463415,0.0,0.4,0.5,0.31636585365853664,0.31636585365853664,0.0,0.23727439024390248
CHEMBL1703,METFORMIN HYDROCHLORIDE,10,0,0,0.2672418503308437,-5.197,-4.913,False,,,,129.2,-1.03,89.0,ITPKC,-4.58,30.29363784665579,0.3029363784665579,0.0,0.6,0.5,0.31617455138662315,0.31617455138662315,0.0,0.23713091353996735
CHEMBL1431,METFORMIN,10,0,0,0.2672418503308437,-5.197,-4.913,False,Launched,insulin sensitizer,diabetes mellitus,129.2,-1.03,89.0,ITPKC,-4.58,30.29363784665579,0.3029363784665579,0.0,0.6,0.5,0.31617455138662315,0.31617455138662315,0.0,0.23713091353996735
CHEMBL1200468,MALATHION,10,0,0,0.2765351996626563,-5.102,-4.2595,False,Launched,cholinesterase inhibitor,lice,330.4,2.12,71.1,SLC2A1,-5.102,4.729288975864318,0.04729288975864318,0.0,0.8,0.9141924959216966,0.3160460302917118,0.3160460302917118,0.0,0.23703452271878384
CHEMBL501867,VINCRISTINE SULFATE,9,0,0,0.25590236224882523,-5.814,-4.336,False,,,,825.0,3.52,171.2,ITPKC,-4.565,29.73898858075041,0.2973898858075041,0.0,0.6,0.5,0.31395595432300166,0.31395595432300166,0.0,0.23546696574225123
CHEMBL6068327,ACETYLCYSTEINE LYSINE,10,0,0,0.2864163021812815,-4.917,-4.532500000000001,False,,,,146.2,-0.47,89.3,TNIK,-4.575,7.394711067580803,0.07394711067580803,0.0,0.8,0.8242056993121519,0.313209699167146,0.313209699167146,0.0,0.23490727437535952
CHEMBL1201118,CEFMETAZOLE SODIUM,10,0,0,0.24661846884224495,-6.908,-5.9165,False,,,,470.5,-2.06,166.2,AXL,-5.937,34.93975903614458,0.3493975903614458,0.0,0.2,0.8797731045932484,0.31172500183356555,0.31172500183356555,0.0,0.23379375137517416
CHEMBL601,AMINOLEVULINIC ACID,10,0,0,0.27891569501005187,-4.614,-4.3235,False,,,,131.1,-0.62,80.4,TNIK,-4.472,6.072477962781587,0.06072477962781587,0.0,0.8,0.8242056993121519,0.30792076674794916,0.30792076674794916,0.0,0.23094057506096188
CHEMBL1200582,AMINOLEVULINIC ACID HYDROCHLORIDE,10,0,0,0.27891569501005187,-4.614,-4.3235,False,,,,131.1,-0.62,80.4,TNIK,-4.472,6.072477962781587,0.06072477962781587,0.0,0.8,0.8242056993121519,0.30792076674794916,0.30792076674794916,0.0,0.23094057506096188
CHEMBL1725,IOPROMIDE,10,0,0,0.20163189819054192,-6.897,-5.6515,False,Launched,radiopaque medium,contrast agent,791.1,-0.41,168.7,AXL,-6.252,43.24324324324324,0.4324324324324324,0.0,0.0,0.8797731045932484,0.3049389386619602,0.3049389386619602,0.0,0.22870420399647015
CHEMBL703,SUXAMETHONIUM,10,0,0,0.2632038316288604,-5.003,-4.5625,False,,,,290.4,0.27,52.6,AXL,-4.59,7.994138717030283,0.07994138717030283,0.0,0.7,0.8797731045932484,0.30394252055710835,0.30394252055710835,0.0,0.22795689041783126
CHEMBL983,SUCCINYLCHOLINE CHLORIDE,10,0,0,0.2632038316288604,-5.003,-4.5625,False,,,,290.4,0.27,52.6,AXL,-4.59,7.994138717030283,0.07994138717030283,0.0,0.7,0.8797731045932484,0.30394252055710835,0.30394252055710835,0.0,0.22795689041783126
CHEMBL1757,FOSFOMYCIN,10,0,0,0.2724742188378084,-4.585,-3.9995000000000003,False,Launched,bacterial cell wall synthesis inhibitor,urinary tract infections,138.1,-0.09,70.1,SLC2A1,-4.107,1.5981735159817352,0.01598173515981735,0.0,0.8,0.9141924959216966,0.3035215684521815,0.3035215684521815,0.0,0.2276411763391361
CHEMBL1200345,SODIUM SUCCINATE,10,0,0,0.2707389835198734,-4.284,-4.048,False,,,,117.1,-1.4,77.4,SLC2A1,-4.015,1.2393998695368558,0.012393998695368558,0.0,0.8,0.9141924959216966,0.30208647386640197,0.30208647386640197,0.0,0.22656485539980148
CHEMBL1200614,IOVERSOL,10,0,0,0.18384134259598733,-6.584,-5.32,False,Launched,radiopaque medium,contrast agent,807.1,-2.02,199.9,ITPKC,-5.205,56.672104404567705,0.566721044045677,0.0,0.0,0.5,0.3016884176182708,0.3016884176182708,0.0,0.2262663132137031
CHEMBL1200381,ARGININE HYDROCHLORIDE,10,0,0,0.23996443326254088,-5.575,-5.2055,False,,,,174.2,-1.34,125.2,SERPINE1,-5.484,36.45528455284553,0.36455284552845524,0.0,0.4,0.5,0.3008211382113821,0.3008211382113821,0.0,0.2256158536585366
CHEMBL476,DACARBAZINE,10,0,0,0.2725390608405143,-5.483,-5.0515,False,Launched,DNA alkylating agent,melanoma|Hodgkin's lymphoma,182.2,0.07,99.7,ITPKC,-4.463,25.72593800978793,0.2572593800978793,0.0,0.6,0.5,0.2979037520391517,0.2979037520391517,0.0,0.2234278140293638
CHEMBL44884,ETHAMBUTOL,10,0,0,0.2391454139609408,-5.642,-4.8614999999999995,False,Launched,bacterial cell wall synthesis inhibitor,tuberculosis,204.3,-0.29,64.5,MAPK14,-5.642,20.273794002607563,0.20273794002607562,0.0,0.5,0.778536615334207,0.29787566831056134,0.29787566831056134,0.0,0.223406751232921
CHEMBL3140361,ETHAMBUTOL HYDROCHLORIDE,10,0,0,0.2391454139609408,-5.642,-4.8614999999999995,False,,,,204.3,-0.29,64.5,MAPK14,-5.642,20.273794002607563,0.20273794002607562,0.0,0.5,0.778536615334207,0.29787566831056134,0.29787566831056134,0.0,0.223406751232921
CHEMBL1220,TINIDAZOLE,10,0,0,0.2591109993142494,-5.406,-5.0325,False,Launched,antiprotozoal agent,giardiasis|amebiasis|bacterial vaginosis|trichomoniasis,247.3,0.53,95.1,TNIK,-5.111,13.516160626836434,0.13516160626836435,0.0,0.6,0.8242056993121519,0.2976954974041685,0.2976954974041685,0.0,0.22327162305312637
CHEMBL930,GLUTAMINE,10,0,0,0.25373104554176956,-5.338,-4.619,False,,,,146.1,-1.34,106.4,MAPK14,-5.338,14.895697522816167,0.14895697522816168,0.0,0.6,0.778536615334207,0.2963632823913957,0.2963632823913957,0.0,0.22227246179354676
CHEMBL1201075,IOXILAN,10,0,0,0.1828129372978219,-6.873,-5.3145,False,Launched,radiopaque medium,angiography,791.1,-0.99,179.7,AXL,-6.098,39.49853467925757,0.3949853467925757,0.0,0.0,0.8797731045932484,0.2899601044060175,0.2899601044060175,0.0,0.21747007830451312
CHEMBL2107355,MIGALASTAT HYDROCHLORIDE,10,0,0,0.23073967140519663,-5.77,-4.9215,False,,,,163.2,-2.97,93.0,SERPINE1,-5.41,33.28455284552845,0.33284552845528453,0.0,0.4,0.5,0.2881382113821138,0.2881382113821138,0.0,0.21610365853658536
CHEMBL110458,MIGALASTAT,10,0,0,0.23073967140519663,-5.77,-4.9215,False,,,,163.2,-2.97,93.0,SERPINE1,-5.41,33.28455284552845,0.33284552845528453,0.0,0.4,0.5,0.2881382113821138,0.2881382113821138,0.0,0.21610365853658536
CHEMBL3989844,DEXTROAMPHETAMINE SACCHARATE,10,0,0,0.23058569537083667,-5.528,-4.833,False,,,,210.1,-3.4,155.5,SERPINE1,-5.407,32.97560975609756,0.3297560975609756,0.0,0.4,0.5,0.2869024390243903,0.2869024390243903,0.0,0.2151768292682927
CHEMBL39736,BUFORMIN,10,0,0,0.24121513943133516,-6.006,-5.253500000000001,False,,,,157.2,-0.21,97.8,ITPKC,-4.638,32.75693311582381,0.3275693311582381,0.0,0.4,0.5,0.28602773246329527,0.28602773246329527,0.0,0.21452079934747145
CHEMBL455186,TREOSULFAN,10,0,0,0.2517010987041802,-5.325,-4.631,False,Launched,DNA synthesis inhibitor,ovarian cancer,278.3,-2.34,127.2,TNIK,-4.884,10.414626183480248,0.10414626183480248,0.0,0.6,0.8242056993121519,0.28528935963074376,0.28528935963074376,0.0,0.21396701972305782
CHEMBL1201042,ETIDRONATE DISODIUM,10,0,0,0.24801188142257596,-5.498,-4.5495,False,,,,204.0,-2.26,140.9,SLC2A1,-5.498,6.996086105675146,0.06996086105675146,0.0,0.6,0.9141924959216966,0.2851132188109551,0.2851132188109551,0.0,0.2138349141082163
CHEMBL1580,PENTOSTATIN,10,0,0,0.22405835253018208,-6.173,-4.875,False,Launched,adenosine deaminase inhibitor|ribonucleotide reductase inhibitor,hairy cell leukemia,268.3,-1.18,112.1,ITPKC,-4.612,31.435562805872756,0.3143556280587276,0.0,0.4,0.5,0.28074225122349106,0.28074225122349106,0.0,0.2105566884176183
CHEMBL924,ZOLEDRONIC ACID ANHYDROUS,10,0,0,0.2230836035441759,-6.284,-4.672499999999999,False,,,,272.1,-1.12,153.1,SLC2A1,-6.284,15.41095890410959,0.1541095890410959,0.0,0.4,0.9141924959216966,0.27877271000469284,0.27877271000469284,0.0,0.20907953250351963
CHEMBL4303669,ZOLEDRONIC ACID,10,0,0,0.2230836035441759,-6.284,-4.672499999999999,False,,,,272.1,-1.12,153.1,SLC2A1,-6.284,15.41095890410959,0.1541095890410959,0.0,0.4,0.9141924959216966,0.27877271000469284,0.27877271000469284,0.0,0.20907953250351963
CHEMBL1237066,CALCIUM GLUCEPTATE,10,0,0,0.22701809823853542,-5.672,-4.759,False,,,,225.2,-5.47,161.5,SERPINE1,-5.34,30.796747967479675,0.30796747967479676,0.0,0.4,0.5,0.27818699186991874,0.27818699186991874,0.0,0.20864024390243907
CHEMBL1561,MIGLITOL,10,0,0,0.23110373096977344,-6.08,-4.952999999999999,False,Launched,glucosidase inhibitor,diabetes mellitus,207.2,-3.26,104.4,ITPKC,-4.573,30.0,0.3,0.0,0.4,0.5,0.275,0.275,0.0,0.20625000000000002
CHEMBL730,NITROGLYCERIN,10,0,0,0.23463141451782138,-4.633,-4.163,False,,,,227.1,-1.02,157.1,TNIK,-4.455,5.974534769833497,0.05974534769833497,0.0,0.6,0.8242056993121519,0.26752899397615676,0.26752899397615676,0.0,0.20064674548211758
CHEMBL2105248,POTASSIUM BITARTRATE,10,0,0,0.23388890753423505,-4.906,-3.9175,False,,,,149.1,-3.46,117.9,SLC2A1,-4.457,2.576647097195042,0.025766470971950423,0.0,0.6,0.9141924959216966,0.26743546277703467,0.26743546277703467,0.0,0.200576597082776
CHEMBL2068884,SODIUM GLUCONATE,10,0,0,0.2351676238518013,-5.937,-4.968,False,,,,193.1,-4.46,130.3,MAPK14,-5.457,17.014341590612776,0.17014341590612778,0.0,0.4,0.778536615334207,0.2648378586625822,0.2648378586625822,0.0,0.19862839399693666
CHEMBL1201073,SUCCIMER,10,0,0,0.22992148206203072,-4.418,-3.7805,False,,,,182.2,-0.25,74.6,SLC2A1,-4.254,1.8917155903457272,0.018917155903457272,0.0,0.6,0.9141924959216966,0.2646957367496374,0.2646957367496374,0.0,0.19852180256222807
CHEMBL1977579,STREPTOZOCIN,10,0,0,0.22496147009478343,-5.994,-4.918,False,,,,265.2,-3.05,159.8,SLC2A1,-5.994,11.87214611872146,0.1187214611872146,0.0,0.4,0.9141924959216966,0.26461745886314036,0.26461745886314036,0.0,0.19846309414735527
CHEMBL3989777,TRIENTINE HYDROCHLORIDE,10,0,0,0.2294091978945101,-4.313,-3.822,False,,,,146.2,-1.92,76.1,SLC2A1,-4.066,1.36986301369863,0.0136986301369863,0.0,0.6,0.9141924959216966,0.262608326443049,0.262608326443049,0.0,0.19695624483228674
CHEMBL609,TRIENTINE,10,0,0,0.2294091978945101,-4.313,-3.822,False,Launched,chelating agent,Wilson's disease,146.2,-1.92,76.1,SLC2A1,-4.066,1.36986301369863,0.0136986301369863,0.0,0.6,0.9141924959216966,0.262608326443049,0.262608326443049,0.0,0.19695624483228674
CHEMBL5095420,TRIENTINE TETRAHYDROCHLORIDE,10,0,0,0.2294091978945101,-4.313,-3.822,False,,,,146.2,-1.92,76.1,SLC2A1,-4.066,1.36986301369863,0.0136986301369863,0.0,0.6,0.9141924959216966,0.262608326443049,0.262608326443049,0.0,0.19695624483228674
CHEMBL666,FOSCARNET,10,0,0,0.2295958650427984,-4.302,-3.7495000000000003,False,Launched,DNA polymerase inhibitor,cytomegalovirus retinitis|acquired immunodeficiency syndrome (AIDS)|virus herpes simplex (HSV),126.0,-0.16,94.8,SLC2A1,-4.011,1.2067840834964123,0.012067840834964124,0.0,0.6,0.9141924959216966,0.2619560107222402,0.2619560107222402,0.0,0.19646700804168013
CHEMBL2068864,FLUDEOXYGLUCOSE,10,0,0,0.23066336592399567,-5.61,-5.0655,False,,,,182.1,-2.24,90.2,TNIK,-5.171,14.46294482533464,0.1446294482533464,0.0,0.4,0.8242056993121519,0.26148263419816137,0.26148263419816137,0.0,0.19611197564862104
CHEMBL2030434,FLUDEOXYGLUCOSE F 18,10,0,0,0.23066336592399567,-5.61,-5.0655,False,,,,181.1,-2.24,90.2,TNIK,-5.171,14.46294482533464,0.1446294482533464,0.0,0.4,0.8242056993121519,0.26148263419816137,0.26148263419816137,0.0,0.19611197564862104
CHEMBL1200331,FOSFOMYCIN TROMETHAMINE,10,0,0,0.227228962688923,-4.238,-3.6955,False,,,,121.1,-2.34,86.7,SLC2A1,-3.942,1.0600130463144162,0.010600130463144161,0.0,0.6,0.9141924959216966,0.2613689265735122,0.2613689265735122,0.0,0.19602669493013414
CHEMBL1200391,TROMETHAMINE,10,0,0,0.227228962688923,-4.238,-3.6955,False,,,,121.1,-2.34,86.7,SLC2A1,-3.942,1.0600130463144162,0.010600130463144161,0.0,0.6,0.9141924959216966,0.2613689265735122,0.2613689265735122,0.0,0.19602669493013414
CHEMBL1261,CITRIC ACID,10,0,0,0.21635711986447928,-5.472,-4.813,False,,,,192.1,-1.25,132.1,SERPINE1,-5.224,26.390243902439025,0.26390243902439026,0.0,0.4,0.5,0.2605609756097561,0.2605609756097561,0.0,0.19542073170731708
CHEMBL3989678,PIPERAZINE CITRATE,10,0,0,0.21635711986447928,-5.472,-4.813,False,,,,192.1,-1.25,132.1,SERPINE1,-5.224,26.390243902439025,0.26390243902439026,0.0,0.4,0.5,0.2605609756097561,0.2605609756097561,0.0,0.19542073170731708
CHEMBL3990694,PIPERAZINE CITRATE ANHYDROUS,10,0,0,0.21635711986447928,-5.472,-4.813,False,,,,192.1,-1.25,132.1,SERPINE1,-5.224,26.390243902439025,0.26390243902439026,0.0,0.4,0.5,0.2605609756097561,0.2605609756097561,0.0,0.19542073170731708
CHEMBL1201752,IXABEPILONE,10,0,0,0.21474165221282684,-5.488,-4.9245,False,Launched,microtubule stabilizing agent,breast cancer,506.7,4.05,112.1,AXL,-4.89,12.080755454249429,0.1208075545424943,0.0,0.4,0.8797731045932484,0.26028898750598495,0.26028898750598495,0.0,0.1952167406294887
CHEMBL780,PENTETIC ACID,10,0,0,0.18296314313477224,-6.596,-5.077999999999999,False,,,,393.3,-2.68,196.2,SLC2A1,-6.596,20.352250489236788,0.20352250489236787,0.0,0.2,0.9141924959216966,0.25853787634520164,0.25853787634520164,0.0,0.19390340725890123
CHEMBL2106119,CALCIUM GLUCONATE,10,0,0,0.21504651727898097,-5.822,-4.6215,False,,,,195.1,-4.83,141.3,SLC2A1,-5.822,10.14350945857795,0.10143509458577951,0.0,0.4,0.9141924959216966,0.2577029122225663,0.2577029122225663,0.0,0.19327718416692474
CHEMBL3989569,IBANDRONATE SODIUM,10,0,0,0.19675655366890632,-6.259,-5.616,False,,,,318.2,-0.13,141.4,TNIK,-5.71,23.490042442050278,0.23490042442050277,0.0,0.2,0.8242056993121519,0.2575910246650239,0.2575910246650239,0.0,0.19319326849876794
CHEMBL3989401,PAMIDRONATE DISODIUM,10,0,0,0.20053300497746154,-5.797,-4.2135,False,,,,233.1,-2.93,167.0,SLC2A1,-5.797,9.980430528375733,0.09980430528375733,0.0,0.4,0.9141924959216966,0.25705059650175743,0.25705059650175743,0.0,0.19278794737631808
CHEMBL1749,EDETATE DISODIUM ANHYDROUS,10,0,0,0.21511308991791353,-5.613,-4.811,False,,,,290.2,-4.74,161.3,SERPINE1,-5.172,24.69918699186992,0.24699186991869918,0.0,0.4,0.5,0.2537967479674797,0.2537967479674797,0.0,0.1903475609756098
CHEMBL3989507,EDETATE DISODIUM,10,0,0,0.21511308991791353,-5.613,-4.811,False,,,,290.2,-4.74,161.3,SERPINE1,-5.172,24.69918699186992,0.24699186991869918,0.0,0.4,0.5,0.2537967479674797,0.2537967479674797,0.0,0.1903475609756098
CHEMBL834,PAMIDRONIC ACID,10,0,0,0.21137594967953793,-5.695,-4.5009999999999994,False,,,,235.1,-1.66,161.3,SLC2A1,-5.695,9.001956947162427,0.09001956947162426,0.0,0.4,0.9141924959216966,0.2531367021769042,0.2531367021769042,0.0,0.18985252663267815
CHEMBL1222250,DEXTROSE,10,0,0,0.22870589629610377,-5.668,-4.921,False,Launched,,hypoglycemia,180.2,-3.22,110.4,SLC2A1,-5.668,8.77364644487932,0.0877364644487932,0.0,0.4,0.9141924959216966,0.2522234601677718,0.2522234601677718,0.0,0.18916759512582887
CHEMBL1200829,GLUCONOLACTONE,10,0,0,0.21892342600724976,-5.645,-4.832,False,Launched,,,178.1,-3.01,107.2,SLC2A1,-5.645,8.610567514677104,0.08610567514677105,0.0,0.4,0.9141924959216966,0.25157114444696294,0.25157114444696294,0.0,0.1886783583352222
CHEMBL870,ALENDRONIC ACID,10,0,0,0.21926874944257402,-5.639,-4.7620000000000005,False,,,,249.1,-1.27,161.3,SLC2A1,-5.639,8.512720156555773,0.08512720156555773,0.0,0.4,0.9141924959216966,0.2511797550144776,0.2511797550144776,0.0,0.18838481626085818
CHEMBL675,ALENDRONATE SODIUM,10,0,0,0.2201890511480607,-5.627,-4.7715,False,,,,248.1,-1.91,164.1,SLC2A1,-5.627,8.382257012393998,0.08382257012393998,0.0,0.4,0.9141924959216966,0.2506579024378305,0.2506579024378305,0.0,0.18799342682837286
CHEMBL3989750,GLUCOSAMINE SULFATE,10,0,0,0.222764076715508,-5.548,-4.9215,False,,,,179.2,-3.25,116.2,AXL,-4.71,9.63855421686747,0.0963855421686747,0.0,0.4,0.8797731045932484,0.25052018255645714,0.25052018255645714,0.0,0.18789013691734285
CHEMBL1707007,GLUCOSAMINE HYDROCHLORIDE,10,0,0,0.222764076715508,-5.548,-4.9215,False,,,,179.2,-3.25,116.2,AXL,-4.71,9.63855421686747,0.0963855421686747,0.0,0.4,0.8797731045932484,0.25052018255645714,0.25052018255645714,0.0,0.18789013691734285
CHEMBL1136,TELITHROMYCIN,4,0,0,0.1820517423056791,-5.308,-4.8045,False,Launched,bacterial 30S ribosomal subunit inhibitor|bacterial 50S ribosomal subunit inhibitor,pneumonia,812.0,4.93,171.8,AXL,-5.308,18.625854770433083,0.18625854770433084,0.0,0.2,0.8797731045932484,0.2464693847707196,0.2464693847707196,0.0,0.18485203857803972
CHEMBL2107214,IOMEPROL,10,0,0,0.18381115392811914,-6.625,-5.633,False,,,,777.1,-1.38,179.7,AXL,-5.685,28.54119179420384,0.2854119179420384,0.0,0.0,0.8797731045932484,0.24613073286580262,0.24613073286580262,0.0,0.18459804964935195
CHEMBL689,MANNITOL,10,0,0,0.20607033362840116,-5.356,-4.478999999999999,False,,,,182.2,-3.59,121.4,SLC2A1,-5.356,5.821917808219178,0.05821917808219178,0.0,0.4,0.9141924959216966,0.24041654562113124,0.24041654562113124,0.0,0.18031240921584843
CHEMBL997,IBANDRONIC ACID,10,0,0,0.1999189089153446,-6.314,-5.352,False,,,,319.2,0.5,138.5,SLC2A1,-6.314,15.78604044357469,0.1578604044357469,0.0,0.2,0.9141924959216966,0.24027303616255324,0.24027303616255324,0.0,0.18020477712191493
CHEMBL2105675,TAFAMIDIS MEGLUMINE,10,0,0,0.2099176030213273,-5.33,-4.6695,False,,,,195.2,-3.36,113.2,SLC2A1,-5.33,5.65883887801696,0.0565883887801696,0.0,0.4,0.9141924959216966,0.23976422990032237,0.23976422990032237,0.0,0.17982317242524176
CHEMBL1200570,MEGLUMINE,10,0,0,0.2099176030213273,-5.33,-4.6695,False,Launched,excipient,,195.2,-3.36,113.2,SLC2A1,-5.33,5.65883887801696,0.0565883887801696,0.0,0.4,0.9141924959216966,0.23976422990032237,0.23976422990032237,0.0,0.17982317242524176
CHEMBL1200839,DIATRIZOATE MEGLUMINE,10,0,0,0.2099176030213273,-5.33,-4.6695,False,,,,195.2,-3.36,113.2,SLC2A1,-5.33,5.65883887801696,0.0565883887801696,0.0,0.4,0.9141924959216966,0.23976422990032237,0.23976422990032237,0.0,0.17982317242524176
CHEMBL1201125,IOTHALAMATE MEGLUMINE,10,0,0,0.2099176030213273,-5.33,-4.6695,False,,,,195.2,-3.36,113.2,SLC2A1,-5.33,5.65883887801696,0.0565883887801696,0.0,0.4,0.9141924959216966,0.23976422990032237,0.23976422990032237,0.0,0.17982317242524176
CHEMBL871,ETIDRONIC ACID,10,0,0,0.21225690613286247,-5.456,-4.423,False,,,,206.0,-0.99,135.3,SLC2A1,-5.279,5.47945205479452,0.0547945205479452,0.0,0.4,0.9141924959216966,0.2390466826074326,0.2390466826074326,0.0,0.17928501195557445
CHEMBL1236821,XYLOSE,10,0,0,0.19696924973929894,-5.095,-4.205,False,Launched,,,150.1,-2.74,98.0,SLC2A1,-5.095,4.6966731898238745,0.046966731898238745,0.0,0.4,0.9141924959216966,0.23591556714755002,0.23591556714755002,0.0,0.17693667536066252
CHEMBL1682,SORBITOL,10,0,0,0.20813643414914634,-5.218,-4.471,False,Launched,mucolytic agent,constipation,182.2,-3.59,121.4,SLC2A1,-4.991,4.403131115459883,0.04403131115459882,0.0,0.4,0.9141924959216966,0.23474139885009404,0.23474139885009404,0.0,0.17605604913757053
CHEMBL2109882,TRISILICATE,10,0,0,0.2069944101447801,-4.931,-4.314,False,,,,216.3,-3.74,133.5,SLC2A1,-4.931,4.207436399217221,0.04207436399217221,0.0,0.4,0.9141924959216966,0.2339586199851234,0.2339586199851234,0.0,0.17546896498884257
CHEMBL18442,PLERIXAFOR,10,0,0,0.18948487001916003,-4.845,-3.806,False,Launched,CC chemokine receptor antagonist,non-Hodgkin lymphoma (NHL)|multiple myeloma,502.8,0.42,78.7,SLC2A1,-4.845,4.10958904109589,0.0410958904109589,0.0,0.4,0.9141924959216966,0.23356723055263806,0.23356723055263806,0.0,0.17517542291447855
CHEMBL1741,CLARITHROMYCIN,6,0,0,0.20920795380951404,-5.702,-4.9585,False,Launched,bacterial 50S ribosomal subunit inhibitor,pharyngitis|tonsillitis|sinusitis|bronchitis|pneumonia|skin infections|otitis,748.0,2.44,182.9,ACVR1,-5.248,8.32520325203252,0.08325203252032519,0.0,0.4,0.7969667318982387,0.23284582279286592,0.23284582279286592,0.0,0.17463436709464944
CHEMBL1006,AMIFOSTINE,10,0,0,0.2018384657252909,-4.814,-4.302,False,Launched,reducing agent,renal toxicity,214.2,-0.25,95.6,SLC2A1,-4.814,3.7508153946510108,0.03750815394651011,0.0,0.4,0.9141924959216966,0.23213213596685855,0.23213213596685855,0.0,0.17409910197514392
CHEMBL1201748,CABAZITAXEL,1,0,0,0.23115476588229678,-6.197,-6.197,False,Launched,microtubule inhibitor,prostate cancer,835.9,4.57,202.4,ACVR1,-6.197,17.902439024390244,0.17902439024390243,0.0,0.2,0.7969667318982387,0.23115476588229678,0.23115476588229678,0.0,0.17336607441172258
CHEMBL1236315,TARTARIC ACID,10,0,0,0.20084644521164274,-4.833,-4.286,False,,,,150.1,-2.12,115.1,SLC2A1,-4.646,3.277886497064579,0.03277886497064579,0.0,0.4,0.9141924959216966,0.23024042037651282,0.23024042037651282,0.0,0.17268031528238462
CHEMBL1200577,CYSTEAMINE BITARTRATE,10,0,0,0.20084644521164274,-4.833,-4.286,False,,,,150.1,-2.12,115.1,SLC2A1,-4.646,3.277886497064579,0.03277886497064579,0.0,0.4,0.9141924959216966,0.23024042037651282,0.23024042037651282,0.0,0.17268031528238462
CHEMBL2220427,ERYTHROMYCIN PROPIONATE,1,0,0,0.2171059853944919,-5.898,-5.898,False,,,,790.0,2.75,200.0,ACVR1,-5.898,14.390243902439023,0.14390243902439023,0.0,0.2,0.7969667318982387,0.2171059853944919,0.2171059853944919,0.0,0.16282948904586894
CHEMBL2218877,ERYTHROMYCIN ESTOLATE,3,0,0,0.16522674276437943,-5.898,-5.599,False,,,,790.0,2.75,200.0,ACVR1,-5.898,14.390243902439023,0.14390243902439023,0.0,0.2,0.7969667318982387,0.2171059853944919,0.2171059853944919,0.0,0.16282948904586894
